time,+/Nck/!SD/nckServoDataActCurr32 [u1; 1],+/Nck/!SD/nckServoDataActCurr32 [u1; 2],+/Nck/!SD/nckServoDataActCurr32 [u1; 4],+/Nck/!SD/nckServoDataActPos1stEnc32 [u1; 2],+/Nck/!SD/nckServoDataActPos1stEnc32 [u1; 3],+/Nck/!SD/nckServoDataActVelMot32 [u1; 4],+/Channel/!RP/rpa [u1; 15],+/Nck/!SD/nckServoDataActCurr32 [u1; 3],+/Nck/!SD/nckServoDataActPos1stEnc32 [u1; 1]
0.000000,0.194820,-0.448610,2.204590,139.198730,-342.681760,77120.859380,1.000000,3.080020,-341.316770
0.002000,0.193540,-0.448610,2.050780,139.198730,-342.682010,77271.687500,,3.083860,-341.316770
0.004000,0.189700,-0.447330,1.927730,139.198730,-342.682190,77321.257810,,3.081300,-341.316770
0.006000,0.189700,-0.446040,1.712400,139.198750,-342.682310,77415.117190,,3.077450,-341.316800
0.008000,0.188420,-0.446040,1.630370,139.198760,-342.682430,77370.820310,1.000000,3.076170,-341.316800
0.010000,0.185850,-0.447330,1.548340,139.198780,-342.682500,77404.578130,,3.069760,-341.316800
0.012000,0.185850,-0.447330,1.650880,139.198790,-342.682590,77289.617190,,3.064640,-341.316830
0.014000,0.183290,-0.449890,1.896970,139.198810,-342.682620,77169.382810,,3.059510,-341.316830
0.016000,0.180730,-0.453740,1.989260,139.198810,-342.682680,77167.265630,1.000000,3.055660,-341.316830
0.018000,0.179440,-0.456300,1.784180,139.198810,-342.682740,77331.804690,,3.055660,-341.316830
0.020000,0.178160,-0.426820,1.825200,139.198810,-342.682830,77236.875000,,3.056950,-341.316860
0.022000,0.178160,-0.058960,1.691890,139.199400,-342.682920,77139.851560,,3.060790,-341.316860
0.024000,0.176880,-0.006410,1.876460,139.200810,-342.683010,77296.992190,1.000000,3.067200,-341.316860
0.026000,0.178160,0.052550,2.030270,139.202150,-342.683140,77235.828130,,3.071040,-341.316860
0.028000,0.178160,0.224300,2.173830,139.203370,-342.683200,77475.234380,,3.078740,-341.316860
0.030000,0.175600,0.397340,1.937990,139.204960,-342.683290,77752.617190,,3.085140,-341.316860
0.032000,0.176880,0.528080,1.835450,139.207290,-342.683350,77270.625000,1.000000,3.094120,-341.316860
0.034000,0.176880,0.660100,1.599610,139.210480,-342.683440,77417.226560,,3.105650,-341.316860
0.036000,0.175600,0.801090,1.671390,139.214630,-342.683470,77394.031250,,3.108220,-341.316860
0.036000,0.175600,0.801090,1.671390,139.214630,-342.683470,77394.031250,,3.108220,-341.316860
0.038000,0.175600,0.960020,1.866210,139.219920,-342.683470,77278.015630,,3.103090,-341.316890
0.040000,0.175600,1.111270,1.907230,139.226590,-342.683470,77288.562500,1.000000,3.105650,-341.316890
0.042000,0.175600,1.225340,1.999510,139.234820,-342.683470,77224.218750,,3.104370,-341.316890
0.044000,0.174320,1.308650,1.866210,139.244810,-342.683470,77260.085940,,3.100520,-341.316890
0.046000,0.175600,1.352230,1.702150,139.256560,-342.683500,77190.468750,,3.100520,-341.316890
0.048000,0.175600,1.344540,1.671390,139.269990,-342.683530,77339.187500,1.000000,3.104370,-341.316890
0.050000,0.174320,1.302250,1.620120,139.284930,-342.683560,77686.179690,,3.109500,-341.316890
0.052000,0.174320,1.236880,1.681640,139.301160,-342.683590,77512.148440,,3.117190,-341.316890
0.054000,0.174320,1.159970,1.896970,139.318420,-342.683650,77308.601560,,3.128720,-341.316890
0.056000,0.173030,1.077940,2.122560,139.336490,-342.683690,77782.148440,1.000000,3.137700,-341.316890
0.058000,0.173030,0.998470,2.040530,139.355120,-342.683690,77284.335940,,3.147950,-341.316930
0.060000,0.173030,0.916440,1.732910,139.374110,-342.683690,77329.687500,,3.156920,-341.316930
0.062000,0.173030,0.834410,1.671390,139.393310,-342.683690,77341.289060,,3.162050,-341.316930
0.064000,0.173030,0.762630,1.691890,139.412540,-342.683690,77314.921880,1.000000,3.168460,-341.316930
0.066000,0.174320,0.701110,2.050780,139.431690,-342.683690,77039.656250,,3.174870,-341.316960
0.068000,0.174320,0.649840,1.989260,139.450700,-342.683690,77485.789060,,3.179990,-341.316930
0.070000,0.174320,0.608830,2.184080,139.469590,-342.683690,77382.421880,,3.181270,-341.316930
0.072000,0.175600,0.576780,1.876460,139.488360,-342.683690,77433.054690,1.000000,3.182560,-341.316960
0.074000,0.174320,0.549870,1.538090,139.507020,-342.683650,77426.718750,,3.186400,-341.316930
0.076000,0.175600,0.534480,1.568850,139.525560,-342.683650,77503.710940,,3.187680,-341.316930
0.078000,0.174320,0.525510,1.435550,139.544020,-342.683650,77401.406250,,3.190250,-341.316930
0.080000,0.175600,0.521670,1.353520,139.562410,-342.683650,77484.726560,1.000000,3.196660,-341.316930
0.082000,0.175600,0.513980,1.886720,139.580830,-342.683620,77259.031250,,3.199220,-341.316930
0.084000,0.176880,0.499880,2.173830,139.599260,-342.683620,77326.523440,,3.204350,-341.316930
0.086000,0.175600,0.478090,2.122560,139.617750,-342.683620,77009.070310,,3.209470,-341.316930
0.088000,0.175600,0.449890,1.907230,139.636310,-342.683590,77342.343750,1.000000,3.214600,-341.316930
0.090000,0.174320,0.416560,1.876460,139.654910,-342.683590,77457.304690,,3.221010,-341.316930
0.092000,0.174320,0.376830,1.722660,139.673570,-342.683590,77291.718750,,3.223570,-341.316930
0.094000,0.174320,0.334530,1.702150,139.692280,-342.683560,77465.742190,,3.226140,-341.316930
0.096000,0.174320,0.306340,1.907230,139.710940,-342.683560,77781.093750,1.000000,3.227420,-341.316930
0.098000,0.175600,0.287110,1.896970,139.729570,-342.683560,77317.039060,,3.227420,-341.316930
0.100000,0.176880,0.275570,1.702150,139.748150,-342.683560,77863.359380,,3.228700,-341.316930
0.102000,0.175600,0.280700,1.579100,139.766650,-342.683560,77362.390630,,3.229980,-341.316930
0.104000,0.176880,0.305050,1.712400,139.785080,-342.683560,77245.320310,1.000000,3.229980,-341.316930
0.106000,0.178160,0.346070,1.476560,139.803410,-342.683560,77269.570310,,3.233830,-341.316930
0.108000,0.179440,0.401180,1.661130,139.821670,-342.683560,77347.625000,,3.236390,-341.316930
0.110000,0.180730,0.458860,1.907230,139.839950,-342.683560,77323.359380,,3.240230,-341.316930
0.112000,0.180730,0.510130,2.317380,139.858310,-342.683560,77382.421880,1.000000,3.245360,-341.316930
0.114000,0.183290,0.556270,2.071290,139.876720,-342.683560,77389.812500,,3.251770,-341.316930
0.116000,0.183290,0.604980,1.989260,139.895250,-342.683530,77538.523440,,3.256900,-341.316890
0.118000,0.183290,0.644710,1.609860,139.913890,-342.683530,77285.390630,,3.263310,-341.316890
0.120000,0.183290,0.666500,1.568850,139.932690,-342.683530,77738.906250,1.000000,3.267150,-341.316890
0.122000,0.184570,0.672910,1.722660,139.951690,-342.683500,77543.796880,,3.272280,-341.316890
0.124000,0.184570,0.671630,1.896970,139.970790,-342.683500,77276.953130,,3.276120,-341.316890
0.126000,0.183290,0.665220,1.907230,139.989970,-342.683500,77308.601560,,3.279970,-341.316890
0.128000,0.183290,0.662660,1.937990,140.009190,-342.683470,77446.757810,1.000000,3.283810,-341.316890
0.130000,0.182010,0.665220,1.712400,140.028380,-342.683470,77100.828130,,3.287660,-341.316890
0.132000,0.182010,0.666500,1.702150,140.047580,-342.683470,77362.390630,,3.292790,-341.316930
0.134000,0.180730,0.670350,1.517580,140.066740,-342.683440,77438.320310,,3.295350,-341.316930
0.136000,0.178160,0.676760,1.732910,140.085860,-342.683440,77175.703130,1.000000,3.297910,-341.316930
0.138000,0.178160,0.684450,1.917480,140.104950,-342.683440,77568.054690,,3.304320,-341.316930
0.140000,0.176880,0.698550,2.348140,140.124010,-342.683440,77669.304690,,3.308170,-341.316930
0.142000,0.175600,0.706240,2.102050,140.143080,-342.683410,77513.210940,,3.313290,-341.316930
0.144000,0.175600,0.703670,1.968750,140.162160,-342.683410,77603.906250,1.000000,3.318420,-341.316930
0.146000,0.174320,0.695980,1.732910,140.181290,-342.683410,77438.320310,,3.322270,-341.316930
0.148000,0.173030,0.683170,1.722660,140.200420,-342.683410,77416.171880,,3.328670,-341.316930
0.150000,0.171750,0.663940,1.794430,140.219600,-342.683380,77260.085940,,3.333800,-341.316960
0.152000,0.171750,0.629330,1.825200,140.238830,-342.683380,77281.179690,1.000000,3.338930,-341.316960
0.154000,0.170470,0.583190,2.081540,140.258120,-342.683350,77342.343750,,3.341490,-341.316960
0.156000,0.169190,0.538330,1.979000,140.277440,-342.683320,77156.726560,,3.344060,-341.316960
0.158000,0.167910,0.496030,1.732910,140.296720,-342.683320,77291.718750,,3.346620,-341.316960
0.160000,0.167910,0.457580,1.691890,140.315960,-342.683290,77628.171880,1.000000,3.349180,-341.316960
0.162000,0.166630,0.425540,1.435550,140.335140,-342.683290,77442.539060,,3.350460,-341.316960
0.164000,0.167910,0.396060,1.548340,140.354280,-342.683290,77379.265630,,3.353030,-341.316960
0.166000,0.166630,0.374270,1.773930,140.373290,-342.683290,77558.554690,,3.355590,-341.316960
0.168000,0.166630,0.362730,2.245610,140.392210,-342.683290,77274.851560,1.000000,3.356870,-341.316960
0.170000,0.165340,0.361450,2.143070,140.411030,-342.683290,77229.500000,,3.359440,-341.316960
0.172000,0.164060,0.364010,1.958500,140.429780,-342.683290,77323.359380,,3.362000,-341.316990
0.174000,0.164060,0.371700,1.835450,140.448460,-342.683260,77309.648440,,3.364560,-341.316960
0.176000,0.164060,0.385800,1.784180,140.467120,-342.683260,77192.585940,1.000000,3.364560,-341.316990
0.178000,0.164060,0.403750,1.937990,140.485720,-342.683260,77333.914060,,3.368410,-341.316990
0.180000,0.165340,0.428100,2.009770,140.504320,-342.683260,77295.937500,,3.370970,-341.316990
0.182000,0.165340,0.452450,1.948240,140.522950,-342.683230,77459.414060,,3.373540,-341.316990
0.184000,0.165340,0.479370,1.948240,140.541580,-342.683230,77480.515630,1.000000,3.376100,-341.316990
0.186000,0.165340,0.510130,1.712400,140.560180,-342.683230,77738.906250,,3.378660,-341.316990
0.188000,0.165340,0.549870,1.712400,140.578780,-342.683200,77379.265630,,3.382510,-341.316990
0.190000,0.166630,0.599850,1.486820,140.597370,-342.683200,77255.859380,,3.386350,-341.316990
0.192000,0.166630,0.649840,1.548340,140.615950,-342.683200,77424.617190,1.000000,3.388920,-341.316990
0.194000,0.167910,0.689580,1.948240,140.634610,-342.683200,77515.312500,,3.392760,-341.316990
0.196000,0.166630,0.717770,2.153320,140.653370,-342.683170,77148.281250,,3.396610,-341.316990
0.198000,0.167910,0.734440,2.143070,140.672240,-342.683170,77496.328130,,3.399170,-341.316990
0.200000,0.169190,0.735720,2.071290,140.691240,-342.683140,77167.265630,1.000000,3.401730,-341.316990
0.202000,0.169190,0.730590,1.743160,140.710340,-342.683140,77266.406250,,3.403020,-341.316990
0.204000,0.169190,0.716490,1.732910,140.729570,-342.683140,77383.476560,,3.405580,-341.316990
0.206000,0.167910,0.695980,1.722660,140.748860,-342.683140,77537.468750,,3.409420,-341.316990
0.208000,0.169190,0.666500,1.743160,140.768220,-342.683140,77346.570310,1.000000,3.411990,-341.316990
0.210000,0.169190,0.631900,1.661130,140.787640,-342.683140,77574.382810,,3.414550,-341.316990
0.212000,0.169190,0.602420,1.743160,140.807040,-342.683140,77191.523440,,3.419680,-341.316990
0.214000,0.170470,0.587040,1.845700,140.826350,-342.683110,77361.335940,,3.422240,-341.316990
0.216000,0.170470,0.580630,1.773930,140.845600,-342.683110,77193.632810,1.000000,3.426090,-341.316990
0.218000,0.171750,0.575500,1.548340,140.864790,-342.683110,77224.218750,,3.429930,-341.316990
0.220000,0.171750,0.569090,1.814940,140.883930,-342.683070,77178.867190,,3.432500,-341.316990
0.222000,0.173030,0.561400,1.835450,140.903050,-342.683070,77143.015630,,3.436340,-341.316990
0.222000,0.173030,0.561400,1.835450,140.903050,-342.683070,77143.015630,,3.436340,-341.316990
0.224000,0.175600,0.549870,2.122560,140.922150,-342.683040,77406.687500,1.000000,3.438900,-341.316990
0.226000,0.175600,0.538330,2.163570,140.941220,-342.683040,77549.062500,,3.440190,-341.316990
0.228000,0.176880,0.537050,1.989260,140.960240,-342.683010,77204.187500,,3.442750,-341.316960
0.230000,0.178160,0.544740,1.763670,140.979170,-342.683010,77632.390630,,3.444030,-341.316960
0.232000,0.178160,0.566530,1.876460,140.998030,-342.683010,77345.515630,1.000000,3.445310,-341.316960
0.234000,0.180730,0.587040,1.907230,141.016850,-342.683010,77301.218750,,3.447880,-341.316960
0.236000,0.180730,0.599850,1.732910,141.035660,-342.683010,77457.304690,,3.450440,-341.316960
0.238000,0.182010,0.604980,1.743160,141.054500,-342.683010,77339.187500,,3.453000,-341.316960
0.240000,0.182010,0.601140,1.835450,141.073360,-342.682980,76995.359380,1.000000,3.454280,-341.316960
0.242000,0.183290,0.594730,1.773930,141.092270,-342.682980,77189.421880,,3.455570,-341.316930
0.244000,0.184570,0.585750,1.681640,141.111210,-342.682950,77382.421880,,3.456850,-341.316960
0.246000,0.183290,0.574220,1.609860,141.130170,-342.682950,77409.851560,,3.456850,-341.316930
0.248000,0.185850,0.557560,1.640630,141.149170,-342.682950,77418.289060,1.000000,3.458130,-341.316930
0.250000,0.184570,0.542180,1.702150,141.168180,-342.682950,77571.218750,,3.459410,-341.316930
0.252000,0.184570,0.525510,1.937990,141.187190,-342.682950,77471.015630,,3.460690,-341.316930
0.254000,0.184570,0.510130,2.040530,141.206210,-342.682920,77318.093750,,3.461980,-341.316930
0.256000,0.183290,0.492190,1.845700,141.225220,-342.682920,77281.179690,1.000000,3.465820,-341.316930
0.258000,0.182010,0.479370,1.845700,141.244190,-342.682920,77311.757810,,3.467100,-341.316930
0.260000,0.182010,0.474240,1.825200,141.263120,-342.682920,77097.664060,,3.469670,-341.316930
0.262000,0.180730,0.470400,1.937990,141.282040,-342.682920,77115.593750,,3.473510,-341.316960
0.264000,0.180730,0.470400,1.712400,141.300950,-342.682890,77408.796880,1.000000,3.474790,-341.316960
0.266000,0.179440,0.472960,1.948240,141.319870,-342.682890,77195.742190,,3.476070,-341.316960
0.268000,0.179440,0.480650,1.712400,141.338780,-342.682890,77395.078130,,3.478640,-341.316960
0.270000,0.178160,0.492190,1.825200,141.357670,-342.682890,77581.757810,,3.479920,-341.316960
0.272000,0.175600,0.511410,1.763670,141.376540,-342.682860,77177.812500,1.000000,3.481200,-341.316960
0.274000,0.175600,0.537050,1.497070,141.395360,-342.682860,77459.414060,,3.481200,-341.316960
0.276000,0.173030,0.567810,1.548340,141.414150,-342.682860,77554.335940,,3.483760,-341.316960
0.278000,0.171750,0.604980,1.691890,141.432910,-342.682860,77199.968750,,3.486330,-341.316960
0.280000,0.170470,0.640870,1.784180,141.451660,-342.682860,77346.570310,1.000000,3.487610,-341.316960
0.282000,0.169190,0.663940,2.276370,141.470460,-342.682860,77201.023440,,3.488890,-341.316990
0.284000,0.166630,0.675480,2.173830,141.489360,-342.682860,77275.906250,,3.488890,-341.316990
0.286000,0.166630,0.676760,2.009770,141.508330,-342.682860,77182.031250,,3.490170,-341.316990
0.288000,0.165340,0.672910,1.896970,141.527400,-342.682830,77429.882810,1.000000,3.491460,-341.316990
0.290000,0.164060,0.665220,1.845700,141.546510,-342.682830,77610.242190,,3.492740,-341.316990
0.292000,0.164060,0.654970,1.599610,141.565670,-342.682830,77398.242190,,3.494020,-341.316990
0.294000,0.162780,0.640870,1.579100,141.584870,-342.682830,77341.289060,,3.496580,-341.316990
0.296000,0.164060,0.628050,1.620120,141.604050,-342.682830,77765.273440,1.000000,3.497860,-341.316990
0.298000,0.164060,0.619080,1.814940,141.623200,-342.682830,77343.398440,,3.500430,-341.316990
0.300000,0.165340,0.620360,1.650880,141.642270,-342.682830,77441.484380,,3.502990,-341.316990
0.302000,0.165340,0.628050,1.671390,141.661270,-342.682800,77397.195310,,3.506840,-341.316990
0.304000,0.166630,0.639590,1.722660,141.680240,-342.682800,77162.000000,1.000000,3.509400,-341.316990
0.306000,0.167910,0.648560,1.773930,141.699170,-342.682770,77108.203130,,3.511960,-341.316990
0.308000,0.170470,0.646000,1.896970,141.718140,-342.682770,77487.890630,,3.511960,-341.316990
0.310000,0.170470,0.635740,2.163570,141.737140,-342.682770,77330.750000,,3.513240,-341.316990
0.312000,0.171750,0.621640,2.132810,141.756200,-342.682740,77445.703130,1.000000,3.514530,-341.316990
0.314000,0.171750,0.602420,1.825200,141.775250,-342.682740,77471.015630,,3.514530,-341.316990
0.316000,0.173030,0.589600,1.937990,141.794310,-342.682740,77603.906250,,3.514530,-341.316990
0.318000,0.173030,0.584470,1.784180,141.813320,-342.682740,77491.062500,,3.515810,-341.316990
0.320000,0.175600,0.581910,1.404790,141.832310,-342.682740,77571.218750,1.000000,3.515810,-341.316990
0.322000,0.175600,0.583190,1.661130,141.851260,-342.682740,77321.257810,,3.518370,-341.316990
0.324000,0.176880,0.583190,1.609860,141.870190,-342.682740,77275.906250,,3.518370,-341.316990
0.326000,0.176880,0.581910,1.866210,141.889140,-342.682740,77032.265630,,3.520940,-341.316990
0.328000,0.178160,0.579350,1.845700,141.908080,-342.682740,77461.523440,1.000000,3.520940,-341.316990
0.330000,0.176880,0.572940,1.763670,141.927030,-342.682740,77437.273440,,3.520940,-341.316960
0.332000,0.176880,0.565250,1.743160,141.946010,-342.682710,77247.429690,,3.523500,-341.316960
0.334000,0.178160,0.553710,1.568850,141.965010,-342.682710,77433.054690,,3.523500,-341.316990
0.336000,0.176880,0.539610,1.855960,141.984020,-342.682710,77559.609380,1.000000,3.523500,-341.316960
0.338000,0.178160,0.526790,2.050780,142.003040,-342.682710,77411.953130,,3.524780,-341.316990
0.340000,0.178160,0.520390,1.876460,142.022020,-342.682710,77839.101560,,3.526060,-341.316960
0.342000,0.176880,0.519100,1.907230,142.040970,-342.682710,77480.515630,,3.526060,-341.316990
0.344000,0.176880,0.520390,2.040530,142.059910,-342.682710,77291.718750,1.000000,3.528630,-341.316990
0.346000,0.176880,0.521670,1.886720,142.078800,-342.682710,77220.007810,,3.529910,-341.316990
0.348000,0.175600,0.526790,1.558590,142.097670,-342.682680,77367.656250,,3.531190,-341.316990
0.350000,0.175600,0.540890,1.845700,142.116530,-342.682680,76937.351560,,3.532470,-341.316990
0.352000,0.175600,0.553710,1.681640,142.135380,-342.682680,77395.078130,1.000000,3.532470,-341.316990
0.354000,0.176880,0.563960,1.917480,142.154240,-342.682680,77364.500000,,3.535030,-341.316990
0.356000,0.175600,0.579350,1.907230,142.173110,-342.682650,77730.476560,,3.533750,-341.316990
0.358000,0.174320,0.602420,1.732910,142.191940,-342.682650,77398.242190,,3.535030,-341.316990
0.360000,0.175600,0.638310,1.620120,142.210690,-342.682650,77630.273440,1.000000,3.537600,-341.316990
0.362000,0.175600,0.683170,1.640630,142.229390,-342.682650,77622.898440,,3.537600,-341.316990
0.364000,0.175600,0.713930,1.691890,142.248120,-342.682650,77271.687500,,3.537600,-341.316990
0.366000,0.175600,0.733150,2.020020,142.266910,-342.682650,77324.414060,,3.540160,-341.316990
0.368000,0.176880,0.740840,2.132810,142.285810,-342.682650,77477.351560,1.000000,3.541440,-341.316990
0.370000,0.176880,0.738280,2.132810,142.304790,-342.682650,77021.718750,,3.542720,-341.316990
0.372000,0.178160,0.726750,2.050780,142.323870,-342.682620,77211.562500,,3.542720,-341.316990
0.374000,0.176880,0.701110,1.835450,142.343060,-342.682620,77441.484380,,3.544010,-341.316990
0.376000,0.178160,0.665220,1.620120,142.362350,-342.682620,77287.507810,1.000000,3.544010,-341.316990
0.376000,0.178160,0.665220,1.620120,142.362350,-342.682620,77287.507810,1.000000,3.544010,-341.316990
0.378000,0.179440,0.629330,1.640630,142.381670,-342.682620,77442.539060,,3.545290,-341.316990
0.380000,0.179440,0.601140,1.609860,142.400990,-342.682620,77515.312500,,3.545290,-341.316990
0.382000,0.182010,0.575500,1.814940,142.420260,-342.682620,77507.937500,,3.547850,-341.316960
0.384000,0.182010,0.554990,1.999510,142.439510,-342.682620,77485.789060,1.000000,3.549130,-341.316960
0.386000,0.182010,0.537050,1.753420,142.458680,-342.682590,77408.796880,,3.551700,-341.316960
0.388000,0.183290,0.531920,1.763670,142.477770,-342.682590,77302.273440,,3.552980,-341.316960
0.390000,0.183290,0.534480,1.835450,142.496730,-342.682590,77322.304690,,3.552980,-341.316960
0.392000,0.184570,0.543460,1.845700,142.515660,-342.682590,77148.281250,1.000000,3.555540,-341.316960
0.394000,0.184570,0.539610,2.194340,142.534590,-342.682590,77428.828130,,3.554260,-341.316960
0.396000,0.185850,0.530640,2.255860,142.553540,-342.682590,77266.406250,,3.554260,-341.316960
0.398000,0.184570,0.525510,2.132810,142.572480,-342.682590,77484.726560,,3.554260,-341.316960
0.400000,0.184570,0.526790,2.163570,142.591370,-342.682590,77541.679690,1.000000,3.552980,-341.316960
0.402000,0.184570,0.535770,1.896970,142.610240,-342.682590,77406.687500,,3.554260,-341.316960
0.404000,0.185850,0.553710,1.599610,142.629040,-342.682590,77459.414060,,3.554260,-341.316960
0.406000,0.184570,0.574220,1.568850,142.647800,-342.682590,77678.789060,,3.555540,-341.316960
0.408000,0.185850,0.590880,1.650880,142.666550,-342.682590,77271.687500,1.000000,3.555540,-341.316960
0.410000,0.185850,0.611390,1.712400,142.685290,-342.682590,77389.812500,,3.556820,-341.316960
0.412000,0.184570,0.629330,1.804690,142.704030,-342.682560,77308.601560,,3.559390,-341.316960
0.414000,0.184570,0.642150,1.825200,142.722790,-342.682560,77327.578130,,3.558110,-341.316960
0.416000,0.182010,0.649840,1.825200,142.741620,-342.682560,77206.289060,1.000000,3.559390,-341.316960
0.418000,0.182010,0.651120,1.784180,142.760510,-342.682560,77370.820310,,3.560670,-341.316960
0.420000,0.182010,0.642150,1.937990,142.779460,-342.682560,77216.843750,,3.560670,-341.316960
0.422000,0.180730,0.628050,1.886720,142.798490,-342.682560,77415.117190,,3.560670,-341.316960
0.424000,0.180730,0.606260,2.020020,142.817580,-342.682560,77491.062500,1.000000,3.560670,-341.316960
0.426000,0.178160,0.584470,2.071290,142.836690,-342.682560,77692.500000,,3.559390,-341.316960
0.428000,0.178160,0.567810,2.153320,142.855770,-342.682530,77403.523440,,3.559390,-341.316960
0.430000,0.176880,0.560120,1.907230,142.874850,-342.682530,77160.937500,,3.561950,-341.316960
0.432000,0.175600,0.551150,1.507320,142.893910,-342.682530,77376.101560,1.000000,3.561950,-341.316960
0.434000,0.174320,0.543460,1.855960,142.912960,-342.682530,77400.351560,,3.563230,-341.316990
0.436000,0.173030,0.533200,1.620120,142.932010,-342.682530,77082.898440,,3.563230,-341.316990
0.438000,0.173030,0.529360,1.845700,142.951070,-342.682530,77447.820310,,3.564510,-341.316990
0.440000,0.173030,0.526790,2.102050,142.970090,-342.682530,77189.421880,1.000000,3.564510,-341.316990
0.442000,0.170470,0.530640,1.835450,142.989110,-342.682530,77290.671880,,3.564510,-341.316990
0.444000,0.170470,0.538330,1.845700,143.008090,-342.682530,77589.140630,,3.564510,-341.316990
0.446000,0.169190,0.554990,1.763670,143.026990,-342.682530,77346.570310,,3.564510,-341.316990
0.448000,0.170470,0.580630,1.794430,143.045820,-342.682530,77352.890630,1.000000,3.564510,-341.316990
0.450000,0.169190,0.610110,1.835450,143.064610,-342.682530,77407.734380,,3.565800,-341.316990
0.452000,0.170470,0.638310,2.040530,143.083340,-342.682500,77430.937500,,3.568360,-341.316990
0.454000,0.169190,0.660100,2.081540,143.102140,-342.682500,77437.273440,,3.569640,-341.316990
0.456000,0.169190,0.680600,2.061040,143.120940,-342.682500,77173.601560,1.000000,3.568360,-341.316990
0.458000,0.169190,0.694700,1.886720,143.139790,-342.682500,77285.390630,,3.569640,-341.316990
0.460000,0.169190,0.701110,1.681640,143.158710,-342.682500,77066.015630,,3.568360,-341.316990
0.462000,0.170470,0.690860,1.691890,143.177720,-342.682500,77160.937500,,3.568360,-341.316990
0.464000,0.171750,0.672910,1.671390,143.196820,-342.682500,77436.218750,1.000000,3.569640,-341.316990
0.466000,0.173030,0.649840,1.835450,143.215960,-342.682500,77582.820310,,3.569640,-341.316990
0.468000,0.173030,0.633180,1.896970,143.235090,-342.682500,77257.976560,,3.570920,-341.316990
0.470000,0.174320,0.622920,1.763670,143.254180,-342.682500,77668.250000,,3.572200,-341.316990
0.472000,0.175600,0.615230,1.825200,143.273240,-342.682500,77353.945310,1.000000,3.570920,-341.316990
0.474000,0.175600,0.603700,1.855960,143.292280,-342.682460,77228.445310,,3.573490,-341.316990
0.476000,0.176880,0.589600,1.773930,143.311310,-342.682460,77384.531250,,3.573490,-341.316990
0.478000,0.178160,0.579350,1.948240,143.330320,-342.682460,77372.929690,,3.573490,-341.316990
0.480000,0.179440,0.562680,2.163570,143.349330,-342.682460,76972.148440,1.000000,3.573490,-341.316990
0.482000,0.180730,0.540890,2.071290,143.368380,-342.682460,77232.664060,,3.572200,-341.316990
0.484000,0.182010,0.520390,2.143070,143.387410,-342.682460,77327.578130,,3.570920,-341.316990
0.486000,0.182010,0.507570,1.907230,143.406420,-342.682460,77396.132810,,3.570920,-341.316960
0.488000,0.183290,0.510130,1.527830,143.425370,-342.682460,77361.335940,1.000000,3.572200,-341.316960
0.490000,0.185850,0.528080,1.527830,143.444230,-342.682460,77228.445310,,3.570920,-341.316960
0.492000,0.187130,0.548580,1.548340,143.463030,-342.682460,77436.218750,,3.570920,-341.316960
0.494000,0.188420,0.567810,1.661130,143.481830,-342.682460,77445.703130,,3.572200,-341.316960
0.496000,0.188420,0.588320,1.876460,143.500630,-342.682460,77213.679690,1.000000,3.573490,-341.316960
0.498000,0.190980,0.610110,1.937990,143.519410,-342.682460,77439.382810,,3.574770,-341.316960
0.500000,0.190980,0.631900,1.876460,143.538210,-342.682460,77005.898440,,3.573490,-341.316930
0.502000,0.189700,0.643430,1.835450,143.557070,-342.682460,77133.515630,,3.573490,-341.316930
0.504000,0.190980,0.643430,1.784180,143.576020,-342.682460,77420.398440,1.000000,3.574770,-341.316930
0.506000,0.190980,0.637020,1.886720,143.595020,-342.682460,77146.179690,,3.574770,-341.316930
0.508000,0.190980,0.625490,1.896970,143.614060,-342.682460,77373.992190,,3.576050,-341.316930
0.510000,0.190980,0.616520,2.102050,143.633130,-342.682460,77674.578130,,3.574770,-341.316930
0.512000,0.190980,0.604980,2.112300,143.652220,-342.682460,77381.375000,1.000000,3.574770,-341.316930
0.514000,0.189700,0.594730,1.784180,143.671310,-342.682460,77477.351560,,3.574770,-341.316930
0.516000,0.188420,0.594730,1.476560,143.690350,-342.682460,77546.953130,,3.574770,-341.316930
0.518000,0.188420,0.594730,1.609860,143.709350,-342.682460,77308.601560,,3.574770,-341.316930
0.520000,0.187130,0.601140,1.507320,143.728320,-342.682460,77338.125000,1.000000,3.574770,-341.316930
0.522000,0.187130,0.584470,1.722660,143.747340,-342.682460,77192.585940,,3.576050,-341.316960
0.524000,0.187130,0.578060,1.722660,143.766390,-342.682460,77236.875000,,3.576050,-341.316960
0.526000,0.184570,0.578060,1.989260,143.785370,-342.682460,77064.960940,,3.576050,-341.316960
0.528000,0.183290,0.581910,1.835450,143.804320,-342.682460,77336.023440,1.000000,3.578610,-341.316960
0.530000,0.182010,0.592160,1.763670,143.823240,-342.682460,77396.132810,,3.577330,-341.316960
0.532000,0.180730,0.606260,1.927730,143.842100,-342.682460,77262.195310,,3.577330,-341.316960
0.534000,0.180730,0.612670,1.794430,143.860980,-342.682460,77334.960940,,3.579900,-341.316960
0.536000,0.179440,0.620360,1.886720,143.879820,-342.682460,77746.289060,1.000000,3.581180,-341.316960
0.538000,0.179440,0.630620,1.968750,143.898670,-342.682430,77337.070310,,3.581180,-341.316960
0.540000,0.178160,0.639590,2.009770,143.917510,-342.682430,77361.335940,,3.581180,-341.316960
0.542000,0.176880,0.643430,1.886720,143.936420,-342.682430,77375.046880,,3.579900,-341.316960
0.544000,0.176880,0.642150,1.650880,143.955370,-342.682430,77306.484380,1.000000,3.578610,-341.316960
0.544000,0.176880,0.642150,1.650880,143.955370,-342.682430,77306.484380,1.000000,3.578610,-341.316960
0.546000,0.175600,0.638310,1.773930,143.974380,-342.682430,77085.007810,,3.578610,-341.316990
0.548000,0.176880,0.624210,1.548340,143.993420,-342.682430,77533.242190,,3.577330,-341.316990
0.550000,0.174320,0.607540,1.855960,144.012530,-342.682430,77061.796880,,3.577330,-341.316990
0.552000,0.175600,0.585750,1.896970,144.031650,-342.682430,77360.281250,1.000000,3.578610,-341.316990
0.554000,0.174320,0.569090,1.855960,144.050770,-342.682430,77365.546880,,3.578610,-341.316990
0.556000,0.174320,0.562680,1.907230,144.069810,-342.682430,77696.726560,,3.578610,-341.316990
0.558000,0.173030,0.563960,1.886720,144.088810,-342.682430,77472.070310,,3.578610,-341.316990
0.560000,0.174320,0.569090,1.753420,144.107770,-342.682430,77506.882810,1.000000,3.579900,-341.316990
0.562000,0.174320,0.570370,1.845700,144.126690,-342.682430,77365.546880,,3.581180,-341.316990
0.564000,0.175600,0.572940,1.896970,144.145630,-342.682430,77349.726560,,3.579900,-341.316990
0.566000,0.175600,0.576780,1.937990,144.164550,-342.682430,77147.234380,,3.581180,-341.316990
0.568000,0.175600,0.580630,2.009770,144.183460,-342.682430,77392.976560,1.000000,3.581180,-341.316990
0.570000,0.175600,0.593440,1.794430,144.202330,-342.682430,77381.375000,,3.581180,-341.316990
0.572000,0.176880,0.606260,1.568850,144.221190,-342.682430,77167.265630,,3.579900,-341.316990
0.574000,0.176880,0.617800,1.579100,144.240050,-342.682430,77429.882810,,3.579900,-341.316990
0.576000,0.178160,0.635740,1.620120,144.258880,-342.682430,77401.406250,1.000000,3.581180,-341.316990
0.578000,0.178160,0.653690,1.661130,144.277690,-342.682430,77419.343750,,3.581180,-341.316990
0.580000,0.180730,0.674190,1.630370,144.296510,-342.682400,77803.250000,,3.582460,-341.316990
0.582000,0.180730,0.698550,1.907230,144.315310,-342.682400,77438.320310,,3.582460,-341.316960
0.584000,0.180730,0.715210,2.009770,144.334120,-342.682400,77183.085940,1.000000,3.582460,-341.316960
0.586000,0.180730,0.728030,1.886720,144.352980,-342.682400,77308.601560,,3.582460,-341.316960
0.588000,0.182010,0.729310,1.876460,144.371890,-342.682400,77364.500000,,3.582460,-341.316960
0.590000,0.180730,0.721620,1.896970,144.390880,-342.682400,77396.132810,,3.582460,-341.316960
0.592000,0.182010,0.704960,1.825200,144.409940,-342.682400,77225.273440,1.000000,3.582460,-341.316960
0.594000,0.183290,0.678040,1.948240,144.429090,-342.682400,77295.937500,,3.582460,-341.316960
0.596000,0.182010,0.649840,2.184080,144.448260,-342.682400,77423.554690,,3.582460,-341.316960
0.598000,0.183290,0.624210,2.040530,144.467470,-342.682400,77450.984380,,3.582460,-341.316960
0.600000,0.183290,0.599850,1.579100,144.486680,-342.682400,77669.304690,1.000000,3.582460,-341.316960
0.602000,0.183290,0.576780,1.691890,144.505860,-342.682400,77664.023440,,3.583740,-341.316960
0.604000,0.183290,0.562680,1.527830,144.525020,-342.682400,77359.226560,,3.581180,-341.316960
0.606000,0.183290,0.542180,1.661130,144.544160,-342.682400,77303.328130,,3.583740,-341.316960
0.608000,0.183290,0.522950,1.712400,144.563280,-342.682400,77513.210940,1.000000,3.583740,-341.316960
0.610000,0.184570,0.510130,1.845700,144.582350,-342.682400,76716.921880,,3.583740,-341.316960
0.612000,0.183290,0.510130,1.948240,144.601330,-342.682400,77302.273440,,3.586300,-341.316960
0.614000,0.183290,0.521670,1.999510,144.620240,-342.682400,77418.289060,,3.586300,-341.316960
0.616000,0.183290,0.540890,2.050780,144.639070,-342.682400,77496.328130,1.000000,3.586300,-341.316960
0.618000,0.183290,0.562680,1.927730,144.657850,-342.682400,77514.257810,,3.586300,-341.316960
0.620000,0.184570,0.578060,1.681640,144.676610,-342.682400,77583.875000,,3.587590,-341.316960
0.622000,0.184570,0.592160,1.814940,144.695370,-342.682370,77539.578130,,3.586300,-341.316960
0.624000,0.184570,0.612670,1.999510,144.714110,-342.682370,77534.296880,1.000000,3.585020,-341.316960
0.626000,0.185850,0.638310,1.896970,144.732850,-342.682370,77340.234380,,3.585020,-341.316960
0.628000,0.185850,0.663940,1.773930,144.751590,-342.682370,77423.554690,,3.585020,-341.316960
0.630000,0.184570,0.684450,1.773930,144.770360,-342.682370,77113.484380,,3.582460,-341.316960
0.632000,0.185850,0.698550,1.620120,144.789170,-342.682370,77301.218750,1.000000,3.582460,-341.316960
0.634000,0.187130,0.692140,1.845700,144.808070,-342.682370,77453.085940,,3.583740,-341.316960
0.636000,0.187130,0.693420,1.784180,144.827010,-342.682370,77245.320310,,3.583740,-341.316960
0.638000,0.188420,0.684450,1.794430,144.845980,-342.682370,77399.296880,,3.583740,-341.316960
0.640000,0.187130,0.672910,2.184080,144.865010,-342.682370,77766.328130,1.000000,3.585020,-341.316960
0.642000,0.188420,0.660100,1.968750,144.884050,-342.682370,77473.125000,,3.585020,-341.316960
0.644000,0.188420,0.639590,2.040530,144.903140,-342.682370,77427.781250,,3.583740,-341.316960
0.646000,0.188420,0.613950,1.804690,144.922260,-342.682370,77588.085940,,3.583740,-341.316960
0.648000,0.189700,0.584470,1.763670,144.941420,-342.682370,77165.156250,1.000000,3.585020,-341.316960
0.650000,0.189700,0.552430,1.722660,144.960570,-342.682370,77077.617190,,3.585020,-341.316960
0.652000,0.189700,0.531920,2.071290,144.979710,-342.682370,77294.882810,,3.583740,-341.316960
0.654000,0.189700,0.526790,1.917480,144.998760,-342.682370,77323.359380,,3.585020,-341.316960
0.656000,0.189700,0.534480,1.968750,145.017730,-342.682370,77080.789060,1.000000,3.585020,-341.316960
0.658000,0.189700,0.552430,1.814940,145.036620,-342.682370,77459.414060,,3.585020,-341.316960
0.660000,0.190980,0.565250,1.763670,145.055500,-342.682370,77214.734380,,3.583740,-341.316960
0.662000,0.190980,0.574220,1.640630,145.074390,-342.682370,77469.960940,,3.585020,-341.316960
0.664000,0.189700,0.580630,1.753420,145.093280,-342.682370,77530.078130,1.000000,3.583740,-341.316960
0.666000,0.189700,0.589600,1.671390,145.112170,-342.682370,77634.492190,,3.586300,-341.316930
0.668000,0.189700,0.604980,1.979000,145.131030,-342.682370,77395.078130,,3.585020,-341.316930
0.670000,0.188420,0.624210,2.061040,145.149870,-342.682370,77358.164060,,3.585020,-341.316960
0.672000,0.188420,0.635740,2.122560,145.168750,-342.682370,77222.109380,1.000000,3.583740,-341.316960
0.674000,0.187130,0.640870,1.989260,145.187670,-342.682370,77372.929690,,3.585020,-341.316960
0.676000,0.187130,0.644710,1.753420,145.206590,-342.682370,76968.992190,,3.585020,-341.316960
0.678000,0.187130,0.644710,1.835450,145.225560,-342.682370,77352.890630,,3.585020,-341.316960
0.680000,0.187130,0.639590,2.102050,145.244540,-342.682370,77028.054690,1.000000,3.586300,-341.316960
0.682000,0.185850,0.633180,1.896970,145.263530,-342.682370,77306.484380,,3.586300,-341.316960
0.684000,0.184570,0.625490,1.917480,145.282550,-342.682370,77530.078130,,3.585020,-341.316960
0.686000,0.183290,0.615230,1.876460,145.301570,-342.682370,77560.664060,,3.585020,-341.316960
0.688000,0.183290,0.607540,1.691890,145.320590,-342.682370,77417.226560,1.000000,3.585020,-341.316960
0.690000,0.183290,0.583190,1.507320,145.339660,-342.682370,77467.859380,,3.583740,-341.316960
0.692000,0.182010,0.576780,1.538090,145.358690,-342.682370,77327.578130,,3.583740,-341.316960
0.694000,0.182010,0.567810,1.671390,145.377690,-342.682370,77366.609380,,3.585020,-341.316960
0.696000,0.180730,0.562680,1.968750,145.396670,-342.682370,76903.593750,1.000000,3.583740,-341.316960
0.698000,0.180730,0.560120,2.204590,145.415620,-342.682370,77286.453130,,3.585020,-341.316960
0.700000,0.180730,0.556270,2.245610,145.434540,-342.682370,77060.742190,,3.585020,-341.316960
0.702000,0.179440,0.558840,1.927730,145.453430,-342.682370,77182.031250,,3.585020,-341.316960
0.704000,0.178160,0.554990,1.599610,145.472350,-342.682340,77434.109380,1.000000,3.586300,-341.316960
0.704000,0.178160,0.554990,1.599610,145.472350,-342.682340,77434.109380,1.000000,3.586300,-341.316960
0.706000,0.179440,0.551150,1.855960,145.491260,-342.682370,77459.414060,,3.585020,-341.316960
0.708000,0.179440,0.553710,1.927730,145.510160,-342.682370,77334.960940,,3.586300,-341.316960
0.710000,0.178160,0.562680,2.050780,145.529050,-342.682340,77543.796880,,3.585020,-341.316960
0.712000,0.179440,0.571660,1.907230,145.547930,-342.682340,77533.242190,1.000000,3.582460,-341.316990
0.714000,0.178160,0.587040,1.835450,145.566820,-342.682370,77322.304690,,3.582460,-341.316990
0.716000,0.178160,0.597290,1.497070,145.585710,-342.682370,77402.460940,,3.582460,-341.316960
0.718000,0.179440,0.606260,1.661130,145.604610,-342.682370,77367.656250,,3.582460,-341.316960
0.720000,0.179440,0.613950,1.599610,145.623520,-342.682370,76901.484380,1.000000,3.582460,-341.316960
0.722000,0.180730,0.617800,1.743160,145.642460,-342.682370,77163.046880,,3.583740,-341.316960
0.724000,0.180730,0.622920,1.979000,145.661390,-342.682340,77286.453130,,3.583740,-341.316960
0.726000,0.180730,0.620360,2.337890,145.680340,-342.682340,77388.757810,,3.583740,-341.316960
0.728000,0.179440,0.616520,2.153320,145.699360,-342.682340,77464.695310,1.000000,3.585020,-341.316960
0.730000,0.180730,0.611390,1.732910,145.718370,-342.682340,77151.445310,,3.585020,-341.316960
0.732000,0.180730,0.601140,1.702150,145.737430,-342.682340,77422.507810,,3.583740,-341.316960
0.734000,0.180730,0.585750,1.784180,145.756520,-342.682340,77395.078130,,3.583740,-341.316960
0.736000,0.180730,0.574220,1.866210,145.775590,-342.682340,77405.632810,1.000000,3.582460,-341.316960
0.738000,0.183290,0.571660,1.896970,145.794620,-342.682340,77415.117190,,3.583740,-341.316960
0.740000,0.183290,0.579350,1.948240,145.813570,-342.682340,77145.117190,,3.583740,-341.316960
0.742000,0.184570,0.599850,1.896970,145.832440,-342.682340,77122.968750,,3.583740,-341.316960
0.744000,0.184570,0.612670,1.579100,145.851320,-342.682340,77433.054690,1.000000,3.585020,-341.316960
0.746000,0.184570,0.613950,1.784180,145.870210,-342.682340,77212.625000,,3.583740,-341.316960
0.748000,0.185850,0.621640,1.466310,145.889080,-342.682340,77394.031250,,3.585020,-341.316960
0.750000,0.185850,0.626770,1.599610,145.907960,-342.682340,77671.414060,,3.585020,-341.316960
0.752000,0.185850,0.633180,1.989260,145.926860,-342.682340,77471.015630,1.000000,3.585020,-341.316960
0.754000,0.187130,0.637020,2.235350,145.945760,-342.682340,77558.554690,,3.583740,-341.316960
0.756000,0.187130,0.637020,1.958500,145.964690,-342.682340,77468.906250,,3.582460,-341.316960
0.758000,0.187130,0.633180,1.794430,145.983640,-342.682340,77314.921880,,3.582460,-341.316960
0.760000,0.188420,0.625490,1.620120,146.002620,-342.682340,77314.921880,1.000000,3.582460,-341.316960
0.762000,0.189700,0.613950,1.712400,146.021640,-342.682340,77138.789060,,3.583740,-341.316960
0.764000,0.189700,0.601140,1.896970,146.040680,-342.682340,77119.804690,,3.583740,-341.316960
0.766000,0.190980,0.587040,2.061040,146.059720,-342.682340,77290.671880,,3.585020,-341.316960
0.768000,0.192260,0.571660,1.958500,146.078800,-342.682340,77362.390630,1.000000,3.585020,-341.316960
0.770000,0.190980,0.557560,1.773930,146.097890,-342.682340,77642.929690,,3.585020,-341.316930
0.772000,0.192260,0.539610,1.650880,146.116990,-342.682340,77462.585940,,3.583740,-341.316930
0.774000,0.192260,0.516540,1.589360,146.136120,-342.682340,77389.812500,,3.583740,-341.316930
0.776000,0.192260,0.492190,1.322750,146.155240,-342.682340,77555.398440,1.000000,3.582460,-341.316930
0.778000,0.193540,0.472960,1.466310,146.174350,-342.682340,77302.273440,,3.582460,-341.316930
0.780000,0.193540,0.466550,1.702150,146.193370,-342.682340,77207.343750,,3.582460,-341.316930
0.782000,0.193540,0.471680,2.296880,146.212310,-342.682340,77440.437500,,3.582460,-341.316930
0.784000,0.192260,0.483220,1.999510,146.231190,-342.682340,77148.281250,1.000000,3.585020,-341.316930
0.786000,0.192260,0.494750,1.937990,146.250030,-342.682340,77068.132810,,3.583740,-341.316930
0.788000,0.190980,0.499880,1.661130,146.268860,-342.682340,77486.835940,,3.585020,-341.316930
0.790000,0.192260,0.511410,1.712400,146.287660,-342.682340,77292.781250,,3.583740,-341.316930
0.792000,0.189700,0.524230,1.855960,146.306460,-342.682340,77428.828130,1.000000,3.585020,-341.316930
0.794000,0.190980,0.539610,1.866210,146.325260,-342.682340,77454.140630,,3.585020,-341.316930
0.796000,0.189700,0.558840,1.896970,146.344040,-342.682340,77502.656250,,3.582460,-341.316930
0.798000,0.189700,0.581910,1.907230,146.362820,-342.682340,77457.304690,,3.582460,-341.316960
0.800000,0.188420,0.592160,1.486820,146.381650,-342.682340,77488.945310,1.000000,3.581180,-341.316930
0.802000,0.188420,0.611390,1.702150,146.400450,-342.682340,77390.867190,,3.581180,-341.316960
0.804000,0.188420,0.633180,1.353520,146.419270,-342.682340,77461.523440,,3.582460,-341.316960
0.806000,0.187130,0.644710,1.691890,146.438100,-342.682340,77100.828130,,3.583740,-341.316960
0.808000,0.188420,0.656250,1.814940,146.456920,-342.682340,77362.390630,1.000000,3.583740,-341.316960
0.810000,0.185850,0.660100,2.368650,146.475830,-342.682340,77129.304690,,3.582460,-341.316960
0.812000,0.185850,0.651120,2.091800,146.494800,-342.682340,77240.039060,,3.583740,-341.316960
0.814000,0.184570,0.630620,1.804690,146.513870,-342.682310,77433.054690,,3.583740,-341.316960
0.816000,0.182010,0.601140,1.722660,146.533020,-342.682340,77405.632810,1.000000,3.582460,-341.316960
0.818000,0.183290,0.571660,1.753420,146.552200,-342.682340,77356.054690,,3.582460,-341.316960
0.820000,0.182010,0.546020,1.579100,146.571400,-342.682340,77494.226560,,3.583740,-341.316960
0.822000,0.182010,0.526790,1.866210,146.590590,-342.682340,77439.382810,,3.581180,-341.316960
0.824000,0.182010,0.510130,1.876460,146.609760,-342.682340,77238.984380,1.000000,3.581180,-341.316960
0.826000,0.180730,0.501160,1.814940,146.628850,-342.682340,77363.445310,,3.582460,-341.316960
0.828000,0.180730,0.501160,1.620120,146.647890,-342.682340,77349.726560,,3.582460,-341.316960
0.830000,0.179440,0.506290,1.743160,146.666850,-342.682340,77160.937500,,3.583740,-341.316960
0.832000,0.179440,0.512700,1.466310,146.685790,-342.682340,77416.171880,1.000000,3.583740,-341.316960
0.834000,0.179440,0.517820,1.589360,146.704680,-342.682310,77382.421880,,3.586300,-341.316960
0.836000,0.180730,0.528080,1.989260,146.723560,-342.682310,77702.000000,,3.585020,-341.316960
0.838000,0.179440,0.540890,2.173830,146.742400,-342.682310,77486.835940,,3.585020,-341.316960
0.840000,0.179440,0.561400,2.081540,146.761230,-342.682310,77778.992190,1.000000,3.585020,-341.316990
0.842000,0.179440,0.570370,1.794430,146.780060,-342.682310,77582.820310,,3.583740,-341.316960
0.844000,0.179440,0.581910,1.794430,146.798920,-342.682310,77220.007810,,3.583740,-341.316960
0.846000,0.179440,0.587040,1.671390,146.817830,-342.682310,77347.625000,,3.582460,-341.316960
0.848000,0.180730,0.597290,1.825200,146.836700,-342.682340,77434.109380,1.000000,3.583740,-341.316960
0.850000,0.180730,0.608830,1.784180,146.855580,-342.682310,77078.671880,,3.582460,-341.316960
0.852000,0.182010,0.619080,1.958500,146.874450,-342.682310,77252.695310,,3.583740,-341.316960
0.854000,0.182010,0.621640,1.866210,146.893370,-342.682310,77366.609380,,3.583740,-341.316960
0.856000,0.183290,0.608830,1.855960,146.912370,-342.682310,77231.609380,1.000000,3.582460,-341.316960
0.858000,0.183290,0.593440,1.640630,146.931380,-342.682310,77510.046880,,3.583740,-341.316960
0.860000,0.183290,0.576780,1.486820,146.950420,-342.682310,77474.179690,,3.582460,-341.316960
0.862000,0.184570,0.561400,1.609860,146.969480,-342.682310,77468.906250,,3.582460,-341.316960
0.864000,0.184570,0.544740,1.896970,146.988560,-342.682310,77534.296880,1.000000,3.581180,-341.316960
0.864000,0.184570,0.544740,1.896970,146.988560,-342.682310,77534.296880,1.000000,3.581180,-341.316960
0.866000,0.184570,0.529360,2.122560,147.007630,-342.682310,77446.757810,,3.581180,-341.316960
0.868000,0.187130,0.520390,2.225100,147.026660,-342.682310,77439.382810,,3.581180,-341.316960
0.870000,0.185850,0.511410,1.968750,147.045670,-342.682310,77283.281250,,3.582460,-341.316960
0.872000,0.187130,0.497310,1.825200,147.064670,-342.682310,77301.218750,1.000000,3.581180,-341.316960
0.874000,0.187130,0.484500,1.804690,147.083650,-342.682310,77467.859380,,3.583740,-341.316960
0.876000,0.187130,0.472960,1.948240,147.102630,-342.682310,77234.773440,,3.583740,-341.316960
0.878000,0.188420,0.480650,1.845700,147.121550,-342.682310,77444.648440,,3.583740,-341.316960
0.880000,0.188420,0.492190,1.989260,147.140440,-342.682310,77473.125000,1.000000,3.582460,-341.316960
0.882000,0.188420,0.501160,1.825200,147.159350,-342.682310,77501.601560,,3.582460,-341.316960
0.884000,0.189700,0.506290,1.804690,147.178270,-342.682310,77474.179690,,3.582460,-341.316960
0.886000,0.189700,0.516540,1.671390,147.197170,-342.682310,77715.710940,,3.581180,-341.316960
0.888000,0.190980,0.525510,1.527830,147.216060,-342.682310,77247.429690,1.000000,3.581180,-341.316960
0.890000,0.189700,0.546020,1.558590,147.234890,-342.682310,77342.343750,,3.582460,-341.316960
0.892000,0.190980,0.563960,1.773930,147.253740,-342.682310,77447.820310,,3.582460,-341.316960
0.894000,0.192260,0.576780,2.163570,147.272580,-342.682310,77334.960940,,3.585020,-341.316930
0.896000,0.190980,0.587040,2.173830,147.291440,-342.682310,77168.320310,1.000000,3.585020,-341.316960
0.898000,0.190980,0.596010,1.989260,147.310350,-342.682310,77236.875000,,3.583740,-341.316960
0.900000,0.190980,0.592160,1.907230,147.329320,-342.682310,77246.375000,,3.582460,-341.316960
0.902000,0.190980,0.578060,1.743160,147.348340,-342.682310,77499.492190,,3.583740,-341.316960
0.904000,0.190980,0.563960,1.784180,147.367400,-342.682310,77350.789060,1.000000,3.582460,-341.316960
0.906000,0.189700,0.557560,1.814940,147.386460,-342.682310,77638.718750,,3.581180,-341.316960
0.908000,0.190980,0.567810,1.927730,147.405460,-342.682310,77504.765630,,3.581180,-341.316960
0.910000,0.190980,0.567810,1.855960,147.424440,-342.682310,77207.343750,,3.579900,-341.316960
0.912000,0.189700,0.571660,1.691890,147.443410,-342.682310,77399.296880,1.000000,3.579900,-341.316960
0.914000,0.189700,0.569090,1.794430,147.462370,-342.682310,77311.757810,,3.581180,-341.316960
0.916000,0.190980,0.566530,1.548340,147.481320,-342.682310,77076.562500,,3.582460,-341.316960
0.918000,0.188420,0.566530,1.743160,147.500240,-342.682310,77473.125000,,3.583740,-341.316960
0.920000,0.189700,0.565250,1.948240,147.519180,-342.682310,77106.093750,1.000000,3.583740,-341.316960
0.922000,0.188420,0.560120,2.081540,147.538130,-342.682310,77287.507810,,3.582460,-341.316960
0.924000,0.188420,0.551150,2.276370,147.557110,-342.682310,77520.593750,,3.582460,-341.316960
0.926000,0.187130,0.539610,1.999510,147.576110,-342.682310,77591.250000,,3.582460,-341.316960
0.928000,0.187130,0.533200,1.968750,147.595090,-342.682310,77408.796880,1.000000,3.582460,-341.316960
0.930000,0.185850,0.526790,1.763670,147.614090,-342.682310,77386.640630,,3.581180,-341.316960
0.932000,0.185850,0.519100,1.845700,147.633090,-342.682310,77344.460940,,3.581180,-341.316960
0.934000,0.185850,0.520390,1.814940,147.652070,-342.682310,77429.882810,,3.581180,-341.316960
0.936000,0.185850,0.528080,1.886720,147.671010,-342.682310,77223.171880,1.000000,3.581180,-341.316960
0.938000,0.185850,0.535770,1.825200,147.689910,-342.682310,77321.257810,,3.582460,-341.316960
0.940000,0.184570,0.537050,1.958500,147.708850,-342.682310,77143.015630,,3.581180,-341.316960
0.942000,0.183290,0.531920,1.773930,147.727840,-342.682310,77182.031250,,3.581180,-341.316960
0.944000,0.183290,0.519100,1.568850,147.746870,-342.682310,77397.195310,1.000000,3.581180,-341.316960
0.946000,0.184570,0.503720,1.661130,147.765910,-342.682310,77568.054690,,3.581180,-341.316960
0.948000,0.184570,0.498600,1.691890,147.784940,-342.682310,77254.804690,,3.581180,-341.316960
0.950000,0.184570,0.501160,1.866210,147.803920,-342.682310,77677.734380,,3.581180,-341.316960
0.952000,0.183290,0.501160,2.194340,147.822910,-342.682310,77379.265630,1.000000,3.581180,-341.316960
0.954000,0.183290,0.499880,2.081540,147.841870,-342.682310,77245.320310,,3.581180,-341.316960
0.956000,0.182010,0.501160,1.866210,147.860790,-342.682310,77334.960940,,3.581180,-341.316960
0.958000,0.180730,0.511410,1.845700,147.879700,-342.682310,77303.328130,,3.581180,-341.316960
0.960000,0.180730,0.519100,2.030270,147.898590,-342.682310,76979.539060,1.000000,3.582460,-341.316960
0.962000,0.182010,0.530640,1.743160,147.917430,-342.682310,77257.976560,,3.583740,-341.316960
0.964000,0.182010,0.539610,1.989260,147.936330,-342.682310,77329.687500,,3.582460,-341.316960
0.966000,0.182010,0.547300,1.876460,147.955220,-342.682310,77417.226560,,3.581180,-341.316960
0.968000,0.182010,0.554990,1.814940,147.974110,-342.682310,77520.593750,1.000000,3.582460,-341.316960
0.970000,0.182010,0.566530,1.650880,147.992980,-342.682310,77497.390630,,3.581180,-341.316960
0.972000,0.182010,0.575500,1.579100,148.011870,-342.682310,77439.382810,,3.581180,-341.316960
0.974000,0.182010,0.581910,1.661130,148.030760,-342.682310,77314.921880,,3.582460,-341.316960
0.976000,0.182010,0.592160,1.640630,148.049650,-342.682310,77294.882810,1.000000,3.582460,-341.316960
0.978000,0.183290,0.606260,1.845700,148.068500,-342.682310,77351.843750,,3.581180,-341.316960
0.980000,0.183290,0.619080,2.194340,148.087360,-342.682310,76950.007810,,3.582460,-341.316960
0.982000,0.182010,0.625490,2.122560,148.106260,-342.682310,77091.328130,,3.583740,-341.316960
0.984000,0.182010,0.619080,1.958500,148.125240,-342.682310,77384.531250,1.000000,3.583740,-341.316960
0.986000,0.182010,0.603700,2.020020,148.144270,-342.682310,77217.898440,,3.582460,-341.316960
0.988000,0.183290,0.583190,1.855960,148.163380,-342.682310,77433.054690,,3.582460,-341.316960
0.990000,0.182010,0.566530,1.743160,148.182510,-342.682310,77643.992190,,3.581180,-341.316960
0.992000,0.183290,0.553710,1.845700,148.201640,-342.682310,77597.585940,1.000000,3.581180,-341.316960
0.994000,0.184570,0.549870,1.784180,148.220750,-342.682310,77504.765630,,3.581180,-341.316960
0.996000,0.183290,0.546020,1.681640,148.239840,-342.682310,77532.187500,,3.581180,-341.316960
0.998000,0.185850,0.535770,1.825200,148.258910,-342.682310,77207.343750,,3.581180,-341.316960
1.000000,0.185850,0.522950,1.589360,148.277970,-342.682310,77411.953130,1.000000,3.582460,-341.316960
1.002000,0.184570,0.515260,1.681640,148.297010,-342.682310,77195.742190,,3.583740,-341.316960
1.004000,0.187130,0.515260,1.589360,148.315990,-342.682310,77226.328130,,3.585020,-341.316960
1.006000,0.185850,0.522950,1.979000,148.334930,-342.682310,77148.281250,,3.583740,-341.316960
1.008000,0.187130,0.528080,2.050780,148.353820,-342.682310,77298.046880,1.000000,3.585020,-341.316960
1.010000,0.185850,0.537050,2.184080,148.372710,-342.682310,77521.648440,,3.583740,-341.316960
1.012000,0.185850,0.542180,1.937990,148.391600,-342.682310,77444.648440,,3.582460,-341.316960
1.014000,0.187130,0.548580,1.794430,148.410490,-342.682310,77275.906250,,3.582460,-341.316960
1.016000,0.187130,0.556270,1.691890,148.429370,-342.682310,77467.859380,1.000000,3.582460,-341.316960
1.018000,0.188420,0.570370,1.558590,148.448230,-342.682310,77307.539060,,3.581180,-341.316960
1.020000,0.189700,0.578060,1.579100,148.467090,-342.682310,77350.789060,,3.582460,-341.316960
1.022000,0.188420,0.593440,1.773930,148.485930,-342.682310,77384.531250,,3.581180,-341.316960
1.024000,0.189700,0.603700,1.886720,148.504790,-342.682310,77211.562500,1.000000,3.581180,-341.316960
1.026000,0.189700,0.604980,1.989260,148.523680,-342.682310,77128.250000,,3.581180,-341.316960
1.028000,0.190980,0.598570,1.722660,148.542620,-342.682310,77577.539060,,3.581180,-341.316960
1.030000,0.189700,0.592160,1.640630,148.561570,-342.682310,77391.921880,,3.582460,-341.316960
1.032000,0.192260,0.584470,1.579100,148.580550,-342.682310,77519.531250,1.000000,3.583740,-341.316960
1.034000,0.190980,0.578060,1.702150,148.599530,-342.682310,77285.390630,,3.583740,-341.316960
1.036000,0.192260,0.571660,2.009770,148.618530,-342.682310,77660.859380,,3.582460,-341.316960
1.038000,0.192260,0.562680,2.091800,148.637540,-342.682310,77490.000000,,3.582460,-341.316960
1.040000,0.192260,0.547300,1.671390,148.656560,-342.682310,77491.062500,1.000000,3.582460,-341.316960
1.040000,0.192260,0.547300,1.671390,148.656560,-342.682310,77491.062500,1.000000,3.582460,-341.316960
1.042000,0.190980,0.529360,2.050780,148.675630,-342.682310,77444.648440,,3.583740,-341.316960
1.044000,0.193540,0.507570,1.773930,148.694720,-342.682310,77375.046880,,3.583740,-341.316960
1.046000,0.190980,0.489620,1.538090,148.713790,-342.682310,77117.695310,,3.583740,-341.316960
1.048000,0.193540,0.484500,1.640630,148.732820,-342.682310,77381.375000,1.000000,3.583740,-341.316930
1.050000,0.192260,0.484500,1.630370,148.751830,-342.682310,77250.593750,,3.581180,-341.316960
1.052000,0.192260,0.480650,1.907230,148.770840,-342.682310,77281.179690,,3.581180,-341.316960
1.054000,0.193540,0.478090,1.773930,148.789810,-342.682310,77462.585940,,3.582460,-341.316930
1.056000,0.192260,0.483220,1.773930,148.808760,-342.682310,77595.476560,1.000000,3.582460,-341.316930
1.058000,0.192260,0.488340,1.661130,148.827680,-342.682310,77375.046880,,3.582460,-341.316960
1.060000,0.192260,0.498600,1.568850,148.846560,-342.682310,77704.101560,,3.582460,-341.316930
1.062000,0.190980,0.517820,1.712400,148.865370,-342.682310,77351.843750,,3.582460,-341.316930
1.064000,0.190980,0.537050,1.948240,148.884190,-342.682310,77191.523440,1.000000,3.582460,-341.316930
1.066000,0.190980,0.551150,2.030270,148.903000,-342.682310,77328.632810,,3.582460,-341.316960
1.068000,0.189700,0.566530,2.040530,148.921810,-342.682310,77250.593750,,3.582460,-341.316960
1.070000,0.188420,0.575500,2.091800,148.940670,-342.682310,76943.671880,,3.581180,-341.316960
1.072000,0.188420,0.580630,1.927730,148.959550,-342.682310,77419.343750,1.000000,3.582460,-341.316960
1.074000,0.188420,0.583190,1.476560,148.978470,-342.682310,77373.992190,,3.581180,-341.316960
1.076000,0.187130,0.585750,1.784180,148.997410,-342.682310,77608.132810,,3.579900,-341.316960
1.078000,0.188420,0.588320,1.640630,149.016360,-342.682310,77523.750000,,3.579900,-341.316960
1.080000,0.187130,0.584470,1.784180,149.035320,-342.682310,77601.804690,1.000000,3.581180,-341.316960
1.082000,0.185850,0.579350,1.825200,149.054320,-342.682310,77691.445310,,3.581180,-341.316960
1.084000,0.185850,0.567810,1.845700,149.073330,-342.682310,77305.437500,,3.579900,-341.316960
1.086000,0.183290,0.561400,1.691890,149.092350,-342.682310,77328.632810,,3.582460,-341.316960
1.088000,0.183290,0.556270,1.794430,149.111340,-342.682310,77370.820310,1.000000,3.582460,-341.316960
1.090000,0.183290,0.552430,1.907230,149.130330,-342.682310,76761.218750,,3.582460,-341.316960
1.092000,0.183290,0.546020,1.979000,149.149290,-342.682310,77343.398440,,3.583740,-341.316960
1.094000,0.183290,0.542180,2.245610,149.168260,-342.682310,77545.898440,,3.582460,-341.316960
1.096000,0.182010,0.542180,2.163570,149.187210,-342.682310,77581.757810,1.000000,3.582460,-341.316960
1.098000,0.180730,0.539610,1.999510,149.206160,-342.682310,77518.476560,,3.582460,-341.316960
1.100000,0.180730,0.539610,1.763670,149.225130,-342.682310,77476.296880,,3.581180,-341.316960
1.102000,0.180730,0.539610,1.435550,149.244090,-342.682310,77504.765630,,3.579900,-341.316960
1.104000,0.182010,0.540890,1.538090,149.263080,-342.682310,77389.812500,1.000000,3.579900,-341.316960
1.106000,0.182010,0.544740,1.579100,149.282040,-342.682310,77387.695310,,3.581180,-341.316960
1.108000,0.183290,0.554990,1.896970,149.300990,-342.682310,77424.617190,,3.579900,-341.316960
1.110000,0.183290,0.562680,1.896970,149.319930,-342.682310,77170.437500,,3.581180,-341.316960
1.112000,0.182010,0.565250,1.886720,149.338880,-342.682310,77151.445310,1.000000,3.581180,-341.316960
1.114000,0.180730,0.563960,1.784180,149.357850,-342.682310,77360.281250,,3.581180,-341.316960
1.116000,0.182010,0.560120,1.907230,149.376830,-342.682310,77244.265630,,3.582460,-341.316960
1.118000,0.183290,0.561400,1.825200,149.395780,-342.682310,77387.695310,,3.582460,-341.316960
1.120000,0.183290,0.569090,1.937990,149.414730,-342.682310,77535.359380,1.000000,3.581180,-341.316960
1.122000,0.183290,0.569090,2.009770,149.433690,-342.682310,77562.773440,,3.581180,-341.316960
1.124000,0.184570,0.566530,2.194340,149.452670,-342.682310,77466.804690,,3.581180,-341.316960
1.126000,0.183290,0.560120,2.030270,149.471630,-342.682310,77620.781250,,3.579900,-341.316960
1.128000,0.184570,0.556270,1.886720,149.490630,-342.682310,77271.687500,1.000000,3.581180,-341.316960
1.130000,0.185850,0.548580,1.609860,149.509640,-342.682310,77317.039060,,3.578610,-341.316960
1.132000,0.185850,0.546020,1.681640,149.528630,-342.682310,77325.468750,,3.581180,-341.316960
1.134000,0.187130,0.539610,1.794430,149.547620,-342.682310,77282.226560,,3.579900,-341.316960
1.136000,0.187130,0.534480,2.009770,149.566620,-342.682310,77214.734380,1.000000,3.579900,-341.316960
1.138000,0.188420,0.533200,1.989260,149.585590,-342.682310,77477.351560,,3.579900,-341.316960
1.140000,0.188420,0.530640,1.917480,149.604550,-342.682310,77225.273440,,3.579900,-341.316960
1.142000,0.188420,0.525510,1.855960,149.623520,-342.682310,77581.757810,,3.581180,-341.316960
1.144000,0.188420,0.522950,1.773930,149.642460,-342.682310,77249.531250,1.000000,3.581180,-341.316960
1.146000,0.188420,0.521670,1.753420,149.661410,-342.682310,77625.007810,,3.581180,-341.316960
1.148000,0.189700,0.526790,1.866210,149.680310,-342.682310,77353.945310,,3.582460,-341.316960
1.150000,0.190980,0.533200,1.896970,149.699220,-342.682310,77341.289060,,3.582460,-341.316960
1.152000,0.189700,0.539610,2.091800,149.718120,-342.682310,77229.500000,1.000000,3.582460,-341.316960
1.154000,0.190980,0.539610,2.204590,149.737050,-342.682310,77397.195310,,3.581180,-341.316960
1.156000,0.190980,0.534480,1.989260,149.756010,-342.682310,77124.023440,,3.582460,-341.316960
1.158000,0.190980,0.538330,1.517580,149.774990,-342.682310,77405.632810,,3.581180,-341.316960
1.160000,0.192260,0.548580,1.773930,149.793900,-342.682310,77124.023440,1.000000,3.581180,-341.316960
1.162000,0.192260,0.567810,1.609860,149.812810,-342.682310,77345.515630,,3.579900,-341.316960
1.164000,0.192260,0.579350,1.825200,149.831710,-342.682310,77466.804690,,3.579900,-341.316960
1.166000,0.193540,0.574220,2.009770,149.850690,-342.682310,77471.015630,,3.578610,-341.316960
1.168000,0.193540,0.561400,1.855960,149.869720,-342.682310,77406.687500,1.000000,3.579900,-341.316930
1.170000,0.193540,0.553710,1.825200,149.888780,-342.682310,77389.812500,,3.581180,-341.316930
1.172000,0.190980,0.542180,1.753420,149.907850,-342.682310,77237.929690,,3.579900,-341.316930
1.174000,0.192260,0.531920,1.835450,149.926940,-342.682310,77414.062500,,3.581180,-341.316960
1.176000,0.192260,0.520390,1.876460,149.946000,-342.682310,77188.359380,1.000000,3.581180,-341.316960
1.178000,0.190980,0.515260,2.102050,149.965040,-342.682310,77215.789060,,3.581180,-341.316960
1.180000,0.190980,0.512700,2.337890,149.984020,-342.682310,77064.960940,,3.581180,-341.316960
1.182000,0.189700,0.522950,2.214840,150.002960,-342.682310,77203.125000,,3.581180,-341.316960
1.184000,0.189700,0.526790,1.948240,150.021880,-342.682310,77532.187500,1.000000,3.581180,-341.316960
1.186000,0.188420,0.535770,1.589360,150.040790,-342.682310,77564.890630,,3.581180,-341.316960
1.188000,0.188420,0.546020,1.630370,150.059660,-342.682310,77317.039060,,3.582460,-341.316960
1.190000,0.189700,0.556270,1.527830,150.078540,-342.682310,77388.757810,,3.581180,-341.316960
1.192000,0.188420,0.563960,1.804690,150.097440,-342.682310,77537.468750,1.000000,3.579900,-341.316960
1.194000,0.189700,0.563960,1.886720,150.116350,-342.682310,77249.531250,,3.579900,-341.316960
1.196000,0.188420,0.562680,1.845700,150.135300,-342.682310,77400.351560,,3.581180,-341.316960
1.198000,0.187130,0.563960,1.937990,150.154240,-342.682310,77273.796880,,3.582460,-341.316960
1.200000,0.185850,0.567810,2.040530,150.173170,-342.682310,77041.757810,1.000000,3.581180,-341.316960
1.200000,0.185850,0.567810,2.040530,150.173170,-342.682310,77041.757810,1.000000,3.581180,-341.316960
1.202000,0.187130,0.574220,1.917480,150.192090,-342.682310,77291.718750,,3.583740,-341.316960
1.204000,0.187130,0.581910,1.948240,150.211030,-342.682310,77323.359380,,3.582460,-341.316960
1.206000,0.187130,0.581910,2.091800,150.229980,-342.682310,77469.960940,,3.582460,-341.316960
1.208000,0.185850,0.574220,2.071290,150.248980,-342.682310,77403.523440,1.000000,3.583740,-341.316960
1.210000,0.185850,0.563960,2.061040,150.268010,-342.682310,77763.171880,,3.583740,-341.316960
1.212000,0.184570,0.546020,1.907230,150.287090,-342.682310,77502.656250,,3.583740,-341.316960
1.214000,0.184570,0.526790,1.579100,150.306230,-342.682310,77269.570310,,3.582460,-341.316960
1.216000,0.184570,0.515260,1.548340,150.325350,-342.682310,77245.320310,1.000000,3.582460,-341.316960
1.218000,0.185850,0.506290,1.589360,150.344450,-342.682310,77450.984380,,3.581180,-341.316960
1.220000,0.185850,0.494750,1.845700,150.363540,-342.682310,77184.148440,,3.581180,-341.316960
1.222000,0.184570,0.489620,1.979000,150.382580,-342.682310,77199.968750,,3.581180,-341.316960
1.224000,0.184570,0.487060,1.937990,150.401630,-342.682310,77314.921880,1.000000,3.581180,-341.316960
1.226000,0.184570,0.483220,2.009770,150.420610,-342.682310,77195.742190,,3.582460,-341.316960
1.228000,0.184570,0.489620,1.794430,150.439560,-342.682310,77388.757810,,3.582460,-341.316960
1.230000,0.183290,0.505000,1.773930,150.458450,-342.682310,77345.515630,,3.582460,-341.316960
1.232000,0.183290,0.519100,1.896970,150.477330,-342.682310,77377.148440,1.000000,3.583740,-341.316960
1.234000,0.184570,0.524230,1.876460,150.496200,-342.682310,77429.882810,,3.583740,-341.316960
1.236000,0.183290,0.535770,1.907230,150.515060,-342.682310,77505.828130,,3.582460,-341.316960
1.238000,0.184570,0.553710,2.214840,150.533910,-342.682310,77221.054690,,3.583740,-341.316960
1.240000,0.183290,0.566530,1.784180,150.552730,-342.682310,77066.015630,1.000000,3.582460,-341.316960
1.242000,0.184570,0.589600,1.671390,150.571560,-342.682310,77127.195310,,3.582460,-341.316960
1.244000,0.183290,0.613950,1.599610,150.590360,-342.682310,77305.437500,,3.582460,-341.316960
1.246000,0.184570,0.637020,1.712400,150.609160,-342.682310,77301.218750,,3.582460,-341.316960
1.248000,0.185850,0.652400,1.722660,150.627980,-342.682310,77337.070310,1.000000,3.583740,-341.316960
1.250000,0.185850,0.660100,1.855960,150.646840,-342.682310,77579.656250,,3.582460,-341.316960
1.252000,0.185850,0.656250,1.804690,150.665770,-342.682310,77452.039060,,3.582460,-341.316960
1.254000,0.185850,0.642150,1.866210,150.684800,-342.682310,77262.195310,,3.585020,-341.316960
1.256000,0.184570,0.622920,1.784180,150.703890,-342.682310,77683.015630,1.000000,3.582460,-341.316960
1.258000,0.184570,0.603700,1.876460,150.723010,-342.682310,77329.687500,,3.583740,-341.316960
1.260000,0.185850,0.587040,1.732910,150.742160,-342.682310,77466.804690,,3.583740,-341.316960
1.262000,0.185850,0.570370,1.937990,150.761290,-342.682280,77395.078130,,3.583740,-341.316960
1.264000,0.187130,0.552430,1.896970,150.780440,-342.682310,77121.914060,1.000000,3.583740,-341.316960
1.266000,0.187130,0.534480,2.225100,150.799580,-342.682280,77125.085940,,3.583740,-341.316960
1.268000,0.187130,0.524230,1.937990,150.818680,-342.682280,77361.335940,,3.585020,-341.316960
1.270000,0.185850,0.528080,1.609860,150.837710,-342.682310,77319.140630,,3.583740,-341.316960
1.272000,0.187130,0.529360,1.681640,150.856720,-342.682280,77518.476560,1.000000,3.583740,-341.316960
1.274000,0.187130,0.522950,1.558590,150.875750,-342.682280,77387.695310,,3.583740,-341.316960
1.276000,0.187130,0.515260,1.630370,150.894780,-342.682310,77664.023440,,3.583740,-341.316960
1.278000,0.188420,0.512700,1.712400,150.913790,-342.682310,77535.359380,,3.582460,-341.316960
1.280000,0.188420,0.507570,1.640630,150.932800,-342.682310,77383.476560,1.000000,3.583740,-341.316960
1.282000,0.187130,0.508850,1.886720,150.951780,-342.682280,77209.453130,,3.583740,-341.316960
1.284000,0.188420,0.515260,1.845700,150.970720,-342.682310,77403.523440,,3.583740,-341.316960
1.286000,0.189700,0.535770,1.958500,150.989550,-342.682280,77019.609380,,3.583740,-341.316960
1.288000,0.189700,0.570370,1.773930,151.008320,-342.682280,77383.476560,1.000000,3.585020,-341.316960
1.290000,0.189700,0.606260,1.999510,151.027020,-342.682310,77064.960940,,3.583740,-341.316960
1.292000,0.189700,0.635740,1.979000,151.045760,-342.682280,77331.804690,,3.583740,-341.316960
1.294000,0.190980,0.648560,2.009770,151.064560,-342.682280,77396.132810,,3.585020,-341.316960
1.296000,0.189700,0.642150,1.968750,151.083480,-342.682280,77733.632810,1.000000,3.585020,-341.316960
1.298000,0.190980,0.638310,1.661130,151.102430,-342.682280,77403.523440,,3.583740,-341.316960
1.300000,0.192260,0.630620,1.609860,151.121440,-342.682280,77687.234380,,3.583740,-341.316960
1.302000,0.190980,0.620360,1.589360,151.140520,-342.682280,77447.820310,,3.582460,-341.316960
1.304000,0.190980,0.599850,1.691890,151.159650,-342.682310,77288.562500,1.000000,3.582460,-341.316960
1.306000,0.192260,0.570370,1.671390,151.178820,-342.682310,77394.031250,,3.582460,-341.316960
1.308000,0.192260,0.549870,1.886720,151.197970,-342.682280,77170.437500,,3.582460,-341.316960
1.310000,0.192260,0.538330,1.907230,151.217060,-342.682280,77255.859380,,3.583740,-341.316960
1.312000,0.190980,0.525510,2.030270,151.236130,-342.682280,77234.773440,1.000000,3.585020,-341.316960
1.314000,0.190980,0.511410,1.927730,151.255170,-342.682280,77477.351560,,3.586300,-341.316960
1.316000,0.189700,0.507570,1.958500,151.274190,-342.682280,77553.289060,,3.585020,-341.316960
1.318000,0.190980,0.505000,1.681640,151.293170,-342.682280,77356.054690,,3.586300,-341.316960
1.320000,0.190980,0.501160,1.753420,151.312120,-342.682280,77676.679690,1.000000,3.585020,-341.316960
1.322000,0.189700,0.490910,1.968750,151.331130,-342.682280,77612.343750,,3.585020,-341.316960
1.324000,0.190980,0.485780,1.896970,151.350130,-342.682280,77105.039060,,3.585020,-341.316960
1.326000,0.189700,0.487060,1.681640,151.369090,-342.682280,77333.914060,,3.583740,-341.316960
1.328000,0.188420,0.506290,1.804690,151.387990,-342.682280,77471.015630,1.000000,3.582460,-341.316960
1.330000,0.189700,0.537050,1.732910,151.406810,-342.682280,77265.351560,,3.582460,-341.316960
1.332000,0.188420,0.567810,1.743160,151.425610,-342.682280,77266.406250,,3.582460,-341.316960
1.334000,0.189700,0.590880,1.835450,151.444400,-342.682280,77473.125000,,3.582460,-341.316960
1.336000,0.188420,0.604980,1.927730,151.463230,-342.682280,77330.750000,1.000000,3.582460,-341.316960
1.336000,0.188420,0.604980,1.927730,151.463230,-342.682280,77330.750000,1.000000,3.582460,-341.316960
1.338000,0.188420,0.617800,1.958500,151.482070,-342.682280,77602.851560,,3.583740,-341.316960
1.340000,0.187130,0.624210,1.927730,151.500980,-342.682280,77294.882810,,3.585020,-341.316960
1.342000,0.185850,0.619080,1.968750,151.519940,-342.682280,77491.062500,,3.583740,-341.316960
1.344000,0.185850,0.608830,1.763670,151.539020,-342.682280,77349.726560,1.000000,3.585020,-341.316960
1.346000,0.184570,0.596010,1.599610,151.558110,-342.682280,77388.757810,,3.583740,-341.316960
1.348000,0.187130,0.585750,1.835450,151.577190,-342.682280,77401.406250,,3.583740,-341.316960
1.350000,0.185850,0.581910,2.050780,151.596270,-342.682280,76966.882810,,3.583740,-341.316960
1.352000,0.184570,0.570370,1.907230,151.615340,-342.682280,77166.210940,1.000000,3.583740,-341.316960
1.354000,0.184570,0.570370,1.876460,151.634370,-342.682280,77395.078130,,3.583740,-341.316960
1.356000,0.183290,0.578060,1.896970,151.653340,-342.682280,77363.445310,,3.583740,-341.316960
1.358000,0.183290,0.592160,1.681640,151.672230,-342.682280,77265.351560,,3.585020,-341.316960
1.360000,0.183290,0.604980,1.650880,151.691120,-342.682280,77391.921880,1.000000,3.585020,-341.316960
1.362000,0.182010,0.606260,1.579100,151.710010,-342.682280,77455.203130,,3.585020,-341.316960
1.364000,0.182010,0.597290,1.661130,151.728990,-342.682280,77408.796880,,3.585020,-341.316960
1.366000,0.183290,0.593440,1.958500,151.747960,-342.682280,77608.132810,,3.585020,-341.316960
1.368000,0.182010,0.589600,2.184080,151.766940,-342.682280,77224.218750,1.000000,3.585020,-341.316990
1.370000,0.182010,0.590880,2.184080,151.785900,-342.682280,76957.390630,,3.585020,-341.316960
1.372000,0.182010,0.596010,1.886720,151.804860,-342.682280,77328.632810,,3.585020,-341.316960
1.374000,0.182010,0.608830,1.989260,151.823760,-342.682280,77265.351560,,3.585020,-341.316990
1.376000,0.182010,0.619080,1.958500,151.842680,-342.682280,77320.203130,1.000000,3.583740,-341.316960
1.378000,0.182010,0.622920,1.968750,151.861600,-342.682280,77261.132810,,3.585020,-341.316960
1.380000,0.183290,0.629330,2.102050,151.880550,-342.682280,77334.960940,,3.585020,-341.316990
1.382000,0.183290,0.628050,1.876460,151.899540,-342.682280,77472.070310,,3.585020,-341.316990
1.384000,0.183290,0.625490,1.825200,151.918550,-342.682280,77429.882810,1.000000,3.585020,-341.316960
1.386000,0.184570,0.621640,1.589360,151.937610,-342.682280,77685.125000,,3.585020,-341.316960
1.388000,0.184570,0.608830,1.620120,151.956700,-342.682280,77473.125000,,3.585020,-341.316960
1.390000,0.185850,0.592160,1.476560,151.975810,-342.682280,77238.984380,,3.583740,-341.316960
1.392000,0.185850,0.574220,1.650880,151.994950,-342.682280,77330.750000,1.000000,3.583740,-341.316960
1.394000,0.185850,0.556270,1.948240,152.014070,-342.682280,77341.289060,,3.583740,-341.316960
1.396000,0.187130,0.544740,2.225100,152.033170,-342.682280,77097.664060,,3.585020,-341.316960
1.398000,0.185850,0.539610,2.050780,152.052220,-342.682280,77324.414060,,3.586300,-341.316960
1.400000,0.185850,0.537050,2.030270,152.071230,-342.682280,77122.968750,1.000000,3.586300,-341.316960
1.402000,0.187130,0.533200,1.712400,152.090230,-342.682280,77401.406250,,3.587590,-341.316960
1.404000,0.188420,0.529360,1.917480,152.109210,-342.682280,77458.359380,,3.587590,-341.316960
1.406000,0.188420,0.529360,1.948240,152.128140,-342.682280,77612.343750,,3.586300,-341.316960
1.408000,0.188420,0.531920,1.999510,152.147090,-342.682280,77388.757810,1.000000,3.587590,-341.316960
1.410000,0.188420,0.535770,1.804690,152.165990,-342.682280,77615.507810,,3.587590,-341.316960
1.412000,0.189700,0.553710,1.917480,152.184840,-342.682280,77344.460940,,3.585020,-341.316960
1.414000,0.190980,0.575500,1.661130,152.203640,-342.682280,77463.640630,,3.587590,-341.316960
1.416000,0.190980,0.610110,1.722660,152.222380,-342.682280,77333.914060,1.000000,3.585020,-341.316960
1.418000,0.190980,0.644710,1.538090,152.241060,-342.682280,77238.984380,,3.586300,-341.316960
1.420000,0.190980,0.671630,1.917480,152.259770,-342.682280,77222.109380,,3.586300,-341.316960
1.422000,0.192260,0.687010,1.948240,152.278520,-342.682280,77221.054690,,3.587590,-341.316960
1.424000,0.190980,0.692140,2.255860,152.297360,-342.682280,77369.773440,1.000000,3.587590,-341.316960
1.426000,0.190980,0.685730,2.091800,152.316300,-342.682280,77549.062500,,3.587590,-341.316960
1.428000,0.190980,0.671630,1.804690,152.335330,-342.682280,77246.375000,,3.587590,-341.316960
1.430000,0.190980,0.643430,1.507320,152.354460,-342.682280,77434.109380,,3.586300,-341.316960
1.432000,0.192260,0.607540,1.702150,152.373700,-342.682280,77376.101560,1.000000,3.586300,-341.316960
1.434000,0.192260,0.578060,1.896970,152.392960,-342.682280,77247.429690,,3.585020,-341.316960
1.436000,0.190980,0.554990,1.927730,152.412190,-342.682280,77047.031250,,3.586300,-341.316960
1.438000,0.190980,0.542180,2.040530,152.431370,-342.682280,77285.390630,,3.585020,-341.316960
1.440000,0.190980,0.535770,2.040530,152.450470,-342.682280,76904.648440,1.000000,3.586300,-341.316960
1.442000,0.190980,0.534480,1.681640,152.469530,-342.682280,77146.179690,,3.587590,-341.316960
1.444000,0.190980,0.529360,1.691890,152.488540,-342.682280,77287.507810,,3.587590,-341.316960
1.446000,0.190980,0.530640,1.507320,152.507510,-342.682280,77466.804690,,3.587590,-341.316960
1.448000,0.190980,0.533200,1.456050,152.526440,-342.682280,77365.546880,1.000000,3.588870,-341.316960
1.450000,0.190980,0.534480,1.937990,152.545390,-342.682280,77521.648440,,3.588870,-341.316960
1.452000,0.189700,0.530640,2.184080,152.564330,-342.682280,77669.304690,,3.587590,-341.316960
1.454000,0.188420,0.533200,2.112300,152.583270,-342.682280,77198.914060,,3.586300,-341.316960
1.456000,0.188420,0.544740,1.743160,152.602160,-342.682280,77302.273440,1.000000,3.587590,-341.316960
1.458000,0.188420,0.570370,1.804690,152.620970,-342.682280,77421.453130,,3.586300,-341.316960
1.460000,0.188420,0.596010,1.845700,152.639760,-342.682280,77083.953130,,3.587590,-341.316960
1.462000,0.188420,0.620360,1.979000,152.658510,-342.682280,77133.515630,,3.587590,-341.316960
1.464000,0.188420,0.647280,1.927730,152.677260,-342.682280,77496.328130,1.000000,3.588870,-341.316960
1.466000,0.187130,0.670350,2.102050,152.696040,-342.682280,77188.359380,,3.588870,-341.316960
1.468000,0.188420,0.685730,1.825200,152.714860,-342.682280,77379.265630,,3.590150,-341.316960
1.470000,0.187130,0.689580,1.568850,152.733760,-342.682250,77387.695310,,3.588870,-341.316960
1.472000,0.185850,0.680600,1.579100,152.752750,-342.682250,77286.453130,1.000000,3.588870,-341.316960
1.474000,0.187130,0.657530,1.517580,152.771820,-342.682250,77337.070310,,3.587590,-341.316960
1.476000,0.185850,0.633180,1.476560,152.790970,-342.682250,77469.960940,,3.587590,-341.316960
1.478000,0.184570,0.603700,1.876460,152.810120,-342.682280,77224.218750,,3.587590,-341.316960
1.480000,0.185850,0.579350,2.214840,152.829280,-342.682280,77434.109380,1.000000,3.586300,-341.316960
1.482000,0.184570,0.558840,2.102050,152.848420,-342.682280,77159.890630,,3.587590,-341.316960
1.484000,0.183290,0.544740,1.896970,152.867540,-342.682250,77363.445310,,3.586300,-341.316960
1.486000,0.183290,0.531920,1.763670,152.886610,-342.682280,77101.875000,,3.587590,-341.316960
1.488000,0.183290,0.521670,1.558590,152.905650,-342.682250,77260.085940,1.000000,3.588870,-341.316960
1.490000,0.183290,0.521670,1.886720,152.924650,-342.682250,77629.226560,,3.588870,-341.316960
1.492000,0.184570,0.515260,1.948240,152.943650,-342.682250,77392.976560,,3.588870,-341.316960
1.494000,0.184570,0.512700,1.948240,152.962650,-342.682250,77177.812500,,3.587590,-341.316960
1.496000,0.183290,0.512700,1.784180,152.981630,-342.682250,77777.929690,1.000000,3.587590,-341.316960
1.498000,0.183290,0.519100,1.640630,153.000560,-342.682250,77308.601560,,3.586300,-341.316960
1.500000,0.184570,0.534480,1.579100,153.019450,-342.682280,77368.710940,,3.587590,-341.316960
1.502000,0.184570,0.556270,1.497070,153.038270,-342.682250,77401.406250,,3.586300,-341.316960
1.504000,0.184570,0.579350,1.589360,153.057070,-342.682280,77245.320310,1.000000,3.587590,-341.316960
1.506000,0.184570,0.606260,1.927730,153.075840,-342.682280,77169.382810,,3.587590,-341.316960
1.508000,0.184570,0.631900,2.235350,153.094570,-342.682250,77317.039060,,3.587590,-341.316960
1.510000,0.184570,0.653690,2.081540,153.113340,-342.682250,77399.296880,,3.587590,-341.316960
1.512000,0.183290,0.670350,1.876460,153.132160,-342.682250,77551.179690,1.000000,3.588870,-341.316960
1.514000,0.184570,0.679320,1.609860,153.151020,-342.682250,77318.093750,,3.587590,-341.316960
1.516000,0.184570,0.679320,1.671390,153.169950,-342.682250,77368.710940,,3.587590,-341.316960
1.518000,0.185850,0.670350,1.773930,153.188960,-342.682250,77428.828130,,3.586300,-341.316960
1.520000,0.185850,0.658810,1.835450,153.208020,-342.682250,77493.171880,1.000000,3.587590,-341.316960
1.520000,0.185850,0.658810,1.835450,153.208020,-342.682250,77493.171880,1.000000,3.587590,-341.316960
1.522000,0.187130,0.652400,1.968750,153.227080,-342.682250,77363.445310,,3.585020,-341.316960
1.524000,0.187130,0.643430,1.835450,153.246150,-342.682250,77370.820310,,3.586300,-341.316960
1.526000,0.185850,0.638310,1.650880,153.265210,-342.682250,77148.281250,,3.586300,-341.316960
1.528000,0.187130,0.621640,1.650880,153.284270,-342.682250,77264.296880,1.000000,3.587590,-341.316960
1.530000,0.187130,0.612670,1.394530,153.303330,-342.682250,77380.312500,,3.586300,-341.316960
1.532000,0.187130,0.601140,1.691890,153.322360,-342.682250,77215.789060,,3.587590,-341.316960
1.534000,0.188420,0.581910,1.855960,153.341420,-342.682250,77463.640630,,3.587590,-341.316960
1.536000,0.188420,0.566530,2.286620,153.360460,-342.682250,77555.398440,1.000000,3.587590,-341.316960
1.538000,0.188420,0.557560,2.132810,153.379490,-342.682250,77385.585940,,3.587590,-341.316960
1.540000,0.188420,0.552430,1.794430,153.398470,-342.682250,77411.953130,,3.587590,-341.316960
1.542000,0.187130,0.556270,1.773930,153.417420,-342.682250,77363.445310,,3.587590,-341.316960
1.544000,0.188420,0.572940,1.661130,153.436310,-342.682250,77386.640630,1.000000,3.586300,-341.316960
1.546000,0.189700,0.587040,1.876460,153.455170,-342.682250,77360.281250,,3.587590,-341.316960
1.548000,0.190980,0.602420,1.907230,153.474010,-342.682250,77395.078130,,3.587590,-341.316960
1.550000,0.188420,0.620360,2.050780,153.492860,-342.682250,76975.312500,,3.586300,-341.316960
1.552000,0.189700,0.633180,1.845700,153.511720,-342.682250,77333.914060,1.000000,3.587590,-341.316960
1.554000,0.189700,0.642150,1.671390,153.530640,-342.682250,77276.953130,,3.587590,-341.316960
1.556000,0.189700,0.642150,1.712400,153.549590,-342.682250,77514.257810,,3.587590,-341.316960
1.558000,0.190980,0.638310,1.404790,153.568570,-342.682250,77287.507810,,3.586300,-341.316960
1.560000,0.190980,0.629330,1.435550,153.587590,-342.682250,77207.343750,1.000000,3.588870,-341.316960
1.562000,0.190980,0.619080,1.763670,153.606640,-342.682250,77584.921880,,3.587590,-341.316960
1.564000,0.190980,0.608830,2.102050,153.625690,-342.682250,77226.328130,,3.588870,-341.316960
1.566000,0.190980,0.601140,2.143070,153.644740,-342.682250,77360.281250,,3.588870,-341.316960
1.568000,0.190980,0.596010,2.071290,153.663760,-342.682250,77434.109380,1.000000,3.588870,-341.316960
1.570000,0.189700,0.594730,1.886720,153.682770,-342.682250,77015.398440,,3.588870,-341.316960
1.572000,0.189700,0.592160,1.773930,153.701770,-342.682250,77331.804690,,3.587590,-341.316960
1.574000,0.190980,0.584470,1.896970,153.720780,-342.682250,77452.039060,,3.588870,-341.316960
1.576000,0.190980,0.576780,1.979000,153.739780,-342.682250,77502.656250,1.000000,3.588870,-341.316960
1.578000,0.190980,0.571660,1.876460,153.758760,-342.682250,77506.882810,,3.588870,-341.316960
1.580000,0.190980,0.562680,1.804690,153.777760,-342.682250,77672.468750,,3.588870,-341.316960
1.582000,0.189700,0.570370,1.681640,153.796680,-342.682250,77504.765630,,3.588870,-341.316960
1.584000,0.190980,0.579350,1.794430,153.815570,-342.682250,77426.718750,1.000000,3.588870,-341.316960
1.586000,0.190980,0.592160,1.538090,153.834410,-342.682250,77390.867190,,3.587590,-341.316960
1.588000,0.190980,0.606260,1.671390,153.853240,-342.682250,77468.906250,,3.590150,-341.316960
1.590000,0.189700,0.619080,1.773930,153.872060,-342.682250,77213.679690,,3.588870,-341.316960
1.592000,0.189700,0.631900,2.102050,153.890850,-342.682250,77160.937500,1.000000,3.588870,-341.316960
1.594000,0.189700,0.643430,2.071290,153.909670,-342.682250,77523.750000,,3.591430,-341.316960
1.596000,0.188420,0.647280,2.071290,153.928540,-342.682250,77068.132810,,3.588870,-341.316960
1.598000,0.189700,0.651120,1.712400,153.947450,-342.682250,77377.148440,,3.587590,-341.316960
1.600000,0.188420,0.652400,1.743160,153.966400,-342.682250,77559.609380,1.000000,3.588870,-341.316960
1.602000,0.187130,0.646000,1.784180,153.985410,-342.682250,77501.601560,,3.588870,-341.316960
1.604000,0.188420,0.633180,1.886720,154.004490,-342.682250,77415.117190,,3.588870,-341.316960
1.606000,0.188420,0.616520,1.794430,154.023610,-342.682250,77685.125000,,3.587590,-341.316960
1.608000,0.187130,0.604980,1.876460,154.042720,-342.682250,77288.562500,1.000000,3.587590,-341.316960
1.610000,0.187130,0.598570,1.753420,154.061810,-342.682250,77421.453130,,3.587590,-341.316960
1.612000,0.187130,0.594730,1.753420,154.080860,-342.682250,77450.984380,,3.588870,-341.316960
1.614000,0.187130,0.590880,1.507320,154.099900,-342.682250,77363.445310,,3.588870,-341.316960
1.616000,0.185850,0.589600,1.702150,154.118900,-342.682250,77390.867190,1.000000,3.590150,-341.316960
1.618000,0.185850,0.589600,1.732910,154.137880,-342.682250,77303.328130,,3.591430,-341.316960
1.620000,0.187130,0.592160,2.214840,154.156810,-342.682250,77305.437500,,3.591430,-341.316960
1.622000,0.184570,0.598570,2.132810,154.175750,-342.682250,77573.320310,,3.591430,-341.316960
1.624000,0.184570,0.603700,2.040530,154.194670,-342.682250,77369.773440,1.000000,3.591430,-341.316960
1.626000,0.184570,0.612670,1.773930,154.213560,-342.682250,77722.031250,,3.591430,-341.316960
1.628000,0.185850,0.631900,1.886720,154.232410,-342.682250,77330.750000,,3.590150,-341.316960
1.630000,0.184570,0.656250,1.753420,154.251220,-342.682250,77287.507810,,3.590150,-341.316960
1.632000,0.184570,0.671630,1.732910,154.270030,-342.682250,77413.007810,1.000000,3.590150,-341.316960
1.634000,0.184570,0.692140,2.009770,154.288830,-342.682250,77434.109380,,3.590150,-341.316960
1.636000,0.184570,0.703670,1.979000,154.307680,-342.682250,76986.914060,,3.590150,-341.316960
1.638000,0.184570,0.726750,1.835450,154.326510,-342.682250,77415.117190,,3.590150,-341.316960
1.640000,0.184570,0.739560,1.907230,154.345370,-342.682250,77180.976560,1.000000,3.588870,-341.316960
1.642000,0.183290,0.743410,1.476560,154.364270,-342.682250,77317.039060,,3.590150,-341.316960
1.644000,0.184570,0.733150,1.589360,154.383260,-342.682250,77506.882810,,3.591430,-341.316960
1.646000,0.184570,0.708800,1.732910,154.402330,-342.682250,77545.898440,,3.591430,-341.316960
1.648000,0.184570,0.683170,2.040530,154.421430,-342.682250,77356.054690,1.000000,3.591430,-341.316960
1.650000,0.185850,0.656250,2.163570,154.440580,-342.682250,77347.625000,,3.590150,-341.316960
1.652000,0.184570,0.624210,2.009770,154.459760,-342.682250,77245.320310,,3.590150,-341.316960
1.654000,0.185850,0.598570,1.968750,154.478940,-342.682250,77415.117190,,3.590150,-341.316960
1.656000,0.185850,0.579350,1.886720,154.498090,-342.682250,77237.929690,1.000000,3.590150,-341.316960
1.658000,0.185850,0.563960,1.907230,154.517240,-342.682250,77326.523440,,3.590150,-341.316960
1.660000,0.185850,0.548580,1.814940,154.536330,-342.682250,77107.148440,,3.590150,-341.316960
1.662000,0.187130,0.534480,1.814940,154.555420,-342.682250,77203.125000,,3.590150,-341.316960
1.664000,0.187130,0.520390,1.866210,154.574490,-342.682250,77469.960940,1.000000,3.591430,-341.316960
1.666000,0.188420,0.516540,1.876460,154.593490,-342.682250,77617.617190,,3.591430,-341.316960
1.668000,0.188420,0.528080,1.794430,154.612400,-342.682250,77232.664060,,3.591430,-341.316960
1.670000,0.188420,0.552430,1.568850,154.631200,-342.682250,77454.140630,,3.592710,-341.316960
1.672000,0.188420,0.574220,1.650880,154.649990,-342.682250,77355.000000,1.000000,3.592710,-341.316960
1.672000,0.188420,0.574220,1.650880,154.649990,-342.682250,77355.000000,1.000000,3.592710,-341.316960
1.674000,0.189700,0.587040,1.722660,154.668780,-342.682250,77245.320310,,3.593990,-341.316960
1.676000,0.188420,0.603700,1.794430,154.687560,-342.682220,77424.617190,,3.592710,-341.316960
1.678000,0.190980,0.624210,2.091800,154.706330,-342.682250,77245.320310,,3.592710,-341.316960
1.680000,0.189700,0.652400,2.112300,154.725070,-342.682220,77082.898440,1.000000,3.592710,-341.316960
1.682000,0.189700,0.675480,1.999510,154.743840,-342.682250,77108.203130,,3.592710,-341.316960
1.684000,0.189700,0.688290,1.866210,154.762650,-342.682250,77280.117190,,3.592710,-341.316960
1.686000,0.190980,0.703670,1.958500,154.781490,-342.682250,77459.414060,,3.591430,-341.316960
1.688000,0.190980,0.719060,1.640630,154.800350,-342.682250,77329.687500,1.000000,3.591430,-341.316960
1.690000,0.190980,0.731870,1.743160,154.819230,-342.682250,77773.718750,,3.591430,-341.316960
1.692000,0.192260,0.728030,1.722660,154.838180,-342.682220,77471.015630,,3.591430,-341.316960
1.694000,0.193540,0.725460,1.845700,154.857180,-342.682220,77245.320310,,3.592710,-341.316960
1.696000,0.192260,0.704960,1.722660,154.876240,-342.682220,77164.101560,1.000000,3.591430,-341.316960
1.698000,0.192260,0.683170,1.691890,154.895340,-342.682220,77479.460940,,3.591430,-341.316960
1.700000,0.192260,0.661380,1.784180,154.914490,-342.682250,77157.781250,,3.591430,-341.316960
1.702000,0.192260,0.624210,1.804690,154.933690,-342.682220,77073.406250,,3.591430,-341.316960
1.704000,0.192260,0.585750,2.009770,154.952940,-342.682250,77293.835940,1.000000,3.591430,-341.316960
1.706000,0.190980,0.548580,2.225100,154.972170,-342.682220,77204.187500,,3.591430,-341.316960
1.708000,0.192260,0.522950,2.040530,154.991350,-342.682220,77384.531250,,3.591430,-341.316960
1.710000,0.190980,0.522950,1.896970,155.010410,-342.682220,77755.789060,,3.592710,-341.316960
1.712000,0.190980,0.535770,1.948240,155.029370,-342.682220,77552.234380,1.000000,3.591430,-341.316960
1.714000,0.189700,0.552430,1.753420,155.048260,-342.682220,77349.726560,,3.593990,-341.316960
1.716000,0.189700,0.563960,1.404790,155.067110,-342.682220,77397.195310,,3.592710,-341.316960
1.718000,0.189700,0.574220,1.671390,155.085970,-342.682220,77270.625000,,3.591430,-341.316960
1.720000,0.189700,0.587040,1.691890,155.104780,-342.682220,77184.148440,1.000000,3.592710,-341.316960
1.722000,0.189700,0.599850,1.814940,155.123630,-342.682220,77039.656250,,3.591430,-341.316960
1.724000,0.189700,0.612670,1.773930,155.142470,-342.682220,77333.914060,,3.591430,-341.316960
1.726000,0.187130,0.624210,1.825200,155.161330,-342.682220,77198.914060,,3.590150,-341.316960
1.728000,0.188420,0.633180,1.722660,155.180220,-342.682220,77247.429690,1.000000,3.591430,-341.316960
1.730000,0.187130,0.637020,1.784180,155.199130,-342.682220,77589.140630,,3.591430,-341.316960
1.732000,0.187130,0.640870,1.876460,155.218030,-342.682220,77536.414060,,3.591430,-341.316960
1.734000,0.187130,0.640870,2.009770,155.236970,-342.682220,77254.804690,,3.591430,-341.316960
1.736000,0.185850,0.639590,1.917480,155.255920,-342.682220,77816.953130,1.000000,3.592710,-341.316960
1.738000,0.185850,0.639590,1.968750,155.274870,-342.682220,77333.914060,,3.591430,-341.316960
1.740000,0.184570,0.639590,1.855960,155.293820,-342.682220,77341.289060,,3.591430,-341.316960
1.742000,0.184570,0.638310,1.855960,155.312810,-342.682220,77324.414060,,3.590150,-341.316960
1.744000,0.184570,0.633180,1.548340,155.331790,-342.682220,77296.992190,1.000000,3.590150,-341.316960
1.746000,0.185850,0.625490,1.866210,155.350770,-342.682220,77062.851560,,3.590150,-341.316960
1.748000,0.184570,0.608830,1.671390,155.369800,-342.682220,77425.664060,,3.591430,-341.316960
1.750000,0.184570,0.604980,1.968750,155.388810,-342.682220,77213.679690,,3.590150,-341.316960
1.752000,0.184570,0.597290,1.896970,155.407810,-342.682220,77467.859380,1.000000,3.590150,-341.316990
1.754000,0.184570,0.589600,1.640630,155.426770,-342.682220,77309.648440,,3.591430,-341.316960
1.756000,0.184570,0.587040,1.722660,155.445740,-342.682220,77407.734380,,3.592710,-341.316960
1.758000,0.184570,0.587040,1.773930,155.464660,-342.682220,77445.703130,,3.590150,-341.316990
1.760000,0.183290,0.578060,1.681640,155.483610,-342.682220,77255.859380,1.000000,3.590150,-341.316960
1.762000,0.183290,0.571660,2.020020,155.502560,-342.682220,77370.820310,,3.591430,-341.316960
1.764000,0.184570,0.571660,2.061040,155.521510,-342.682220,77504.765630,,3.592710,-341.316960
1.766000,0.184570,0.578060,2.020020,155.540420,-342.682220,77078.671880,,3.592710,-341.316960
1.768000,0.184570,0.601140,1.958500,155.559280,-342.682220,77403.523440,1.000000,3.592710,-341.316960
1.770000,0.183290,0.620360,1.784180,155.578130,-342.682220,77343.398440,,3.592710,-341.316990
1.772000,0.184570,0.633180,1.579100,155.597000,-342.682220,77222.109380,,3.591430,-341.316960
1.774000,0.184570,0.634460,1.661130,155.615940,-342.682220,77445.703130,,3.591430,-341.316960
1.776000,0.185850,0.637020,1.671390,155.634870,-342.682220,77803.250000,1.000000,3.591430,-341.316960
1.778000,0.185850,0.639590,1.825200,155.653840,-342.682220,77408.796880,,3.590150,-341.316960
1.780000,0.187130,0.640870,1.671390,155.672810,-342.682220,77866.523440,,3.591430,-341.316960
1.782000,0.185850,0.635740,1.743160,155.691800,-342.682220,77373.992190,,3.590150,-341.316960
1.784000,0.185850,0.625490,1.691890,155.710830,-342.682220,77186.257810,1.000000,3.591430,-341.316960
1.786000,0.187130,0.611390,1.732910,155.729890,-342.682220,77327.578130,,3.591430,-341.316960
1.788000,0.188420,0.601140,1.763670,155.748930,-342.682220,77285.390630,,3.591430,-341.316960
1.790000,0.187130,0.594730,1.989260,155.767990,-342.682220,77328.632810,,3.591430,-341.316960
1.792000,0.187130,0.589600,2.143070,155.787020,-342.682220,77327.578130,1.000000,3.591430,-341.316960
1.794000,0.187130,0.593440,2.050780,155.806000,-342.682220,77355.000000,,3.591430,-341.316960
1.796000,0.188420,0.608830,2.132810,155.824890,-342.682220,77581.757810,,3.591430,-341.316960
1.798000,0.187130,0.625490,1.773930,155.843720,-342.682220,77339.187500,,3.591430,-341.316960
1.800000,0.187130,0.642150,1.363770,155.862550,-342.682220,77601.804690,1.000000,3.591430,-341.316960
1.802000,0.188420,0.651120,1.599610,155.881380,-342.682220,77630.273440,,3.592710,-341.316960
1.804000,0.189700,0.653690,1.517580,155.900240,-342.682220,77210.507810,,3.592710,-341.316960
1.806000,0.189700,0.662660,1.763670,155.919100,-342.682220,77346.570310,,3.592710,-341.316960
1.808000,0.189700,0.667790,1.876460,155.938000,-342.682220,77514.257810,1.000000,3.592710,-341.316960
1.810000,0.189700,0.665220,1.814940,155.956940,-342.682220,76970.046880,,3.590150,-341.316960
1.812000,0.189700,0.654970,1.784180,155.975920,-342.682220,77364.500000,,3.590150,-341.316960
1.814000,0.189700,0.642150,1.763670,155.994930,-342.682220,77382.421880,,3.591430,-341.316960
1.816000,0.190980,0.626770,1.896970,156.013980,-342.682220,77284.335940,1.000000,3.591430,-341.316960
1.818000,0.189700,0.612670,1.948240,156.033020,-342.682220,77531.132810,,3.591430,-341.316960
1.820000,0.190980,0.601140,1.989260,156.052050,-342.682220,77604.960940,,3.593990,-341.316960
1.822000,0.189700,0.590880,1.917480,156.071110,-342.682220,77750.507810,,3.593990,-341.316960
1.824000,0.189700,0.583190,2.081540,156.090130,-342.682220,77418.289060,1.000000,3.592710,-341.316960
1.826000,0.188420,0.572940,1.773930,156.109190,-342.682220,77330.750000,,3.593990,-341.316960
1.828000,0.189700,0.556270,1.579100,156.128270,-342.682220,77347.625000,,3.591430,-341.316960
1.830000,0.189700,0.538330,1.773930,156.147370,-342.682220,77174.656250,,3.591430,-341.316960
1.832000,0.189700,0.513980,1.630370,156.166500,-342.682220,77273.796880,1.000000,3.590150,-341.316960
1.834000,0.189700,0.501160,1.927730,156.185580,-342.682220,77499.492190,,3.591430,-341.316960
1.836000,0.189700,0.501160,2.050780,156.204570,-342.682220,77349.726560,,3.590150,-341.316960
1.838000,0.189700,0.513980,1.804690,156.223480,-342.682220,77362.390630,,3.590150,-341.316960
1.840000,0.188420,0.526790,1.794430,156.242340,-342.682220,77560.664060,1.000000,3.592710,-341.316960
1.842000,0.188420,0.542180,1.630370,156.261170,-342.682220,77445.703130,,3.592710,-341.316960
1.844000,0.189700,0.551150,1.650880,156.279980,-342.682220,77270.625000,,3.592710,-341.316960
1.846000,0.188420,0.565250,1.732910,156.298800,-342.682220,77541.679690,,3.592710,-341.316960
1.848000,0.189700,0.581910,2.040530,156.317600,-342.682220,77327.578130,1.000000,3.592710,-341.316960
1.848000,0.189700,0.581910,2.040530,156.317600,-342.682220,77327.578130,1.000000,3.592710,-341.316960
1.850000,0.188420,0.601140,2.081540,156.336400,-342.682220,77152.500000,,3.592710,-341.316960
1.852000,0.188420,0.613950,2.163570,156.355240,-342.682220,77259.031250,,3.591430,-341.316960
1.854000,0.189700,0.624210,1.937990,156.374070,-342.682220,77405.632810,,3.592710,-341.316960
1.856000,0.188420,0.639590,1.743160,156.392910,-342.682220,77387.695310,1.000000,3.590150,-341.316960
1.858000,0.187130,0.652400,1.630370,156.411770,-342.682220,77406.687500,,3.592710,-341.316960
1.860000,0.187130,0.666500,1.773930,156.430620,-342.682220,77390.867190,,3.591430,-341.316960
1.862000,0.187130,0.667790,1.825200,156.449510,-342.682220,77603.906250,,3.592710,-341.316960
1.864000,0.187130,0.671630,2.040530,156.468410,-342.682220,77468.906250,1.000000,3.592710,-341.316960
1.866000,0.187130,0.667790,1.650880,156.487380,-342.682220,77699.890630,,3.593990,-341.316960
1.868000,0.187130,0.654970,1.743160,156.506380,-342.682220,77365.546880,,3.593990,-341.316960
1.870000,0.185850,0.629330,1.804690,156.525450,-342.682220,77062.851560,,3.593990,-341.316960
1.872000,0.185850,0.594730,1.855960,156.544630,-342.682220,77338.125000,1.000000,3.592710,-341.316960
1.874000,0.187130,0.558840,2.009770,156.563840,-342.682220,77372.929690,,3.593990,-341.316960
1.876000,0.185850,0.533200,2.163570,156.583040,-342.682220,77048.085940,,3.592710,-341.316960
1.878000,0.185850,0.519100,2.091800,156.602190,-342.682220,77433.054690,,3.591430,-341.316960
1.880000,0.185850,0.516540,2.245610,156.621280,-342.682220,77156.726560,1.000000,3.592710,-341.316960
1.882000,0.184570,0.516540,1.989260,156.640320,-342.682220,77333.914060,,3.592710,-341.316960
1.884000,0.184570,0.517820,1.579100,156.659290,-342.682220,77363.445310,,3.592710,-341.316960
1.886000,0.184570,0.521670,1.579100,156.678220,-342.682220,77634.492190,,3.593990,-341.316960
1.888000,0.184570,0.529360,1.538090,156.697130,-342.682220,77404.578130,1.000000,3.592710,-341.316960
1.890000,0.185850,0.544740,1.620120,156.715940,-342.682220,77714.656250,,3.593990,-341.316960
1.892000,0.184570,0.562680,1.825200,156.734770,-342.682220,77336.023440,,3.592710,-341.316960
1.894000,0.185850,0.580630,1.896970,156.753620,-342.682220,77419.343750,,3.591430,-341.316960
1.896000,0.183290,0.593440,1.825200,156.772430,-342.682220,76998.515630,1.000000,3.591430,-341.316960
1.898000,0.185850,0.606260,1.784180,156.791290,-342.682220,77190.468750,,3.591430,-341.316960
1.900000,0.184570,0.619080,1.958500,156.810150,-342.682220,77106.093750,,3.591430,-341.316960
1.902000,0.184570,0.633180,1.814940,156.829010,-342.682220,77119.804690,,3.590150,-341.316960
1.904000,0.184570,0.643430,1.958500,156.847890,-342.682220,77342.343750,1.000000,3.591430,-341.316960
1.906000,0.184570,0.649840,2.132810,156.866810,-342.682220,77526.914060,,3.590150,-341.316990
1.908000,0.185850,0.656250,2.153320,156.885700,-342.682220,77304.382810,,3.591430,-341.316990
1.910000,0.184570,0.662660,2.071290,156.904630,-342.682220,77595.476560,,3.591430,-341.316960
1.912000,0.184570,0.662660,1.558590,156.923610,-342.682220,77391.921880,1.000000,3.591430,-341.316960
1.914000,0.184570,0.637020,1.835450,156.942690,-342.682220,77307.539060,,3.591430,-341.316960
1.916000,0.184570,0.616520,1.527830,156.961790,-342.682220,77457.304690,,3.592710,-341.316960
1.918000,0.185850,0.594730,1.855960,156.980930,-342.682220,77343.398440,,3.591430,-341.316960
1.920000,0.185850,0.576780,1.937990,157.000030,-342.682220,77220.007810,1.000000,3.591430,-341.316960
1.922000,0.185850,0.565250,1.917480,157.019120,-342.682220,77193.632810,,3.590150,-341.316960
1.924000,0.185850,0.546020,1.886720,157.038190,-342.682220,77383.476560,,3.590150,-341.316960
1.926000,0.185850,0.522950,1.948240,157.057280,-342.682220,77318.093750,,3.591430,-341.316960
1.928000,0.185850,0.503720,1.825200,157.076320,-342.682220,77324.414060,1.000000,3.591430,-341.316960
1.930000,0.185850,0.489620,1.876460,157.095370,-342.682220,77392.976560,,3.593990,-341.316960
1.932000,0.185850,0.484500,1.866210,157.114350,-342.682220,77665.078130,,3.592710,-341.316960
1.934000,0.187130,0.496030,1.845700,157.133270,-342.682220,77355.000000,,3.593990,-341.316960
1.936000,0.185850,0.511410,1.968750,157.152150,-342.682220,77344.460940,1.000000,3.591430,-341.316960
1.938000,0.187130,0.522950,1.917480,157.171020,-342.682220,77330.750000,,3.591430,-341.316960
1.940000,0.187130,0.531920,1.640630,157.189900,-342.682220,77369.773440,,3.591430,-341.316960
1.942000,0.187130,0.540890,1.650880,157.208770,-342.682220,77136.679690,,3.590150,-341.316960
1.944000,0.188420,0.556270,1.609860,157.227630,-342.682220,77460.468750,1.000000,3.591430,-341.316960
1.946000,0.189700,0.572940,1.999510,157.246490,-342.682220,77092.382810,,3.591430,-341.316960
1.948000,0.189700,0.587040,1.876460,157.265320,-342.682220,77445.703130,,3.591430,-341.316960
1.950000,0.189700,0.601140,1.896970,157.284160,-342.682220,77857.031250,,3.590150,-341.316960
1.952000,0.189700,0.607540,1.907230,157.303050,-342.682220,77342.343750,1.000000,3.590150,-341.316960
1.954000,0.189700,0.606260,1.804690,157.322010,-342.682220,77439.382810,,3.590150,-341.316960
1.956000,0.189700,0.599850,1.691890,157.340990,-342.682220,77382.421880,,3.588870,-341.316960
1.958000,0.189700,0.587040,1.743160,157.360030,-342.682220,77317.039060,,3.590150,-341.316960
1.960000,0.190980,0.580630,1.784180,157.379070,-342.682220,77326.523440,1.000000,3.588870,-341.316960
1.960000,0.190980,0.580630,1.784180,157.379070,-342.682220,77326.523440,1.000000,3.588870,-341.316960
1.962000,0.190980,0.579350,1.917480,157.398100,-342.682220,77001.679690,,3.588870,-341.316960
1.964000,0.189700,0.587040,2.173830,157.417080,-342.682220,77236.875000,,3.588870,-341.316960
1.966000,0.190980,0.598570,2.030270,157.436020,-342.682220,77072.343750,,3.588870,-341.316960
1.968000,0.189700,0.596010,1.743160,157.454970,-342.682220,77284.335940,1.000000,3.588870,-341.316960
1.970000,0.189700,0.603700,1.650880,157.473890,-342.682220,77649.257810,,3.590150,-341.316960
1.972000,0.190980,0.603700,1.681640,157.492800,-342.682220,77383.476560,,3.591430,-341.316960
1.974000,0.189700,0.606260,1.589360,157.511720,-342.682220,77282.226560,,3.591430,-341.316960
1.976000,0.190980,0.603700,1.691890,157.530670,-342.682220,77804.296880,1.000000,3.591430,-341.316960
1.978000,0.189700,0.594730,1.814940,157.549670,-342.682220,77284.335940,,3.590150,-341.316960
1.980000,0.190980,0.578060,1.763670,157.568700,-342.682220,77203.125000,,3.590150,-341.316960
1.982000,0.188420,0.562680,1.917480,157.587750,-342.682220,77293.835940,,3.590150,-341.316960
1.984000,0.189700,0.547300,1.896970,157.606800,-342.682220,77311.757810,1.000000,3.590150,-341.316960
1.986000,0.189700,0.535770,1.948240,157.625870,-342.682220,77175.703130,,3.591430,-341.316960
1.988000,0.189700,0.534480,1.784180,157.644880,-342.682220,77453.085940,,3.592710,-341.316960
1.990000,0.188420,0.546020,1.979000,157.663830,-342.682220,77477.351560,,3.591430,-341.316960
1.992000,0.188420,0.558840,2.132810,157.682750,-342.682220,77454.140630,1.000000,3.592710,-341.316960
1.994000,0.188420,0.566530,1.907230,157.701680,-342.682220,77328.632810,,3.592710,-341.316960
1.996000,0.187130,0.571660,1.579100,157.720630,-342.682220,77696.726560,,3.590150,-341.316960
1.998000,0.187130,0.565250,1.681640,157.739590,-342.682220,77468.906250,,3.590150,-341.316960
2.000000,0.187130,0.556270,1.425290,157.758620,-342.682220,77493.171880,1.000000,3.590150,-341.316960
2.002000,0.185850,0.544740,1.630370,157.777650,-342.682220,77334.960940,,3.590150,-341.316960
2.004000,0.187130,0.544740,1.589360,157.796680,-342.682220,77358.164060,,3.588870,-341.316960
2.006000,0.185850,0.543460,1.866210,157.815670,-342.682220,76938.406250,,3.590150,-341.316960
2.008000,0.185850,0.544740,1.948240,157.834660,-342.682220,77459.414060,1.000000,3.590150,-341.316960
2.010000,0.184570,0.542180,1.948240,157.853620,-342.682220,77208.398440,,3.588870,-341.316960
2.012000,0.185850,0.542180,1.979000,157.872590,-342.682220,77464.695310,,3.590150,-341.316960
2.014000,0.184570,0.540890,1.825200,157.891560,-342.682220,77487.890630,,3.588870,-341.316960
2.016000,0.183290,0.543460,1.691890,157.910480,-342.682220,77570.156250,1.000000,3.591430,-341.316960
2.016000,0.183290,0.543460,1.691890,157.910480,-342.682220,77570.156250,1.000000,3.591430,-341.316960
2.018000,0.184570,0.552430,1.794430,157.929380,-342.682220,77420.398440,,3.590150,-341.316990
2.020000,0.184570,0.578060,1.825200,157.948200,-342.682220,77656.648440,,3.592710,-341.316990
2.022000,0.183290,0.581910,1.886720,157.967070,-342.682220,77234.773440,,3.591430,-341.316960
2.024000,0.184570,0.593440,1.794430,157.985930,-342.682220,77347.625000,1.000000,3.591430,-341.316990
2.026000,0.183290,0.603700,1.835450,158.004810,-342.682220,77347.625000,,3.590150,-341.316990
2.028000,0.183290,0.610110,1.609860,158.023680,-342.682220,77366.609380,,3.591430,-341.316960
2.030000,0.183290,0.617800,1.753420,158.042560,-342.682220,77421.453130,,3.591430,-341.316990
2.032000,0.184570,0.624210,1.589360,158.061430,-342.682220,77382.421880,1.000000,3.590150,-341.316990
2.034000,0.184570,0.629330,1.691890,158.080340,-342.682220,77312.812500,,3.591430,-341.316960
2.036000,0.184570,0.628050,1.927730,158.099260,-342.682220,77632.390630,,3.591430,-341.316960
2.038000,0.184570,0.619080,1.989260,158.118260,-342.682220,77223.171880,,3.591430,-341.316990
2.040000,0.184570,0.604980,1.917480,158.137270,-342.682220,77564.890630,1.000000,3.591430,-341.316960
2.042000,0.184570,0.584470,1.814940,158.156360,-342.682190,77631.328130,,3.591430,-341.316960
2.044000,0.184570,0.567810,1.681640,158.175460,-342.682220,77235.828130,,3.591430,-341.316960
2.046000,0.185850,0.560120,1.732910,158.194550,-342.682220,77367.656250,,3.591430,-341.316990
2.048000,0.185850,0.562680,2.009770,158.213590,-342.682220,77390.867190,1.000000,3.591430,-341.316960
2.050000,0.185850,0.567810,1.814940,158.232600,-342.682220,77150.390630,,3.591430,-341.316990
2.052000,0.187130,0.561400,1.794430,158.251650,-342.682220,77266.406250,,3.591430,-341.316990
2.054000,0.185850,0.549870,1.681640,158.270690,-342.682220,77513.210940,,3.592710,-341.316960
2.056000,0.187130,0.544740,1.630370,158.289700,-342.682220,77206.289060,1.000000,3.591430,-341.316960
2.058000,0.187130,0.548580,1.538090,158.308670,-342.682220,77341.289060,,3.591430,-341.316960
2.060000,0.188420,0.561400,1.558590,158.327560,-342.682220,77367.656250,,3.591430,-341.316960
2.062000,0.188420,0.567810,1.691890,158.346480,-342.682220,77519.531250,,3.591430,-341.316960
2.064000,0.188420,0.572940,2.091800,158.365390,-342.682220,77497.390630,1.000000,3.591430,-341.316960
2.066000,0.188420,0.575500,2.081540,158.384320,-342.682220,77491.062500,,3.591430,-341.316960
2.068000,0.188420,0.581910,2.112300,158.403240,-342.682220,77247.429690,,3.590150,-341.316960
2.070000,0.189700,0.590880,1.845700,158.422120,-342.682220,77384.531250,,3.591430,-341.316960
2.072000,0.189700,0.607540,1.722660,158.440990,-342.682190,77081.843750,1.000000,3.592710,-341.316960
2.074000,0.189700,0.621640,1.835450,158.459840,-342.682190,77460.468750,,3.592710,-341.316960
2.076000,0.189700,0.625490,2.122560,158.478730,-342.682190,77141.960940,,3.592710,-341.316960
2.078000,0.189700,0.640870,1.999510,158.497590,-342.682220,77396.132810,,3.593990,-341.316960
2.080000,0.189700,0.652400,1.907230,158.516460,-342.682190,77459.414060,1.000000,3.592710,-341.316960
2.082000,0.189700,0.649840,1.825200,158.535390,-342.682190,77478.406250,,3.592710,-341.316960
2.084000,0.190980,0.640870,1.630370,158.554380,-342.682190,77372.929690,,3.592710,-341.316960
2.086000,0.189700,0.622920,1.527830,158.573390,-342.682190,77785.320310,,3.593990,-341.316960
2.088000,0.190980,0.608830,1.558590,158.592440,-342.682190,77322.304690,1.000000,3.592710,-341.316960
2.090000,0.190980,0.598570,1.538090,158.611480,-342.682220,77332.859380,,3.592710,-341.316960
2.092000,0.190980,0.584470,1.876460,158.630520,-342.682190,77268.515630,,3.592710,-341.316960
2.094000,0.189700,0.561400,2.122560,158.649600,-342.682190,77324.414060,,3.592710,-341.316960
2.096000,0.189700,0.535770,2.143070,158.668700,-342.682190,77162.000000,1.000000,3.591430,-341.316960
2.098000,0.188420,0.519100,1.835450,158.687790,-342.682190,77295.937500,,3.592710,-341.316960
2.100000,0.188420,0.506290,1.732910,158.706830,-342.682190,77394.031250,,3.592710,-341.316960
2.102000,0.188420,0.502440,1.845700,158.725860,-342.682190,77460.468750,,3.592710,-341.316960
2.104000,0.188420,0.499880,2.061040,158.744870,-342.682190,77511.093750,1.000000,3.592710,-341.316960
2.106000,0.188420,0.497310,1.979000,158.763850,-342.682190,77755.789060,,3.591430,-341.316960
2.108000,0.188420,0.497310,1.917480,158.782820,-342.682190,77534.296880,,3.591430,-341.316960
2.110000,0.187130,0.501160,1.896970,158.801770,-342.682190,77124.023440,,3.591430,-341.316960
2.112000,0.187130,0.506290,1.558590,158.820690,-342.682190,77371.875000,1.000000,3.591430,-341.316960
2.114000,0.187130,0.512700,1.671390,158.839600,-342.682190,77443.593750,,3.591430,-341.316960
2.116000,0.187130,0.528080,1.640630,158.858440,-342.682190,77022.781250,,3.592710,-341.316960
2.118000,0.187130,0.543460,1.753420,158.877300,-342.682190,77337.070310,,3.592710,-341.316960
2.120000,0.185850,0.563960,2.122560,158.896120,-342.682190,77379.265630,1.000000,3.592710,-341.316960
2.122000,0.187130,0.579350,2.266110,158.914930,-342.682190,77345.515630,,3.592710,-341.316960
2.124000,0.185850,0.588320,2.071290,158.933780,-342.682190,77521.648440,,3.591430,-341.316960
2.126000,0.185850,0.593440,1.804690,158.952650,-342.682190,77519.531250,,3.591430,-341.316960
2.128000,0.185850,0.603700,1.579100,158.971540,-342.682190,77367.656250,1.000000,3.591430,-341.316960
2.130000,0.184570,0.615230,1.722660,158.990420,-342.682190,77376.101560,,3.591430,-341.316960
2.132000,0.184570,0.617800,1.784180,159.009370,-342.682190,77294.882810,,3.592710,-341.316960
2.134000,0.187130,0.620360,1.968750,159.028350,-342.682190,77377.148440,,3.592710,-341.316960
2.136000,0.185850,0.616520,2.040530,159.047330,-342.682190,77089.226560,1.000000,3.592710,-341.316960
2.138000,0.184570,0.611390,1.958500,159.066350,-342.682190,77325.468750,,3.590150,-341.316960
2.140000,0.184570,0.601140,1.691890,159.085390,-342.682190,77518.476560,,3.590150,-341.316960
2.142000,0.184570,0.584470,1.691890,159.104460,-342.682190,77220.007810,,3.591430,-341.316960
2.144000,0.185850,0.569090,1.538090,159.123520,-342.682190,77366.609380,1.000000,3.592710,-341.316990
2.146000,0.184570,0.556270,1.620120,159.142590,-342.682190,77535.359380,,3.591430,-341.316960
2.148000,0.185850,0.549870,1.937990,159.161610,-342.682190,77269.570310,,3.592710,-341.316960
2.150000,0.184570,0.540890,2.204590,159.180630,-342.682190,77904.500000,,3.591430,-341.316990
2.152000,0.184570,0.530640,2.112300,159.199680,-342.682190,77425.664060,1.000000,3.591430,-341.316990
2.154000,0.184570,0.517820,1.948240,159.218720,-342.682190,77271.687500,,3.593990,-341.316990
2.156000,0.184570,0.517820,1.702150,159.237730,-342.682190,77403.523440,,3.592710,-341.316990
2.158000,0.184570,0.525510,1.794430,159.256670,-342.682190,77433.054690,,3.590150,-341.316990
2.160000,0.184570,0.539610,2.050780,159.275600,-342.682190,77402.460940,1.000000,3.591430,-341.316990
2.162000,0.185850,0.551150,1.989260,159.294490,-342.682190,77280.117190,,3.591430,-341.316990
2.164000,0.184570,0.562680,2.020020,159.313420,-342.682190,77378.210940,,3.591430,-341.316990
2.166000,0.185850,0.574220,1.886720,159.332310,-342.682190,77394.031250,,3.590150,-341.316990
2.168000,0.184570,0.587040,1.609860,159.351230,-342.682190,77332.859380,1.000000,3.591430,-341.316990
2.170000,0.184570,0.597290,1.507320,159.370130,-342.682190,77325.468750,,3.591430,-341.316990
2.172000,0.184570,0.603700,1.507320,159.389050,-342.682190,77428.828130,,3.591430,-341.316990
2.174000,0.185850,0.608830,1.558590,159.408020,-342.682190,77296.992190,,3.592710,-341.316960
2.176000,0.184570,0.610110,1.845700,159.426990,-342.682190,77168.320310,1.000000,3.591430,-341.316960
2.178000,0.185850,0.608830,2.317380,159.445980,-342.682190,77446.757810,,3.591430,-341.316990
2.180000,0.185850,0.599850,2.163570,159.465010,-342.682190,77049.140630,,3.590150,-341.316990
2.182000,0.185850,0.590880,1.917480,159.484090,-342.682190,77116.648440,,3.590150,-341.316960
2.184000,0.185850,0.581910,1.712400,159.503140,-342.682190,77406.687500,1.000000,3.591430,-341.316990
2.186000,0.185850,0.567810,1.784180,159.522230,-342.682190,77054.421880,,3.591430,-341.316960
2.188000,0.185850,0.566530,1.845700,159.541280,-342.682190,77370.820310,,3.592710,-341.316960
2.190000,0.185850,0.570370,1.989260,159.560270,-342.682190,77610.242190,,3.591430,-341.316990
2.192000,0.187130,0.566530,2.040530,159.579270,-342.682190,77431.992190,1.000000,3.590150,-341.316990
2.192000,0.187130,0.566530,2.040530,159.579270,-342.682190,77431.992190,1.000000,3.590150,-341.316990
2.194000,0.187130,0.562680,1.845700,159.598270,-342.682190,77456.250000,,3.592710,-341.316960
2.196000,0.185850,0.556270,1.517580,159.617250,-342.682190,77484.726560,,3.592710,-341.316960
2.198000,0.187130,0.554990,1.722660,159.636230,-342.682190,77269.570310,,3.591430,-341.316990
2.200000,0.187130,0.548580,1.445800,159.655180,-342.682190,77295.937500,1.000000,3.592710,-341.316960
2.202000,0.187130,0.538330,1.691890,159.674190,-342.682190,77128.250000,,3.591430,-341.316960
2.204000,0.188420,0.530640,1.927730,159.693190,-342.682190,77296.992190,,3.592710,-341.316960
2.206000,0.187130,0.522950,2.471190,159.712190,-342.682190,77151.445310,,3.591430,-341.316960
2.208000,0.187130,0.522950,2.214840,159.731160,-342.682190,77320.203130,1.000000,3.591430,-341.316960
2.210000,0.187130,0.529360,1.804690,159.750110,-342.682190,77459.414060,,3.592710,-341.316960
2.212000,0.185850,0.538330,1.640630,159.769040,-342.682190,77384.531250,,3.591430,-341.316960
2.214000,0.187130,0.549870,1.609860,159.787950,-342.682190,77343.398440,,3.592710,-341.316960
2.216000,0.187130,0.572940,1.640630,159.806810,-342.682190,77748.406250,1.000000,3.591430,-341.316960
2.218000,0.188420,0.590880,1.845700,159.825680,-342.682190,77327.578130,,3.591430,-341.316960
2.220000,0.188420,0.596010,1.814940,159.844620,-342.682190,77301.218750,,3.591430,-341.316960
2.222000,0.187130,0.587040,1.835450,159.863620,-342.682190,77220.007810,,3.591430,-341.316960
2.224000,0.187130,0.581910,1.681640,159.882640,-342.682190,77259.031250,1.000000,3.591430,-341.316960
2.226000,0.187130,0.572940,1.825200,159.901690,-342.682190,76965.828130,,3.591430,-341.316960
2.228000,0.188420,0.566530,1.466310,159.920750,-342.682190,77365.546880,,3.592710,-341.316960
2.230000,0.188420,0.556270,1.671390,159.939830,-342.682190,77377.148440,,3.590150,-341.316960
2.232000,0.188420,0.543460,1.804690,159.958920,-342.682190,77403.523440,1.000000,3.590150,-341.316960
2.234000,0.188420,0.534480,2.214840,159.977980,-342.682190,77265.351560,,3.591430,-341.316960
2.236000,0.188420,0.534480,2.030270,159.996990,-342.682190,77619.726560,,3.590150,-341.316960
2.238000,0.187130,0.539610,1.968750,160.015980,-342.682190,77482.625000,,3.591430,-341.316960
2.240000,0.187130,0.552430,1.630370,160.034910,-342.682190,77447.820310,1.000000,3.591430,-341.316960
2.242000,0.185850,0.551150,1.691890,160.053850,-342.682190,77355.000000,,3.592710,-341.316960
2.244000,0.187130,0.557560,1.722660,160.072770,-342.682190,77409.851560,,3.592710,-341.316960
2.246000,0.187130,0.569090,1.876460,160.091640,-342.682190,77033.320310,,3.592710,-341.316960
2.248000,0.187130,0.579350,1.886720,160.110520,-342.682190,77282.226560,1.000000,3.592710,-341.316960
2.250000,0.185850,0.589600,1.753420,160.129390,-342.682190,77361.335940,,3.591430,-341.316960
2.252000,0.187130,0.590880,1.661130,160.148300,-342.682190,77179.921880,,3.591430,-341.316960
2.254000,0.185850,0.590880,1.589360,160.167240,-342.682190,77404.578130,,3.591430,-341.316960
2.256000,0.185850,0.590880,1.384280,160.186190,-342.682190,77243.210940,1.000000,3.591430,-341.316960
2.258000,0.185850,0.590880,1.650880,160.205150,-342.682190,77333.914060,,3.592710,-341.316960
2.260000,0.187130,0.589600,1.722660,160.224140,-342.682190,77506.882810,,3.590150,-341.316960
2.262000,0.185850,0.572940,2.132810,160.243190,-342.682190,77424.617190,,3.590150,-341.316960
2.264000,0.184570,0.551150,2.061040,160.262280,-342.682190,77298.046880,1.000000,3.590150,-341.316960
2.266000,0.184570,0.531920,1.948240,160.281420,-342.682190,77189.421880,,3.591430,-341.316960
2.268000,0.183290,0.519100,1.773930,160.300540,-342.682190,77221.054690,,3.592710,-341.316990
2.270000,0.184570,0.508850,1.681640,160.319640,-342.682190,77366.609380,,3.591430,-341.316990
2.272000,0.184570,0.503720,1.937990,160.338710,-342.682190,77244.265630,1.000000,3.592710,-341.316990
2.274000,0.184570,0.501160,1.835450,160.357760,-342.682190,77406.687500,,3.591430,-341.316990
2.276000,0.184570,0.503720,1.948240,160.376770,-342.682190,77574.382810,,3.591430,-341.316990
2.278000,0.184570,0.503720,1.845700,160.395770,-342.682190,77501.601560,,3.590150,-341.316990
2.280000,0.183290,0.505000,1.589360,160.414720,-342.682190,77357.109380,1.000000,3.591430,-341.316990
2.282000,0.182010,0.510130,1.589360,160.433670,-342.682190,77648.203130,,3.591430,-341.316960
2.284000,0.183290,0.516540,1.394530,160.452590,-342.682190,77198.914060,,3.591430,-341.316990
2.286000,0.183290,0.526790,1.620120,160.471480,-342.682190,77312.812500,,3.591430,-341.316990
2.288000,0.183290,0.535770,1.855960,160.490370,-342.682190,77485.789060,1.000000,3.591430,-341.316990
2.290000,0.184570,0.547300,2.225100,160.509260,-342.682190,76914.140630,,3.590150,-341.316990
2.292000,0.184570,0.561400,2.153320,160.528120,-342.682190,77401.406250,,3.591430,-341.316990
2.294000,0.183290,0.578060,1.989260,160.546980,-342.682190,77386.640630,,3.592710,-341.316990
2.296000,0.183290,0.603700,1.896970,160.565800,-342.682190,77392.976560,1.000000,3.591430,-341.316990
2.298000,0.182010,0.629330,1.722660,160.584590,-342.682190,77479.460940,,3.591430,-341.316990
2.300000,0.183290,0.657530,1.691890,160.603360,-342.682190,77293.835940,,3.592710,-341.316990
2.302000,0.183290,0.685730,1.702150,160.622130,-342.682190,77478.406250,,3.591430,-341.316990
2.304000,0.184570,0.698550,1.804690,160.640990,-342.682190,77468.906250,1.000000,3.590150,-341.316990
2.306000,0.185850,0.690860,1.753420,160.659940,-342.682190,77390.867190,,3.591430,-341.316990
2.308000,0.184570,0.671630,1.814940,160.679000,-342.682190,77394.031250,,3.591430,-341.316990
2.310000,0.184570,0.651120,1.784180,160.698120,-342.682190,77113.484380,,3.591430,-341.316990
2.312000,0.184570,0.622920,1.558590,160.717320,-342.682190,77261.132810,1.000000,3.590150,-341.316990
2.314000,0.184570,0.594730,1.640630,160.736530,-342.682190,77554.335940,,3.591430,-341.316990
2.316000,0.184570,0.569090,1.948240,160.755740,-342.682190,77286.453130,,3.590150,-341.316990
2.318000,0.185850,0.546020,2.030270,160.774920,-342.682190,77380.312500,,3.588870,-341.316990
2.320000,0.185850,0.531920,2.143070,160.794070,-342.682190,77512.148440,1.000000,3.591430,-341.316990
2.322000,0.184570,0.528080,1.999510,160.813160,-342.682190,77488.945310,,3.592710,-341.316990
2.324000,0.185850,0.533200,1.784180,160.832170,-342.682190,77522.703130,,3.591430,-341.316990
2.326000,0.185850,0.542180,1.712400,160.851120,-342.682190,77603.906250,,3.591430,-341.316990
2.328000,0.185850,0.548580,1.784180,160.870070,-342.682190,77268.515630,1.000000,3.591430,-341.316990
2.330000,0.185850,0.548580,1.650880,160.889040,-342.682190,77215.789060,,3.591430,-341.316990
2.332000,0.185850,0.546020,1.784180,160.908020,-342.682190,77244.265630,,3.591430,-341.316990
2.334000,0.187130,0.542180,1.804690,160.927030,-342.682190,77320.203130,,3.591430,-341.316990
2.336000,0.187130,0.540890,1.968750,160.946010,-342.682190,77088.171880,1.000000,3.590150,-341.316960
2.338000,0.187130,0.546020,1.743160,160.964980,-342.682190,77328.632810,,3.590150,-341.316960
2.340000,0.187130,0.557560,1.661130,160.983890,-342.682190,77339.187500,,3.590150,-341.316990
2.342000,0.187130,0.580630,1.630370,161.002730,-342.682190,77580.710940,,3.590150,-341.316960
2.344000,0.187130,0.608830,1.753420,161.021550,-342.682190,77404.578130,1.000000,3.590150,-341.316960
2.344000,0.187130,0.608830,1.753420,161.021550,-342.682190,77404.578130,1.000000,3.590150,-341.316960
2.346000,0.187130,0.634460,1.876460,161.040340,-342.682190,77643.992190,,3.591430,-341.316960
2.348000,0.188420,0.652400,2.153320,161.059160,-342.682190,77339.187500,,3.592710,-341.316960
2.350000,0.187130,0.658810,1.937990,161.078020,-342.682190,77264.296880,,3.592710,-341.316960
2.352000,0.187130,0.652400,1.886720,161.096950,-342.682190,77376.101560,1.000000,3.592710,-341.316960
2.354000,0.188420,0.652400,1.886720,161.115940,-342.682190,77417.226560,,3.592710,-341.316960
2.356000,0.187130,0.643430,1.968750,161.134960,-342.682190,77151.445310,,3.592710,-341.316960
2.358000,0.187130,0.628050,1.712400,161.154040,-342.682190,77398.242190,,3.590150,-341.316960
2.360000,0.188420,0.612670,2.153320,161.173140,-342.682190,77313.867190,1.000000,3.588870,-341.316960
2.362000,0.187130,0.593440,1.784180,161.192260,-342.682190,77369.773440,,3.587590,-341.316960
2.364000,0.188420,0.569090,1.825200,161.211410,-342.682190,77434.109380,,3.588870,-341.316960
2.366000,0.187130,0.546020,1.784180,161.230550,-342.682190,77553.289060,,3.588870,-341.316960
2.368000,0.185850,0.529360,1.609860,161.249620,-342.682190,77379.265630,1.000000,3.590150,-341.316960
2.370000,0.187130,0.515260,1.712400,161.268680,-342.682190,77402.460940,,3.591430,-341.316960
2.372000,0.187130,0.502440,1.743160,161.287720,-342.682190,77291.718750,,3.591430,-341.316960
2.374000,0.187130,0.490910,1.999510,161.306750,-342.682190,77500.546880,,3.592710,-341.316960
2.376000,0.187130,0.485780,2.194340,161.325740,-342.682190,76914.140630,1.000000,3.592710,-341.316960
2.378000,0.187130,0.485780,2.132810,161.344730,-342.682190,77268.515630,,3.592710,-341.316990
2.380000,0.184570,0.496030,2.112300,161.363650,-342.682190,77385.585940,,3.590150,-341.316960
2.382000,0.185850,0.511410,1.886720,161.382540,-342.682190,77184.148440,,3.590150,-341.316990
2.384000,0.184570,0.538330,1.794430,161.401380,-342.682190,77438.320310,1.000000,3.590150,-341.316990
2.384000,0.184570,0.538330,1.794430,161.401380,-342.682190,77438.320310,1.000000,3.590150,-341.316990
2.386000,0.184570,0.570370,1.589360,161.420150,-342.682190,77571.218750,,3.588870,-341.316990
2.388000,0.185850,0.601140,1.702150,161.438900,-342.682190,77345.515630,,3.588870,-341.316990
2.390000,0.184570,0.624210,1.753420,161.457660,-342.682190,77498.445310,,3.590150,-341.316990
2.392000,0.184570,0.638310,1.763670,161.476500,-342.682190,77483.671880,1.000000,3.590150,-341.316990
2.394000,0.184570,0.638310,1.835450,161.495410,-342.682190,77281.179690,,3.590150,-341.316990
2.396000,0.184570,0.629330,1.671390,161.514420,-342.682190,77379.265630,,3.591430,-341.316990
2.398000,0.184570,0.622920,1.702150,161.533460,-342.682190,77336.023440,,3.591430,-341.316990
2.400000,0.183290,0.611390,1.784180,161.552550,-342.682190,77051.250000,1.000000,3.591430,-341.316990
2.402000,0.184570,0.602420,1.896970,161.571640,-342.682190,77154.617190,,3.590150,-341.316990
2.404000,0.183290,0.596010,2.143070,161.590730,-342.682190,77300.156250,,3.590150,-341.316990
2.406000,0.184570,0.594730,2.173830,161.609770,-342.682190,77413.007810,,3.590150,-341.316990
2.408000,0.183290,0.584470,2.122560,161.628830,-342.682190,77398.242190,1.000000,3.591430,-341.316990
2.410000,0.183290,0.598570,1.907230,161.647770,-342.682190,77422.507810,,3.590150,-341.316990
2.412000,0.182010,0.611390,1.876460,161.666670,-342.682190,77461.523440,,3.591430,-341.316990
2.414000,0.183290,0.616520,1.579100,161.685590,-342.682190,77364.500000,,3.591430,-341.316990
2.416000,0.183290,0.621640,1.599610,161.704480,-342.682190,77425.664060,1.000000,3.591430,-341.316990
2.418000,0.183290,0.621640,1.609860,161.723430,-342.682190,77332.859380,,3.591430,-341.316990
2.420000,0.183290,0.613950,1.794430,161.742400,-342.682190,77075.507810,,3.590150,-341.316990
2.422000,0.182010,0.603700,1.814940,161.761400,-342.682190,77130.351560,,3.590150,-341.316990
2.424000,0.183290,0.597290,1.722660,161.780410,-342.682190,77443.593750,1.000000,3.588870,-341.316990
2.426000,0.183290,0.592160,1.866210,161.799390,-342.682190,77106.093750,,3.588870,-341.316990
2.428000,0.183290,0.599850,1.773930,161.818340,-342.682190,77517.421880,,3.588870,-341.316990
2.430000,0.183290,0.612670,1.948240,161.837270,-342.682190,77768.437500,,3.590150,-341.316990
2.432000,0.183290,0.624210,2.112300,161.856170,-342.682190,77380.312500,1.000000,3.588870,-341.316990
2.434000,0.184570,0.624210,2.071290,161.875140,-342.682190,77493.171880,,3.591430,-341.316990
2.436000,0.184570,0.625490,1.907230,161.894120,-342.682190,77420.398440,,3.590150,-341.316990
2.438000,0.183290,0.620360,1.999510,161.913120,-342.682190,77296.992190,,3.590150,-341.316990
2.440000,0.184570,0.612670,1.958500,161.932140,-342.682190,77394.031250,1.000000,3.591430,-341.316990
2.442000,0.183290,0.602420,1.568850,161.951220,-342.682190,77195.742190,,3.590150,-341.316990
2.444000,0.184570,0.589600,1.784180,161.970310,-342.682190,77246.375000,,3.590150,-341.316990
2.446000,0.183290,0.574220,1.773930,161.989410,-342.682190,77157.781250,,3.588870,-341.316990
2.448000,0.185850,0.562680,1.855960,162.008500,-342.682190,77327.578130,1.000000,3.588870,-341.316990
2.450000,0.184570,0.556270,1.886720,162.027560,-342.682190,77666.132810,,3.588870,-341.316990
2.452000,0.185850,0.551150,1.712400,162.046590,-342.682190,77526.914060,,3.588870,-341.316990
2.454000,0.185850,0.544740,1.640630,162.065600,-342.682190,77328.632810,,3.591430,-341.316990
2.456000,0.184570,0.542180,1.599610,162.084590,-342.682190,77428.828130,1.000000,3.590150,-341.316990
2.458000,0.185850,0.538330,1.835450,162.103560,-342.682190,77246.375000,,3.590150,-341.316990
2.460000,0.185850,0.540890,1.907230,162.122500,-342.682190,77220.007810,,3.591430,-341.316990
2.462000,0.185850,0.551150,2.009770,162.141420,-342.682190,77397.195310,,3.590150,-341.316990
2.464000,0.185850,0.546020,1.917480,162.160340,-342.682190,77127.195310,1.000000,3.591430,-341.316990
2.466000,0.187130,0.558840,2.194340,162.179230,-342.682190,77039.656250,,3.588870,-341.316990
2.468000,0.185850,0.583190,1.794430,162.198030,-342.682190,77376.101560,,3.591430,-341.316990
2.470000,0.185850,0.624210,1.599610,162.216750,-342.682190,77289.617190,,3.590150,-341.316990
2.472000,0.185850,0.661380,1.712400,162.235430,-342.682190,77518.476560,1.000000,3.588870,-341.316990
2.474000,0.188420,0.684450,1.620120,162.254150,-342.682190,77291.718750,,3.590150,-341.316990
2.476000,0.185850,0.692140,1.753420,162.272920,-342.682190,77556.453130,,3.590150,-341.316990
2.478000,0.187130,0.693420,2.030270,162.291790,-342.682190,77556.453130,,3.588870,-341.316990
2.480000,0.188420,0.687010,1.681640,162.310750,-342.682190,77326.523440,1.000000,3.591430,-341.316960
2.482000,0.187130,0.669070,1.753420,162.329800,-342.682190,77314.921880,,3.590150,-341.316960
2.484000,0.187130,0.640870,1.671390,162.348970,-342.682190,77426.718750,,3.588870,-341.316960
2.486000,0.187130,0.604980,1.907230,162.368190,-342.682190,77006.953130,,3.588870,-341.316960
2.488000,0.187130,0.576780,1.937990,162.387440,-342.682190,77416.171880,1.000000,3.588870,-341.316960
2.490000,0.187130,0.557560,2.276370,162.406630,-342.682190,77249.531250,,3.588870,-341.316960
2.492000,0.187130,0.544740,2.102050,162.425800,-342.682190,77356.054690,,3.588870,-341.316960
2.494000,0.187130,0.535770,2.071290,162.444930,-342.682190,77408.796880,,3.590150,-341.316960
2.496000,0.185850,0.531920,1.784180,162.463970,-342.682190,77582.820310,1.000000,3.590150,-341.316960
2.498000,0.185850,0.533200,1.517580,162.482970,-342.682190,77417.226560,,3.590150,-341.316990
2.500000,0.187130,0.539610,1.425290,162.501910,-342.682190,77369.773440,,3.591430,-341.316990
2.502000,0.185850,0.540890,1.538090,162.520840,-342.682190,77339.187500,,3.590150,-341.316990
2.504000,0.185850,0.535770,1.794430,162.539810,-342.682190,77381.375000,1.000000,3.590150,-341.316990
2.506000,0.185850,0.524230,1.896970,162.558810,-342.682190,77368.710940,,3.590150,-341.316960
2.508000,0.185850,0.521670,1.855960,162.577760,-342.682190,77332.859380,,3.588870,-341.316990
2.510000,0.184570,0.530640,1.722660,162.596660,-342.682190,77263.250000,,3.588870,-341.316990
2.512000,0.184570,0.552430,1.825200,162.615510,-342.682190,77261.132810,1.000000,3.588870,-341.316990
2.514000,0.185850,0.576780,1.732910,162.634290,-342.682190,77286.453130,,3.588870,-341.316990
2.516000,0.184570,0.604980,1.999510,162.653030,-342.682190,77713.601560,,3.587590,-341.316990
2.518000,0.184570,0.639590,2.040530,162.671740,-342.682190,77491.062500,,3.590150,-341.316990
2.520000,0.184570,0.652400,1.743160,162.690520,-342.682190,77425.664060,1.000000,3.588870,-341.316990
2.522000,0.184570,0.672910,2.081540,162.709300,-342.682190,77639.773440,,3.591430,-341.316990
2.524000,0.184570,0.684450,1.855960,162.728120,-342.682190,77173.601560,,3.591430,-341.316990
2.526000,0.183290,0.683170,1.476560,162.747040,-342.682190,77389.812500,,3.590150,-341.316990
2.528000,0.184570,0.672910,1.671390,162.766020,-342.682190,77508.992190,1.000000,3.590150,-341.316990
2.528000,0.184570,0.672910,1.671390,162.766020,-342.682190,77508.992190,1.000000,3.590150,-341.316990
2.530000,0.183290,0.654970,1.445800,162.785080,-342.682190,77130.351560,,3.587590,-341.316990
2.532000,0.184570,0.629330,1.917480,162.804210,-342.682190,77243.210940,,3.587590,-341.316990
2.534000,0.184570,0.596010,1.907230,162.823390,-342.682190,77355.000000,,3.587590,-341.316990
2.536000,0.183290,0.570370,2.030270,162.842560,-342.682190,77301.218750,1.000000,3.586300,-341.316990
2.538000,0.183290,0.547300,1.763670,162.861720,-342.682190,77633.437500,,3.587590,-341.316990
2.540000,0.183290,0.530640,1.702150,162.880840,-342.682190,77298.046880,,3.587590,-341.316990
2.542000,0.182010,0.524230,1.702150,162.899920,-342.682190,77633.437500,,3.587590,-341.316990
2.544000,0.183290,0.513980,1.886720,162.918960,-342.682190,77362.390630,1.000000,3.590150,-341.316990
2.546000,0.183290,0.506290,1.927730,162.937990,-342.682190,77437.273440,,3.591430,-341.316990
2.548000,0.183290,0.508850,2.091800,162.956950,-342.682190,77388.757810,,3.590150,-341.316990
2.550000,0.182010,0.519100,2.081540,162.975890,-342.682190,77027.000000,,3.590150,-341.316990
2.552000,0.183290,0.528080,1.937990,162.994800,-342.682190,77305.437500,1.000000,3.590150,-341.316990
2.554000,0.183290,0.543460,1.538090,163.013660,-342.682190,77473.125000,,3.588870,-341.316990
2.556000,0.182010,0.571660,1.814940,163.032460,-342.682190,77307.539060,,3.587590,-341.316990
2.558000,0.183290,0.604980,1.630370,163.051190,-342.682190,77435.156250,,3.588870,-341.316990
2.560000,0.183290,0.634460,1.722660,163.069930,-342.682190,77681.960940,1.000000,3.587590,-341.316990
2.562000,0.183290,0.658810,1.917480,163.088670,-342.682190,77735.742190,,3.588870,-341.316990
2.564000,0.183290,0.678040,1.855960,163.107450,-342.682190,77453.085940,,3.588870,-341.316990
2.566000,0.183290,0.695980,1.732910,163.126280,-342.682190,77678.789060,,3.590150,-341.316990
2.568000,0.183290,0.702390,1.794430,163.145160,-342.682190,77220.007810,1.000000,3.588870,-341.316990
2.570000,0.183290,0.706240,1.773930,163.164090,-342.682190,77405.632810,,3.587590,-341.316990
2.572000,0.183290,0.699830,1.814940,163.183090,-342.682190,77342.343750,,3.587590,-341.316990
2.574000,0.184570,0.690860,2.214840,163.202130,-342.682190,77349.726560,,3.588870,-341.316990
2.576000,0.184570,0.690860,2.194340,163.221160,-342.682190,77086.062500,1.000000,3.586300,-341.316990
2.578000,0.183290,0.678040,2.245610,163.240220,-342.682190,77339.187500,,3.587590,-341.316990
2.580000,0.183290,0.676760,2.061040,163.259250,-342.682190,77531.132810,,3.587590,-341.316990
2.580000,0.183290,0.676760,2.061040,163.259250,-342.682190,77531.132810,,3.587590,-341.316990
2.582000,0.183290,0.662660,1.620120,163.278310,-342.682190,77601.804690,,3.587590,-341.316990
2.584000,0.184570,0.649840,1.599610,163.297390,-342.682190,77366.609380,1.000000,3.587590,-341.316990
2.586000,0.184570,0.633180,1.558590,163.316470,-342.682190,77723.085940,,3.587590,-341.316990
2.588000,0.185850,0.616520,1.773930,163.335540,-342.682190,77529.023440,,3.587590,-341.316990
2.590000,0.185850,0.597290,1.866210,163.354610,-342.682190,77182.031250,,3.587590,-341.316990
2.592000,0.184570,0.571660,1.784180,163.373720,-342.682190,77404.578130,1.000000,3.587590,-341.316990
2.594000,0.185850,0.556270,1.948240,163.392780,-342.682190,77292.781250,,3.587590,-341.316990
2.596000,0.185850,0.554990,1.958500,163.411790,-342.682190,77050.195310,,3.587590,-341.316990
2.598000,0.185850,0.563960,1.814940,163.430690,-342.682190,77408.796880,,3.587590,-341.316990
2.600000,0.185850,0.585750,1.999510,163.449550,-342.682190,77243.210940,1.000000,3.587590,-341.316990
2.602000,0.185850,0.608830,1.999510,163.468370,-342.682190,77473.125000,,3.587590,-341.316990
2.604000,0.185850,0.629330,2.102050,163.487180,-342.682190,77537.468750,,3.586300,-341.316990
2.606000,0.185850,0.643430,2.040530,163.506040,-342.682190,77534.296880,,3.588870,-341.316990
2.608000,0.187130,0.654970,1.825200,163.524900,-342.682190,77342.343750,1.000000,3.588870,-341.316990
2.610000,0.185850,0.661380,1.589360,163.543790,-342.682190,77204.187500,,3.587590,-341.316990
2.612000,0.187130,0.661380,1.712400,163.562740,-342.682190,77221.054690,,3.588870,-341.316990
2.614000,0.187130,0.652400,1.681640,163.581760,-342.682190,77427.781250,,3.587590,-341.316960
2.616000,0.187130,0.642150,1.896970,163.600800,-342.682190,77138.789060,1.000000,3.587590,-341.316990
2.618000,0.188420,0.625490,1.876460,163.619870,-342.682190,77324.414060,,3.586300,-341.316990
2.620000,0.187130,0.615230,2.061040,163.638950,-342.682190,77241.093750,,3.586300,-341.316990
2.622000,0.187130,0.604980,1.999510,163.658020,-342.682190,77234.773440,,3.586300,-341.316990
2.624000,0.187130,0.594730,1.855960,163.677080,-342.682190,77338.125000,1.000000,3.587590,-341.316990
2.626000,0.187130,0.589600,1.825200,163.696110,-342.682190,77523.750000,,3.585020,-341.316990
2.628000,0.185850,0.583190,1.845700,163.715090,-342.682190,77482.625000,,3.585020,-341.316990
2.630000,0.185850,0.589600,1.732910,163.734020,-342.682190,77620.781250,,3.586300,-341.316990
2.632000,0.185850,0.566530,2.009770,163.753020,-342.682190,77386.640630,1.000000,3.586300,-341.316990
2.634000,0.185850,0.565250,2.214840,163.771970,-342.682190,77284.335940,,3.587590,-341.316990
2.636000,0.184570,0.567810,2.050780,163.790890,-342.682190,77175.703130,,3.587590,-341.316990
2.638000,0.184570,0.581910,1.661130,163.809750,-342.682190,77417.226560,,3.587590,-341.316990
2.640000,0.183290,0.594730,1.804690,163.828570,-342.682190,77358.164060,1.000000,3.587590,-341.316990
2.642000,0.183290,0.608830,1.620120,163.847400,-342.682190,77262.195310,,3.586300,-341.316990
2.644000,0.184570,0.615230,1.825200,163.866230,-342.682190,77209.453130,,3.586300,-341.316990
2.646000,0.184570,0.620360,1.876460,163.885060,-342.682190,77366.609380,,3.585020,-341.316990
2.648000,0.185850,0.629330,1.876460,163.903900,-342.682190,77465.742190,1.000000,3.586300,-341.316990
2.650000,0.183290,0.635740,2.009770,163.922760,-342.682190,77462.585940,,3.587590,-341.316990
2.652000,0.183290,0.635740,1.876460,163.941680,-342.682190,77672.468750,,3.586300,-341.316990
2.654000,0.183290,0.638310,1.989260,163.960630,-342.682190,77350.789060,,3.587590,-341.316990
2.656000,0.184570,0.631900,1.835450,163.979630,-342.682190,77384.531250,1.000000,3.586300,-341.316990
2.658000,0.183290,0.629330,1.948240,163.998660,-342.682190,77484.726560,,3.586300,-341.316990
2.660000,0.183290,0.621640,1.979000,164.017700,-342.682190,77255.859380,,3.586300,-341.316990
2.662000,0.183290,0.612670,2.132810,164.036770,-342.682190,77159.890630,,3.586300,-341.316990
2.664000,0.182010,0.603700,1.907230,164.055850,-342.682190,77399.296880,1.000000,3.585020,-341.316990
2.666000,0.183290,0.599850,1.722660,164.074910,-342.682190,77140.906250,,3.583740,-341.316990
2.668000,0.182010,0.603700,1.630370,164.093920,-342.682190,77458.359380,,3.585020,-341.316990
2.670000,0.182010,0.602420,1.702150,164.112920,-342.682190,77418.289060,,3.587590,-341.316990
2.672000,0.183290,0.597290,1.671390,164.131930,-342.682190,77630.273440,1.000000,3.585020,-341.316990
2.674000,0.184570,0.589600,1.640630,164.150960,-342.682190,77511.093750,,3.586300,-341.316990
2.676000,0.183290,0.588320,1.671390,164.169950,-342.682190,77386.640630,,3.583740,-341.316990
2.678000,0.183290,0.590880,2.358400,164.188890,-342.682190,77173.601560,,3.587590,-341.316990
2.680000,0.198670,0.617800,2.153320,164.207720,-342.682190,77406.687500,1.000000,3.587590,-341.317050
2.682000,0.198670,0.665220,2.091800,164.226460,-342.682130,77067.078130,,3.563230,-341.317080
2.684000,0.188420,0.679320,1.979000,164.245240,-342.682130,77428.828130,,3.591430,-341.316990
2.686000,0.188420,0.681880,2.071290,164.264140,-342.682190,77073.406250,,3.576050,-341.316890
2.688000,0.194820,0.670350,1.958500,164.283140,-342.682190,77278.015630,1.000000,3.577330,-341.316890
2.688000,0.194820,0.670350,1.958500,164.283140,-342.682190,77278.015630,1.000000,3.577330,-341.316890
2.690000,0.197390,0.683170,2.307130,164.302030,-342.682190,77678.789060,,3.574770,-341.316960
2.692000,0.198670,0.684450,2.460940,164.320950,-342.682220,77360.281250,,3.592710,-341.316990
2.694000,0.215330,0.721620,2.102050,164.339720,-342.682190,77363.445310,,3.579900,-341.317050
2.696000,0.214050,0.766480,1.794430,164.358440,-342.682040,77481.562500,1.000000,3.536320,-341.317080
2.698000,0.199950,0.774170,1.804690,164.377270,-342.682070,77281.179690,,3.588870,-341.316990
2.700000,0.205080,0.744690,1.691890,164.396360,-342.682190,77367.656250,,3.565800,-341.316860
2.702000,0.206360,0.690860,1.784180,164.415620,-342.682190,77392.976560,,3.565800,-341.316860
2.704000,0.214050,0.651120,2.030270,164.434880,-342.682130,77138.789060,1.000000,3.556820,-341.316890
2.706000,0.217900,0.597290,3.199220,164.454180,-342.682220,77106.093750,,3.592710,-341.316960
2.708000,0.262760,0.612670,2.850590,164.473220,-342.682250,77372.929690,,3.570920,-341.317140
2.710000,0.270450,0.667790,2.368650,164.492020,-342.681850,77674.578130,,3.488890,-341.317260
2.712000,0.242250,0.662660,2.030270,164.511030,-342.681950,77463.640630,1.000000,3.573490,-341.317050
2.714000,0.225590,0.607540,1.794430,164.530350,-342.682160,77281.179690,,3.567080,-341.316710
2.716000,0.217900,0.539610,1.794430,164.549760,-342.682190,77684.070310,,3.545290,-341.316590
2.718000,0.238400,0.498600,2.266110,164.569080,-342.682040,77346.570310,,3.535030,-341.316710
2.720000,0.252500,0.457580,2.696780,164.588300,-342.682220,77141.960940,1.000000,3.585020,-341.316830
2.722000,0.285830,0.513980,2.450680,164.607070,-342.682280,77331.804690,,3.559390,-341.316990
2.724000,0.281980,0.607540,2.112300,164.625520,-342.681760,77230.546880,,3.456850,-341.317110
2.726000,0.257630,0.662660,1.937990,164.644060,-342.681880,77108.203130,,3.564510,-341.316930
2.728000,0.253780,0.646000,1.773930,164.662960,-342.682160,77483.671880,1.000000,3.555540,-341.316680
2.730000,0.244810,0.630620,1.763670,164.681930,-342.682160,77397.195310,,3.526060,-341.316590
2.732000,0.262760,0.607540,2.153320,164.700930,-342.682040,77473.125000,,3.514530,-341.316680
2.734000,0.276860,0.599850,3.424800,164.719890,-342.682280,77304.382810,,3.590150,-341.316740
2.736000,0.344790,0.687010,3.240230,164.738420,-342.682280,77649.257810,1.000000,3.546570,-341.317080
2.738000,0.358890,0.807500,2.717290,164.756670,-342.681550,77456.250000,,3.394040,-341.317290
2.740000,0.310180,0.857480,2.173830,164.775250,-342.681700,77255.859380,,3.552980,-341.316990
2.742000,0.266600,0.789550,1.896970,164.794420,-342.682130,77402.460940,,3.538880,-341.316440
2.744000,0.238400,0.745970,1.804690,164.813670,-342.682190,77372.929690,1.000000,3.532470,-341.316160
2.746000,0.262760,0.684450,2.337890,164.832990,-342.682010,76862.468750,,3.481200,-341.316280
2.748000,0.301210,0.625490,3.086430,164.852330,-342.682310,77382.421880,,3.586300,-341.316470
2.750000,0.340940,0.674190,2.686520,164.871220,-342.682220,77147.234380,,3.528630,-341.316740
2.752000,0.342220,0.744690,2.296880,164.889760,-342.681520,77346.570310,1.000000,3.379940,-341.316930
2.754000,0.303770,0.789550,1.917480,164.908510,-342.681760,77338.125000,,3.563230,-341.316710
2.756000,0.289670,0.702390,1.835450,164.927800,-342.682100,77342.343750,,3.523500,-341.316440
2.758000,0.270450,0.638310,1.763670,164.947220,-342.682130,77549.062500,,3.511960,-341.316280
2.760000,0.287110,0.529360,2.163570,164.966740,-342.681980,77502.656250,1.000000,3.479920,-341.316380
2.762000,0.316590,0.466550,3.999020,164.986210,-342.682340,77185.203130,,3.590150,-341.316500
2.764000,0.411440,0.538330,3.742680,165.005040,-342.682220,77472.070310,,3.513240,-341.316990
2.766000,0.439640,0.652400,2.953130,165.023410,-342.681300,76932.070310,,3.329960,-341.317320
2.768000,0.371700,0.713930,2.296880,165.042050,-342.681550,77274.851560,1.000000,3.535030,-341.316930
2.770000,0.298650,0.638310,1.968750,165.061230,-342.682100,77410.898440,,3.520940,-341.316160
2.772000,0.239690,0.597290,1.907230,165.080510,-342.682190,77190.468750,,3.519650,-341.315730
2.774000,0.251220,0.520390,2.317380,165.099790,-342.682010,77207.343750,,3.451720,-341.315770
2.776000,0.308900,0.484500,3.250490,165.119020,-342.682400,77601.804690,1.000000,3.587590,-341.316010
2.778000,0.366580,0.579350,3.004390,165.137620,-342.682190,77450.984380,,3.494020,-341.316410
2.780000,0.375550,0.693420,2.286620,165.155810,-342.681340,77480.515630,,3.336360,-341.316680
2.782000,0.325560,0.792110,1.968750,165.174260,-342.681640,77378.210940,,3.544010,-341.316500
2.784000,0.298650,0.728030,1.866210,165.193250,-342.682100,77313.867190,1.000000,3.497860,-341.316130
2.786000,0.264040,0.716490,1.671390,165.212360,-342.682100,77420.398440,,3.494020,-341.315890
2.788000,0.279420,0.624210,2.512210,165.231660,-342.681980,77173.601560,,3.449160,-341.315980
2.790000,0.320430,0.587040,4.142580,165.250950,-342.682460,77311.757810,,3.590150,-341.316160
2.792000,0.439640,0.666500,4.050290,165.269650,-342.682190,77251.640630,1.000000,3.470950,-341.316770
2.794000,0.488340,0.772890,2.983890,165.288010,-342.681150,77292.781250,,3.287660,-341.317260
2.796000,0.407590,0.821590,2.399410,165.306750,-342.681490,77436.218750,,3.511960,-341.316860
2.798000,0.310180,0.704960,1.927730,165.326170,-342.682100,77273.796880,,3.499150,-341.315980
2.800000,0.224300,0.649840,1.753420,165.345610,-342.682190,77341.289060,1.000000,3.499150,-341.315340
2.802000,0.216610,0.539610,2.450680,165.365140,-342.682040,77583.875000,,3.429930,-341.315280
2.804000,0.284550,0.487060,3.373540,165.384550,-342.682560,77112.429690,,3.582460,-341.315520
2.806000,0.364010,0.560120,3.106930,165.403260,-342.682250,77410.898440,,3.470950,-341.316040
2.808000,0.388370,0.662660,2.522460,165.421540,-342.681340,77389.812500,1.000000,3.312010,-341.316470
2.810000,0.337100,0.747250,2.071290,165.440020,-342.681700,77345.515630,,3.524780,-341.316310
2.812000,0.293520,0.684450,1.876460,165.459030,-342.682130,77401.406250,,3.483760,-341.315890
2.814000,0.243530,0.672910,1.497070,165.478120,-342.682130,77415.117190,,3.473510,-341.315550
2.816000,0.252500,0.570370,2.614750,165.497410,-342.682040,77323.359380,1.000000,3.437620,-341.315580
2.818000,0.299930,0.522950,4.470700,165.516720,-342.682590,77478.406250,,3.587590,-341.315800
2.820000,0.439640,0.613950,4.101560,165.535370,-342.682190,77550.125000,,3.438900,-341.316530
2.822000,0.505000,0.731870,3.106930,165.553630,-342.681090,77675.625000,,3.268430,-341.317170
2.824000,0.426820,0.790830,2.430180,165.572330,-342.681490,77256.921880,1.000000,3.492740,-341.316770
2.824000,0.426820,0.790830,2.430180,165.572330,-342.681490,77256.921880,1.000000,3.492740,-341.316770
2.826000,0.311460,0.695980,1.937990,165.591640,-342.682130,77486.835940,,3.483760,-341.315800
2.828000,0.202510,0.656250,1.825200,165.610960,-342.682190,77453.085940,,3.483760,-341.315060
2.830000,0.188420,0.562680,2.358400,165.630430,-342.682070,77100.828130,,3.417110,-341.314910
2.832000,0.260190,0.516540,3.435060,165.649750,-342.682680,77136.679690,1.000000,3.579900,-341.315190
2.834000,0.352480,0.603700,3.199220,165.668380,-342.682310,77450.984380,,3.449160,-341.315730
2.836000,0.383240,0.710080,2.676270,165.686650,-342.681340,77414.062500,,3.300480,-341.316280
2.838000,0.337100,0.789550,2.009770,165.705170,-342.681760,77437.273440,,3.515810,-341.316160
2.840000,0.285830,0.720340,1.722660,165.724290,-342.682190,77447.820310,1.000000,3.465820,-341.315700
2.842000,0.225590,0.701110,1.435550,165.743470,-342.682160,77508.992190,,3.458130,-341.315340
2.844000,0.230710,0.589600,2.430180,165.762950,-342.682070,77372.929690,,3.426090,-341.315340
2.846000,0.284550,0.534480,4.409180,165.782350,-342.682680,77318.093750,,3.582460,-341.315610
2.848000,0.428100,0.628050,4.491210,165.801010,-342.682190,77392.976560,1.000000,3.413270,-341.316380
2.850000,0.507570,0.740840,3.363280,165.819310,-342.681120,77221.054690,,3.259460,-341.317080
2.852000,0.431950,0.798520,2.604490,165.837980,-342.681580,77130.351560,,3.486330,-341.316710
2.854000,0.308900,0.692140,1.989260,165.857320,-342.682190,77495.281250,,3.470950,-341.315700
2.856000,0.184570,0.656250,1.927730,165.876540,-342.682250,77455.203130,1.000000,3.469670,-341.314910
2.858000,0.166630,0.563960,2.419920,165.895950,-342.682160,77249.531250,,3.413270,-341.314730
2.860000,0.244810,0.533200,3.558110,165.915120,-342.682740,77541.679690,,3.573490,-341.315000
2.862000,0.339660,0.634460,3.250490,165.933590,-342.682310,77641.882810,,3.427370,-341.315610
2.864000,0.379390,0.744690,2.686520,165.951770,-342.681400,77406.687500,1.000000,3.297910,-341.316190
2.866000,0.338380,0.824160,1.927730,165.970180,-342.681790,77763.171880,,3.505550,-341.316160
2.868000,0.279420,0.753660,1.896970,165.989240,-342.682220,77368.710940,,3.453000,-341.315670
2.870000,0.214050,0.739560,1.527830,166.008350,-342.682220,77403.523440,,3.450440,-341.315280
2.872000,0.216610,0.626770,2.748050,166.027820,-342.682160,77270.625000,1.000000,3.419680,-341.315250
2.874000,0.275570,0.565250,4.470700,166.047180,-342.682740,77234.773440,,3.577330,-341.315460
2.876000,0.419130,0.646000,4.552730,166.065920,-342.682190,77107.148440,,3.391480,-341.316310
2.878000,0.505000,0.734440,3.168460,166.084400,-342.681150,77282.226560,,3.250490,-341.317050
2.880000,0.434510,0.751100,2.625000,166.103320,-342.681640,77320.203130,1.000000,3.476070,-341.316710
2.882000,0.303770,0.622920,2.050780,166.122910,-342.682220,77619.726560,,3.453000,-341.315700
2.884000,0.173030,0.549870,1.917480,166.142460,-342.682310,77272.742190,,3.453000,-341.314880
2.886000,0.151250,0.415280,2.430180,166.162230,-342.682220,77629.226560,,3.405580,-341.314640
2.888000,0.233280,0.361450,3.537600,166.181660,-342.682860,77479.460940,1.000000,3.565800,-341.314910
2.890000,0.331970,0.455020,3.271000,166.200260,-342.682370,77289.617190,,3.409420,-341.315550
2.892000,0.374270,0.581910,2.625000,166.218410,-342.681490,77240.039060,,3.296630,-341.316160
2.894000,0.339660,0.679320,2.091800,166.236740,-342.681920,77496.328130,,3.496580,-341.316160
2.896000,0.278140,0.628050,1.979000,166.255680,-342.682310,77252.695310,1.000000,3.442750,-341.315700
2.898000,0.207640,0.634460,1.527830,166.274580,-342.682280,77369.773440,,3.441470,-341.315310
2.900000,0.207640,0.547300,3.199220,166.293840,-342.682220,77292.781250,,3.411990,-341.315250
2.902000,0.267880,0.519100,4.511720,166.312960,-342.682800,77252.695310,,3.569640,-341.315460
2.904000,0.415280,0.621640,4.480960,166.331450,-342.682190,77473.125000,1.000000,3.364560,-341.316280
2.906000,0.502440,0.737000,3.322270,166.349690,-342.681210,77645.046880,,3.244080,-341.317080
2.908000,0.434510,0.770320,2.583980,166.368380,-342.681760,77474.179690,,3.468380,-341.316740
2.910000,0.305050,0.679320,2.132810,166.387710,-342.682310,77365.546880,,3.437620,-341.315730
2.912000,0.169190,0.657530,1.804690,166.406920,-342.682370,77310.703130,1.000000,3.441470,-341.314880
2.914000,0.143550,0.549870,2.625000,166.426410,-342.682310,77327.578130,,3.397890,-341.314640
2.916000,0.225590,0.522950,3.517090,166.445590,-342.682980,76972.148440,,3.565800,-341.314880
2.918000,0.323000,0.625490,3.373540,166.464050,-342.682430,77283.281250,,3.388920,-341.315520
2.920000,0.369140,0.743410,2.840330,166.482190,-342.681580,77483.671880,1.000000,3.296630,-341.316160
2.922000,0.338380,0.817750,2.204590,166.500610,-342.682040,77236.875000,,3.486330,-341.316190
2.924000,0.278140,0.742130,1.917480,166.519740,-342.682370,77457.304690,,3.431210,-341.315730
2.926000,0.206360,0.708800,1.650880,166.538960,-342.682310,77666.132810,,3.428650,-341.315340
2.928000,0.205080,0.572940,2.768550,166.558590,-342.682310,77266.406250,1.000000,3.404300,-341.315250
2.930000,0.265320,0.510130,4.604000,166.578110,-342.682860,77467.859380,,3.564510,-341.315460
2.932000,0.414000,0.571660,4.409180,166.596970,-342.682280,77415.117190,,3.346620,-341.316280
2.934000,0.502440,0.652400,3.404300,166.615570,-342.681340,77265.351560,,3.244080,-341.317080
2.936000,0.433230,0.663940,2.645510,166.634520,-342.681880,77306.484380,1.000000,3.464540,-341.316740
2.938000,0.303770,0.560120,2.132810,166.654010,-342.682400,77339.187500,,3.432500,-341.315730
2.940000,0.166630,0.542180,1.999510,166.673290,-342.682460,77310.703130,,3.431210,-341.314880
2.942000,0.142270,0.429380,2.727540,166.692830,-342.682430,77154.617190,,3.396610,-341.314610
2.944000,0.223020,0.414000,3.691410,166.711980,-342.683010,77365.546880,1.000000,3.561950,-341.314850
2.946000,0.325560,0.520390,3.506840,166.730390,-342.682460,77508.992190,,3.365840,-341.315520
2.948000,0.374270,0.653690,2.645510,166.748460,-342.681610,77414.062500,,3.296630,-341.316190
2.950000,0.343510,0.747250,2.153320,166.766770,-342.682070,77609.187500,,3.474790,-341.316190
2.952000,0.279420,0.704960,1.907230,166.785720,-342.682430,77647.148440,1.000000,3.424800,-341.315730
2.954000,0.207640,0.719060,1.527830,166.804640,-342.682370,77353.945310,,3.420960,-341.315310
2.956000,0.205080,0.620360,2.748050,166.824010,-342.682400,77179.921880,,3.404300,-341.315190
2.958000,0.269170,0.592160,4.552730,166.843200,-342.682950,77350.789060,,3.560670,-341.315430
2.960000,0.420410,0.688290,4.604000,166.861760,-342.682280,77101.875000,1.000000,3.333800,-341.316280
2.962000,0.508850,0.792110,3.496580,166.880160,-342.681400,77137.734380,,3.249210,-341.317050
2.964000,0.438350,0.781860,2.850590,166.899080,-342.681950,77284.335940,,3.461980,-341.316740
2.966000,0.307620,0.667790,2.296880,166.918590,-342.682430,77224.218750,,3.431210,-341.315700
2.968000,0.165340,0.639590,1.937990,166.937960,-342.682460,77435.156250,1.000000,3.417110,-341.314790
2.968000,0.165340,0.639590,1.937990,166.937960,-342.682460,77435.156250,1.000000,3.417110,-341.314790
2.970000,0.139710,0.499880,2.625000,166.957660,-342.682460,77492.117190,,3.400450,-341.314510
2.972000,0.220460,0.452450,3.670900,166.977050,-342.683070,77541.679690,,3.556820,-341.314790
2.974000,0.329410,0.517820,3.281250,166.995730,-342.682460,77444.648440,,3.354310,-341.315460
2.976000,0.374270,0.617800,2.512210,167.014040,-342.681700,77348.679690,1.000000,3.304320,-341.316130
2.978000,0.342220,0.683170,2.204590,167.032560,-342.682160,77366.609380,,3.470950,-341.316160
2.980000,0.279420,0.622920,1.958500,167.051620,-342.682460,77455.203130,,3.423520,-341.315670
2.982000,0.206360,0.626770,1.538090,167.070620,-342.682430,77225.273440,,3.415830,-341.315250
2.984000,0.206360,0.505000,2.942870,167.090070,-342.682460,77267.460940,1.000000,3.408140,-341.315190
2.986000,0.274290,0.469120,4.727050,167.109330,-342.682980,77022.781250,,3.554260,-341.315400
2.988000,0.429380,0.552430,4.450200,167.127940,-342.682250,77227.390630,,3.314580,-341.316250
2.990000,0.517820,0.640870,3.517090,167.146390,-342.681400,77648.203130,,3.253050,-341.317050
2.992000,0.443480,0.647280,2.850590,167.165280,-342.682010,77507.937500,1.000000,3.453000,-341.316710
2.994000,0.308900,0.551150,2.266110,167.184740,-342.682460,77332.859380,,3.427370,-341.315610
2.996000,0.160220,0.543460,1.866210,167.203980,-342.682460,77398.242190,,3.406860,-341.314700
2.998000,0.133300,0.433230,2.748050,167.223480,-342.682560,77248.476560,,3.404300,-341.314420
3.000000,0.215330,0.433230,3.486330,167.242570,-342.683140,77455.203130,1.000000,3.552980,-341.314640
3.002000,0.325560,0.534480,3.260740,167.260960,-342.682500,77305.437500,,3.346620,-341.315370
3.004000,0.375550,0.663940,2.460940,167.279070,-342.681760,77299.101560,,3.317140,-341.316070
3.006000,0.346070,0.742130,2.286620,167.297420,-342.682220,77047.031250,,3.465820,-341.316100
3.008000,0.280700,0.704960,1.999510,167.316360,-342.682500,77312.812500,1.000000,3.422240,-341.315610
3.010000,0.202510,0.721620,1.630370,167.335300,-342.682430,77349.726560,,3.413270,-341.315190
3.012000,0.202510,0.602420,3.076170,167.354770,-342.682530,77476.296880,,3.411990,-341.315090
3.014000,0.274290,0.560120,4.542480,167.374100,-342.683010,77087.109380,,3.549130,-341.315340
3.016000,0.425540,0.625490,4.337400,167.392870,-342.682280,77861.257810,1.000000,3.305600,-341.316190
3.018000,0.517820,0.689580,3.547850,167.411540,-342.681490,77457.304690,,3.272280,-341.316990
3.020000,0.442200,0.687010,2.727540,167.430560,-342.682070,77366.609380,,3.458130,-341.316620
3.022000,0.308900,0.589600,2.194340,167.450030,-342.682500,77424.617190,,3.431210,-341.315550
3.024000,0.161500,0.588320,1.999510,167.469270,-342.682500,77446.757810,1.000000,3.409420,-341.314640
3.026000,0.134580,0.470400,2.922360,167.488740,-342.682590,77041.757810,,3.411990,-341.314360
3.028000,0.217900,0.471680,3.568360,167.507830,-342.683110,77256.921880,,3.551700,-341.314640
3.030000,0.330690,0.554990,3.424800,167.526260,-342.682460,77267.460940,,3.338930,-341.315340
3.032000,0.380680,0.660100,2.655760,167.544460,-342.681760,77424.617190,1.000000,3.323550,-341.316040
3.034000,0.351200,0.706240,2.245610,167.563020,-342.682220,77467.859380,,3.464540,-341.316100
3.036000,0.283260,0.640870,1.896970,167.582120,-342.682500,77712.546880,,3.423520,-341.315610
3.038000,0.202510,0.649840,1.630370,167.601150,-342.682430,77341.289060,,3.410710,-341.315160
3.040000,0.201230,0.533200,2.953130,167.620610,-342.682560,77311.757810,1.000000,3.419680,-341.315060
3.042000,0.275570,0.508850,4.624510,167.639860,-342.683010,77187.312500,,3.547850,-341.315310
3.044000,0.430660,0.585750,4.347660,167.658510,-342.682220,77402.460940,,3.295350,-341.316160
3.046000,0.521670,0.656250,3.496580,167.677080,-342.681490,77120.859380,,3.282530,-341.316990
3.048000,0.444760,0.651120,2.778810,167.696040,-342.682100,77292.781250,1.000000,3.461980,-341.316590
3.050000,0.310180,0.557560,2.194340,167.715480,-342.682500,77364.500000,,3.433780,-341.315490
3.052000,0.158940,0.566530,1.999510,167.734700,-342.682460,77069.187500,,3.406860,-341.314610
3.054000,0.133300,0.430660,2.778810,167.754260,-342.682590,77306.484380,,3.420960,-341.314330
3.056000,0.216610,0.429380,3.465820,167.773420,-342.683070,77418.289060,1.000000,3.547850,-341.314610
3.058000,0.329410,0.499880,3.291500,167.791990,-342.682430,77342.343750,,3.328670,-341.315310
3.060000,0.378110,0.596010,2.440430,167.810290,-342.681760,77512.148440,,3.337650,-341.316040
3.062000,0.349910,0.642150,2.266110,167.828890,-342.682220,77683.015630,,3.465820,-341.316070
3.064000,0.283260,0.596010,2.112300,167.847960,-342.682500,77280.117190,1.000000,3.426090,-341.315580
3.066000,0.201230,0.621640,1.681640,167.866930,-342.682430,77453.085940,,3.411990,-341.315160
3.068000,0.201230,0.517820,3.332520,167.886260,-342.682590,77357.109380,,3.428650,-341.315030
3.070000,0.279420,0.524230,4.675780,167.905350,-342.683010,77241.093750,,3.547850,-341.315310
3.072000,0.435790,0.601140,4.521970,167.923890,-342.682190,77168.320310,1.000000,3.285100,-341.316160
3.074000,0.525510,0.663940,3.496580,167.942410,-342.681490,77402.460940,,3.296630,-341.316990
3.076000,0.447330,0.649840,2.912110,167.961380,-342.682070,77654.539060,,3.463260,-341.316590
3.078000,0.310180,0.561400,2.255860,167.980800,-342.682460,77587.039060,,3.433780,-341.315460
3.080000,0.157650,0.580630,1.907230,167.999940,-342.682430,77273.796880,1.000000,3.405580,-341.314580
3.082000,0.133300,0.467830,2.707030,168.019320,-342.682590,77559.609380,,3.431210,-341.314270
3.084000,0.216610,0.493470,3.414550,168.038330,-342.683070,77170.437500,,3.544010,-341.314540
3.086000,0.330690,0.571660,3.188960,168.056730,-342.682370,77348.679690,,3.326110,-341.315280
3.088000,0.376830,0.680600,2.563480,168.074910,-342.681760,77460.468750,1.000000,3.351750,-341.315980
3.090000,0.349910,0.722900,2.337890,168.093440,-342.682280,77231.609380,,3.470950,-341.316040
3.092000,0.283260,0.678040,2.153320,168.112460,-342.682500,77228.445310,,3.431210,-341.315520
3.094000,0.202510,0.702390,1.835450,168.131440,-342.682370,77556.453130,,3.415830,-341.315090
3.096000,0.202510,0.580630,3.496580,168.150880,-342.682590,77293.835940,1.000000,3.441470,-341.314970
3.098000,0.279420,0.562680,4.757810,168.170140,-342.682980,77310.703130,,3.538880,-341.315280
3.100000,0.435790,0.624210,4.214360,168.188870,-342.682100,77400.351560,,3.279970,-341.316160
3.102000,0.522950,0.665220,3.322270,168.207640,-342.681460,77632.390630,,3.305600,-341.316930
3.104000,0.444760,0.635740,2.717290,168.226850,-342.682100,77416.171880,1.000000,3.468380,-341.316500
3.106000,0.308900,0.529360,2.286620,168.246440,-342.682460,77462.585940,,3.437620,-341.315400
3.108000,0.157650,0.537050,2.225100,168.265760,-342.682400,77427.781250,,3.408140,-341.314510
3.110000,0.135860,0.414000,2.891600,168.285280,-342.682590,77197.851560,,3.446590,-341.314240
3.112000,0.221740,0.444760,3.445310,168.304350,-342.683040,77201.023440,1.000000,3.546570,-341.314510
3.114000,0.338380,0.520390,3.188960,168.322770,-342.682310,77431.992190,,3.326110,-341.315280
3.116000,0.383240,0.625490,2.491700,168.341020,-342.681760,77261.132810,,3.360720,-341.315980
3.118000,0.355040,0.666500,2.255860,168.359620,-342.682250,77238.984380,,3.476070,-341.316010
3.120000,0.283260,0.628050,2.081540,168.378630,-342.682460,77573.320310,1.000000,3.435060,-341.315460
3.122000,0.205080,0.653690,1.917480,168.397580,-342.682340,77658.750000,,3.418400,-341.315060
3.124000,0.203800,0.552430,3.476070,168.416920,-342.682560,77202.078130,,3.453000,-341.314910
3.126000,0.288390,0.571660,4.747560,168.435970,-342.682920,77491.062500,,3.537600,-341.315250
3.128000,0.442200,0.661380,4.419430,168.454470,-342.682010,77162.000000,1.000000,3.276120,-341.316160
3.130000,0.530640,0.698550,3.363280,168.473050,-342.681430,77215.789060,,3.320980,-341.316890
3.132000,0.451170,0.674190,2.830080,168.492140,-342.682100,77241.093750,,3.478640,-341.316500
3.134000,0.311460,0.580630,2.460940,168.511570,-342.682430,77426.718750,,3.442750,-341.315340
3.136000,0.156370,0.611390,2.471190,168.530700,-342.682310,76986.914060,1.000000,3.410710,-341.314450
3.138000,0.133300,0.488340,3.065920,168.550110,-342.682560,77355.000000,,3.458130,-341.314150
3.140000,0.220460,0.508850,3.660640,168.569170,-342.683010,77389.812500,,3.544010,-341.314450
3.142000,0.337100,0.566530,3.229980,168.587650,-342.682220,77556.453130,,3.320980,-341.315190
3.144000,0.383240,0.643430,2.440430,168.606020,-342.681730,77430.937500,1.000000,3.374820,-341.315920
3.144000,0.383240,0.643430,2.440430,168.606020,-342.681730,77430.937500,1.000000,3.374820,-341.315920
3.146000,0.355040,0.651120,2.132810,168.624790,-342.682250,77786.375000,,3.485050,-341.315920
3.148000,0.280700,0.596010,2.020020,168.643940,-342.682430,77608.132810,,3.436340,-341.315430
3.150000,0.203800,0.611390,1.948240,168.662990,-342.682310,77386.640630,,3.424800,-341.315000
3.152000,0.205080,0.494750,3.578610,168.682420,-342.682560,77154.617190,1.000000,3.465820,-341.314910
3.154000,0.289670,0.507570,4.973140,168.701570,-342.682890,77360.281250,,3.536320,-341.315250
3.156000,0.440920,0.576780,4.532230,168.720170,-342.681920,77080.789060,,3.273560,-341.316130
3.158000,0.529360,0.604980,3.455570,168.738890,-342.681400,77425.664060,,3.332520,-341.316890
3.160000,0.449890,0.556270,3.014650,168.758130,-342.682100,77251.640630,1.000000,3.485050,-341.316440
3.162000,0.307620,0.452450,2.522460,168.777690,-342.682400,77401.406250,,3.446590,-341.315340
3.164000,0.156370,0.463990,2.378910,168.796970,-342.682280,77543.796880,,3.410710,-341.314420
3.166000,0.135860,0.349910,3.055660,168.816410,-342.682560,77665.078130,,3.472230,-341.314150
3.168000,0.220460,0.396060,3.527340,168.835400,-342.682980,77455.203130,1.000000,3.544010,-341.314450
3.170000,0.337100,0.478090,3.127440,168.853710,-342.682160,77366.609380,,3.323550,-341.315220
3.172000,0.387080,0.589600,2.317380,168.871920,-342.681730,77324.414060,,3.394040,-341.315950
3.174000,0.358890,0.626770,2.235350,168.890460,-342.682220,77458.359380,,3.490170,-341.315950
3.176000,0.279420,0.610110,2.102050,168.909350,-342.682370,77134.578130,1.000000,3.441470,-341.315430
3.178000,0.203800,0.658810,2.091800,168.928150,-342.682280,77310.703130,,3.429930,-341.315000
3.180000,0.206360,0.576780,3.773440,168.947310,-342.682530,77233.710940,,3.479920,-341.314910
3.182000,0.293520,0.613950,5.003910,168.966250,-342.682860,76999.578130,,3.533750,-341.315250
3.184000,0.443480,0.681880,4.439940,168.984790,-342.681820,77382.421880,1.000000,3.272280,-341.316160
3.186000,0.530640,0.701110,3.383790,169.003510,-342.681400,77657.695310,,3.344060,-341.316890
3.188000,0.447330,0.643430,2.737790,169.022800,-342.682070,77488.945310,,3.490170,-341.316440
3.190000,0.302490,0.548580,2.460940,169.042360,-342.682340,77640.828130,,3.450440,-341.315310
3.192000,0.156370,0.553710,2.378910,169.061650,-342.682250,77558.554690,1.000000,3.413270,-341.314420
3.194000,0.138430,0.438350,3.127440,169.081130,-342.682530,77159.890630,,3.483760,-341.314120
3.196000,0.223020,0.476810,3.517090,169.100190,-342.682920,77352.890630,,3.537600,-341.314450
3.198000,0.335820,0.538330,3.260740,169.118610,-342.682070,77310.703130,,3.324830,-341.315220
3.200000,0.387080,0.626770,2.512210,169.136960,-342.681700,77329.687500,1.000000,3.404300,-341.315950
3.202000,0.356320,0.630620,2.266110,169.155730,-342.682220,77148.281250,,3.494020,-341.315950
3.204000,0.279420,0.592160,2.143070,169.174820,-342.682310,77468.906250,,3.445310,-341.315430
3.206000,0.207640,0.608830,2.327640,169.193830,-342.682220,77305.437500,,3.432500,-341.315030
3.208000,0.208920,0.520390,3.865720,169.213130,-342.682500,77306.484380,1.000000,3.491460,-341.314910
3.210000,0.299930,0.546020,5.014160,169.232190,-342.682800,77281.179690,,3.531190,-341.315280
3.212000,0.446040,0.619080,4.368160,169.250760,-342.681760,77546.953130,,3.268430,-341.316160
3.214000,0.530640,0.635740,3.353030,169.269530,-342.681370,77334.960940,,3.362000,-341.316890
3.216000,0.444760,0.580630,2.676270,169.288820,-342.682070,77488.945310,1.000000,3.496580,-341.316410
3.218000,0.299930,0.503720,2.368650,169.308300,-342.682310,77453.085940,,3.456850,-341.315250
3.220000,0.157650,0.530640,2.542970,169.327470,-342.682190,77193.632810,,3.415830,-341.314390
3.222000,0.140990,0.438350,3.240230,169.346820,-342.682530,77025.937500,,3.495300,-341.314120
3.224000,0.229430,0.493470,3.619630,169.365740,-342.682890,77305.437500,1.000000,3.537600,-341.314480
3.226000,0.338380,0.571660,3.486330,169.384060,-342.682010,77159.890630,,3.323550,-341.315250
3.228000,0.387080,0.670350,2.440430,169.402360,-342.681670,77471.015630,,3.418400,-341.315950
3.230000,0.355040,0.675480,2.143070,169.421110,-342.682190,77710.429690,,3.499150,-341.315920
3.232000,0.275570,0.643430,2.091800,169.440220,-342.682310,77535.359380,1.000000,3.447880,-341.315400
3.234000,0.208920,0.656250,2.112300,169.459260,-342.682190,77323.359380,,3.438900,-341.315000
3.236000,0.211490,0.562680,3.752930,169.478620,-342.682500,77269.570310,,3.500430,-341.314910
3.238000,0.307620,0.584470,5.106450,169.497730,-342.682740,77132.460940,,3.526060,-341.315280
3.240000,0.453740,0.643430,4.491210,169.516370,-342.681670,77433.054690,1.000000,3.265870,-341.316190
3.242000,0.533200,0.656250,3.394040,169.535200,-342.681370,76999.578130,,3.378660,-341.316890
3.244000,0.442200,0.578060,2.953130,169.554600,-342.682070,77329.687500,,3.502990,-341.316380
3.246000,0.294800,0.485780,2.583980,169.574160,-342.682310,77217.898440,,3.456850,-341.315220
3.248000,0.153810,0.497310,2.481450,169.593400,-342.682190,77292.781250,1.000000,3.418400,-341.314360
3.250000,0.140990,0.403750,3.301760,169.612790,-342.682530,77672.468750,,3.506840,-341.314090
3.252000,0.234560,0.447330,3.588870,169.631730,-342.682860,77555.398440,,3.529910,-341.314480
3.254000,0.342220,0.522950,3.229980,169.650040,-342.681920,77292.781250,,3.323550,-341.315280
3.256000,0.388370,0.608830,2.214840,169.668350,-342.681700,77477.351560,1.000000,3.428650,-341.315980
3.258000,0.355040,0.602420,2.153320,169.687100,-342.682190,77516.375000,,3.501710,-341.315920
3.260000,0.275570,0.585750,1.855960,169.706100,-342.682280,77337.070310,,3.446590,-341.315400
3.262000,0.208920,0.612670,2.143070,169.725020,-342.682190,77285.390630,,3.442750,-341.315000
3.264000,0.212770,0.540890,3.927250,169.744250,-342.682500,77107.148440,1.000000,3.509400,-341.314910
3.266000,0.312740,0.576780,5.403810,169.763180,-342.682710,77056.523440,,3.519650,-341.315310
3.268000,0.451170,0.660100,4.480960,169.781680,-342.681610,77256.921880,,3.263310,-341.316190
3.270000,0.524230,0.681880,3.455570,169.800450,-342.681400,77369.773440,,3.388920,-341.316860
3.272000,0.435790,0.610110,2.778810,169.819810,-342.682100,77678.789060,1.000000,3.504270,-341.316310
3.274000,0.292240,0.533200,2.399410,169.839360,-342.682280,77391.921880,,3.453000,-341.315190
3.276000,0.156370,0.528080,2.389160,169.858640,-342.682160,77899.218750,,3.417110,-341.314360
3.278000,0.147400,0.431950,3.353030,169.878130,-342.682560,77505.828130,,3.515810,-341.314150
3.280000,0.244810,0.471680,3.629880,169.897130,-342.682830,77193.632810,1.000000,3.524780,-341.314540
3.282000,0.346070,0.551150,3.260740,169.915500,-342.681880,77389.812500,,3.314580,-341.315340
3.284000,0.385800,0.629330,2.307130,169.933940,-342.681700,77539.578130,,3.437620,-341.316010
3.286000,0.351200,0.608830,2.163570,169.952820,-342.682190,77114.531250,,3.499150,-341.315950
3.288000,0.271730,0.579350,1.927730,169.971970,-342.682250,77319.140630,1.000000,3.447880,-341.315370
3.290000,0.207640,0.590880,2.348140,169.990980,-342.682160,77229.500000,,3.441470,-341.315000
3.292000,0.215330,0.531920,4.193850,170.010250,-342.682530,77149.335940,,3.518370,-341.314910
3.294000,0.324280,0.570370,5.198730,170.029170,-342.682680,77243.210940,,3.514530,-341.315340
3.296000,0.462710,0.647280,4.501460,170.047670,-342.681520,77422.507810,1.000000,3.254330,-341.316280
3.296000,0.462710,0.647280,4.501460,170.047670,-342.681520,77422.507810,1.000000,3.254330,-341.316280
3.298000,0.531920,0.654970,3.394040,170.066470,-342.681370,77370.820310,,3.396610,-341.316930
3.300000,0.440920,0.571660,2.573730,170.085820,-342.682100,77450.984380,,3.505550,-341.316350
3.302000,0.289670,0.502440,2.337890,170.105260,-342.682250,77413.007810,,3.450440,-341.315190
3.304000,0.151250,0.519100,2.419920,170.124390,-342.682160,77337.070310,1.000000,3.415830,-341.314360
3.306000,0.140990,0.446040,3.281250,170.143680,-342.682560,77124.023440,,3.515810,-341.314090
3.308000,0.243530,0.498600,3.824710,170.162490,-342.682800,77229.500000,,3.518370,-341.314510
3.310000,0.344790,0.592160,3.363280,170.180710,-342.681850,77362.390630,,3.306880,-341.315340
3.312000,0.388370,0.672910,2.542970,170.199040,-342.681730,77290.671880,1.000000,3.447880,-341.316040
3.314000,0.353760,0.647280,2.112300,170.217880,-342.682220,77454.140630,,3.497860,-341.315950
3.316000,0.267880,0.622920,2.050780,170.236980,-342.682250,77840.156250,,3.444030,-341.315400
3.318000,0.203800,0.617800,2.163570,170.256040,-342.682160,77414.062500,,3.442750,-341.315000
3.320000,0.215330,0.547300,3.958010,170.275410,-342.682560,77300.156250,1.000000,3.523500,-341.314910
3.322000,0.328130,0.571660,5.239750,170.294450,-342.682650,77542.734380,,3.502990,-341.315370
3.324000,0.462710,0.638310,4.552730,170.313100,-342.681490,77132.460940,,3.245360,-341.316310
3.326000,0.528080,0.625490,3.271000,170.332090,-342.681370,77359.226560,,3.404300,-341.316890
3.328000,0.433230,0.519100,2.717290,170.351650,-342.682130,77296.992190,1.000000,3.501710,-341.316310
3.330000,0.284550,0.451170,2.122560,170.371250,-342.682250,77156.726560,,3.449160,-341.315160
3.332000,0.149960,0.447330,2.501950,170.390520,-342.682130,77145.117190,,3.414550,-341.314360
3.334000,0.144840,0.375550,3.383790,170.409910,-342.682590,77360.281250,,3.524780,-341.314120
3.336000,0.251220,0.428100,3.988770,170.428770,-342.682770,77424.617190,1.000000,3.515810,-341.314580
3.338000,0.348630,0.522950,3.414550,170.447020,-342.681790,77397.195310,,3.301760,-341.315400
3.340000,0.392210,0.602420,2.358400,170.465330,-342.681730,77450.984380,,3.456850,-341.316040
3.342000,0.352480,0.587040,2.071290,170.484130,-342.682220,77622.898440,,3.496580,-341.315980
3.344000,0.266600,0.581910,1.804690,170.503160,-342.682250,77594.421880,1.000000,3.441470,-341.315400
3.346000,0.205080,0.601140,1.937990,170.522050,-342.682130,78005.750000,,3.441470,-341.315000
3.348000,0.217900,0.567810,4.060550,170.541170,-342.682590,77275.906250,,3.528630,-341.314910
3.350000,0.338380,0.626770,5.373050,170.559910,-342.682620,76981.648440,,3.496580,-341.315430
3.352000,0.471680,0.733150,4.768070,170.578230,-342.681460,77136.679690,1.000000,3.242800,-341.316350
3.354000,0.533200,0.745970,3.435060,170.596970,-342.681400,77487.890630,,3.414550,-341.316930
3.356000,0.433230,0.658810,2.860840,170.616300,-342.682160,77368.710940,,3.504270,-341.316280
3.358000,0.279420,0.602420,2.225100,170.635710,-342.682250,77462.585940,,3.450440,-341.315120
3.360000,0.151250,0.611390,2.317380,170.654850,-342.682130,77635.546880,1.000000,3.414550,-341.314330
3.362000,0.146120,0.533200,3.353030,170.674220,-342.682590,77568.054690,,3.527340,-341.314090
3.364000,0.255070,0.562680,3.834960,170.693150,-342.682740,77500.546880,,3.502990,-341.314540
3.366000,0.347350,0.637020,3.353030,170.711550,-342.681760,77710.429690,,3.296630,-341.315370
3.368000,0.389650,0.690860,2.501950,170.730090,-342.681730,77399.296880,1.000000,3.461980,-341.316040
3.370000,0.349910,0.642150,2.225100,170.749160,-342.682220,77351.843750,,3.494020,-341.315920
3.372000,0.265320,0.607540,1.743160,170.768430,-342.682220,77400.351560,,3.437620,-341.315340
3.374000,0.206360,0.598570,2.296880,170.787580,-342.682130,77340.234380,,3.441470,-341.315000
3.376000,0.221740,0.540890,4.398930,170.806980,-342.682620,77180.976560,1.000000,3.535030,-341.314910
3.378000,0.343510,0.581910,5.588380,170.825930,-342.682590,77195.742190,,3.487610,-341.315430
3.380000,0.472960,0.660100,4.819340,170.844480,-342.681370,77604.960940,,3.238950,-341.316350
3.382000,0.535770,0.649840,3.465820,170.863430,-342.681400,77601.804690,,3.423520,-341.316890
3.384000,0.431950,0.533200,2.512210,170.883010,-342.682160,77340.234380,1.000000,3.504270,-341.316220
3.386000,0.276860,0.465270,1.999510,170.902590,-342.682190,77755.789060,,3.446590,-341.315060
3.388000,0.149960,0.467830,2.194340,170.921810,-342.682070,77394.031250,,3.417110,-341.314240
3.390000,0.146120,0.406310,3.271000,170.941180,-342.682620,76957.390630,,3.532470,-341.314090
3.392000,0.262760,0.457580,3.927250,170.959930,-342.682680,77203.125000,1.000000,3.497860,-341.314540
3.394000,0.352480,0.569090,3.629880,170.978120,-342.681700,77361.335940,,3.294070,-341.315370
3.396000,0.396060,0.660100,2.737790,170.996400,-342.681760,77307.539060,,3.474790,-341.316040
3.398000,0.353760,0.654970,2.163570,171.015140,-342.682250,77543.796880,,3.494020,-341.315890
3.400000,0.265320,0.667790,1.876460,171.034040,-342.682220,77510.046880,1.000000,3.438900,-341.315340
3.402000,0.207640,0.694700,2.296880,171.052840,-342.682130,77291.718750,,3.442750,-341.314940
3.404000,0.224300,0.660100,4.347660,171.071930,-342.682650,77424.617190,,3.544010,-341.314910
3.406000,0.351200,0.703670,5.444820,171.090710,-342.682530,77604.960940,,3.476070,-341.315400
3.408000,0.479370,0.775450,4.788570,171.109220,-342.681300,77738.906250,1.000000,3.228700,-341.316310
3.410000,0.537050,0.742130,3.465820,171.128270,-342.681370,77382.421880,,3.428650,-341.316860
3.412000,0.429380,0.610110,2.594240,171.147950,-342.682160,77399.296880,,3.497860,-341.316160
3.414000,0.274290,0.528080,2.214840,171.167630,-342.682190,77585.984380,,3.444030,-341.314970
3.416000,0.149960,0.506290,2.389160,171.187030,-342.682070,76789.695310,1.000000,3.411990,-341.314210
3.418000,0.151250,0.428100,3.342770,171.206530,-342.682680,77187.312500,,3.541440,-341.314060
3.420000,0.270450,0.469120,4.173340,171.225400,-342.682650,77207.343750,,3.492740,-341.314540
3.422000,0.358890,0.552430,3.629880,171.243740,-342.681700,77311.757810,,3.294070,-341.315370
3.424000,0.399900,0.597290,2.645510,171.262270,-342.681760,77523.750000,1.000000,3.483760,-341.316040
3.426000,0.355040,0.547300,2.153320,171.281250,-342.682250,77675.625000,,3.488890,-341.315890
3.428000,0.267880,0.535770,1.712400,171.300370,-342.682190,77410.898440,,3.437620,-341.315280
3.430000,0.208920,0.543460,2.204590,171.319320,-342.682100,77658.750000,,3.445310,-341.314910
3.432000,0.228150,0.502440,4.316890,171.338550,-342.682680,77351.843750,1.000000,3.549130,-341.314880
3.434000,0.358890,0.549870,5.588380,171.357350,-342.682460,77295.937500,,3.464540,-341.315400
3.436000,0.480650,0.633180,4.983400,171.375790,-342.681270,77289.617190,,3.228700,-341.316310
3.438000,0.534480,0.622920,3.568360,171.394710,-342.681430,77261.132810,,3.438900,-341.316770
3.440000,0.425540,0.533200,2.799320,171.414140,-342.682190,77452.039060,1.000000,3.504270,-341.316070
3.442000,0.275570,0.502440,2.204590,171.433460,-342.682190,77195.742190,,3.442750,-341.314910
3.444000,0.155090,0.535770,2.512210,171.452480,-342.682070,77378.210940,,3.418400,-341.314180
3.446000,0.156370,0.492190,3.496580,171.471650,-342.682680,77549.062500,,3.551700,-341.314030
3.448000,0.276860,0.553710,4.019530,171.490280,-342.682590,77300.156250,1.000000,3.485050,-341.314510
3.450000,0.361450,0.657530,3.722170,171.508500,-342.681610,77639.773440,,3.287660,-341.315340
3.452000,0.397340,0.704960,2.666020,171.526980,-342.681760,77720.984380,,3.487610,-341.315950
3.452000,0.397340,0.704960,2.666020,171.526980,-342.681760,77720.984380,,3.487610,-341.315950
3.454000,0.348630,0.651120,2.307130,171.546040,-342.682220,77375.046880,,3.483760,-341.315770
3.456000,0.262760,0.631900,1.671390,171.565250,-342.682190,77463.640630,1.000000,3.433780,-341.315220
3.458000,0.208920,0.626770,2.266110,171.584350,-342.682100,77403.523440,,3.438900,-341.314880
3.460000,0.233280,0.593440,4.439940,171.603620,-342.682710,77182.031250,,3.558110,-341.314880
3.462000,0.364010,0.639590,5.619140,171.622480,-342.682460,77041.757810,,3.455570,-341.315430
3.464000,0.487060,0.716490,4.901370,171.641010,-342.681240,77263.250000,1.000000,3.228700,-341.316310
3.464000,0.487060,0.716490,4.901370,171.641010,-342.681240,77263.250000,1.000000,3.228700,-341.316310
3.466000,0.544740,0.676760,3.681150,171.660050,-342.681460,77305.437500,,3.450440,-341.316800
3.468000,0.425540,0.567810,2.522460,171.679580,-342.682190,77521.648440,,3.505550,-341.316040
3.470000,0.274290,0.533200,2.214840,171.699010,-342.682160,77512.148440,,3.440190,-341.314880
3.472000,0.149960,0.530640,2.307130,171.718150,-342.682040,77561.718750,1.000000,3.417110,-341.314090
3.474000,0.155090,0.479370,3.312010,171.737430,-342.682680,77386.640630,,3.556820,-341.313960
3.476000,0.278140,0.531920,3.834960,171.756120,-342.682530,77355.000000,,3.467100,-341.314510
3.478000,0.362730,0.634460,3.558110,171.774320,-342.681580,77345.515630,,3.287660,-341.315340
3.480000,0.401180,0.683170,2.737790,171.792770,-342.681760,77428.828130,1.000000,3.495300,-341.315920
3.482000,0.348630,0.652400,2.153320,171.811720,-342.682250,77018.554690,,3.481200,-341.315730
3.484000,0.265320,0.657530,1.671390,171.830750,-342.682160,77472.070310,,3.437620,-341.315190
3.486000,0.208920,0.674190,2.583980,171.849700,-342.682100,77005.898440,,3.440190,-341.314820
3.488000,0.237120,0.643430,4.275880,171.868870,-342.682740,77180.976560,1.000000,3.565800,-341.314820
3.490000,0.371700,0.699830,5.711430,171.887620,-342.682400,77645.046880,,3.444030,-341.315370
3.492000,0.489620,0.769040,4.952640,171.906160,-342.681210,77478.406250,,3.227420,-341.316310
3.494000,0.540890,0.707520,3.619630,171.925370,-342.681430,77464.695310,,3.453000,-341.316710
3.496000,0.417850,0.567810,2.460940,171.945140,-342.682190,77500.546880,1.000000,3.501710,-341.315920
3.498000,0.269170,0.512700,2.194340,171.964750,-342.682130,77300.156250,,3.433780,-341.314790
3.500000,0.153810,0.502440,2.563480,171.984090,-342.682040,77387.695310,,3.414550,-341.314060
3.502000,0.164060,0.444760,3.506840,172.003480,-342.682740,77228.445310,,3.565800,-341.313960
3.504000,0.284550,0.501160,4.193850,172.022230,-342.682530,77288.562500,1.000000,3.458130,-341.314480
3.506000,0.371700,0.596010,3.732420,172.040530,-342.681610,77187.312500,,3.294070,-341.315340
3.508000,0.408870,0.630620,2.696780,172.059050,-342.681790,77388.757810,,3.501710,-341.315890
3.510000,0.352480,0.587040,2.112300,172.078080,-342.682280,77632.390630,,3.479920,-341.315670
3.512000,0.267880,0.579350,1.620120,172.097140,-342.682160,77577.539060,1.000000,3.438900,-341.315090
3.514000,0.211490,0.579350,2.214840,172.116130,-342.682100,77351.843750,,3.442750,-341.314730
3.516000,0.242250,0.553710,4.286130,172.135280,-342.682740,77356.054690,,3.568360,-341.314760
3.518000,0.381960,0.616520,5.516600,172.153990,-342.682340,77307.539060,,3.427370,-341.315370
3.520000,0.501160,0.695980,4.788570,172.172440,-342.681180,77218.945310,1.000000,3.235110,-341.316310
3.522000,0.549870,0.651120,3.588870,172.191440,-342.681490,77352.890630,,3.456850,-341.316680
3.524000,0.422970,0.557560,2.717290,172.210910,-342.682220,77330.750000,,3.506840,-341.315860
3.526000,0.270450,0.556270,2.204590,172.230100,-342.682130,77068.132810,,3.436340,-341.314670
3.528000,0.155090,0.590880,2.419920,172.249040,-342.682040,77416.171880,1.000000,3.423520,-341.313960
3.530000,0.165340,0.569090,3.312010,172.268020,-342.682740,77375.046880,,3.573490,-341.313840
3.532000,0.287110,0.646000,3.999020,172.286510,-342.682460,77332.859380,,3.445310,-341.314390
3.534000,0.371700,0.745970,3.496580,172.304660,-342.681520,77402.460940,,3.296630,-341.315250
3.536000,0.410160,0.767760,2.707030,172.323200,-342.681760,77615.507810,1.000000,3.502990,-341.315800
3.538000,0.348630,0.707520,2.276370,172.342330,-342.682220,77497.390630,,3.474790,-341.315580
3.540000,0.266600,0.678040,1.548340,172.361590,-342.682100,77576.484380,,3.437620,-341.315000
3.542000,0.212770,0.651120,2.409670,172.380860,-342.682100,77399.296880,,3.440190,-341.314640
3.544000,0.248660,0.603700,4.265630,172.400270,-342.682740,77209.453130,1.000000,3.576050,-341.314700
3.546000,0.384520,0.642150,5.496090,172.419220,-342.682310,76921.531250,,3.417110,-341.315340
3.548000,0.497310,0.698550,4.839840,172.437940,-342.681180,77214.734380,,3.240230,-341.316220
3.550000,0.544740,0.612670,3.670900,172.457260,-342.681520,77220.007810,,3.467100,-341.316590
3.552000,0.416560,0.483220,2.707030,172.477050,-342.682250,77314.921880,1.000000,3.509400,-341.315730
3.554000,0.265320,0.448610,2.091800,172.496520,-342.682130,77435.156250,,3.435060,-341.314580
3.556000,0.153810,0.452450,2.501950,172.515730,-342.682040,77475.234380,,3.428650,-341.313870
3.558000,0.170470,0.416560,3.404300,172.534900,-342.682740,77262.195310,,3.573490,-341.313810
3.560000,0.290950,0.485780,3.773440,172.553480,-342.682400,77494.226560,1.000000,3.429930,-341.314390
3.562000,0.374270,0.590880,3.455570,172.571620,-342.681490,77597.585940,,3.294070,-341.315250
3.564000,0.415280,0.621640,2.717290,172.590090,-342.681760,77381.375000,,3.500430,-341.315800
3.566000,0.349910,0.589600,2.173830,172.609040,-342.682250,77197.851560,,3.474790,-341.315520
3.568000,0.265320,0.617800,1.681640,172.627900,-342.682130,77467.859380,1.000000,3.432500,-341.314940
3.570000,0.216610,0.652400,2.625000,172.646710,-342.682100,77143.015630,,3.441470,-341.314640
3.572000,0.253780,0.654970,4.296390,172.665620,-342.682740,77183.085940,,3.581180,-341.314670
3.574000,0.390930,0.743410,5.465330,172.684110,-342.682310,77234.773440,,3.406860,-341.315310
3.576000,0.501160,0.819030,4.860350,172.702510,-342.681150,77625.007810,1.000000,3.235110,-341.316190
3.578000,0.544740,0.744690,3.691410,172.721620,-342.681520,77455.203130,,3.464540,-341.316500
3.580000,0.410160,0.619080,2.625000,172.741260,-342.682250,77500.546880,,3.500430,-341.315640
3.582000,0.257630,0.589600,2.173830,172.760670,-342.682100,77719.921880,,3.424800,-341.314480
3.584000,0.153810,0.571660,2.512210,172.779970,-342.682070,77304.382810,1.000000,3.420960,-341.313810
3.586000,0.176880,0.516540,3.291500,172.799290,-342.682740,77382.421880,,3.574770,-341.313780
3.588000,0.294800,0.563960,3.927250,172.818070,-342.682400,77456.250000,,3.414550,-341.314360
3.590000,0.374270,0.639590,3.291500,172.836460,-342.681520,77139.851560,,3.299190,-341.315220
3.592000,0.412720,0.634460,2.748050,172.855190,-342.681880,77164.101560,1.000000,3.501710,-341.315730
3.592000,0.412720,0.634460,2.748050,172.855190,-342.681880,77164.101560,1.000000,3.501710,-341.315730
3.594000,0.346070,0.567810,2.204590,172.874420,-342.682310,77495.281250,,3.469670,-341.315460
3.596000,0.261470,0.558840,1.640630,172.893570,-342.682160,77352.890630,,3.429930,-341.314910
3.598000,0.215330,0.553710,2.655760,172.912690,-342.682160,77279.062500,,3.444030,-341.314580
3.600000,0.260190,0.529360,4.368160,172.931850,-342.682770,77300.156250,1.000000,3.577330,-341.314640
3.602000,0.396060,0.594730,5.516600,172.950530,-342.682220,77461.523440,,3.382510,-341.315310
3.604000,0.503720,0.660100,4.614260,172.969120,-342.681120,77426.718750,,3.233830,-341.316190
3.606000,0.544740,0.574220,3.476070,172.988310,-342.681580,77965.671880,,3.458130,-341.316470
3.608000,0.405030,0.469120,2.635250,173.007930,-342.682310,77449.929690,1.000000,3.490170,-341.315580
3.610000,0.253780,0.479370,2.173830,173.027150,-342.682130,77460.468750,,3.415830,-341.314420
3.612000,0.153810,0.502440,2.573730,173.046170,-342.682130,77107.148440,,3.413270,-341.313780
3.614000,0.179440,0.501160,3.414550,173.065090,-342.682830,77410.898440,,3.576050,-341.313750
3.616000,0.294800,0.598570,3.988770,173.083480,-342.682400,77005.898440,1.000000,3.391480,-341.314360
3.618000,0.374270,0.713930,3.271000,173.101490,-342.681580,77375.046880,,3.299190,-341.315190
3.620000,0.412720,0.744690,2.717290,173.119950,-342.681920,77525.867190,,3.494020,-341.315700
3.622000,0.342220,0.712650,2.307130,173.138900,-342.682340,77486.835940,,3.455570,-341.315430
3.624000,0.260190,0.730590,1.681640,173.157840,-342.682190,77391.921880,1.000000,3.419680,-341.314850
3.626000,0.215330,0.724180,2.635250,173.176910,-342.682220,77649.257810,,3.436340,-341.314540
3.628000,0.262760,0.703670,4.419430,173.196040,-342.682830,77232.664060,,3.568360,-341.314640
3.630000,0.397340,0.770320,5.373050,173.214770,-342.682220,77236.875000,,3.360720,-341.315280
3.632000,0.499880,0.828000,4.501460,173.233430,-342.681180,77279.062500,1.000000,3.229980,-341.316160
3.634000,0.538330,0.708800,3.599120,173.252820,-342.681700,77268.515630,,3.458130,-341.316410
3.636000,0.398620,0.569090,2.850590,173.272710,-342.682370,77292.781250,,3.479920,-341.315490
3.638000,0.249940,0.540890,2.194340,173.292180,-342.682190,77373.992190,,3.406860,-341.314360
3.640000,0.155090,0.522950,2.717290,173.311490,-342.682190,77351.843750,1.000000,3.410710,-341.313750
3.642000,0.183290,0.487060,3.599120,173.330700,-342.682860,77524.812500,,3.572200,-341.313750
3.644000,0.302490,0.547300,3.855470,173.349380,-342.682430,77453.085940,,3.374820,-341.314360
3.646000,0.381960,0.625490,3.199220,173.367680,-342.681610,77685.125000,,3.292790,-341.315250
3.648000,0.419130,0.620360,2.717290,173.386350,-342.681980,77684.070310,1.000000,3.490170,-341.315730
3.650000,0.340940,0.578060,2.337890,173.405440,-342.682400,77343.398440,,3.451720,-341.315400
3.652000,0.256350,0.603700,1.579100,173.424390,-342.682220,77343.398440,,3.411990,-341.314820
3.654000,0.215330,0.617800,2.840330,173.443340,-342.682280,77326.523440,,3.435060,-341.314510
3.656000,0.266600,0.625490,4.614260,173.462300,-342.682860,77079.726560,1.000000,3.563230,-341.314640
3.658000,0.410160,0.712650,5.506350,173.480820,-342.682220,77315.984380,,3.345340,-341.315340
3.660000,0.510130,0.778020,4.798830,173.499330,-342.681210,77320.203130,,3.229980,-341.316160
3.662000,0.538330,0.683170,3.650390,173.518550,-342.681760,77429.882810,,3.458130,-341.316410
3.664000,0.397340,0.554990,2.891600,173.538270,-342.682430,77645.046880,1.000000,3.474790,-341.315460
3.666000,0.244810,0.552430,2.225100,173.557590,-342.682190,77571.218750,,3.396610,-341.314330
3.668000,0.152530,0.543460,2.737790,173.576800,-342.682250,77550.125000,,3.404300,-341.313690
3.670000,0.182010,0.530640,3.455570,173.595890,-342.682920,77511.093750,,3.567080,-341.313690
3.672000,0.303770,0.599850,3.752930,173.614490,-342.682430,77358.164060,1.000000,3.355590,-341.314360
3.674000,0.380680,0.681880,3.178710,173.632780,-342.681640,77439.382810,,3.292790,-341.315190
3.676000,0.416560,0.669070,2.614750,173.651540,-342.682040,77194.687500,,3.482480,-341.315700
3.678000,0.337100,0.615230,2.214840,173.670720,-342.682460,77223.171880,,3.442750,-341.315370
3.680000,0.255070,0.630620,1.845700,173.689740,-342.682250,77453.085940,1.000000,3.404300,-341.314790
3.682000,0.211490,0.620360,2.994140,173.708830,-342.682340,77184.148440,,3.432500,-341.314480
3.684000,0.269170,0.619080,4.624510,173.727870,-342.682890,77184.148440,,3.559390,-341.314610
3.686000,0.411440,0.680600,5.516600,173.746510,-342.682220,77458.359380,,3.324830,-341.315340
3.688000,0.513980,0.724180,4.521970,173.765180,-342.681210,77404.578130,1.000000,3.229980,-341.316160
3.690000,0.534480,0.603700,3.404300,173.784530,-342.681850,77695.664060,,3.456850,-341.316350
3.692000,0.394780,0.483220,2.758300,173.804240,-342.682460,77646.093750,,3.469670,-341.315400
3.694000,0.243530,0.499880,2.348140,173.823460,-342.682220,77299.101560,,3.387630,-341.314270
3.696000,0.152530,0.508850,2.901860,173.842510,-342.682310,77102.929690,1.000000,3.408140,-341.313690
3.698000,0.188420,0.521670,3.588870,173.861390,-342.682980,77417.226560,,3.561950,-341.313690
3.700000,0.311460,0.611390,3.937500,173.879730,-342.682460,77264.296880,,3.346620,-341.314360
3.702000,0.380680,0.717770,3.188960,173.897800,-342.681670,77257.976560,,3.295350,-341.315190
3.704000,0.414000,0.713930,2.655760,173.916400,-342.682130,77360.281250,1.000000,3.482480,-341.315670
3.706000,0.334530,0.662660,2.460940,173.935470,-342.682500,77274.851560,,3.438900,-341.315340
3.708000,0.253780,0.699830,1.773930,173.954410,-342.682280,77529.023440,,3.397890,-341.314760
3.710000,0.214050,0.688290,3.209470,173.973450,-342.682400,77534.296880,,3.435060,-341.314450
3.712000,0.273010,0.701110,4.562990,173.992490,-342.682950,77389.812500,1.000000,3.551700,-341.314610
3.714000,0.417850,0.766480,5.383300,174.011170,-342.682190,77253.750000,,3.306880,-341.315340
3.716000,0.512700,0.788270,4.296390,174.029970,-342.681240,77326.523440,,3.232540,-341.316160
3.718000,0.526790,0.652400,3.445310,174.049510,-342.681880,77446.757810,,3.458130,-341.316280
3.720000,0.387080,0.512700,3.014650,174.069440,-342.682530,77321.257810,1.000000,3.468380,-341.315340
3.722000,0.235840,0.513980,2.430180,174.088880,-342.682280,77072.343750,,3.382510,-341.314210
3.724000,0.153810,0.485780,2.994140,174.108180,-342.682370,77490.000000,,3.409420,-341.313630
3.724000,0.153810,0.485780,2.994140,174.108180,-342.682370,77490.000000,,3.409420,-341.313630
3.726000,0.193540,0.498600,3.804200,174.127240,-342.683010,77075.507810,,3.555540,-341.313690
3.728000,0.317870,0.579350,3.834960,174.145770,-342.682400,77418.289060,1.000000,3.329960,-341.314390
3.730000,0.385800,0.670350,3.199220,174.163970,-342.681670,77710.429690,,3.296630,-341.315220
3.732000,0.417850,0.660100,2.594240,174.182660,-342.682190,77578.593750,,3.477360,-341.315670
3.734000,0.337100,0.622920,2.245610,174.201710,-342.682530,77525.867190,,3.435060,-341.315310
3.736000,0.253780,0.667790,1.753420,174.220570,-342.682310,77814.851560,1.000000,3.394040,-341.314730
3.738000,0.216610,0.676760,3.312010,174.239470,-342.682460,77177.812500,,3.436340,-341.314450
3.740000,0.278140,0.719060,4.706540,174.258290,-342.683010,77204.187500,,3.549130,-341.314610
3.742000,0.424260,0.812620,5.403810,174.276700,-342.682190,76997.468750,,3.290220,-341.315340
3.744000,0.517820,0.857480,4.491210,174.295260,-342.681240,77383.476560,1.000000,3.236390,-341.316130
3.746000,0.525510,0.740840,3.578610,174.314580,-342.681950,77058.640630,,3.458130,-341.316190
3.748000,0.384520,0.617800,2.789060,174.334270,-342.682560,77363.445310,,3.461980,-341.315220
3.750000,0.233280,0.643430,2.450680,174.353490,-342.682280,77565.945310,,3.377380,-341.314150
3.752000,0.155090,0.624210,2.973630,174.372670,-342.682400,77475.234380,1.000000,3.413270,-341.313570
3.752000,0.155090,0.624210,2.973630,174.372670,-342.682400,77475.234380,1.000000,3.413270,-341.313570
3.754000,0.199950,0.630620,3.455570,174.391660,-342.683040,77245.320310,,3.550420,-341.313690
3.756000,0.323000,0.689580,3.599120,174.410200,-342.682400,77336.023440,,3.319700,-341.314360
3.758000,0.384520,0.756230,2.953130,174.428540,-342.681700,77302.273440,,3.305600,-341.315190
3.760000,0.408870,0.710080,2.358400,174.447460,-342.682220,77303.328130,1.000000,3.476070,-341.315580
3.762000,0.329410,0.638310,2.143070,174.466770,-342.682560,77399.296880,,3.429930,-341.315190
3.764000,0.249940,0.653690,1.937990,174.485920,-342.682310,77281.179690,,3.390200,-341.314670
3.766000,0.217900,0.617800,3.496580,174.505110,-342.682500,76727.460940,,3.441470,-341.314390
3.768000,0.284550,0.633180,4.870610,174.524230,-342.683010,77234.773440,1.000000,3.541440,-341.314610
3.770000,0.425540,0.688290,5.434570,174.542920,-342.682130,77311.757810,,3.273560,-341.315340
3.772000,0.513980,0.692140,4.532230,174.561780,-342.681270,77502.656250,,3.245360,-341.316100
3.774000,0.520390,0.539610,3.301760,174.581410,-342.682010,77355.000000,,3.463260,-341.316160
3.776000,0.378110,0.411440,2.799320,174.601230,-342.682590,77660.859380,1.000000,3.460690,-341.315160
3.778000,0.231990,0.453740,2.389160,174.620440,-342.682280,77632.390630,,3.377380,-341.314090
3.780000,0.158940,0.456300,2.973630,174.639450,-342.682460,77343.398440,,3.419680,-341.313570
3.782000,0.207640,0.510130,3.476070,174.658220,-342.683040,77284.335940,,3.546570,-341.313690
3.784000,0.330690,0.603700,3.845210,174.676440,-342.682340,77404.578130,1.000000,3.309450,-341.314390
3.786000,0.388370,0.711360,3.035160,174.694440,-342.681700,77045.984380,,3.310730,-341.315190
3.788000,0.410160,0.707520,2.501950,174.713010,-342.682220,77320.203130,,3.478640,-341.315550
3.790000,0.325560,0.689580,2.102050,174.731920,-342.682560,77444.648440,,3.431210,-341.315160
3.792000,0.248660,0.749820,2.102050,174.750700,-342.682310,77178.867190,1.000000,3.390200,-341.314640
3.794000,0.219180,0.742130,3.506840,174.769610,-342.682530,77279.062500,,3.449160,-341.314360
3.796000,0.289670,0.781860,4.809080,174.788450,-342.683010,77270.625000,,3.533750,-341.314610
3.798000,0.433230,0.867740,5.434570,174.806880,-342.682100,77296.992190,,3.267150,-341.315340
3.800000,0.520390,0.888240,4.265630,174.825580,-342.681270,77383.476560,1.000000,3.254330,-341.316100
3.802000,0.519100,0.747250,3.137700,174.845110,-342.682040,77413.007810,,3.469670,-341.316100
3.804000,0.374270,0.603700,2.501950,174.864970,-342.682590,77289.617190,,3.460690,-341.315090
3.806000,0.226870,0.608830,2.440430,174.884380,-342.682280,76793.906250,,3.381230,-341.314030
3.808000,0.155090,0.565250,3.312010,174.903700,-342.682460,77088.171880,1.000000,3.428650,-341.313510
3.810000,0.207640,0.579350,3.670900,174.922820,-342.683040,77360.281250,,3.541440,-341.313660
3.812000,0.333250,0.619080,3.875980,174.941480,-342.682310,77295.937500,,3.306880,-341.314390
3.814000,0.392210,0.660100,2.881350,174.960010,-342.681700,77340.234380,,3.318420,-341.315190
3.816000,0.411440,0.592160,2.440430,174.979080,-342.682280,77540.632810,1.000000,3.485050,-341.315550
3.818000,0.323000,0.538330,2.184080,174.998350,-342.682560,77629.226560,,3.432500,-341.315120
3.820000,0.244810,0.584470,1.917480,175.017330,-342.682310,77516.375000,,3.394040,-341.314580
3.822000,0.215330,0.583190,3.558110,175.036270,-342.682530,77570.156250,,3.459410,-341.314360
3.824000,0.294800,0.642150,4.952640,175.055080,-342.683010,77189.421880,1.000000,3.531190,-341.314610
3.826000,0.438350,0.725460,5.352540,175.073520,-342.682040,77293.835940,,3.260740,-341.315400
3.828000,0.524230,0.742130,4.419430,175.092160,-342.681240,77347.625000,,3.260740,-341.316160
3.830000,0.520390,0.610110,3.445310,175.111620,-342.682040,77225.273440,,3.476070,-341.316100
3.832000,0.372990,0.494750,2.604490,175.131300,-342.682590,77457.304690,1.000000,3.461980,-341.315060
3.834000,0.226870,0.542180,2.481450,175.150440,-342.682250,77522.703130,,3.382510,-341.314030
3.836000,0.156370,0.542180,3.127440,175.169460,-342.682460,77460.468750,,3.440190,-341.313510
3.838000,0.207640,0.597290,3.650390,175.188250,-342.683010,77427.781250,,3.536320,-341.313660
3.840000,0.334530,0.672910,3.711910,175.206570,-342.682250,77237.929690,1.000000,3.306880,-341.314390
3.842000,0.390930,0.758790,2.891600,175.224790,-342.681700,77555.398440,,3.329960,-341.315190
3.844000,0.410160,0.716490,2.368650,175.243640,-342.682280,77490.000000,,3.488890,-341.315520
3.846000,0.319150,0.674190,2.071290,175.262770,-342.682530,77612.343750,,3.433780,-341.315090
3.848000,0.242250,0.707520,2.112300,175.281770,-342.682280,77394.031250,1.000000,3.400450,-341.314580
3.850000,0.216610,0.683170,3.599120,175.300830,-342.682530,77129.304690,,3.469670,-341.314330
3.852000,0.297360,0.726750,5.075680,175.319780,-342.682980,77001.679690,,3.524780,-341.314640
3.854000,0.439640,0.786990,5.465330,175.338390,-342.681950,77381.375000,,3.254330,-341.315430
3.856000,0.524230,0.767760,4.491210,175.357270,-342.681240,77263.250000,1.000000,3.273560,-341.316160
3.858000,0.512700,0.598570,3.271000,175.376950,-342.682040,77463.640630,,3.486330,-341.316070
3.860000,0.364010,0.480650,2.532710,175.396740,-342.682560,77579.656250,,3.467100,-341.315030
3.862000,0.223020,0.516540,2.440430,175.416000,-342.682220,77604.960940,,3.390200,-341.314000
3.864000,0.156370,0.497310,3.250490,175.435070,-342.682460,77475.234380,1.000000,3.447880,-341.313510
3.866000,0.214050,0.552430,3.599120,175.453900,-342.682980,77632.390630,,3.531190,-341.313690
3.868000,0.335820,0.622920,3.906740,175.472240,-342.682190,77259.031250,,3.304320,-341.314450
3.870000,0.392210,0.692140,2.799320,175.490490,-342.681670,77416.171880,,3.341490,-341.315250
3.872000,0.407590,0.635740,2.399410,175.509400,-342.682280,77292.781250,1.000000,3.496580,-341.315550
3.874000,0.315310,0.599850,2.091800,175.528520,-342.682500,77383.476560,,3.436340,-341.315090
3.876000,0.243530,0.642150,2.266110,175.547490,-342.682220,76934.179690,,3.403020,-341.314580
3.878000,0.217900,0.643430,3.732420,175.566420,-342.682530,77347.625000,,3.481200,-341.314360
3.880000,0.298650,0.707520,5.167970,175.585220,-342.682950,77263.250000,1.000000,3.522220,-341.314640
3.882000,0.439640,0.789550,5.434570,175.603680,-342.681880,77347.625000,,3.253050,-341.315460
3.884000,0.522950,0.793400,4.347660,175.622420,-342.681240,77302.273440,,3.282530,-341.316160
3.886000,0.508850,0.640870,3.055660,175.642040,-342.682070,77815.906250,,3.494020,-341.316040
3.888000,0.356320,0.528080,2.583980,175.661800,-342.682530,77541.679690,1.000000,3.469670,-341.315000
3.890000,0.220460,0.562680,2.245610,175.681030,-342.682190,77338.125000,,3.392760,-341.314000
3.892000,0.160220,0.546020,3.219730,175.700150,-342.682460,77137.734380,,3.459410,-341.313510
3.894000,0.219180,0.592160,3.855470,175.719060,-342.682950,77272.742190,,3.527340,-341.313720
3.896000,0.339660,0.654970,4.081050,175.737500,-342.682100,77025.937500,1.000000,3.300480,-341.314510
3.898000,0.397340,0.719060,3.004390,175.755890,-342.681640,77525.867190,,3.353030,-341.315280
3.900000,0.405030,0.654970,2.430180,175.774920,-342.682280,77471.015630,,3.504270,-341.315520
3.902000,0.311460,0.613950,2.122560,175.794110,-342.682460,77437.273440,,3.437620,-341.315060
3.904000,0.244810,0.653690,2.040530,175.813100,-342.682220,77606.015630,1.000000,3.411990,-341.314580
3.906000,0.221740,0.658810,3.763180,175.832000,-342.682530,77355.000000,,3.491460,-341.314360
3.908000,0.308900,0.735720,5.147460,175.850740,-342.682890,77400.351560,,3.522220,-341.314640
3.910000,0.446040,0.826720,5.455080,175.869110,-342.681790,77122.968750,,3.249210,-341.315460
3.912000,0.531920,0.815190,4.388670,175.887850,-342.681210,77241.093750,1.000000,3.297910,-341.316160
3.914000,0.510130,0.653690,3.353030,175.907470,-342.682040,77525.867190,,3.501710,-341.316040
3.916000,0.353760,0.546020,2.583980,175.927220,-342.682500,77111.375000,,3.473510,-341.314940
3.918000,0.217900,0.572940,2.522460,175.946440,-342.682160,77293.835940,,3.397890,-341.313960
3.920000,0.158940,0.561400,3.373540,175.965530,-342.682460,77443.593750,1.000000,3.472230,-341.313480
3.922000,0.223020,0.602420,3.865720,175.984390,-342.682920,77033.320310,,3.527340,-341.313720
3.924000,0.344790,0.666500,3.875980,176.002750,-342.682040,77386.640630,,3.299190,-341.314510
3.926000,0.398620,0.728030,3.014650,176.021120,-342.681640,77493.171880,,3.365840,-341.315280
3.928000,0.403750,0.660100,2.440430,176.040120,-342.682280,77490.000000,1.000000,3.511960,-341.315490
3.928000,0.403750,0.660100,2.440430,176.040120,-342.682280,77490.000000,1.000000,3.511960,-341.315490
3.930000,0.306340,0.621640,2.245610,176.059310,-342.682460,77620.781250,,3.442750,-341.315030
3.932000,0.242250,0.648560,2.061040,176.078340,-342.682190,77593.359380,,3.417110,-341.314540
3.934000,0.225590,0.635740,3.968260,176.097380,-342.682500,77255.859380,,3.504270,-341.314330
3.936000,0.315310,0.680600,5.291020,176.116330,-342.682860,76947.890630,1.000000,3.513240,-341.314670
3.938000,0.451170,0.731870,5.649900,176.134980,-342.681700,77146.179690,,3.244080,-341.315490
3.940000,0.528080,0.685730,4.614260,176.154040,-342.681210,77408.796880,,3.312010,-341.316160
3.942000,0.501160,0.485780,3.363280,176.173930,-342.682070,77333.914060,,3.506840,-341.315980
3.944000,0.344790,0.378110,2.542970,176.193830,-342.682460,77426.718750,1.000000,3.474790,-341.314910
3.946000,0.214050,0.410160,2.542970,176.213040,-342.682130,77542.734380,,3.400450,-341.313930
3.948000,0.158940,0.422970,3.147950,176.232060,-342.682460,77544.843750,,3.483760,-341.313480
3.950000,0.229430,0.493470,3.865720,176.250730,-342.682860,77420.398440,,3.524780,-341.313780
3.952000,0.347350,0.580630,3.947750,176.268910,-342.681980,77619.726560,1.000000,3.300480,-341.314540
3.954000,0.402470,0.660100,2.983890,176.287090,-342.681610,77293.835940,,3.382510,-341.315340
3.956000,0.402470,0.608830,2.348140,176.305890,-342.682250,77346.570310,,3.514530,-341.315550
3.958000,0.303770,0.601140,1.989260,176.324860,-342.682400,77492.117190,,3.441470,-341.315060
3.960000,0.238400,0.648560,2.153320,176.343670,-342.682160,77328.632810,1.000000,3.422240,-341.314540
3.962000,0.223020,0.663940,3.927250,176.362500,-342.682530,77048.085940,,3.513240,-341.314360
3.964000,0.319150,0.734440,5.455080,176.381200,-342.682800,77294.882810,,3.513240,-341.314730
3.966000,0.452450,0.817750,5.711430,176.399550,-342.681610,77131.414060,,3.241520,-341.315550
3.968000,0.525510,0.816470,4.368160,176.418300,-342.681210,77483.671880,1.000000,3.326110,-341.316220
3.970000,0.497310,0.644710,3.117190,176.437940,-342.682070,77364.500000,,3.514530,-341.316010
3.972000,0.340940,0.547300,2.368650,176.457630,-342.682460,77492.117190,,3.472230,-341.314910
3.974000,0.210210,0.576780,2.307130,176.476780,-342.682100,77413.007810,,3.403020,-341.313960
3.976000,0.156370,0.578060,3.117190,176.495820,-342.682460,77246.375000,1.000000,3.490170,-341.313510
3.978000,0.231990,0.613950,3.845210,176.514690,-342.682860,77254.804690,,3.519650,-341.313810
3.980000,0.346070,0.665220,4.173340,176.533160,-342.681880,77259.031250,,3.294070,-341.314610
3.982000,0.397340,0.687010,3.076170,176.551740,-342.681610,77135.625000,,3.390200,-341.315370
3.984000,0.396060,0.580630,2.522460,176.571000,-342.682250,77408.796880,1.000000,3.518370,-341.315580
3.986000,0.297360,0.544740,2.122560,176.590350,-342.682400,77274.851560,,3.438900,-341.315060
3.988000,0.234560,0.562680,2.112300,176.609450,-342.682130,77300.156250,,3.423520,-341.314540
3.990000,0.219180,0.578060,3.865720,176.628480,-342.682530,77406.687500,,3.519650,-341.314360
3.992000,0.326840,0.643430,5.321780,176.647290,-342.682770,77249.531250,1.000000,3.508120,-341.314790
3.994000,0.458860,0.722900,5.639650,176.665760,-342.681580,77232.664060,,3.238950,-341.315610
3.994000,0.458860,0.722900,5.639650,176.665760,-342.681580,77232.664060,,3.238950,-341.315610
3.996000,0.529360,0.697270,4.409180,176.684680,-342.681210,77681.960940,,3.340210,-341.316280
3.998000,0.494750,0.508850,3.342770,176.704410,-342.682100,77367.656250,,3.519650,-341.316040
4.000000,0.337100,0.435790,2.358400,176.724080,-342.682460,77405.632810,1.000000,3.476070,-341.314910
4.002000,0.205080,0.478090,2.214840,176.743150,-342.682070,77285.390630,,3.401730,-341.313960
4.004000,0.155090,0.507570,3.106930,176.762070,-342.682460,77083.953130,,3.497860,-341.313540
4.006000,0.238400,0.569090,3.978520,176.780730,-342.682800,76826.609380,,3.514530,-341.313840
4.008000,0.347350,0.667790,4.070800,176.798890,-342.681850,77245.320310,1.000000,3.287660,-341.314640
4.010000,0.399900,0.737000,3.137700,176.817140,-342.681640,77253.750000,,3.404300,-341.315400
4.012000,0.397340,0.676760,2.481450,176.836040,-342.682280,77552.234380,,3.519650,-341.315610
4.014000,0.294800,0.675480,1.896970,176.855070,-342.682370,77499.492190,,3.440190,-341.315060
4.016000,0.233280,0.712650,1.927730,176.873930,-342.682130,77424.617190,1.000000,3.426090,-341.314580
4.018000,0.221740,0.735720,3.947750,176.892810,-342.682560,77464.695310,,3.527340,-341.314390
4.020000,0.334530,0.795960,5.178220,176.911540,-342.682740,77255.859380,,3.504270,-341.314820
4.022000,0.461430,0.849790,5.619140,176.930080,-342.681490,77177.812500,,3.231260,-341.315670
4.024000,0.529360,0.793400,4.532230,176.949220,-342.681180,77327.578130,1.000000,3.346620,-341.316310
4.026000,0.489620,0.562680,3.455570,176.969240,-342.682130,77049.140630,,3.518370,-341.316010
4.028000,0.328130,0.456300,2.471190,176.989180,-342.682430,77448.875000,,3.472230,-341.314880
4.030000,0.202510,0.471680,2.430180,177.008500,-342.682070,77406.687500,,3.397890,-341.313930
4.032000,0.157650,0.484500,3.219730,177.027600,-342.682500,77267.460940,1.000000,3.502990,-341.313540
4.034000,0.243530,0.529360,3.722170,177.046390,-342.682800,77289.617190,,3.510680,-341.313870
4.036000,0.349910,0.603700,3.804200,177.064680,-342.681820,77431.992190,,3.283810,-341.314700
4.038000,0.401180,0.639590,3.137700,177.083110,-342.681640,77581.757810,,3.414550,-341.315460
4.040000,0.397340,0.552430,2.450680,177.102170,-342.682310,77468.906250,1.000000,3.515810,-341.315610
4.042000,0.294800,0.539610,1.948240,177.121310,-342.682370,77564.890630,,3.436340,-341.315060
4.044000,0.233280,0.566530,2.122560,177.140240,-342.682100,77201.023440,,3.423520,-341.314580
4.046000,0.224300,0.592160,4.070800,177.159180,-342.682590,77264.296880,,3.531190,-341.314390
4.048000,0.339660,0.652400,5.475590,177.177920,-342.682710,77130.351560,1.000000,3.494020,-341.314820
4.050000,0.463990,0.730590,5.557620,177.196370,-342.681490,77438.320310,,3.228700,-341.315670
4.052000,0.528080,0.698550,4.583500,177.215330,-342.681210,77257.976560,,3.360720,-341.316280
4.054000,0.480650,0.511410,3.086430,177.235110,-342.682190,77327.578130,,3.526060,-341.315920
4.056000,0.321720,0.447330,2.296880,177.254730,-342.682460,77376.101560,1.000000,3.474790,-341.314820
4.058000,0.198670,0.497310,2.286620,177.273710,-342.682070,77275.906250,,3.401730,-341.313900
4.060000,0.161500,0.548580,3.045410,177.292530,-342.682530,77286.453130,,3.510680,-341.313540
4.062000,0.253780,0.616520,3.763180,177.311080,-342.682740,77574.382810,,3.502990,-341.313930
4.064000,0.353760,0.711360,4.009280,177.329270,-342.681760,77212.625000,1.000000,3.278690,-341.314760
4.066000,0.402470,0.737000,3.219730,177.347720,-342.681640,77440.437500,,3.423520,-341.315460
4.068000,0.389650,0.637020,2.553220,177.366880,-342.682280,77363.445310,,3.518370,-341.315550
4.070000,0.284550,0.616520,1.855960,177.386140,-342.682340,77357.109380,,3.432500,-341.315030
4.072000,0.233280,0.640870,2.122560,177.405140,-342.682100,77256.921880,1.000000,3.426090,-341.314580
4.074000,0.230710,0.675480,3.927250,177.424100,-342.682590,77270.625000,,3.538880,-341.314450
4.076000,0.348630,0.725460,5.414060,177.442860,-342.682680,77283.281250,,3.486330,-341.314910
4.078000,0.466550,0.806210,5.701170,177.461320,-342.681430,77474.179690,,3.229980,-341.315730
4.080000,0.531920,0.761350,4.480960,177.480380,-342.681240,77308.601560,1.000000,3.376100,-341.316280
4.082000,0.476810,0.548580,3.188960,177.500240,-342.682190,77824.335940,,3.528630,-341.315890
4.084000,0.315310,0.476810,2.389160,177.519960,-342.682400,77422.507810,,3.473510,-341.314790
4.086000,0.197390,0.493470,2.204590,177.539140,-342.682040,77349.726560,,3.400450,-341.313870
4.088000,0.164060,0.520390,3.229980,177.558140,-342.682530,77293.835940,1.000000,3.515810,-341.313540
4.088000,0.164060,0.520390,3.229980,177.558140,-342.682530,77293.835940,1.000000,3.515810,-341.313540
4.090000,0.257630,0.563960,3.834960,177.576840,-342.682680,77146.179690,,3.495300,-341.313960
4.092000,0.356320,0.644710,4.040040,177.595120,-342.681760,77253.750000,,3.279970,-341.314790
4.094000,0.406310,0.663940,3.312010,177.613650,-342.681670,77633.437500,,3.437620,-341.315460
4.096000,0.388370,0.578060,2.604490,177.632780,-342.682310,77459.414060,1.000000,3.518370,-341.315550
4.098000,0.284550,0.571660,1.825200,177.651930,-342.682340,77475.234380,,3.432500,-341.315030
4.100000,0.231990,0.610110,1.989260,177.670810,-342.682100,77431.992190,,3.429930,-341.314580
4.102000,0.230710,0.654970,3.916990,177.689710,-342.682620,77348.679690,,3.544010,-341.314420
4.104000,0.352480,0.716490,5.239750,177.708400,-342.682620,77368.710940,1.000000,3.479920,-341.314910
4.106000,0.469120,0.781860,5.424320,177.726910,-342.681370,77584.921880,,3.228700,-341.315730
4.108000,0.530640,0.699830,4.686040,177.746110,-342.681240,77318.093750,,3.381230,-341.316250
4.110000,0.470400,0.480650,3.332520,177.766130,-342.682190,77174.656250,,3.531190,-341.315860
4.112000,0.312740,0.406310,2.450680,177.785950,-342.682370,77323.359380,1.000000,3.469670,-341.314760
4.114000,0.198670,0.426820,2.337890,177.805150,-342.682040,77439.382810,,3.404300,-341.313870
4.116000,0.165340,0.466550,3.127440,177.824140,-342.682560,77377.148440,,3.523500,-341.313540
4.118000,0.264040,0.524230,3.875980,177.842790,-342.682650,77214.734380,,3.488890,-341.313960
4.120000,0.362730,0.624210,3.855470,177.860980,-342.681700,77449.929690,1.000000,3.278690,-341.314790
4.122000,0.408870,0.653690,3.291500,177.879390,-342.681670,77582.820310,,3.445310,-341.315490
4.124000,0.387080,0.571660,2.522460,177.898450,-342.682310,77401.406250,,3.518370,-341.315550
4.126000,0.284550,0.571660,1.773930,177.917500,-342.682310,77734.687500,,3.433780,-341.315000
4.128000,0.229430,0.607540,2.112300,177.936290,-342.682070,77478.406250,1.000000,3.431210,-341.314510
4.130000,0.233280,0.647280,4.050290,177.955170,-342.682620,77128.250000,,3.552980,-341.314420
4.132000,0.361450,0.725460,5.229490,177.973750,-342.682590,77218.945310,,3.470950,-341.314910
4.134000,0.479370,0.804930,5.598630,177.992160,-342.681300,77415.117190,,3.222290,-341.315770
4.136000,0.537050,0.738280,4.839840,178.011230,-342.681240,77032.265630,1.000000,3.394040,-341.316280
4.138000,0.470400,0.533200,3.291500,178.031110,-342.682220,77468.906250,,3.535030,-341.315800
4.140000,0.311460,0.479370,2.368650,178.050720,-342.682370,77363.445310,,3.468380,-341.314700
4.142000,0.194820,0.524230,2.450680,178.069720,-342.682040,77437.273440,,3.408140,-341.313810
4.144000,0.162780,0.572940,3.209470,178.088590,-342.682590,77379.265630,1.000000,3.531190,-341.313510
4.146000,0.267880,0.625490,3.670900,178.107160,-342.682590,77610.242190,,3.483760,-341.313960
4.148000,0.366580,0.717770,3.814450,178.125400,-342.681640,77662.976560,,3.276120,-341.314790
4.150000,0.412720,0.716490,3.188960,178.144000,-342.681670,77429.882810,,3.454280,-341.315460
4.152000,0.385800,0.611390,2.563480,178.163280,-342.682310,77398.242190,1.000000,3.519650,-341.315490
4.154000,0.280700,0.587040,1.876460,178.182590,-342.682310,77496.328130,,3.431210,-341.314910
4.156000,0.226870,0.598570,2.378910,178.201680,-342.682070,76996.414060,,3.433780,-341.314480
4.158000,0.235840,0.637020,4.132320,178.220720,-342.682650,77211.562500,,3.560670,-341.314390
4.160000,0.367860,0.702390,5.557620,178.239460,-342.682560,77266.406250,1.000000,3.460690,-341.314910
4.162000,0.481930,0.769040,5.690920,178.258010,-342.681270,77014.335940,,3.224850,-341.315770
4.164000,0.542180,0.674190,4.614260,178.277330,-342.681300,77508.992190,,3.408140,-341.316250
4.166000,0.470400,0.452450,3.271000,178.297360,-342.682250,77963.554690,,3.541440,-341.315770
4.168000,0.311460,0.405030,2.430180,178.317030,-342.682340,77536.414060,1.000000,3.468380,-341.314640
4.170000,0.193540,0.451170,2.512210,178.336110,-342.682010,77491.062500,,3.411990,-341.313750
4.172000,0.166630,0.505000,3.209470,178.354970,-342.682590,77345.515630,,3.544010,-341.313480
4.174000,0.274290,0.569090,3.845210,178.373500,-342.682560,77359.226560,,3.470950,-341.313930
4.176000,0.370420,0.669070,3.681150,178.391660,-342.681610,77223.171880,1.000000,3.277400,-341.314790
4.178000,0.415280,0.679320,3.219730,178.410160,-342.681670,77212.625000,,3.465820,-341.315430
4.180000,0.384520,0.603700,2.666020,178.429240,-342.682310,77375.046880,,3.519650,-341.315430
4.182000,0.283260,0.613950,1.896970,178.448270,-342.682280,77261.132810,,3.435060,-341.314880
4.184000,0.229430,0.653690,2.368650,178.467120,-342.682040,77170.437500,1.000000,3.436340,-341.314420
4.186000,0.240970,0.706240,4.245120,178.485900,-342.682680,77250.593750,,3.570920,-341.314360
4.188000,0.374270,0.792110,5.393550,178.504390,-342.682460,77379.265630,,3.450440,-341.314910
4.190000,0.484500,0.874150,5.649900,178.522780,-342.681210,77383.476560,,3.228700,-341.315730
4.192000,0.544740,0.769040,4.439940,178.542010,-342.681300,77650.312500,1.000000,3.417110,-341.316190
4.194000,0.465270,0.531920,3.229980,178.562100,-342.682250,77339.187500,,3.546570,-341.315640
4.196000,0.310180,0.457580,2.450680,178.581860,-342.682310,77400.351560,,3.465820,-341.314540
4.198000,0.196110,0.483220,2.522460,178.601060,-342.682010,77441.484380,,3.415830,-341.313690
4.200000,0.173030,0.520390,3.517090,178.620060,-342.682590,77267.460940,1.000000,3.551700,-341.313450
4.202000,0.279420,0.563960,3.916990,178.638720,-342.682500,77118.750000,,3.461980,-341.313930
4.204000,0.374270,0.639590,3.865720,178.657040,-342.681550,77449.929690,,3.283810,-341.314760
4.206000,0.417850,0.613950,3.322270,178.675740,-342.681700,77285.390630,,3.472230,-341.315400
4.208000,0.385800,0.516540,2.614750,178.695040,-342.682310,77622.898440,1.000000,3.522220,-341.315370
4.210000,0.287110,0.511410,1.876460,178.714200,-342.682280,77546.953130,,3.433780,-341.314820
4.212000,0.231990,0.535770,2.430180,178.733170,-342.682040,77462.585940,,3.442750,-341.314360
4.214000,0.248660,0.576780,4.234860,178.752060,-342.682680,77287.507810,,3.576050,-341.314330
4.216000,0.379390,0.643430,5.321780,178.770690,-342.682430,77135.625000,1.000000,3.438900,-341.314910
4.218000,0.489620,0.710080,5.403810,178.789200,-342.681180,77383.476560,,3.232540,-341.315730
4.220000,0.547300,0.603700,4.419430,178.808490,-342.681300,77333.914060,,3.426090,-341.316160
4.222000,0.463990,0.396060,3.322270,178.828510,-342.682250,77015.398440,,3.551700,-341.315580
4.222000,0.463990,0.396060,3.322270,178.828510,-342.682250,77015.398440,,3.551700,-341.315580
4.224000,0.307620,0.353760,2.501950,178.848080,-342.682280,77397.195310,1.000000,3.464540,-341.314450
4.226000,0.194820,0.406310,2.799320,178.867080,-342.681980,77119.804690,,3.423520,-341.313630
4.228000,0.178160,0.484500,3.342770,178.885790,-342.682590,77314.921880,,3.559390,-341.313390
4.230000,0.285830,0.574220,3.824710,178.904130,-342.682460,77521.648440,,3.453000,-341.313900
4.232000,0.378110,0.692140,3.681150,178.922150,-342.681520,77474.179690,1.000000,3.287660,-341.314760
4.234000,0.421690,0.697270,3.076170,178.940630,-342.681700,77308.601560,,3.481200,-341.315340
4.236000,0.380680,0.607540,2.471190,178.959780,-342.682310,77599.687500,,3.518370,-341.315310
4.238000,0.283260,0.617800,1.907230,178.978790,-342.682250,77377.148440,,3.437620,-341.314730
4.240000,0.235840,0.649840,2.625000,178.997680,-342.682040,77187.312500,1.000000,3.444030,-341.314330
4.242000,0.256350,0.699830,4.286130,179.016510,-342.682680,77206.289060,,3.583740,-341.314330
4.244000,0.385800,0.778020,5.516600,179.035100,-342.682370,77130.351560,,3.426090,-341.314910
4.246000,0.489620,0.838260,5.506350,179.053630,-342.681150,77009.070310,,3.235110,-341.315700
4.248000,0.542180,0.706240,4.439940,179.073010,-342.681300,77362.390630,1.000000,3.429930,-341.316070
4.250000,0.451170,0.492190,3.281250,179.093120,-342.682310,77746.289060,,3.550420,-341.315460
4.252000,0.298650,0.439640,2.471190,179.112840,-342.682280,77722.031250,,3.463260,-341.314360
4.254000,0.194820,0.456300,2.625000,179.132050,-342.682010,77293.835940,,3.422240,-341.313570
4.256000,0.188420,0.503720,3.117190,179.150990,-342.682590,77302.273440,1.000000,3.567080,-341.313390
4.258000,0.294800,0.563960,3.773440,179.169560,-342.682400,77265.351560,,3.437620,-341.313960
4.260000,0.385800,0.657530,3.527340,179.187810,-342.681490,77170.437500,,3.294070,-341.314790
4.262000,0.428100,0.628050,2.922360,179.206480,-342.681700,77437.273440,,3.481200,-341.315370
4.264000,0.380680,0.535770,2.481450,179.225770,-342.682310,77368.710940,1.000000,3.517090,-341.315250
4.266000,0.281980,0.538330,2.071290,179.244860,-342.682220,77141.960940,,3.435060,-341.314670
4.268000,0.235840,0.576780,2.830080,179.263790,-342.682040,77106.093750,,3.446590,-341.314270
4.270000,0.261470,0.640870,4.511720,179.282590,-342.682680,77326.523440,,3.587590,-341.314300
4.272000,0.397340,0.735720,5.608890,179.301070,-342.682310,77326.523440,1.000000,3.410710,-341.314910
4.272000,0.397340,0.735720,5.608890,179.301070,-342.682310,77326.523440,1.000000,3.410710,-341.314910
4.274000,0.499880,0.808780,5.157710,179.319530,-342.681090,77319.140630,,3.237670,-341.315730
4.276000,0.551150,0.687010,4.019530,179.338850,-342.681340,77723.085940,,3.429930,-341.316070
4.278000,0.453740,0.484500,3.178710,179.358890,-342.682310,77563.828130,,3.546570,-341.315430
4.280000,0.299930,0.453740,2.460940,179.378430,-342.682280,77400.351560,1.000000,3.455570,-341.314300
4.282000,0.193540,0.494750,2.655760,179.397540,-342.682040,77262.195310,,3.423520,-341.313510
4.284000,0.188420,0.562680,3.445310,179.416350,-342.682620,77389.812500,,3.565800,-341.313320
4.286000,0.293520,0.630620,3.937500,179.434860,-342.682370,77131.414060,,3.419680,-341.313870
4.288000,0.381960,0.724180,3.558110,179.453110,-342.681490,77168.320310,1.000000,3.295350,-341.314730
4.290000,0.428100,0.699830,3.055660,179.471830,-342.681760,77317.039060,,3.478640,-341.315340
4.292000,0.378110,0.607540,2.625000,179.491120,-342.682370,77319.140630,,3.505550,-341.315190
4.294000,0.280700,0.620360,1.814940,179.510220,-342.682250,77371.875000,,3.429930,-341.314640
4.296000,0.234560,0.635740,2.666020,179.529280,-342.682100,77576.484380,1.000000,3.444030,-341.314240
4.298000,0.265320,0.680600,4.398930,179.548170,-342.682740,77110.320310,,3.583740,-341.314240
4.300000,0.401180,0.758790,5.321780,179.566770,-342.682310,77220.007810,,3.392760,-341.314910
4.302000,0.498600,0.808780,5.034670,179.585400,-342.681120,77300.156250,,3.236390,-341.315700
4.304000,0.547300,0.654970,4.173340,179.604900,-342.681460,77363.445310,1.000000,3.429930,-341.316040
4.306000,0.448610,0.435790,3.137700,179.625080,-342.682370,77385.585940,,3.538880,-341.315340
4.308000,0.294800,0.397340,2.696780,179.644670,-342.682310,77343.398440,,3.442750,-341.314240
4.310000,0.194820,0.426820,2.830080,179.663820,-342.682070,77229.500000,,3.422240,-341.313480
4.312000,0.190980,0.485780,3.660640,179.682600,-342.682680,77231.609380,1.000000,3.564510,-341.313320
4.314000,0.297360,0.561400,3.773440,179.701050,-342.682370,77211.562500,,3.403020,-341.313900
4.316000,0.384520,0.661380,3.445310,179.719190,-342.681550,77454.140630,,3.296630,-341.314760
4.318000,0.431950,0.640870,2.768550,179.737820,-342.681820,77552.234380,,3.474790,-341.315340
4.320000,0.376830,0.557560,2.399410,179.757030,-342.682430,77324.414060,1.000000,3.501710,-341.315190
4.322000,0.276860,0.575500,1.907230,179.776060,-342.682280,77652.429690,,3.423520,-341.314610
4.324000,0.234560,0.613950,2.994140,179.795000,-342.682160,77394.031250,,3.441470,-341.314210
4.326000,0.269170,0.678040,4.378420,179.813740,-342.682740,77238.984380,,3.581180,-341.314240
4.328000,0.403750,0.772890,5.506350,179.832240,-342.682280,77319.140630,1.000000,3.373540,-341.314910
4.330000,0.498600,0.819030,5.065430,179.850830,-342.681150,77237.929690,,3.236390,-341.315700
4.332000,0.544740,0.653690,4.275880,179.870380,-342.681490,77169.382810,,3.428650,-341.316010
4.334000,0.442200,0.430660,3.178710,179.890590,-342.682430,77450.984380,,3.533750,-341.315310
4.336000,0.292240,0.403750,2.778810,179.910230,-342.682310,77371.875000,1.000000,3.431210,-341.314240
4.338000,0.194820,0.437070,2.953130,179.929380,-342.682130,77608.132810,,3.417110,-341.313480
4.340000,0.197390,0.507570,3.435060,179.948180,-342.682740,77364.500000,,3.560670,-341.313320
4.342000,0.306340,0.579350,3.783690,179.966690,-342.682400,77380.312500,,3.385070,-341.313930
4.344000,0.388370,0.670350,3.332520,179.984920,-342.681580,77317.039060,1.000000,3.294070,-341.314790
4.346000,0.428100,0.637020,2.686520,180.003650,-342.681880,77580.710940,,3.470950,-341.315310
4.348000,0.367860,0.557560,2.430180,180.022890,-342.682460,77357.109380,,3.494020,-341.315120
4.350000,0.274290,0.563960,1.999510,180.041930,-342.682310,77356.054690,,3.414550,-341.314540
4.352000,0.234560,0.594730,3.147950,180.060880,-342.682190,77226.328130,1.000000,3.440190,-341.314210
4.354000,0.274290,0.663940,4.798830,180.079610,-342.682800,77253.750000,,3.577330,-341.314240
4.356000,0.414000,0.762630,5.598630,180.098010,-342.682250,77326.523440,,3.354310,-341.314940
4.358000,0.505000,0.828000,5.055180,180.116500,-342.681150,77320.203130,,3.231260,-341.315730
4.360000,0.547300,0.680600,3.865720,180.135940,-342.681580,77543.796880,1.000000,3.428650,-341.315980
4.362000,0.438350,0.462710,3.055660,180.156040,-342.682460,77564.890630,,3.528630,-341.315250
4.364000,0.285830,0.438350,2.491700,180.175570,-342.682370,77345.515630,,3.422240,-341.314150
4.366000,0.189700,0.466550,2.973630,180.194660,-342.682190,77857.031250,,3.415830,-341.313390
4.368000,0.196110,0.546020,3.722170,180.213380,-342.682770,77422.507810,1.000000,3.559390,-341.313290
4.370000,0.307620,0.615230,3.978520,180.231830,-342.682370,77188.359380,,3.368410,-341.313930
4.372000,0.387080,0.689580,3.301760,180.250090,-342.681580,77431.992190,,3.294070,-341.314760
4.374000,0.426820,0.628050,2.737790,180.268970,-342.681920,77364.500000,,3.468380,-341.315310
4.376000,0.364010,0.526790,2.235350,180.288380,-342.682500,77151.445310,1.000000,3.485050,-341.315090
4.378000,0.274290,0.539610,1.927730,180.307540,-342.682310,77376.101560,,3.406860,-341.314540
4.380000,0.235840,0.553710,3.240230,180.326610,-342.682250,77311.757810,,3.438900,-341.314210
4.382000,0.278140,0.617800,4.850100,180.345460,-342.682860,77404.578130,,3.573490,-341.314240
4.384000,0.414000,0.697270,5.434570,180.364040,-342.682250,77255.859380,1.000000,3.336360,-341.314940
4.386000,0.501160,0.735720,4.932130,180.382710,-342.681180,77617.617190,,3.236390,-341.315700
4.388000,0.535770,0.563960,3.916990,180.402300,-342.681640,77522.703130,,3.427370,-341.315890
4.390000,0.428100,0.353760,2.901860,180.422470,-342.682560,77268.515630,,3.524780,-341.315190
4.392000,0.280700,0.343510,2.440430,180.442000,-342.682400,77418.289060,1.000000,3.411990,-341.314090
4.394000,0.193540,0.375550,3.137700,180.461040,-342.682220,77450.984380,,3.414550,-341.313390
4.396000,0.203800,0.478090,3.968260,180.479660,-342.682800,76723.242190,,3.547850,-341.313350
4.398000,0.315310,0.567810,3.968260,180.497970,-342.682370,77385.585940,,3.354310,-341.313960
4.400000,0.390930,0.679320,3.435060,180.516010,-342.681610,77471.015630,1.000000,3.291500,-341.314790
4.402000,0.424260,0.653690,2.758300,180.534620,-342.682010,77318.093750,,3.463260,-341.315310
4.404000,0.358890,0.598570,2.276370,180.553710,-342.682590,77637.664060,,3.481200,-341.315060
4.406000,0.270450,0.634460,1.886720,180.572590,-342.682340,77763.171880,,3.399170,-341.314510
4.408000,0.237120,0.679320,3.240230,180.591380,-342.682310,77323.359380,1.000000,3.440190,-341.314180
4.410000,0.280700,0.779300,4.788570,180.609970,-342.682860,77361.335940,,3.568360,-341.314270
4.412000,0.420410,0.888240,5.496090,180.628280,-342.682220,77199.968750,,3.320980,-341.314970
4.414000,0.505000,0.940800,5.126950,180.646820,-342.681210,77400.351560,,3.236390,-341.315700
4.416000,0.530640,0.756230,4.019530,180.666430,-342.681700,77117.695310,1.000000,3.426090,-341.315890
4.418000,0.421690,0.524230,2.932620,180.686690,-342.682590,77287.507810,,3.517090,-341.315090
4.420000,0.276860,0.497310,2.737790,180.706360,-342.682400,77440.437500,,3.404300,-341.314060
4.422000,0.192260,0.499880,3.373540,180.725660,-342.682280,77293.835940,,3.409420,-341.313390
4.424000,0.208920,0.571660,3.937500,180.744550,-342.682860,77369.773440,1.000000,3.547850,-341.313350
4.426000,0.324280,0.615230,4.101560,180.763200,-342.682400,77666.132810,,3.344060,-341.314000
4.428000,0.392210,0.684450,3.322270,180.781620,-342.681640,77569.109380,,3.296630,-341.314790
4.430000,0.420410,0.620360,2.512210,180.800600,-342.682070,77254.804690,,3.461980,-341.315280
4.432000,0.355040,0.531920,2.091800,180.820010,-342.682590,77671.414060,1.000000,3.478640,-341.315030
4.432000,0.355040,0.531920,2.091800,180.820010,-342.682590,77671.414060,1.000000,3.478640,-341.315030
4.434000,0.267880,0.557560,1.896970,180.839100,-342.682370,77334.960940,,3.394040,-341.314480
4.436000,0.233280,0.572940,3.373540,180.858090,-342.682340,77159.890630,,3.441470,-341.314150
4.438000,0.287110,0.653690,4.993650,180.876880,-342.682890,77281.179690,,3.559390,-341.314300
4.440000,0.428100,0.740840,5.701170,180.895340,-342.682190,77102.929690,1.000000,3.301760,-341.315030
4.442000,0.511410,0.778020,5.229490,180.914000,-342.681210,77113.484380,,3.238950,-341.315730
4.444000,0.535770,0.603700,3.896480,180.933650,-342.681760,77291.718750,,3.423520,-341.315890
4.446000,0.422970,0.388370,3.014650,180.953830,-342.682620,77486.835940,,3.515810,-341.315060
4.448000,0.274290,0.393490,2.460940,180.973300,-342.682400,77541.679690,1.000000,3.395320,-341.314000
4.450000,0.187130,0.437070,3.322270,180.992280,-342.682310,77422.507810,,3.413270,-341.313320
4.452000,0.207640,0.567810,3.824710,181.010790,-342.682860,77622.898440,,3.541440,-341.313290
4.454000,0.326840,0.662660,4.009280,181.029010,-342.682370,77381.375000,,3.332520,-341.314000
4.456000,0.393490,0.772890,3.199220,181.047030,-342.681670,77306.484380,1.000000,3.300480,-341.314790
4.458000,0.424260,0.721620,2.645510,181.065720,-342.682100,77398.242190,,3.458130,-341.315250
4.460000,0.352480,0.648560,2.153320,181.084920,-342.682620,77492.117190,,3.476070,-341.314970
4.462000,0.262760,0.674190,1.866210,181.103910,-342.682370,77083.953130,,3.386350,-341.314420
4.464000,0.230710,0.680600,3.547850,181.122910,-342.682370,77180.976560,1.000000,3.444030,-341.314120
4.466000,0.290950,0.754940,5.260250,181.141710,-342.682890,77108.203130,,3.547850,-341.314270
4.468000,0.433230,0.826720,5.670410,181.160280,-342.682160,77268.515630,,3.287660,-341.315030
4.470000,0.511410,0.836980,5.085940,181.179090,-342.681240,77363.445310,,3.250490,-341.315730
4.472000,0.531920,0.624210,3.824710,181.198940,-342.681820,77504.765630,1.000000,3.432500,-341.315830
4.474000,0.416560,0.397340,2.840330,181.219270,-342.682680,77362.390630,,3.515810,-341.315000
4.476000,0.270450,0.383240,2.245610,181.238880,-342.682430,77628.171880,,3.395320,-341.313960
4.478000,0.187130,0.392210,3.188960,181.258030,-342.682340,77184.148440,,3.423520,-341.313290
4.480000,0.212770,0.490910,3.937500,181.276700,-342.682860,77411.953130,1.000000,3.533750,-341.313320
4.482000,0.331970,0.553710,4.142580,181.295090,-342.682310,77204.187500,,3.322270,-341.314000
4.484000,0.397340,0.637020,3.404300,181.313320,-342.681640,77293.835940,,3.308170,-341.314820
4.486000,0.425540,0.566530,2.881350,181.332230,-342.682130,77147.234380,,3.456850,-341.315250
4.488000,0.349910,0.488340,2.132810,181.351500,-342.682620,77340.234380,1.000000,3.474790,-341.314940
4.490000,0.261470,0.529360,2.030270,181.370470,-342.682370,77413.007810,,3.385070,-341.314420
4.492000,0.231990,0.557560,3.599120,181.389340,-342.682430,77539.578130,,3.449160,-341.314090
4.494000,0.297360,0.665220,4.993650,181.407940,-342.682920,77132.460940,,3.546570,-341.314300
4.496000,0.437070,0.772890,5.475590,181.426240,-342.682130,77485.789060,1.000000,3.279970,-341.315060
4.498000,0.512700,0.820310,5.055180,181.444780,-342.681240,77304.382810,,3.258180,-341.315730
4.500000,0.526790,0.643430,3.793950,181.464360,-342.681880,77292.781250,,3.440190,-341.315800
4.502000,0.408870,0.442200,2.707030,181.484420,-342.682710,77348.679690,,3.515810,-341.314940
4.504000,0.269170,0.452450,2.399410,181.503860,-342.682400,77317.039060,1.000000,3.394040,-341.313930
4.506000,0.188420,0.469120,3.301760,181.522900,-342.682340,77013.289060,,3.429930,-341.313290
4.508000,0.216610,0.587040,3.927250,181.541530,-342.682860,77283.281250,,3.523500,-341.313350
4.510000,0.337100,0.653690,4.060550,181.559920,-342.682280,77446.757810,,3.314580,-341.314060
4.512000,0.394780,0.738280,3.373540,181.578200,-342.681670,77371.875000,1.000000,3.314580,-341.314820
4.514000,0.417850,0.651120,2.573730,181.597180,-342.682190,77367.656250,,3.461980,-341.315220
4.516000,0.342220,0.575500,2.020020,181.616550,-342.682650,77427.781250,,3.476070,-341.314910
4.518000,0.258910,0.607540,1.845700,181.635600,-342.682370,77485.789060,,3.383790,-341.314390
4.520000,0.231990,0.628050,3.465820,181.654510,-342.682430,77340.234380,1.000000,3.460690,-341.314090
4.522000,0.299930,0.733150,5.096190,181.673170,-342.682920,77303.328130,,3.538880,-341.314330
4.524000,0.442200,0.822880,5.680660,181.691540,-342.682040,77235.828130,,3.272280,-341.315120
4.526000,0.519100,0.834410,5.239750,181.710240,-342.681210,76998.515630,,3.265870,-341.315800
4.528000,0.529360,0.626770,3.875980,181.730010,-342.681880,77255.859380,1.000000,3.446590,-341.315830
4.530000,0.402470,0.426820,2.686520,181.750170,-342.682680,77503.710940,,3.517090,-341.314910
4.532000,0.262760,0.431950,2.512210,181.769670,-342.682370,77279.062500,,3.395320,-341.313900
4.534000,0.185850,0.447330,3.086430,181.788730,-342.682340,77378.210940,,3.436340,-341.313260
4.536000,0.216610,0.569090,3.845210,181.807330,-342.682860,77795.859380,1.000000,3.522220,-341.313350
4.538000,0.337100,0.647280,4.214360,181.825610,-342.682190,77351.843750,,3.313290,-341.314060
4.540000,0.396060,0.751100,3.291500,181.843730,-342.681670,77428.828130,,3.328670,-341.314850
4.542000,0.417850,0.681880,2.573730,181.862590,-342.682190,77602.851560,,3.468380,-341.315220
4.544000,0.339660,0.611390,2.030270,181.881840,-342.682620,77431.992190,1.000000,3.476070,-341.314910
4.546000,0.258910,0.647280,1.804690,181.900830,-342.682310,77454.140630,,3.390200,-341.314390
4.548000,0.233280,0.657530,3.619630,181.919780,-342.682430,77295.937500,,3.468380,-341.314090
4.550000,0.303770,0.751100,5.137210,181.938550,-342.682890,76992.187500,,3.532470,-341.314360
4.552000,0.440920,0.828000,5.629390,181.957060,-342.681980,77167.265630,1.000000,3.264590,-341.315120
4.554000,0.512700,0.816470,5.116700,181.975970,-342.681210,77306.484380,,3.276120,-341.315770
4.556000,0.515260,0.584470,3.742680,181.995990,-342.681880,77570.156250,,3.450440,-341.315730
4.558000,0.388370,0.383240,2.809570,182.016280,-342.682650,77448.875000,,3.517090,-341.314850
4.560000,0.258910,0.384520,2.204590,182.035860,-342.682340,77367.656250,1.000000,3.395320,-341.313870
4.562000,0.189700,0.403750,3.055660,182.054950,-342.682370,77621.835940,,3.446590,-341.313290
4.564000,0.226870,0.521670,3.742680,182.073580,-342.682830,77318.093750,,3.517090,-341.313420
4.566000,0.346070,0.581910,4.009280,182.091870,-342.682160,77311.757810,,3.310730,-341.314150
4.568000,0.401180,0.666500,3.353030,182.110110,-342.681640,77285.390630,1.000000,3.337650,-341.314910
4.570000,0.417850,0.583190,2.717290,182.129040,-342.682190,77169.382810,,3.473510,-341.315250
4.572000,0.334530,0.529360,2.091800,182.148220,-342.682590,77141.960940,,3.477360,-341.314910
4.574000,0.258910,0.565250,1.948240,182.167140,-342.682310,77474.179690,,3.391480,-341.314360
4.576000,0.235840,0.598570,3.619630,182.185930,-342.682430,77367.656250,1.000000,3.478640,-341.314090
4.578000,0.308900,0.725460,5.229490,182.204410,-342.682860,77278.015630,,3.526060,-341.314360
4.580000,0.443480,0.851070,5.537110,182.222530,-342.681920,77252.695310,,3.264590,-341.315160
4.582000,0.516540,0.880550,5.065430,182.241060,-342.681210,77597.585940,,3.288940,-341.315800
4.584000,0.513980,0.694700,3.845210,182.260680,-342.681920,77490.000000,1.000000,3.463260,-341.315730
4.586000,0.385800,0.506290,2.635250,182.280650,-342.682650,77543.796880,,3.524780,-341.314850
4.588000,0.256350,0.519100,2.358400,182.300000,-342.682310,77392.976560,,3.401730,-341.313870
4.590000,0.188420,0.549870,2.983890,182.318950,-342.682370,77223.171880,,3.459410,-341.313290
4.592000,0.226870,0.657530,3.752930,182.337600,-342.682800,76987.976560,1.000000,3.517090,-341.313450
4.594000,0.344790,0.692140,4.132320,182.356080,-342.682040,77376.101560,,3.306880,-341.314180
4.596000,0.398620,0.743410,3.537600,182.374570,-342.681610,77153.554690,,3.350460,-341.314910
4.598000,0.407590,0.628050,2.758300,182.393830,-342.682190,77350.789060,,3.481200,-341.315220
4.598000,0.407590,0.628050,2.758300,182.393830,-342.682190,77350.789060,,3.481200,-341.315220
4.600000,0.324280,0.562680,2.009770,182.413270,-342.682590,77596.531250,1.000000,3.477360,-341.314850
4.602000,0.253780,0.578060,1.979000,182.432500,-342.682280,77724.140630,,3.396610,-341.314360
4.604000,0.230710,0.583190,3.588870,182.451570,-342.682460,77169.382810,,3.486330,-341.314120
4.606000,0.314030,0.672910,4.973140,182.470370,-342.682860,77677.734380,,3.527340,-341.314450
4.608000,0.447330,0.753660,5.680660,182.488830,-342.681820,77177.812500,1.000000,3.260740,-341.315250
4.610000,0.522950,0.749820,5.167970,182.507660,-342.681210,77373.992190,,3.304320,-341.315890
4.612000,0.516540,0.522950,3.968260,182.527570,-342.681920,77265.351560,,3.469670,-341.315770
4.614000,0.380680,0.342220,2.789060,182.547710,-342.682590,77375.046880,,3.524780,-341.314850
4.616000,0.249940,0.353760,2.522460,182.567110,-342.682250,77370.820310,1.000000,3.401730,-341.313840
4.618000,0.183290,0.399900,3.096680,182.586030,-342.682340,77397.195310,,3.467100,-341.313290
4.620000,0.228150,0.537050,3.834960,182.604480,-342.682740,77370.820310,,3.513240,-341.313480
4.622000,0.346070,0.628050,4.122070,182.622590,-342.682010,77760.007810,,3.306880,-341.314240
4.624000,0.403750,0.730590,3.424800,182.640670,-342.681610,77303.328130,1.000000,3.368410,-341.315000
4.626000,0.410160,0.658810,2.625000,182.659480,-342.682190,78323.203130,,3.488890,-341.315280
4.628000,0.317870,0.642150,2.020020,182.678480,-342.682560,77741.023440,,3.482480,-341.314880
4.630000,0.249940,0.681880,1.804690,182.697300,-342.682250,77353.945310,,3.401730,-341.314360
4.632000,0.229430,0.724180,3.558110,182.716030,-342.682430,77230.546880,1.000000,3.502990,-341.314120
4.634000,0.317870,0.822880,5.096190,182.734620,-342.682770,77315.984380,,3.518370,-341.314480
4.636000,0.448610,0.901060,5.516600,182.753020,-342.681730,76860.351560,,3.256900,-341.315310
4.638000,0.519100,0.862610,5.239750,182.771990,-342.681180,77283.281250,,3.317140,-341.315920
4.640000,0.503720,0.606260,4.060550,182.792070,-342.681920,77468.906250,1.000000,3.474790,-341.315770
4.642000,0.367860,0.425540,2.912110,182.812360,-342.682590,77315.984380,,3.526060,-341.314820
4.644000,0.244810,0.398620,2.471190,182.831950,-342.682220,77493.171880,,3.404300,-341.313870
4.646000,0.183290,0.420410,3.117190,182.851120,-342.682340,77687.234380,,3.474790,-341.313350
4.648000,0.235840,0.517820,3.742680,182.869840,-342.682740,77494.226560,1.000000,3.513240,-341.313540
4.650000,0.348630,0.567810,4.101560,182.888230,-342.681950,77512.148440,,3.308170,-341.314330
4.652000,0.403750,0.624210,3.414550,182.906630,-342.681610,77462.585940,,3.378660,-341.315060
4.654000,0.406310,0.511410,2.860840,182.925750,-342.682190,77469.960940,,3.494020,-341.315340
4.656000,0.314030,0.471680,2.102050,182.945020,-342.682500,77443.593750,1.000000,3.476070,-341.314910
4.658000,0.248660,0.497310,1.927730,182.964020,-342.682190,77309.648440,,3.404300,-341.314420
4.660000,0.229430,0.540890,3.732420,182.982860,-342.682430,77325.468750,,3.505550,-341.314180
4.662000,0.324280,0.652400,5.167970,183.001420,-342.682740,77023.835940,,3.517090,-341.314540
4.664000,0.452450,0.756230,5.588380,183.019670,-342.681670,77271.687500,1.000000,3.251770,-341.315370
4.666000,0.516540,0.752380,5.229490,183.038410,-342.681210,77612.343750,,3.335080,-341.315980
4.668000,0.499880,0.552430,3.999020,183.058150,-342.681980,77494.226560,,3.481200,-341.315800
4.670000,0.362730,0.420410,2.789060,183.078020,-342.682590,77527.976560,,3.529910,-341.314850
4.672000,0.239690,0.458860,2.348140,183.097170,-342.682220,77684.070310,1.000000,3.403020,-341.313900
4.674000,0.180730,0.534480,3.117190,183.115910,-342.682370,77259.031250,,3.485050,-341.313390
4.676000,0.237120,0.666500,3.527340,183.134280,-342.682680,77250.593750,,3.505550,-341.313600
4.678000,0.346070,0.749820,3.845210,183.152440,-342.681880,77173.601560,,3.299190,-341.314360
4.680000,0.394780,0.819030,3.486330,183.170730,-342.681610,77140.906250,1.000000,3.391480,-341.315090
4.682000,0.396060,0.703670,2.963380,183.189830,-342.682190,77235.828130,,3.488890,-341.315340
4.684000,0.305050,0.671630,2.112300,183.209110,-342.682460,77488.945310,,3.474790,-341.314910
4.686000,0.243530,0.671630,2.143070,183.228260,-342.682190,77245.320310,,3.405580,-341.314450
4.688000,0.228150,0.706240,3.752930,183.247240,-342.682460,77437.273440,1.000000,3.510680,-341.314240
4.690000,0.326840,0.792110,5.116700,183.265960,-342.682740,77366.609380,,3.515810,-341.314640
4.692000,0.451170,0.867740,5.434570,183.284480,-342.681610,77534.296880,,3.250490,-341.315430
4.694000,0.516540,0.817750,5.126950,183.303560,-342.681210,77375.046880,,3.345340,-341.316040
4.696000,0.493470,0.552430,4.111820,183.323700,-342.682010,77176.757810,1.000000,3.488890,-341.315800
4.698000,0.353760,0.385800,2.922360,183.343900,-342.682590,77458.359380,,3.524780,-341.314820
4.700000,0.234560,0.372990,2.553220,183.363360,-342.682190,77430.937500,,3.401730,-341.313900
4.702000,0.176880,0.428100,3.229980,183.382350,-342.682370,77141.960940,,3.490170,-341.313390
4.704000,0.244810,0.533200,3.711910,183.400890,-342.682680,77290.671880,1.000000,3.502990,-341.313690
4.706000,0.352480,0.615230,4.040040,183.419100,-342.681820,77157.781250,,3.291500,-341.314480
4.708000,0.398620,0.688290,3.496580,183.437360,-342.681610,77400.351560,,3.400450,-341.315190
4.710000,0.393490,0.596010,2.994140,183.456340,-342.682220,77736.796880,,3.495300,-341.315370
4.712000,0.299930,0.585750,2.143070,183.475430,-342.682500,77616.562500,1.000000,3.474790,-341.314910
4.714000,0.243530,0.617800,2.091800,183.494290,-342.682190,77299.101560,,3.408140,-341.314480
4.716000,0.229430,0.679320,3.752930,183.513060,-342.682460,77461.523440,,3.519650,-341.314270
4.718000,0.334530,0.781860,5.126950,183.531560,-342.682710,77185.203130,,3.506840,-341.314670
4.720000,0.455020,0.883120,5.455080,183.549880,-342.681550,77371.875000,1.000000,3.244080,-341.315460
4.722000,0.511410,0.840820,4.973140,183.568860,-342.681210,77133.515630,,3.353030,-341.316040
4.724000,0.481930,0.581910,3.855470,183.588960,-342.682010,77264.296880,,3.488890,-341.315770
4.726000,0.343510,0.424260,2.881350,183.609130,-342.682560,77202.078130,,3.520940,-341.314790
4.728000,0.226870,0.425540,2.512210,183.628590,-342.682160,77206.289060,1.000000,3.396610,-341.313870
4.730000,0.178160,0.483220,3.260740,183.647600,-342.682400,77445.703130,,3.492740,-341.313450
4.732000,0.251220,0.580630,3.732420,183.666180,-342.682650,77549.062500,,3.504270,-341.313750
4.734000,0.352480,0.647280,3.834960,183.684490,-342.681790,77240.039060,,3.290220,-341.314540
4.736000,0.396060,0.697270,3.312010,183.702910,-342.681640,77835.937500,1.000000,3.415830,-341.315250
4.738000,0.388370,0.580630,2.860840,183.722050,-342.682220,77495.281250,,3.496580,-341.315400
4.740000,0.296080,0.563960,2.050780,183.741240,-342.682460,77359.226560,,3.470950,-341.314910
4.742000,0.237120,0.566530,2.030270,183.760220,-342.682160,77288.562500,,3.413270,-341.314480
4.744000,0.229430,0.620360,3.916990,183.779070,-342.682460,77315.984380,1.000000,3.527340,-341.314330
4.746000,0.342220,0.720340,5.301270,183.797590,-342.682650,76868.796880,,3.497860,-341.314760
4.748000,0.456300,0.822880,5.393550,183.815860,-342.681490,77150.390630,,3.241520,-341.315550
4.750000,0.513980,0.789550,5.106450,183.834760,-342.681210,77288.562500,,3.363280,-341.316070
4.752000,0.480650,0.551150,3.988770,183.854710,-342.682040,77520.593750,1.000000,3.496580,-341.315770
4.754000,0.337100,0.412720,2.768550,183.874680,-342.682560,77390.867190,,3.524780,-341.314790
4.756000,0.224300,0.433230,2.399410,183.893860,-342.682160,77643.992190,,3.400450,-341.313870
4.758000,0.173030,0.512700,3.168460,183.912640,-342.682430,77320.203130,,3.501710,-341.313450
4.760000,0.252500,0.624210,3.547850,183.931030,-342.682590,77275.906250,1.000000,3.496580,-341.313780
4.760000,0.252500,0.624210,3.547850,183.931030,-342.682590,77275.906250,1.000000,3.496580,-341.313780
4.762000,0.351200,0.710080,3.650390,183.949200,-342.681760,77361.335940,,3.287660,-341.314580
4.764000,0.398620,0.752380,3.465820,183.967580,-342.681640,77532.187500,,3.420960,-341.315280
4.766000,0.387080,0.639590,2.860840,183.986720,-342.682220,77139.851560,,3.496580,-341.315400
4.768000,0.287110,0.626770,2.143070,184.005970,-342.682430,77280.117190,1.000000,3.463260,-341.314910
4.770000,0.233280,0.630620,2.102050,184.025010,-342.682130,77455.203130,,3.410710,-341.314480
4.772000,0.228150,0.669070,3.958010,184.044040,-342.682500,77068.132810,,3.533750,-341.314330
4.774000,0.344790,0.739560,5.116700,184.062770,-342.682620,77196.796880,,3.490170,-341.314790
4.776000,0.458860,0.816470,5.352540,184.081310,-342.681490,77571.218750,1.000000,3.244080,-341.315610
4.778000,0.519100,0.748540,4.921880,184.100490,-342.681210,77405.632810,,3.377380,-341.316130
4.780000,0.480650,0.492190,3.773440,184.120640,-342.682070,77479.460940,,3.501710,-341.315800
4.782000,0.333250,0.367860,2.768550,184.140730,-342.682530,77582.820310,,3.522220,-341.314790
4.784000,0.220460,0.378110,2.542970,184.160020,-342.682130,77264.296880,1.000000,3.401730,-341.313870
4.786000,0.171750,0.469120,3.188960,184.178820,-342.682430,77272.742190,,3.506840,-341.313450
4.788000,0.257630,0.590880,3.742680,184.197140,-342.682560,77127.195310,,3.488890,-341.313810
4.790000,0.355040,0.694700,3.660640,184.215210,-342.681700,77368.710940,,3.286380,-341.314640
4.792000,0.401180,0.747250,3.445310,184.233490,-342.681640,77185.203130,1.000000,3.433780,-341.315310
4.794000,0.384520,0.649840,2.748050,184.252490,-342.682250,77396.132810,,3.501710,-341.315400
4.796000,0.283260,0.657530,2.225100,184.271510,-342.682430,77589.140630,,3.463260,-341.314910
4.798000,0.230710,0.680600,2.327640,184.290340,-342.682130,77407.734380,,3.415830,-341.314480
4.800000,0.230710,0.757510,3.845210,184.309050,-342.682530,77213.679690,1.000000,3.541440,-341.314360
4.802000,0.352480,0.863890,5.167970,184.327470,-342.682590,77539.578130,,3.481200,-341.314850
4.804000,0.462710,0.965150,5.321780,184.345760,-342.681400,77388.757810,,3.241520,-341.315640
4.806000,0.520390,0.897220,4.675780,184.364850,-342.681210,77398.242190,,3.386350,-341.316130
4.808000,0.472960,0.631900,3.732420,184.384990,-342.682100,77381.375000,1.000000,3.509400,-341.315730
4.810000,0.324280,0.489620,2.850590,184.405080,-342.682500,77168.320310,,3.518370,-341.314700
4.812000,0.216610,0.484500,2.748050,184.424470,-342.682100,77126.140630,,3.400450,-341.313840
4.814000,0.175600,0.542180,3.322270,184.443500,-342.682460,77336.023440,,3.517090,-341.313480
4.816000,0.265320,0.617800,3.783690,184.462130,-342.682530,77322.304690,1.000000,3.481200,-341.313840
4.818000,0.358890,0.683170,3.763180,184.480530,-342.681670,77482.625000,,3.288940,-341.314670
4.820000,0.402470,0.692140,3.178710,184.499150,-342.681640,77496.328130,,3.445310,-341.315340
4.822000,0.380680,0.556270,2.655760,184.518520,-342.682250,77969.882810,,3.499150,-341.315400
4.824000,0.281980,0.529360,2.081540,184.537860,-342.682400,77655.593750,1.000000,3.461980,-341.314910
4.826000,0.230710,0.522950,2.173830,184.556960,-342.682100,77649.257810,,3.414550,-341.314450
4.828000,0.234560,0.579350,4.152830,184.575910,-342.682560,77193.632810,,3.551700,-341.314360
4.830000,0.358890,0.674190,5.250000,184.594470,-342.682560,77269.570310,,3.473510,-341.314880
4.832000,0.471680,0.780580,5.393550,184.612790,-342.681340,77213.679690,1.000000,3.238950,-341.315700
4.834000,0.525510,0.720340,4.747560,184.631810,-342.681210,77384.531250,,3.399170,-341.316160
4.836000,0.470400,0.485780,3.670900,184.651790,-342.682130,77253.750000,,3.517090,-341.315700
4.838000,0.323000,0.383240,2.942870,184.671630,-342.682460,77343.398440,,3.515810,-341.314670
4.840000,0.215330,0.419130,2.737790,184.690700,-342.682100,77507.937500,1.000000,3.406860,-341.313810
4.842000,0.175600,0.528080,3.271000,184.709340,-342.682460,77481.562500,,3.526060,-341.313450
4.844000,0.271730,0.653690,3.619630,184.727540,-342.682460,77343.398440,,3.472230,-341.313840
4.846000,0.360170,0.766480,3.445310,184.745540,-342.681610,77816.953130,,3.288940,-341.314670
4.848000,0.402470,0.806210,3.076170,184.763820,-342.681640,77396.132810,1.000000,3.453000,-341.315310
4.850000,0.376830,0.704960,2.501950,184.782880,-342.682250,77284.335940,,3.502990,-341.315340
4.852000,0.280700,0.711360,2.132810,184.801940,-342.682370,77417.226560,,3.460690,-341.314880
4.854000,0.231990,0.722900,2.553220,184.820830,-342.682100,77240.039060,,3.419680,-341.314450
4.856000,0.237120,0.789550,4.357910,184.839690,-342.682590,77209.453130,1.000000,3.556820,-341.314360
4.858000,0.362730,0.867740,5.239750,184.858280,-342.682460,77220.007810,,3.461980,-341.314880
4.860000,0.469120,0.935670,5.311520,184.876790,-342.681300,77186.257810,,3.237670,-341.315670
4.862000,0.520390,0.813900,4.686040,184.896190,-342.681240,77556.453130,,3.406860,-341.316100
4.864000,0.462710,0.530640,3.588870,184.916580,-342.682160,77407.734380,1.000000,3.518370,-341.315640
4.866000,0.321720,0.379390,2.696780,184.936770,-342.682430,77847.539060,,3.508120,-341.314640
4.868000,0.215330,0.360170,2.789060,184.956280,-342.682070,77515.312500,,3.404300,-341.313780
4.870000,0.180730,0.425540,3.424800,184.975300,-342.682460,77193.632810,,3.533750,-341.313450
4.872000,0.278140,0.515260,3.824710,184.993800,-342.682460,77378.210940,1.000000,3.464540,-341.313870
4.874000,0.370420,0.611390,3.670900,185.011980,-342.681610,77556.453130,,3.291500,-341.314700
4.876000,0.408870,0.644710,3.117190,185.030380,-342.681640,76980.593750,,3.460690,-341.315340
4.878000,0.376830,0.544740,2.460940,185.049480,-342.682280,77484.726560,,3.502990,-341.315340
4.880000,0.284550,0.549870,2.061040,185.068500,-342.682340,77559.609380,1.000000,3.460690,-341.314820
4.882000,0.234560,0.576780,2.686520,185.087330,-342.682070,77198.914060,,3.422240,-341.314390
4.884000,0.244810,0.652400,4.347660,185.106050,-342.682590,77406.687500,,3.563230,-341.314360
4.886000,0.372990,0.756230,5.373050,185.124440,-342.682460,77544.843750,,3.453000,-341.314880
4.888000,0.474240,0.856200,5.280760,185.142750,-342.681240,77430.937500,1.000000,3.236390,-341.315670
4.890000,0.525510,0.767760,4.419430,185.161900,-342.681240,77401.406250,,3.410710,-341.316040
4.892000,0.458860,0.520390,3.291500,185.182020,-342.682160,77320.203130,,3.526060,-341.315550
4.894000,0.316590,0.419130,2.809570,185.201890,-342.682430,77520.593750,,3.502990,-341.314510
4.896000,0.211490,0.452450,2.912110,185.221070,-342.682070,77043.867190,1.000000,3.409420,-341.313690
4.898000,0.183290,0.546020,3.537600,185.239850,-342.682460,77118.750000,,3.542720,-341.313390
4.900000,0.284550,0.642150,3.875980,185.258220,-342.682430,77526.914060,,3.456850,-341.313870
4.902000,0.372990,0.728030,3.783690,185.276440,-342.681580,77251.640630,,3.296630,-341.314700
4.904000,0.410160,0.722900,2.912110,185.294980,-342.681670,77394.031250,1.000000,3.468380,-341.315310
4.906000,0.372990,0.607540,2.460940,185.314270,-342.682280,77570.156250,,3.504270,-341.315280
4.908000,0.281980,0.594730,1.937990,185.333450,-342.682310,77478.406250,,3.456850,-341.314760
4.910000,0.231990,0.599850,2.748050,185.352460,-342.682070,77482.625000,,3.422240,-341.314360
4.912000,0.248660,0.661380,4.347660,185.371320,-342.682590,77619.726560,1.000000,3.573490,-341.314330
4.912000,0.248660,0.661380,4.347660,185.371320,-342.682590,77619.726560,1.000000,3.573490,-341.314330
4.914000,0.379390,0.749820,5.506350,185.389830,-342.682400,77150.390630,,3.441470,-341.314910
4.916000,0.481930,0.830570,5.342290,185.408250,-342.681210,77218.945310,,3.240230,-341.315700
4.918000,0.533200,0.708800,4.573240,185.427510,-342.681270,77243.210940,,3.418400,-341.316070
4.920000,0.461430,0.461430,3.476070,185.447690,-342.682190,77450.984380,1.000000,3.532470,-341.315520
4.922000,0.312740,0.362730,2.871090,185.467540,-342.682400,77242.156250,,3.500430,-341.314450
4.924000,0.208920,0.376830,2.963380,185.486760,-342.682070,77443.593750,,3.411990,-341.313660
4.926000,0.185850,0.460140,3.701660,185.505520,-342.682500,77331.804690,,3.552980,-341.313390
4.928000,0.287110,0.556270,3.968260,185.523880,-342.682370,77433.054690,1.000000,3.441470,-341.313870
4.930000,0.375550,0.658810,3.547850,185.541990,-342.681550,77372.929690,,3.303040,-341.314700
4.932000,0.415280,0.671630,2.860840,185.560460,-342.681670,77716.757810,,3.472230,-341.315310
4.934000,0.372990,0.576780,2.399410,185.579610,-342.682310,77511.093750,,3.504270,-341.315220
4.936000,0.278140,0.592160,1.866210,185.598600,-342.682310,77445.703130,1.000000,3.456850,-341.314700
4.938000,0.230710,0.622920,2.778810,185.617480,-342.682070,77235.828130,,3.424800,-341.314300
4.940000,0.252500,0.698550,4.614260,185.636200,-342.682620,77338.125000,,3.579900,-341.314270
4.942000,0.385800,0.799800,5.649900,185.654630,-342.682340,77069.187500,,3.429930,-341.314910
4.944000,0.484500,0.872860,5.250000,185.673080,-342.681180,77437.273440,1.000000,3.246640,-341.315700
4.946000,0.535770,0.737000,4.552730,185.692490,-342.681300,77124.023440,,3.424800,-341.316040
4.948000,0.457580,0.476810,3.260740,185.712810,-342.682220,77519.531250,,3.536320,-341.315460
4.950000,0.311460,0.375550,2.737790,185.732760,-342.682370,77766.328130,,3.491460,-341.314390
4.952000,0.211490,0.385800,2.994140,185.752110,-342.682040,77477.351560,1.000000,3.414550,-341.313600
4.954000,0.192260,0.470400,3.681150,185.770970,-342.682500,77407.734380,,3.560670,-341.313350
4.956000,0.293520,0.563960,4.050290,185.789370,-342.682340,77420.398440,,3.427370,-341.313870
4.958000,0.379390,0.674190,3.568360,185.807500,-342.681520,77311.757810,,3.310730,-341.314700
4.960000,0.417850,0.683170,3.004390,185.825970,-342.681700,77521.648440,1.000000,3.476070,-341.315280
4.962000,0.370420,0.597290,2.276370,185.845060,-342.682310,77413.007810,,3.505550,-341.315190
4.964000,0.278140,0.602420,1.927730,185.864040,-342.682310,77283.281250,,3.454280,-341.314640
4.966000,0.234560,0.628050,3.035160,185.882890,-342.682070,77023.835940,,3.429930,-341.314270
4.968000,0.261470,0.711360,4.655270,185.901570,-342.682620,77147.234380,1.000000,3.582460,-341.314270
4.970000,0.393490,0.811340,5.660160,185.919910,-342.682310,77484.726560,,3.413270,-341.314910
4.972000,0.489620,0.888240,5.280760,185.938320,-342.681150,77490.000000,,3.245360,-341.315700
4.974000,0.539610,0.744690,4.286130,185.957700,-342.681340,77379.265630,,3.424800,-341.316010
4.976000,0.451170,0.485780,3.055660,185.977970,-342.682280,77549.062500,1.000000,3.533750,-341.315370
4.978000,0.305050,0.392210,2.419920,185.997790,-342.682370,77469.960940,,3.479920,-341.314300
4.980000,0.212770,0.419130,2.901860,186.017010,-342.682070,77151.445310,,3.415830,-341.313540
4.982000,0.192260,0.506290,3.650390,186.035780,-342.682530,77301.218750,,3.558110,-341.313290
4.984000,0.298650,0.593440,4.142580,186.054180,-342.682310,77215.789060,1.000000,3.411990,-341.313840
4.986000,0.381960,0.676760,3.701660,186.072420,-342.681520,77063.906250,,3.313290,-341.314700
4.988000,0.421690,0.647280,2.891600,186.091090,-342.681760,77322.304690,,3.470950,-341.315250
4.990000,0.369140,0.530640,2.327640,186.110460,-342.682340,77438.320310,,3.500430,-341.315120
4.992000,0.275570,0.516540,1.948240,186.129670,-342.682280,77223.171880,1.000000,3.444030,-341.314610
4.994000,0.235840,0.510130,2.850590,186.148820,-342.682100,77328.632810,,3.427370,-341.314240
4.996000,0.266600,0.560120,4.645020,186.167770,-342.682650,77653.484380,,3.579900,-341.314240
4.998000,0.397340,0.644710,5.701170,186.186340,-342.682280,77299.101560,,3.399170,-341.314880
5.000000,0.493470,0.720340,5.137210,186.204820,-342.681180,77139.851560,1.000000,3.246640,-341.315670
5.002000,0.540890,0.581910,4.306640,186.224180,-342.681430,77342.343750,,3.428650,-341.315980
5.004000,0.451170,0.351200,3.096680,186.244350,-342.682310,77481.562500,,3.533750,-341.315340
5.006000,0.301210,0.293520,2.563480,186.264010,-342.682370,77080.789060,,3.468380,-341.314270
5.008000,0.208920,0.326840,3.065920,186.283080,-342.682100,77197.851560,1.000000,3.419680,-341.313480
5.010000,0.197390,0.444760,3.927250,186.301610,-342.682560,77394.031250,,3.556820,-341.313290
5.012000,0.303770,0.554990,4.142580,186.319780,-342.682310,77144.070310,,3.394040,-341.313870
5.014000,0.384520,0.663940,3.547850,186.337780,-342.681520,77471.015630,,3.315860,-341.314700
5.016000,0.420410,0.652400,2.696780,186.356290,-342.681760,77486.835940,1.000000,3.463260,-341.315250
5.018000,0.362730,0.560120,2.235350,186.375440,-342.682400,77320.203130,,3.495300,-341.315090
5.020000,0.275570,0.588320,1.527830,186.394350,-342.682310,77466.804690,,3.438900,-341.314580
5.022000,0.235840,0.629330,2.881350,186.413160,-342.682130,77602.851560,,3.423520,-341.314240
5.024000,0.270450,0.720340,4.675780,186.431750,-342.682710,77133.515630,1.000000,3.582460,-341.314240
5.026000,0.401180,0.834410,5.670410,186.450070,-342.682250,77132.460940,,3.378660,-341.314910
5.028000,0.488340,0.899780,5.208980,186.468510,-342.681180,77031.218750,,3.242800,-341.315640
5.030000,0.530640,0.733150,4.480960,186.487990,-342.681490,77438.320310,,3.427370,-341.315920
5.032000,0.438350,0.467830,3.229980,186.508350,-342.682370,77192.585940,1.000000,3.523500,-341.315250
5.034000,0.294800,0.374270,2.409670,186.528270,-342.682370,77438.320310,,3.453000,-341.314240
5.036000,0.208920,0.358890,2.994140,186.547730,-342.682160,77703.054690,,3.410710,-341.313480
5.038000,0.202510,0.433230,3.916990,186.566650,-342.682590,77420.398440,,3.555540,-341.313320
5.040000,0.308900,0.508850,3.988770,186.585190,-342.682310,77421.453130,1.000000,3.374820,-341.313930
5.042000,0.383240,0.594730,3.404300,186.603470,-342.681580,77697.781250,,3.315860,-341.314760
5.044000,0.419130,0.563960,2.830080,186.622210,-342.681850,77323.359380,,3.458130,-341.315250
5.046000,0.360170,0.471680,2.009770,186.641490,-342.682460,77338.125000,,3.488890,-341.315060
5.048000,0.273010,0.502440,1.650880,186.660480,-342.682310,77480.515630,1.000000,3.429930,-341.314580
5.050000,0.235840,0.530640,2.850590,186.679380,-342.682190,77216.843750,,3.424800,-341.314240
5.052000,0.276860,0.616520,4.952640,186.698010,-342.682740,76871.953130,,3.579900,-341.314270
5.054000,0.411440,0.720340,5.701170,186.716350,-342.682220,77262.195310,,3.359440,-341.314940
5.056000,0.494750,0.788270,5.311520,186.734790,-342.681180,77189.421880,1.000000,3.236390,-341.315700
5.058000,0.531920,0.631900,4.265630,186.754230,-342.681520,77453.085940,,3.423520,-341.315890
5.060000,0.430660,0.405030,2.891600,186.774410,-342.682430,77413.007810,,3.518370,-341.315190
5.062000,0.289670,0.367860,2.255860,186.794020,-342.682400,77688.281250,,3.435060,-341.314150
5.064000,0.205080,0.402470,2.963380,186.813130,-342.682190,77502.656250,1.000000,3.409420,-341.313450
5.066000,0.203800,0.528080,3.629880,186.831670,-342.682680,77523.750000,,3.550420,-341.313320
5.068000,0.311460,0.637020,4.101560,186.849850,-342.682340,77359.226560,,3.360720,-341.313930
5.070000,0.385800,0.753660,3.527340,186.867860,-342.681610,77336.023440,,3.317140,-341.314760
5.072000,0.417850,0.725460,2.891600,186.886440,-342.681950,77029.101560,1.000000,3.454280,-341.315250
5.074000,0.355040,0.628050,1.989260,186.905700,-342.682500,77486.835940,,3.479920,-341.315060
5.076000,0.266600,0.638310,1.845700,186.924740,-342.682340,77426.718750,,3.415830,-341.314510
5.078000,0.231990,0.633180,3.065920,186.943830,-342.682250,77338.125000,,3.423520,-341.314210
5.080000,0.278140,0.687010,4.870610,186.962710,-342.682770,77345.515630,1.000000,3.568360,-341.314270
5.082000,0.412720,0.761350,5.670410,186.981310,-342.682190,77615.507810,,3.337650,-341.314970
5.084000,0.493470,0.801090,5.260250,187.000030,-342.681210,77427.781250,,3.237670,-341.315700
5.086000,0.526790,0.617800,4.060550,187.019670,-342.681640,77638.718750,,3.420960,-341.315890
5.088000,0.426820,0.372990,2.932620,187.040010,-342.682500,77338.125000,1.000000,3.514530,-341.315190
5.088000,0.426820,0.372990,2.932620,187.040010,-342.682500,77338.125000,1.000000,3.514530,-341.315190
5.090000,0.285830,0.321720,2.194340,187.059720,-342.682460,77359.226560,,3.424800,-341.314120
5.092000,0.202510,0.328130,2.973630,187.078920,-342.682250,77291.718750,,3.411990,-341.313420
5.094000,0.207640,0.428100,3.978520,187.097580,-342.682710,77289.617190,,3.542720,-341.313320
5.096000,0.319150,0.511410,4.132320,187.115910,-342.682310,77304.382810,1.000000,3.345340,-341.313960
5.098000,0.392210,0.611390,3.599120,187.134050,-342.681610,77323.359380,,3.313290,-341.314790
5.100000,0.417850,0.574220,2.778810,187.152760,-342.681980,77418.289060,,3.447880,-341.315280
5.102000,0.349910,0.480650,2.173830,187.172000,-342.682560,77475.234380,,3.476070,-341.315030
5.104000,0.264040,0.512700,1.599610,187.190980,-342.682340,77475.234380,1.000000,3.406860,-341.314510
5.106000,0.231990,0.526790,3.096680,187.209920,-342.682310,77577.539060,,3.422240,-341.314180
5.108000,0.283260,0.625490,4.737300,187.228520,-342.682830,77375.046880,,3.565800,-341.314270
5.110000,0.424260,0.751100,5.731930,187.246770,-342.682220,77125.085940,,3.323550,-341.315030
5.112000,0.508850,0.822880,5.229490,187.265180,-342.681240,77327.578130,1.000000,3.245360,-341.315730
5.114000,0.531920,0.658810,4.142580,187.284670,-342.681730,77352.890630,,3.426090,-341.315890
5.116000,0.424260,0.416560,2.983890,187.304860,-342.682560,77241.093750,,3.510680,-341.315120
5.118000,0.280700,0.388370,2.317380,187.324460,-342.682460,77425.664060,,3.413270,-341.314060
5.120000,0.199950,0.399900,3.065920,187.343630,-342.682310,77380.312500,1.000000,3.411990,-341.313390
5.122000,0.207640,0.505000,3.958010,187.362320,-342.682740,77243.210940,,3.529910,-341.313290
5.124000,0.323000,0.570370,4.152830,187.380750,-342.682310,77537.468750,,3.329960,-341.313960
5.126000,0.390930,0.662660,3.578610,187.398970,-342.681640,77647.148440,,3.317140,-341.314790
5.128000,0.417850,0.612670,2.881350,187.417770,-342.682040,77577.539060,1.000000,3.441470,-341.315220
5.130000,0.347350,0.530640,2.081540,187.437030,-342.682590,77563.828130,,3.474790,-341.315000
5.132000,0.262760,0.567810,1.609860,187.455960,-342.682400,77559.609380,,3.396610,-341.314480
5.134000,0.233280,0.583190,3.312010,187.474870,-342.682340,77349.726560,,3.427370,-341.314150
5.136000,0.285830,0.684450,4.757810,187.493440,-342.682860,77121.914060,1.000000,3.556820,-341.314300
5.138000,0.425540,0.789550,5.660160,187.511730,-342.682190,77060.742190,,3.305600,-341.315030
5.140000,0.506290,0.833130,5.455080,187.530270,-342.681240,77439.382810,,3.247920,-341.315730
5.142000,0.524230,0.634460,4.337400,187.549960,-342.681760,77129.304690,,3.423520,-341.315830
5.144000,0.417850,0.379390,2.891600,187.570310,-342.682590,77427.781250,1.000000,3.506840,-341.315030
5.146000,0.275570,0.337100,2.348140,187.590040,-342.682460,77666.132810,,3.403020,-341.314000
5.148000,0.198670,0.343510,2.953130,187.609250,-342.682310,77443.593750,,3.411990,-341.313350
5.150000,0.212770,0.460140,3.660640,187.627900,-342.682770,77646.093750,,3.524780,-341.313320
5.152000,0.329410,0.543460,4.070800,187.646240,-342.682310,77562.773440,1.000000,3.327390,-341.314000
5.154000,0.392210,0.646000,3.670900,187.664380,-342.681670,77330.750000,,3.319700,-341.314790
5.156000,0.416560,0.598570,2.922360,187.683170,-342.682100,77172.539060,,3.442750,-341.315220
5.158000,0.344790,0.512700,1.968750,187.702390,-342.682620,77567.000000,,3.476070,-341.314970
5.160000,0.260190,0.551150,1.650880,187.721370,-342.682400,77418.289060,1.000000,3.390200,-341.314450
5.162000,0.231990,0.548580,3.240230,187.740370,-342.682370,77179.921880,,3.432500,-341.314120
5.164000,0.289670,0.630620,4.819340,187.759120,-342.682860,77233.710940,,3.546570,-341.314300
5.166000,0.430660,0.716490,5.649900,187.777600,-342.682130,77274.851560,,3.291500,-341.315030
5.168000,0.506290,0.740840,5.342290,187.796280,-342.681240,77369.773440,1.000000,3.254330,-341.315730
5.170000,0.519100,0.548580,4.224610,187.816010,-342.681790,77427.781250,,3.428650,-341.315770
5.172000,0.410160,0.319150,2.891600,187.836290,-342.682620,77708.320310,,3.506840,-341.314970
5.174000,0.270450,0.302490,2.399410,187.855910,-342.682460,77386.640630,,3.400450,-341.313960
5.176000,0.197390,0.319150,3.106930,187.874970,-342.682340,77197.851560,1.000000,3.419680,-341.313320
5.178000,0.219180,0.463990,3.681150,187.893490,-342.682770,77434.109380,,3.518370,-341.313350
5.180000,0.338380,0.547300,4.101560,187.911680,-342.682280,77331.804690,,3.319700,-341.314060
5.182000,0.396060,0.656250,3.660640,187.929760,-342.681670,77035.429690,,3.327390,-341.314820
5.184000,0.414000,0.587040,2.830080,187.948550,-342.682130,77512.148440,1.000000,3.441470,-341.315220
5.184000,0.414000,0.587040,2.830080,187.948550,-342.682130,77512.148440,1.000000,3.441470,-341.315220
5.186000,0.339660,0.511410,2.194340,187.967740,-342.682620,77228.445310,,3.476070,-341.314910
5.188000,0.260190,0.562680,1.691890,187.986630,-342.682370,77324.414060,,3.385070,-341.314420
5.190000,0.234560,0.580630,3.383790,188.005480,-342.682400,77529.023440,,3.438900,-341.314120
5.192000,0.297360,0.694700,4.757810,188.024030,-342.682860,77339.187500,1.000000,3.540160,-341.314330
5.194000,0.435790,0.798520,5.455080,188.042310,-342.682100,77312.812500,,3.279970,-341.315060
5.196000,0.506290,0.831850,5.260250,188.060870,-342.681270,77415.117190,,3.264590,-341.315730
5.198000,0.519100,0.647280,4.306640,188.080520,-342.681850,77231.609380,,3.433780,-341.315730
5.200000,0.405030,0.421690,3.106930,188.100720,-342.682650,77455.203130,1.000000,3.505550,-341.314910
5.202000,0.267880,0.402470,2.430180,188.120320,-342.682430,77250.593750,,3.397890,-341.313930
5.204000,0.197390,0.408870,3.045410,188.139470,-342.682340,77382.421880,,3.427370,-341.313290
5.206000,0.220460,0.524230,3.804200,188.158140,-342.682770,77095.554690,,3.506840,-341.313350
5.208000,0.338380,0.574220,3.988770,188.176590,-342.682220,77259.031250,1.000000,3.317140,-341.314060
5.210000,0.392210,0.652400,3.609380,188.194930,-342.681670,77384.531250,,3.327390,-341.314820
5.212000,0.414000,0.578060,2.912110,188.213930,-342.682160,77595.476560,,3.447880,-341.315190
5.214000,0.335820,0.503720,2.040530,188.233260,-342.682620,77402.460940,,3.472230,-341.314910
5.216000,0.257630,0.538330,1.599610,188.252320,-342.682370,77363.445310,1.000000,3.382510,-341.314390
5.218000,0.233280,0.538330,3.373540,188.271330,-342.682430,77257.976560,,3.446590,-341.314120
5.220000,0.299930,0.633180,4.860350,188.290020,-342.682860,77112.429690,,3.537600,-341.314360
5.222000,0.438350,0.733150,5.383300,188.308380,-342.682040,77240.039060,,3.274840,-341.315090
5.224000,0.511410,0.760070,5.434570,188.327060,-342.681240,77192.585940,1.000000,3.271000,-341.315730
5.226000,0.517820,0.556270,4.460450,188.346820,-342.681850,76735.898440,,3.440190,-341.315730
5.228000,0.397340,0.337100,3.035160,188.367030,-342.682620,77375.046880,,3.504270,-341.314880
5.230000,0.264040,0.330690,2.491700,188.386580,-342.682400,77418.289060,,3.395320,-341.313900
5.232000,0.193540,0.353760,3.096680,188.405610,-342.682340,77364.500000,1.000000,3.431210,-341.313260
5.234000,0.223020,0.494750,3.568360,188.424100,-342.682770,77380.312500,,3.504270,-341.313390
5.236000,0.343510,0.587040,3.947750,188.442260,-342.682190,77530.078130,,3.313290,-341.314090
5.238000,0.399900,0.684450,3.547850,188.460360,-342.681670,77494.226560,,3.336360,-341.314880
5.240000,0.416560,0.629330,2.840330,188.479130,-342.682190,77454.140630,1.000000,3.454280,-341.315220
5.242000,0.330690,0.570370,2.081540,188.498250,-342.682620,77473.125000,,3.474790,-341.314880
5.244000,0.255070,0.619080,1.835450,188.517120,-342.682340,77330.750000,,3.385070,-341.314360
5.246000,0.233280,0.633180,3.414550,188.535980,-342.682430,77107.148440,,3.458130,-341.314090
5.248000,0.305050,0.726750,4.921880,188.554660,-342.682860,77101.875000,1.000000,3.529910,-341.314360
5.248000,0.305050,0.726750,4.921880,188.554660,-342.682860,77101.875000,1.000000,3.529910,-341.314360
5.250000,0.444760,0.802370,5.414060,188.573090,-342.681980,77298.046880,,3.264590,-341.315160
5.252000,0.516540,0.789550,5.434570,188.591920,-342.681240,77185.203130,,3.279970,-341.315800
5.254000,0.516540,0.563960,4.255370,188.611860,-342.681880,77503.710940,,3.444030,-341.315730
5.256000,0.389650,0.339660,2.922360,188.632190,-342.682620,77648.203130,1.000000,3.506840,-341.314850
5.258000,0.260190,0.320430,2.501950,188.651840,-342.682370,77381.375000,,3.395320,-341.313840
5.260000,0.193540,0.333250,3.024900,188.670940,-342.682340,77475.234380,,3.440190,-341.313260
5.262000,0.229430,0.463990,3.537600,188.689540,-342.682770,77531.132810,,3.504270,-341.313390
5.264000,0.351200,0.526790,3.834960,188.707860,-342.682130,77270.625000,1.000000,3.313290,-341.314150
5.266000,0.405030,0.610110,3.353030,188.726120,-342.681640,77271.687500,,3.342770,-341.314910
5.268000,0.414000,0.519100,2.891600,188.745090,-342.682190,77241.093750,,3.460690,-341.315220
5.270000,0.325560,0.457580,2.184080,188.764360,-342.682590,77323.359380,,3.474790,-341.314850
5.272000,0.253780,0.488340,2.009770,188.783400,-342.682310,77267.460940,1.000000,3.386350,-341.314360
5.274000,0.234560,0.499880,3.465820,188.802340,-342.682460,77323.359380,,3.467100,-341.314090
5.276000,0.311460,0.602420,4.901370,188.820970,-342.682860,77365.546880,,3.523500,-341.314390
5.278000,0.449890,0.703670,5.301270,188.839290,-342.681920,77216.843750,,3.262020,-341.315190
5.280000,0.522950,0.717770,5.014160,188.857970,-342.681240,77355.000000,1.000000,3.292790,-341.315860
5.282000,0.519100,0.511410,4.122070,188.877760,-342.681920,77653.484380,,3.454280,-341.315730
5.284000,0.384520,0.321720,3.158200,188.897860,-342.682620,77343.398440,,3.510680,-341.314820
5.286000,0.256350,0.335820,2.471190,188.917250,-342.682340,77414.062500,,3.399170,-341.313840
5.288000,0.189700,0.383240,3.117190,188.936130,-342.682340,77416.171880,1.000000,3.451720,-341.313260
5.290000,0.228150,0.531920,3.517090,188.954530,-342.682740,77263.250000,,3.496580,-341.313390
5.292000,0.346070,0.612670,3.978520,188.972670,-342.682070,77090.273440,,3.309450,-341.314150
5.294000,0.402470,0.693420,3.373540,188.990860,-342.681640,77328.632810,,3.353030,-341.314910
5.296000,0.412720,0.598570,2.871090,189.009810,-342.682190,77496.328130,1.000000,3.464540,-341.315220
5.298000,0.323000,0.548580,2.194340,189.029020,-342.682590,77476.296880,,3.472230,-341.314850
5.300000,0.253780,0.581910,1.845700,189.048000,-342.682310,77561.718750,,3.386350,-341.314360
5.302000,0.233280,0.607540,3.435060,189.066890,-342.682460,77228.445310,,3.476070,-341.314120
5.304000,0.314030,0.706240,4.860350,189.085540,-342.682830,77281.179690,1.000000,3.518370,-341.314420
5.306000,0.448610,0.788270,5.167970,189.103940,-342.681850,77288.562500,,3.259460,-341.315220
5.308000,0.517820,0.771610,5.167970,189.122790,-342.681270,77352.890630,,3.308170,-341.315830
5.310000,0.506290,0.531920,4.070800,189.142780,-342.681950,77300.156250,,3.463260,-341.315700
5.312000,0.372990,0.328130,3.158200,189.163070,-342.682620,77067.078130,1.000000,3.514530,-341.314790
5.314000,0.251220,0.308900,2.583980,189.182680,-342.682310,77468.906250,,3.403020,-341.313810
5.316000,0.189700,0.344790,3.168460,189.201710,-342.682340,77356.054690,,3.460690,-341.313290
5.318000,0.237120,0.478090,3.609380,189.220250,-342.682740,77367.656250,,3.497860,-341.313480
5.320000,0.349910,0.554990,3.742680,189.238480,-342.682010,77415.117190,1.000000,3.308170,-341.314240
5.322000,0.403750,0.638310,3.322270,189.256730,-342.681640,77538.523440,,3.365840,-341.315000
5.324000,0.407590,0.551150,2.912110,189.275680,-342.682190,77559.609380,,3.473510,-341.315250
5.326000,0.315310,0.520390,2.173830,189.294830,-342.682560,77829.617190,,3.474790,-341.314880
5.328000,0.252500,0.565250,2.050780,189.313750,-342.682280,77453.085940,1.000000,3.391480,-341.314360
5.330000,0.231990,0.602420,3.578610,189.332580,-342.682460,77147.234380,,3.488890,-341.314150
5.332000,0.316590,0.707520,4.942380,189.351170,-342.682800,77193.632810,,3.515810,-341.314480
5.334000,0.449890,0.804930,5.311520,189.369540,-342.681760,77248.476560,,3.256900,-341.315280
5.336000,0.513980,0.788270,5.167970,189.388400,-342.681210,76972.148440,1.000000,3.320980,-341.315890
5.338000,0.498600,0.554990,4.152830,189.408390,-342.681950,77433.054690,,3.469670,-341.315730
5.340000,0.364010,0.366580,3.035160,189.428630,-342.682590,77447.820310,,3.515810,-341.314790
5.342000,0.242250,0.362730,2.727540,189.448170,-342.682280,77619.726560,,3.400450,-341.313810
5.344000,0.185850,0.398620,3.086430,189.467210,-342.682340,77352.890630,1.000000,3.467100,-341.313320
5.346000,0.242250,0.517820,3.517090,189.485790,-342.682740,77633.437500,,3.499150,-341.313540
5.348000,0.352480,0.589600,3.681150,189.504060,-342.681950,77551.179690,,3.306880,-341.314330
5.350000,0.401180,0.662660,3.127440,189.522370,-342.681640,77364.500000,,3.377380,-341.315060
5.352000,0.401180,0.554990,2.758300,189.541410,-342.682190,77487.890630,1.000000,3.482480,-341.315310
5.354000,0.308900,0.511410,2.327640,189.560670,-342.682500,77556.453130,,3.473510,-341.314880
5.356000,0.246090,0.530640,2.214840,189.579680,-342.682220,77015.398440,,3.396610,-341.314390
5.358000,0.233280,0.561400,3.742680,189.598560,-342.682430,77338.125000,,3.499150,-341.314210
5.360000,0.324280,0.656250,4.973140,189.617190,-342.682740,77189.421880,1.000000,3.510680,-341.314540
5.362000,0.453740,0.744690,5.475590,189.635540,-342.681700,77228.445310,,3.253050,-341.315370
5.364000,0.515260,0.717770,4.901370,189.654420,-342.681210,77526.914060,,3.336360,-341.315950
5.366000,0.496030,0.478090,4.050290,189.674410,-342.681980,77662.976560,,3.474790,-341.315730
5.368000,0.357600,0.299930,3.035160,189.694560,-342.682590,77673.515630,1.000000,3.515810,-341.314790
5.370000,0.235840,0.303770,2.778810,189.713960,-342.682250,77411.953130,,3.401730,-341.313810
5.372000,0.178160,0.362730,3.137700,189.732880,-342.682340,77353.945310,,3.474790,-341.313320
5.374000,0.240970,0.489620,3.599120,189.751330,-342.682680,77346.570310,,3.495300,-341.313600
5.376000,0.347350,0.575500,3.629880,189.769500,-342.681880,77334.960940,1.000000,3.304320,-341.314360
5.378000,0.398620,0.649840,3.342770,189.787730,-342.681670,77186.257810,,3.391480,-341.315090
5.380000,0.397340,0.563960,2.881350,189.806690,-342.682190,77533.242190,,3.486330,-341.315340
5.382000,0.302490,0.547300,2.419920,189.825820,-342.682460,77248.476560,,3.469670,-341.314910
5.384000,0.242250,0.574220,2.266110,189.844760,-342.682220,77467.859380,1.000000,3.400450,-341.314420
5.386000,0.229430,0.610110,3.927250,189.863680,-342.682460,77475.234380,,3.506840,-341.314240
5.388000,0.326840,0.697270,5.055180,189.882350,-342.682710,77337.070310,,3.501710,-341.314640
5.390000,0.451170,0.784420,5.301270,189.900790,-342.681640,77328.632810,,3.251770,-341.315430
5.392000,0.510130,0.754940,4.829590,189.919800,-342.681240,77501.601560,1.000000,3.347900,-341.315980
5.394000,0.487060,0.497310,4.009280,189.939940,-342.682010,77308.601560,,3.477360,-341.315770
5.396000,0.348630,0.319150,3.014650,189.960220,-342.682590,77180.976560,,3.513240,-341.314790
5.398000,0.228150,0.307620,2.686520,189.979770,-342.682220,77244.265630,,3.400450,-341.313840
5.400000,0.175600,0.369140,3.414550,189.998750,-342.682370,77351.843750,1.000000,3.478640,-341.313390
5.402000,0.246090,0.494750,3.804200,190.017230,-342.682680,77203.125000,,3.496580,-341.313690
5.404000,0.353760,0.584470,3.681150,190.035390,-342.681850,77259.031250,,3.300480,-341.314510
5.406000,0.401180,0.652400,3.229980,190.053670,-342.681640,77383.476560,,3.400450,-341.315220
5.408000,0.393490,0.551150,2.655760,190.072660,-342.682190,77525.867190,1.000000,3.487610,-341.315370
5.408000,0.393490,0.551150,2.655760,190.072660,-342.682190,77525.867190,1.000000,3.487610,-341.315370
5.410000,0.296080,0.534480,2.184080,190.091780,-342.682460,77576.484380,,3.468380,-341.314910
5.412000,0.235840,0.570370,2.286620,190.110660,-342.682190,77513.210940,,3.403020,-341.314420
5.414000,0.226870,0.619080,3.937500,190.129460,-342.682460,77353.945310,,3.513240,-341.314240
5.416000,0.334530,0.710080,5.239750,190.147990,-342.682680,77004.843750,1.000000,3.495300,-341.314700
5.418000,0.458860,0.802370,5.229490,190.166370,-342.681610,77349.726560,,3.249210,-341.315520
5.420000,0.515260,0.765200,5.116700,190.185330,-342.681240,77291.718750,,3.360720,-341.316070
5.422000,0.481930,0.505000,3.968260,190.205410,-342.682040,77107.148440,,3.485050,-341.315770
5.424000,0.339660,0.342220,3.014650,190.225570,-342.682590,77471.015630,1.000000,3.514530,-341.314790
5.426000,0.223020,0.340940,2.953130,190.244980,-342.682190,77167.265630,,3.399170,-341.313840
5.428000,0.174320,0.401180,3.332520,190.263960,-342.682400,77416.171880,,3.486330,-341.313390
5.430000,0.248660,0.505000,3.681150,190.282490,-342.682620,77534.296880,,3.488890,-341.313720
5.432000,0.349910,0.583190,3.670900,190.300770,-342.681790,77417.226560,1.000000,3.292790,-341.314510
5.434000,0.396060,0.628050,3.117190,190.319180,-342.681670,77525.867190,,3.410710,-341.315250
5.436000,0.385800,0.510130,2.553220,190.338360,-342.682220,77444.648440,,3.485050,-341.315400
5.438000,0.288390,0.492190,2.112300,190.357640,-342.682460,77400.351560,,3.460690,-341.314910
5.440000,0.231990,0.502440,2.358400,190.376650,-342.682190,77206.289060,1.000000,3.404300,-341.314480
5.442000,0.225590,0.554990,4.152830,190.395600,-342.682460,77145.117190,,3.518370,-341.314300
5.444000,0.335820,0.639590,5.383300,190.414230,-342.682650,77143.015630,,3.490170,-341.314760
5.446000,0.452450,0.731870,5.526860,190.432630,-342.681550,77081.843750,,3.249210,-341.315580
5.446000,0.452450,0.731870,5.526860,190.432630,-342.681550,77081.843750,,3.249210,-341.315580
5.448000,0.511410,0.693420,4.870610,190.451630,-342.681270,77313.867190,1.000000,3.370970,-341.316100
5.450000,0.476810,0.449890,3.824710,190.471680,-342.682070,77669.304690,,3.491460,-341.315770
5.452000,0.331970,0.307620,2.819820,190.491780,-342.682560,77676.679690,,3.510680,-341.314790
5.454000,0.220460,0.314030,2.727540,190.511090,-342.682190,77256.921880,,3.399170,-341.313870
5.456000,0.171750,0.401180,3.271000,190.529940,-342.682430,77544.843750,1.000000,3.494020,-341.313450
5.458000,0.252500,0.537050,3.722170,190.548230,-342.682590,77246.375000,,3.486330,-341.313810
5.460000,0.353760,0.654970,3.722170,190.566270,-342.681760,77265.351560,,3.294070,-341.314640
5.462000,0.397340,0.725460,3.240230,190.584460,-342.681670,77477.351560,,3.422240,-341.315310
5.464000,0.381960,0.633180,2.635250,190.603440,-342.682250,77353.945310,1.000000,3.494020,-341.315430
5.466000,0.281980,0.628050,2.245610,190.622480,-342.682460,77098.718750,,3.459410,-341.314940
5.468000,0.230710,0.663940,2.409670,190.641300,-342.682190,77304.382810,,3.409420,-341.314510
5.470000,0.228150,0.722900,4.245120,190.660130,-342.682500,77223.171880,,3.526060,-341.314360
5.472000,0.343510,0.798520,5.291020,190.678740,-342.682590,77272.742190,1.000000,3.479920,-341.314790
5.474000,0.457580,0.874150,5.250000,190.697240,-342.681490,77333.914060,,3.244080,-341.315610
5.476000,0.512700,0.797240,4.634770,190.716490,-342.681270,77329.687500,,3.381230,-341.316100
5.478000,0.470400,0.515260,3.558110,190.736830,-342.682100,77493.171880,,3.495300,-341.315730
5.480000,0.324280,0.353760,2.522460,190.757160,-342.682530,77348.679690,1.000000,3.510680,-341.314730
5.482000,0.211490,0.328130,2.666020,190.776780,-342.682160,77120.859380,,3.397890,-341.313840
5.484000,0.171750,0.381960,3.517090,190.795940,-342.682460,77241.093750,,3.501710,-341.313450
5.486000,0.258910,0.471680,3.927250,190.814540,-342.682560,76989.023440,,3.479920,-341.313840
5.488000,0.355040,0.560120,3.742680,190.832840,-342.681760,77234.773440,1.000000,3.292790,-341.314670
5.490000,0.398620,0.608830,3.301760,190.851260,-342.681700,77505.828130,,3.435060,-341.315340
5.492000,0.381960,0.499880,2.686520,190.870390,-342.682250,77247.429690,,3.490170,-341.315430
5.494000,0.283260,0.488340,1.999510,190.889560,-342.682430,77480.515630,,3.455570,-341.314940
5.496000,0.231990,0.513980,2.501950,190.908450,-342.682160,77697.781250,1.000000,3.410710,-341.314510
5.498000,0.229430,0.584470,4.306640,190.927230,-342.682530,77334.960940,,3.533750,-341.314360
5.500000,0.347350,0.679320,5.188480,190.945720,-342.682590,77402.460940,,3.472230,-341.314820
5.502000,0.457580,0.779300,5.198730,190.964050,-342.681430,77535.359380,,3.245360,-341.315640
5.504000,0.508850,0.728030,4.798830,190.983080,-342.681270,77337.070310,1.000000,3.388920,-341.316100
5.506000,0.463990,0.489620,3.445310,191.003110,-342.682130,77253.750000,,3.502990,-341.315700
5.508000,0.317870,0.372990,2.645510,191.023060,-342.682500,77199.968750,,3.508120,-341.314700
5.510000,0.210210,0.414000,2.635250,191.042210,-342.682160,77250.593750,,3.400450,-341.313810
5.512000,0.173030,0.510130,3.732420,191.060940,-342.682460,77050.195310,1.000000,3.511960,-341.313480
5.514000,0.266600,0.616520,3.988770,191.079300,-342.682530,77305.437500,,3.477360,-341.313870
5.516000,0.357600,0.708800,3.742680,191.097460,-342.681700,77485.789060,,3.291500,-341.314700
5.518000,0.398620,0.733150,3.137700,191.115910,-342.681670,77495.281250,,3.444030,-341.315340
5.520000,0.374270,0.613950,2.409670,191.135130,-342.682250,77346.570310,1.000000,3.494020,-341.315370
5.522000,0.276860,0.584470,1.753420,191.154420,-342.682370,77738.906250,,3.450440,-341.314910
5.524000,0.229430,0.585750,2.419920,191.173510,-342.682130,77360.281250,,3.415830,-341.314480
5.526000,0.234560,0.625490,4.296390,191.192540,-342.682560,77243.210940,,3.541440,-341.314360
5.528000,0.356320,0.695980,5.537110,191.211230,-342.682530,77283.281250,1.000000,3.467100,-341.314880
5.530000,0.463990,0.774170,5.424320,191.229740,-342.681400,77465.742190,,3.244080,-341.315700
5.532000,0.519100,0.679320,4.880860,191.249010,-342.681300,77037.546880,,3.401730,-341.316160
5.534000,0.463990,0.407590,3.291500,191.269290,-342.682160,77350.789060,,3.510680,-341.315700
5.536000,0.315310,0.269170,2.666020,191.289410,-342.682460,77428.828130,1.000000,3.501710,-341.314640
5.538000,0.206360,0.274290,2.799320,191.308780,-342.682100,77534.296880,,3.401730,-341.313780
5.540000,0.171750,0.353760,3.599120,191.327670,-342.682460,77303.328130,,3.519650,-341.313450
5.542000,0.269170,0.461430,3.937500,191.346070,-342.682460,77767.382810,,3.465820,-341.313870
5.544000,0.362730,0.558840,3.814450,191.364200,-342.681670,77557.500000,1.000000,3.292790,-341.314700
5.546000,0.399900,0.603700,3.055660,191.382570,-342.681700,77556.453130,,3.451720,-341.315340
5.548000,0.372990,0.510130,2.378910,191.401630,-342.682280,77518.476560,,3.495300,-341.315370
5.550000,0.275570,0.533200,1.681640,191.420580,-342.682370,77609.187500,,3.451720,-341.314880
5.552000,0.226870,0.588320,2.481450,191.439290,-342.682130,77146.179690,1.000000,3.417110,-341.314450
5.554000,0.234560,0.669070,4.429690,191.457960,-342.682590,77210.507810,,3.550420,-341.314360
5.556000,0.360170,0.770320,5.424320,191.476350,-342.682460,77222.109380,,3.455570,-341.314910
5.558000,0.466550,0.865170,5.403810,191.494670,-342.681340,77113.484380,,3.241520,-341.315700
5.560000,0.515260,0.776730,4.583500,191.513850,-342.681300,77402.460940,1.000000,3.408140,-341.316100
5.560000,0.515260,0.776730,4.583500,191.513850,-342.681300,77402.460940,1.000000,3.408140,-341.316100
5.562000,0.453740,0.511410,3.301760,191.534120,-342.682160,77445.703130,,3.511960,-341.315610
5.564000,0.310180,0.372990,2.440430,191.554260,-342.682430,77627.117190,,3.494020,-341.314610
5.566000,0.203800,0.372990,2.645510,191.573730,-342.682100,77607.070310,,3.400450,-341.313750
5.568000,0.175600,0.447330,3.558110,191.592710,-342.682460,77256.921880,1.000000,3.527340,-341.313450
5.570000,0.274290,0.542180,4.070800,191.611220,-342.682460,77220.007810,,3.458130,-341.313930
5.572000,0.367860,0.637020,3.793950,191.629460,-342.681640,77261.132810,,3.300480,-341.314760
5.574000,0.405030,0.658810,3.168460,191.647920,-342.681730,77356.054690,,3.461980,-341.315370
5.576000,0.369140,0.558840,2.317380,191.667070,-342.682310,77434.109380,1.000000,3.497860,-341.315340
5.578000,0.273010,0.561400,1.886720,191.686130,-342.682340,77456.250000,,3.450440,-341.314820
5.580000,0.224300,0.592160,2.594240,191.704970,-342.682100,77311.757810,,3.423520,-341.314420
5.582000,0.240970,0.660100,4.614260,191.723750,-342.682590,77416.171880,,3.555540,-341.314360
5.584000,0.369140,0.748540,5.639650,191.742230,-342.682430,77406.687500,1.000000,3.442750,-341.314910
5.586000,0.476810,0.826720,5.321780,191.760650,-342.681270,77573.320310,,3.242800,-341.315730
5.588000,0.526790,0.725460,4.552730,191.779910,-342.681300,77521.648440,,3.415830,-341.316130
5.590000,0.456300,0.469120,3.106930,191.800160,-342.682190,77254.804690,,3.520940,-341.315610
5.592000,0.308900,0.364010,2.358400,191.820130,-342.682400,77384.531250,1.000000,3.490170,-341.314540
5.594000,0.201230,0.390930,2.727540,191.839390,-342.682100,77308.601560,,3.408140,-341.313690
5.596000,0.174320,0.484500,3.691410,191.858170,-342.682500,76632.539060,,3.538880,-341.313390
5.598000,0.279420,0.597290,4.152830,191.876480,-342.682430,77351.843750,,3.447880,-341.313900
5.600000,0.371700,0.697270,3.999020,191.894640,-342.681610,77433.054690,1.000000,3.303040,-341.314760
5.602000,0.408870,0.706240,3.178710,191.913150,-342.681700,77423.554690,,3.467100,-341.315340
5.604000,0.369140,0.592160,2.286620,191.932450,-342.682310,77575.429690,,3.496580,-341.315310
5.606000,0.274290,0.580630,1.671390,191.951660,-342.682310,77502.656250,,3.447880,-341.314790
5.608000,0.225590,0.588320,2.481450,191.970750,-342.682070,77499.492190,1.000000,3.420960,-341.314360
5.610000,0.243530,0.635740,4.347660,191.989730,-342.682590,77471.015630,,3.564510,-341.314330
5.612000,0.372990,0.710080,5.557620,192.008390,-342.682430,77295.937500,,3.435060,-341.314910
5.614000,0.475520,0.778020,5.567870,192.026980,-342.681270,77311.757810,,3.250490,-341.315730
5.616000,0.526790,0.653690,4.778320,192.046370,-342.681340,77014.335940,1.000000,3.424800,-341.316070
5.618000,0.452450,0.398620,3.281250,192.066680,-342.682220,77497.390630,,3.528630,-341.315550
5.620000,0.307620,0.287110,2.563480,192.086670,-342.682370,77500.546880,,3.486330,-341.314480
5.622000,0.201230,0.298650,3.014650,192.105960,-342.682070,77272.742190,,3.414550,-341.313660
5.624000,0.180730,0.393490,3.681150,192.124710,-342.682500,77494.226560,1.000000,3.549130,-341.313390
5.626000,0.285830,0.505000,4.245120,192.143010,-342.682370,77712.546880,,3.435060,-341.313900
5.628000,0.376830,0.613950,3.752930,192.161040,-342.681550,77572.265630,,3.309450,-341.314760
5.630000,0.412720,0.628050,2.983890,192.179440,-342.681700,77536.414060,,3.469670,-341.315340
5.632000,0.369140,0.544740,2.122560,192.198520,-342.682310,77568.054690,1.000000,3.501710,-341.315250
5.634000,0.276860,0.576780,1.650880,192.217380,-342.682310,77159.890630,,3.449160,-341.314730
5.636000,0.230710,0.633180,2.655760,192.236070,-342.682100,77051.250000,,3.428650,-341.314330
5.638000,0.252500,0.728030,4.501460,192.254590,-342.682620,77264.296880,,3.576050,-341.314330
5.640000,0.381960,0.842100,5.854980,192.272840,-342.682340,77254.804690,1.000000,3.426090,-341.314910
5.642000,0.481930,0.940800,5.711430,192.291110,-342.681210,77094.492190,,3.254330,-341.315700
5.644000,0.530640,0.816470,4.634770,192.310390,-342.681340,77423.554690,,3.426090,-341.316040
5.646000,0.448610,0.544740,3.209470,192.330720,-342.682220,77602.851560,,3.531190,-341.315460
5.648000,0.302490,0.426820,2.317380,192.350780,-342.682310,77648.203130,1.000000,3.474790,-341.314360
5.650000,0.202510,0.416560,2.789060,192.370320,-342.682040,77375.046880,,3.413270,-341.313570
5.652000,0.187130,0.480650,3.568360,192.389370,-342.682500,77730.476560,,3.554260,-341.313350
5.654000,0.292240,0.556270,4.214360,192.408020,-342.682340,77390.867190,,3.422240,-341.313900
5.656000,0.381960,0.635740,3.814450,192.426410,-342.681580,77392.976560,1.000000,3.318420,-341.314730
5.658000,0.415280,0.612670,3.106930,192.445190,-342.681760,77553.289060,,3.473510,-341.315310
5.660000,0.369140,0.496030,2.358400,192.464580,-342.682340,77565.945310,,3.499150,-341.315190
5.662000,0.274290,0.502440,1.661130,192.483730,-342.682310,77160.937500,,3.447880,-341.314670
5.664000,0.231990,0.525510,2.686520,192.502720,-342.682100,77199.968750,1.000000,3.431210,-341.314300
5.666000,0.261470,0.599850,4.716800,192.521450,-342.682620,76986.914060,,3.577330,-341.314300
5.668000,0.390930,0.698550,5.711430,192.539870,-342.682280,77401.406250,,3.410710,-341.314910
5.670000,0.485780,0.780580,5.578130,192.558290,-342.681150,77361.335940,,3.249210,-341.315700
5.672000,0.531920,0.648560,4.573240,192.577620,-342.681370,77637.664060,1.000000,3.426090,-341.316010
5.674000,0.444760,0.401180,3.178710,192.597850,-342.682250,77480.515630,,3.531190,-341.315370
5.676000,0.297360,0.329410,2.307130,192.617600,-342.682310,77346.570310,,3.461980,-341.314300
5.678000,0.201230,0.367860,2.748050,192.636730,-342.682070,77192.585940,,3.414550,-341.313510
5.680000,0.190980,0.488340,3.619630,192.655290,-342.682560,77456.250000,1.000000,3.556820,-341.313290
5.682000,0.297360,0.607540,4.214360,192.673420,-342.682370,76830.820310,,3.409420,-341.313870
5.684000,0.384520,0.730590,3.927250,192.691350,-342.681580,77245.320310,,3.322270,-341.314760
5.686000,0.419130,0.733150,3.312010,192.709780,-342.681760,77112.429690,,3.467100,-341.315310
5.688000,0.366580,0.638310,2.276370,192.728900,-342.682370,77361.335940,1.000000,3.495300,-341.315160
5.690000,0.271730,0.654970,1.599610,192.747860,-342.682280,77410.898440,,3.436340,-341.314640
5.692000,0.231990,0.667790,2.614750,192.766850,-342.682130,77436.218750,,3.427370,-341.314240
5.694000,0.265320,0.716490,4.470700,192.785710,-342.682650,77112.429690,,3.574770,-341.314270
5.696000,0.393490,0.786990,5.690920,192.804340,-342.682280,77442.539060,1.000000,3.390200,-341.314910
5.698000,0.487060,0.833130,5.485840,192.823000,-342.681180,77296.992190,,3.246640,-341.315670
5.700000,0.530640,0.660100,4.655270,192.842610,-342.681490,77292.781250,,3.427370,-341.315950
5.702000,0.439640,0.390930,3.178710,192.863080,-342.682310,77382.421880,,3.520940,-341.315340
5.704000,0.293520,0.301210,2.368650,192.883060,-342.682340,77323.359380,1.000000,3.449160,-341.314240
5.706000,0.201230,0.301210,2.901860,192.902440,-342.682130,76970.046880,,3.413270,-341.313480
5.708000,0.193540,0.398620,3.711910,192.921220,-342.682590,77327.578130,,3.555540,-341.313290
5.710000,0.302490,0.498600,4.101560,192.939560,-342.682310,77271.687500,,3.387630,-341.313900
5.712000,0.385800,0.610110,3.875980,192.957660,-342.681550,77456.250000,1.000000,3.314580,-341.314790
5.714000,0.417850,0.596010,3.096680,192.976240,-342.681820,77466.804690,,3.460690,-341.315310
5.716000,0.360170,0.499880,2.163570,192.995450,-342.682430,77289.617190,,3.483760,-341.315120
5.718000,0.267880,0.537050,1.589360,193.014390,-342.682310,77450.984380,,3.427370,-341.314610
5.720000,0.231990,0.574220,2.727540,193.033220,-342.682190,77339.187500,1.000000,3.422240,-341.314240
5.720000,0.231990,0.574220,2.727540,193.033220,-342.682190,77339.187500,1.000000,3.422240,-341.314240
5.722000,0.270450,0.671630,4.327150,193.051800,-342.682740,77246.375000,,3.576050,-341.314270
5.724000,0.401180,0.798520,5.547360,193.070050,-342.682280,77218.945310,,3.374820,-341.314940
5.726000,0.488340,0.893370,5.496090,193.088330,-342.681210,76927.851560,,3.245360,-341.315700
5.728000,0.528080,0.766480,4.675780,193.107620,-342.681550,77250.593750,1.000000,3.428650,-341.315920
5.730000,0.431950,0.520390,3.281250,193.127820,-342.682400,77405.632810,,3.514530,-341.315250
5.732000,0.287110,0.461430,2.573730,193.147540,-342.682340,77252.695310,,3.433780,-341.314210
5.734000,0.198670,0.479370,2.809570,193.166780,-342.682160,77474.179690,,3.411990,-341.313450
5.736000,0.194820,0.581910,3.588870,193.185470,-342.682620,77705.156250,1.000000,3.547850,-341.313290
5.738000,0.302490,0.669070,4.029790,193.203870,-342.682310,77357.109380,,3.369690,-341.313930
5.740000,0.385800,0.771610,3.670900,193.222080,-342.681610,77521.648440,,3.318420,-341.314790
5.742000,0.416560,0.725460,2.891600,193.240880,-342.681880,77538.523440,,3.454280,-341.315310
5.744000,0.355040,0.611390,2.276370,193.260270,-342.682460,77279.062500,1.000000,3.478640,-341.315120
5.746000,0.265320,0.619080,1.558590,193.279390,-342.682310,77417.226560,,3.417110,-341.314580
5.748000,0.229430,0.625490,2.860840,193.298430,-342.682220,77240.039060,,3.422240,-341.314240
5.750000,0.273010,0.699830,4.665530,193.317180,-342.682740,76959.492190,,3.568360,-341.314300
5.752000,0.407590,0.790830,5.731930,193.335680,-342.682250,77114.531250,1.000000,3.355590,-341.314970
5.754000,0.494750,0.838260,5.414060,193.354280,-342.681210,77283.281250,,3.247920,-341.315730
5.756000,0.529360,0.656250,4.542480,193.373890,-342.681610,77793.750000,,3.426090,-341.315950
5.758000,0.426820,0.398620,3.199220,193.394260,-342.682430,77568.054690,,3.509400,-341.315220
5.760000,0.283260,0.343510,2.419920,193.414030,-342.682370,77314.921880,1.000000,3.418400,-341.314150
5.762000,0.193540,0.364010,2.696780,193.433260,-342.682190,77548.007810,,3.411990,-341.313390
5.764000,0.196110,0.488340,3.578610,193.451840,-342.682680,77370.820310,,3.540160,-341.313290
5.766000,0.307620,0.596010,3.793950,193.470050,-342.682340,77368.710940,,3.356870,-341.313960
5.768000,0.388370,0.716490,3.650390,193.488050,-342.681610,77342.343750,1.000000,3.322270,-341.314790
5.770000,0.419130,0.695980,2.901860,193.506620,-342.681980,77198.914060,,3.447880,-341.315340
5.772000,0.353760,0.606260,2.266110,193.525790,-342.682500,77111.375000,,3.474790,-341.315090
5.774000,0.264040,0.644710,1.548340,193.544720,-342.682340,77492.117190,,3.408140,-341.314580
5.776000,0.228150,0.660100,2.871090,193.563660,-342.682280,77238.984380,1.000000,3.423520,-341.314210
5.778000,0.273010,0.739560,4.521970,193.582380,-342.682770,77246.375000,,3.561950,-341.314270
5.780000,0.410160,0.829280,5.424320,193.600850,-342.682220,77148.281250,,3.340210,-341.314970
5.782000,0.493470,0.869020,5.321780,193.619510,-342.681240,77581.757810,,3.246640,-341.315700
5.784000,0.522950,0.684450,4.624510,193.639190,-342.681670,77420.398440,1.000000,3.424800,-341.315890
5.786000,0.420410,0.415280,3.158200,193.659650,-342.682460,77459.414060,,3.504270,-341.315160
5.788000,0.279420,0.360170,2.430180,193.679490,-342.682400,77461.523440,,3.406860,-341.314090
5.790000,0.192260,0.362730,2.840330,193.698790,-342.682250,77459.414060,,3.410710,-341.313390
5.792000,0.201230,0.479370,3.711910,193.717440,-342.682710,77077.617190,1.000000,3.533750,-341.313320
5.794000,0.317870,0.572940,3.906740,193.735720,-342.682310,77415.117190,,3.346620,-341.314000
5.796000,0.392210,0.680600,3.773440,193.753800,-342.681610,77247.429690,,3.314580,-341.314820
5.798000,0.415280,0.629330,3.045410,193.772510,-342.682040,77492.117190,,3.444030,-341.315310
5.800000,0.347350,0.537050,2.153320,193.791700,-342.682560,77468.906250,1.000000,3.470950,-341.315060
5.802000,0.261470,0.578060,1.609860,193.810590,-342.682340,77458.359380,,3.397890,-341.314510
5.804000,0.231990,0.603700,3.024900,193.829420,-342.682310,77271.687500,,3.422240,-341.314210
5.806000,0.280700,0.706240,4.409180,193.847980,-342.682830,77502.656250,,3.558110,-341.314330
5.808000,0.419130,0.813900,5.414060,193.866260,-342.682190,77242.156250,1.000000,3.322270,-341.315000
5.810000,0.497310,0.869020,5.280760,193.884720,-342.681270,77351.843750,,3.247920,-341.315730
5.812000,0.520390,0.706240,4.542480,193.904220,-342.681730,77151.445310,,3.428650,-341.315860
5.814000,0.414000,0.453740,3.322270,193.924500,-342.682530,77403.523440,,3.501710,-341.315060
5.816000,0.270450,0.412720,2.471190,193.944180,-342.682400,77399.296880,1.000000,3.399170,-341.314030
5.818000,0.189700,0.419130,3.024900,193.963390,-342.682280,77465.742190,,3.411990,-341.313350
5.820000,0.205080,0.551150,3.476070,193.982040,-342.682740,77352.890630,,3.527340,-341.313290
5.822000,0.320430,0.640870,3.947750,194.000350,-342.682310,77471.015630,,3.331240,-341.314000
5.824000,0.389650,0.729310,3.424800,194.018600,-342.681670,77390.867190,1.000000,3.319700,-341.314820
5.826000,0.411440,0.658810,2.983890,194.037510,-342.682070,77742.078130,,3.440190,-341.315280
5.828000,0.340940,0.557560,2.266110,194.056870,-342.682590,77733.632810,,3.468380,-341.315030
5.830000,0.258910,0.593440,1.814940,194.075930,-342.682370,77307.539060,,3.391480,-341.314510
5.832000,0.230710,0.602420,3.127440,194.094920,-342.682370,77291.718750,1.000000,3.428650,-341.314210
5.834000,0.284550,0.697270,4.747560,194.113620,-342.682860,77318.093750,,3.550420,-341.314330
5.836000,0.420410,0.798520,5.342290,194.132000,-342.682160,77095.554690,,3.304320,-341.315030
5.838000,0.498600,0.842100,5.332030,194.150620,-342.681270,77254.804690,,3.254330,-341.315730
5.840000,0.517820,0.661380,4.511720,194.170260,-342.681760,77330.750000,1.000000,3.427370,-341.315800
5.842000,0.407590,0.416560,3.373540,194.190570,-342.682560,77483.671880,,3.496580,-341.315000
5.844000,0.267880,0.393490,2.481450,194.210220,-342.682400,77569.109380,,3.390200,-341.313960
5.846000,0.188420,0.405030,2.901860,194.229370,-342.682310,77555.398440,,3.411990,-341.313320
5.848000,0.208920,0.558840,3.506840,194.247830,-342.682800,77511.093750,1.000000,3.522220,-341.313320
5.850000,0.328130,0.671630,3.711910,194.265910,-342.682310,77278.015630,,3.322270,-341.314060
5.852000,0.394780,0.792110,3.353030,194.283870,-342.681670,77409.851560,,3.323550,-341.314880
5.854000,0.415280,0.742130,3.024900,194.302540,-342.682130,77436.218750,,3.437620,-341.315280
5.856000,0.339660,0.676760,2.358400,194.321620,-342.682620,77156.726560,1.000000,3.467100,-341.314970
5.858000,0.255070,0.734440,1.886720,194.340450,-342.682370,77386.640630,,3.383790,-341.314480
5.860000,0.229430,0.753660,3.404300,194.359300,-342.682400,77343.398440,,3.431210,-341.314180
5.862000,0.289670,0.847230,4.839840,194.377930,-342.682860,77128.250000,,3.538880,-341.314360
5.864000,0.428100,0.931820,5.414060,194.396360,-342.682130,77283.281250,1.000000,3.285100,-341.315060
5.866000,0.502440,0.936950,5.465330,194.415130,-342.681300,77598.640630,,3.262020,-341.315730
5.868000,0.516540,0.717770,4.296390,194.435040,-342.681820,77550.125000,,3.426090,-341.315800
5.870000,0.403750,0.446040,3.229980,194.455610,-342.682590,77637.664060,,3.494020,-341.314970
5.872000,0.264040,0.393490,2.625000,194.475540,-342.682400,77633.437500,1.000000,3.386350,-341.313930
5.872000,0.264040,0.393490,2.625000,194.475540,-342.682400,77633.437500,1.000000,3.386350,-341.313930
5.874000,0.184570,0.366580,3.076170,194.494950,-342.682340,77231.609380,,3.417110,-341.313260
5.876000,0.208920,0.492190,3.711910,194.513700,-342.682800,77347.625000,,3.510680,-341.313320
5.878000,0.330690,0.576780,3.722170,194.532030,-342.682280,77347.625000,,3.314580,-341.314060
5.880000,0.397340,0.669070,3.547850,194.550260,-342.681670,77292.781250,1.000000,3.326110,-341.314880
5.882000,0.416560,0.583190,3.035160,194.569170,-342.682160,77150.390630,,3.440190,-341.315310
5.884000,0.337100,0.503720,2.348140,194.588460,-342.682620,77416.171880,,3.464540,-341.314970
5.886000,0.253780,0.553710,2.122560,194.607360,-342.682370,77381.375000,,3.378660,-341.314450
5.888000,0.226870,0.592160,3.414550,194.626130,-342.682430,77450.984380,1.000000,3.436340,-341.314150
5.890000,0.294800,0.720340,4.696290,194.644580,-342.682860,77114.531250,,3.532470,-341.314360
5.892000,0.434510,0.838260,5.167970,194.662770,-342.682100,77560.664060,,3.277400,-341.315090
5.894000,0.506290,0.867740,5.167970,194.681270,-342.681300,77189.421880,,3.271000,-341.315770
5.896000,0.516540,0.689580,4.296390,194.700880,-342.681880,77091.328130,1.000000,3.435060,-341.315770
5.898000,0.398620,0.476810,3.363280,194.720990,-342.682620,77397.195310,,3.492740,-341.314910
5.900000,0.260190,0.481930,2.799320,194.740430,-342.682400,77340.234380,,3.383790,-341.313900
5.902000,0.183290,0.512700,3.291500,194.759410,-342.682340,77090.273440,,3.426090,-341.313260
5.904000,0.210210,0.669070,3.568360,194.777830,-342.682800,77477.351560,1.000000,3.500430,-341.313320
5.906000,0.330690,0.772890,3.927250,194.795880,-342.682250,77189.421880,,3.313290,-341.314060
5.908000,0.392210,0.877990,3.312010,194.813980,-342.681700,77462.585940,,3.332520,-341.314880
5.910000,0.411440,0.790830,2.953130,194.832860,-342.682190,77524.812500,,3.442750,-341.315250
5.912000,0.329410,0.711360,2.214840,194.852130,-342.682620,77626.062500,1.000000,3.460690,-341.314940
5.914000,0.251220,0.728030,1.958500,194.871230,-342.682340,77366.609380,,3.374820,-341.314450
5.916000,0.225590,0.719060,3.424800,194.890270,-342.682460,77365.546880,,3.445310,-341.314150
5.918000,0.294800,0.802370,4.839840,194.909070,-342.682860,77150.390630,,3.524780,-341.314360
5.920000,0.431950,0.875430,5.301270,194.927630,-342.682040,77345.515630,1.000000,3.269710,-341.315120
5.922000,0.501160,0.854920,5.301270,194.946560,-342.681340,76913.085940,,3.279970,-341.315770
5.924000,0.508850,0.615230,4.204100,194.966610,-342.681920,77276.953130,,3.441470,-341.315730
5.926000,0.389650,0.356320,3.476070,194.987120,-342.682620,77282.226560,,3.492740,-341.314910
5.928000,0.253780,0.337100,2.840330,195.006870,-342.682370,77402.460940,1.000000,3.385070,-341.313900
5.930000,0.180730,0.353760,3.229980,195.026000,-342.682370,77449.929690,,3.433780,-341.313260
5.932000,0.217900,0.513980,3.660640,195.044490,-342.682800,77628.171880,,3.499150,-341.313390
5.934000,0.338380,0.615230,3.793950,195.062580,-342.682190,77220.007810,,3.308170,-341.314150
5.936000,0.398620,0.713930,3.106930,195.080660,-342.681670,77735.742190,1.000000,3.336360,-341.314940
5.938000,0.411440,0.631900,2.860840,195.099500,-342.682190,77536.414060,,3.451720,-341.315310
5.940000,0.325560,0.569090,2.348140,195.118640,-342.682620,77457.304690,,3.463260,-341.314910
5.942000,0.248660,0.624210,2.050780,195.137480,-342.682340,77205.242190,,3.379940,-341.314420
5.944000,0.229430,0.658810,3.619630,195.156250,-342.682460,77198.914060,1.000000,3.455570,-341.314150
5.946000,0.299930,0.783140,5.003910,195.174730,-342.682860,77020.664060,,3.519650,-341.314420
5.948000,0.437070,0.901060,5.178220,195.192930,-342.681980,77122.968750,,3.265870,-341.315190
5.950000,0.506290,0.912600,4.973140,195.211590,-342.681300,77172.539060,,3.290220,-341.315830
5.952000,0.508850,0.695980,4.091310,195.231410,-342.681950,77576.484380,1.000000,3.447880,-341.315770
5.954000,0.380680,0.471680,3.106930,195.251690,-342.682620,77402.460940,,3.495300,-341.314880
5.956000,0.247380,0.453740,2.871090,195.271350,-342.682310,77556.453130,,3.383790,-341.313840
5.958000,0.176880,0.460140,3.240230,195.290510,-342.682370,77650.312500,,3.444030,-341.313260
5.960000,0.217900,0.594730,3.629880,195.309110,-342.682800,77238.984380,1.000000,3.494020,-341.313390
5.962000,0.339660,0.676760,3.660640,195.327330,-342.682130,77300.156250,,3.304320,-341.314210
5.964000,0.398620,0.748540,3.394040,195.345610,-342.681670,77406.687500,,3.341490,-341.314970
5.966000,0.408870,0.643430,2.809570,195.364610,-342.682220,77265.351560,,3.455570,-341.315310
5.968000,0.320430,0.580630,2.245610,195.383880,-342.682590,77268.515630,1.000000,3.464540,-341.314910
5.970000,0.247380,0.613950,2.061040,195.402830,-342.682310,77508.992190,,3.378660,-341.314420
5.972000,0.230710,0.643430,3.865720,195.421630,-342.682460,77080.789060,,3.465820,-341.314180
5.974000,0.306340,0.752380,4.993650,195.440200,-342.682860,77256.921880,,3.514530,-341.314450
5.976000,0.440920,0.848510,5.250000,195.458510,-342.681920,77221.054690,1.000000,3.263310,-341.315220
5.978000,0.510130,0.834410,4.932130,195.477250,-342.681300,77345.515630,,3.300480,-341.315860
5.980000,0.505000,0.606260,3.804200,195.497160,-342.681980,77485.789060,,3.456850,-341.315730
5.982000,0.374270,0.393490,2.840330,195.517410,-342.682590,77459.414060,,3.495300,-341.314820
5.984000,0.246090,0.384520,2.778810,195.537000,-342.682310,77196.796880,1.000000,3.388920,-341.313810
5.986000,0.175600,0.414000,3.353030,195.556050,-342.682340,77293.835940,,3.451720,-341.313260
5.988000,0.219180,0.569090,3.722170,195.574490,-342.682770,77149.335940,,3.491460,-341.313420
5.990000,0.339660,0.676760,3.875980,195.592540,-342.682070,77425.664060,,3.309450,-341.314210
5.992000,0.398620,0.767760,3.342770,195.610700,-342.681700,77235.828130,1.000000,3.356870,-341.315000
5.994000,0.406310,0.674190,2.614750,195.629640,-342.682250,77429.882810,,3.467100,-341.315310
5.996000,0.315310,0.621640,2.235350,195.648820,-342.682590,77776.875000,,3.463260,-341.314910
5.998000,0.247380,0.660100,2.214840,195.667760,-342.682310,77631.328130,,3.386350,-341.314450
6.000000,0.229430,0.690860,3.793950,195.686600,-342.682460,77091.328130,1.000000,3.476070,-341.314180
6.002000,0.308900,0.785710,4.952640,195.705230,-342.682800,77525.867190,,3.510680,-341.314480
6.004000,0.438350,0.876710,5.311520,195.723660,-342.681820,77128.250000,,3.255620,-341.315280
6.006000,0.508850,0.852360,4.973140,195.742570,-342.681270,77276.953130,,3.310730,-341.315890
6.008000,0.496030,0.612670,3.988770,195.762600,-342.681980,77353.945310,1.000000,3.461980,-341.315730
6.010000,0.364010,0.405030,2.983890,195.782930,-342.682590,77203.125000,,3.497860,-341.314790
6.012000,0.239690,0.396060,2.819820,195.802520,-342.682280,77148.281250,,3.388920,-341.313840
6.014000,0.174320,0.434510,3.414550,195.821550,-342.682370,77347.625000,,3.460690,-341.313290
6.016000,0.226870,0.594730,3.773440,195.839940,-342.682770,77484.726560,1.000000,3.491460,-341.313510
6.018000,0.343510,0.710080,3.916990,195.857930,-342.682040,77417.226560,,3.305600,-341.314300
6.020000,0.403750,0.788270,3.147950,195.876040,-342.681670,77298.046880,,3.364560,-341.315090
6.022000,0.403750,0.692140,2.625000,195.894940,-342.682220,77596.531250,,3.474790,-341.315340
6.024000,0.308900,0.652400,2.153320,195.914080,-342.682560,77699.890630,1.000000,3.465820,-341.314910
6.026000,0.242250,0.676760,1.958500,195.933010,-342.682280,77632.390630,,3.386350,-341.314420
6.028000,0.228150,0.713930,3.763180,195.951840,-342.682460,77238.984380,,3.490170,-341.314210
6.030000,0.314030,0.808780,5.075680,195.970440,-342.682770,77113.484380,,3.501710,-341.314540
6.032000,0.444760,0.899780,5.321780,195.988820,-342.681790,76898.320310,1.000000,3.254330,-341.315340
6.032000,0.444760,0.899780,5.321780,195.988820,-342.681790,76898.320310,1.000000,3.254330,-341.315340
6.034000,0.511410,0.865170,5.003910,196.007710,-342.681270,77343.398440,,3.328670,-341.315920
6.036000,0.492190,0.619080,3.978520,196.027800,-342.682010,77436.218750,,3.470950,-341.315730
6.038000,0.356320,0.408870,3.076170,196.048110,-342.682590,77420.398440,,3.502990,-341.314790
6.040000,0.231990,0.390930,2.840330,196.067720,-342.682250,77400.351560,1.000000,3.391480,-341.313810
6.042000,0.167910,0.421690,3.506840,196.086840,-342.682370,77584.921880,,3.473510,-341.313260
6.044000,0.226870,0.547300,3.947750,196.105390,-342.682740,77419.343750,,3.486330,-341.313540
6.046000,0.343510,0.630620,3.814450,196.123640,-342.681950,77679.843750,,3.296630,-341.314360
6.048000,0.401180,0.681880,3.209470,196.142010,-342.681640,77477.351560,1.000000,3.374820,-341.315120
6.050000,0.397340,0.554990,2.542970,196.161160,-342.682250,77527.976560,,3.476070,-341.315370
6.052000,0.301210,0.515260,1.999510,196.180420,-342.682530,77491.062500,,3.464540,-341.314910
6.054000,0.238400,0.540890,2.194340,196.199400,-342.682250,77317.039060,,3.390200,-341.314450
6.056000,0.225590,0.599850,4.009280,196.218150,-342.682460,76899.382810,1.000000,3.497860,-341.314240
6.058000,0.320430,0.715210,5.219240,196.236630,-342.682770,77213.679690,,3.500430,-341.314640
6.060000,0.449890,0.824160,5.342290,196.254870,-342.681730,77159.890630,,3.251770,-341.315430
6.062000,0.510130,0.803650,4.962890,196.273680,-342.681300,77409.851560,,3.342770,-341.316010
6.064000,0.488340,0.561400,3.896480,196.293620,-342.682040,77369.773440,1.000000,3.477360,-341.315800
6.066000,0.348630,0.384520,2.819820,196.313770,-342.682560,77826.445310,,3.497860,-341.314790
6.068000,0.224300,0.383240,2.871090,196.333180,-342.682190,77643.992190,,3.392760,-341.313810
6.070000,0.162780,0.442200,3.455570,196.352100,-342.682370,77303.328130,,3.477360,-341.313290
6.072000,0.226870,0.588320,3.927250,196.370440,-342.682740,77363.445310,1.000000,3.485050,-341.313570
6.074000,0.339660,0.701110,3.834960,196.388430,-342.681880,77350.789060,,3.296630,-341.314420
6.076000,0.397340,0.783140,3.291500,196.406540,-342.681670,77427.781250,,3.387630,-341.315190
6.078000,0.393490,0.688290,2.460940,196.425450,-342.682280,77459.414060,,3.482480,-341.315430
6.080000,0.296080,0.671630,1.968750,196.444490,-342.682530,77503.710940,1.000000,3.460690,-341.314970
6.082000,0.234560,0.703670,2.307130,196.463320,-342.682220,77403.523440,,3.395320,-341.314510
6.084000,0.221740,0.754940,4.091310,196.482100,-342.682460,77421.453130,,3.506840,-341.314270
6.086000,0.321720,0.838260,5.403810,196.500700,-342.682740,77587.039060,,3.494020,-341.314670
6.088000,0.444760,0.910030,5.311520,196.519170,-342.681640,77609.187500,1.000000,3.249210,-341.315460
6.090000,0.502440,0.838260,4.993650,196.538300,-342.681270,77349.726560,,3.351750,-341.316040
6.092000,0.476810,0.551150,3.845210,196.558590,-342.682040,77391.921880,,3.478640,-341.315770
6.094000,0.339660,0.357600,2.871090,196.579030,-342.682560,77502.656250,,3.495300,-341.314790
6.096000,0.217900,0.320430,2.707030,196.598740,-342.682190,77105.039060,1.000000,3.387630,-341.313840
6.098000,0.160220,0.375550,3.558110,196.617840,-342.682430,77207.343750,,3.483760,-341.313390
6.100000,0.234560,0.512700,4.029790,196.636350,-342.682710,77441.484380,,3.486330,-341.313690
6.102000,0.342220,0.619080,3.958010,196.654460,-342.681880,77160.937500,,3.288940,-341.314510
6.104000,0.397340,0.678040,3.209470,196.672730,-342.681700,77415.117190,1.000000,3.397890,-341.315310
6.106000,0.388370,0.565250,2.532710,196.691760,-342.682280,77611.296880,,3.485050,-341.315460
6.108000,0.289670,0.557560,1.886720,196.710850,-342.682500,77564.890630,,3.455570,-341.315000
6.110000,0.229430,0.596010,2.266110,196.729660,-342.682220,77378.210940,,3.397890,-341.314510
6.112000,0.221740,0.672910,3.958010,196.748370,-342.682500,77690.398440,1.000000,3.511960,-341.314330
6.114000,0.328130,0.784420,5.444820,196.766800,-342.682710,77141.960940,,3.483760,-341.314760
6.116000,0.447330,0.897220,5.516600,196.785030,-342.681610,77279.062500,,3.240230,-341.315550
6.118000,0.499880,0.863890,4.973140,196.803910,-342.681300,77315.984380,,3.358150,-341.316070
6.120000,0.470400,0.624210,3.711910,196.823940,-342.682100,77447.820310,1.000000,3.483760,-341.315800
6.122000,0.328130,0.461430,2.922360,196.844070,-342.682560,77133.515630,,3.495300,-341.314790
6.124000,0.211490,0.458860,2.737790,196.863490,-342.682190,77353.945310,,3.385070,-341.313840
6.126000,0.156370,0.520390,3.640140,196.882450,-342.682460,77400.351560,,3.491460,-341.313390
6.128000,0.237120,0.648560,3.999020,196.900850,-342.682710,77555.398440,1.000000,3.482480,-341.313750
6.130000,0.343510,0.733150,3.865720,196.919020,-342.681820,77383.476560,,3.279970,-341.314610
6.132000,0.394780,0.770320,3.178710,196.937420,-342.681700,77906.609380,,3.406860,-341.315340
6.134000,0.381960,0.625490,2.573730,196.956680,-342.682280,77367.656250,,3.483760,-341.315490
6.136000,0.281980,0.590880,1.804690,196.975970,-342.682500,77256.921880,1.000000,3.447880,-341.315000
6.138000,0.225590,0.599850,2.225100,196.994980,-342.682190,77384.531250,,3.397890,-341.314540
6.140000,0.221740,0.658810,4.204100,197.013820,-342.682560,77376.101560,,3.518370,-341.314360
6.142000,0.335820,0.748540,5.578130,197.032380,-342.682680,76852.976560,,3.479920,-341.314820
6.144000,0.449890,0.840820,5.516600,197.050750,-342.681550,77287.507810,1.000000,3.242800,-341.315610
6.146000,0.505000,0.767760,5.116700,197.069820,-342.681300,77197.851560,,3.372250,-341.316130
6.148000,0.469120,0.490910,3.629880,197.090030,-342.682130,77510.046880,,3.488890,-341.315800
6.150000,0.324280,0.335820,2.696780,197.110200,-342.682530,77403.523440,,3.495300,-341.314790
6.152000,0.205080,0.320430,2.614750,197.129670,-342.682160,77593.359380,1.000000,3.382510,-341.313840
6.154000,0.153810,0.389650,3.465820,197.148650,-342.682460,77493.171880,,3.499150,-341.313390
6.156000,0.238400,0.513980,3.906740,197.167070,-342.682650,77286.453130,,3.472230,-341.313750
6.158000,0.340940,0.626770,3.855470,197.185120,-342.681790,77295.937500,,3.278690,-341.314640
6.160000,0.396060,0.680600,3.322270,197.203380,-342.681730,77534.296880,1.000000,3.420960,-341.315370
6.162000,0.380680,0.576780,2.594240,197.222430,-342.682310,77314.921880,,3.486330,-341.315520
6.164000,0.278140,0.590880,1.825200,197.241420,-342.682500,77380.312500,,3.447880,-341.315030
6.166000,0.225590,0.638310,2.348140,197.260180,-342.682190,77244.265630,,3.405580,-341.314580
6.168000,0.221740,0.730590,4.224610,197.278790,-342.682590,77145.117190,1.000000,3.527340,-341.314390
6.170000,0.338380,0.838260,5.475590,197.297180,-342.682620,77346.570310,,3.470950,-341.314850
6.172000,0.447330,0.942080,5.557620,197.315460,-342.681490,77553.289060,,3.238950,-341.315640
6.174000,0.501160,0.867740,4.962890,197.334560,-342.681270,77307.539060,,3.376100,-341.316130
6.176000,0.457580,0.588320,3.629880,197.354830,-342.682130,77529.023440,1.000000,3.492740,-341.315730
6.178000,0.315310,0.421690,2.696780,197.375110,-342.682500,77387.695310,,3.490170,-341.314760
6.180000,0.203800,0.403750,2.655760,197.394640,-342.682130,77416.171880,,3.383790,-341.313840
6.182000,0.155090,0.488340,3.373540,197.413620,-342.682500,77270.625000,,3.506840,-341.313420
6.184000,0.246090,0.604980,3.978520,197.432050,-342.682620,77152.500000,1.000000,3.472230,-341.313810
6.186000,0.347350,0.717770,4.081050,197.450120,-342.681760,77201.023440,,3.282530,-341.314730
6.188000,0.401180,0.761350,3.383790,197.468440,-342.681730,77295.937500,,3.431210,-341.315460
6.190000,0.376830,0.635740,2.532710,197.487590,-342.682310,77364.500000,,3.492740,-341.315520
6.192000,0.273010,0.625490,1.876460,197.506680,-342.682460,77479.460940,1.000000,3.446590,-341.315000
6.194000,0.219180,0.646000,2.194340,197.525560,-342.682190,77434.109380,,3.410710,-341.314510
6.196000,0.221740,0.710080,4.081050,197.544360,-342.682590,77501.601560,,3.535030,-341.314420
6.198000,0.346070,0.793400,5.444820,197.562900,-342.682590,77377.148440,,3.463260,-341.314910
6.200000,0.457580,0.877990,5.629390,197.581310,-342.681430,77392.976560,1.000000,3.237670,-341.315730
6.200000,0.457580,0.877990,5.629390,197.581310,-342.681430,77392.976560,1.000000,3.237670,-341.315730
6.202000,0.511410,0.786990,4.901370,197.600520,-342.681300,77285.390630,,3.390200,-341.316160
6.204000,0.461430,0.506290,3.640140,197.620820,-342.682190,77526.914060,,3.502990,-341.315770
6.206000,0.311460,0.353760,2.707030,197.641010,-342.682460,77177.812500,,3.488890,-341.314730
6.208000,0.196110,0.356320,2.635250,197.660420,-342.682130,77198.914060,1.000000,3.388920,-341.313810
6.210000,0.148680,0.440920,3.568360,197.679290,-342.682530,77271.687500,,3.517090,-341.313390
6.212000,0.248660,0.566530,4.070800,197.697630,-342.682590,77190.468750,,3.465820,-341.313810
6.214000,0.351200,0.678040,3.958010,197.715680,-342.681700,77430.937500,,3.277400,-341.314730
6.216000,0.402470,0.693420,3.312010,197.734120,-342.681700,77772.664060,1.000000,3.438900,-341.315460
6.218000,0.372990,0.556270,2.460940,197.753360,-342.682310,77401.406250,,3.491460,-341.315490
6.220000,0.270450,0.543460,1.743160,197.772540,-342.682430,77507.937500,,3.442750,-341.314970
6.222000,0.216610,0.562680,1.989260,197.791470,-342.682160,77397.195310,,3.406860,-341.314510
6.224000,0.225590,0.647280,4.214360,197.810240,-342.682620,77153.554690,1.000000,3.542720,-341.314420
6.226000,0.353760,0.748540,5.393550,197.828670,-342.682590,77157.781250,,3.456850,-341.314910
6.228000,0.460140,0.848510,5.762700,197.847020,-342.681400,77242.156250,,3.236390,-341.315730
6.230000,0.510130,0.758790,5.014160,197.866180,-342.681340,77427.781250,,3.405580,-341.316160
6.232000,0.453740,0.492190,3.660640,197.886380,-342.682190,77171.492190,1.000000,3.508120,-341.315730
6.234000,0.307620,0.364010,2.614750,197.906460,-342.682460,77416.171880,,3.486330,-341.314670
6.236000,0.192260,0.361450,2.676270,197.925830,-342.682100,77730.476560,,3.394040,-341.313780
6.238000,0.151250,0.453740,3.414550,197.944670,-342.682530,77440.437500,,3.527340,-341.313390
6.240000,0.255070,0.572940,3.906740,197.962980,-342.682530,77381.375000,1.000000,3.455570,-341.313840
6.242000,0.355040,0.692140,3.804200,197.980960,-342.681640,77790.593750,,3.278690,-341.314760
6.244000,0.405030,0.722900,3.455570,197.999280,-342.681700,77238.984380,,3.447880,-341.315460
6.246000,0.370420,0.613950,2.440430,198.018390,-342.682340,77401.406250,,3.495300,-341.315460
6.248000,0.267880,0.625490,1.763670,198.037370,-342.682430,77538.523440,1.000000,3.442750,-341.314940
6.250000,0.216610,0.671630,2.184080,198.056090,-342.682160,77275.906250,,3.413270,-341.314510
6.252000,0.228150,0.766480,4.286130,198.074710,-342.682620,77009.070310,,3.552980,-341.314420
6.254000,0.358890,0.865170,5.383300,198.093060,-342.682530,77377.148440,,3.449160,-341.314940
6.256000,0.461430,0.953610,5.598630,198.111420,-342.681340,77151.445310,1.000000,3.240230,-341.315730
6.258000,0.511410,0.840820,4.829590,198.130720,-342.681340,77345.515630,,3.410710,-341.316160
6.260000,0.448610,0.548580,3.178710,198.151120,-342.682190,77196.796880,,3.514530,-341.315670
6.262000,0.301210,0.393490,2.563480,198.171400,-342.682430,77497.390630,,3.481200,-341.314610
6.264000,0.188420,0.372990,2.717290,198.190990,-342.682070,77332.859380,1.000000,3.394040,-341.313720
6.266000,0.152530,0.440920,3.291500,198.210070,-342.682530,77353.945310,,3.536320,-341.313390
6.268000,0.258910,0.561400,4.060550,198.228530,-342.682500,77398.242190,,3.445310,-341.313870
6.270000,0.357600,0.666500,4.050290,198.246700,-342.681640,77408.796880,,3.283810,-341.314790
6.272000,0.405030,0.670350,3.414550,198.265260,-342.681730,77127.195310,1.000000,3.459410,-341.315460
6.274000,0.366580,0.535770,2.471190,198.284590,-342.682370,77533.242190,,3.496580,-341.315460
6.276000,0.267880,0.534480,1.712400,198.303700,-342.682400,77596.531250,,3.441470,-341.314910
6.278000,0.215330,0.572940,2.389160,198.322540,-342.682130,77279.062500,,3.417110,-341.314510
6.280000,0.234560,0.667790,4.050290,198.341190,-342.682650,77377.148440,1.000000,3.560670,-341.314450
6.282000,0.365300,0.774170,5.547360,198.359540,-342.682460,77567.000000,,3.435060,-341.314970
6.284000,0.467830,0.867740,5.598630,198.377870,-342.681270,77289.617190,,3.238950,-341.315770
6.286000,0.516540,0.758790,4.645020,198.397090,-342.681340,77677.734380,,3.418400,-341.316160
6.288000,0.447330,0.506290,3.476070,198.417280,-342.682220,77406.687500,1.000000,3.519650,-341.315610
6.290000,0.298650,0.401180,2.573730,198.437230,-342.682400,77494.226560,,3.474790,-341.314540
6.292000,0.184570,0.419130,2.645510,198.456480,-342.682070,77267.460940,,3.397890,-341.313690
6.294000,0.152530,0.498600,3.322270,198.475310,-342.682560,77246.375000,,3.549130,-341.313350
6.296000,0.262760,0.628050,3.916990,198.493530,-342.682460,77310.703130,1.000000,3.435060,-341.313870
6.298000,0.360170,0.747250,3.978520,198.511510,-342.681610,77235.828130,,3.291500,-341.314790
6.300000,0.406310,0.757510,3.301760,198.529970,-342.681730,77402.460940,,3.465820,-341.315460
6.302000,0.362730,0.626770,2.553220,198.549210,-342.682370,77655.593750,,3.496580,-341.315430
6.304000,0.266600,0.613950,1.640630,198.568330,-342.682370,77434.109380,1.000000,3.442750,-341.314910
6.306000,0.216610,0.638310,2.235350,198.587250,-342.682130,77541.679690,,3.419680,-341.314480
6.308000,0.237120,0.715210,4.306640,198.606020,-342.682680,77454.140630,,3.568360,-341.314420
6.310000,0.369140,0.802370,5.475590,198.624500,-342.682430,77097.664060,,3.426090,-341.315000
6.312000,0.465270,0.867740,5.526860,198.643010,-342.681240,77319.140630,1.000000,3.242800,-341.315770
6.314000,0.515260,0.715210,4.880860,198.662480,-342.681370,77337.070310,,3.424800,-341.316100
6.316000,0.438350,0.438350,3.496580,198.682910,-342.682280,77146.179690,,3.523500,-341.315550
6.318000,0.293520,0.316590,2.666020,198.703020,-342.682370,77487.890630,,3.469670,-341.314480
6.320000,0.185850,0.302490,2.727540,198.722530,-342.682040,77363.445310,1.000000,3.400450,-341.313660
6.322000,0.158940,0.371700,3.547850,198.741500,-342.682590,77341.289060,,3.555540,-341.313350
6.324000,0.269170,0.478090,4.009280,198.759930,-342.682430,77490.000000,,3.420960,-341.313900
6.326000,0.366580,0.580630,3.937500,198.778060,-342.681610,77610.242190,,3.295350,-341.314820
6.328000,0.408870,0.578060,3.271000,198.796600,-342.681760,77789.531250,1.000000,3.468380,-341.315460
6.330000,0.361450,0.462710,2.501950,198.815840,-342.682400,77684.070310,,3.497860,-341.315400
6.332000,0.262760,0.479370,1.773930,198.834790,-342.682340,77500.546880,,3.441470,-341.314820
6.334000,0.215330,0.526790,2.532710,198.853550,-342.682130,77280.117190,,3.422240,-341.314420
6.336000,0.242250,0.635740,4.347660,198.872070,-342.682680,77170.437500,1.000000,3.573490,-341.314390
6.338000,0.378110,0.763920,5.537110,198.890260,-342.682370,77226.328130,,3.414550,-341.315030
6.340000,0.472960,0.871580,5.629390,198.908460,-342.681210,77428.828130,,3.245360,-341.315800
6.342000,0.522950,0.745970,4.952640,198.927690,-342.681400,77359.226560,,3.427370,-341.316100
6.344000,0.438350,0.484500,3.465820,198.947910,-342.682310,77532.187500,1.000000,3.528630,-341.315490
6.346000,0.290950,0.381960,2.717290,198.967790,-342.682340,77677.734380,,3.461980,-341.314420
6.348000,0.183290,0.405030,2.635250,198.987060,-342.682040,77388.757810,,3.404300,-341.313570
6.350000,0.157650,0.488340,3.363280,199.005860,-342.682590,77355.000000,,3.560670,-341.313290
6.352000,0.270450,0.606260,3.834960,199.024170,-342.682430,77540.632810,1.000000,3.408140,-341.313870
6.354000,0.367860,0.712650,3.793950,199.042250,-342.681580,77279.062500,,3.300480,-341.314790
6.356000,0.414000,0.694700,3.229980,199.060840,-342.681760,77210.507810,,3.467100,-341.315460
6.358000,0.360170,0.570370,2.594240,199.080170,-342.682430,77411.953130,,3.499150,-341.315340
6.360000,0.260190,0.572940,1.855960,199.099240,-342.682340,77411.953130,1.000000,3.435060,-341.314790
6.360000,0.260190,0.572940,1.855960,199.099240,-342.682340,77411.953130,1.000000,3.435060,-341.314790
6.362000,0.214050,0.594730,2.768550,199.118190,-342.682160,77198.914060,,3.423520,-341.314360
6.364000,0.247380,0.672910,4.357910,199.136930,-342.682710,77282.226560,,3.578610,-341.314390
6.366000,0.383240,0.766480,5.547360,199.155380,-342.682340,77338.125000,,3.401730,-341.315030
6.368000,0.475520,0.838260,5.393550,199.173860,-342.681210,77396.132810,1.000000,3.245360,-341.315800
6.370000,0.522950,0.671630,4.870610,199.193340,-342.681460,77487.890630,,3.431210,-341.316100
6.372000,0.437070,0.410160,3.383790,199.213750,-342.682340,77900.273440,,3.526060,-341.315460
6.374000,0.287110,0.319150,2.819820,199.233690,-342.682310,77345.515630,,3.451720,-341.314360
6.376000,0.183290,0.325560,2.922360,199.253070,-342.682070,77170.437500,1.000000,3.404300,-341.313540
6.378000,0.158940,0.430660,3.568360,199.271820,-342.682590,77457.304690,,3.564510,-341.313260
6.380000,0.273010,0.561400,3.886230,199.290070,-342.682400,77300.156250,,3.387630,-341.313870
6.382000,0.366580,0.685730,3.834960,199.308040,-342.681580,77068.132810,,3.304320,-341.314820
6.384000,0.415280,0.669070,3.158200,199.326610,-342.681820,77493.171880,1.000000,3.463260,-341.315460
6.386000,0.360170,0.552430,2.676270,199.345890,-342.682460,77287.507810,,3.492740,-341.315340
6.388000,0.257630,0.579350,1.866210,199.364870,-342.682340,77341.289060,,3.429930,-341.314790
6.390000,0.214050,0.624210,2.676270,199.383710,-342.682190,77375.046880,,3.422240,-341.314360
6.392000,0.252500,0.722900,4.337400,199.402330,-342.682740,77498.445310,1.000000,3.579900,-341.314390
6.394000,0.387080,0.834410,5.444820,199.420680,-342.682310,77298.046880,,3.385070,-341.315060
6.396000,0.474240,0.912600,5.106450,199.439160,-342.681210,77362.390630,,3.244080,-341.315800
6.398000,0.519100,0.745970,4.604000,199.458680,-342.681490,77392.976560,,3.429930,-341.316040
6.400000,0.426820,0.485780,3.527340,199.479080,-342.682370,77468.906250,1.000000,3.520940,-341.315400
6.402000,0.276860,0.396060,2.850590,199.499050,-342.682340,76910.984380,,3.437620,-341.314330
6.404000,0.179440,0.401180,2.942870,199.518480,-342.682100,77391.921880,,3.405580,-341.313540
6.406000,0.160220,0.476810,3.804200,199.537350,-342.682650,77196.796880,,3.560670,-341.313290
6.408000,0.276860,0.585750,3.937500,199.555740,-342.682400,77146.179690,1.000000,3.374820,-341.313960
6.410000,0.369140,0.695980,3.640140,199.573850,-342.681610,77529.023440,,3.306880,-341.314880
6.412000,0.415280,0.652400,3.076170,199.592580,-342.681880,77673.515630,,3.456850,-341.315490
6.414000,0.355040,0.530640,2.481450,199.611920,-342.682530,77368.710940,,3.488890,-341.315340
6.416000,0.255070,0.552430,1.896970,199.630920,-342.682370,77622.898440,1.000000,3.420960,-341.314790
6.418000,0.214050,0.588320,2.778810,199.649810,-342.682190,77437.273440,,3.419680,-341.314360
6.420000,0.256350,0.680600,4.429690,199.668440,-342.682770,77134.578130,,3.577330,-341.314420
6.422000,0.393490,0.785710,5.352540,199.686780,-342.682310,77287.507810,,3.365840,-341.315090
6.424000,0.478090,0.852360,5.301270,199.705260,-342.681210,77088.171880,1.000000,3.240230,-341.315830
6.426000,0.516540,0.684450,4.706540,199.724790,-342.681580,77141.960940,,3.428650,-341.316040
6.428000,0.416560,0.420410,3.568360,199.745190,-342.682460,77246.375000,,3.515810,-341.315340
6.430000,0.270450,0.346070,2.819820,199.765030,-342.682370,77488.945310,,3.423520,-341.314300
6.432000,0.174320,0.358890,3.147950,199.784380,-342.682160,77604.960940,1.000000,3.403020,-341.313510
6.434000,0.164060,0.474240,3.599120,199.803070,-342.682710,77370.820310,,3.555540,-341.313320
6.436000,0.279420,0.604980,3.845210,199.821260,-342.682400,77313.867190,,3.353030,-341.314000
6.438000,0.370420,0.725460,3.445310,199.839290,-342.681610,77593.359380,,3.303040,-341.314910
6.440000,0.411440,0.678040,3.004390,199.858000,-342.681920,77446.757810,1.000000,3.450440,-341.315490
6.442000,0.344790,0.556270,2.368650,199.877380,-342.682560,77464.695310,,3.481200,-341.315340
6.444000,0.248660,0.578060,1.968750,199.896440,-342.682370,77342.343750,,3.406860,-341.314760
6.446000,0.212770,0.602420,3.055660,199.915420,-342.682250,77292.781250,,3.417110,-341.314360
6.448000,0.258910,0.692140,4.706540,199.934130,-342.682830,77072.343750,1.000000,3.569640,-341.314450
6.450000,0.397340,0.789550,5.444820,199.952590,-342.682310,77378.210940,,3.346620,-341.315120
6.452000,0.479370,0.845950,5.250000,199.971210,-342.681270,77241.093750,,3.240230,-341.315860
6.454000,0.512700,0.649840,4.327150,199.990890,-342.681640,77469.960940,,3.429930,-341.316040
6.456000,0.411440,0.388370,3.373540,200.011350,-342.682500,77806.414060,1.000000,3.510680,-341.315340
6.458000,0.264040,0.334530,2.830080,200.031140,-342.682400,77405.632810,,3.410710,-341.314240
6.460000,0.169190,0.338380,3.117190,200.050450,-342.682190,77417.226560,,3.403020,-341.313480
6.462000,0.162780,0.460140,3.640140,200.069080,-342.682740,77365.546880,,3.550420,-341.313320
6.464000,0.283260,0.580630,3.927250,200.087230,-342.682400,77395.078130,1.000000,3.336360,-341.314030
6.466000,0.371700,0.704960,3.578610,200.105190,-342.681610,77338.125000,,3.303040,-341.314940
6.468000,0.410160,0.657530,2.973630,200.123840,-342.682010,77228.445310,,3.440190,-341.315490
6.470000,0.342220,0.547300,2.419920,200.143080,-342.682620,77388.757810,,3.478640,-341.315310
6.472000,0.247380,0.581910,1.866210,200.161990,-342.682400,77287.507810,1.000000,3.394040,-341.314760
6.474000,0.214050,0.612670,3.004390,200.180850,-342.682310,77330.750000,,3.418400,-341.314360
6.476000,0.261470,0.715210,4.532230,200.199430,-342.682860,77532.187500,,3.564510,-341.314480
6.478000,0.399900,0.822880,5.414060,200.217760,-342.682310,77188.359380,,3.326110,-341.315160
6.480000,0.478090,0.869020,5.014160,200.236330,-342.681300,77291.718750,1.000000,3.241520,-341.315860
6.482000,0.507570,0.661380,4.214360,200.256040,-342.681760,77625.007810,,3.424800,-341.316010
6.484000,0.403750,0.392210,3.342770,200.276580,-342.682590,77330.750000,,3.502990,-341.315250
6.486000,0.261470,0.330690,2.594240,200.296490,-342.682400,77366.609380,,3.394040,-341.314210
6.488000,0.169190,0.323000,3.250490,200.315920,-342.682250,77368.710940,1.000000,3.400450,-341.313450
6.490000,0.166630,0.434510,3.763180,200.334730,-342.682800,77227.390630,,3.541440,-341.313350
6.492000,0.289670,0.529360,3.855470,200.353120,-342.682400,77105.039060,,3.322270,-341.314060
6.494000,0.374270,0.628050,3.394040,200.371310,-342.681670,77431.992190,,3.300480,-341.314970
6.496000,0.406310,0.554990,2.922360,200.390170,-342.682070,77532.187500,1.000000,3.433780,-341.315490
6.498000,0.334530,0.455020,2.368650,200.409530,-342.682680,77510.046880,,3.473510,-341.315280
6.498000,0.334530,0.455020,2.368650,200.409530,-342.682680,77510.046880,,3.473510,-341.315280
6.500000,0.240970,0.494750,1.917480,200.428480,-342.682430,77423.554690,,3.386350,-341.314700
6.502000,0.211490,0.528080,3.260740,200.447330,-342.682370,77563.828130,,3.419680,-341.314360
6.504000,0.269170,0.653690,4.716800,200.465820,-342.682890,77340.234380,1.000000,3.555540,-341.314510
6.506000,0.411440,0.778020,5.321780,200.484040,-342.682250,77260.085940,,3.306880,-341.315220
6.508000,0.487060,0.839540,5.137210,200.502500,-342.681300,77375.046880,,3.241520,-341.315890
6.510000,0.510130,0.661380,4.204100,200.522080,-342.681790,77233.710940,,3.423520,-341.315980
6.512000,0.401180,0.419130,3.322270,200.542360,-342.682620,77045.984380,1.000000,3.500430,-341.315190
6.512000,0.401180,0.419130,3.322270,200.542360,-342.682620,77045.984380,1.000000,3.500430,-341.315190
6.514000,0.257630,0.392210,2.830080,200.562010,-342.682460,77525.867190,,3.386350,-341.314120
6.516000,0.164060,0.401180,3.322270,200.581210,-342.682310,77265.351560,,3.401730,-341.313390
6.518000,0.167910,0.543460,3.814450,200.599730,-342.682860,77290.671880,,3.531190,-341.313290
6.520000,0.296080,0.671630,3.752930,200.617800,-342.682400,77376.101560,1.000000,3.312010,-341.314060
6.522000,0.378110,0.801090,3.301760,200.635740,-342.681700,77508.992190,,3.299190,-341.314940
6.524000,0.411440,0.734440,2.799320,200.654480,-342.682130,77420.398440,,3.431210,-341.315490
6.526000,0.335820,0.621640,1.794430,200.673810,-342.682710,77761.062500,,3.467100,-341.315220
6.528000,0.240970,0.649840,1.876460,200.692840,-342.682460,77441.484380,1.000000,3.373540,-341.314640
6.530000,0.212770,0.662660,3.271000,200.711840,-342.682430,77269.570310,,3.418400,-341.314330
6.532000,0.274290,0.751100,4.850100,200.730610,-342.682950,77176.757810,,3.549130,-341.314480
6.534000,0.416560,0.831850,5.383300,200.749130,-342.682250,77224.218750,,3.292790,-341.315190
6.536000,0.490910,0.844670,5.260250,200.767990,-342.681340,77390.867190,1.000000,3.247920,-341.315890
6.538000,0.507570,0.615230,4.193850,200.787960,-342.681880,77188.359380,,3.428650,-341.315950
6.540000,0.399900,0.344790,3.147950,200.808560,-342.682680,77464.695310,,3.497860,-341.315120
6.542000,0.255070,0.307620,2.871090,200.828450,-342.682460,77735.742190,,3.378660,-341.314090
6.544000,0.165340,0.302490,3.476070,200.847780,-342.682340,77403.523440,1.000000,3.408140,-341.313350
6.546000,0.173030,0.438350,3.804200,200.866440,-342.682860,77752.617190,,3.523500,-341.313290
6.548000,0.306340,0.542180,3.896480,200.884640,-342.682370,77497.390630,,3.299190,-341.314060
6.550000,0.381960,0.656250,3.229980,200.902730,-342.681700,77338.125000,,3.303040,-341.314970
6.552000,0.411440,0.575500,2.594240,200.921570,-342.682190,77396.132810,1.000000,3.428650,-341.315460
6.554000,0.333250,0.484500,2.030270,200.940840,-342.682740,77517.421880,,3.468380,-341.315190
6.556000,0.239690,0.538330,1.855960,200.959730,-342.682460,77045.984380,,3.367130,-341.314610
6.558000,0.215330,0.583190,3.588870,200.978470,-342.682460,77154.617190,,3.426090,-341.314300
6.560000,0.280700,0.731870,5.034670,200.996860,-342.682980,77283.281250,1.000000,3.544010,-341.314480
6.562000,0.425540,0.871580,5.547360,201.014970,-342.682220,77299.101560,,3.278690,-341.315190
6.564000,0.494750,0.927980,5.116700,201.033420,-342.681340,77413.007810,,3.259460,-341.315860
6.566000,0.508850,0.734440,3.927250,201.053090,-342.681920,77728.359380,,3.432500,-341.315890
6.568000,0.396060,0.490910,2.860840,201.073390,-342.682710,77622.898440,1.000000,3.496580,-341.315030
6.570000,0.252500,0.463990,2.737790,201.093090,-342.682430,77382.421880,,3.374820,-341.313960
6.572000,0.166630,0.442200,3.209470,201.112430,-342.682370,77288.562500,,3.414550,-341.313290
6.574000,0.179440,0.558840,3.845210,201.131210,-342.682860,77364.500000,,3.510680,-341.313260
6.576000,0.308900,0.626770,3.906740,201.149610,-342.682310,77196.796880,1.000000,3.291500,-341.314030
6.578000,0.380680,0.717770,3.445310,201.167890,-342.681730,77338.125000,,3.312010,-341.314910
6.580000,0.411440,0.606260,2.655760,201.186980,-342.682220,77487.890630,,3.427370,-341.315430
6.582000,0.331970,0.501160,2.235350,201.206440,-342.682740,77222.109380,,3.467100,-341.315120
6.584000,0.242250,0.526790,1.948240,201.225510,-342.682460,77517.421880,1.000000,3.365840,-341.314580
6.586000,0.216610,0.540890,3.619630,201.244450,-342.682500,77499.492190,,3.435060,-341.314270
6.588000,0.285830,0.657530,4.942380,201.263020,-342.682980,77290.671880,,3.535030,-341.314480
6.590000,0.428100,0.766480,5.321780,201.281280,-342.682190,77301.218750,,3.267150,-341.315220
6.592000,0.501160,0.793400,4.932130,201.299910,-342.681340,77389.812500,1.000000,3.265870,-341.315890
6.594000,0.512700,0.575500,3.978520,201.319750,-342.681950,77271.687500,,3.435060,-341.315890
6.596000,0.392210,0.325560,2.922360,201.340150,-342.682710,77158.835940,,3.492740,-341.315000
6.598000,0.251220,0.292240,2.809570,201.359910,-342.682430,77348.679690,,3.374820,-341.313930
6.600000,0.162780,0.292240,3.547850,201.379170,-342.682370,77362.390630,1.000000,3.422240,-341.313260
6.602000,0.178160,0.442200,4.132320,201.397740,-342.682860,77148.281250,,3.505550,-341.313260
6.604000,0.310180,0.558840,3.968260,201.415830,-342.682310,77338.125000,,3.295350,-341.314030
6.606000,0.379390,0.695980,3.506840,201.433760,-342.681730,77505.828130,,3.320980,-341.314910
6.608000,0.414000,0.626770,2.625000,201.452480,-342.682250,77551.179690,1.000000,3.436340,-341.315430
6.610000,0.330690,0.562680,2.040530,201.471600,-342.682740,77667.195310,,3.468380,-341.315120
6.612000,0.242250,0.621640,1.896970,201.490400,-342.682430,77610.242190,,3.365840,-341.314580
6.614000,0.216610,0.660100,3.650390,201.509160,-342.682500,77298.046880,,3.445310,-341.314270
6.616000,0.287110,0.778020,5.147460,201.527710,-342.682920,77013.289060,1.000000,3.524780,-341.314480
6.618000,0.424260,0.875430,5.537110,201.546080,-342.682100,77339.187500,,3.263310,-341.315190
6.618000,0.424260,0.875430,5.537110,201.546080,-342.682100,77339.187500,,3.263310,-341.315190
6.620000,0.489620,0.884400,5.311520,201.564850,-342.681340,77287.507810,,3.278690,-341.315830
6.622000,0.498600,0.647280,4.173340,201.584870,-342.681980,77282.226560,,3.441470,-341.315800
6.624000,0.383240,0.405030,2.994140,201.605350,-342.682710,77459.414060,1.000000,3.496580,-341.314940
6.626000,0.247380,0.370420,3.004390,201.625180,-342.682400,77366.609380,,3.377380,-341.313960
6.628000,0.162780,0.370420,3.465820,201.644450,-342.682370,77482.625000,,3.432500,-341.313260
6.630000,0.185850,0.521670,4.019530,201.663060,-342.682860,77575.429690,,3.505550,-341.313320
6.632000,0.315310,0.628050,3.916990,201.681170,-342.682220,77622.898440,1.000000,3.292790,-341.314120
6.634000,0.384520,0.743410,3.404300,201.699220,-342.681670,77327.578130,,3.322270,-341.315000
6.636000,0.408870,0.637020,2.635250,201.718120,-342.682220,77363.445310,,3.444030,-341.315460
6.638000,0.320430,0.561400,2.009770,201.737380,-342.682710,77435.156250,,3.468380,-341.315090
6.640000,0.238400,0.596010,1.917480,201.756320,-342.682400,77526.914060,1.000000,3.364560,-341.314540
6.642000,0.217900,0.626770,3.650390,201.775130,-342.682500,77124.023440,,3.453000,-341.314270
6.644000,0.294800,0.749820,5.096190,201.793660,-342.682950,77197.851560,,3.520940,-341.314540
6.646000,0.430660,0.860050,5.547360,201.811920,-342.682040,77022.781250,,3.256900,-341.315310
6.648000,0.494750,0.879270,5.219240,201.830600,-342.681340,77103.992190,1.000000,3.287660,-341.315890
6.650000,0.497310,0.662660,4.060550,201.850480,-342.682040,77604.960940,,3.451720,-341.315800
6.652000,0.371700,0.440920,2.912110,201.870770,-342.682710,77612.343750,,3.500430,-341.314910
6.654000,0.239690,0.420410,2.809570,201.890460,-342.682370,77307.539060,,3.378660,-341.313900
6.656000,0.158940,0.422970,3.373540,201.909670,-342.682370,77722.031250,1.000000,3.444030,-341.313260
6.658000,0.187130,0.554990,4.050290,201.928340,-342.682860,77283.281250,,3.496580,-341.313350
6.660000,0.316590,0.637020,4.245120,201.946640,-342.682190,77455.203130,,3.288940,-341.314150
6.662000,0.380680,0.722900,3.455570,201.964920,-342.681670,77486.835940,,3.329960,-341.315030
6.664000,0.402470,0.589600,2.604490,201.984100,-342.682250,77499.492190,1.000000,3.447880,-341.315430
6.666000,0.310180,0.502440,1.979000,202.003560,-342.682710,77498.445310,,3.467100,-341.315060
6.668000,0.231990,0.530640,1.876460,202.022630,-342.682370,77285.390630,,3.367130,-341.314540
6.670000,0.215330,0.570370,3.660640,202.041470,-342.682530,77194.687500,,3.464540,-341.314270
6.672000,0.298650,0.698550,5.188480,202.060000,-342.682950,77233.710940,1.000000,3.517090,-341.314610
6.674000,0.434510,0.807500,5.444820,202.078250,-342.682010,77093.437500,,3.254330,-341.315370
6.676000,0.499880,0.812620,5.116700,202.096950,-342.681340,77482.625000,,3.297910,-341.315950
6.678000,0.496030,0.576780,3.968260,202.116880,-342.682040,77438.320310,,3.458130,-341.315860
6.680000,0.364010,0.365300,2.942870,202.137150,-342.682680,77322.304690,1.000000,3.501710,-341.314910
6.682000,0.233280,0.342220,2.686520,202.156770,-342.682310,77396.132810,,3.379940,-341.313900
6.684000,0.155090,0.356320,3.537600,202.175900,-342.682370,77363.445310,,3.450440,-341.313260
6.686000,0.189700,0.508850,3.958010,202.194370,-342.682860,76987.976560,,3.495300,-341.313390
6.688000,0.316590,0.637020,4.111820,202.212330,-342.682100,77150.390630,1.000000,3.286380,-341.314240
6.688000,0.316590,0.637020,4.111820,202.212330,-342.682100,77150.390630,1.000000,3.286380,-341.314240
6.690000,0.383240,0.762630,3.322270,202.230260,-342.681700,77422.507810,,3.341490,-341.315090
6.692000,0.401180,0.675480,2.666020,202.249040,-342.682280,77235.828130,,3.456850,-341.315460
6.694000,0.305050,0.621640,1.948240,202.268100,-342.682680,77555.398440,,3.465820,-341.315090
6.696000,0.228150,0.665220,2.050780,202.286900,-342.682340,77808.515630,1.000000,3.372250,-341.314580
6.698000,0.214050,0.712650,3.650390,202.305590,-342.682530,77303.328130,,3.473510,-341.314330
6.700000,0.299930,0.836980,5.075680,202.324080,-342.682890,77381.375000,,3.508120,-341.314640
6.702000,0.434510,0.922850,5.383300,202.342440,-342.681920,77215.789060,,3.249210,-341.315430
6.704000,0.496030,0.881840,5.188480,202.361420,-342.681340,77172.539060,1.000000,3.309450,-341.316010
6.706000,0.483220,0.606260,3.988770,202.381680,-342.682040,77261.132810,,3.464540,-341.315830
6.708000,0.349910,0.375550,2.942870,202.402270,-342.682680,77201.023440,,3.502990,-341.314910
6.710000,0.223020,0.329410,2.758300,202.422130,-342.682310,77450.984380,,3.377380,-341.313900
6.712000,0.149960,0.338380,3.558110,202.441470,-342.682400,77056.523440,1.000000,3.460690,-341.313320
6.714000,0.193540,0.465270,3.916990,202.460140,-342.682830,77241.093750,,3.488890,-341.313480
6.716000,0.316590,0.560120,4.224610,202.478350,-342.682070,77452.039060,,3.286380,-341.314330
6.718000,0.384520,0.656250,3.517090,202.496520,-342.681700,77350.789060,,3.349180,-341.315190
6.720000,0.396060,0.535770,2.542970,202.515530,-342.682280,77445.703130,1.000000,3.464540,-341.315550
6.722000,0.298650,0.479370,1.907230,202.534790,-342.682650,77681.960940,,3.463260,-341.315160
6.724000,0.223020,0.506290,1.999510,202.553710,-342.682310,77411.953130,,3.373540,-341.314640
6.726000,0.207640,0.561400,3.506840,202.572430,-342.682530,77255.859380,,3.481200,-341.314360
6.728000,0.302490,0.697270,5.188480,202.590810,-342.682860,77152.500000,1.000000,3.501710,-341.314730
6.730000,0.437070,0.834410,5.639650,202.608920,-342.681850,77059.687500,,3.246640,-341.315520
6.732000,0.497310,0.842100,5.301270,202.627530,-342.681340,77001.679690,,3.324830,-341.316070
6.734000,0.480650,0.608830,4.019530,202.647420,-342.682100,77376.101560,,3.474790,-341.315890
6.736000,0.342220,0.424260,2.942870,202.667540,-342.682680,77591.250000,1.000000,3.504270,-341.314910
6.738000,0.215330,0.439640,2.789060,202.686920,-342.682280,77520.593750,,3.383790,-341.313930
6.740000,0.142270,0.483220,3.188960,202.705860,-342.682400,77398.242190,,3.468380,-341.313350
6.742000,0.190980,0.628050,3.824710,202.724260,-342.682770,77711.492190,,3.485050,-341.313540
6.744000,0.312740,0.731870,4.060550,202.742320,-342.681980,77445.703130,1.000000,3.276120,-341.314390
6.746000,0.379390,0.798520,3.024900,202.760570,-342.681670,77288.562500,,3.360720,-341.315250
6.748000,0.388370,0.644710,2.655760,202.779790,-342.682280,77422.507810,,3.467100,-341.315580
6.750000,0.287110,0.572940,1.917480,202.799220,-342.682620,77486.835940,,3.458130,-341.315190
6.752000,0.217900,0.569090,2.009770,202.818390,-342.682310,77038.601560,1.000000,3.374820,-341.314670
6.754000,0.207640,0.601140,3.793950,202.837360,-342.682530,77350.789060,,3.488890,-341.314420
6.756000,0.303770,0.708800,5.198730,202.855970,-342.682860,77315.984380,,3.500430,-341.314790
6.758000,0.435790,0.810060,5.547360,202.874330,-342.681790,77217.898440,,3.246640,-341.315610
6.760000,0.496030,0.774170,5.014160,202.893260,-342.681370,77388.757810,1.000000,3.344060,-341.316160
6.762000,0.475520,0.499880,3.824710,202.913410,-342.682130,77567.000000,,3.479920,-341.315920
6.764000,0.334530,0.311460,2.901860,202.933760,-342.682650,77482.625000,,3.501710,-341.314940
6.766000,0.208920,0.276860,2.563480,202.953380,-342.682250,77583.875000,,3.382510,-341.313960
6.768000,0.138430,0.319150,3.404300,202.972490,-342.682400,77332.859380,1.000000,3.476070,-341.313390
6.770000,0.196110,0.458860,3.742680,202.990970,-342.682740,77237.929690,,3.478640,-341.313630
6.772000,0.314030,0.572940,4.122070,203.009000,-342.681920,76314.023440,,3.274840,-341.314480
6.774000,0.375550,0.660100,3.465820,203.027160,-342.681700,77445.703130,,3.377380,-341.315340
6.776000,0.380680,0.548580,2.696780,203.046140,-342.682310,77480.515630,1.000000,3.470950,-341.315610
6.778000,0.280700,0.533200,1.937990,203.065170,-342.682620,77498.445310,,3.459410,-341.315190
6.780000,0.214050,0.590880,1.999510,203.083850,-342.682310,77368.710940,,3.383790,-341.314700
6.782000,0.202510,0.689580,3.834960,203.102340,-342.682560,77504.765630,,3.500430,-341.314480
6.784000,0.308900,0.840820,5.301270,203.120540,-342.682800,77307.539060,1.000000,3.491460,-341.314880
6.786000,0.435790,0.976680,5.383300,203.138610,-342.681730,77601.804690,,3.242800,-341.315640
6.788000,0.488340,0.952330,5.208980,203.157410,-342.681340,77512.148440,,3.351750,-341.316160
6.790000,0.460140,0.679320,3.927250,203.177520,-342.682130,77356.054690,,3.481200,-341.315890
6.792000,0.321720,0.483220,2.871090,203.197910,-342.682620,77458.359380,1.000000,3.496580,-341.314910
6.794000,0.199950,0.448610,2.768550,203.217580,-342.682220,77453.085940,,3.379940,-341.313960
6.796000,0.134580,0.472960,3.496580,203.236830,-342.682430,76928.906250,,3.476070,-341.313450
6.798000,0.199950,0.594730,3.937500,203.255430,-342.682740,77290.671880,,3.477360,-341.313720
6.800000,0.315310,0.690860,4.050290,203.273650,-342.681880,77350.789060,1.000000,3.272280,-341.314610
6.802000,0.376830,0.743410,3.609380,203.292040,-342.681730,77637.664060,,3.383790,-341.315430
6.804000,0.376830,0.592160,2.635250,203.311290,-342.682310,77584.921880,,3.474790,-341.315700
6.806000,0.275570,0.539610,1.876460,203.330640,-342.682620,77729.421880,,3.453000,-341.315220
6.808000,0.207640,0.544740,1.855960,203.349670,-342.682280,77522.703130,1.000000,3.385070,-341.314730
6.810000,0.202510,0.608830,3.609380,203.368480,-342.682590,77327.578130,,3.505550,-341.314510
6.812000,0.319150,0.720340,5.014160,203.386960,-342.682770,77159.890630,,3.485050,-341.314970
6.814000,0.443480,0.838260,5.578130,203.405180,-342.681670,77293.835940,,3.240230,-341.315770
6.816000,0.497310,0.806210,5.116700,203.424060,-342.681340,76997.468750,1.000000,3.359440,-341.316280
6.818000,0.461430,0.557560,4.009280,203.444110,-342.682190,77186.257810,,3.487610,-341.315950
6.820000,0.315310,0.399900,2.901860,203.464230,-342.682620,77499.492190,,3.497860,-341.314910
6.822000,0.192260,0.394780,2.860840,203.483640,-342.682220,77242.156250,,3.377380,-341.313930
6.824000,0.126890,0.457580,3.363280,203.502610,-342.682460,77510.046880,1.000000,3.483760,-341.313420
6.826000,0.199950,0.592160,3.875980,203.521000,-342.682710,77522.703130,,3.470950,-341.313720
6.828000,0.316590,0.708800,3.916990,203.539060,-342.681850,77467.859380,,3.267150,-341.314640
6.830000,0.378110,0.760070,3.650390,203.557360,-342.681730,77658.750000,,3.395320,-341.315460
6.832000,0.374270,0.615230,2.512210,203.576600,-342.682340,77699.890630,1.000000,3.473510,-341.315700
6.834000,0.267880,0.570370,1.979000,203.595930,-342.682590,77305.437500,,3.447880,-341.315220
6.836000,0.202510,0.576780,1.927730,203.614960,-342.682280,77338.125000,,3.385070,-341.314730
6.838000,0.199950,0.651120,3.947750,203.633800,-342.682590,77290.671880,,3.510680,-341.314540
6.840000,0.321720,0.758790,5.260250,203.652280,-342.682740,77208.398440,1.000000,3.478640,-341.315000
6.842000,0.439640,0.869020,5.731930,203.670590,-342.681610,77072.343750,,3.238950,-341.315800
6.844000,0.494750,0.813900,5.157710,203.689610,-342.681370,77462.585940,,3.372250,-341.316310
6.846000,0.455020,0.534480,3.906740,203.709790,-342.682190,77438.320310,,3.490170,-341.315950
6.848000,0.308900,0.376830,2.881350,203.730000,-342.682590,77442.539060,1.000000,3.492740,-341.314910
6.850000,0.190980,0.360170,2.635250,203.749480,-342.682190,77305.437500,,3.376100,-341.313960
6.852000,0.130740,0.403750,3.291500,203.768520,-342.682460,77630.273440,,3.490170,-341.313480
6.854000,0.211490,0.524230,3.916990,203.786960,-342.682680,77261.132810,,3.465820,-341.313810
6.856000,0.321720,0.640870,3.968260,203.804990,-342.681820,77408.796880,1.000000,3.263310,-341.314730
6.858000,0.381960,0.701110,3.578610,203.823240,-342.681760,77544.843750,,3.406860,-341.315520
6.860000,0.371700,0.571660,2.819820,203.842330,-342.682370,77500.546880,,3.478640,-341.315730
6.862000,0.264040,0.554990,2.040530,203.861450,-342.682590,77079.726560,,3.445310,-341.315220
6.864000,0.205080,0.588320,2.009770,203.880230,-342.682280,77534.296880,1.000000,3.391480,-341.314730
6.864000,0.205080,0.588320,2.009770,203.880230,-342.682280,77534.296880,1.000000,3.391480,-341.314730
6.866000,0.203800,0.679320,4.050290,203.898830,-342.682620,77194.687500,,3.520940,-341.314580
6.868000,0.329410,0.808780,5.085940,203.917070,-342.682740,77296.992190,,3.470950,-341.315060
6.870000,0.443480,0.938230,5.362790,203.935230,-342.681580,77399.296880,,3.237670,-341.315860
6.872000,0.496030,0.877990,5.106450,203.954240,-342.681370,77569.109380,1.000000,3.382510,-341.316310
6.874000,0.451170,0.592160,3.845210,203.974470,-342.682220,77463.640630,,3.494020,-341.315890
6.876000,0.301210,0.431950,2.994140,203.994740,-342.682590,77244.265630,,3.490170,-341.314880
6.878000,0.187130,0.405030,2.696780,204.014340,-342.682190,77358.164060,,3.376100,-341.313930
6.880000,0.130740,0.455020,3.455570,204.033520,-342.682500,77429.882810,1.000000,3.497860,-341.313480
6.882000,0.215330,0.554990,3.855470,204.052140,-342.682650,77099.773440,,3.460690,-341.313840
6.884000,0.320430,0.653690,3.947750,204.070390,-342.681790,77387.695310,,3.265870,-341.314790
6.886000,0.379390,0.684450,3.701660,204.088850,-342.681760,77255.859380,,3.418400,-341.315550
6.888000,0.369140,0.548580,2.748050,204.108150,-342.682400,77296.992190,1.000000,3.478640,-341.315730
6.890000,0.260190,0.530640,1.896970,204.127380,-342.682590,77613.406250,,3.442750,-341.315220
6.892000,0.202510,0.552430,2.194340,204.146270,-342.682250,77584.921880,,3.392760,-341.314760
6.894000,0.205080,0.653690,3.947750,204.164950,-342.682650,77158.835940,,3.527340,-341.314610
6.896000,0.334530,0.778020,5.208980,204.183240,-342.682680,77256.921880,1.000000,3.460690,-341.315090
6.898000,0.446040,0.901060,5.434570,204.201420,-342.681520,77442.539060,,3.235110,-341.315890
6.900000,0.497310,0.834410,5.198730,204.220440,-342.681400,77508.992190,,3.392760,-341.316310
6.902000,0.446040,0.566530,3.834960,204.240590,-342.682250,77413.007810,,3.497860,-341.315890
6.904000,0.296080,0.433230,2.830080,204.260670,-342.682560,77364.500000,1.000000,3.486330,-341.314850
6.906000,0.182010,0.426820,2.830080,204.280030,-342.682160,77337.070310,,3.377380,-341.313930
6.908000,0.128170,0.513980,3.383790,204.298890,-342.682530,77109.257810,,3.505550,-341.313480
6.910000,0.219180,0.646000,3.783690,204.317170,-342.682590,77303.328130,,3.453000,-341.313900
6.912000,0.324280,0.771610,3.886230,204.335140,-342.681760,77552.234380,1.000000,3.267150,-341.314790
6.912000,0.324280,0.771610,3.886230,204.335140,-342.681760,77552.234380,1.000000,3.267150,-341.314790
6.914000,0.381960,0.810060,3.455570,204.353440,-342.681760,77391.921880,,3.429930,-341.315580
6.916000,0.365300,0.667790,2.676270,204.372650,-342.682400,77791.648440,,3.479920,-341.315730
6.918000,0.256350,0.644710,1.989260,204.391830,-342.682530,77545.898440,,3.437620,-341.315220
6.920000,0.203800,0.656250,2.266110,204.410770,-342.682220,77313.867190,1.000000,3.400450,-341.314760
6.922000,0.207640,0.726750,4.070800,204.429580,-342.682650,77280.117190,,3.532470,-341.314640
6.924000,0.338380,0.812620,5.270510,204.448140,-342.682620,77454.140630,,3.449160,-341.315120
6.926000,0.444760,0.890810,5.557620,204.466610,-342.681490,77245.320310,,3.236390,-341.315920
6.928000,0.492190,0.778020,5.065430,204.485980,-342.681400,77269.570310,1.000000,3.400450,-341.316280
6.930000,0.433230,0.488340,3.793950,204.506390,-342.682280,77379.265630,,3.501710,-341.315830
6.932000,0.285830,0.338380,2.932620,204.526690,-342.682530,77408.796880,,3.482480,-341.314790
6.934000,0.178160,0.310180,2.789060,204.546280,-342.682160,77550.125000,,3.379940,-341.313900
6.936000,0.133300,0.367860,3.342770,204.565370,-342.682560,77339.187500,1.000000,3.510680,-341.313540
6.938000,0.229430,0.472960,3.824710,204.583850,-342.682590,77315.984380,,3.442750,-341.313960
6.940000,0.331970,0.592160,3.660640,204.601910,-342.681760,77430.937500,,3.271000,-341.314910
6.942000,0.384520,0.631900,3.260740,204.620240,-342.681760,77366.609380,,3.436340,-341.315640
6.944000,0.360170,0.520390,2.655760,204.639340,-342.682430,77379.265630,1.000000,3.478640,-341.315730
6.946000,0.253780,0.522950,1.958500,204.658340,-342.682530,77310.703130,,3.436340,-341.315190
6.948000,0.197390,0.572940,2.389160,204.677020,-342.682220,77067.078130,,3.397890,-341.314730
6.950000,0.211490,0.688290,4.204100,204.695480,-342.682680,77188.359380,,3.535030,-341.314640
6.952000,0.344790,0.829280,5.373050,204.713590,-342.682590,77028.054690,1.000000,3.440190,-341.315190
6.954000,0.451170,0.960020,5.434570,204.731690,-342.681430,77221.054690,,3.231260,-341.315950
6.956000,0.496030,0.883120,4.952640,204.750720,-342.681430,77678.789060,,3.406860,-341.316310
6.958000,0.429380,0.620360,3.670900,204.770840,-342.682310,77371.875000,,3.508120,-341.315800
6.960000,0.284550,0.497310,2.942870,204.790830,-342.682530,77497.390630,1.000000,3.477360,-341.314760
6.962000,0.173030,0.492190,2.768550,204.810230,-342.682160,77611.296880,,3.382510,-341.313870
6.964000,0.130740,0.567810,3.506840,204.829180,-342.682590,77260.085940,,3.520940,-341.313540
6.966000,0.230710,0.674190,3.742680,204.847580,-342.682530,77444.648440,,3.433780,-341.314000
6.968000,0.334530,0.771610,3.793950,204.865770,-342.681700,77379.265630,1.000000,3.271000,-341.314910
6.970000,0.385800,0.765200,3.096680,204.884350,-342.681760,77214.734380,,3.440190,-341.315640
6.972000,0.353760,0.607540,2.635250,204.903790,-342.682430,77081.843750,,3.481200,-341.315700
6.974000,0.249940,0.571660,1.917480,204.923130,-342.682500,77519.531250,,3.435060,-341.315160
6.976000,0.194820,0.566530,2.512210,204.942210,-342.682190,77133.515630,1.000000,3.399170,-341.314700
6.978000,0.216610,0.629330,4.316890,204.961110,-342.682710,77359.226560,,3.547850,-341.314640
6.980000,0.352480,0.725460,5.373050,204.979610,-342.682560,77298.046880,,3.428650,-341.315220
6.982000,0.457580,0.812620,5.239750,204.998030,-342.681400,77589.140630,,3.236390,-341.316040
6.984000,0.502440,0.694700,4.757810,205.017350,-342.681460,77448.875000,1.000000,3.418400,-341.316350
6.986000,0.428100,0.430660,3.291500,205.037640,-342.682310,77453.085940,,3.514530,-341.315770
6.988000,0.279420,0.321720,2.748050,205.057630,-342.682460,77278.015630,,3.470950,-341.314670
6.990000,0.166630,0.326840,2.912110,205.076920,-342.682130,77238.984380,,3.387630,-341.313810
6.992000,0.133300,0.421690,3.619630,205.095720,-342.682590,76906.765630,1.000000,3.529910,-341.313510
6.994000,0.237120,0.549870,3.834960,205.113920,-342.682500,77310.703130,,3.419680,-341.314000
6.996000,0.338380,0.676760,3.906740,205.131880,-342.681670,77391.921880,,3.274840,-341.314910
6.998000,0.388370,0.689580,3.229980,205.150280,-342.681790,77417.226560,,3.449160,-341.315640
7.000000,0.351200,0.561400,2.491700,205.169510,-342.682460,77572.265630,1.000000,3.485050,-341.315640
7.002000,0.248660,0.574220,1.927730,205.188540,-342.682460,77626.062500,,3.432500,-341.315090
7.004000,0.197390,0.615230,2.501950,205.207320,-342.682190,77373.992190,,3.404300,-341.314670
7.006000,0.221740,0.716490,4.142580,205.225920,-342.682740,77615.507810,,3.558110,-341.314640
7.008000,0.358890,0.840820,5.342290,205.244200,-342.682530,77294.882810,1.000000,3.419680,-341.315220
7.010000,0.456300,0.942080,5.321780,205.262500,-342.681370,77274.851560,,3.241520,-341.316010
7.012000,0.502440,0.803650,4.542480,205.281830,-342.681490,77044.921880,,3.423520,-341.316280
7.014000,0.420410,0.530640,3.383790,205.302190,-342.682340,77325.468750,,3.519650,-341.315700
7.016000,0.273010,0.421690,2.809570,205.322220,-342.682460,77485.789060,1.000000,3.463260,-341.314610
7.016000,0.273010,0.421690,2.809570,205.322220,-342.682460,77485.789060,1.000000,3.463260,-341.314610
7.018000,0.167910,0.397340,3.076170,205.341710,-342.682130,77290.671880,,3.392760,-341.313780
7.020000,0.142270,0.479370,3.578610,205.360660,-342.682590,77404.578130,,3.540160,-341.313540
7.022000,0.251220,0.585750,3.834960,205.379040,-342.682460,77368.710940,,3.408140,-341.314090
7.024000,0.349910,0.687010,3.599120,205.397170,-342.681640,77280.117190,1.000000,3.288940,-341.315000
7.026000,0.394780,0.666500,2.850590,205.415790,-342.681790,77645.046880,,3.455570,-341.315640
7.026000,0.394780,0.666500,2.850590,205.415790,-342.681790,77645.046880,,3.455570,-341.315640
7.028000,0.349910,0.524230,2.378910,205.435170,-342.682460,77711.492190,,3.490170,-341.315610
7.030000,0.247380,0.516540,1.937990,205.454280,-342.682460,77331.804690,,3.435060,-341.315030
7.032000,0.201230,0.542180,2.655760,205.473180,-342.682190,77313.867190,1.000000,3.411990,-341.314610
7.034000,0.231990,0.638310,4.511720,205.491810,-342.682740,77295.937500,,3.564510,-341.314610
7.036000,0.370420,0.756230,5.455080,205.510070,-342.682460,77266.406250,,3.409420,-341.315220
7.038000,0.466550,0.852360,5.332030,205.528370,-342.681300,77295.937500,,3.245360,-341.316010
7.040000,0.513980,0.722900,4.491210,205.547650,-342.681490,77291.718750,1.000000,3.428650,-341.316280
7.042000,0.425540,0.465270,3.363280,205.567920,-342.682370,77501.601560,,3.527340,-341.315610
7.044000,0.274290,0.372990,2.871090,205.587800,-342.682430,77508.992190,,3.458130,-341.314510
7.046000,0.167910,0.385800,3.004390,205.607100,-342.682130,77445.703130,,3.397890,-341.313690
7.048000,0.143550,0.483220,3.599120,205.625870,-342.682590,77636.601560,1.000000,3.549130,-341.313420
7.050000,0.252500,0.606260,3.947750,205.644130,-342.682430,77370.820310,,3.395320,-341.314000
7.052000,0.353760,0.717770,3.650390,205.662190,-342.681610,77413.007810,,3.296630,-341.314910
7.054000,0.398620,0.689580,3.014650,205.680820,-342.681820,77531.132810,,3.458130,-341.315610
7.056000,0.352480,0.543460,2.276370,205.700230,-342.682460,77245.320310,1.000000,3.487610,-341.315520
7.058000,0.251220,0.540890,1.948240,205.719380,-342.682430,77211.562500,,3.429930,-341.314970
7.060000,0.205080,0.570370,2.789060,205.738310,-342.682190,77372.929690,,3.413270,-341.314540
7.062000,0.237120,0.669070,4.573240,205.756990,-342.682740,77233.710940,,3.569640,-341.314540
7.064000,0.374270,0.788270,5.373050,205.775330,-342.682400,77304.382810,1.000000,3.397890,-341.315190
7.066000,0.467830,0.872860,5.332030,205.793720,-342.681300,77452.039060,,3.247920,-341.315950
7.068000,0.510130,0.721620,4.409180,205.813110,-342.681520,77603.906250,,3.435060,-341.316160
7.070000,0.417850,0.474240,3.219730,205.833390,-342.682430,77613.406250,,3.526060,-341.315520
7.072000,0.271730,0.393490,2.860840,205.853210,-342.682430,77552.234380,1.000000,3.451720,-341.314450
7.074000,0.170470,0.405030,3.342770,205.872480,-342.682130,77336.023440,,3.403020,-341.313630
7.076000,0.151250,0.502440,3.999020,205.891170,-342.682590,77207.343750,,3.551700,-341.313420
7.078000,0.264040,0.626770,3.968260,205.909360,-342.682400,77404.578130,,3.383790,-341.314030
7.080000,0.360170,0.751100,3.701660,205.927320,-342.681610,77437.273440,1.000000,3.297910,-341.314970
7.082000,0.403750,0.722900,2.983890,205.945910,-342.681850,77410.898440,,3.456850,-341.315610
7.084000,0.349910,0.583190,2.255860,205.965260,-342.682530,77438.320310,,3.488890,-341.315460
7.086000,0.248660,0.588320,1.989260,205.984330,-342.682430,77336.023440,,3.424800,-341.314910
7.088000,0.206360,0.616520,2.942870,206.003230,-342.682220,77338.125000,1.000000,3.415830,-341.314510
7.090000,0.247380,0.711360,4.706540,206.021880,-342.682770,77323.359380,,3.574770,-341.314540
7.092000,0.387080,0.825440,5.465330,206.040220,-342.682370,77600.742190,,3.383790,-341.315190
7.094000,0.474240,0.895940,5.239750,206.058720,-342.681240,77175.703130,,3.240230,-341.315950
7.096000,0.511410,0.712650,4.368160,206.078310,-342.681550,77388.757810,1.000000,3.431210,-341.316160
7.098000,0.415280,0.424260,3.178710,206.098830,-342.682460,77392.976560,,3.522220,-341.315460
7.100000,0.266600,0.321720,2.819820,206.118880,-342.682430,77325.468750,,3.436340,-341.314360
7.102000,0.171750,0.303770,3.373540,206.138400,-342.682160,77079.726560,,3.397890,-341.313570
7.104000,0.155090,0.376830,3.906740,206.157350,-342.682650,77427.781250,1.000000,3.549130,-341.313390
7.106000,0.270450,0.472960,4.122070,206.175800,-342.682400,77221.054690,,3.364560,-341.314030
7.108000,0.360170,0.584470,3.660640,206.193890,-342.681610,77515.312500,,3.300480,-341.314940
7.110000,0.405030,0.557560,2.942870,206.212540,-342.681920,77590.195310,,3.449160,-341.315580
7.112000,0.349910,0.447330,2.276370,206.231800,-342.682590,77616.562500,1.000000,3.483760,-341.315460
7.114000,0.247380,0.470400,1.907230,206.250730,-342.682430,77513.210940,,3.415830,-341.314880
7.116000,0.206360,0.512700,2.963380,206.269490,-342.682250,77618.671880,,3.413270,-341.314480
7.118000,0.251220,0.628050,4.696290,206.287920,-342.682800,77202.078130,,3.570920,-341.314510
7.120000,0.392210,0.767760,5.598630,206.306030,-342.682340,77329.687500,1.000000,3.360720,-341.315190
7.122000,0.476810,0.858760,5.229490,206.324310,-342.681270,77004.843750,,3.237670,-341.315950
7.124000,0.511410,0.688290,4.327150,206.343720,-342.681610,77441.484380,,3.428650,-341.316130
7.126000,0.410160,0.440920,3.383790,206.363980,-342.682530,77357.109380,,3.515810,-341.315400
7.128000,0.262760,0.366580,2.707030,206.383740,-342.682460,77280.117190,1.000000,3.424800,-341.314330
7.130000,0.167910,0.397340,3.312010,206.402920,-342.682190,77526.914060,,3.400450,-341.313540
7.132000,0.156370,0.521670,4.040040,206.421510,-342.682710,77603.906250,,3.546570,-341.313350
7.134000,0.271730,0.639590,4.081050,206.439680,-342.682400,77379.265630,,3.351750,-341.314030
7.136000,0.362730,0.758790,3.476070,206.457630,-342.681640,77469.960940,1.000000,3.299190,-341.314940
7.138000,0.403750,0.713930,2.758300,206.476260,-342.681950,77375.046880,,3.444030,-341.315580
7.140000,0.340940,0.581910,2.163570,206.495610,-342.682590,77282.226560,,3.477360,-341.315400
7.142000,0.242250,0.581910,1.753420,206.514720,-342.682430,77255.859380,,3.403020,-341.314820
7.144000,0.207640,0.583190,3.137700,206.533780,-342.682310,77298.046880,1.000000,3.410710,-341.314450
7.146000,0.255070,0.658810,4.962890,206.552580,-342.682860,76901.484380,,3.567080,-341.314510
7.148000,0.396060,0.751100,5.711430,206.571080,-342.682340,77136.679690,,3.344060,-341.315220
7.150000,0.475520,0.810060,5.229490,206.589690,-342.681300,77244.265630,,3.238950,-341.315920
7.152000,0.507570,0.613950,4.265630,206.609390,-342.681730,77613.406250,1.000000,3.427370,-341.316070
7.154000,0.402470,0.355040,3.035160,206.629870,-342.682590,77305.437500,,3.511960,-341.315340
7.156000,0.256350,0.292240,2.737790,206.649770,-342.682460,77506.882810,,3.408140,-341.314270
7.158000,0.165340,0.296080,3.271000,206.669080,-342.682250,77618.671880,,3.400450,-341.313510
7.160000,0.161500,0.416560,4.101560,206.687740,-342.682740,77312.812500,1.000000,3.538880,-341.313390
7.162000,0.280700,0.533200,3.999020,206.705930,-342.682400,77313.867190,,3.335080,-341.314090
7.164000,0.367860,0.663940,3.619630,206.723890,-342.681640,77287.507810,,3.292790,-341.315030
7.166000,0.407590,0.617800,2.871090,206.742520,-342.682010,77075.507810,,3.437620,-341.315610
7.168000,0.339660,0.510130,2.214840,206.761800,-342.682650,77251.640630,1.000000,3.470950,-341.315370
7.170000,0.240970,0.549870,1.886720,206.780690,-342.682460,77515.312500,,3.391480,-341.314790
7.172000,0.206360,0.594730,3.373540,206.799470,-342.682340,77153.554690,,3.409420,-341.314420
7.174000,0.261470,0.719060,4.891110,206.817930,-342.682890,77370.820310,,3.559390,-341.314510
7.176000,0.405030,0.852360,5.639650,206.836110,-342.682310,77377.148440,1.000000,3.324830,-341.315250
7.178000,0.484500,0.926700,5.260250,206.854510,-342.681340,77444.648440,,3.241520,-341.315950
7.180000,0.506290,0.744690,4.255370,206.874070,-342.681790,77385.585940,,3.428650,-341.316040
7.182000,0.397340,0.478090,2.830080,206.894440,-342.682620,77395.078130,,3.505550,-341.315280
7.184000,0.253780,0.415280,2.553220,206.914260,-342.682460,77293.835940,1.000000,3.395320,-341.314210
7.184000,0.253780,0.415280,2.553220,206.914260,-342.682460,77293.835940,1.000000,3.395320,-341.314210
7.186000,0.164060,0.402470,3.188960,206.933620,-342.682310,77221.054690,,3.399170,-341.313480
7.188000,0.162780,0.502440,4.060550,206.952410,-342.682770,76940.507810,,3.531190,-341.313390
7.190000,0.284550,0.589600,4.142580,206.970790,-342.682400,77309.648440,,3.318420,-341.314090
7.192000,0.370420,0.689580,3.711910,206.988950,-342.681700,77096.609380,1.000000,3.301760,-341.315000
7.194000,0.406310,0.612670,2.850590,207.007830,-342.682100,77379.265630,,3.429930,-341.315580
7.196000,0.337100,0.497310,2.132810,207.027210,-342.682710,77699.890630,,3.469670,-341.315340
7.198000,0.239690,0.520390,1.691890,207.046220,-342.682460,77508.992190,,3.382510,-341.314790
7.200000,0.207640,0.538330,3.127440,207.065120,-342.682400,77315.984380,1.000000,3.414550,-341.314390
7.202000,0.264040,0.635740,4.696290,207.083710,-342.682920,77532.187500,,3.554260,-341.314510
7.204000,0.408870,0.739560,5.660160,207.102050,-342.682310,77153.554690,,3.309450,-341.315250
7.206000,0.487060,0.788270,5.229490,207.120610,-342.681340,77294.882810,,3.244080,-341.315950
7.208000,0.506290,0.593440,4.255370,207.140260,-342.681820,77206.289060,1.000000,3.424800,-341.316040
7.210000,0.397340,0.347350,3.035160,207.160660,-342.682650,77327.578130,,3.499150,-341.315220
7.212000,0.253780,0.299930,2.717290,207.180420,-342.682460,77228.445310,,3.386350,-341.314150
7.214000,0.164060,0.301210,3.301760,207.199710,-342.682310,77423.554690,,3.401730,-341.313420
7.216000,0.166630,0.435790,3.999020,207.218310,-342.682830,77452.039060,1.000000,3.523500,-341.313350
7.218000,0.289670,0.553710,4.152830,207.236430,-342.682400,77560.664060,,3.312010,-341.314060
7.220000,0.371700,0.694700,3.476070,207.254350,-342.681730,77342.343750,,3.303040,-341.314970
7.222000,0.408870,0.640870,2.563480,207.273030,-342.682130,77396.132810,,3.427370,-341.315550
7.224000,0.335820,0.537050,1.989260,207.292240,-342.682740,77502.656250,1.000000,3.465820,-341.315310
7.226000,0.240970,0.578060,1.445800,207.311140,-342.682460,77439.382810,,3.376100,-341.314730
7.228000,0.211490,0.604980,3.178710,207.329970,-342.682430,77272.742190,,3.417110,-341.314390
7.230000,0.269170,0.716490,4.788570,207.348560,-342.682920,77135.625000,,3.541440,-341.314510
7.232000,0.412720,0.817750,5.793460,207.366900,-342.682250,76824.492190,1.000000,3.294070,-341.315250
7.234000,0.485780,0.856200,5.383300,207.385540,-342.681370,77469.960940,,3.249210,-341.315890
7.236000,0.498600,0.657530,4.173340,207.405270,-342.681880,77293.835940,,3.426090,-341.315950
7.238000,0.392210,0.405030,2.932620,207.425700,-342.682710,77425.664060,,3.497860,-341.315120
7.240000,0.248660,0.369140,2.532710,207.445450,-342.682460,77436.218750,1.000000,3.379940,-341.314090
7.242000,0.162780,0.367860,3.158200,207.464710,-342.682370,77561.718750,,3.405580,-341.313390
7.244000,0.173030,0.496030,3.958010,207.483310,-342.682860,77473.125000,,3.514530,-341.313350
7.246000,0.298650,0.594730,3.999020,207.501500,-342.682370,77543.796880,,3.304320,-341.314090
7.248000,0.372990,0.706240,3.527340,207.519560,-342.681730,77378.210940,1.000000,3.304320,-341.315000
7.250000,0.405030,0.613950,2.686520,207.538420,-342.682190,77409.851560,,3.426090,-341.315490
7.252000,0.331970,0.496030,1.999510,207.557800,-342.682740,77329.687500,,3.464540,-341.315250
7.254000,0.238400,0.521670,1.640630,207.576840,-342.682460,77378.210940,,3.367130,-341.314670
7.256000,0.211490,0.542180,3.363280,207.595720,-342.682460,76957.390630,1.000000,3.420960,-341.314360
7.258000,0.275570,0.662660,4.880860,207.614260,-342.682950,77256.921880,,3.535030,-341.314510
7.260000,0.419130,0.780580,5.557620,207.632510,-342.682220,77242.156250,,3.282530,-341.315250
7.262000,0.487060,0.829280,5.424320,207.651080,-342.681370,77616.562500,,3.258180,-341.315890
7.264000,0.497310,0.625490,4.122070,207.670810,-342.681950,77300.156250,1.000000,3.431210,-341.315890
7.266000,0.385800,0.376830,2.830080,207.691190,-342.682740,77462.585940,,3.499150,-341.315060
7.268000,0.244810,0.347350,2.625000,207.710890,-342.682460,77517.421880,,3.376100,-341.314030
7.270000,0.164060,0.346070,3.168460,207.730150,-342.682370,77319.140630,,3.414550,-341.313350
7.272000,0.180730,0.470400,3.845210,207.748840,-342.682860,77404.578130,1.000000,3.506840,-341.313390
7.274000,0.306340,0.548580,4.193850,207.767150,-342.682310,77349.726560,,3.297910,-341.314120
7.276000,0.376830,0.651120,3.568360,207.785320,-342.681700,77155.671880,,3.306880,-341.315000
7.278000,0.403750,0.548580,2.737790,207.804310,-342.682190,77520.593750,,3.429930,-341.315490
7.280000,0.323000,0.456300,1.886720,207.823680,-342.682740,77525.867190,1.000000,3.464540,-341.315190
7.282000,0.234560,0.490910,1.712400,207.842710,-342.682460,77455.203130,,3.362000,-341.314640
7.284000,0.211490,0.513980,3.168460,207.861590,-342.682500,77473.125000,,3.431210,-341.314360
7.286000,0.281980,0.638310,4.778320,207.880100,-342.682980,77269.570310,,3.532470,-341.314540
7.288000,0.425540,0.754940,5.567870,207.898320,-342.682190,77468.906250,1.000000,3.272280,-341.315310
7.290000,0.496030,0.799800,5.608890,207.916820,-342.681370,77187.312500,,3.268430,-341.315950
7.292000,0.505000,0.578060,4.142580,207.936600,-342.681980,77300.156250,,3.438900,-341.315920
7.294000,0.385800,0.343510,3.106930,207.956890,-342.682740,77499.492190,,3.496580,-341.315060
7.296000,0.242250,0.335820,2.604490,207.976490,-342.682430,77453.085940,1.000000,3.376100,-341.313960
7.298000,0.158940,0.348630,3.496580,207.995540,-342.682370,77207.343750,,3.420960,-341.313290
7.300000,0.180730,0.502440,3.886230,208.014010,-342.682860,77495.281250,,3.504270,-341.313350
7.302000,0.308900,0.603700,4.214360,208.032090,-342.682310,77237.929690,,3.292790,-341.314120
7.304000,0.376830,0.720340,3.486330,208.050090,-342.681730,77484.726560,1.000000,3.315860,-341.315000
7.304000,0.376830,0.720340,3.486330,208.050090,-342.681730,77484.726560,1.000000,3.315860,-341.315000
7.306000,0.403750,0.628050,2.625000,208.068940,-342.682220,77330.750000,,3.436340,-341.315460
7.308000,0.319150,0.538330,1.917480,208.088180,-342.682740,77558.554690,,3.465820,-341.315160
7.310000,0.231990,0.579350,1.681640,208.107090,-342.682460,77356.054690,,3.363280,-341.314640
7.312000,0.211490,0.607540,3.312010,208.125900,-342.682500,77491.062500,1.000000,3.441470,-341.314330
7.314000,0.285830,0.721620,5.024410,208.144470,-342.682950,77140.906250,,3.524780,-341.314580
7.316000,0.425540,0.816470,5.547360,208.162830,-342.682130,77207.343750,,3.264590,-341.315340
7.318000,0.489620,0.831850,5.557620,208.181580,-342.681370,77162.000000,,3.278690,-341.315920
7.320000,0.490910,0.604980,4.204100,208.201540,-342.681980,77460.468750,1.000000,3.442750,-341.315890
7.322000,0.371700,0.372990,3.117190,208.221970,-342.682740,77469.960940,,3.497860,-341.314970
7.324000,0.235840,0.352480,2.625000,208.241710,-342.682400,77453.085940,,3.376100,-341.313960
7.326000,0.160220,0.346070,3.271000,208.261000,-342.682370,77459.414060,,3.432500,-341.313350
7.328000,0.188420,0.474240,3.681150,208.279690,-342.682860,77551.179690,1.000000,3.499150,-341.313420
7.330000,0.312740,0.558840,3.937500,208.297940,-342.682250,77375.046880,,3.294070,-341.314210
7.332000,0.378110,0.660100,3.558110,208.316130,-342.681730,77621.835940,,3.324830,-341.315060
7.334000,0.402470,0.549870,2.707030,208.335140,-342.682250,77429.882810,,3.444030,-341.315490
7.336000,0.312740,0.475520,2.102050,208.354460,-342.682740,77241.093750,1.000000,3.465820,-341.315190
7.338000,0.230710,0.513980,1.784180,208.373410,-342.682400,77512.148440,,3.364560,-341.314640
7.340000,0.210210,0.554990,3.629880,208.392180,-342.682500,77278.015630,,3.454280,-341.314360
7.342000,0.289670,0.694700,5.034670,208.410630,-342.682920,76980.593750,,3.518370,-341.314610
7.344000,0.429380,0.821590,5.547360,208.428760,-342.682040,77291.718750,1.000000,3.260740,-341.315370
7.346000,0.494750,0.843380,5.742190,208.447340,-342.681340,77252.695310,,3.288940,-341.315980
7.348000,0.492190,0.631900,4.060550,208.467150,-342.682040,77559.609380,,3.451720,-341.315890
7.350000,0.364010,0.410160,2.983890,208.487380,-342.682740,77491.062500,,3.501710,-341.314970
7.352000,0.230710,0.398620,2.594240,208.506940,-342.682370,77678.789060,1.000000,3.378660,-341.313960
7.354000,0.157650,0.411440,3.301760,208.526030,-342.682400,77452.039060,,3.442750,-341.313320
7.356000,0.188420,0.546020,3.691410,208.544590,-342.682830,77254.804690,,3.491460,-341.313420
7.358000,0.315310,0.629330,4.070800,208.562740,-342.682190,77400.351560,,3.291500,-341.314240
7.360000,0.380680,0.717770,3.609380,208.580930,-342.681700,77455.203130,1.000000,3.331240,-341.315090
7.362000,0.398620,0.584470,2.809570,208.600020,-342.682250,77238.984380,,3.449160,-341.315490
7.364000,0.305050,0.498600,1.999510,208.619420,-342.682710,77382.421880,,3.464540,-341.315160
7.366000,0.229430,0.519100,1.948240,208.638460,-342.682400,77196.796880,,3.365840,-341.314640
7.368000,0.210210,0.542180,3.527340,208.657350,-342.682530,77091.328130,1.000000,3.461980,-341.314360
7.370000,0.292240,0.656250,5.014160,208.675920,-342.682920,77404.578130,,3.513240,-341.314640
7.372000,0.430660,0.753660,5.506350,208.694240,-342.682010,77500.546880,,3.258180,-341.315430
7.374000,0.498600,0.754940,5.414060,208.713010,-342.681340,77309.648440,,3.299190,-341.316040
7.376000,0.490910,0.507570,4.173340,208.733030,-342.682040,77750.507810,1.000000,3.460690,-341.315890
7.378000,0.356320,0.284550,3.086430,208.753400,-342.682680,77358.164060,,3.501710,-341.314940
7.380000,0.228150,0.261470,2.737790,208.773070,-342.682310,77387.695310,,3.378660,-341.313930
7.382000,0.153810,0.271730,3.250490,208.792240,-342.682370,77365.546880,,3.451720,-341.313320
7.384000,0.193540,0.417850,3.670900,208.810780,-342.682830,77269.570310,1.000000,3.490170,-341.313480
7.386000,0.319150,0.517820,4.286130,208.828890,-342.682130,77094.492190,,3.294070,-341.314300
7.388000,0.383240,0.625490,3.609380,208.846970,-342.681700,77267.460940,,3.344060,-341.315160
7.390000,0.394780,0.520390,2.830080,208.865890,-342.682280,77357.109380,,3.459410,-341.315490
7.392000,0.299930,0.467830,2.122560,208.885060,-342.682680,77531.132810,1.000000,3.468380,-341.315120
7.394000,0.226870,0.521670,1.907230,208.903870,-342.682340,77532.187500,,3.372250,-341.314640
7.396000,0.210210,0.584470,3.517090,208.922470,-342.682500,77204.187500,,3.476070,-341.314360
7.398000,0.297360,0.731870,4.993650,208.940810,-342.682860,77400.351560,,3.509400,-341.314670
7.400000,0.433230,0.858760,5.280760,208.958920,-342.681920,77175.703130,1.000000,3.255620,-341.315460
7.402000,0.497310,0.862610,5.383300,208.977570,-342.681340,77076.562500,,3.314580,-341.316040
7.404000,0.483220,0.616520,4.265630,208.997540,-342.682040,77411.953130,,3.467100,-341.315890
7.406000,0.347350,0.408870,3.209470,209.017850,-342.682680,77085.007810,,3.504270,-341.314910
7.408000,0.219180,0.387080,2.778810,209.037510,-342.682310,77273.796880,1.000000,3.381230,-341.313930
7.410000,0.151250,0.402470,3.260740,209.056690,-342.682400,77424.617190,,3.461980,-341.313350
7.412000,0.198670,0.528080,3.711910,209.075320,-342.682830,77346.570310,,3.491460,-341.313540
7.414000,0.320430,0.611390,3.906740,209.093570,-342.682040,77460.468750,,3.292790,-341.314360
7.416000,0.383240,0.684450,3.568360,209.111850,-342.681700,77499.492190,1.000000,3.356870,-341.315190
7.418000,0.390930,0.544740,2.799320,209.131010,-342.682280,77618.671880,,3.469670,-341.315520
7.420000,0.293520,0.485780,2.112300,209.150360,-342.682650,77577.539060,,3.467100,-341.315120
7.422000,0.223020,0.507570,1.804690,209.169360,-342.682310,77366.609380,,3.378660,-341.314640
7.424000,0.208920,0.557560,3.599120,209.188130,-342.682500,77215.789060,1.000000,3.487610,-341.314360
7.426000,0.303770,0.685730,4.932130,209.206570,-342.682860,77201.023440,,3.505550,-341.314760
7.428000,0.434510,0.803650,5.465330,209.224790,-342.681820,76991.132810,,3.251770,-341.315520
7.430000,0.498600,0.790830,5.147460,209.243560,-342.681340,77373.992190,,3.328670,-341.316100
7.432000,0.480650,0.543460,4.327150,209.263580,-342.682040,77168.320310,1.000000,3.474790,-341.315890
7.434000,0.340940,0.352480,3.106930,209.283860,-342.682650,77444.648440,,3.506840,-341.314910
7.436000,0.214050,0.339660,2.645510,209.303440,-342.682250,77478.406250,,3.385070,-341.313930
7.438000,0.146120,0.376830,3.168460,209.322540,-342.682370,77336.023440,,3.473510,-341.313350
7.440000,0.201230,0.513980,3.629880,209.341050,-342.682770,77268.515630,1.000000,3.490170,-341.313570
7.442000,0.321720,0.613950,3.691410,209.359190,-342.682010,77639.773440,,3.291500,-341.314420
7.444000,0.387080,0.697270,3.445310,209.377400,-342.681670,77213.679690,,3.370970,-341.315280
7.446000,0.389650,0.569090,2.727540,209.396500,-342.682280,77474.179690,,3.474790,-341.315580
7.448000,0.287110,0.526790,2.163570,209.415760,-342.682590,77434.109380,1.000000,3.467100,-341.315120
7.450000,0.217900,0.560120,2.009770,209.434690,-342.682280,77305.437500,,3.382510,-341.314640
7.452000,0.207640,0.615230,3.783690,209.453510,-342.682500,77079.726560,,3.499150,-341.314390
7.454000,0.311460,0.728030,4.932130,209.472020,-342.682830,77147.234380,,3.502990,-341.314790
7.456000,0.440920,0.831850,5.455080,209.490310,-342.681760,77192.585940,1.000000,3.251770,-341.315610
7.456000,0.440920,0.831850,5.455080,209.490310,-342.681760,77192.585940,1.000000,3.251770,-341.315610
7.458000,0.499880,0.812620,5.260250,209.509190,-342.681340,77428.828130,,3.345340,-341.316160
7.460000,0.476810,0.546020,4.163090,209.529310,-342.682070,77303.328130,,3.482480,-341.315890
7.462000,0.334530,0.357600,3.014650,209.549620,-342.682620,77765.273440,,3.505550,-341.314910
7.464000,0.206360,0.333250,2.809570,209.569230,-342.682220,77427.781250,1.000000,3.383790,-341.313930
7.466000,0.140990,0.366580,3.260740,209.588350,-342.682400,77410.898440,,3.479920,-341.313350
7.468000,0.202510,0.496030,3.681150,209.606860,-342.682740,77389.812500,,3.487610,-341.313630
7.470000,0.320430,0.599850,3.886230,209.624950,-342.681920,77311.757810,,3.285100,-341.314510
7.472000,0.387080,0.678040,3.363280,209.643160,-342.681670,77091.328130,1.000000,3.382510,-341.315340
7.474000,0.388370,0.538330,2.778810,209.662290,-342.682280,77474.179690,,3.478640,-341.315610
7.476000,0.283260,0.490910,2.061040,209.681580,-342.682590,77592.304690,,3.461980,-341.315190
7.478000,0.214050,0.515260,2.091800,209.700500,-342.682280,77300.156250,,3.386350,-341.314640
7.480000,0.205080,0.585750,3.650390,209.719250,-342.682530,77306.484380,1.000000,3.504270,-341.314450
7.482000,0.314030,0.704960,4.932130,209.737670,-342.682770,77165.156250,,3.494020,-341.314850
7.484000,0.442200,0.826720,5.250000,209.755910,-342.681700,77377.148440,,3.251770,-341.315640
7.486000,0.498600,0.804930,4.993650,209.774750,-342.681340,77467.859380,,3.358150,-341.316160
7.488000,0.469120,0.549870,4.019530,209.794830,-342.682100,77437.273440,1.000000,3.487610,-341.315890
7.490000,0.325560,0.379390,3.055660,209.815050,-342.682590,77363.445310,,3.502990,-341.314910
7.492000,0.201230,0.376830,2.778810,209.834520,-342.682190,77185.203130,,3.383790,-341.313930
7.494000,0.138430,0.417850,3.322270,209.853650,-342.682400,77278.015630,,3.486330,-341.313390
7.496000,0.203800,0.526790,3.588870,209.872250,-342.682710,77327.578130,1.000000,3.482480,-341.313690
7.498000,0.320430,0.612670,3.855470,209.890500,-342.681880,77167.265630,,3.286380,-341.314580
7.500000,0.380680,0.674190,3.373540,209.908870,-342.681700,77422.507810,,3.395320,-341.315400
7.502000,0.379390,0.525510,2.768550,209.928130,-342.682310,77640.828130,,3.478640,-341.315640
7.504000,0.276860,0.478090,2.184080,209.947530,-342.682590,77435.156250,1.000000,3.456850,-341.315190
7.506000,0.210210,0.490910,2.102050,209.966550,-342.682250,77232.664060,,3.391480,-341.314700
7.508000,0.202510,0.569090,3.916990,209.985350,-342.682530,77591.250000,,3.510680,-341.314510
7.510000,0.314030,0.692140,5.126950,210.003750,-342.682740,77121.914060,,3.490170,-341.314910
7.512000,0.442200,0.820310,5.342290,210.021930,-342.681640,77256.921880,1.000000,3.251770,-341.315730
7.514000,0.497310,0.792110,5.024410,210.040770,-342.681340,77288.562500,,3.367130,-341.316250
7.516000,0.461430,0.528080,3.988770,210.060850,-342.682130,76925.742190,,3.488890,-341.315920
7.518000,0.315310,0.365300,3.076170,210.081020,-342.682590,77395.078130,,3.500430,-341.314910
7.520000,0.194820,0.361450,2.748050,210.100450,-342.682190,77298.046880,1.000000,3.381230,-341.313930
7.522000,0.132020,0.415280,3.414550,210.119450,-342.682430,77378.210940,,3.488890,-341.313450
7.524000,0.210210,0.537050,3.670900,210.137880,-342.682680,77300.156250,,3.478640,-341.313780
7.526000,0.323000,0.640870,3.691410,210.156010,-342.681850,77175.703130,,3.279970,-341.314670
7.528000,0.380680,0.704960,3.250490,210.174260,-342.681730,77760.007810,1.000000,3.404300,-341.315460
7.530000,0.371700,0.562680,2.563480,210.193420,-342.682310,77533.242190,,3.481200,-341.315670
7.532000,0.267880,0.531920,2.040530,210.212680,-342.682590,77447.820310,,3.453000,-341.315190
7.534000,0.206360,0.552430,2.225100,210.231600,-342.682250,77281.179690,,3.394040,-341.314730
7.536000,0.202510,0.621640,4.101560,210.250430,-342.682560,77024.890630,1.000000,3.515810,-341.314540
7.538000,0.323000,0.720340,5.167970,210.268950,-342.682740,77151.445310,,3.483760,-341.315000
7.540000,0.442200,0.822880,5.485840,210.287290,-342.681610,77439.382810,,3.246640,-341.315800
7.542000,0.494750,0.767760,5.055180,210.306400,-342.681340,77502.656250,,3.377380,-341.316280
7.544000,0.453740,0.479370,3.752930,210.326710,-342.682190,77515.312500,1.000000,3.494020,-341.315920
7.546000,0.305050,0.310180,2.963380,210.347080,-342.682590,77386.640630,,3.499150,-341.314910
7.548000,0.188420,0.281980,2.809570,210.366700,-342.682190,77498.445310,,3.381230,-341.313930
7.550000,0.132020,0.337100,3.455570,210.385820,-342.682460,77348.679690,,3.496580,-341.313480
7.552000,0.215330,0.452450,3.670900,210.404340,-342.682680,77429.882810,1.000000,3.476070,-341.313840
7.554000,0.325560,0.556270,3.896480,210.422470,-342.681820,77288.562500,,3.276120,-341.314790
7.556000,0.380680,0.619080,3.271000,210.440750,-342.681730,77290.671880,,3.413270,-341.315550
7.558000,0.369140,0.487060,2.625000,210.459900,-342.682340,77305.437500,,3.485050,-341.315730
7.560000,0.261470,0.469120,2.102050,210.479080,-342.682560,77298.046880,1.000000,3.450440,-341.315220
7.562000,0.205080,0.499880,2.532710,210.497920,-342.682220,77195.742190,,3.394040,-341.314760
7.564000,0.205080,0.596010,4.224610,210.516570,-342.682590,77294.882810,,3.526060,-341.314610
7.566000,0.328130,0.729310,5.239750,210.534850,-342.682680,77269.570310,,3.472230,-341.315060
7.568000,0.442200,0.866460,5.342290,210.552920,-342.681550,77539.578130,1.000000,3.244080,-341.315890
7.570000,0.496030,0.836980,4.911620,210.571780,-342.681340,77441.484380,,3.387630,-341.316310
7.572000,0.449890,0.581910,3.506840,210.591800,-342.682190,77811.679690,,3.499150,-341.315920
7.574000,0.298650,0.440920,2.942870,210.611880,-342.682560,77347.625000,,3.494020,-341.314850
7.576000,0.182010,0.449890,2.860840,210.631200,-342.682160,77324.414060,1.000000,3.382510,-341.313930
7.578000,0.130740,0.519100,3.660640,210.650150,-342.682500,77313.867190,,3.504270,-341.313480
7.580000,0.217900,0.630620,3.834960,210.668590,-342.682620,77301.218750,,3.468380,-341.313900
7.582000,0.326840,0.724180,3.968260,210.686770,-342.681760,77356.054690,,3.272280,-341.314820
7.584000,0.381960,0.749820,3.271000,210.705280,-342.681730,77513.210940,1.000000,3.423520,-341.315580
7.586000,0.364010,0.584470,2.912110,210.724700,-342.682340,77343.398440,,3.483760,-341.315700
7.588000,0.255070,0.540890,2.071290,210.744160,-342.682530,77626.062500,,3.445310,-341.315190
7.590000,0.201230,0.543460,2.491700,210.763240,-342.682220,77483.671880,,3.399170,-341.314760
7.592000,0.206360,0.607540,4.122070,210.782230,-342.682620,77502.656250,1.000000,3.533750,-341.314640
7.594000,0.337100,0.706240,5.126950,210.800780,-342.682650,77332.859380,,3.468380,-341.315120
7.596000,0.447330,0.810060,5.260250,210.819150,-342.681490,77250.593750,,3.241520,-341.315920
7.598000,0.499880,0.749820,4.839840,210.838270,-342.681370,77325.468750,,3.400450,-341.316350
7.600000,0.444760,0.478090,3.742680,210.858520,-342.682220,77416.171880,1.000000,3.502990,-341.315890
7.602000,0.292240,0.321720,3.137700,210.878750,-342.682530,76978.484380,,3.490170,-341.314820
7.604000,0.179440,0.302490,3.168460,210.898270,-342.682130,77403.523440,,3.383790,-341.313900
7.606000,0.133300,0.358890,3.937500,210.917340,-342.682500,77352.890630,,3.511960,-341.313510
7.608000,0.229430,0.469120,3.886230,210.935780,-342.682590,77257.976560,1.000000,3.458130,-341.313960
7.610000,0.333250,0.580630,3.711910,210.953870,-342.681760,77474.179690,,3.274840,-341.314880
7.612000,0.387080,0.630620,3.117190,210.972200,-342.681760,77670.351560,,3.435060,-341.315610
7.614000,0.364010,0.502440,2.409670,210.991380,-342.682370,77288.562500,,3.485050,-341.315700
7.616000,0.253780,0.511410,2.030270,211.010410,-342.682530,77610.242190,1.000000,3.445310,-341.315190
7.616000,0.253780,0.511410,2.030270,211.010410,-342.682530,77610.242190,1.000000,3.445310,-341.315190
7.618000,0.201230,0.575500,2.481450,211.029050,-342.682190,77488.945310,,3.403020,-341.314700
7.620000,0.210210,0.690860,4.409180,211.047550,-342.682620,77169.382810,,3.540160,-341.314610
7.622000,0.340940,0.816470,5.393550,211.065750,-342.682590,77221.054690,,3.458130,-341.315120
7.624000,0.448610,0.926700,5.526860,211.083950,-342.681460,77502.656250,1.000000,3.245360,-341.315920
7.626000,0.498600,0.843380,4.973140,211.103040,-342.681370,77166.210940,,3.406860,-341.316310
7.628000,0.437070,0.563960,3.537600,211.123320,-342.682220,77267.460940,,3.506840,-341.315860
7.630000,0.287110,0.405030,2.932620,211.143550,-342.682500,77567.000000,,3.485050,-341.314790
7.632000,0.176880,0.380680,3.106930,211.163150,-342.682130,77570.156250,1.000000,3.386350,-341.313870
7.634000,0.134580,0.426820,3.619630,211.182300,-342.682530,77278.015630,,3.517090,-341.313540
7.636000,0.233280,0.528080,3.824710,211.200880,-342.682560,77378.210940,,3.453000,-341.313960
7.638000,0.335820,0.628050,3.763180,211.219070,-342.681730,77556.453130,,3.278690,-341.314910
7.640000,0.387080,0.654970,3.209470,211.237520,-342.681760,77349.726560,1.000000,3.446590,-341.315610
7.642000,0.358890,0.505000,2.296880,211.256880,-342.682400,77236.875000,,3.488890,-341.315700
7.644000,0.253780,0.475520,1.917480,211.276150,-342.682460,77399.296880,,3.442750,-341.315190
7.646000,0.199950,0.501160,2.625000,211.295070,-342.682190,77060.742190,,3.408140,-341.314700
7.648000,0.214050,0.584470,4.511720,211.313840,-342.682650,77049.140630,1.000000,3.546570,-341.314640
7.650000,0.348630,0.698550,5.424320,211.332240,-342.682560,77194.687500,,3.446590,-341.315190
7.652000,0.455020,0.802370,5.578130,211.350570,-342.681400,77105.039060,,3.242800,-341.315980
7.654000,0.502440,0.711360,4.778320,211.369780,-342.681400,77450.984380,,3.415830,-341.316310
7.656000,0.431950,0.443480,3.301760,211.390080,-342.682280,77550.125000,1.000000,3.517090,-341.315770
7.658000,0.283260,0.330690,2.789060,211.410100,-342.682460,77499.492190,,3.482480,-341.314700
7.660000,0.173030,0.360170,3.035160,211.429400,-342.682100,77392.976560,,3.390200,-341.313810
7.662000,0.135860,0.453740,3.599120,211.448180,-342.682560,77231.609380,,3.531190,-341.313510
7.664000,0.240970,0.589600,4.070800,211.466430,-342.682530,77329.687500,1.000000,3.441470,-341.314000
7.666000,0.340940,0.708800,3.845210,211.484420,-342.681670,77308.601560,,3.285100,-341.314910
7.668000,0.389650,0.734440,3.127440,211.502820,-342.681760,77134.578130,,3.453000,-341.315610
7.670000,0.356320,0.587040,2.327640,211.522170,-342.682400,77401.406250,,3.488890,-341.315640
7.672000,0.253780,0.557560,1.989260,211.541440,-342.682460,77328.632810,1.000000,3.440190,-341.315120
7.674000,0.202510,0.570370,2.645510,211.560500,-342.682190,77216.843750,,3.406860,-341.314670
7.676000,0.217900,0.654970,4.511720,211.579300,-342.682680,77494.226560,,3.554260,-341.314610
7.678000,0.352480,0.761350,5.475590,211.597780,-342.682530,77321.257810,,3.437620,-341.315160
7.680000,0.456300,0.862610,5.393550,211.616150,-342.681370,77229.500000,1.000000,3.244080,-341.315950
7.682000,0.503720,0.751100,4.521970,211.635420,-342.681430,77441.484380,,3.426090,-341.316310
7.684000,0.429380,0.484500,3.209470,211.655700,-342.682310,77264.296880,,3.520940,-341.315730
7.686000,0.281980,0.370420,2.707030,211.675700,-342.682460,77375.046880,,3.477360,-341.314640
7.688000,0.170470,0.375550,3.096680,211.695050,-342.682100,77216.843750,1.000000,3.394040,-341.313780
7.690000,0.139710,0.457580,3.660640,211.713900,-342.682560,77132.460940,,3.541440,-341.313480
7.692000,0.248660,0.572940,4.214360,211.732190,-342.682460,77167.265630,,3.428650,-341.314030
7.694000,0.349910,0.687010,3.814450,211.750230,-342.681610,77351.843750,,3.286380,-341.314940
7.696000,0.392210,0.689580,3.014650,211.768680,-342.681760,77501.601560,1.000000,3.458130,-341.315610
7.698000,0.352480,0.549870,2.225100,211.787990,-342.682430,77629.226560,,3.492740,-341.315610
7.700000,0.251220,0.549870,1.712400,211.807130,-342.682460,77415.117190,,3.438900,-341.315060
7.702000,0.201230,0.593440,2.430180,211.825940,-342.682190,77595.476560,,3.411990,-341.314640
7.704000,0.224300,0.695980,4.450200,211.844570,-342.682710,77384.531250,1.000000,3.563230,-341.314580
7.706000,0.361450,0.820310,5.444820,211.862850,-342.682460,77170.437500,,3.427370,-341.315190
7.708000,0.460140,0.933110,5.455080,211.881120,-342.681340,77227.390630,,3.249210,-341.315950
7.710000,0.507570,0.812620,4.532230,211.900410,-342.681460,77243.210940,,3.431210,-341.316250
7.712000,0.426820,0.533200,3.322270,211.920810,-342.682310,77100.828130,1.000000,3.527340,-341.315670
7.714000,0.278140,0.407590,2.737790,211.940950,-342.682430,77520.593750,,3.469670,-341.314580
7.716000,0.170470,0.392210,3.178710,211.960530,-342.682100,77290.671880,,3.397890,-341.313720
7.718000,0.144840,0.451170,3.896480,211.979600,-342.682590,77381.375000,,3.547850,-341.313450
7.720000,0.252500,0.548580,4.060550,211.998150,-342.682460,77418.289060,1.000000,3.417110,-341.314000
7.722000,0.353760,0.652400,3.793950,212.016360,-342.681640,77479.460940,,3.297910,-341.314940
7.724000,0.397340,0.649840,2.963380,212.034970,-342.681790,77463.640630,,3.463260,-341.315610
7.726000,0.353760,0.506290,1.999510,212.054350,-342.682460,77567.000000,,3.491460,-341.315580
7.728000,0.252500,0.505000,1.630370,212.073500,-342.682430,77433.054690,1.000000,3.437620,-341.315000
7.730000,0.205080,0.531920,2.594240,212.092410,-342.682190,77298.046880,,3.417110,-341.314580
7.732000,0.233280,0.620360,4.532230,212.111070,-342.682710,77154.617190,,3.565800,-341.314580
7.734000,0.372990,0.740840,5.752440,212.129390,-342.682400,77141.960940,,3.413270,-341.315190
7.736000,0.467830,0.833130,5.516600,212.147710,-342.681270,77326.523440,1.000000,3.247920,-341.315980
7.738000,0.515260,0.708800,4.511720,212.167010,-342.681460,77115.593750,,3.431210,-341.316250
7.740000,0.422970,0.447330,3.024900,212.187270,-342.682340,77406.687500,,3.528630,-341.315610
7.742000,0.273010,0.360170,2.707030,212.207120,-342.682430,77618.671880,,3.461980,-341.314480
7.744000,0.167910,0.390930,3.045410,212.226300,-342.682100,77242.156250,1.000000,3.405580,-341.313660
7.746000,0.144840,0.506290,3.670900,212.244870,-342.682590,77755.789060,,3.550420,-341.313390
7.748000,0.257630,0.648560,4.224610,212.262920,-342.682430,77665.078130,,3.405580,-341.314000
7.750000,0.358890,0.785710,3.927250,212.280750,-342.681610,77228.445310,,3.303040,-341.314940
7.752000,0.406310,0.785710,2.871090,212.299150,-342.681790,77416.171880,1.000000,3.463260,-341.315610
7.754000,0.355040,0.642150,2.173830,212.318450,-342.682460,77426.718750,,3.491460,-341.315520
7.756000,0.249940,0.630620,1.579100,212.337600,-342.682370,77204.187500,,3.429930,-341.314940
7.758000,0.203800,0.634460,2.737790,212.356670,-342.682190,77212.625000,,3.417110,-341.314510
7.760000,0.237120,0.692140,4.562990,212.375580,-342.682710,77284.335940,1.000000,3.570920,-341.314510
7.762000,0.372990,0.784420,5.762700,212.394180,-342.682370,77298.046880,,3.400450,-341.315160
7.764000,0.466550,0.858760,5.516600,212.412780,-342.681300,77343.398440,,3.254330,-341.315920
7.766000,0.507570,0.697270,4.419430,212.432340,-342.681520,77415.117190,,3.433780,-341.316160
7.768000,0.416560,0.421690,3.168460,212.452880,-342.682400,77808.515630,1.000000,3.527340,-341.315520
7.770000,0.269170,0.319150,2.573730,212.472930,-342.682430,77419.343750,,3.451720,-341.314450
7.772000,0.170470,0.319150,2.932620,212.492360,-342.682160,77325.468750,,3.406860,-341.313630
7.774000,0.153810,0.411440,3.824710,212.511150,-342.682590,77449.929690,,3.552980,-341.313420
7.776000,0.269170,0.533200,4.173340,212.529450,-342.682400,77150.390630,1.000000,3.387630,-341.314060
7.776000,0.269170,0.533200,4.173340,212.529450,-342.682400,77150.390630,1.000000,3.387630,-341.314060
7.778000,0.364010,0.653690,3.855470,212.547420,-342.681610,77256.921880,,3.303040,-341.314970
7.780000,0.407590,0.630620,2.881350,212.566020,-342.681820,77538.523440,,3.456850,-341.315610
7.782000,0.349910,0.492190,2.307130,212.585370,-342.682500,77466.804690,,3.487610,-341.315460
7.784000,0.247380,0.508850,1.630370,212.604400,-342.682400,77321.257810,1.000000,3.423520,-341.314910
7.786000,0.206360,0.558840,2.707030,212.623200,-342.682190,77417.226560,,3.414550,-341.314480
7.788000,0.244810,0.680600,4.552730,212.641650,-342.682740,77330.750000,,3.572200,-341.314510
7.790000,0.384520,0.833130,5.762700,212.659740,-342.682370,77418.289060,,3.385070,-341.315190
7.792000,0.474240,0.949770,5.608890,212.677900,-342.681300,77433.054690,1.000000,3.250490,-341.315950
7.794000,0.513980,0.802370,4.521970,212.697200,-342.681610,77434.109380,,3.438900,-341.316160
7.796000,0.414000,0.542180,3.117190,212.717450,-342.682460,77424.617190,,3.524780,-341.315460
7.798000,0.264040,0.462710,2.471190,212.737270,-342.682400,77332.859380,,3.438900,-341.314360
7.800000,0.169190,0.460140,3.127440,212.756620,-342.682160,77357.109380,1.000000,3.408140,-341.313570
7.802000,0.156370,0.542180,3.906740,212.775480,-342.682620,77310.703130,,3.552980,-341.313390
7.804000,0.273010,0.630620,4.163090,212.793930,-342.682370,77191.523440,,3.369690,-341.314060
7.806000,0.364010,0.720340,4.009280,212.812150,-342.681610,77545.898440,,3.305600,-341.314970
7.808000,0.402470,0.660100,2.881350,212.830990,-342.681880,77632.390630,1.000000,3.453000,-341.315580
7.810000,0.342220,0.512700,2.122560,212.850520,-342.682560,77367.656250,,3.487610,-341.315430
7.812000,0.243530,0.511410,1.548340,212.869710,-342.682430,77675.625000,,3.415830,-341.314850
7.814000,0.207640,0.524230,2.901860,212.888720,-342.682250,77359.226560,,3.417110,-341.314480
7.816000,0.251220,0.613950,4.573240,212.907420,-342.682800,77031.218750,1.000000,3.574770,-341.314510
7.818000,0.392210,0.730590,5.731930,212.925780,-342.682310,77262.195310,,3.368410,-341.315220
7.820000,0.478090,0.811340,5.526860,212.944230,-342.681240,77210.507810,,3.245360,-341.315950
7.822000,0.511410,0.640870,4.562990,212.963730,-342.681610,77149.335940,,3.433780,-341.316160
7.824000,0.407590,0.372990,2.963380,212.984150,-342.682460,77372.929690,1.000000,3.519650,-341.315400
7.826000,0.258910,0.298650,2.625000,213.004000,-342.682430,77192.585940,,3.423520,-341.314300
7.828000,0.166630,0.315310,2.983890,213.023270,-342.682190,77468.906250,,3.403020,-341.313540
7.830000,0.157650,0.442200,3.927250,213.041870,-342.682680,77458.359380,,3.550420,-341.313390
7.832000,0.276860,0.585750,4.132320,213.059920,-342.682400,77698.835940,1.000000,3.353030,-341.314060
7.834000,0.365300,0.735720,3.906740,213.077700,-342.681640,77439.382810,,3.308170,-341.314970
7.836000,0.407590,0.724180,2.932620,213.096150,-342.681950,77526.914060,,3.447880,-341.315580
7.838000,0.343510,0.615230,2.163570,213.115330,-342.682590,77340.234380,,3.479920,-341.315400
7.840000,0.244810,0.654970,1.548340,213.134200,-342.682400,77535.359380,1.000000,3.406860,-341.314820
7.842000,0.207640,0.690860,2.860840,213.153030,-342.682280,77098.718750,,3.414550,-341.314450
7.844000,0.253780,0.790830,4.552730,213.171630,-342.682800,77076.562500,,3.564510,-341.314510
7.846000,0.394780,0.899780,5.865230,213.189970,-342.682310,77107.148440,,3.346620,-341.315190
7.848000,0.474240,0.968990,5.588380,213.208500,-342.681270,77323.359380,1.000000,3.244080,-341.315890
7.850000,0.506290,0.786990,4.470700,213.228150,-342.681700,77563.828130,,3.428650,-341.316070
7.852000,0.403750,0.508850,3.065920,213.248670,-342.682560,77739.968750,,3.511960,-341.315340
7.854000,0.258910,0.426820,2.512210,213.268630,-342.682460,77401.406250,,3.409420,-341.314270
7.856000,0.166630,0.412720,2.922360,213.288100,-342.682250,77447.820310,1.000000,3.404300,-341.313510
7.858000,0.164060,0.508850,3.855470,213.306900,-342.682740,77401.406250,,3.541440,-341.313390
7.860000,0.285830,0.611390,4.224610,213.325260,-342.682400,77341.289060,,3.341490,-341.314090
7.862000,0.372990,0.717770,3.896480,213.343350,-342.681640,77170.437500,,3.304320,-341.315030
7.864000,0.407590,0.651120,2.942870,213.362180,-342.682010,77359.226560,1.000000,3.438900,-341.315580
7.866000,0.338380,0.508850,2.245610,213.381620,-342.682620,77231.609380,,3.474790,-341.315370
7.868000,0.240970,0.522950,1.558590,213.400730,-342.682430,77313.867190,,3.392760,-341.314790
7.870000,0.208920,0.551150,2.881350,213.419650,-342.682310,77245.320310,,3.414550,-341.314420
7.872000,0.258910,0.678040,4.593750,213.438170,-342.682860,77283.281250,1.000000,3.558110,-341.314510
7.874000,0.403750,0.816470,5.608890,213.456340,-342.682310,77145.117190,,3.329960,-341.315220
7.876000,0.483220,0.902340,5.598630,213.474670,-342.681300,77477.351560,,3.244080,-341.315920
7.878000,0.508850,0.748540,4.439940,213.494130,-342.681760,77539.578130,,3.426090,-341.316040
7.880000,0.399900,0.493470,3.188960,213.514450,-342.682590,77244.265630,1.000000,3.508120,-341.315280
7.882000,0.253780,0.437070,2.583980,213.534180,-342.682460,77408.796880,,3.396610,-341.314210
7.884000,0.162780,0.440920,3.240230,213.553480,-342.682310,77471.015630,,3.404300,-341.313450
7.886000,0.165340,0.552430,3.937500,213.572200,-342.682770,77162.000000,,3.532470,-341.313350
7.888000,0.288390,0.644710,4.173340,213.590530,-342.682370,77188.359380,1.000000,3.323550,-341.314090
7.890000,0.372990,0.752380,3.722170,213.608700,-342.681670,77511.093750,,3.303040,-341.315030
7.892000,0.406310,0.669070,3.004390,213.627590,-342.682070,77309.648440,,3.432500,-341.315550
7.894000,0.334530,0.540890,2.030270,213.647080,-342.682680,77518.476560,,3.470950,-341.315340
7.896000,0.237120,0.558840,1.609860,213.666200,-342.682460,77518.476560,1.000000,3.381230,-341.314760
7.898000,0.207640,0.578060,2.942870,213.685180,-342.682400,77338.125000,,3.415830,-341.314390
7.900000,0.264040,0.692140,4.593750,213.703750,-342.682890,77170.437500,,3.552980,-341.314510
7.902000,0.408870,0.811340,5.403810,213.722000,-342.682280,77251.640630,,3.310730,-341.315250
7.904000,0.488340,0.867740,5.537110,213.740490,-342.681340,77288.562500,1.000000,3.249210,-341.315950
7.906000,0.508850,0.669070,4.532230,213.760150,-342.681820,77370.820310,,3.426090,-341.316040
7.908000,0.399900,0.399900,3.240230,213.780550,-342.682650,77174.656250,,3.504270,-341.315220
7.910000,0.249940,0.357600,2.563480,213.800290,-342.682460,77462.585940,,3.386350,-341.314150
7.912000,0.160220,0.366580,3.301760,213.819470,-342.682310,77184.148440,1.000000,3.406860,-341.313390
7.914000,0.169190,0.506290,3.711910,213.838030,-342.682800,77340.234380,,3.523500,-341.313350
7.916000,0.294800,0.621640,4.040040,213.856090,-342.682370,77579.656250,,3.313290,-341.314090
7.918000,0.378110,0.752380,3.701660,213.873990,-342.681700,77449.929690,,3.308170,-341.315000
7.920000,0.410160,0.692140,2.860840,213.892670,-342.682160,77345.515630,1.000000,3.431210,-341.315550
7.922000,0.333250,0.590880,1.979000,213.911900,-342.682740,77678.789060,,3.469670,-341.315310
7.924000,0.235840,0.628050,1.640630,213.930800,-342.682460,77311.757810,,3.373540,-341.314730
7.926000,0.207640,0.657530,3.014650,213.949650,-342.682430,77298.046880,,3.423520,-341.314360
7.928000,0.267880,0.778020,4.614260,213.968200,-342.682890,77199.968750,1.000000,3.540160,-341.314510
7.930000,0.414000,0.897220,5.567870,213.986480,-342.682250,77053.367190,,3.294070,-341.315250
7.932000,0.488340,0.942080,5.619140,214.005100,-342.681340,77170.437500,,3.251770,-341.315890
7.934000,0.501160,0.722900,4.368160,214.024950,-342.681880,77228.445310,,3.424800,-341.315950
7.936000,0.388370,0.446040,3.035160,214.045550,-342.682710,77590.195310,1.000000,3.499150,-341.315160
7.936000,0.388370,0.446040,3.035160,214.045550,-342.682710,77590.195310,1.000000,3.499150,-341.315160
7.938000,0.244810,0.392210,2.635250,214.065480,-342.682460,77520.593750,,3.376100,-341.314090
7.940000,0.162780,0.384520,3.004390,214.084870,-342.682370,77298.046880,,3.409420,-341.313390
7.942000,0.176880,0.511410,3.599120,214.103610,-342.682860,77469.960940,,3.510680,-341.313390
7.944000,0.305050,0.607540,3.968260,214.121870,-342.682370,77491.062500,1.000000,3.308170,-341.314150
7.946000,0.381960,0.721620,3.517090,214.140000,-342.681730,77236.875000,,3.308170,-341.315060
7.948000,0.410160,0.630620,2.901860,214.158870,-342.682190,77411.953130,,3.427370,-341.315550
7.950000,0.329410,0.539610,2.153320,214.178220,-342.682740,77433.054690,,3.467100,-341.315250
7.952000,0.234560,0.574220,1.732910,214.197200,-342.682460,77140.906250,1.000000,3.367130,-341.314670
7.954000,0.208920,0.606260,3.291500,214.216000,-342.682460,77274.851560,,3.423520,-341.314360
7.956000,0.273010,0.745970,4.706540,214.234420,-342.682920,77243.210940,,3.533750,-341.314510
7.958000,0.421690,0.881840,5.547360,214.252550,-342.682220,77262.195310,,3.281250,-341.315280
7.960000,0.497310,0.942080,5.475590,214.270920,-342.681370,77375.046880,1.000000,3.259460,-341.315950
7.962000,0.507570,0.753660,4.275880,214.290530,-342.681920,77707.265630,,3.429930,-341.315980
7.964000,0.390930,0.521670,3.137700,214.310750,-342.682740,77523.750000,,3.497860,-341.315120
7.966000,0.242250,0.501160,2.522460,214.330350,-342.682460,77377.148440,,3.374820,-341.314030
7.968000,0.157650,0.513980,3.137700,214.349460,-342.682370,77299.101560,1.000000,3.414550,-341.313320
7.970000,0.176880,0.653690,3.568360,214.368000,-342.682860,77431.992190,,3.504270,-341.313350
7.972000,0.307620,0.743410,3.906740,214.386170,-342.682340,77130.351560,,3.300480,-341.314120
7.974000,0.380680,0.839540,3.568360,214.404340,-342.681730,77304.382810,,3.313290,-341.315030
7.976000,0.406310,0.717770,2.953130,214.423430,-342.682190,77186.257810,1.000000,3.429930,-341.315490
7.978000,0.323000,0.589600,2.296880,214.442980,-342.682740,77338.125000,,3.465820,-341.315190
7.980000,0.233280,0.596010,1.753420,214.462170,-342.682460,77422.507810,,3.360720,-341.314640
7.982000,0.208920,0.599850,3.363280,214.481250,-342.682500,77465.742190,,3.432500,-341.314330
7.984000,0.278140,0.707520,4.727050,214.499970,-342.682920,77108.203130,1.000000,3.526060,-341.314510
7.986000,0.422970,0.810060,4.860350,214.518370,-342.682190,77319.140630,,3.269710,-341.315310
7.988000,0.493470,0.835690,5.455080,214.537090,-342.681370,77407.734380,,3.268430,-341.315920
7.990000,0.502440,0.603700,4.224610,214.557050,-342.681980,77257.976560,,3.435060,-341.315920
7.992000,0.381960,0.337100,3.188960,214.577580,-342.682740,77284.335940,1.000000,3.497860,-341.315060
7.994000,0.239690,0.301210,2.645510,214.597350,-342.682460,77399.296880,,3.373540,-341.314000
7.996000,0.158940,0.311460,3.250490,214.616530,-342.682400,77139.851560,,3.423520,-341.313320
7.996000,0.158940,0.311460,3.250490,214.616530,-342.682400,77139.851560,,3.423520,-341.313320
7.998000,0.182010,0.479370,3.681150,214.634980,-342.682860,77214.734380,,3.501710,-341.313390
8.000000,0.315310,0.598570,3.937500,214.652970,-342.682280,77324.414060,1.000000,3.296630,-341.314180
8.000000,0.315310,0.598570,3.937500,214.652970,-342.682280,77324.414060,1.000000,3.296630,-341.314180
8.002000,0.385800,0.725460,3.629880,214.670870,-342.681700,77588.085940,,3.319700,-341.315060
8.004000,0.410160,0.640870,2.942870,214.689650,-342.682220,77525.867190,,3.438900,-341.315520
8.006000,0.320430,0.574220,2.255860,214.708770,-342.682740,77588.085940,,3.465820,-341.315190
8.008000,0.231990,0.640870,1.907230,214.727520,-342.682430,77693.554690,1.000000,3.363280,-341.314640
8.010000,0.211490,0.698550,3.465820,214.746150,-342.682500,77386.640630,,3.442750,-341.314330
8.012000,0.284550,0.847230,4.675780,214.764500,-342.682920,77224.218750,,3.519650,-341.314540
8.014000,0.426820,0.971560,5.311520,214.782620,-342.682100,77388.757810,,3.267150,-341.315310
8.016000,0.492190,1.002320,5.250000,214.801180,-342.681370,76991.132810,1.000000,3.281250,-341.315920
8.018000,0.497310,0.781860,4.214360,214.821000,-342.682010,77190.468750,,3.446590,-341.315890
8.020000,0.374270,0.534480,3.158200,214.841400,-342.682740,77485.789060,,3.499150,-341.315000
8.022000,0.237120,0.497310,2.901860,214.861180,-342.682430,77207.343750,,3.376100,-341.313960
8.024000,0.158940,0.483220,3.271000,214.880490,-342.682370,77389.812500,1.000000,3.435060,-341.313320
8.026000,0.188420,0.608830,3.609380,214.899230,-342.682830,77592.304690,,3.491460,-341.313420
8.028000,0.316590,0.676760,3.896480,214.917560,-342.682220,77474.179690,,3.300480,-341.314240
8.030000,0.381960,0.753660,3.558110,214.935900,-342.681730,77486.835940,,3.329960,-341.315060
8.032000,0.403750,0.599850,2.737790,214.955120,-342.682250,77770.554690,1.000000,3.445310,-341.315490
8.034000,0.314030,0.492190,2.266110,214.974700,-342.682710,77425.664060,,3.467100,-341.315160
8.036000,0.231990,0.505000,1.979000,214.993850,-342.682400,77430.937500,,3.364560,-341.314610
8.038000,0.210210,0.539610,3.558110,215.012760,-342.682500,77231.609380,,3.458130,-341.314330
8.040000,0.289670,0.684450,4.829590,215.031220,-342.682890,77212.625000,1.000000,3.514530,-341.314610
8.042000,0.429380,0.816470,5.547360,215.049350,-342.682040,77064.960940,,3.264590,-341.315370
8.044000,0.496030,0.843380,5.301270,215.067930,-342.681340,77306.484380,,3.291500,-341.315980
8.046000,0.494750,0.617800,4.224610,215.087750,-342.682010,77578.593750,,3.451720,-341.315890
8.048000,0.365300,0.397340,3.209470,215.107970,-342.682710,77712.546880,1.000000,3.502990,-341.314970
8.050000,0.230710,0.390930,2.819820,215.127520,-342.682370,77540.632810,,3.377380,-341.313930
8.052000,0.156370,0.416560,3.178710,215.146580,-342.682370,77847.539060,,3.445310,-341.313290
8.054000,0.193540,0.572940,3.558110,215.164990,-342.682830,77382.421880,,3.490170,-341.313450
8.056000,0.320430,0.681880,3.660640,215.183030,-342.682160,77363.445310,1.000000,3.297910,-341.314240
8.058000,0.385800,0.789550,3.271000,215.201100,-342.681700,77372.929690,,3.338930,-341.315120
8.060000,0.401180,0.674190,2.655760,215.220090,-342.682250,77422.507810,,3.454280,-341.315490
8.062000,0.307620,0.593440,2.276370,215.239430,-342.682710,77093.437500,,3.467100,-341.315120
8.064000,0.230710,0.616520,2.020020,215.258420,-342.682370,77411.953130,1.000000,3.369690,-341.314580
8.066000,0.211490,0.648560,3.865720,215.277270,-342.682500,77171.492190,,3.465820,-341.314330
8.068000,0.296080,0.778020,4.973140,215.295810,-342.682860,77240.039060,,3.509400,-341.314640
8.070000,0.433230,0.889530,5.393550,215.314030,-342.681980,77247.429690,,3.260740,-341.315400
8.072000,0.503720,0.895940,5.126950,215.332750,-342.681340,77558.554690,1.000000,3.304320,-341.316040
8.074000,0.497310,0.638310,4.019530,215.352770,-342.682010,77556.453130,,3.459410,-341.315890
8.076000,0.360170,0.416560,3.229980,215.373120,-342.682710,77282.226560,,3.506840,-341.314910
8.078000,0.229430,0.390930,2.871090,215.392810,-342.682340,77344.460940,,3.379940,-341.313900
8.080000,0.155090,0.401180,3.496580,215.411960,-342.682370,77389.812500,1.000000,3.454280,-341.313290
8.082000,0.197390,0.548580,3.875980,215.430480,-342.682800,77224.218750,,3.490170,-341.313450
8.084000,0.326840,0.640870,4.009280,215.448580,-342.682100,77405.632810,,3.296630,-341.314300
8.086000,0.393490,0.725460,3.506840,215.466750,-342.681670,77555.398440,,3.349180,-341.315190
8.088000,0.403750,0.593440,2.696780,215.485790,-342.682250,77351.843750,1.000000,3.460690,-341.315490
8.090000,0.305050,0.526790,2.225100,215.505130,-342.682680,77626.062500,,3.470950,-341.315090
8.092000,0.230710,0.553710,2.081540,215.524080,-342.682340,77656.648440,,3.373540,-341.314580
8.094000,0.214050,0.608830,3.619630,215.542850,-342.682500,77197.851560,,3.477360,-341.314300
8.096000,0.301210,0.752380,4.870610,215.561250,-342.682860,77338.125000,1.000000,3.505550,-341.314640
8.098000,0.437070,0.888240,5.311520,215.579380,-342.681880,77173.601560,,3.259460,-341.315430
8.100000,0.503720,0.899780,5.167970,215.598020,-342.681340,77367.656250,,3.318420,-341.316010
8.102000,0.489620,0.654970,3.999020,215.617980,-342.682040,77152.500000,,3.469670,-341.315860
8.104000,0.352480,0.440920,3.106930,215.638310,-342.682680,77325.468750,1.000000,3.509400,-341.314910
8.106000,0.226870,0.424260,3.065920,215.657900,-342.682310,77264.296880,,3.383790,-341.313900
8.108000,0.155090,0.451170,3.496580,215.677000,-342.682370,77149.335940,,3.465820,-341.313290
8.110000,0.202510,0.593440,3.660640,215.695530,-342.682770,77273.796880,,3.487610,-341.313510
8.112000,0.328130,0.685730,3.958010,215.713670,-342.682040,77548.007810,1.000000,3.295350,-341.314360
8.114000,0.393490,0.763920,3.281250,215.731980,-342.681670,77371.875000,,3.360720,-341.315190
8.116000,0.397340,0.617800,2.655760,215.751170,-342.682250,77837.000000,,3.469670,-341.315490
8.118000,0.297360,0.547300,2.266110,215.770600,-342.682650,77664.023440,,3.468380,-341.315060
8.120000,0.228150,0.565250,2.245610,215.789660,-342.682310,77422.507810,1.000000,3.381230,-341.314580
8.122000,0.212770,0.625490,3.732420,215.808460,-342.682460,77080.789060,,3.490170,-341.314330
8.124000,0.307620,0.769040,5.137210,215.826830,-342.682830,77376.101560,,3.508120,-341.314670
8.126000,0.442200,0.910030,5.465330,215.844890,-342.681820,76952.117190,,3.259460,-341.315490
8.128000,0.506290,0.911320,5.157710,215.863530,-342.681300,77137.734380,1.000000,3.335080,-341.316040
8.130000,0.487060,0.658810,4.050290,215.883470,-342.682040,77365.546880,,3.478640,-341.315860
8.132000,0.346070,0.467830,3.229980,215.903660,-342.682620,77449.929690,,3.510680,-341.314880
8.134000,0.220460,0.453740,2.963380,215.923160,-342.682250,77430.937500,,3.386350,-341.313870
8.136000,0.151250,0.489620,3.558110,215.942200,-342.682370,77647.148440,1.000000,3.474790,-341.313290
8.138000,0.207640,0.624210,3.681150,215.960680,-342.682740,77555.398440,,3.487610,-341.313540
8.140000,0.326840,0.721620,3.906740,215.978780,-342.681980,77372.929690,,3.292790,-341.314390
8.142000,0.390930,0.786990,3.106930,215.997060,-342.681670,77375.046880,,3.377380,-341.315220
8.144000,0.393490,0.637020,2.573730,216.016280,-342.682280,77453.085940,1.000000,3.474790,-341.315520
8.146000,0.293520,0.567810,2.091800,216.035640,-342.682620,77478.406250,,3.468380,-341.315090
8.148000,0.224300,0.585750,2.255860,216.054670,-342.682310,77118.750000,,3.386350,-341.314580
8.150000,0.212770,0.637020,3.875980,216.073550,-342.682500,77324.414060,,3.500430,-341.314360
8.152000,0.312740,0.752380,5.219240,216.092100,-342.682770,76950.007810,1.000000,3.501710,-341.314760
8.154000,0.442200,0.862610,5.332030,216.110380,-342.681730,77235.828130,,3.251770,-341.315550
8.156000,0.499880,0.822880,4.973140,216.129350,-342.681300,77383.476560,,3.347900,-341.316100
8.158000,0.479370,0.533200,3.660640,216.149580,-342.682040,77439.382810,,3.478640,-341.315860
8.160000,0.339660,0.328130,2.912110,216.170030,-342.682620,77363.445310,1.000000,3.506840,-341.314880
8.162000,0.212770,0.297360,2.922360,216.189700,-342.682220,77670.351560,,3.385070,-341.313870
8.164000,0.146120,0.342220,3.691410,216.208800,-342.682370,77234.773440,,3.482480,-341.313320
8.166000,0.208920,0.489620,3.804200,216.227220,-342.682740,77464.695310,,3.488890,-341.313570
8.168000,0.329410,0.606260,3.916990,216.245220,-342.681920,77282.226560,1.000000,3.290220,-341.314450
8.170000,0.390930,0.690860,3.178710,216.263350,-342.681670,77513.210940,,3.388920,-341.315310
8.172000,0.394780,0.560120,2.573730,216.282380,-342.682280,77172.539060,,3.478640,-341.315580
8.174000,0.290950,0.531920,1.989260,216.301500,-342.682590,77517.421880,,3.464540,-341.315120
8.176000,0.220460,0.571660,2.317380,216.320280,-342.682250,77378.210940,1.000000,3.390200,-341.314610
8.178000,0.208920,0.656250,4.050290,216.338900,-342.682500,77352.890630,,3.506840,-341.314360
8.180000,0.316590,0.792110,5.126950,216.357190,-342.682740,77113.484380,,3.496580,-341.314790
8.182000,0.442200,0.926700,5.332030,216.375270,-342.681670,77284.335940,,3.254330,-341.315580
8.184000,0.497310,0.913880,5.065430,216.394030,-342.681340,77309.648440,1.000000,3.362000,-341.316130
8.186000,0.471680,0.646000,3.701660,216.414080,-342.682100,77369.773440,,3.487610,-341.315890
8.188000,0.328130,0.467830,2.983890,216.434250,-342.682620,77468.906250,,3.505550,-341.314850
8.190000,0.206360,0.458860,2.973630,216.453720,-342.682190,77274.851560,,3.383790,-341.313870
8.192000,0.142270,0.503720,3.609380,216.472780,-342.682400,77009.070310,1.000000,3.487610,-341.313350
8.194000,0.212770,0.619080,3.896480,216.491260,-342.682710,77287.507810,,3.485050,-341.313660
8.196000,0.329410,0.716490,3.865720,216.509400,-342.681880,77330.750000,,3.282530,-341.314540
8.198000,0.388370,0.754940,3.281250,216.527800,-342.681670,77429.882810,,3.397890,-341.315370
8.200000,0.384520,0.581910,2.450680,216.547180,-342.682280,77595.476560,1.000000,3.478640,-341.315610
8.202000,0.279420,0.521670,2.132810,216.566620,-342.682590,77695.664060,,3.456850,-341.315120
8.204000,0.215330,0.520390,2.276370,216.585750,-342.682250,77291.718750,,3.390200,-341.314640
8.206000,0.207640,0.585750,3.947750,216.604640,-342.682530,77452.039060,,3.510680,-341.314420
8.208000,0.320430,0.707520,5.250000,216.623120,-342.682740,77198.914060,1.000000,3.488890,-341.314880
8.210000,0.444760,0.834410,5.526860,216.641360,-342.681640,77257.976560,,3.251770,-341.315700
8.212000,0.501160,0.797240,4.962890,216.660280,-342.681340,77071.296880,,3.372250,-341.316190
8.214000,0.469120,0.516540,3.640140,216.680400,-342.682160,77360.281250,,3.494020,-341.315890
8.216000,0.319150,0.357600,2.860840,216.700610,-342.682590,77426.718750,1.000000,3.502990,-341.314850
8.218000,0.197390,0.347350,2.932620,216.720050,-342.682190,77192.585940,,3.385070,-341.313870
8.220000,0.137150,0.417850,3.629880,216.738970,-342.682430,77386.640630,,3.496580,-341.313390
8.222000,0.214050,0.560120,3.927250,216.757290,-342.682650,77545.898440,,3.474790,-341.313720
8.224000,0.329410,0.685730,3.896480,216.775270,-342.681820,77281.179690,1.000000,3.279970,-341.314640
8.226000,0.388370,0.752380,3.086430,216.793460,-342.681700,77791.648440,,3.408140,-341.315460
8.228000,0.378110,0.622920,2.440430,216.812580,-342.682310,77570.156250,,3.482480,-341.315640
8.230000,0.270450,0.608830,1.958500,216.831700,-342.682590,77275.906250,,3.454280,-341.315160
8.232000,0.208920,0.647280,2.112300,216.850490,-342.682250,77368.710940,1.000000,3.395320,-341.314640
8.232000,0.208920,0.647280,2.112300,216.850490,-342.682250,77368.710940,1.000000,3.395320,-341.314640
8.234000,0.206360,0.733150,4.193850,216.869170,-342.682560,77353.945310,,3.520940,-341.314480
8.236000,0.325560,0.856200,5.393550,216.887500,-342.682710,76983.750000,,3.481200,-341.314910
8.238000,0.446040,0.981810,5.608890,216.905670,-342.681580,77284.335940,,3.251770,-341.315730
8.240000,0.502440,0.920290,4.860350,216.924680,-342.681340,77349.726560,1.000000,3.381230,-341.316250
8.242000,0.462710,0.624210,3.640140,216.944980,-342.682160,77671.414060,,3.494020,-341.315890
8.244000,0.310180,0.439640,2.809570,216.965330,-342.682590,77532.187500,,3.499150,-341.314850
8.246000,0.190980,0.402470,2.655760,216.985000,-342.682160,77558.554690,,3.379940,-341.313870
8.248000,0.132020,0.440920,3.547850,217.004180,-342.682460,77674.578130,1.000000,3.499150,-341.313390
8.250000,0.216610,0.556270,3.916990,217.022710,-342.682650,77359.226560,,3.473510,-341.313780
8.250000,0.216610,0.556270,3.916990,217.022710,-342.682650,77359.226560,,3.473510,-341.313780
8.252000,0.330690,0.653690,3.896480,217.040850,-342.681790,77376.101560,,3.279970,-341.314700
8.254000,0.389650,0.685730,3.178710,217.059280,-342.681730,77562.773440,,3.422240,-341.315490
8.256000,0.375550,0.515260,2.481450,217.078600,-342.682310,77166.210940,1.000000,3.485050,-341.315670
8.258000,0.265320,0.475520,1.825200,217.097900,-342.682560,77195.742190,,3.451720,-341.315190
8.260000,0.207640,0.490910,2.358400,217.116850,-342.682220,77498.445310,,3.400450,-341.314670
8.262000,0.206360,0.578060,4.450200,217.135570,-342.682560,77283.281250,,3.527340,-341.314510
8.264000,0.333250,0.704960,5.373050,217.153930,-342.682620,77340.234380,1.000000,3.470950,-341.315000
8.266000,0.447330,0.833130,5.567870,217.172070,-342.681490,77427.781250,,3.245360,-341.315830
8.268000,0.501160,0.778020,4.870610,217.191060,-342.681340,77508.992190,,3.392760,-341.316280
8.270000,0.455020,0.506290,3.424800,217.211180,-342.682190,77440.437500,,3.501710,-341.315890
8.272000,0.303770,0.356320,2.625000,217.231290,-342.682590,77545.898440,1.000000,3.501710,-341.314820
8.274000,0.189700,0.360170,2.799320,217.250670,-342.682160,77347.625000,,3.385070,-341.313870
8.276000,0.132020,0.442200,3.599120,217.269500,-342.682460,77096.609380,,3.510680,-341.313420
8.278000,0.220460,0.587040,4.091310,217.287750,-342.682590,77082.898440,,3.469670,-341.313810
8.280000,0.333250,0.722900,4.070800,217.305650,-342.681760,77440.437500,1.000000,3.276120,-341.314760
8.282000,0.389650,0.762630,3.363280,217.323930,-342.681700,77394.031250,,3.429930,-341.315550
8.284000,0.370420,0.602420,2.358400,217.343230,-342.682310,77387.695310,,3.483760,-341.315670
8.286000,0.260190,0.565250,1.896970,217.362520,-342.682500,77478.406250,,3.446590,-341.315160
8.288000,0.206360,0.574220,2.235350,217.381550,-342.682190,77503.710940,1.000000,3.397890,-341.314670
8.290000,0.210210,0.660100,4.409180,217.400330,-342.682590,77321.257810,,3.532470,-341.314540
8.292000,0.337100,0.786990,5.403810,217.418700,-342.682620,78552.078130,,3.468380,-341.315030
8.294000,0.451170,0.910030,5.649900,217.436920,-342.681490,77394.031250,,3.249210,-341.315860
8.296000,0.505000,0.835690,4.962890,217.455990,-342.681370,77276.953130,1.000000,3.405580,-341.316280
8.298000,0.452450,0.556270,3.537600,217.476200,-342.682220,77433.054690,,3.505550,-341.315860
8.300000,0.298650,0.412720,2.727540,217.496320,-342.682530,77443.593750,,3.494020,-341.314790
8.302000,0.182010,0.396060,2.994140,217.515750,-342.682130,77063.906250,,3.385070,-341.313840
8.304000,0.133300,0.457580,3.629880,217.534730,-342.682460,77356.054690,1.000000,3.513240,-341.313420
8.306000,0.229430,0.579350,4.255370,217.553100,-342.682560,77293.835940,,3.456850,-341.313870
8.308000,0.338380,0.688290,4.091310,217.571150,-342.681700,77498.445310,,3.273560,-341.314790
8.310000,0.392210,0.704960,3.219730,217.589600,-342.681730,77492.117190,,3.438900,-341.315550
8.312000,0.366580,0.538330,2.276370,217.608980,-342.682370,77726.257810,1.000000,3.485050,-341.315640
8.314000,0.258910,0.503720,1.743160,217.628300,-342.682530,77645.046880,,3.445310,-341.315120
8.316000,0.205080,0.524230,2.143070,217.647280,-342.682190,77575.429690,,3.404300,-341.314640
8.318000,0.212770,0.616520,4.265630,217.666000,-342.682620,77193.632810,,3.541440,-341.314540
8.320000,0.346070,0.751100,5.629390,217.684330,-342.682590,77308.601560,1.000000,3.458130,-341.315060
8.322000,0.457580,0.877990,5.844730,217.702530,-342.681460,77043.867190,,3.246640,-341.315890
8.324000,0.510130,0.790830,4.942380,217.721620,-342.681370,77464.695310,,3.410710,-341.316310
8.326000,0.448610,0.499880,3.629880,217.741930,-342.682220,77439.382810,,3.506840,-341.315830
8.328000,0.293520,0.352480,2.707030,217.762130,-342.682500,77401.406250,1.000000,3.490170,-341.314730
8.330000,0.178160,0.323000,2.871090,217.781680,-342.682130,77569.109380,,3.385070,-341.313780
8.332000,0.133300,0.392210,3.588870,217.800700,-342.682500,77430.937500,,3.519650,-341.313390
8.334000,0.234560,0.508850,4.101560,217.819120,-342.682530,77405.632810,,3.446590,-341.313840
8.336000,0.340940,0.625490,4.173340,217.837200,-342.681700,77583.875000,1.000000,3.279970,-341.314790
8.338000,0.396060,0.646000,3.281250,217.855620,-342.681760,77485.789060,,3.446590,-341.315580
8.340000,0.369140,0.510130,2.440430,217.874890,-342.682400,77399.296880,,3.487610,-341.315640
8.342000,0.260190,0.493470,1.773930,217.894040,-342.682500,77533.242190,,3.444030,-341.315120
8.344000,0.203800,0.512700,2.358400,217.912920,-342.682190,77208.398440,1.000000,3.406860,-341.314640
8.346000,0.215330,0.615230,4.450200,217.931550,-342.682620,77180.976560,,3.546570,-341.314510
8.348000,0.348630,0.756230,5.598630,217.949750,-342.682530,77086.062500,,3.444030,-341.315060
8.350000,0.455020,0.876710,5.752440,217.967900,-342.681400,77284.335940,,3.245360,-341.315890
8.352000,0.505000,0.786990,4.962890,217.987000,-342.681370,77565.945310,1.000000,3.419680,-341.316250
8.354000,0.440920,0.517820,3.291500,218.007170,-342.682280,77366.609380,,3.513240,-341.315730
8.356000,0.289670,0.394780,2.748050,218.027210,-342.682460,77533.242190,,3.483760,-341.314670
8.358000,0.178160,0.394780,2.819820,218.046550,-342.682100,77575.429690,,3.388920,-341.313780
8.360000,0.138430,0.478090,3.640140,218.065370,-342.682530,77334.960940,1.000000,3.529910,-341.313420
8.362000,0.242250,0.606260,4.122070,218.083650,-342.682500,77473.125000,,3.440190,-341.313900
8.364000,0.344790,0.722900,4.070800,218.101650,-342.681670,77463.640630,,3.283810,-341.314850
8.366000,0.396060,0.728030,3.209470,218.120130,-342.681760,77387.695310,,3.454280,-341.315580
8.368000,0.362730,0.566530,2.337890,218.139530,-342.682400,77167.265630,1.000000,3.487610,-341.315610
8.370000,0.256350,0.539610,1.681640,218.158800,-342.682460,77513.210940,,3.440190,-341.315060
8.372000,0.202510,0.551150,2.512210,218.177860,-342.682190,77059.687500,,3.408140,-341.314610
8.374000,0.223020,0.633180,4.224610,218.196670,-342.682650,77265.351560,,3.552980,-341.314540
8.376000,0.356320,0.754940,5.578130,218.215070,-342.682500,77443.593750,1.000000,3.433780,-341.315090
8.378000,0.457580,0.865170,5.824220,218.233430,-342.681370,77444.648440,,3.249210,-341.315890
8.380000,0.507570,0.739560,4.901370,218.252780,-342.681460,77382.421880,,3.429930,-341.316220
8.382000,0.434510,0.449890,3.250490,218.273180,-342.682310,77303.328130,,3.522220,-341.315700
8.384000,0.285830,0.319150,2.604490,218.293350,-342.682460,77443.593750,1.000000,3.477360,-341.314640
8.386000,0.173030,0.312740,2.922360,218.312770,-342.682100,77336.023440,,3.395320,-341.313720
8.388000,0.138430,0.403750,3.670900,218.331620,-342.682530,77086.062500,,3.540160,-341.313390
8.390000,0.247380,0.544740,4.245120,218.349870,-342.682460,77441.484380,,3.423520,-341.313930
8.392000,0.351200,0.675480,4.193850,218.367800,-342.681610,77254.804690,1.000000,3.285100,-341.314880
8.394000,0.401180,0.680600,3.127440,218.386250,-342.681760,77405.632810,,3.456850,-341.315580
8.396000,0.357600,0.543460,2.255860,218.405520,-342.682430,77733.632810,,3.490170,-341.315580
8.398000,0.255070,0.547300,1.609860,218.424610,-342.682460,77437.273440,,3.437620,-341.315000
8.400000,0.203800,0.585750,2.276370,218.443420,-342.682190,77275.906250,1.000000,3.410710,-341.314580
8.402000,0.226870,0.693420,4.193850,218.462010,-342.682710,77425.664060,,3.563230,-341.314510
8.404000,0.366580,0.825440,5.537110,218.480190,-342.682460,77197.851560,,3.426090,-341.315120
8.406000,0.465270,0.948490,5.649900,218.498380,-342.681340,77257.976560,,3.251770,-341.315920
8.408000,0.512700,0.834410,4.860350,218.517550,-342.681460,77143.015630,1.000000,3.432500,-341.316190
8.410000,0.429380,0.551150,3.322270,218.537870,-342.682310,77389.812500,,3.528630,-341.315610
8.412000,0.280700,0.419130,2.737790,218.557920,-342.682430,77193.632810,,3.468380,-341.314510
8.414000,0.171750,0.403750,2.799320,218.577390,-342.682100,77336.023440,,3.399170,-341.313690
8.416000,0.142270,0.478090,3.506840,218.596330,-342.682560,77482.625000,1.000000,3.547850,-341.313390
8.418000,0.253780,0.589600,4.060550,218.614700,-342.682430,77341.289060,,3.410710,-341.313960
8.420000,0.357600,0.695980,4.070800,218.632830,-342.681610,77256.921880,,3.297910,-341.314910
8.422000,0.403750,0.663940,3.168460,218.651500,-342.681760,77813.796880,,3.461980,-341.315580
8.424000,0.358890,0.496030,2.419920,218.671010,-342.682460,77640.828130,1.000000,3.494020,-341.315550
8.426000,0.255070,0.475520,1.589360,218.690280,-342.682430,77404.578130,,3.437620,-341.314970
8.428000,0.203800,0.487060,2.450680,218.709300,-342.682190,77332.859380,,3.417110,-341.314510
8.430000,0.233280,0.579350,4.265630,218.728030,-342.682710,77208.398440,,3.570920,-341.314510
8.432000,0.374270,0.704960,5.670410,218.746350,-342.682400,76826.609380,1.000000,3.413270,-341.315160
8.434000,0.470400,0.799800,5.690920,218.764680,-342.681240,77348.679690,,3.253050,-341.315920
8.436000,0.513980,0.660100,4.901370,218.784060,-342.681460,77255.859380,,3.433780,-341.316190
8.438000,0.429380,0.388370,3.363280,218.804380,-342.682340,77485.789060,,3.532470,-341.315580
8.440000,0.279420,0.285830,2.655760,218.824360,-342.682400,77483.671880,1.000000,3.463260,-341.314480
8.442000,0.171750,0.283260,2.830080,218.843700,-342.682100,77243.210940,,3.404300,-341.313630
8.444000,0.144840,0.384520,3.568360,218.862430,-342.682560,77496.328130,,3.552980,-341.313350
8.446000,0.255070,0.529360,3.773440,218.880550,-342.682400,77596.531250,,3.399170,-341.313930
8.448000,0.357600,0.681880,3.937500,218.898350,-342.681610,77236.875000,1.000000,3.304320,-341.314880
8.450000,0.408870,0.687010,3.065920,218.916750,-342.681790,77424.617190,,3.461980,-341.315580
8.452000,0.360170,0.552430,2.358400,218.935940,-342.682460,77254.804690,,3.492740,-341.315490
8.454000,0.255070,0.563960,1.681640,218.954960,-342.682400,77379.265630,,3.433780,-341.314910
8.456000,0.207640,0.602420,2.768550,218.973770,-342.682190,77265.351560,1.000000,3.415830,-341.314510
8.458000,0.238400,0.720340,4.388670,218.992290,-342.682710,77240.039060,,3.572200,-341.314480
8.460000,0.376830,0.845950,5.547360,219.010540,-342.682370,77396.132810,,3.401730,-341.315090
8.462000,0.470400,0.939510,5.547360,219.028900,-342.681270,77598.640630,,3.251770,-341.315890
8.464000,0.512700,0.779300,4.634770,219.048320,-342.681490,77403.523440,1.000000,3.438900,-341.316130
8.466000,0.421690,0.508850,3.158200,219.068760,-342.682400,77562.773440,,3.526060,-341.315490
8.468000,0.274290,0.401180,2.666020,219.088780,-342.682400,77522.703130,,3.451720,-341.314390
8.470000,0.171750,0.381960,2.922360,219.108250,-342.682100,77222.109380,,3.405580,-341.313570
8.472000,0.149960,0.466550,3.599120,219.127150,-342.682590,77351.843750,1.000000,3.554260,-341.313350
8.474000,0.266600,0.578060,4.029790,219.145520,-342.682370,77366.609380,,3.385070,-341.313960
8.476000,0.364010,0.695980,3.845210,219.163540,-342.681580,77254.804690,,3.301760,-341.314910
8.478000,0.410160,0.663940,3.178710,219.182220,-342.681820,77380.312500,,3.459410,-341.315550
8.480000,0.355040,0.516540,2.399410,219.201680,-342.682500,77437.273440,1.000000,3.488890,-341.315460
8.482000,0.252500,0.510130,1.732910,219.220830,-342.682400,77433.054690,,3.427370,-341.314880
8.484000,0.208920,0.531920,2.676270,219.239820,-342.682190,77312.812500,,3.415830,-341.314450
8.486000,0.247380,0.642150,4.275880,219.258450,-342.682740,77286.453130,,3.572200,-341.314480
8.488000,0.385800,0.784420,5.424320,219.276700,-342.682340,77680.898440,1.000000,3.386350,-341.315120
8.490000,0.475520,0.884400,5.373050,219.295030,-342.681240,77166.210940,,3.251770,-341.315890
8.492000,0.513980,0.738280,4.491210,219.314420,-342.681550,77361.335940,,3.436340,-341.316100
8.494000,0.417850,0.472960,3.312010,219.334780,-342.682460,77418.289060,,3.526060,-341.315430
8.496000,0.266600,0.387080,2.655760,219.354680,-342.682400,77169.382810,1.000000,3.436340,-341.314330
8.498000,0.167910,0.392210,3.076170,219.374020,-342.682160,77209.453130,,3.406860,-341.313510
8.500000,0.153810,0.497310,3.660640,219.392750,-342.682620,77490.000000,,3.551700,-341.313320
8.500000,0.153810,0.497310,3.660640,219.392750,-342.682620,77490.000000,,3.551700,-341.313320
8.502000,0.270450,0.625490,4.193850,219.411000,-342.682370,77102.929690,,3.367130,-341.313960
8.504000,0.366580,0.754940,3.906740,219.429000,-342.681610,77553.289060,1.000000,3.306880,-341.314910
8.506000,0.411440,0.713930,3.096680,219.447680,-342.681880,77635.546880,,3.451720,-341.315580
8.508000,0.349910,0.574220,2.358400,219.467130,-342.682560,77699.890630,,3.486330,-341.315430
8.510000,0.247380,0.576780,1.702150,219.486280,-342.682430,77506.882810,,3.413270,-341.314820
8.512000,0.208920,0.596010,2.758300,219.505280,-342.682250,77694.609380,1.000000,3.415830,-341.314420
8.514000,0.249940,0.681880,4.480960,219.524000,-342.682770,77204.187500,,3.570920,-341.314480
8.516000,0.392210,0.810060,5.537110,219.542330,-342.682310,77196.796880,,3.364560,-341.315160
8.518000,0.480650,0.888240,5.373050,219.560780,-342.681270,77158.835940,,3.247920,-341.315890
8.520000,0.516540,0.706240,4.542480,219.580320,-342.681610,77474.179690,1.000000,3.433780,-341.316100
8.522000,0.412720,0.437070,3.445310,219.600750,-342.682500,77391.921880,,3.518370,-341.315370
8.524000,0.260190,0.348630,2.645510,219.620680,-342.682430,77341.289060,,3.424800,-341.314270
8.526000,0.166630,0.337100,3.158200,219.640080,-342.682190,77426.718750,,3.404300,-341.313480
8.528000,0.153810,0.439640,3.640140,219.658800,-342.682680,77523.750000,1.000000,3.549130,-341.313290
8.530000,0.275570,0.551150,3.978520,219.677080,-342.682370,77425.664060,,3.351750,-341.314000
8.532000,0.370420,0.672910,3.711910,219.695020,-342.681610,77737.851560,,3.306880,-341.314970
8.534000,0.415280,0.624210,3.127440,219.713700,-342.681920,77518.476560,,3.446590,-341.315580
8.536000,0.346070,0.497310,2.358400,219.733050,-342.682590,77184.148440,1.000000,3.481200,-341.315400
8.538000,0.246090,0.519100,1.722660,219.752080,-342.682430,77514.257810,,3.404300,-341.314790
8.540000,0.207640,0.557560,2.973630,219.770950,-342.682280,77364.500000,,3.415830,-341.314420
8.542000,0.253780,0.679320,4.665530,219.789470,-342.682800,77141.960940,,3.567080,-341.314480
8.544000,0.397340,0.824160,5.506350,219.807650,-342.682310,77333.914060,1.000000,3.347900,-341.315190
8.546000,0.480650,0.915160,5.434570,219.826000,-342.681270,77294.882810,,3.250490,-341.315890
8.548000,0.510130,0.733150,4.439940,219.845550,-342.681700,77511.093750,,3.432500,-341.316040
8.550000,0.403750,0.463990,3.435060,219.866030,-342.682560,77481.562500,,3.514530,-341.315340
8.552000,0.256350,0.383240,2.625000,219.885960,-342.682460,77634.492190,1.000000,3.408140,-341.314240
8.554000,0.165340,0.372990,3.137700,219.905430,-342.682220,77520.593750,,3.408140,-341.313450
8.556000,0.160220,0.478090,3.599120,219.924260,-342.682710,77315.984380,,3.535030,-341.313320
8.558000,0.280700,0.583190,3.896480,219.942600,-342.682370,77288.562500,,3.337650,-341.314030
8.560000,0.367860,0.698550,3.701660,219.960750,-342.681640,77424.617190,1.000000,3.308170,-341.314970
8.562000,0.406310,0.633180,2.973630,219.979570,-342.682010,76807.625000,,3.436340,-341.315550
8.564000,0.338380,0.511410,2.389160,219.999020,-342.682650,77378.210940,,3.476070,-341.315340
8.566000,0.240970,0.535770,1.937990,220.018100,-342.682460,77545.898440,,3.390200,-341.314790
8.568000,0.207640,0.569090,3.096680,220.037000,-342.682340,77185.203130,1.000000,3.415830,-341.314420
8.570000,0.258910,0.678040,4.562990,220.055560,-342.682860,77364.500000,,3.558110,-341.314510
8.572000,0.402470,0.807500,5.444820,220.073780,-342.682280,77449.929690,,3.329960,-341.315220
8.574000,0.481930,0.886960,5.198730,220.092180,-342.681300,77418.289060,,3.247920,-341.315920
8.576000,0.505000,0.708800,4.214360,220.111720,-342.681760,77559.609380,1.000000,3.429930,-341.316040
8.578000,0.394780,0.443480,3.240230,220.132100,-342.682590,77306.484380,,3.506840,-341.315250
8.580000,0.249940,0.376830,2.891600,220.151900,-342.682460,77373.992190,,3.396610,-341.314180
8.582000,0.161500,0.367860,3.301760,220.171220,-342.682280,77060.742190,,3.403020,-341.313420
8.584000,0.164060,0.487060,3.804200,220.189930,-342.682740,77321.257810,1.000000,3.532470,-341.313350
8.586000,0.288390,0.597290,4.060550,220.208130,-342.682370,77391.921880,,3.322270,-341.314090
8.588000,0.375550,0.720340,3.568360,220.226120,-342.681670,77302.273440,,3.308170,-341.315030
8.590000,0.410160,0.638310,2.932620,220.244950,-342.682070,77428.828130,,3.433780,-341.315580
8.592000,0.337100,0.502440,2.419920,220.264450,-342.682680,77593.359380,1.000000,3.469670,-341.315340
8.594000,0.238400,0.510130,1.814940,220.283600,-342.682460,77472.070310,,3.381230,-341.314760
8.596000,0.207640,0.525510,3.260740,220.302640,-342.682370,77498.445310,,3.418400,-341.314360
8.598000,0.260190,0.633180,4.624510,220.321320,-342.682860,77388.757810,,3.549130,-341.314510
8.600000,0.408870,0.749820,5.526860,220.339680,-342.682250,77194.687500,1.000000,3.310730,-341.315220
8.602000,0.488340,0.807500,5.229490,220.358230,-342.681340,77382.421880,,3.249210,-341.315920
8.604000,0.506290,0.606260,4.255370,220.377930,-342.681820,77287.507810,,3.426090,-341.316040
8.606000,0.394780,0.343510,3.373540,220.398380,-342.682650,77257.976560,,3.504270,-341.315220
8.608000,0.247380,0.299930,2.881350,220.418180,-342.682460,77176.757810,1.000000,3.382510,-341.314120
8.610000,0.158940,0.297360,3.342770,220.437450,-342.682310,77491.062500,,3.405580,-341.313390
8.612000,0.167910,0.433230,3.834960,220.456070,-342.682800,77276.953130,,3.519650,-341.313350
8.614000,0.294800,0.547300,3.855470,220.474240,-342.682370,77411.953130,,3.308170,-341.314090
8.616000,0.376830,0.681880,3.445310,220.492220,-342.681700,77573.320310,1.000000,3.304320,-341.315030
8.618000,0.411440,0.610110,2.707030,220.511000,-342.682130,77487.890630,,3.427370,-341.315550
8.620000,0.334530,0.513980,2.214840,220.530270,-342.682740,77571.218750,,3.465820,-341.315310
8.622000,0.237120,0.561400,1.753420,220.549180,-342.682460,77542.734380,,3.369690,-341.314730
8.624000,0.207640,0.606260,3.322270,220.567950,-342.682460,77207.343750,1.000000,3.418400,-341.314360
8.626000,0.265320,0.757510,4.727050,220.586350,-342.682890,77262.195310,,3.537600,-341.314510
8.628000,0.411440,0.907470,5.496090,220.604400,-342.682250,76931.015630,,3.295350,-341.315250
8.630000,0.489620,0.993350,5.280760,220.622730,-342.681370,77394.031250,,3.255620,-341.315920
8.632000,0.506290,0.803650,4.337400,220.642350,-342.681880,77135.625000,1.000000,3.427370,-341.315980
8.634000,0.394780,0.533200,3.260740,220.662750,-342.682710,77515.312500,,3.496580,-341.315160
8.636000,0.244810,0.471680,3.004390,220.682630,-342.682460,77793.750000,,3.373540,-341.314090
8.638000,0.158940,0.442200,3.322270,220.702070,-342.682340,77360.281250,,3.408140,-341.313350
8.640000,0.170470,0.543460,3.691410,220.720950,-342.682830,77366.609380,1.000000,3.508120,-341.313320
8.642000,0.299930,0.619080,3.752930,220.739400,-342.682340,77404.578130,,3.301760,-341.314090
8.644000,0.378110,0.711360,3.414550,220.757720,-342.681730,77317.039060,,3.308170,-341.315030
8.646000,0.410160,0.588320,2.645510,220.776870,-342.682190,77434.109380,,3.424800,-341.315520
8.648000,0.329410,0.467830,2.184080,220.796450,-342.682740,77226.328130,1.000000,3.464540,-341.315250
8.648000,0.329410,0.467830,2.184080,220.796450,-342.682740,77226.328130,1.000000,3.464540,-341.315250
8.650000,0.235840,0.488340,1.917480,220.815630,-342.682500,77248.476560,,3.362000,-341.314700
8.652000,0.207640,0.517820,3.517090,220.834550,-342.682460,76977.421880,,3.426090,-341.314360
8.654000,0.273010,0.651120,4.829590,220.853100,-342.682920,77283.281250,,3.529910,-341.314510
8.656000,0.417850,0.779300,5.403810,220.871310,-342.682190,77273.796880,1.000000,3.279970,-341.315280
8.658000,0.492190,0.829280,5.352540,220.889830,-342.681340,77299.101560,,3.259460,-341.315920
8.660000,0.505000,0.619080,3.937500,220.909580,-342.681880,77222.109380,,3.428650,-341.315950
8.662000,0.385800,0.360170,3.137700,220.929980,-342.682740,77651.367190,,3.492740,-341.315060
8.664000,0.239690,0.321720,2.881350,220.949720,-342.682460,77516.375000,1.000000,3.370970,-341.314000
8.666000,0.156370,0.320430,3.332520,220.968980,-342.682370,77234.773440,,3.409420,-341.313320
8.668000,0.175600,0.478090,3.752930,220.987520,-342.682860,77364.500000,,3.502990,-341.313350
8.670000,0.308900,0.604980,3.937500,221.005550,-342.682310,77287.507810,,3.296630,-341.314150
8.672000,0.383240,0.757510,3.486330,221.023420,-342.681760,76987.976560,1.000000,3.313290,-341.315060
8.674000,0.411440,0.683170,2.604490,221.042140,-342.682220,77589.140630,,3.428650,-341.315520
8.676000,0.324280,0.598570,2.132810,221.061370,-342.682770,77479.460940,,3.461980,-341.315220
8.678000,0.234560,0.639590,1.948240,221.080310,-342.682460,77215.789060,,3.362000,-341.314640
8.680000,0.207640,0.657530,3.547850,221.099150,-342.682500,77280.117190,1.000000,3.432500,-341.314330
8.682000,0.278140,0.781860,4.891110,221.117750,-342.682920,77361.335940,,3.518370,-341.314510
8.684000,0.424260,0.888240,5.496090,221.136080,-342.682130,77422.507810,,3.267150,-341.315310
8.686000,0.492190,0.911320,5.024410,221.154750,-342.681340,77558.554690,,3.265870,-341.315920
8.688000,0.497310,0.679320,3.886230,221.174730,-342.681950,77381.375000,1.000000,3.431210,-341.315890
8.690000,0.376830,0.410160,2.912110,221.195280,-342.682740,77309.648440,,3.495300,-341.315030
8.692000,0.235840,0.360170,2.819820,221.215180,-342.682460,76461.679690,,3.368410,-341.313960
8.694000,0.155090,0.335820,3.640140,221.234570,-342.682400,77254.804690,,3.419680,-341.313290
8.696000,0.180730,0.461430,3.896480,221.253300,-342.682860,77180.976560,1.000000,3.496580,-341.313390
8.698000,0.315310,0.548580,4.070800,221.271530,-342.682310,77313.867190,,3.296630,-341.314210
8.700000,0.388370,0.660100,3.363280,221.289670,-342.681700,77454.140630,,3.315860,-341.315120
8.702000,0.412720,0.540890,2.563480,221.308730,-342.682220,77722.031250,,3.435060,-341.315550
8.704000,0.320430,0.437070,2.122560,221.328170,-342.682740,77545.898440,1.000000,3.464540,-341.315190
8.706000,0.231990,0.456300,1.835450,221.347240,-342.682460,77692.500000,,3.358150,-341.314640
8.708000,0.207640,0.492190,3.558110,221.366120,-342.682500,77511.093750,,3.440190,-341.314300
8.710000,0.284550,0.635740,4.932130,221.384580,-342.682920,77131.414060,,3.515810,-341.314540
8.712000,0.429380,0.783140,5.455080,221.402620,-342.682130,77226.328130,1.000000,3.264590,-341.315340
8.714000,0.498600,0.845950,5.167970,221.421050,-342.681370,77135.625000,,3.278690,-341.315980
8.716000,0.502440,0.644710,4.060550,221.440720,-342.682010,77313.867190,,3.442750,-341.315920
8.718000,0.374270,0.421690,3.106930,221.460920,-342.682740,77472.070310,,3.497860,-341.315030
8.720000,0.233280,0.408870,2.901860,221.480450,-342.682430,77424.617190,1.000000,3.372250,-341.313960
8.722000,0.151250,0.420410,3.568360,221.499570,-342.682400,77630.273440,,3.429930,-341.313260
8.724000,0.179440,0.558840,3.855470,221.518170,-342.682830,77472.070310,,3.488890,-341.313350
8.726000,0.312740,0.644710,3.927250,221.536410,-342.682190,77333.914060,,3.291500,-341.314180
8.728000,0.384520,0.744690,3.240230,221.554600,-342.681700,77681.960940,1.000000,3.323550,-341.315090
8.730000,0.407590,0.617800,2.399410,221.573700,-342.682250,77455.203130,,3.440190,-341.315520
8.732000,0.315310,0.530640,1.979000,221.593150,-342.682740,77502.656250,,3.463260,-341.315190
8.734000,0.230710,0.553710,1.989260,221.612240,-342.682430,77468.906250,,3.362000,-341.314640
8.736000,0.207640,0.593440,3.670900,221.631120,-342.682530,77002.734380,1.000000,3.451720,-341.314330
8.738000,0.285830,0.737000,5.147460,221.649630,-342.682920,77047.031250,,3.513240,-341.314580
8.740000,0.429380,0.877990,5.578130,221.667720,-342.682040,77367.656250,,3.264590,-341.315370
8.742000,0.498600,0.904910,5.239750,221.686290,-342.681340,77233.710940,,3.288940,-341.316010
8.744000,0.494750,0.666500,3.865720,221.706210,-342.682010,77499.492190,1.000000,3.451720,-341.315890
8.744000,0.494750,0.666500,3.865720,221.706210,-342.682010,77499.492190,1.000000,3.451720,-341.315890
8.746000,0.364010,0.424260,2.994140,221.726580,-342.682710,77471.015630,,3.496580,-341.314970
8.748000,0.229430,0.396060,2.799320,221.746310,-342.682370,77594.421880,,3.372250,-341.313930
8.750000,0.152530,0.393490,3.517090,221.765520,-342.682370,77552.234380,,3.438900,-341.313290
8.750000,0.152530,0.393490,3.517090,221.765520,-342.682370,77552.234380,,3.438900,-341.313290
8.752000,0.189700,0.533200,3.660640,221.784120,-342.682830,77443.593750,1.000000,3.487610,-341.313420
8.754000,0.320430,0.630620,4.060550,221.802280,-342.682190,77280.117190,,3.292790,-341.314270
8.756000,0.387080,0.739560,3.250490,221.820400,-342.681730,77310.703130,,3.337650,-341.315160
8.758000,0.405030,0.628050,2.625000,221.839430,-342.682280,77218.945310,,3.449160,-341.315520
8.760000,0.307620,0.556270,2.081540,221.858700,-342.682740,77402.460940,1.000000,3.468380,-341.315160
8.762000,0.226870,0.598570,2.286620,221.877660,-342.682400,77122.968750,,3.365840,-341.314610
8.764000,0.208920,0.640870,3.845210,221.896450,-342.682530,77347.625000,,3.465820,-341.314330
8.766000,0.292240,0.770320,5.342290,221.914950,-342.682860,77304.382810,,3.504270,-341.314640
8.768000,0.435790,0.888240,5.588380,221.933230,-342.681950,77426.718750,1.000000,3.255620,-341.315430
8.768000,0.435790,0.888240,5.588380,221.933230,-342.681950,77426.718750,1.000000,3.255620,-341.315430
8.770000,0.505000,0.888240,5.014160,221.952000,-342.681340,77295.937500,,3.301760,-341.316040
8.772000,0.497310,0.629330,3.660640,221.972120,-342.682010,77748.406250,,3.453000,-341.315890
8.774000,0.357600,0.392210,3.076170,221.992630,-342.682710,77450.984380,,3.502990,-341.314940
8.776000,0.223020,0.351200,2.707030,222.012450,-342.682340,77353.945310,1.000000,3.373540,-341.313900
8.778000,0.148680,0.352480,3.496580,222.031750,-342.682400,77420.398440,,3.450440,-341.313260
8.780000,0.190980,0.492190,3.937500,222.050370,-342.682830,77336.023440,,3.485050,-341.313450
8.782000,0.320430,0.589600,4.204100,222.068530,-342.682130,77103.992190,,3.294070,-341.314300
8.784000,0.392210,0.685730,3.353030,222.086730,-342.681700,77505.828130,1.000000,3.347900,-341.315190
8.786000,0.408870,0.548580,2.583980,222.105820,-342.682280,77441.484380,,3.455570,-341.315580
8.788000,0.308900,0.481930,2.071290,222.125150,-342.682680,77602.851560,,3.467100,-341.315190
8.790000,0.226870,0.511410,2.132810,222.144120,-342.682370,77638.718750,,3.369690,-341.314640
8.792000,0.208920,0.565250,3.722170,222.162900,-342.682500,77286.453130,1.000000,3.476070,-341.314330
8.794000,0.299930,0.703670,5.126950,222.181300,-342.682860,77418.289060,,3.497860,-341.314640
8.796000,0.438350,0.856200,5.629390,222.199300,-342.681880,76954.226560,,3.256900,-341.315460
8.798000,0.506290,0.895940,5.198730,222.217770,-342.681340,77266.406250,,3.313290,-341.316040
8.800000,0.490910,0.690860,4.009280,222.237500,-342.682040,77480.515630,1.000000,3.467100,-341.315890
8.802000,0.351200,0.484500,3.188960,222.257630,-342.682710,77158.835940,,3.506840,-341.314910
8.804000,0.220460,0.467830,2.819820,222.277130,-342.682310,77403.523440,,3.382510,-341.313900
8.806000,0.146120,0.492190,3.670900,222.296200,-342.682370,77431.992190,,3.463260,-341.313260
8.808000,0.194820,0.628050,3.988770,222.314730,-342.682770,77251.640630,1.000000,3.481200,-341.313480
8.810000,0.321720,0.717770,4.050290,222.332900,-342.682040,77539.578130,,3.295350,-341.314360
8.812000,0.392210,0.779300,3.281250,222.351270,-342.681670,77565.945310,,3.356870,-341.315220
8.814000,0.399900,0.602420,2.450680,222.370680,-342.682250,77443.593750,,3.467100,-341.315550
8.816000,0.296080,0.512700,2.030270,222.390300,-342.682650,77626.062500,1.000000,3.467100,-341.315160
8.818000,0.223020,0.524230,1.989260,222.409530,-342.682310,77508.992190,,3.376100,-341.314640
8.820000,0.208920,0.569090,3.824710,222.428530,-342.682500,77166.210940,,3.483760,-341.314360
8.822000,0.302490,0.684450,5.311520,222.447140,-342.682830,77208.398440,,3.501710,-341.314730
8.824000,0.437070,0.806210,5.752440,222.465420,-342.681850,77070.242190,1.000000,3.259460,-341.315520
8.826000,0.501160,0.798520,5.270510,222.484220,-342.681340,77364.500000,,3.335080,-341.316100
8.828000,0.479370,0.537050,3.916990,222.504300,-342.682040,77272.742190,,3.478640,-341.315890
8.830000,0.337100,0.339660,2.912110,222.524600,-342.682650,77524.812500,,3.510680,-341.314910
8.832000,0.211490,0.312740,2.799320,222.544200,-342.682250,77595.476560,1.000000,3.383790,-341.313900
8.834000,0.147400,0.338380,3.394040,222.563290,-342.682340,77435.156250,,3.473510,-341.313350
8.836000,0.205080,0.484500,3.906740,222.581760,-342.682740,77549.062500,,3.483760,-341.313600
8.838000,0.328130,0.610110,4.111820,222.599730,-342.681950,77544.843750,,3.291500,-341.314480
8.840000,0.389650,0.716490,3.240230,222.617800,-342.681670,77309.648440,1.000000,3.376100,-341.315340
8.842000,0.388370,0.596010,2.399410,222.636800,-342.682280,77336.023440,,3.476070,-341.315580
8.844000,0.283260,0.558840,1.896970,222.655940,-342.682650,77543.796880,,3.470950,-341.315120
8.846000,0.216610,0.616520,2.173830,222.674730,-342.682310,77289.617190,,3.385070,-341.314640
8.848000,0.206360,0.690860,3.855470,222.693340,-342.682460,77167.265630,1.000000,3.500430,-341.314390
8.850000,0.311460,0.831850,5.362790,222.711620,-342.682770,77157.781250,,3.500430,-341.314790
8.852000,0.440920,0.967710,5.793460,222.729720,-342.681730,77126.140630,,3.253050,-341.315610
8.854000,0.499880,0.940800,5.147460,222.748550,-342.681270,77362.390630,,3.347900,-341.316160
8.856000,0.470400,0.651120,3.845210,222.768720,-342.682040,77596.531250,1.000000,3.479920,-341.315890
8.858000,0.326840,0.438350,2.912110,222.789170,-342.682620,77554.335940,,3.508120,-341.314880
8.860000,0.203800,0.385800,2.645510,222.808940,-342.682220,77447.820310,,3.382510,-341.313900
8.862000,0.140990,0.398620,3.301760,222.828250,-342.682370,77289.617190,,3.479920,-341.313390
8.864000,0.206360,0.512700,3.916990,222.846920,-342.682710,77401.406250,1.000000,3.485050,-341.313660
8.866000,0.328130,0.602420,4.132320,222.865170,-342.681920,77227.390630,,3.287660,-341.314540
8.868000,0.388370,0.663940,3.342770,222.883500,-342.681670,77139.851560,,3.387630,-341.315370
8.870000,0.385800,0.508850,2.501950,222.902770,-342.682280,77426.718750,,3.476070,-341.315640
8.872000,0.280700,0.453740,1.999510,222.922180,-342.682590,77225.273440,1.000000,3.464540,-341.315190
8.874000,0.211490,0.458860,2.050780,222.941250,-342.682280,77407.734380,,3.386350,-341.314640
8.876000,0.202510,0.522950,3.947750,222.960070,-342.682500,77563.828130,,3.505550,-341.314420
8.878000,0.314030,0.652400,5.342290,222.978500,-342.682740,77357.109380,,3.491460,-341.314880
8.880000,0.444760,0.792110,5.711430,222.996630,-342.681670,77357.109380,1.000000,3.251770,-341.315700
8.882000,0.499880,0.776730,5.014160,223.015400,-342.681300,77556.453130,,3.358150,-341.316220
8.884000,0.469120,0.526790,3.773440,223.035370,-342.682100,77400.351560,,3.486330,-341.315950
8.886000,0.321720,0.371700,2.727540,223.055450,-342.682620,77466.804690,,3.504270,-341.314910
8.888000,0.196110,0.385800,2.655760,223.074750,-342.682220,77208.398440,1.000000,3.382510,-341.313900
8.890000,0.132020,0.456300,3.229980,223.093600,-342.682400,77190.468750,,3.486330,-341.313390
8.892000,0.205080,0.616520,4.009280,223.111800,-342.682680,76909.921880,,3.479920,-341.313690
8.894000,0.324280,0.751100,4.234860,223.129730,-342.681850,77233.710940,,3.279970,-341.314610
8.896000,0.383240,0.822880,3.353030,223.147900,-342.681700,77468.906250,1.000000,3.396610,-341.315430
8.898000,0.378110,0.666500,2.553220,223.167130,-342.682310,77582.820310,,3.478640,-341.315640
8.900000,0.273010,0.617800,1.855960,223.186480,-342.682590,77419.343750,,3.458130,-341.315190
8.902000,0.206360,0.630620,1.958500,223.205520,-342.682250,77332.859380,,3.387630,-341.314670
8.904000,0.199950,0.699830,3.886230,223.224380,-342.682530,77467.859380,1.000000,3.509400,-341.314510
8.906000,0.315310,0.819030,5.055180,223.242840,-342.682740,77218.945310,,3.485050,-341.314910
8.908000,0.439640,0.945920,5.701170,223.261120,-342.681640,77019.609380,,3.251770,-341.315730
8.910000,0.494750,0.899780,5.167970,223.280120,-342.681340,77111.375000,,3.369690,-341.316250
8.912000,0.458860,0.597290,3.958010,223.300430,-342.682160,77021.718750,1.000000,3.491460,-341.315950
8.914000,0.310180,0.405030,2.953130,223.320830,-342.682620,77483.671880,,3.500430,-341.314910
8.916000,0.188420,0.358890,2.871090,223.340500,-342.682190,77453.085940,,3.379940,-341.313930
8.918000,0.130740,0.385800,3.404300,223.359700,-342.682430,77442.539060,,3.490170,-341.313420
8.920000,0.212770,0.501160,3.855470,223.378250,-342.682650,77328.632810,1.000000,3.474790,-341.313810
8.922000,0.329410,0.608830,3.978520,223.396380,-342.681820,77522.703130,,3.274840,-341.314730
8.924000,0.387080,0.665220,3.353030,223.414700,-342.681700,77629.226560,,3.405580,-341.315550
8.926000,0.376830,0.524230,2.337890,223.433900,-342.682310,77390.867190,,3.479920,-341.315730
8.928000,0.265320,0.510130,1.773930,223.453050,-342.682590,77429.882810,1.000000,3.455570,-341.315190
8.930000,0.205080,0.553710,1.958500,223.471850,-342.682250,77305.437500,,3.388920,-341.314700
8.932000,0.199950,0.652400,3.968260,223.490450,-342.682560,77119.804690,,3.517090,-341.314510
8.934000,0.324280,0.794680,5.321780,223.508680,-342.682680,77072.343750,,3.479920,-341.315000
8.936000,0.446040,0.936950,5.701170,223.526720,-342.681580,77299.101560,1.000000,3.246640,-341.315830
8.938000,0.503720,0.897220,5.219240,223.545620,-342.681340,77274.851560,,3.379940,-341.316310
8.940000,0.460140,0.607540,3.763180,223.565830,-342.682190,77481.562500,,3.492740,-341.315980
8.942000,0.302490,0.433230,2.758300,223.586150,-342.682590,77482.625000,,3.501710,-341.314880
8.944000,0.182010,0.392210,2.737790,223.605800,-342.682190,77347.625000,1.000000,3.377380,-341.313900
8.946000,0.124330,0.433230,3.168460,223.624970,-342.682460,77391.921880,,3.499150,-341.313420
8.948000,0.211490,0.549870,3.793950,223.643490,-342.682620,77564.890630,,3.468380,-341.313810
8.950000,0.328130,0.665220,3.978520,223.661680,-342.681790,77205.242190,,3.276120,-341.314760
8.952000,0.388370,0.704960,3.301760,223.680070,-342.681700,77381.375000,1.000000,3.419680,-341.315580
8.954000,0.372990,0.544740,2.532710,223.699400,-342.682310,77296.992190,,3.481200,-341.315730
8.956000,0.258910,0.512700,1.845700,223.718700,-342.682590,77267.460940,,3.451720,-341.315220
8.958000,0.201230,0.531920,2.143070,223.737630,-342.682220,77339.187500,,3.395320,-341.314730
8.960000,0.199950,0.593440,4.050290,223.756420,-342.682590,77255.859380,1.000000,3.524780,-341.314540
8.962000,0.328130,0.719060,5.342290,223.774780,-342.682650,77210.507810,,3.469670,-341.315060
8.964000,0.444760,0.845950,5.885740,223.792950,-342.681520,77392.976560,,3.247920,-341.315890
8.966000,0.501160,0.788270,5.116700,223.811900,-342.681340,77582.820310,,3.388920,-341.316350
8.968000,0.452450,0.519100,3.691410,223.832000,-342.682190,77720.984380,1.000000,3.501710,-341.315920
8.970000,0.296080,0.374270,2.727540,223.852080,-342.682590,77391.921880,,3.496580,-341.314880
8.972000,0.180730,0.366580,2.625000,223.871430,-342.682160,77411.953130,,3.381230,-341.313900
8.974000,0.124330,0.438350,3.281250,223.890300,-342.682460,77375.046880,,3.506840,-341.313450
8.976000,0.214050,0.580630,3.855470,223.908520,-342.682590,77121.914060,1.000000,3.460690,-341.313840
8.978000,0.329410,0.713930,4.183590,223.926420,-342.681760,77319.140630,,3.276120,-341.314790
8.980000,0.388370,0.757510,3.465820,223.944720,-342.681730,77661.914060,,3.427370,-341.315610
8.982000,0.366580,0.594730,2.625000,223.964050,-342.682340,77486.835940,,3.481200,-341.315730
8.984000,0.253780,0.566530,1.753420,223.983320,-342.682560,77483.671880,1.000000,3.445310,-341.315190
8.986000,0.197390,0.578060,2.163570,224.002350,-342.682190,77448.875000,,3.396610,-341.314730
8.988000,0.202510,0.656250,3.855470,224.021190,-342.682590,77401.406250,,3.529910,-341.314610
8.990000,0.331970,0.769040,5.044920,224.039670,-342.682620,77428.828130,,3.463260,-341.315090
8.992000,0.446040,0.884400,5.506350,224.058000,-342.681490,77514.257810,1.000000,3.247920,-341.315920
8.994000,0.498600,0.799800,5.137210,224.077180,-342.681370,77325.468750,,3.404300,-341.316350
8.996000,0.443480,0.516540,3.650390,224.097470,-342.682220,77153.554690,,3.504270,-341.315890
8.998000,0.289670,0.365300,2.850590,224.117720,-342.682560,77127.195310,,3.492740,-341.314820
9.000000,0.173030,0.338380,2.819820,224.137270,-342.682130,77348.679690,1.000000,3.382510,-341.313870
9.000000,0.173030,0.338380,2.819820,224.137270,-342.682130,77348.679690,1.000000,3.382510,-341.313870
9.002000,0.126890,0.402470,3.547850,224.156300,-342.682460,77330.750000,,3.514530,-341.313480
9.004000,0.225590,0.531920,3.947750,224.174680,-342.682560,77304.382810,,3.453000,-341.313960
9.006000,0.338380,0.660100,4.111820,224.192670,-342.681730,77560.664060,,3.276120,-341.314910
9.008000,0.392210,0.702390,3.342770,224.210970,-342.681730,77609.187500,1.000000,3.437620,-341.315640
9.010000,0.364010,0.566530,2.635250,224.230150,-342.682370,77488.945310,,3.486330,-341.315730
9.012000,0.251220,0.566530,1.732910,224.249220,-342.682530,77816.953130,,3.445310,-341.315190
9.014000,0.196110,0.615230,2.245610,224.267970,-342.682190,77385.585940,,3.401730,-341.314700
9.016000,0.206360,0.713930,4.019530,224.286530,-342.682620,77172.539060,1.000000,3.540160,-341.314610
9.018000,0.343510,0.866460,5.383300,224.304660,-342.682590,77195.742190,,3.454280,-341.315160
9.020000,0.455020,1.007450,5.896000,224.322690,-342.681430,77414.062500,,3.245360,-341.315980
9.022000,0.507570,0.927980,5.167970,224.341720,-342.681340,77062.851560,,3.409420,-341.316380
9.024000,0.442200,0.638310,3.609380,224.362000,-342.682250,77395.078130,1.000000,3.510680,-341.315890
9.026000,0.284550,0.474240,2.881350,224.382200,-342.682530,77396.132810,,3.488890,-341.314790
9.028000,0.169190,0.443480,2.850590,224.401780,-342.682130,77508.992190,,3.383790,-341.313810
9.030000,0.124330,0.487060,3.373540,224.420900,-342.682500,77220.007810,,3.520940,-341.313450
9.032000,0.228150,0.585750,3.681150,224.439450,-342.682500,77584.921880,1.000000,3.446590,-341.313930
9.034000,0.340940,0.681880,3.916990,224.457670,-342.681700,77476.296880,,3.273560,-341.314910
9.036000,0.392210,0.680600,3.250490,224.476270,-342.681730,77376.101560,,3.445310,-341.315640
9.038000,0.362730,0.516540,2.655760,224.495740,-342.682400,77300.156250,,3.485050,-341.315730
9.040000,0.251220,0.487060,1.968750,224.515110,-342.682500,77556.453130,1.000000,3.440190,-341.315160
9.042000,0.196110,0.496030,2.471190,224.534150,-342.682190,77130.351560,,3.403020,-341.314670
9.044000,0.208920,0.572940,4.111820,224.552950,-342.682650,77296.992190,,3.544010,-341.314610
9.046000,0.347350,0.688290,5.813960,224.571350,-342.682560,77268.515630,,3.446590,-341.315160
9.048000,0.457580,0.799800,5.526860,224.589630,-342.681400,77121.914060,1.000000,3.246640,-341.315980
9.050000,0.506290,0.707520,4.932130,224.608780,-342.681400,77479.460940,,3.418400,-341.316350
9.052000,0.437070,0.447330,3.629880,224.628950,-342.682280,77659.812500,,3.515810,-341.315830
9.054000,0.284550,0.330690,2.850590,224.648960,-342.682460,77418.289060,,3.481200,-341.314730
9.056000,0.167910,0.331970,3.045410,224.668230,-342.682100,77460.468750,1.000000,3.388920,-341.313810
9.058000,0.128170,0.429380,3.476070,224.686980,-342.682530,77334.960940,,3.529910,-341.313420
9.060000,0.235840,0.583190,3.978520,224.705080,-342.682460,77383.476560,,3.433780,-341.313960
9.062000,0.344790,0.735720,3.896480,224.722850,-342.681640,77032.265630,,3.283810,-341.314910
9.064000,0.394780,0.767760,3.240230,224.741120,-342.681760,77210.507810,1.000000,3.450440,-341.315610
9.066000,0.357600,0.630620,2.696780,224.760330,-342.682430,77420.398440,,3.487610,-341.315640
9.068000,0.249940,0.635740,1.917480,224.779370,-342.682460,77407.734380,,3.440190,-341.315090
9.070000,0.198670,0.672910,2.430180,224.798170,-342.682190,77314.921880,,3.404300,-341.314640
9.072000,0.216610,0.769040,4.204100,224.816820,-342.682650,77416.171880,1.000000,3.552980,-341.314580
9.074000,0.355040,0.895940,5.229490,224.835100,-342.682500,77187.312500,,3.435060,-341.315160
9.076000,0.461430,1.003600,5.537110,224.853380,-342.681340,77390.867190,,3.244080,-341.315980
9.078000,0.508850,0.875430,4.716800,224.872680,-342.681400,77513.210940,,3.424800,-341.316310
9.080000,0.433230,0.574220,3.640140,224.893140,-342.682310,77303.328130,1.000000,3.520940,-341.315730
9.082000,0.276860,0.417850,2.840330,224.913420,-342.682460,77430.937500,,3.474790,-341.314640
9.084000,0.164060,0.366580,3.024900,224.933150,-342.682100,77356.054690,,3.390200,-341.313720
9.086000,0.133300,0.401180,3.547850,224.952350,-342.682530,77199.968750,,3.537600,-341.313420
9.088000,0.243530,0.497310,3.937500,224.970930,-342.682460,77159.890630,1.000000,3.423520,-341.313960
9.090000,0.349910,0.601140,3.947750,224.989110,-342.681610,77426.718750,,3.285100,-341.314910
9.092000,0.399900,0.597290,3.291500,225.007710,-342.681760,77309.648440,,3.458130,-341.315640
9.094000,0.360170,0.455020,2.573730,225.027070,-342.682460,77513.210940,,3.490170,-341.315640
9.096000,0.252500,0.461430,1.958500,225.046170,-342.682460,77697.781250,1.000000,3.437620,-341.315060
9.098000,0.199950,0.503720,2.512210,225.064960,-342.682190,77415.117190,,3.411990,-341.314640
9.100000,0.223020,0.620360,4.224610,225.083450,-342.682680,77383.476560,,3.560670,-341.314580
9.102000,0.361450,0.772890,5.096190,225.101550,-342.682460,77281.179690,,3.423520,-341.315160
9.104000,0.461430,0.894650,5.362790,225.119640,-342.681300,77307.539060,1.000000,3.249210,-341.315950
9.106000,0.506290,0.781860,4.624510,225.138820,-342.681430,77236.875000,,3.428650,-341.316250
9.108000,0.425540,0.511410,3.455570,225.159070,-342.682310,77005.898440,,3.528630,-341.315640
9.110000,0.274290,0.401180,2.891600,225.179050,-342.682460,77302.273440,,3.468380,-341.314580
9.112000,0.167910,0.396060,3.117190,225.198460,-342.682100,77027.000000,1.000000,3.396610,-341.313690
9.114000,0.137150,0.480650,3.527340,225.217300,-342.682560,77304.382810,,3.547850,-341.313420
9.116000,0.248660,0.606260,3.916990,225.235600,-342.682430,77428.828130,,3.411990,-341.313960
9.118000,0.353760,0.728030,3.916990,225.253630,-342.681610,77468.906250,,3.295350,-341.314940
9.120000,0.401180,0.717770,3.004390,225.272170,-342.681760,77417.226560,1.000000,3.460690,-341.315610
9.122000,0.353760,0.570370,2.471190,225.291550,-342.682460,77739.968750,,3.490170,-341.315580
9.124000,0.249940,0.569090,1.937990,225.310730,-342.682430,77431.992190,,3.435060,-341.315030
9.126000,0.199950,0.576780,2.583980,225.329700,-342.682190,77290.671880,,3.410710,-341.314580
9.128000,0.228150,0.669070,4.316890,225.348400,-342.682710,77208.398440,1.000000,3.565800,-341.314540
9.130000,0.369140,0.797240,5.567870,225.366730,-342.682430,77168.320310,,3.410710,-341.315190
9.132000,0.469120,0.893370,5.506350,225.385030,-342.681270,77039.656250,,3.250490,-341.315980
9.134000,0.515260,0.744690,4.501460,225.404340,-342.681490,77304.382810,,3.435060,-341.316250
9.136000,0.422970,0.472960,3.476070,225.424730,-342.682370,77651.367190,1.000000,3.527340,-341.315610
9.138000,0.270450,0.355040,2.912110,225.444750,-342.682430,77522.703130,,3.458130,-341.314510
9.140000,0.165340,0.338380,3.024900,225.464160,-342.682100,77199.968750,,3.404300,-341.313630
9.142000,0.140990,0.419130,3.414550,225.483030,-342.682560,77447.820310,,3.545290,-341.313390
9.144000,0.255070,0.542180,3.988770,225.501280,-342.682400,77382.421880,1.000000,3.396610,-341.313960
9.146000,0.358890,0.669070,3.619630,225.519230,-342.681580,77319.140630,,3.299190,-341.314940
9.148000,0.406310,0.657530,2.953130,225.537750,-342.681790,77544.843750,,3.455570,-341.315610
9.150000,0.355040,0.528080,2.307130,225.557070,-342.682500,77455.203130,,3.490170,-341.315550
9.152000,0.249940,0.542180,1.948240,225.576130,-342.682430,77071.296880,1.000000,3.427370,-341.314940
9.154000,0.203800,0.579350,2.778810,225.594970,-342.682190,77261.132810,,3.413270,-341.314510
9.156000,0.235840,0.692140,4.388670,225.613530,-342.682740,77229.500000,,3.569640,-341.314510
9.158000,0.376830,0.836980,5.485840,225.631730,-342.682370,77341.289060,,3.397890,-341.315190
9.160000,0.471680,0.947200,5.301270,225.649950,-342.681240,77174.656250,1.000000,3.249210,-341.315950
9.162000,0.512700,0.798520,4.316890,225.669330,-342.681490,77822.226560,,3.433780,-341.316160
9.164000,0.419130,0.511410,3.537600,225.689740,-342.682400,77590.195310,,3.524780,-341.315520
9.166000,0.267880,0.393490,2.830080,225.709820,-342.682430,77600.742190,,3.445310,-341.314420
9.168000,0.167910,0.370420,3.168460,225.729370,-342.682130,77391.921880,1.000000,3.401730,-341.313600
9.170000,0.147400,0.452450,3.681150,225.748320,-342.682590,77498.445310,,3.547850,-341.313350
9.172000,0.264040,0.560120,3.988770,225.766750,-342.682400,77037.546880,,3.382510,-341.314000
9.174000,0.364010,0.672910,3.619630,225.784850,-342.681610,77189.421880,,3.303040,-341.314970
9.176000,0.410160,0.646000,2.881350,225.803500,-342.681850,77149.335940,1.000000,3.455570,-341.315610
9.178000,0.353760,0.524230,2.409670,225.822850,-342.682560,77345.515630,,3.490170,-341.315490
9.180000,0.247380,0.549870,1.937990,225.841800,-342.682430,77291.718750,,3.422240,-341.314910
9.182000,0.203800,0.581910,2.922360,225.860600,-342.682220,77550.125000,,3.415830,-341.314510
9.182000,0.203800,0.581910,2.922360,225.860600,-342.682220,77550.125000,,3.415830,-341.314510
9.184000,0.240970,0.704960,4.562990,225.879040,-342.682740,77240.039060,1.000000,3.569640,-341.314510
9.186000,0.384520,0.853640,5.414060,225.897130,-342.682310,77376.101560,,3.378660,-341.315190
9.188000,0.478090,0.958740,5.219240,225.915270,-342.681210,77353.945310,,3.245360,-341.315950
9.190000,0.516540,0.801090,4.142580,225.934630,-342.681550,77330.750000,,3.431210,-341.316160
9.192000,0.415280,0.521670,3.250490,225.955000,-342.682460,77302.273440,1.000000,3.520940,-341.315460
9.194000,0.262760,0.414000,2.932620,225.974950,-342.682430,77242.156250,,3.433780,-341.314360
9.196000,0.162780,0.393490,3.271000,225.994430,-342.682160,77225.273440,,3.399170,-341.313540
9.198000,0.146120,0.480650,3.824710,226.013240,-342.682650,77288.562500,,3.550420,-341.313320
9.200000,0.265320,0.593440,3.937500,226.031570,-342.682400,77288.562500,1.000000,3.364560,-341.313960
9.202000,0.365300,0.719060,3.599120,226.049610,-342.681610,77473.125000,,3.305600,-341.314940
9.204000,0.411440,0.665220,2.727540,226.068340,-342.681880,77507.937500,,3.447880,-341.315610
9.206000,0.351200,0.522950,2.214840,226.087800,-342.682590,77343.398440,,3.482480,-341.315460
9.208000,0.244810,0.524230,1.845700,226.106980,-342.682430,77698.835940,1.000000,3.410710,-341.314880
9.210000,0.205080,0.538330,3.076170,226.126010,-342.682250,77411.953130,,3.411990,-341.314480
9.212000,0.247380,0.628050,4.388670,226.144700,-342.682770,77213.679690,,3.565800,-341.314510
9.214000,0.389650,0.739560,5.598630,226.163100,-342.682310,77312.812500,,3.360720,-341.315190
9.216000,0.476810,0.813900,5.188480,226.181580,-342.681270,77203.125000,1.000000,3.244080,-341.315920
9.218000,0.510130,0.639590,4.275880,226.201100,-342.681610,77276.953130,,3.431210,-341.316130
9.220000,0.410160,0.378110,3.158200,226.221500,-342.682530,77433.054690,,3.513240,-341.315400
9.222000,0.257630,0.299930,2.922360,226.241320,-342.682460,77209.453130,,3.418400,-341.314300
9.224000,0.162780,0.303770,3.260740,226.260600,-342.682190,77428.828130,1.000000,3.401730,-341.313510
9.226000,0.152530,0.417850,3.804200,226.279220,-342.682680,77287.507810,,3.542720,-341.313320
9.228000,0.271730,0.557560,4.101560,226.297300,-342.682370,77518.476560,,3.345340,-341.314030
9.230000,0.367860,0.707520,3.609380,226.315090,-342.681610,77491.062500,,3.304320,-341.315000
9.232000,0.414000,0.665220,2.635250,226.333680,-342.681950,77589.140630,1.000000,3.437620,-341.315610
9.234000,0.347350,0.544740,2.317380,226.352920,-342.682620,77404.578130,,3.476070,-341.315460
9.236000,0.243530,0.574220,1.763670,226.371870,-342.682460,77468.906250,,3.396610,-341.314850
9.238000,0.205080,0.616520,3.188960,226.390660,-342.682310,77145.117190,,3.410710,-341.314450
9.240000,0.251220,0.749820,4.727050,226.409060,-342.682830,77283.281250,1.000000,3.560670,-341.314510
9.240000,0.251220,0.749820,4.727050,226.409060,-342.682830,77283.281250,1.000000,3.560670,-341.314510
9.242000,0.393490,0.895940,5.752440,226.427150,-342.682310,77233.710940,,3.342770,-341.315190
9.244000,0.478090,0.988220,5.208980,226.445400,-342.681300,77253.750000,,3.245360,-341.315920
9.246000,0.507570,0.807500,4.142580,226.464900,-342.681700,77495.281250,,3.428650,-341.316070
9.248000,0.401180,0.525510,3.096680,226.485320,-342.682590,77570.156250,1.000000,3.508120,-341.315340
9.250000,0.253780,0.430660,2.748050,226.505250,-342.682460,77370.820310,,3.401730,-341.314240
9.250000,0.253780,0.430660,2.748050,226.505250,-342.682460,77370.820310,,3.401730,-341.314240
9.252000,0.161500,0.396060,3.240230,226.524780,-342.682250,77782.148440,,3.399170,-341.313480
9.254000,0.157650,0.475520,3.886230,226.543730,-342.682740,77311.757810,,3.533750,-341.313350
9.256000,0.279420,0.558840,4.142580,226.562190,-342.682400,77024.890630,1.000000,3.331240,-341.314060
9.258000,0.371700,0.662660,3.496580,226.580430,-342.681670,77348.679690,,3.303040,-341.315030
9.260000,0.410160,0.584470,2.696780,226.599320,-342.682040,77306.484380,,3.433780,-341.315610
9.262000,0.339660,0.460140,2.194340,226.618850,-342.682680,77182.031250,,3.473510,-341.315400
9.264000,0.240970,0.474240,1.835450,226.637950,-342.682460,77437.273440,1.000000,3.388920,-341.314820
9.266000,0.205080,0.505000,3.435060,226.656850,-342.682340,77363.445310,,3.414550,-341.314420
9.268000,0.256350,0.637020,4.932130,226.675320,-342.682860,77429.882810,,3.554260,-341.314510
9.270000,0.403750,0.781860,5.629390,226.693420,-342.682280,77375.046880,,3.328670,-341.315250
9.272000,0.485780,0.867740,5.106450,226.711730,-342.681300,77583.875000,1.000000,3.242800,-341.315950
9.274000,0.508850,0.688290,4.019530,226.731230,-342.681760,77369.773440,,3.424800,-341.316070
9.276000,0.398620,0.428100,3.065920,226.751570,-342.682620,77176.757810,,3.506840,-341.315280
9.278000,0.249940,0.370420,2.717290,226.771330,-342.682460,77386.640630,,3.390200,-341.314180
9.280000,0.157650,0.369140,3.404300,226.790600,-342.682280,77453.085940,1.000000,3.397890,-341.313420
9.282000,0.157650,0.493470,4.029790,226.809250,-342.682740,77071.296880,,3.528630,-341.313320
9.284000,0.284550,0.612670,4.142580,226.827380,-342.682400,77366.609380,,3.319700,-341.314060
9.286000,0.374270,0.762630,3.660640,226.845250,-342.681700,77441.484380,,3.303040,-341.315030
9.288000,0.412720,0.706240,2.696780,226.863950,-342.682070,77309.648440,1.000000,3.428650,-341.315610
9.290000,0.337100,0.593440,2.143070,226.883260,-342.682740,77607.070310,,3.469670,-341.315370
9.292000,0.238400,0.608830,1.896970,226.902250,-342.682460,77634.492190,,3.376100,-341.314790
9.294000,0.206360,0.626770,3.322270,226.921140,-342.682400,77337.070310,,3.415830,-341.314390
9.296000,0.260190,0.733150,4.860350,226.939740,-342.682860,77524.812500,1.000000,3.540160,-341.314510
9.298000,0.406310,0.843380,5.639650,226.958100,-342.682280,77273.796880,,3.308170,-341.315250
9.300000,0.485780,0.886960,5.270510,226.976670,-342.681340,77423.554690,,3.246640,-341.315950
9.302000,0.505000,0.665220,4.040040,226.996480,-342.681820,77143.015630,,3.423520,-341.316040
9.304000,0.393490,0.384520,3.035160,227.017030,-342.682680,77274.851560,1.000000,3.501710,-341.315220
9.306000,0.246090,0.316590,2.932620,227.036900,-342.682460,77390.867190,,3.378660,-341.314120
9.308000,0.156370,0.302490,3.558110,227.056270,-342.682310,77292.781250,,3.404300,-341.313390
9.310000,0.162780,0.411440,4.163090,227.074980,-342.682800,77272.742190,,3.515810,-341.313320
9.312000,0.290950,0.515260,4.327150,227.093170,-342.682370,77683.015630,1.000000,3.309450,-341.314090
9.314000,0.378110,0.643430,3.537600,227.111150,-342.681700,77540.632810,,3.301760,-341.315060
9.316000,0.411440,0.563960,2.583980,227.129940,-342.682130,77494.226560,,3.423520,-341.315610
9.318000,0.333250,0.458860,1.958500,227.149310,-342.682740,77672.468750,,3.465820,-341.315340
9.320000,0.235840,0.488340,1.702150,227.168300,-342.682460,77274.851560,1.000000,3.364560,-341.314760
9.322000,0.206360,0.517820,3.281250,227.187150,-342.682460,77061.796880,,3.415830,-341.314360
9.324000,0.266600,0.649840,5.055180,227.205640,-342.682890,77232.664060,,3.536320,-341.314510
9.326000,0.411440,0.784420,5.875490,227.223800,-342.682280,77108.203130,,3.297910,-341.315280
9.328000,0.488340,0.861330,5.403810,227.242160,-342.681370,77162.000000,1.000000,3.256900,-341.315920
9.330000,0.499880,0.685730,4.111820,227.261700,-342.681880,77366.609380,,3.429930,-341.315980
9.332000,0.387080,0.429380,3.106930,227.282030,-342.682710,77521.648440,,3.494020,-341.315160
9.334000,0.242250,0.381960,2.717290,227.301730,-342.682460,77466.804690,,3.373540,-341.314090
9.336000,0.155090,0.376830,3.445310,227.320970,-342.682340,77515.312500,1.000000,3.404300,-341.313350
9.338000,0.167910,0.506290,3.958010,227.339630,-342.682800,77645.046880,,3.500430,-341.313350
9.340000,0.298650,0.602420,4.142580,227.357880,-342.682340,77469.960940,,3.300480,-341.314120
9.342000,0.376830,0.711360,3.373540,227.376010,-342.681730,77433.054690,,3.304320,-341.315060
9.344000,0.406310,0.617800,2.542970,227.394940,-342.682190,77411.953130,1.000000,3.422240,-341.315550
9.346000,0.325560,0.507570,1.968750,227.414370,-342.682770,77557.500000,,3.460690,-341.315280
9.348000,0.233280,0.538330,1.743160,227.433400,-342.682500,77179.921880,,3.358150,-341.314730
9.350000,0.205080,0.571660,3.353030,227.452220,-342.682460,77309.648440,,3.423520,-341.314360
9.352000,0.269170,0.706240,5.137210,227.470700,-342.682920,76966.882810,1.000000,3.526060,-341.314540
9.354000,0.416560,0.834410,5.752440,227.488830,-342.682220,77192.585940,,3.283810,-341.315340
9.356000,0.492190,0.892090,5.301270,227.507250,-342.681340,77365.546880,,3.260740,-341.315980
9.358000,0.499880,0.676760,3.988770,227.526980,-342.681880,77373.992190,,3.428650,-341.315980
9.360000,0.381960,0.407590,2.912110,227.547390,-342.682740,77389.812500,1.000000,3.492740,-341.315090
9.362000,0.235840,0.353760,2.512210,227.567230,-342.682460,77712.546880,,3.367130,-341.314030
9.364000,0.153810,0.326840,3.332520,227.586590,-342.682370,77210.507810,,3.408140,-341.313320
9.366000,0.171750,0.443480,3.927250,227.605330,-342.682830,77330.750000,,3.497860,-341.313350
9.368000,0.305050,0.540890,4.286130,227.623550,-342.682340,77178.867190,1.000000,3.297910,-341.314150
9.370000,0.379390,0.666500,3.537600,227.641630,-342.681760,77359.226560,,3.312010,-341.315060
9.372000,0.410160,0.567810,2.696780,227.660570,-342.682220,77191.523440,,3.426090,-341.315580
9.374000,0.323000,0.476810,1.979000,227.679900,-342.682770,77395.078130,,3.464540,-341.315280
9.376000,0.230710,0.522950,1.876460,227.698820,-342.682460,77441.484380,1.000000,3.355590,-341.314670
9.378000,0.203800,0.560120,3.486330,227.717620,-342.682500,77443.593750,,3.433780,-341.314360
9.380000,0.275570,0.695980,4.870610,227.736100,-342.682920,77137.734380,,3.520940,-341.314540
9.382000,0.422970,0.810060,5.567870,227.754320,-342.682190,77558.554690,,3.272280,-341.315340
9.384000,0.493470,0.845950,5.393550,227.772920,-342.681340,77314.921880,1.000000,3.267150,-341.315980
9.386000,0.499880,0.612670,3.906740,227.792800,-342.681950,77320.203130,,3.431210,-341.315980
9.388000,0.376830,0.355040,2.994140,227.813290,-342.682740,77404.578130,,3.492740,-341.315060
9.390000,0.233280,0.319150,2.625000,227.833100,-342.682460,77364.500000,,3.364560,-341.314000
9.392000,0.148680,0.302490,3.424800,227.852450,-342.682370,77072.343750,1.000000,3.414550,-341.313290
9.394000,0.175600,0.434510,3.865720,227.871090,-342.682860,77329.687500,,3.495300,-341.313350
9.396000,0.307620,0.539610,4.245120,227.889250,-342.682310,77383.476560,,3.292790,-341.314180
9.398000,0.384520,0.672910,3.465820,227.907230,-342.681730,77438.320310,,3.314580,-341.315120
9.400000,0.412720,0.554990,2.645510,227.926150,-342.682250,77453.085940,1.000000,3.431210,-341.315610
9.402000,0.323000,0.474240,1.886720,227.945480,-342.682770,77446.757810,,3.461980,-341.315250
9.404000,0.231990,0.506290,1.773930,227.964400,-342.682460,77399.296880,,3.355590,-341.314670
9.406000,0.206360,0.553710,3.312010,227.983150,-342.682500,77306.484380,,3.441470,-341.314360
9.408000,0.279420,0.703670,4.993650,228.001500,-342.682920,77267.460940,1.000000,3.511960,-341.314580
9.410000,0.425540,0.843380,5.680660,228.019500,-342.682130,77202.078130,,3.267150,-341.315340
9.412000,0.494750,0.885680,5.434570,228.037950,-342.681340,76998.515630,,3.276120,-341.315980
9.414000,0.498600,0.667790,3.999020,228.057720,-342.681980,77337.070310,,3.438900,-341.315920
9.416000,0.370420,0.419130,2.963380,228.078020,-342.682740,77464.695310,1.000000,3.492740,-341.315030
9.418000,0.230710,0.389650,2.758300,228.097700,-342.682430,77317.039060,,3.367130,-341.313960
9.420000,0.149960,0.384520,3.301760,228.116900,-342.682370,77348.679690,,3.426090,-341.313260
9.422000,0.178160,0.520390,3.824710,228.135500,-342.682830,77535.359380,,3.487610,-341.313350
9.424000,0.311460,0.611390,4.357910,228.153700,-342.682220,77394.031250,1.000000,3.288940,-341.314210
9.426000,0.383240,0.711360,3.353030,228.171910,-342.681730,77428.828130,,3.322270,-341.315090
9.428000,0.407590,0.578060,2.594240,228.191060,-342.682250,77592.304690,,3.437620,-341.315550
9.430000,0.314030,0.487060,1.907230,228.210530,-342.682740,77395.078130,,3.461980,-341.315220
9.432000,0.228150,0.515260,1.784180,228.229600,-342.682460,77419.343750,1.000000,3.356870,-341.314640
9.434000,0.207640,0.548580,3.599120,228.248520,-342.682530,77251.640630,,3.450440,-341.314360
9.436000,0.284550,0.676760,5.198730,228.267070,-342.682920,77054.421880,,3.510680,-341.314610
9.438000,0.429380,0.798520,5.762700,228.285280,-342.682040,77208.398440,,3.260740,-341.315400
9.440000,0.497310,0.826720,5.311520,228.303920,-342.681340,77310.703130,1.000000,3.288940,-341.316010
9.442000,0.494750,0.588320,3.937500,228.323820,-342.682010,77881.289060,,3.446590,-341.315890
9.444000,0.361450,0.349910,2.850590,228.344190,-342.682740,77364.500000,,3.495300,-341.314970
9.446000,0.225590,0.328130,2.460940,228.363910,-342.682370,77233.710940,,3.369690,-341.313930
9.448000,0.147400,0.333250,3.199220,228.383070,-342.682370,77522.703130,1.000000,3.435060,-341.313260
9.450000,0.184570,0.479370,3.763180,228.401600,-342.682830,77302.273440,,3.486330,-341.313420
9.452000,0.316590,0.596010,4.255370,228.419630,-342.682190,77343.398440,,3.290220,-341.314270
9.454000,0.388370,0.717770,3.640140,228.437620,-342.681700,77430.937500,,3.332520,-341.315190
9.456000,0.406310,0.607540,2.778810,228.456570,-342.682280,77164.101560,1.000000,3.445310,-341.315580
9.458000,0.306340,0.537050,2.009770,228.475830,-342.682740,77364.500000,,3.464540,-341.315190
9.460000,0.226870,0.583190,1.825200,228.494670,-342.682400,77558.554690,,3.360720,-341.314640
9.462000,0.206360,0.639590,3.650390,228.513380,-342.682530,77288.562500,,3.461980,-341.314360
9.464000,0.290950,0.779300,4.942380,228.531750,-342.682860,77348.679690,1.000000,3.502990,-341.314640
9.466000,0.430660,0.903630,5.496090,228.549900,-342.681980,77236.875000,,3.256900,-341.315460
9.468000,0.497310,0.902340,5.219240,228.568600,-342.681340,77496.328130,,3.303040,-341.316040
9.470000,0.487060,0.638310,3.916990,228.588670,-342.682040,77484.726560,,3.453000,-341.315890
9.472000,0.351200,0.390930,2.748050,228.609150,-342.682740,77424.617190,1.000000,3.499150,-341.314940
9.474000,0.220460,0.349910,2.707030,228.628920,-342.682340,77356.054690,,3.372250,-341.313930
9.476000,0.146120,0.338380,3.147950,228.648270,-342.682400,77403.523440,,3.446590,-341.313290
9.478000,0.188420,0.456300,3.896480,228.666980,-342.682830,77069.187500,,3.485050,-341.313450
9.480000,0.319150,0.546020,4.296390,228.685180,-342.682130,77326.523440,1.000000,3.290220,-341.314330
9.482000,0.389650,0.644710,3.701660,228.703370,-342.681700,77256.921880,,3.342770,-341.315220
9.484000,0.401180,0.508850,2.696780,228.722500,-342.682280,77411.953130,,3.453000,-341.315610
9.484000,0.401180,0.508850,2.696780,228.722500,-342.682280,77411.953130,,3.453000,-341.315610
9.486000,0.301210,0.433230,2.081540,228.741900,-342.682710,77628.171880,,3.459410,-341.315190
9.488000,0.223020,0.460140,1.907230,228.760890,-342.682370,77638.718750,1.000000,3.363280,-341.314640
9.490000,0.205080,0.511410,3.496580,228.779680,-342.682530,77088.171880,,3.469670,-341.314360
9.492000,0.296080,0.648560,4.798830,228.798100,-342.682860,77630.273440,,3.497860,-341.314700
9.494000,0.434510,0.785710,5.649900,228.816190,-342.681920,77159.890630,,3.256900,-341.315490
9.496000,0.499880,0.797240,5.291020,228.834850,-342.681340,77133.515630,1.000000,3.314580,-341.316070
9.498000,0.483220,0.548580,4.122070,228.854780,-342.682070,77439.382810,,3.465820,-341.315890
9.500000,0.343510,0.339660,3.045410,228.875050,-342.682710,77384.531250,,3.499150,-341.314910
9.500000,0.343510,0.339660,3.045410,228.875050,-342.682710,77384.531250,,3.499150,-341.314910
9.502000,0.215330,0.334530,2.912110,228.894580,-342.682310,77230.546880,,3.374820,-341.313930
9.504000,0.142270,0.364010,3.250490,228.913600,-342.682370,77377.148440,1.000000,3.459410,-341.313290
9.506000,0.192260,0.517820,4.152830,228.932010,-342.682770,77406.687500,,3.478640,-341.313510
9.508000,0.320430,0.646000,4.224610,228.949950,-342.682040,77595.476560,,3.290220,-341.314390
9.510000,0.390930,0.751100,3.465820,228.968020,-342.681700,77422.507810,,3.353030,-341.315280
9.512000,0.398620,0.610110,2.666020,228.987080,-342.682280,77826.445310,1.000000,3.459410,-341.315610
9.514000,0.294800,0.548580,1.927730,229.006390,-342.682680,77579.656250,,3.461980,-341.315190
9.516000,0.219180,0.571660,1.886720,229.025380,-342.682340,77336.023440,,3.368410,-341.314640
9.518000,0.206360,0.628050,3.465820,229.044170,-342.682530,77215.789060,,3.483760,-341.314360
9.520000,0.301210,0.756230,5.116700,229.062620,-342.682860,77263.250000,1.000000,3.495300,-341.314760
9.522000,0.435790,0.881840,5.711430,229.080800,-342.681880,76715.867190,,3.256900,-341.315550
9.524000,0.498600,0.869020,5.260250,229.099590,-342.681340,77265.351560,,3.331240,-341.316130
9.526000,0.478090,0.584470,4.286130,229.119720,-342.682070,77460.468750,,3.470950,-341.315890
9.528000,0.334530,0.372990,3.178710,229.140150,-342.682680,77395.078130,1.000000,3.501710,-341.314910
9.530000,0.206360,0.340940,2.809570,229.159820,-342.682280,77554.335940,,3.377380,-341.313900
9.532000,0.139710,0.358890,3.332520,229.179030,-342.682400,77629.226560,,3.468380,-341.313350
9.534000,0.199950,0.489620,3.742680,229.197570,-342.682740,77275.906250,,3.479920,-341.313600
9.536000,0.323000,0.601140,4.091310,229.215670,-342.682010,77480.515630,1.000000,3.287660,-341.314480
9.538000,0.388370,0.689580,3.404300,229.233860,-342.681700,77449.929690,,3.369690,-341.315340
9.540000,0.393490,0.548580,2.748050,229.253020,-342.682310,77490.000000,,3.468380,-341.315640
9.542000,0.285830,0.494750,1.968750,229.272350,-342.682650,77375.046880,,3.460690,-341.315190
9.544000,0.215330,0.525510,1.989260,229.291320,-342.682310,77299.101560,1.000000,3.374820,-341.314670
9.546000,0.202510,0.597290,3.783690,229.310070,-342.682530,76948.953130,,3.494020,-341.314420
9.548000,0.306340,0.738280,5.147460,229.328430,-342.682800,76997.468750,,3.494020,-341.314820
9.550000,0.437070,0.888240,5.619140,229.346500,-342.681790,77319.140630,,3.254330,-341.315610
9.552000,0.496030,0.883120,5.250000,229.365250,-342.681340,77568.054690,1.000000,3.345340,-341.316160
9.554000,0.470400,0.598570,4.050290,229.385380,-342.682100,77395.078130,,3.478640,-341.315920
9.556000,0.324280,0.393490,3.035160,229.405750,-342.682650,77567.000000,,3.501710,-341.314910
9.558000,0.198670,0.374270,2.809570,229.425370,-342.682250,77510.046880,,3.377380,-341.313900
9.560000,0.134580,0.403750,3.312010,229.444550,-342.682400,77273.796880,1.000000,3.477360,-341.313390
9.562000,0.202510,0.524230,3.732420,229.463120,-342.682740,77344.460940,,3.479920,-341.313660
9.564000,0.323000,0.621640,4.019530,229.481290,-342.681950,77279.062500,,3.283810,-341.314580
9.566000,0.387080,0.694700,3.537600,229.499570,-342.681700,77137.734380,,3.382510,-341.315430
9.568000,0.385800,0.540890,2.840330,229.518800,-342.682310,77260.085940,1.000000,3.470950,-341.315670
9.570000,0.280700,0.492190,2.040530,229.538130,-342.682620,77503.710940,,3.460690,-341.315220
9.572000,0.210210,0.517820,2.184080,229.557100,-342.682310,77228.445310,,3.379940,-341.314700
9.574000,0.202510,0.583190,3.752930,229.575850,-342.682530,77398.242190,,3.502990,-341.314480
9.576000,0.311460,0.713930,4.973140,229.594220,-342.682770,77153.554690,1.000000,3.491460,-341.314910
9.578000,0.442200,0.856200,5.567870,229.612300,-342.681730,77399.296880,,3.254330,-341.315730
9.580000,0.494750,0.834410,5.065430,229.631070,-342.681340,77330.750000,,3.356870,-341.316220
9.582000,0.465270,0.548580,4.040040,229.651230,-342.682130,77146.179690,,3.483760,-341.315950
9.584000,0.317870,0.346070,3.127440,229.671570,-342.682650,77406.687500,1.000000,3.500430,-341.314910
9.586000,0.192260,0.317870,2.963380,229.691190,-342.682220,77458.359380,,3.377380,-341.313930
9.588000,0.129460,0.353760,3.250490,229.710300,-342.682430,77100.828130,,3.485050,-341.313390
9.590000,0.203800,0.493470,3.752930,229.728740,-342.682710,77379.265630,,3.477360,-341.313690
9.592000,0.323000,0.617800,3.988770,229.746780,-342.681880,77102.929690,1.000000,3.279970,-341.314640
9.594000,0.385800,0.699830,3.353030,229.765000,-342.681700,77331.804690,,3.394040,-341.315460
9.596000,0.379390,0.548580,2.819820,229.784190,-342.682310,77673.515630,,3.474790,-341.315700
9.598000,0.270450,0.516540,2.040530,229.803480,-342.682620,77573.320310,,3.455570,-341.315220
9.600000,0.206360,0.557560,1.958500,229.822370,-342.682280,77237.929690,1.000000,3.385070,-341.314730
9.602000,0.199950,0.634460,3.619630,229.841130,-342.682530,77390.867190,,3.509400,-341.314510
9.604000,0.315310,0.754940,5.085940,229.859570,-342.682740,77122.968750,,3.485050,-341.314940
9.606000,0.438350,0.877990,5.516600,229.877820,-342.681640,77299.101560,,3.250490,-341.315770
9.608000,0.489620,0.836980,5.014160,229.896770,-342.681340,77132.460940,1.000000,3.368410,-341.316250
9.610000,0.455020,0.543460,3.834960,229.917070,-342.682160,77346.570310,,3.487610,-341.315920
9.612000,0.306340,0.352480,3.147950,229.937500,-342.682620,77180.976560,,3.497860,-341.314910
9.614000,0.188420,0.319150,2.789060,229.957170,-342.682190,77192.585940,,3.374820,-341.313930
9.616000,0.129460,0.353760,3.312010,229.976380,-342.682460,77344.460940,1.000000,3.490170,-341.313450
9.618000,0.208920,0.490910,3.824710,229.994840,-342.682680,77465.742190,,3.474790,-341.313810
9.620000,0.325560,0.615230,3.804200,230.012890,-342.681850,77207.343750,,3.277400,-341.314730
9.622000,0.384520,0.684450,3.188960,230.031130,-342.681700,77904.500000,,3.406860,-341.315550
9.624000,0.372990,0.528080,2.819820,230.050350,-342.682310,77496.328130,1.000000,3.477360,-341.315730
9.626000,0.262760,0.490910,2.040530,230.069660,-342.682590,77406.687500,,3.453000,-341.315220
9.628000,0.201230,0.521670,2.214840,230.088530,-342.682250,77411.953130,,3.388920,-341.314730
9.630000,0.198670,0.612670,3.875980,230.107190,-342.682560,77379.265630,,3.517090,-341.314540
9.632000,0.323000,0.752380,5.229490,230.125440,-342.682710,76804.460940,1.000000,3.474790,-341.315060
9.634000,0.443480,0.890810,5.485840,230.143520,-342.681610,77176.757810,,3.250490,-341.315860
9.636000,0.496030,0.852360,5.065430,230.162430,-342.681340,77342.343750,,3.379940,-341.316310
9.638000,0.452450,0.557560,3.988770,230.182600,-342.682190,77591.250000,,3.494020,-341.315950
9.640000,0.298650,0.384520,3.076170,230.202900,-342.682620,77372.929690,1.000000,3.499150,-341.314880
9.642000,0.180730,0.365300,2.840330,230.222470,-342.682190,77640.828130,,3.373540,-341.313900
9.644000,0.124330,0.402470,3.414550,230.241590,-342.682460,77323.359380,,3.499150,-341.313450
9.646000,0.207640,0.513980,3.568360,230.260150,-342.682620,77340.234380,,3.464540,-341.313810
9.648000,0.324280,0.612670,3.855470,230.278350,-342.681790,77382.421880,1.000000,3.274840,-341.314790
9.650000,0.383240,0.649840,3.117190,230.296800,-342.681730,77483.671880,,3.417110,-341.315610
9.652000,0.369140,0.481930,2.696780,230.316220,-342.682340,77179.921880,,3.476070,-341.315770
9.654000,0.258910,0.439640,2.132810,230.335650,-342.682590,77305.437500,,3.446590,-341.315250
9.656000,0.197390,0.451170,2.286620,230.354710,-342.682250,77360.281250,1.000000,3.388920,-341.314760
9.658000,0.198670,0.533200,4.040040,230.373470,-342.682590,77127.195310,,3.522220,-341.314610
9.660000,0.325560,0.667790,5.096190,230.391830,-342.682680,77336.023440,,3.470950,-341.315060
9.662000,0.442200,0.799800,5.373050,230.409970,-342.681580,77356.054690,,3.250490,-341.315890
9.664000,0.494750,0.743410,4.737300,230.428960,-342.681370,77387.695310,1.000000,3.391480,-341.316350
9.666000,0.448610,0.460140,3.527340,230.449130,-342.682220,77458.359380,,3.497860,-341.315920
9.668000,0.292240,0.302490,2.901860,230.469350,-342.682590,77397.195310,,3.491460,-341.314880
9.670000,0.175600,0.285830,2.983890,230.488830,-342.682160,77105.039060,,3.377380,-341.313900
9.672000,0.124330,0.349910,3.435060,230.507830,-342.682460,77230.546880,1.000000,3.502990,-341.313480
9.674000,0.216610,0.490910,3.978520,230.526120,-342.682590,77102.929690,,3.460690,-341.313900
9.676000,0.329410,0.625490,3.793950,230.544050,-342.681760,77383.476560,,3.276120,-341.314850
9.678000,0.388370,0.698550,3.373540,230.562230,-342.681730,77337.070310,,3.427370,-341.315640
9.680000,0.366580,0.563960,2.625000,230.581340,-342.682370,77475.234380,1.000000,3.482480,-341.315730
9.682000,0.251220,0.558840,2.173830,230.600450,-342.682590,77555.398440,,3.445310,-341.315220
9.684000,0.197390,0.607540,2.337890,230.619200,-342.682220,77546.953130,,3.396610,-341.314730
9.686000,0.199950,0.711360,3.916990,230.637770,-342.682590,77183.085940,,3.531190,-341.314610
9.688000,0.331970,0.849790,5.106450,230.656010,-342.682620,77529.023440,1.000000,3.461980,-341.315120
9.690000,0.448610,0.968990,5.403810,230.674180,-342.681490,77365.546880,,3.246640,-341.315950
9.692000,0.501160,0.881840,4.634770,230.693340,-342.681370,77375.046880,,3.401730,-341.316380
9.694000,0.444760,0.560120,3.701660,230.713810,-342.682220,77399.296880,,3.502990,-341.315890
9.696000,0.285830,0.378110,3.178710,230.734270,-342.682590,76919.414060,1.000000,3.488890,-341.314820
9.698000,0.171750,0.334530,3.209470,230.754030,-342.682160,77324.414060,,3.378660,-341.313870
9.700000,0.125610,0.367860,3.506840,230.773300,-342.682500,77436.218750,,3.513240,-341.313480
9.702000,0.221740,0.478090,4.009280,230.791900,-342.682590,77358.164060,,3.453000,-341.313930
9.704000,0.335820,0.588320,3.824710,230.810120,-342.681760,77503.710940,1.000000,3.277400,-341.314910
9.706000,0.392210,0.628050,2.932620,230.828550,-342.681760,77445.703130,,3.438900,-341.315670
9.708000,0.367860,0.474240,2.542970,230.847900,-342.682400,77568.054690,,3.481200,-341.315730
9.710000,0.252500,0.452450,2.020020,230.867160,-342.682530,77613.406250,,3.440190,-341.315190
9.712000,0.196110,0.476810,2.389160,230.886080,-342.682190,77603.906250,1.000000,3.397890,-341.314730
9.714000,0.205080,0.563960,4.255370,230.904770,-342.682620,77234.773440,,3.536320,-341.314610
9.716000,0.342220,0.692140,5.424320,230.923100,-342.682590,77286.453130,,3.450440,-341.315160
9.718000,0.456300,0.817750,5.516600,230.941270,-342.681460,77387.695310,,3.244080,-341.315980
9.720000,0.507570,0.744690,4.788570,230.960330,-342.681400,77473.125000,1.000000,3.410710,-341.316380
9.722000,0.443480,0.467830,3.640140,230.980550,-342.682280,77368.710940,,3.506840,-341.315890
9.724000,0.287110,0.330690,2.983890,231.000660,-342.682560,77313.867190,,3.486330,-341.314790
9.726000,0.169190,0.348630,3.168460,231.019970,-342.682160,77500.546880,,3.382510,-341.313810
9.728000,0.120480,0.442200,3.537600,231.038760,-342.682530,77355.000000,1.000000,3.520940,-341.313420
9.730000,0.223020,0.590880,4.040040,231.056930,-342.682560,77302.273440,,3.445310,-341.313900
9.732000,0.335820,0.722900,3.906740,231.074840,-342.681730,77760.007810,,3.277400,-341.314880
9.734000,0.393490,0.738280,3.301760,231.093230,-342.681760,77401.406250,,3.442750,-341.315640
9.736000,0.362730,0.574220,2.450680,231.112630,-342.682400,77415.117190,1.000000,3.481200,-341.315730
9.736000,0.362730,0.574220,2.450680,231.112630,-342.682400,77415.117190,1.000000,3.481200,-341.315730
9.738000,0.251220,0.547300,1.989260,231.131930,-342.682500,77659.812500,,3.436340,-341.315190
9.740000,0.198670,0.557560,2.512210,231.150960,-342.682190,77359.226560,,3.396610,-341.314700
9.742000,0.208920,0.634460,4.245120,231.169770,-342.682650,76933.125000,,3.542720,-341.314610
9.744000,0.344790,0.757510,5.373050,231.188200,-342.682590,77206.289060,1.000000,3.441470,-341.315160
9.746000,0.452450,0.862610,5.567870,231.206530,-342.681460,77068.132810,,3.246640,-341.315950
9.748000,0.499880,0.754940,4.665530,231.225770,-342.681430,77486.835940,,3.419680,-341.316310
9.750000,0.430660,0.455020,3.455570,231.246200,-342.682310,77424.617190,,3.513240,-341.315800
9.750000,0.430660,0.455020,3.455570,231.246200,-342.682310,77424.617190,,3.513240,-341.315800
9.752000,0.278140,0.289670,2.922360,231.266490,-342.682530,77782.148440,1.000000,3.479920,-341.314700
9.754000,0.166630,0.260190,3.096680,231.286070,-342.682130,77487.890630,,3.385070,-341.313810
9.756000,0.129460,0.324280,3.629880,231.305130,-342.682530,77317.039060,,3.528630,-341.313450
9.758000,0.235840,0.452450,4.009280,231.323500,-342.682500,77346.570310,,3.429930,-341.313960
9.760000,0.347350,0.576780,3.824710,231.341550,-342.681670,77485.789060,1.000000,3.281250,-341.314940
9.762000,0.394780,0.597290,3.076170,231.359970,-342.681760,76837.148440,,3.449160,-341.315670
9.764000,0.356320,0.446040,2.419920,231.379320,-342.682460,77425.664060,,3.486330,-341.315700
9.766000,0.248660,0.449890,2.132810,231.398450,-342.682500,77383.476560,,3.438900,-341.315120
9.768000,0.196110,0.510130,2.789060,231.417210,-342.682190,77095.554690,1.000000,3.400450,-341.314640
9.770000,0.215330,0.642150,4.429690,231.435650,-342.682680,77329.687500,,3.552980,-341.314610
9.772000,0.355040,0.804930,5.537110,231.453750,-342.682530,77576.484380,,3.435060,-341.315190
9.774000,0.462710,0.934390,5.475590,231.471800,-342.681370,77323.359380,,3.246640,-341.316010
9.776000,0.507570,0.831850,4.357910,231.490920,-342.681430,77305.437500,1.000000,3.427370,-341.316310
9.778000,0.429380,0.535770,3.281250,231.511310,-342.682310,77311.757810,,3.522220,-341.315730
9.780000,0.275570,0.387080,2.963380,231.531520,-342.682460,77443.593750,,3.473510,-341.314640
9.782000,0.162780,0.361450,3.240230,231.551130,-342.682100,77047.031250,,3.391480,-341.313750
9.784000,0.130740,0.416560,3.824710,231.570250,-342.682560,77213.679690,1.000000,3.537600,-341.313420
9.786000,0.242250,0.533200,4.245120,231.588730,-342.682460,77426.718750,,3.422240,-341.313960
9.788000,0.348630,0.654970,3.814450,231.606830,-342.681640,77292.781250,,3.290220,-341.314940
9.790000,0.398620,0.660100,2.912110,231.625380,-342.681760,77478.406250,,3.458130,-341.315640
9.792000,0.355040,0.515260,2.307130,231.644780,-342.682460,77708.320310,1.000000,3.492740,-341.315640
9.794000,0.249940,0.507570,1.825200,231.663960,-342.682460,77443.593750,,3.438900,-341.315060
9.796000,0.197390,0.537050,2.686520,231.682800,-342.682190,77441.484380,,3.410710,-341.314640
9.798000,0.221740,0.647280,4.491210,231.701350,-342.682680,77530.078130,,3.561950,-341.314580
9.800000,0.366580,0.794680,5.608890,231.719500,-342.682460,77216.843750,1.000000,3.420960,-341.315220
9.802000,0.467830,0.910030,5.465330,231.737670,-342.681300,77190.468750,,3.246640,-341.316040
9.804000,0.513980,0.780580,4.450200,231.756930,-342.681430,77337.070310,,3.429930,-341.316310
9.806000,0.426820,0.489620,3.414550,231.777340,-342.682340,77386.640630,,3.528630,-341.315670
9.808000,0.273010,0.358890,2.912110,231.797450,-342.682460,77144.070310,1.000000,3.467100,-341.314540
9.810000,0.162780,0.356320,3.199220,231.816890,-342.682100,77422.507810,,3.395320,-341.313660
9.812000,0.133300,0.443480,3.916990,231.835800,-342.682560,77314.921880,,3.545290,-341.313390
9.814000,0.243530,0.581910,4.173340,231.854080,-342.682430,77484.726560,,3.410710,-341.313960
9.816000,0.351200,0.716490,3.752930,231.871990,-342.681610,77446.757810,1.000000,3.296630,-341.314910
9.818000,0.403750,0.716490,2.830080,231.890520,-342.681760,77510.046880,,3.459410,-341.315640
9.820000,0.358890,0.556270,2.245610,231.909970,-342.682460,77567.000000,,3.492740,-341.315610
9.822000,0.249940,0.544740,1.671390,231.929230,-342.682460,77494.226560,,3.431210,-341.315030
9.824000,0.201230,0.558840,2.737790,231.948270,-342.682190,77196.796880,1.000000,3.411990,-341.314580
9.826000,0.226870,0.648560,4.521970,231.967060,-342.682680,77235.828130,,3.564510,-341.314540
9.828000,0.366580,0.772890,5.742190,231.985430,-342.682430,77020.664060,,3.409420,-341.315160
9.830000,0.465270,0.872860,5.455080,232.003770,-342.681300,77403.523440,,3.253050,-341.315950
9.832000,0.508850,0.726750,4.521970,232.023190,-342.681490,77154.617190,1.000000,3.433780,-341.316220
9.834000,0.422970,0.438350,3.178710,232.043700,-342.682400,77438.320310,,3.531190,-341.315610
9.836000,0.270450,0.314030,2.922360,232.063830,-342.682460,77818.015630,,3.459410,-341.314510
9.838000,0.166630,0.296080,3.240230,232.083330,-342.682130,77565.945310,,3.400450,-341.313660
9.840000,0.143550,0.376830,3.845210,232.102220,-342.682590,77422.507810,1.000000,3.552980,-341.313390
9.842000,0.255070,0.506290,4.091310,232.120530,-342.682400,77504.765630,,3.395320,-341.314000
9.844000,0.361450,0.642150,3.773440,232.138470,-342.681610,77224.218750,,3.301760,-341.314970
9.846000,0.406310,0.624210,2.799320,232.157000,-342.681790,77431.992190,,3.458130,-341.315640
9.848000,0.355040,0.481930,2.204590,232.176380,-342.682500,77375.046880,1.000000,3.492740,-341.315550
9.850000,0.247380,0.498600,1.773930,232.195370,-342.682430,77268.515630,,3.428650,-341.314970
9.852000,0.203800,0.557560,3.024900,232.214080,-342.682190,77036.484380,,3.410710,-341.314510
9.854000,0.235840,0.707520,4.634770,232.232410,-342.682710,77257.976560,,3.570920,-341.314510
9.856000,0.375550,0.877990,5.752440,232.250380,-342.682370,77516.375000,1.000000,3.397890,-341.315190
9.858000,0.471680,0.994630,5.465330,232.268430,-342.681270,77386.640630,,3.254330,-341.315950
9.860000,0.512700,0.856200,4.193850,232.287640,-342.681490,77380.312500,,3.438900,-341.316190
9.862000,0.416560,0.558840,2.953130,232.308040,-342.682430,77522.703130,,3.528630,-341.315520
9.864000,0.265320,0.430660,2.655760,232.328130,-342.682430,77479.460940,1.000000,3.446590,-341.314420
9.866000,0.166630,0.399900,2.942870,232.347730,-342.682100,77224.218750,,3.400450,-341.313600
9.868000,0.146120,0.462710,3.814450,232.366780,-342.682590,77351.843750,,3.547850,-341.313390
9.870000,0.260190,0.562680,4.193850,232.385300,-342.682370,77166.210940,,3.381230,-341.314000
9.872000,0.360170,0.675480,3.865720,232.403500,-342.681610,77037.546880,1.000000,3.308170,-341.314970
9.874000,0.405030,0.639590,2.748050,232.422300,-342.681850,77436.218750,,3.454280,-341.315610
9.876000,0.349910,0.485780,2.153320,232.441880,-342.682560,77474.179690,,3.490170,-341.315490
9.878000,0.244810,0.480650,1.773930,232.461110,-342.682430,77370.820310,,3.420960,-341.314910
9.880000,0.203800,0.506290,2.748050,232.480070,-342.682220,77341.289060,1.000000,3.415830,-341.314510
9.882000,0.240970,0.616520,4.501460,232.498670,-342.682740,77488.945310,,3.569640,-341.314510
9.884000,0.381960,0.762630,5.824220,232.516880,-342.682310,77320.203130,,3.382510,-341.315190
9.886000,0.474240,0.862610,5.208980,232.535130,-342.681240,77145.117190,,3.250490,-341.315980
9.888000,0.513980,0.698550,4.224610,232.554550,-342.681550,77369.773440,1.000000,3.435060,-341.316160
9.890000,0.411440,0.410160,3.024900,232.575000,-342.682460,77508.992190,,3.523500,-341.315460
9.892000,0.261470,0.311460,2.666020,232.594970,-342.682430,77056.523440,,3.432500,-341.314360
9.894000,0.164060,0.316590,3.137700,232.614320,-342.682160,77315.984380,,3.401730,-341.313540
9.896000,0.147400,0.437070,4.111820,232.633000,-342.682620,77254.804690,1.000000,3.546570,-341.313320
9.898000,0.265320,0.589600,4.347660,232.651080,-342.682400,77271.687500,,3.365840,-341.314000
9.900000,0.365300,0.747250,3.732420,232.668820,-342.681610,77510.046880,,3.310730,-341.314970
9.902000,0.410160,0.729310,2.758300,232.687300,-342.681880,77686.179690,,3.447880,-341.315610
9.904000,0.348630,0.592160,2.173830,232.706600,-342.682590,77318.093750,1.000000,3.488890,-341.315460
9.906000,0.243530,0.607540,1.230470,232.725600,-342.682430,77460.468750,,3.410710,-341.314910
9.908000,0.205080,0.642150,2.963380,232.744480,-342.682250,77545.898440,,3.414550,-341.314480
9.910000,0.247380,0.744690,4.573240,232.763080,-342.682740,77220.007810,,3.563230,-341.314510
9.912000,0.392210,0.863890,5.772950,232.781370,-342.682310,77191.523440,1.000000,3.362000,-341.315220
9.914000,0.475520,0.930540,5.424320,232.799850,-342.681240,77211.562500,,3.246640,-341.315950
9.916000,0.510130,0.731870,4.204100,232.819500,-342.681610,77327.578130,,3.428650,-341.316100
9.918000,0.403750,0.433230,3.158200,232.840120,-342.682530,77275.906250,,3.518370,-341.315370
9.920000,0.256350,0.321720,2.512210,232.860230,-342.682460,77418.289060,1.000000,3.417110,-341.314300
9.920000,0.256350,0.321720,2.512210,232.860230,-342.682460,77418.289060,1.000000,3.417110,-341.314300
9.922000,0.162780,0.289670,3.199220,232.879820,-342.682190,77676.679690,,3.400450,-341.313510
9.924000,0.151250,0.376830,3.824710,232.898730,-342.682650,77389.812500,,3.540160,-341.313320
9.926000,0.271730,0.485780,4.163090,232.917050,-342.682400,77389.812500,,3.350460,-341.314030
9.928000,0.370420,0.616520,3.619630,232.935070,-342.681610,77631.328130,1.000000,3.306880,-341.315030
9.930000,0.414000,0.572940,2.737790,232.953780,-342.681950,77346.570310,,3.440190,-341.315640
9.932000,0.348630,0.442200,1.979000,232.973180,-342.682620,77364.500000,,3.479920,-341.315460
9.934000,0.243530,0.457580,1.671390,232.992200,-342.682460,77450.984380,,3.397890,-341.314880
9.936000,0.205080,0.505000,2.932620,233.011030,-342.682310,77091.328130,1.000000,3.413270,-341.314450
9.938000,0.249940,0.647280,4.737300,233.029420,-342.682800,77048.085940,,3.559390,-341.314510
9.940000,0.396060,0.812620,5.803710,233.047390,-342.682310,77352.890630,,3.346620,-341.315190
9.942000,0.480650,0.931820,5.557620,233.065520,-342.681300,77182.031250,,3.247920,-341.315950
9.944000,0.507570,0.781860,4.234860,233.084850,-342.681700,77519.531250,1.000000,3.429930,-341.316100
9.946000,0.402470,0.510130,2.942870,233.105180,-342.682590,77392.976560,,3.513240,-341.315340
9.948000,0.253780,0.437070,2.450680,233.124970,-342.682460,77602.851560,,3.404300,-341.314240
9.950000,0.160220,0.435790,2.963380,233.144300,-342.682220,77497.390630,,3.400450,-341.313450
9.952000,0.153810,0.548580,3.711910,233.163020,-342.682710,77859.148440,1.000000,3.533750,-341.313320
9.954000,0.278140,0.662660,4.152830,233.181300,-342.682370,77352.890630,,3.335080,-341.314060
9.956000,0.371700,0.786990,3.640140,233.199360,-342.681640,77278.015630,,3.303040,-341.315000
9.958000,0.410160,0.720340,2.789060,233.218200,-342.682010,77236.875000,,3.435060,-341.315610
9.960000,0.339660,0.592160,2.061040,233.237670,-342.682680,77457.304690,1.000000,3.477360,-341.315400
9.962000,0.239690,0.592160,1.773930,233.256820,-342.682460,77370.820310,,3.386350,-341.314820
9.964000,0.205080,0.619080,2.983890,233.275800,-342.682340,77291.718750,,3.415830,-341.314420
9.966000,0.255070,0.725460,4.809080,233.294420,-342.682830,77370.820310,,3.552980,-341.314510
9.968000,0.405030,0.851070,5.834470,233.312670,-342.682310,77340.234380,1.000000,3.328670,-341.315250
9.970000,0.487060,0.919010,5.485840,233.331130,-342.681300,77429.882810,,3.247920,-341.315980
9.972000,0.508850,0.702390,4.183590,233.350850,-342.681760,77702.000000,,3.427370,-341.316070
9.974000,0.396060,0.401180,3.024900,233.371480,-342.682620,77286.453130,,3.509400,-341.315280
9.976000,0.247380,0.310180,2.522460,233.391480,-342.682460,77385.585940,1.000000,3.390200,-341.314180
9.978000,0.156370,0.297360,3.096680,233.410900,-342.682280,77427.781250,,3.401730,-341.313390
9.980000,0.157650,0.430660,4.050290,233.429580,-342.682740,77276.953130,,3.524780,-341.313320
9.982000,0.284550,0.563960,4.357910,233.447680,-342.682370,77029.101560,,3.322270,-341.314090
9.984000,0.375550,0.716490,3.804200,233.465530,-342.681670,77331.804690,1.000000,3.304320,-341.315030
9.986000,0.411440,0.663940,2.973630,233.484210,-342.682070,77396.132810,,3.431210,-341.315610
9.988000,0.335820,0.544740,2.112300,233.503490,-342.682740,77560.664060,,3.472230,-341.315370
9.990000,0.237120,0.575500,1.599610,233.522430,-342.682460,77533.242190,,3.376100,-341.314790
9.992000,0.206360,0.613950,3.055660,233.541240,-342.682400,77664.023440,1.000000,3.418400,-341.314390
9.994000,0.260190,0.739560,4.604000,233.559770,-342.682860,77382.421880,,3.544010,-341.314510
9.996000,0.407590,0.865170,5.660160,233.578000,-342.682280,77034.375000,,3.314580,-341.315250
9.998000,0.485780,0.926700,5.485840,233.596480,-342.681340,77368.710940,,3.249210,-341.315950
10.000000,0.501160,0.719060,4.296390,233.616200,-342.681790,77367.656250,1.000000,3.427370,-341.316010
10.000000,0.501160,0.719060,4.296390,233.616200,-342.681790,77367.656250,1.000000,3.427370,-341.316010
10.002000,0.388370,0.434510,3.158200,233.636750,-342.682680,77174.656250,,3.501710,-341.315190
10.004000,0.242250,0.364010,2.583980,233.656690,-342.682460,77407.734380,,3.379940,-341.314120
10.006000,0.155090,0.339660,3.332520,233.676150,-342.682310,77407.734380,,3.400450,-341.313390
10.008000,0.164060,0.461430,3.886230,233.694900,-342.682770,77226.328130,1.000000,3.519650,-341.313350
10.010000,0.293520,0.570370,4.378420,233.713100,-342.682370,77602.851560,,3.312010,-341.314120
10.012000,0.380680,0.698550,3.670900,233.731090,-342.681700,77642.929690,,3.300480,-341.315060
10.014000,0.410160,0.608830,2.891600,233.749970,-342.682130,77403.523440,,3.428650,-341.315610
10.016000,0.334530,0.494750,2.050780,233.769350,-342.682740,77550.125000,1.000000,3.467100,-341.315340
10.018000,0.235840,0.507570,1.568850,233.788380,-342.682500,77353.945310,,3.367130,-341.314760
10.020000,0.205080,0.558840,3.137700,233.807130,-342.682430,77284.335940,,3.420960,-341.314390
10.022000,0.266600,0.706240,4.788570,233.825470,-342.682860,77117.695310,,3.532470,-341.314510
10.024000,0.417850,0.854920,5.639650,233.843510,-342.682220,77068.132810,1.000000,3.295350,-341.315310
10.026000,0.492190,0.929260,5.629390,233.861830,-342.681340,77169.382810,,3.253050,-341.315950
10.028000,0.502440,0.726750,4.286130,233.881420,-342.681880,77134.578130,,3.426090,-341.315980
10.030000,0.384520,0.457580,3.024900,233.901790,-342.682740,77449.929690,,3.499150,-341.315120
10.032000,0.238400,0.406310,2.655760,233.921550,-342.682460,77599.687500,1.000000,3.372250,-341.314060
10.034000,0.153810,0.390930,3.199220,233.940870,-342.682340,77300.156250,,3.403020,-341.313320
10.036000,0.165340,0.520390,3.660640,233.959580,-342.682800,77611.296880,,3.506840,-341.313320
10.038000,0.297360,0.624210,4.245120,233.977770,-342.682340,77518.476560,,3.300480,-341.314090
10.040000,0.379390,0.758790,3.722170,233.995800,-342.681730,77329.687500,1.000000,3.305600,-341.315060
10.042000,0.410160,0.654970,2.830080,234.014770,-342.682190,77267.460940,,3.423520,-341.315580
10.044000,0.329410,0.534480,2.040530,234.034270,-342.682770,77615.507810,,3.460690,-341.315310
10.046000,0.233280,0.549870,1.732910,234.053420,-342.682460,77357.109380,,3.358150,-341.314730
10.048000,0.205080,0.575500,3.219730,234.072370,-342.682460,77066.015630,1.000000,3.424800,-341.314360
10.050000,0.269170,0.702390,4.839840,234.090940,-342.682890,77188.359380,,3.524780,-341.314510
10.052000,0.417850,0.833130,5.772950,234.109150,-342.682190,77234.773440,,3.285100,-341.315310
10.054000,0.493470,0.886960,5.526860,234.127670,-342.681340,77362.390630,,3.260740,-341.315950
10.056000,0.499880,0.658810,4.419430,234.147480,-342.681880,77564.890630,1.000000,3.427370,-341.315950
10.058000,0.381960,0.394780,3.055660,234.167950,-342.682740,77637.664060,,3.495300,-341.315090
10.060000,0.237120,0.352480,2.789060,234.187740,-342.682460,77411.953130,,3.367130,-341.314030
10.062000,0.151250,0.342220,3.168460,234.207030,-342.682370,77263.250000,,3.409420,-341.313290
10.064000,0.170470,0.494750,3.855470,234.225570,-342.682830,77433.054690,1.000000,3.496580,-341.313320
10.066000,0.306340,0.625490,4.204100,234.243580,-342.682310,77322.304690,,3.296630,-341.314150
10.068000,0.384520,0.783140,3.681150,234.261400,-342.681730,77061.796880,,3.308170,-341.315060
10.070000,0.414000,0.699830,2.737790,234.280120,-342.682220,77434.109380,,3.426090,-341.315580
10.072000,0.325560,0.613950,2.194340,234.299330,-342.682800,77232.664060,1.000000,3.464540,-341.315280
10.074000,0.233280,0.656250,1.681640,234.318210,-342.682500,77341.289060,,3.354310,-341.314670
10.076000,0.203800,0.702390,3.353030,234.336930,-342.682500,77426.718750,,3.431210,-341.314330
10.078000,0.275570,0.845950,4.675780,234.355330,-342.682890,77367.656250,,3.515810,-341.314540
10.080000,0.425540,0.979250,5.362790,234.373430,-342.682190,77296.992190,1.000000,3.274840,-341.315340
10.082000,0.496030,1.011290,5.188480,234.392000,-342.681340,77463.640630,,3.267150,-341.315980
10.084000,0.499880,0.757510,4.286130,234.411970,-342.681950,77146.179690,,3.432500,-341.315920
10.086000,0.375550,0.470400,3.168460,234.432600,-342.682740,77396.132810,,3.494020,-341.315030
10.088000,0.230710,0.399900,2.778810,234.452610,-342.682460,77242.156250,1.000000,3.364560,-341.313960
10.090000,0.148680,0.366580,3.250490,234.472110,-342.682370,77376.101560,,3.417110,-341.313260
10.092000,0.175600,0.484500,3.906740,234.490920,-342.682830,77109.257810,,3.492740,-341.313320
10.094000,0.312740,0.571660,4.060550,234.509230,-342.682280,77371.875000,,3.295350,-341.314180
10.096000,0.388370,0.683170,3.691410,234.527420,-342.681730,77553.289060,1.000000,3.313290,-341.315120
10.098000,0.414000,0.554990,2.830080,234.546520,-342.682220,77603.906250,,3.432500,-341.315580
10.100000,0.321720,0.443480,2.081540,234.566060,-342.682770,77416.171880,,3.465820,-341.315220
10.102000,0.230710,0.461430,1.671390,234.585140,-342.682460,77447.820310,,3.355590,-341.314640
10.104000,0.205080,0.498600,3.373540,234.604000,-342.682500,77303.328130,1.000000,3.441470,-341.314330
10.106000,0.283260,0.652400,4.686040,234.622340,-342.682890,77149.335940,,3.510680,-341.314580
10.108000,0.431950,0.812620,5.516600,234.640300,-342.682100,77224.218750,,3.268430,-341.315370
10.110000,0.501160,0.870300,5.352540,234.658650,-342.681340,77038.601560,,3.276120,-341.316010
10.112000,0.506290,0.654970,4.327150,234.678340,-342.681980,76916.250000,1.000000,3.440190,-341.315950
10.114000,0.374270,0.414000,3.260740,234.698590,-342.682740,77452.039060,,3.496580,-341.315030
10.116000,0.229430,0.396060,2.819820,234.718150,-342.682430,77468.906250,,3.367130,-341.313930
10.118000,0.146120,0.419130,3.312010,234.737230,-342.682370,77425.664060,,3.426090,-341.313230
10.120000,0.174320,0.585750,3.568360,234.755630,-342.682830,77392.976560,1.000000,3.487610,-341.313290
10.122000,0.307620,0.711360,3.896480,234.773540,-342.682220,77539.578130,,3.291500,-341.314150
10.124000,0.385800,0.842100,3.476070,234.791500,-342.681730,77459.414060,,3.322270,-341.315090
10.126000,0.412720,0.728030,2.666020,234.810390,-342.682250,77452.039060,,3.438900,-341.315550
10.128000,0.317870,0.640870,2.091800,234.829700,-342.682770,77501.601560,1.000000,3.461980,-341.315190
10.130000,0.228150,0.676760,1.896970,234.848680,-342.682460,77344.460940,,3.356870,-341.314640
10.132000,0.205080,0.702390,3.435060,234.867550,-342.682500,77115.593750,,3.450440,-341.314330
10.134000,0.284550,0.826720,4.952640,234.886080,-342.682890,77187.312500,,3.504270,-341.314580
10.136000,0.428100,0.939510,5.506350,234.904340,-342.682040,77275.906250,1.000000,3.262020,-341.315370
10.138000,0.494750,0.930540,5.342290,234.923170,-342.681340,77275.906250,,3.288940,-341.315980
10.140000,0.492190,0.638310,4.183590,234.943370,-342.682010,77599.687500,,3.445310,-341.315890
10.142000,0.360170,0.352480,3.127440,234.964130,-342.682740,77746.289060,,3.499150,-341.314940
10.144000,0.225590,0.280700,2.768550,234.984130,-342.682400,77404.578130,1.000000,3.367130,-341.313930
10.146000,0.147400,0.278140,3.065920,235.003490,-342.682370,77369.773440,,3.437620,-341.313260
10.148000,0.183290,0.442200,3.650390,235.022050,-342.682800,77386.640630,,3.482480,-341.313390
10.150000,0.315310,0.580630,3.958010,235.039990,-342.682190,77226.328130,,3.287660,-341.314270
10.152000,0.390930,0.712650,3.363280,235.057970,-342.681700,77269.570310,1.000000,3.332520,-341.315190
10.154000,0.408870,0.588320,2.850590,235.076920,-342.682280,77404.578130,,3.445310,-341.315610
10.156000,0.307620,0.513980,2.194340,235.096180,-342.682740,77189.421880,,3.465820,-341.315190
10.158000,0.226870,0.560120,2.050780,235.115050,-342.682430,77431.992190,,3.359440,-341.314640
10.160000,0.205080,0.621640,3.496580,235.133730,-342.682530,77288.562500,1.000000,3.460690,-341.314360
10.162000,0.290950,0.772890,5.055180,235.152050,-342.682860,77318.093750,,3.500430,-341.314640
10.164000,0.433230,0.922850,5.455080,235.170100,-342.681980,77193.632810,,3.258180,-341.315460
10.166000,0.503720,0.938230,4.655270,235.188710,-342.681340,77593.359380,,3.297910,-341.316040
10.168000,0.490910,0.688290,4.029790,235.208650,-342.682040,77685.125000,1.000000,3.456850,-341.315890
10.170000,0.352480,0.455020,3.199220,235.229020,-342.682740,77388.757810,,3.499150,-341.314910
10.172000,0.216610,0.425540,2.840330,235.248750,-342.682340,77404.578130,,3.370970,-341.313900
10.174000,0.139710,0.425540,3.271000,235.268010,-342.682370,77391.921880,,3.446590,-341.313260
10.176000,0.183290,0.566530,3.814450,235.286580,-342.682800,77254.804690,1.000000,3.479920,-341.313420
10.178000,0.315310,0.674190,3.988770,235.304660,-342.682100,77261.132810,,3.286380,-341.314300
10.180000,0.392210,0.772890,3.383790,235.322830,-342.681700,77434.109380,,3.341490,-341.315220
10.182000,0.405030,0.622920,2.871090,235.341950,-342.682280,77448.875000,,3.451720,-341.315610
10.184000,0.303770,0.539610,2.307130,235.361370,-342.682740,77599.687500,1.000000,3.461980,-341.315220
10.186000,0.223020,0.563960,2.122560,235.380430,-342.682400,77617.617190,,3.364560,-341.314640
10.188000,0.203800,0.608830,3.599120,235.399200,-342.682500,77396.132810,,3.472230,-341.314360
10.190000,0.293520,0.754940,4.839840,235.417570,-342.682860,77357.109380,,3.496580,-341.314670
10.192000,0.434510,0.897220,5.291020,235.435620,-342.681880,77290.671880,1.000000,3.258180,-341.315490
10.194000,0.501160,0.886960,5.044920,235.454300,-342.681340,77379.265630,,3.312010,-341.316070
10.196000,0.484500,0.613950,4.029790,235.474320,-342.682040,77215.789060,,3.464540,-341.315890
10.198000,0.343510,0.388370,3.281250,235.494720,-342.682710,77174.656250,,3.504270,-341.314910
10.200000,0.214050,0.352480,3.035160,235.514420,-342.682310,77457.304690,1.000000,3.373540,-341.313900
10.202000,0.139710,0.366580,3.414550,235.533630,-342.682370,77140.906250,,3.460690,-341.313290
10.204000,0.187130,0.516540,3.732420,235.552120,-342.682740,77334.960940,,3.478640,-341.313480
10.206000,0.316590,0.651120,3.947750,235.570100,-342.682040,77472.070310,,3.291500,-341.314360
10.208000,0.390930,0.763920,3.260740,235.588150,-342.681700,77482.625000,1.000000,3.356870,-341.315280
10.210000,0.399900,0.631900,2.809570,235.607220,-342.682280,77564.890630,,3.461980,-341.315610
10.212000,0.296080,0.570370,2.091800,235.626500,-342.682710,78535.203130,,3.464540,-341.315190
10.214000,0.219180,0.604980,2.071290,235.645450,-342.682340,77380.312500,,3.370970,-341.314640
10.216000,0.201230,0.669070,3.691410,235.664170,-342.682500,77232.664060,1.000000,3.481200,-341.314360
10.218000,0.297360,0.807500,5.137210,235.682560,-342.682800,77340.234380,,3.494020,-341.314730
10.220000,0.437070,0.944640,5.475590,235.700670,-342.681820,77257.976560,,3.258180,-341.315550
10.222000,0.497310,0.925420,5.137210,235.719500,-342.681340,76987.976560,,3.327390,-341.316130
10.224000,0.478090,0.634460,3.988770,235.739700,-342.682040,77443.593750,1.000000,3.472230,-341.315920
10.226000,0.334530,0.406310,3.373540,235.760220,-342.682680,77375.046880,,3.504270,-341.314910
10.228000,0.206360,0.360170,3.014650,235.780030,-342.682280,77473.125000,,3.373540,-341.313900
10.230000,0.134580,0.380680,3.322270,235.799270,-342.682370,77389.812500,,3.468380,-341.313320
10.232000,0.192260,0.535770,3.691410,235.817720,-342.682740,77654.539060,1.000000,3.478640,-341.313540
10.232000,0.192260,0.535770,3.691410,235.817720,-342.682740,77654.539060,1.000000,3.478640,-341.313540
10.234000,0.320430,0.676760,3.906740,235.835650,-342.681980,77463.640630,,3.286380,-341.314480
10.236000,0.392210,0.779300,3.035160,235.853700,-342.681670,77363.445310,,3.367130,-341.315370
10.238000,0.396060,0.643430,2.625000,235.872730,-342.682280,77527.976560,,3.467100,-341.315670
10.238000,0.396060,0.643430,2.625000,235.872730,-342.682280,77527.976560,,3.467100,-341.315670
10.240000,0.289670,0.592160,2.225100,235.891920,-342.682680,77615.507810,1.000000,3.463260,-341.315220
10.242000,0.215330,0.620360,2.286620,235.910800,-342.682310,76918.359380,,3.374820,-341.314670
10.244000,0.199950,0.692140,3.814450,235.929470,-342.682500,77251.640630,,3.491460,-341.314420
10.246000,0.305050,0.828000,5.393550,235.947800,-342.682770,77018.554690,,3.488890,-341.314790
10.248000,0.439640,0.958740,5.506350,235.965940,-342.681760,77236.875000,1.000000,3.254330,-341.315610
10.250000,0.496030,0.920290,4.921880,235.984800,-342.681340,77469.960940,,3.344060,-341.316160
10.250000,0.496030,0.920290,4.921880,235.984800,-342.681340,77469.960940,,3.344060,-341.316160
10.252000,0.471680,0.629330,3.947750,236.005000,-342.682100,77565.945310,,3.479920,-341.315920
10.254000,0.326840,0.406310,3.199220,236.025420,-342.682680,77519.531250,,3.501710,-341.314910
10.256000,0.197390,0.371700,3.117190,236.045120,-342.682250,77447.820310,1.000000,3.377380,-341.313900
10.258000,0.129460,0.401180,3.476070,236.064330,-342.682400,77353.945310,,3.477360,-341.313320
10.260000,0.193540,0.542180,4.029790,236.082820,-342.682710,77361.335940,,3.476070,-341.313600
10.262000,0.317870,0.657530,4.019530,236.100910,-342.681920,77268.515630,,3.279970,-341.314510
10.264000,0.385800,0.717770,3.147950,236.119200,-342.681670,77371.875000,1.000000,3.379940,-341.315400
10.266000,0.387080,0.537050,2.778810,236.138550,-342.682280,77546.953130,,3.468380,-341.315700
10.268000,0.279420,0.465270,2.173830,236.158050,-342.682650,77358.164060,,3.458130,-341.315250
10.270000,0.208920,0.469120,2.235350,236.177170,-342.682310,77399.296880,,3.378660,-341.314700
10.272000,0.198670,0.538330,3.968260,236.195970,-342.682530,77386.640630,1.000000,3.497860,-341.314480
10.274000,0.307620,0.685730,5.157710,236.214290,-342.682740,77246.375000,,3.485050,-341.314910
10.276000,0.437070,0.843380,5.526860,236.232330,-342.681730,77344.460940,,3.253050,-341.315700
10.278000,0.493470,0.825440,4.768070,236.251020,-342.681340,77454.140630,,3.355590,-341.316220
10.280000,0.465270,0.552430,3.855470,236.271060,-342.682130,77340.234380,1.000000,3.481200,-341.315950
10.282000,0.316590,0.374270,3.076170,236.291230,-342.682650,77186.257810,,3.496580,-341.314910
10.284000,0.193540,0.355040,2.994140,236.310730,-342.682220,77322.304690,,3.373540,-341.313930
10.286000,0.126890,0.402470,3.619630,236.329730,-342.682400,77361.335940,,3.478640,-341.313390
10.288000,0.198670,0.556270,3.886230,236.348070,-342.682680,77134.578130,1.000000,3.469670,-341.313690
10.290000,0.320430,0.690860,3.958010,236.365980,-342.681880,77337.070310,,3.278690,-341.314640
10.292000,0.383240,0.776730,3.219730,236.384090,-342.681730,77409.851560,,3.392760,-341.315460
10.294000,0.381960,0.622920,2.532710,236.403230,-342.682310,77614.460940,,3.468380,-341.315730
10.296000,0.271730,0.597290,2.204590,236.422420,-342.682650,77831.726560,1.000000,3.451720,-341.315250
10.298000,0.205080,0.634460,2.245610,236.441250,-342.682310,77500.546880,,3.381230,-341.314760
10.300000,0.196110,0.722900,3.958010,236.459900,-342.682530,77390.867190,,3.502990,-341.314510
10.302000,0.314030,0.863890,5.198730,236.478150,-342.682710,76955.281250,,3.477360,-341.314970
10.304000,0.438350,0.988220,5.547360,236.496310,-342.681640,77343.398440,1.000000,3.250490,-341.315800
10.306000,0.492190,0.915160,4.942380,236.515320,-342.681340,77362.390630,,3.362000,-341.316280
10.308000,0.455020,0.584470,3.824710,236.535750,-342.682160,77221.054690,,3.482480,-341.315950
10.310000,0.303770,0.364010,3.035160,236.556350,-342.682650,77462.585940,,3.495300,-341.314910
10.312000,0.185850,0.289670,3.117190,236.576250,-342.682220,77112.429690,1.000000,3.368410,-341.313930
10.314000,0.123050,0.317870,3.527340,236.595580,-342.682460,77301.218750,,3.485050,-341.313420
10.316000,0.202510,0.451170,3.865720,236.614120,-342.682680,77619.726560,,3.464540,-341.313780
10.318000,0.320430,0.585750,3.896480,236.632170,-342.681880,77363.445310,,3.274840,-341.314730
10.320000,0.387080,0.652400,3.158200,236.650410,-342.681760,77518.476560,1.000000,3.400450,-341.315580
10.322000,0.378110,0.503720,2.419920,236.669600,-342.682340,77514.257810,,3.469670,-341.315800
10.324000,0.266600,0.476810,2.112300,236.688800,-342.682620,77373.992190,,3.447880,-341.315310
10.326000,0.201230,0.505000,2.245610,236.707660,-342.682280,77260.085940,,3.382510,-341.314760
10.328000,0.194820,0.601140,4.193850,236.726230,-342.682560,77268.515630,1.000000,3.506840,-341.314540
10.330000,0.317870,0.756230,5.444820,236.744400,-342.682680,77139.851560,,3.469670,-341.315030
10.332000,0.439640,0.906190,5.598630,236.762420,-342.681610,77058.640630,,3.246640,-341.315860
10.334000,0.492190,0.858760,4.686040,236.781280,-342.681340,77398.242190,,3.372250,-341.316310
10.336000,0.451170,0.578060,3.681150,236.801420,-342.682190,77681.960940,1.000000,3.488890,-341.315950
10.338000,0.297360,0.410160,2.963380,236.821660,-342.682650,77607.070310,,3.490170,-341.314910
10.340000,0.180730,0.398620,2.942870,236.841130,-342.682190,77376.101560,,3.368410,-341.313930
10.342000,0.117920,0.462710,3.455570,236.860110,-342.682460,77725.195310,,3.490170,-341.313450
10.344000,0.202510,0.607540,3.978520,236.878400,-342.682650,77315.984380,1.000000,3.458130,-341.313810
10.346000,0.321720,0.740840,3.804200,236.896350,-342.681850,77256.921880,,3.273560,-341.314790
10.348000,0.383240,0.792110,3.096680,236.914630,-342.681730,77466.804690,,3.409420,-341.315610
10.350000,0.370420,0.611390,2.317380,236.933980,-342.682370,77311.757810,,3.470950,-341.315800
10.352000,0.257630,0.562680,2.030270,236.953370,-342.682590,77039.656250,1.000000,3.442750,-341.315280
10.354000,0.198670,0.558840,2.440430,236.972470,-342.682250,77527.976560,,3.381230,-341.314790
10.356000,0.196110,0.626770,4.419430,236.991320,-342.682590,77141.960940,,3.514530,-341.314610
10.358000,0.323000,0.761350,5.485840,237.009700,-342.682680,77282.226560,,3.463260,-341.315090
10.360000,0.440920,0.888240,5.393550,237.027880,-342.681610,77298.046880,1.000000,3.247920,-341.315890
10.362000,0.490910,0.812620,4.675780,237.046910,-342.681400,77243.210940,,3.386350,-341.316350
10.364000,0.443480,0.501160,3.629880,237.067250,-342.682250,77452.039060,,3.494020,-341.315920
10.366000,0.289670,0.312740,2.748050,237.087630,-342.682620,77441.484380,,3.487610,-341.314880
10.368000,0.174320,0.266600,3.004390,237.107250,-342.682190,77401.406250,1.000000,3.370970,-341.313930
10.370000,0.121770,0.328130,3.681150,237.126330,-342.682460,77288.562500,,3.497860,-341.313480
10.372000,0.211490,0.475520,4.122070,237.144670,-342.682590,76937.351560,,3.447880,-341.313900
10.374000,0.326840,0.610110,3.927250,237.162670,-342.681790,77404.578130,,3.271000,-341.314880
10.376000,0.381960,0.652400,3.127440,237.180970,-342.681760,77515.312500,1.000000,3.417110,-341.315640
10.378000,0.362730,0.492190,2.358400,237.200270,-342.682400,77378.210940,,3.473510,-341.315770
10.380000,0.248660,0.475520,1.763670,237.219480,-342.682620,77508.992190,,3.441470,-341.315250
10.382000,0.194820,0.512700,2.307130,237.238280,-342.682280,77609.187500,,3.387630,-341.314790
10.384000,0.198670,0.631900,4.204100,237.256770,-342.682620,77233.710940,1.000000,3.523500,-341.314640
10.386000,0.329410,0.806210,5.362790,237.274860,-342.682620,77331.804690,,3.456850,-341.315160
10.388000,0.443480,0.960020,5.496090,237.292800,-342.681520,77491.062500,,3.241520,-341.315980
10.390000,0.493470,0.897220,4.675780,237.311710,-342.681370,77245.320310,,3.395320,-341.316380
10.392000,0.437070,0.590880,3.435060,237.332000,-342.682250,77275.906250,1.000000,3.499150,-341.315890
10.394000,0.283260,0.410160,2.871090,237.352330,-342.682590,77384.531250,,3.483760,-341.314820
10.396000,0.169190,0.362730,2.932620,237.372020,-342.682160,77302.273440,,3.370970,-341.313900
10.398000,0.120480,0.419130,3.793950,237.391170,-342.682500,77235.828130,,3.504270,-341.313510
10.400000,0.216610,0.560120,4.152830,237.409610,-342.682590,77370.820310,1.000000,3.445310,-341.313960
10.402000,0.330690,0.699830,3.906740,237.427600,-342.681760,77477.351560,,3.272280,-341.314910
10.404000,0.387080,0.720340,3.096680,237.445970,-342.681760,77439.382810,,3.429930,-341.315700
10.406000,0.361450,0.570370,2.173830,237.465300,-342.682430,77367.656250,,3.476070,-341.315800
10.408000,0.247380,0.548580,1.763670,237.484530,-342.682590,77732.585940,1.000000,3.437620,-341.315220
10.410000,0.192260,0.575500,2.317380,237.503370,-342.682220,77403.523440,,3.391480,-341.314760
10.412000,0.202510,0.675480,4.275880,237.521970,-342.682620,77436.218750,,3.531190,-341.314640
10.414000,0.339660,0.815190,5.660160,237.540220,-342.682590,77305.437500,,3.446590,-341.315190
10.416000,0.452450,0.927980,5.598630,237.558430,-342.681490,77324.414060,1.000000,3.238950,-341.316040
10.418000,0.502440,0.819030,4.737300,237.577610,-342.681400,77382.421880,,3.404300,-341.316410
10.420000,0.435790,0.503720,3.363280,237.598070,-342.682310,77406.687500,,3.505550,-341.315890
10.422000,0.278140,0.330690,2.860840,237.618420,-342.682590,77331.804690,,3.478640,-341.314790
10.424000,0.164060,0.296080,3.004390,237.638030,-342.682160,77537.468750,1.000000,3.376100,-341.313810
10.426000,0.117920,0.360170,3.681150,237.657070,-342.682530,77471.015630,,3.513240,-341.313450
10.428000,0.220460,0.512700,4.173340,237.675370,-342.682560,77640.828130,,3.436340,-341.313930
10.430000,0.335820,0.658810,3.916990,237.693300,-342.681760,77630.273440,,3.274840,-341.314910
10.432000,0.394780,0.684450,2.973630,237.711650,-342.681760,77537.468750,1.000000,3.436340,-341.315730
10.434000,0.365300,0.512700,2.184080,237.731020,-342.682430,77414.062500,,3.477360,-341.315800
10.436000,0.248660,0.483220,1.609860,237.750310,-342.682560,77492.117190,,3.432500,-341.315220
10.438000,0.193540,0.496030,2.430180,237.769260,-342.682220,77291.718750,,3.392760,-341.314730
10.440000,0.205080,0.597290,4.409180,237.787950,-342.682650,77377.148440,1.000000,3.537600,-341.314640
10.442000,0.344790,0.738280,5.721680,237.806200,-342.682560,77151.445310,,3.435060,-341.315190
10.444000,0.455020,0.861330,5.619140,237.824360,-342.681430,77051.250000,,3.238950,-341.316010
10.446000,0.501160,0.762630,4.737300,237.843510,-342.681430,77361.335940,,3.411990,-341.316350
10.448000,0.430660,0.474240,3.332520,237.863800,-342.682310,77490.000000,1.000000,3.509400,-341.315830
10.450000,0.278140,0.331970,2.727540,237.883960,-342.682560,77545.898440,,3.473510,-341.314730
10.452000,0.165340,0.314030,2.953130,237.903400,-342.682160,77769.500000,,3.381230,-341.313810
10.454000,0.124330,0.397340,3.752930,237.922300,-342.682530,77372.929690,,3.520940,-341.313450
10.456000,0.229430,0.549870,4.286130,237.940510,-342.682530,77269.570310,1.000000,3.426090,-341.313960
10.458000,0.342220,0.692140,4.173340,237.958400,-342.681700,77455.203130,,3.277400,-341.314940
10.460000,0.396060,0.713930,3.168460,237.976730,-342.681760,77493.171880,,3.441470,-341.315700
10.462000,0.358890,0.560120,2.317380,237.996050,-342.682460,77559.609380,,3.479920,-341.315730
10.464000,0.247380,0.543460,1.609860,238.015230,-342.682530,77578.593750,1.000000,3.431210,-341.315160
10.466000,0.193540,0.572940,2.563480,238.034070,-342.682220,77295.937500,,3.395320,-341.314670
10.468000,0.212770,0.692140,4.378420,238.052600,-342.682680,77367.656250,,3.545290,-341.314610
10.470000,0.353760,0.851070,5.783200,238.070720,-342.682530,77343.398440,,3.428650,-341.315190
10.472000,0.462710,0.974120,5.629390,238.088810,-342.681400,77614.460940,1.000000,3.242800,-341.316040
10.474000,0.508850,0.863890,4.768070,238.107970,-342.681460,77427.781250,,3.422240,-341.316350
10.476000,0.429380,0.549870,3.188960,238.128420,-342.682340,77270.625000,,3.514530,-341.315770
10.478000,0.274290,0.385800,2.625000,238.148700,-342.682530,77423.554690,,3.467100,-341.314640
10.480000,0.160220,0.349910,2.871090,238.168350,-342.682130,77387.695310,1.000000,3.386350,-341.313750
10.482000,0.126890,0.414000,3.814450,238.187450,-342.682560,76931.015630,,3.527340,-341.313420
10.484000,0.235840,0.542180,4.224610,238.205930,-342.682460,77457.304690,,3.414550,-341.313960
10.486000,0.348630,0.674190,4.183590,238.223970,-342.681670,77348.679690,,3.283810,-341.314940
10.488000,0.398620,0.676760,3.127440,238.242520,-342.681760,77263.250000,1.000000,3.447880,-341.315700
10.490000,0.356320,0.516540,2.235350,238.262020,-342.682500,77561.718750,,3.483760,-341.315670
10.492000,0.246090,0.489620,1.661130,238.281280,-342.682530,77622.898440,,3.432500,-341.315090
10.494000,0.194820,0.510130,2.368650,238.300230,-342.682220,77398.242190,,3.400450,-341.314640
10.496000,0.217900,0.625490,4.234860,238.318800,-342.682710,77601.804690,1.000000,3.552980,-341.314610
10.498000,0.361450,0.792110,5.742190,238.336930,-342.682460,77182.031250,,3.417110,-341.315220
10.500000,0.467830,0.920290,5.752440,238.355030,-342.681340,77318.093750,,3.244080,-341.316040
10.500000,0.467830,0.920290,5.752440,238.355030,-342.681340,77318.093750,,3.244080,-341.316040
10.502000,0.512700,0.794680,4.727050,238.374250,-342.681460,76983.750000,,3.426090,-341.316310
10.504000,0.424260,0.498600,3.291500,238.394650,-342.682370,77438.320310,1.000000,3.522220,-341.315700
10.506000,0.270450,0.364010,2.860840,238.414780,-342.682460,77471.015630,,3.463260,-341.314580
10.508000,0.157650,0.355040,2.922360,238.434200,-342.682130,77255.859380,,3.390200,-341.313690
10.510000,0.129460,0.453740,3.650390,238.453020,-342.682560,77340.234380,,3.537600,-341.313390
10.512000,0.240970,0.606260,4.337400,238.471220,-342.682460,77527.976560,1.000000,3.404300,-341.313960
10.514000,0.353760,0.752380,4.029790,238.489040,-342.681640,77358.164060,,3.295350,-341.314970
10.516000,0.403750,0.760070,3.158200,238.507450,-342.681790,77629.226560,,3.451720,-341.315700
10.518000,0.356320,0.613950,2.184080,238.526750,-342.682500,77708.320310,,3.487610,-341.315640
10.520000,0.247380,0.602420,1.732910,238.545850,-342.682460,77347.625000,1.000000,3.428650,-341.315060
10.522000,0.197390,0.625490,2.399410,238.564770,-342.682220,77292.781250,,3.405580,-341.314580
10.524000,0.225590,0.720340,4.542480,238.583450,-342.682680,77249.531250,,3.558110,-341.314540
10.526000,0.366580,0.848510,6.008790,238.601750,-342.682430,77190.468750,,3.406860,-341.315190
10.528000,0.466550,0.940800,5.752440,238.620030,-342.681340,77204.187500,1.000000,3.250490,-341.315980
10.530000,0.508850,0.781860,4.614260,238.639480,-342.681490,77417.226560,,3.431210,-341.316250
10.532000,0.421690,0.467830,3.383790,238.660080,-342.682400,77529.023440,,3.522220,-341.315610
10.534000,0.266600,0.320430,2.635250,238.680300,-342.682460,77565.945310,,3.454280,-341.314510
10.536000,0.160220,0.297360,3.024900,238.699910,-342.682130,77241.093750,1.000000,3.395320,-341.313660
10.538000,0.137150,0.380680,3.578610,238.718860,-342.682590,77622.898440,,3.540160,-341.313390
10.540000,0.252500,0.515260,4.234860,238.737150,-342.682430,77427.781250,,3.391480,-341.314000
10.542000,0.358890,0.648560,3.865720,238.755160,-342.681610,77205.242190,,3.296630,-341.314970
10.544000,0.405030,0.624210,3.117190,238.773770,-342.681820,77407.734380,1.000000,3.450440,-341.315670
10.546000,0.352480,0.462710,2.286620,238.793270,-342.682530,77516.375000,,3.487610,-341.315580
10.548000,0.243530,0.452450,1.681640,238.812450,-342.682460,77237.929690,,3.423520,-341.314970
10.550000,0.197390,0.481930,2.573730,238.831340,-342.682220,77367.656250,,3.406860,-341.314540
10.552000,0.233280,0.607540,4.521970,238.849850,-342.682740,77058.640630,1.000000,3.563230,-341.314540
10.554000,0.379390,0.771610,5.762700,238.867920,-342.682370,77276.953130,,3.391480,-341.315220
10.556000,0.480650,0.906190,5.721680,238.885960,-342.681300,77619.726560,,3.251770,-341.316040
10.558000,0.529360,0.786990,4.532230,238.905120,-342.681520,77485.789060,,3.433780,-341.316310
10.560000,0.428100,0.511410,3.158200,238.925400,-342.682430,77472.070310,1.000000,3.519650,-341.315610
10.562000,0.266600,0.402470,2.481450,238.945330,-342.682460,77361.335940,,3.442750,-341.314420
10.564000,0.156370,0.387080,2.881350,238.964750,-342.682160,77229.500000,,3.397890,-341.313540
10.566000,0.132020,0.488340,3.701660,238.983520,-342.682590,77515.312500,,3.544010,-341.313260
10.568000,0.248660,0.606260,4.265630,239.001800,-342.682400,77293.835940,1.000000,3.373540,-341.313870
10.570000,0.357600,0.747250,3.947750,239.019730,-342.681640,77300.156250,,3.308170,-341.314910
10.572000,0.411440,0.717770,3.065920,239.038380,-342.681880,77196.796880,,3.447880,-341.315610
10.574000,0.357600,0.563960,2.184080,239.057830,-342.682590,77405.632810,,3.485050,-341.315550
10.576000,0.247380,0.554990,1.589360,239.077000,-342.682460,77390.867190,1.000000,3.413270,-341.314970
10.578000,0.201230,0.581910,2.583980,239.095930,-342.682250,77355.000000,,3.410710,-341.314510
10.580000,0.237120,0.693420,4.234860,239.114500,-342.682740,77177.812500,,3.564510,-341.314510
10.582000,0.383240,0.831850,5.660160,239.132720,-342.682340,77517.421880,,3.378660,-341.315190
10.584000,0.471680,0.924130,5.475590,239.151030,-342.681300,77302.273440,1.000000,3.253050,-341.315920
10.586000,0.508850,0.740840,4.562990,239.170550,-342.681580,77224.218750,,3.429930,-341.316130
10.588000,0.408870,0.443480,3.250490,239.191100,-342.682500,77378.210940,,3.518370,-341.315460
10.590000,0.258910,0.320430,2.625000,239.211200,-342.682460,77367.656250,,3.429930,-341.314360
10.592000,0.165340,0.303770,3.004390,239.230740,-342.682190,77053.367190,1.000000,3.396610,-341.313540
10.594000,0.149960,0.406310,3.722170,239.249570,-342.682620,77497.390630,,3.538880,-341.313350
10.596000,0.265320,0.551150,4.163090,239.267810,-342.682370,77303.328130,,3.359440,-341.314030
10.598000,0.364010,0.707520,3.875980,239.285640,-342.681640,77396.132810,,3.305600,-341.315000
10.600000,0.408870,0.685730,3.076170,239.304230,-342.681920,77376.101560,1.000000,3.442750,-341.315610
10.602000,0.347350,0.549870,2.153320,239.323590,-342.682620,77590.195310,,3.481200,-341.315490
10.604000,0.242250,0.562680,1.630370,239.342650,-342.682460,77427.781250,,3.408140,-341.314910
10.606000,0.202510,0.599850,2.501950,239.361530,-342.682280,77458.359380,,3.409420,-341.314480
10.608000,0.246090,0.721620,4.429690,239.380080,-342.682740,77232.664060,1.000000,3.558110,-341.314510
10.610000,0.390930,0.865170,5.619140,239.398250,-342.682310,77127.195310,,3.358150,-341.315220
10.612000,0.478090,0.963870,5.465330,239.416580,-342.681300,76095.703130,,3.249210,-341.315980
10.614000,0.510130,0.783140,4.706540,239.436160,-342.681640,77426.718750,,3.427370,-341.316130
10.616000,0.406310,0.487060,3.383790,239.456730,-342.682530,77273.796880,1.000000,3.511960,-341.315400
10.618000,0.256350,0.380680,2.768550,239.476780,-342.682460,77372.929690,,3.414550,-341.314300
10.620000,0.161500,0.364010,2.973630,239.496310,-342.682220,77507.937500,,3.399170,-341.313510
10.622000,0.146120,0.461430,3.578610,239.515150,-342.682650,77464.695310,,3.532470,-341.313290
10.624000,0.266600,0.596010,4.101560,239.533370,-342.682370,77450.984380,1.000000,3.345340,-341.314000
10.626000,0.366580,0.733150,3.517090,239.551330,-342.681640,77655.593750,,3.304320,-341.314970
10.628000,0.411440,0.678040,2.942870,239.570070,-342.681980,77539.578130,,3.432500,-341.315610
10.630000,0.346070,0.530640,2.235350,239.589550,-342.682650,77332.859380,,3.477360,-341.315460
10.632000,0.242250,0.529360,1.661130,239.608670,-342.682500,77425.664060,1.000000,3.391480,-341.314880
10.634000,0.202510,0.553710,2.819820,239.627620,-342.682310,77313.867190,,3.410710,-341.314480
10.636000,0.247380,0.671630,4.706540,239.646150,-342.682800,77137.734380,,3.551700,-341.314510
10.638000,0.393490,0.808780,5.721680,239.664320,-342.682310,77244.265630,,3.344060,-341.315220
10.640000,0.479370,0.892090,5.362790,239.682680,-342.681340,77320.203130,1.000000,3.247920,-341.315950
10.642000,0.507570,0.706240,4.439940,239.702260,-342.681730,77657.695310,,3.426090,-341.316100
10.644000,0.401180,0.410160,3.312010,239.722750,-342.682590,77460.468750,,3.508120,-341.315340
10.646000,0.251220,0.320430,2.655760,239.742710,-342.682460,77357.109380,,3.400450,-341.314240
10.648000,0.157650,0.317870,3.035160,239.762070,-342.682250,77666.132810,1.000000,3.396610,-341.313450
10.650000,0.148680,0.451170,3.660640,239.780750,-342.682710,77358.164060,,3.527340,-341.313290
10.652000,0.271730,0.597290,3.988770,239.798840,-342.682400,77349.726560,,3.328670,-341.314030
10.654000,0.371700,0.752380,3.599120,239.816730,-342.681670,77413.007810,,3.300480,-341.315030
10.656000,0.410160,0.690860,2.850590,239.835450,-342.682040,77183.085940,1.000000,3.429930,-341.315610
10.658000,0.339660,0.544740,2.337890,239.854920,-342.682710,77259.031250,,3.473510,-341.315430
10.660000,0.237120,0.548580,1.722660,239.874050,-342.682500,77516.375000,,3.385070,-341.314850
10.662000,0.202510,0.575500,2.983890,239.893050,-342.682370,77326.523440,,3.408140,-341.314450
10.664000,0.255070,0.693420,4.573240,239.911650,-342.682830,77331.804690,1.000000,3.545290,-341.314540
10.666000,0.401180,0.829280,5.598630,239.929900,-342.682310,77172.539060,,3.326110,-341.315280
10.668000,0.483220,0.907470,5.219240,239.948350,-342.681340,77636.601560,,3.242800,-341.315950
10.670000,0.503720,0.701110,4.552730,239.968080,-342.681760,77392.976560,,3.423520,-341.316040
10.672000,0.393490,0.408870,3.229980,239.988680,-342.682650,77482.625000,1.000000,3.506840,-341.315280
10.674000,0.246090,0.330690,2.799320,240.008650,-342.682500,77499.492190,,3.388920,-341.314180
10.676000,0.152530,0.329410,3.137700,240.028030,-342.682310,77538.523440,,3.395320,-341.313390
10.678000,0.153810,0.438350,3.804200,240.046770,-342.682740,77153.554690,,3.519650,-341.313320
10.680000,0.283260,0.571660,3.968260,240.064880,-342.682400,77394.031250,1.000000,3.319700,-341.314090
10.682000,0.378110,0.722900,3.681150,240.082750,-342.681700,77126.140630,,3.296630,-341.315060
10.684000,0.415280,0.657530,2.973630,240.101470,-342.682070,77388.757810,,3.426090,-341.315640
10.686000,0.338380,0.534480,2.368650,240.120800,-342.682740,77517.421880,,3.470950,-341.315400
10.688000,0.235840,0.554990,1.794430,240.139800,-342.682500,77591.250000,1.000000,3.372250,-341.314790
10.690000,0.202510,0.592160,3.024900,240.158600,-342.682400,77292.781250,,3.411990,-341.314390
10.692000,0.258910,0.721620,4.491210,240.177080,-342.682860,77555.398440,,3.536320,-341.314510
10.694000,0.411440,0.860050,5.588380,240.195210,-342.682280,77190.468750,,3.310730,-341.315280
10.696000,0.489620,0.929260,5.116700,240.213620,-342.681340,77309.648440,1.000000,3.245360,-341.315980
10.698000,0.506290,0.702390,4.460450,240.233370,-342.681820,77093.437500,,3.423520,-341.316040
10.698000,0.506290,0.702390,4.460450,240.233370,-342.681820,77093.437500,,3.423520,-341.316040
10.700000,0.393490,0.398620,3.435060,240.253980,-342.682710,77342.343750,,3.506840,-341.315220
10.702000,0.240970,0.323000,3.004390,240.273970,-342.682500,77338.125000,,3.376100,-341.314090
10.704000,0.151250,0.299930,3.209470,240.293470,-342.682310,77473.125000,1.000000,3.399170,-341.313350
10.706000,0.157650,0.419130,3.927250,240.312270,-342.682770,77368.710940,,3.510680,-341.313290
10.708000,0.287110,0.533200,3.947750,240.330520,-342.682370,77579.656250,,3.304320,-341.314090
10.710000,0.374270,0.669070,3.373540,240.348560,-342.681700,77463.640630,,3.300480,-341.315030
10.712000,0.410160,0.574220,2.789060,240.367430,-342.682130,77641.882810,1.000000,3.420960,-341.315610
10.714000,0.333250,0.456300,2.276370,240.386900,-342.682770,77567.000000,,3.467100,-341.315340
10.716000,0.233280,0.479370,1.896970,240.405940,-342.682530,77307.539060,,3.359440,-341.314790
10.718000,0.202510,0.515260,3.178710,240.424820,-342.682460,77318.093750,,3.417110,-341.314390
10.720000,0.262760,0.653690,4.788570,240.443300,-342.682860,77291.718750,1.000000,3.528630,-341.314540
10.722000,0.410160,0.803650,5.629390,240.461380,-342.682250,77045.984380,,3.294070,-341.315280
10.724000,0.485780,0.877990,5.250000,240.479750,-342.681340,77330.750000,,3.251770,-341.315950
10.726000,0.498600,0.667790,4.480960,240.499450,-342.681880,77399.296880,,3.422240,-341.315980
10.728000,0.383240,0.401180,3.404300,240.519900,-342.682740,77437.273440,1.000000,3.497860,-341.315160
10.730000,0.238400,0.360170,2.891600,240.539670,-342.682500,77642.929690,,3.368410,-341.314090
10.732000,0.153810,0.366580,3.219730,240.558930,-342.682370,77563.828130,,3.401730,-341.313390
10.734000,0.165340,0.526790,3.711910,240.577420,-342.682800,77454.140630,,3.500430,-341.313350
10.736000,0.294800,0.675480,3.927250,240.595370,-342.682340,77306.484380,1.000000,3.296630,-341.314120
10.736000,0.294800,0.675480,3.927250,240.595370,-342.682340,77306.484380,1.000000,3.296630,-341.314120
10.738000,0.378110,0.842100,3.229980,240.613140,-342.681730,77324.414060,,3.301760,-341.315060
10.740000,0.410160,0.766480,2.768550,240.631900,-342.682190,77390.867190,,3.418400,-341.315610
10.742000,0.325560,0.651120,2.327640,240.651230,-342.682800,77222.109380,,3.464540,-341.315340
10.744000,0.231990,0.661380,1.968750,240.670300,-342.682530,77290.671880,1.000000,3.353030,-341.314730
10.746000,0.203800,0.675480,3.547850,240.689300,-342.682460,77379.265630,,3.420960,-341.314360
10.748000,0.270450,0.789550,4.921880,240.707950,-342.682890,77217.898440,,3.514530,-341.314540
10.750000,0.419130,0.910030,5.455080,240.726260,-342.682220,77339.187500,,3.278690,-341.315340
10.750000,0.419130,0.910030,5.455080,240.726260,-342.682220,77339.187500,,3.278690,-341.315340
10.752000,0.493470,0.940800,4.952640,240.744980,-342.681370,77410.898440,1.000000,3.256900,-341.315980
10.754000,0.501160,0.684450,4.050290,240.765030,-342.681920,77188.359380,,3.423520,-341.315950
10.756000,0.378110,0.380680,3.199220,240.785800,-342.682770,77671.414060,,3.495300,-341.315060
10.758000,0.230710,0.320430,2.994140,240.805830,-342.682500,77533.242190,,3.364560,-341.314000
10.760000,0.147400,0.302490,3.486330,240.825300,-342.682400,77242.156250,1.000000,3.406860,-341.313260
10.762000,0.166630,0.443480,3.845210,240.843990,-342.682830,77366.609380,,3.488890,-341.313320
10.764000,0.302490,0.562680,4.070800,240.862150,-342.682310,77397.195310,,3.291500,-341.314150
10.764000,0.302490,0.562680,4.070800,240.862150,-342.682310,77397.195310,,3.291500,-341.314150
10.766000,0.383240,0.692140,3.547850,240.880160,-342.681730,77260.085940,,3.306880,-341.315090
10.768000,0.415280,0.578060,2.717290,240.899120,-342.682220,77334.960940,1.000000,3.420960,-341.315610
10.770000,0.326840,0.471680,2.317380,240.918520,-342.682800,77437.273440,,3.461980,-341.315310
10.772000,0.231990,0.502440,2.061040,240.937530,-342.682500,77296.992190,,3.349180,-341.314700
10.774000,0.203800,0.543460,3.424800,240.956330,-342.682500,77447.820310,,3.428650,-341.314360
10.776000,0.275570,0.697270,4.716800,240.974730,-342.682890,77173.601560,1.000000,3.509400,-341.314540
10.778000,0.424260,0.861330,5.444820,240.992680,-342.682190,77401.406250,,3.272280,-341.315340
10.780000,0.494750,0.936950,5.116700,241.011000,-342.681370,77252.695310,,3.268430,-341.315980
10.782000,0.497310,0.729310,4.060550,241.030700,-342.681980,77157.781250,,3.431210,-341.315920
10.784000,0.374270,0.471680,3.301760,241.051060,-342.682770,77487.890630,1.000000,3.496580,-341.315060
10.786000,0.230710,0.434510,3.014650,241.070760,-342.682460,77346.570310,,3.363280,-341.313960
10.788000,0.148680,0.430660,3.455570,241.090000,-342.682400,77047.031250,,3.417110,-341.313260
10.790000,0.171750,0.575500,3.793950,241.108600,-342.682800,77385.585940,,3.485050,-341.313350
10.792000,0.306340,0.684450,4.091310,241.126750,-342.682280,77199.968750,1.000000,3.290220,-341.314180
10.794000,0.384520,0.803650,3.260740,241.144850,-342.681730,77401.406250,,3.310730,-341.315120
10.796000,0.410160,0.669070,2.778810,241.163930,-342.682220,77661.914060,,3.426090,-341.315580
10.798000,0.319150,0.560120,2.255860,241.183460,-342.682800,77544.843750,,3.463260,-341.315250
10.800000,0.229430,0.574220,2.040530,241.202610,-342.682500,77417.226560,1.000000,3.351750,-341.314670
10.802000,0.203800,0.594730,3.394040,241.221570,-342.682500,77662.976560,,3.437620,-341.314360
10.804000,0.281980,0.713930,4.911620,241.240170,-342.682890,77130.351560,,3.505550,-341.314610
10.806000,0.430660,0.831850,5.393550,241.258420,-342.682130,77247.429690,,3.268430,-341.315400
10.808000,0.497310,0.845950,5.075680,241.277130,-342.681370,76993.250000,1.000000,3.277400,-341.316010
10.810000,0.496030,0.588320,4.081050,241.297150,-342.682010,77199.968750,,3.440190,-341.315920
10.812000,0.365300,0.316590,3.394040,241.317750,-342.682740,77147.234380,,3.496580,-341.315000
10.814000,0.224300,0.269170,3.127440,241.337630,-342.682430,77341.289060,,3.364560,-341.313930
10.816000,0.146120,0.264040,3.486330,241.356950,-342.682370,77370.820310,1.000000,3.427370,-341.313260
10.818000,0.175600,0.420410,3.875980,241.375500,-342.682800,77499.492190,,3.479920,-341.313350
10.820000,0.307620,0.562680,3.927250,241.393450,-342.682220,77295.937500,,3.294070,-341.314210
10.822000,0.383240,0.715210,3.045410,241.411330,-342.681730,77525.867190,,3.326110,-341.315160
10.824000,0.410160,0.615230,2.532710,241.430150,-342.682250,77426.718750,1.000000,3.436340,-341.315610
10.826000,0.314030,0.540890,2.009770,241.449360,-342.682800,77428.828130,,3.467100,-341.315250
10.828000,0.228150,0.590880,2.061040,241.468170,-342.682460,77364.500000,,3.356870,-341.314670
10.830000,0.205080,0.646000,3.711910,241.486850,-342.682500,77243.210940,,3.453000,-341.314360
10.832000,0.283260,0.786990,5.147460,241.505250,-342.682860,76886.718750,1.000000,3.497860,-341.314640
10.834000,0.426820,0.919010,5.414060,241.523410,-342.682040,77223.171880,,3.267150,-341.315400
10.836000,0.489620,0.926700,5.034670,241.542100,-342.681340,77367.656250,,3.285100,-341.315980
10.838000,0.483220,0.666500,4.019530,241.562180,-342.682010,77552.234380,,3.444030,-341.315890
10.840000,0.353760,0.412720,3.045410,241.582720,-342.682740,77430.937500,1.000000,3.499150,-341.314940
10.842000,0.220460,0.376830,2.891600,241.602600,-342.682400,77688.281250,,3.364560,-341.313930
10.844000,0.144840,0.356320,3.455570,241.621980,-342.682370,77574.382810,,3.436340,-341.313290
10.846000,0.183290,0.508850,3.742680,241.640590,-342.682800,77357.109380,,3.482480,-341.313450
10.848000,0.314030,0.642150,4.091310,241.658630,-342.682190,77346.570310,1.000000,3.294070,-341.314330
10.850000,0.389650,0.772890,3.219730,241.676570,-342.681700,77476.296880,,3.331240,-341.315220
10.852000,0.408870,0.646000,2.573730,241.695560,-342.682250,77192.585940,,3.446590,-341.315640
10.854000,0.308900,0.562680,2.061040,241.714870,-342.682740,77345.515630,,3.465820,-341.315250
10.856000,0.224300,0.584470,2.061040,241.733870,-342.682430,77448.875000,1.000000,3.358150,-341.314640
10.858000,0.203800,0.629330,3.773440,241.752670,-342.682460,77165.156250,,3.459410,-341.314360
10.860000,0.290950,0.766480,5.157710,241.771100,-342.682830,77237.929690,,3.492740,-341.314670
10.862000,0.434510,0.903630,5.424320,241.789230,-342.681980,77225.273440,,3.260740,-341.315460
10.864000,0.501160,0.913880,4.983400,241.807880,-342.681340,77231.609380,1.000000,3.299190,-341.316070
10.866000,0.487060,0.661380,3.711910,241.827900,-342.682040,77401.406250,,3.456850,-341.315890
10.868000,0.347350,0.433230,3.086430,241.848300,-342.682740,77467.859380,,3.504270,-341.314910
10.870000,0.214050,0.411440,2.953130,241.868000,-342.682370,77259.031250,,3.370970,-341.313870
10.872000,0.138430,0.420410,3.588870,241.887220,-342.682370,76936.296880,1.000000,3.449160,-341.313260
10.874000,0.180730,0.566530,3.927250,241.905780,-342.682740,77189.421880,,3.476070,-341.313420
10.876000,0.310180,0.678040,3.999020,241.923920,-342.682100,77282.226560,,3.288940,-341.314300
10.878000,0.389650,0.775450,3.178710,241.942120,-342.681700,77319.140630,,3.340210,-341.315220
10.880000,0.403750,0.624210,2.491700,241.961350,-342.682250,77313.867190,1.000000,3.449160,-341.315610
10.882000,0.301210,0.537050,1.979000,241.980850,-342.682740,77463.640630,,3.464540,-341.315220
10.884000,0.221740,0.542180,2.030270,242.000030,-342.682400,77540.632810,,3.362000,-341.314670
10.886000,0.203800,0.583190,3.722170,242.018920,-342.682500,77261.132810,,3.468380,-341.314360
10.888000,0.294800,0.721620,5.270510,242.037430,-342.682830,77500.546880,1.000000,3.492740,-341.314700
10.890000,0.433230,0.860050,5.567870,242.055570,-342.681920,77124.023440,,3.263310,-341.315520
10.892000,0.498600,0.858760,4.983400,242.074300,-342.681340,77314.921880,,3.314580,-341.316070
10.894000,0.480650,0.578060,3.886230,242.094420,-342.682040,77504.765630,,3.463260,-341.315890
10.896000,0.340940,0.347350,3.014650,242.114870,-342.682740,76947.890630,1.000000,3.505550,-341.314910
10.898000,0.214050,0.307620,2.994140,242.134600,-342.682310,77345.515630,,3.370970,-341.313900
10.900000,0.138430,0.321720,3.578610,242.153780,-342.682370,77368.710940,,3.460690,-341.313290
10.902000,0.187130,0.485780,4.142580,242.172200,-342.682740,77436.218750,,3.474790,-341.313510
10.904000,0.317870,0.638310,4.019530,242.190050,-342.682040,77380.312500,1.000000,3.288940,-341.314390
10.906000,0.392210,0.770320,3.127440,242.207930,-342.681700,77326.523440,,3.355590,-341.315340
10.908000,0.401180,0.660100,2.419920,242.226810,-342.682280,77703.054690,,3.459410,-341.315640
10.910000,0.293520,0.624210,1.948240,242.245880,-342.682740,77642.929690,,3.469670,-341.315220
10.912000,0.217900,0.663940,2.009770,242.264620,-342.682370,77497.390630,1.000000,3.369690,-341.314670
10.914000,0.201230,0.731870,3.927250,242.283250,-342.682500,77270.625000,,3.482480,-341.314390
10.916000,0.297360,0.872860,5.475590,242.301540,-342.682770,77128.250000,,3.491460,-341.314760
10.918000,0.437070,1.008730,5.598630,242.319670,-342.681820,77145.117190,,3.256900,-341.315580
10.920000,0.496030,0.977970,4.850100,242.338500,-342.681300,77476.296880,1.000000,3.324830,-341.316130
10.922000,0.474240,0.666500,3.824710,242.358860,-342.682040,77559.609380,,3.470950,-341.315890
10.924000,0.329410,0.416560,2.737790,242.379530,-342.682710,77439.382810,,3.506840,-341.314910
10.926000,0.202510,0.360170,2.768550,242.399480,-342.682280,77423.554690,,3.373540,-341.313900
10.928000,0.133300,0.371700,3.414550,242.418870,-342.682370,77403.523440,1.000000,3.467100,-341.313320
10.930000,0.192260,0.505000,4.142580,242.437580,-342.682740,77325.468750,,3.479920,-341.313570
10.932000,0.316590,0.620360,3.999020,242.455750,-342.682010,77558.554690,,3.288940,-341.314480
10.934000,0.390930,0.704960,3.240230,242.474000,-342.681670,77262.195310,,3.368410,-341.315370
10.936000,0.394780,0.546020,2.501950,242.493260,-342.682280,77413.007810,1.000000,3.465820,-341.315700
10.938000,0.285830,0.487060,2.050780,242.512620,-342.682710,77473.125000,,3.468380,-341.315250
10.940000,0.214050,0.506290,2.204590,242.531630,-342.682310,77365.546880,,3.374820,-341.314700
10.942000,0.199950,0.571660,4.070800,242.550350,-342.682460,77074.453130,,3.491460,-341.314450
10.944000,0.307620,0.712650,5.373050,242.568730,-342.682740,77232.664060,1.000000,3.487610,-341.314820
10.946000,0.440920,0.857480,5.680660,242.586810,-342.681760,77267.460940,,3.253050,-341.315640
10.948000,0.490910,0.852360,4.891110,242.605500,-342.681340,77573.320310,,3.342770,-341.316160
10.950000,0.462710,0.588320,3.845210,242.625520,-342.682100,77406.687500,,3.477360,-341.315890
10.952000,0.319150,0.411440,2.819820,242.645720,-342.682710,77815.906250,1.000000,3.504270,-341.314880
10.954000,0.198670,0.410160,2.840330,242.665150,-342.682280,77510.046880,,3.374820,-341.313900
10.956000,0.132020,0.462710,3.281250,242.684080,-342.682400,77331.804690,,3.476070,-341.313350
10.958000,0.192260,0.628050,4.070800,242.702350,-342.682710,77158.835940,,3.473510,-341.313630
10.960000,0.314030,0.762630,4.111820,242.720250,-342.681920,77329.687500,1.000000,3.281250,-341.314510
10.962000,0.381960,0.843380,3.312010,242.738400,-342.681700,77094.492190,,3.379940,-341.315430
10.964000,0.383240,0.674190,2.512210,242.757630,-342.682280,77532.187500,,3.461980,-341.315700
10.966000,0.278140,0.612670,2.430180,242.777050,-342.682650,77543.796880,,3.455570,-341.315280
10.968000,0.207640,0.603700,2.184080,242.796170,-342.682310,77380.312500,1.000000,3.373540,-341.314760
10.970000,0.196110,0.652400,3.988770,242.815090,-342.682500,77453.085940,,3.495300,-341.314510
10.972000,0.305050,0.766480,5.383300,242.833650,-342.682740,77517.421880,,3.482480,-341.314910
10.974000,0.431950,0.883120,5.578130,242.851940,-342.681730,77400.351560,,3.254330,-341.315700
10.976000,0.481930,0.834410,4.993650,242.870970,-342.681340,77329.687500,1.000000,3.356870,-341.316190
10.978000,0.451170,0.513980,3.681150,242.891300,-342.682160,77336.023440,,3.479920,-341.315890
10.980000,0.307620,0.312740,2.953130,242.911770,-342.682680,77456.250000,,3.500430,-341.314910
10.982000,0.188420,0.262760,2.778810,242.931520,-342.682250,76940.507810,,3.370970,-341.313960
10.984000,0.126890,0.303770,3.588870,242.950700,-342.682400,77199.968750,1.000000,3.481200,-341.313450
10.986000,0.199950,0.451170,4.624510,242.969130,-342.682680,77338.125000,,3.464540,-341.313780
10.988000,0.320430,0.594730,4.173340,242.987080,-342.681880,77138.789060,,3.276120,-341.314700
10.990000,0.381960,0.683170,3.312010,243.005170,-342.681700,77409.851560,,3.390200,-341.315550
10.992000,0.378110,0.543460,2.553220,243.024280,-342.682310,77667.195310,1.000000,3.468380,-341.315770
10.994000,0.265320,0.521670,1.927730,243.043430,-342.682680,77508.992190,,3.456850,-341.315280
10.996000,0.199950,0.566530,2.143070,243.062190,-342.682310,77511.093750,,3.378660,-341.314760
10.998000,0.193540,0.675480,3.896480,243.080700,-342.682530,77637.664060,,3.504270,-341.314540
11.000000,0.314030,0.839540,5.444820,243.098800,-342.682740,77118.750000,1.000000,3.477360,-341.315000
11.000000,0.314030,0.839540,5.444820,243.098800,-342.682740,77118.750000,1.000000,3.477360,-341.315000
11.002000,0.440920,1.001040,5.588380,243.116730,-342.681640,77211.562500,,3.247920,-341.315860
11.004000,0.490910,0.971560,4.973140,243.135500,-342.681340,77235.828130,,3.362000,-341.316310
11.006000,0.453740,0.678040,3.845210,243.155700,-342.682160,77337.070310,,3.483760,-341.315980
11.008000,0.298650,0.485780,2.963380,243.176060,-342.682680,77311.757810,1.000000,3.496580,-341.314910
11.010000,0.180730,0.443480,2.850590,243.195760,-342.682220,77439.382810,,3.368410,-341.313930
11.012000,0.119200,0.485780,3.558110,243.214950,-342.682430,77421.453130,,3.481200,-341.313420
11.014000,0.197390,0.601140,4.029790,243.233520,-342.682650,77433.054690,,3.463260,-341.313780
11.016000,0.317870,0.722900,4.050290,243.251650,-342.681880,77481.562500,1.000000,3.274840,-341.314730
11.018000,0.383240,0.781860,3.168460,243.269970,-342.681730,77625.007810,,3.401730,-341.315610
11.020000,0.376830,0.608830,2.419920,243.289350,-342.682340,77402.460940,,3.468380,-341.315830
11.022000,0.266600,0.553710,1.722660,243.308750,-342.682650,77350.789060,,3.450440,-341.315340
11.024000,0.198670,0.552430,2.061040,243.327800,-342.682280,77286.453130,1.000000,3.382510,-341.314790
11.026000,0.192260,0.624210,4.101560,243.346570,-342.682560,77318.093750,,3.508120,-341.314580
11.028000,0.315310,0.752380,5.608890,243.364940,-342.682680,76955.281250,,3.468380,-341.315060
11.028000,0.315310,0.752380,5.608890,243.364940,-342.682680,76955.281250,,3.468380,-341.315060
11.030000,0.439640,0.876710,5.813960,243.383120,-342.681610,77291.718750,,3.246640,-341.315890
11.032000,0.492190,0.815190,5.106450,243.402130,-342.681340,77229.500000,1.000000,3.372250,-341.316350
11.034000,0.449890,0.516540,3.681150,243.422380,-342.682190,77480.515630,,3.487610,-341.315980
11.036000,0.294800,0.355040,2.789060,243.442630,-342.682650,77558.554690,,3.494020,-341.314910
11.038000,0.179440,0.348630,2.778810,243.462080,-342.682190,77353.945310,,3.368410,-341.313960
11.040000,0.120480,0.420410,3.363280,243.481020,-342.682460,77288.562500,1.000000,3.490170,-341.313450
11.042000,0.202510,0.575500,4.091310,243.499270,-342.682620,77453.085940,,3.459410,-341.313810
11.044000,0.319150,0.720340,4.122070,243.517150,-342.681820,77359.226560,,3.271000,-341.314790
11.046000,0.381960,0.783140,3.291500,243.535350,-342.681730,77475.234380,,3.413270,-341.315610
11.048000,0.367860,0.616520,2.481450,243.554660,-342.682340,77304.382810,1.000000,3.468380,-341.315800
11.050000,0.256350,0.580630,1.866210,243.573970,-342.682620,77324.414060,,3.446590,-341.315310
11.052000,0.198670,0.584470,2.184080,243.592970,-342.682250,77213.679690,,3.382510,-341.314790
11.054000,0.197390,0.665220,4.050290,243.611770,-342.682590,77183.085940,,3.515810,-341.314640
11.056000,0.321720,0.798520,5.537110,243.630130,-342.682650,77363.445310,1.000000,3.460690,-341.315090
11.058000,0.438350,0.927980,5.701170,243.648330,-342.681580,77515.312500,,3.245360,-341.315920
11.060000,0.487060,0.858760,4.942380,243.667400,-342.681370,77327.578130,,3.386350,-341.316310
11.062000,0.439640,0.548580,3.383790,243.687740,-342.682220,77561.718750,,3.492740,-341.315920
11.064000,0.284550,0.370420,2.748050,243.708130,-342.682620,77407.734380,1.000000,3.488890,-341.314850
11.066000,0.174320,0.334530,2.501950,243.727720,-342.682190,77385.585940,,3.368410,-341.313930
11.068000,0.121770,0.388370,3.394040,243.746800,-342.682460,77252.695310,,3.497860,-341.313510
11.070000,0.212770,0.529360,3.947750,243.765150,-342.682590,77071.296880,,3.450440,-341.313930
11.072000,0.329410,0.661380,4.173340,243.783100,-342.681790,76910.984380,1.000000,3.269710,-341.314910
11.074000,0.385800,0.711360,3.322270,243.801350,-342.681730,77434.109380,,3.417110,-341.315670
11.076000,0.364010,0.554990,2.399410,243.820600,-342.682400,77349.726560,,3.473510,-341.315800
11.078000,0.248660,0.533200,1.814940,243.839800,-342.682620,77396.132810,,3.442750,-341.315280
11.080000,0.197390,0.565250,2.091800,243.858580,-342.682280,77385.585940,1.000000,3.385070,-341.314790
11.082000,0.198670,0.665220,3.958010,243.877150,-342.682590,77431.992190,,3.524780,-341.314640
11.084000,0.330690,0.817750,5.547360,243.895280,-342.682620,77369.773440,,3.456850,-341.315160
11.086000,0.446040,0.958740,5.516600,243.913270,-342.681490,77549.062500,,3.242800,-341.315980
11.088000,0.494750,0.890810,4.993650,243.932280,-342.681340,77379.265630,1.000000,3.394040,-341.316380
11.090000,0.435790,0.581910,3.527340,243.952580,-342.682250,77441.484380,,3.497860,-341.315890
11.092000,0.278140,0.416560,2.932620,243.972870,-342.682590,77114.531250,,3.485050,-341.314820
11.094000,0.167910,0.387080,2.799320,243.992480,-342.682160,77296.992190,,3.370970,-341.313870
11.096000,0.119200,0.448610,3.660640,244.011600,-342.682460,77201.023440,1.000000,3.501710,-341.313480
11.098000,0.215330,0.578060,4.142580,244.030040,-342.682590,77309.648440,,3.442750,-341.313930
11.100000,0.330690,0.698550,4.009280,244.048160,-342.681760,77452.039060,,3.273560,-341.314910
11.102000,0.384520,0.721620,3.271000,244.066620,-342.681760,77731.523440,,3.427370,-341.315700
11.104000,0.361450,0.552430,2.471190,244.086070,-342.682430,77407.734380,1.000000,3.473510,-341.315800
11.106000,0.248660,0.520390,1.691890,244.105450,-342.682590,77531.132810,,3.436340,-341.315250
11.108000,0.193540,0.533200,2.081540,244.124420,-342.682250,77627.117190,,3.388920,-341.314790
11.110000,0.201230,0.635740,4.070800,244.143100,-342.682620,77195.742190,,3.528630,-341.314640
11.112000,0.335820,0.784420,5.537110,244.161330,-342.682590,77207.343750,1.000000,3.446590,-341.315190
11.114000,0.449890,0.916440,5.690920,244.179440,-342.681490,77402.460940,,3.240230,-341.316010
11.116000,0.496030,0.831850,4.891110,244.198500,-342.681400,77326.523440,,3.400450,-341.316380
11.118000,0.435790,0.551150,3.609380,244.218750,-342.682280,77242.156250,,3.500430,-341.315890
11.120000,0.278140,0.412720,2.748050,244.238850,-342.682590,77373.992190,1.000000,3.479920,-341.314790
11.122000,0.165340,0.412720,2.778810,244.258220,-342.682160,77481.562500,,3.372250,-341.313840
11.124000,0.119200,0.490910,3.435060,244.277100,-342.682530,77327.578130,,3.510680,-341.313480
11.126000,0.220460,0.651120,3.937500,244.295270,-342.682560,77322.304690,,3.432500,-341.313960
11.128000,0.333250,0.798520,3.906740,244.313080,-342.681760,77655.593750,1.000000,3.274840,-341.314910
11.130000,0.390930,0.834410,3.353030,244.331380,-342.681760,77264.296880,,3.432500,-341.315700
11.132000,0.360170,0.671630,2.399410,244.350680,-342.682460,77419.343750,,3.477360,-341.315770
11.134000,0.247380,0.640870,1.876460,244.369920,-342.682590,77514.257810,,3.435060,-341.315220
11.136000,0.193540,0.651120,2.153320,244.388870,-342.682250,77302.273440,1.000000,3.390200,-341.314760
11.138000,0.203800,0.738280,4.337400,244.407620,-342.682650,77002.734380,,3.537600,-341.314640
11.140000,0.343510,0.865170,5.598630,244.425950,-342.682560,77284.335940,,3.435060,-341.315190
11.142000,0.452450,0.966430,5.844730,244.444240,-342.681430,77250.593750,,3.240230,-341.316010
11.144000,0.498600,0.831850,4.983400,244.463650,-342.681400,77512.148440,1.000000,3.410710,-341.316350
11.146000,0.428100,0.497310,3.435060,244.484270,-342.682310,77343.398440,,3.506840,-341.315830
11.148000,0.271730,0.330690,2.635250,244.504700,-342.682590,77632.390630,,3.474790,-341.314730
11.148000,0.271730,0.330690,2.635250,244.504700,-342.682590,77632.390630,,3.474790,-341.314730
11.150000,0.160220,0.296080,2.768550,244.524370,-342.682160,77259.031250,,3.376100,-341.313810
11.152000,0.123050,0.353760,3.465820,244.543470,-342.682530,77317.039060,1.000000,3.517090,-341.313480
11.154000,0.230710,0.479370,4.255370,244.561900,-342.682500,77304.382810,,3.424800,-341.313960
11.156000,0.338380,0.606260,4.019530,244.579930,-342.681700,77083.953130,,3.276120,-341.314970
11.158000,0.393490,0.625490,3.424800,244.598340,-342.681760,77172.539060,,3.440190,-341.315730
11.160000,0.356320,0.476810,2.491700,244.617650,-342.682460,77545.898440,1.000000,3.478640,-341.315730
11.162000,0.246090,0.480650,1.937990,244.636720,-342.682560,77550.125000,,3.432500,-341.315190
11.164000,0.192260,0.525510,2.286620,244.655430,-342.682220,77296.992190,,3.392760,-341.314700
11.166000,0.210210,0.653690,4.183590,244.673840,-342.682680,77290.671880,,3.545290,-341.314640
11.168000,0.351200,0.824160,5.414060,244.691850,-342.682530,77338.125000,1.000000,3.426090,-341.315220
11.170000,0.458860,0.970280,5.444820,244.709780,-342.681370,77360.281250,,3.238950,-341.316040
11.172000,0.502440,0.880550,4.788570,244.728810,-342.681430,77561.718750,,3.420960,-341.316350
11.174000,0.424260,0.596010,3.455570,244.749050,-342.682340,77310.703130,,3.513240,-341.315770
11.176000,0.269170,0.462710,2.799320,244.769100,-342.682530,77188.359380,1.000000,3.468380,-341.314640
11.178000,0.157650,0.467830,2.840330,244.788470,-342.682130,77273.796880,,3.379940,-341.313750
11.180000,0.124330,0.553710,3.599120,244.807340,-342.682560,77227.390630,,3.528630,-341.313420
11.182000,0.231990,0.701110,4.275880,244.825580,-342.682460,77135.625000,,3.413270,-341.313960
11.184000,0.343510,0.830570,3.927250,244.843550,-342.681670,77311.757810,1.000000,3.285100,-341.314970
11.186000,0.393490,0.817750,3.486330,244.862110,-342.681760,77483.671880,,3.445310,-341.315700
11.188000,0.352480,0.637020,2.573730,244.881650,-342.682460,77628.171880,,3.482480,-341.315700
11.190000,0.243530,0.596010,1.896970,244.901030,-342.682530,77588.085940,,3.429930,-341.315160
11.192000,0.192260,0.590880,2.358400,244.920150,-342.682220,77583.875000,1.000000,3.396610,-341.314670
11.194000,0.216610,0.665220,4.275880,244.939000,-342.682680,77390.867190,,3.551700,-341.314640
11.196000,0.360170,0.778020,5.567870,244.957440,-342.682460,77220.007810,,3.415830,-341.315250
11.198000,0.463990,0.870300,5.444820,244.975800,-342.681340,77322.304690,,3.247920,-341.316040
11.200000,0.508850,0.728030,4.737300,244.995220,-342.681460,77379.265630,1.000000,3.427370,-341.316310
11.202000,0.420410,0.435790,3.609380,245.015700,-342.682370,77074.453130,,3.520940,-341.315700
11.204000,0.264040,0.311460,2.768550,245.035830,-342.682500,77400.351560,,3.463260,-341.314580
11.206000,0.155090,0.308900,2.963380,245.055220,-342.682130,77274.851560,,3.388920,-341.313690
11.208000,0.126890,0.408870,3.599120,245.074020,-342.682530,77254.804690,1.000000,3.533750,-341.313390
11.210000,0.238400,0.560120,4.183590,245.092180,-342.682430,77513.210940,,3.404300,-341.314000
11.212000,0.351200,0.702390,3.834960,245.109970,-342.681640,77590.195310,,3.292790,-341.315000
11.214000,0.402470,0.703670,3.168460,245.128420,-342.681760,77427.781250,,3.449160,-341.315730
11.216000,0.353760,0.548580,2.501950,245.147780,-342.682500,77819.070310,1.000000,3.483760,-341.315670
11.218000,0.242250,0.551150,1.866210,245.166850,-342.682500,77434.109380,,3.427370,-341.315060
11.220000,0.193540,0.596010,2.614750,245.185650,-342.682220,77319.140630,,3.401730,-341.314640
11.222000,0.221740,0.713930,4.357910,245.204180,-342.682710,77276.953130,,3.555540,-341.314580
11.224000,0.367860,0.867740,5.629390,245.222270,-342.682430,77244.265630,1.000000,3.406860,-341.315220
11.226000,0.467830,0.980530,5.649900,245.240420,-342.681340,77435.156250,,3.253050,-341.316040
11.228000,0.510130,0.834410,4.665530,245.259750,-342.681490,77226.328130,,3.428650,-341.316280
11.230000,0.416560,0.538330,3.568360,245.280200,-342.682400,77532.187500,,3.524780,-341.315610
11.232000,0.261470,0.408870,2.932620,245.300320,-342.682460,77746.289060,1.000000,3.454280,-341.314510
11.234000,0.157650,0.394780,2.963380,245.319850,-342.682130,77299.101560,,3.392760,-341.313660
11.236000,0.132020,0.461430,3.527340,245.338820,-342.682560,77359.226560,,3.536320,-341.313390
11.238000,0.246090,0.585750,4.214360,245.357150,-342.682400,77476.296880,,3.390200,-341.314000
11.238000,0.246090,0.585750,4.214360,245.357150,-342.682400,77476.296880,,3.390200,-341.314000
11.240000,0.356320,0.712650,3.804200,245.375120,-342.681610,77328.632810,1.000000,3.300480,-341.315000
11.242000,0.405030,0.690860,3.055660,245.393720,-342.681790,77341.289060,,3.447880,-341.315700
11.244000,0.355040,0.531920,2.501950,245.413180,-342.682530,77501.601560,,3.485050,-341.315610
11.246000,0.243530,0.517820,1.948240,245.432330,-342.682460,77369.773440,,3.422240,-341.315030
11.248000,0.194820,0.548580,2.666020,245.451170,-342.682220,77035.429690,1.000000,3.406860,-341.314580
11.250000,0.228150,0.661380,4.409180,245.469700,-342.682710,77242.156250,,3.560670,-341.314580
11.250000,0.228150,0.661380,4.409180,245.469700,-342.682710,77242.156250,,3.560670,-341.314580
11.252000,0.376830,0.806210,5.731930,245.487850,-342.682370,77308.601560,,3.395320,-341.315250
11.254000,0.475520,0.904910,5.321780,245.506040,-342.681300,77199.968750,,3.254330,-341.316040
11.256000,0.511410,0.745970,4.696290,245.525420,-342.681520,77539.578130,1.000000,3.431210,-341.316250
11.258000,0.415280,0.458860,3.527340,245.545850,-342.682430,77766.328130,,3.520940,-341.315550
11.260000,0.258910,0.358890,2.953130,245.565860,-342.682460,77448.875000,,3.442750,-341.314420
11.262000,0.156370,0.358890,3.014650,245.585220,-342.682160,77324.414060,,3.392760,-341.313570
11.264000,0.135860,0.465270,3.722170,245.604000,-342.682590,77507.937500,1.000000,3.537600,-341.313320
11.266000,0.248660,0.608830,4.101560,245.622150,-342.682370,77115.593750,,3.374820,-341.313960
11.268000,0.356320,0.760070,3.619630,245.640000,-342.681640,77056.523440,,3.305600,-341.314970
11.270000,0.405030,0.738280,2.932620,245.658570,-342.681880,77472.070310,,3.445310,-341.315670
11.272000,0.349910,0.576780,2.583980,245.678050,-342.682560,77209.453130,1.000000,3.478640,-341.315580
11.274000,0.239690,0.560120,1.927730,245.697250,-342.682460,77372.929690,,3.411990,-341.314970
11.276000,0.196110,0.579350,2.676270,245.716250,-342.682250,77388.757810,,3.406860,-341.314540
11.278000,0.234560,0.683170,4.450200,245.734920,-342.682740,77254.804690,,3.558110,-341.314580
11.280000,0.379390,0.821590,5.485840,245.753170,-342.682370,77332.859380,1.000000,3.378660,-341.315220
11.282000,0.471680,0.912600,4.891110,245.771550,-342.681300,77348.679690,,3.253050,-341.316010
11.284000,0.507570,0.734440,4.337400,245.791110,-342.681610,77148.281250,,3.431210,-341.316160
11.286000,0.407590,0.453740,3.394040,245.811570,-342.682500,77328.632810,,3.517090,-341.315460
11.288000,0.252500,0.364010,2.994140,245.831500,-342.682460,77158.835940,1.000000,3.428650,-341.314360
11.290000,0.155090,0.374270,3.250490,245.850830,-342.682190,77237.929690,,3.396610,-341.313540
11.292000,0.142270,0.481930,3.988770,245.869510,-342.682590,77137.734380,,3.537600,-341.313390
11.294000,0.262760,0.628050,4.111820,245.887570,-342.682370,77230.546880,,3.359440,-341.314060
11.296000,0.362730,0.778020,3.650390,245.905350,-342.681610,77626.062500,1.000000,3.299190,-341.315030
11.298000,0.406310,0.739560,2.922360,245.923920,-342.681880,77572.265630,,3.438900,-341.315670
11.300000,0.343510,0.587040,2.368650,245.943340,-342.682590,77294.882810,,3.481200,-341.315520
11.302000,0.235840,0.578060,1.763670,245.962490,-342.682460,77689.335940,,3.403020,-341.314910
11.304000,0.197390,0.599850,2.871090,245.981450,-342.682280,77505.828130,1.000000,3.405580,-341.314510
11.306000,0.240970,0.708800,4.306640,246.000030,-342.682770,77167.265630,,3.558110,-341.314580
11.308000,0.388370,0.853640,5.557620,246.018200,-342.682340,77185.203130,,3.363280,-341.315280
11.310000,0.476810,0.947200,5.065430,246.036500,-342.681300,77127.195310,,3.249210,-341.316040
11.312000,0.510130,0.756230,4.439940,246.056080,-342.681640,77080.789060,1.000000,3.429930,-341.316160
11.314000,0.402470,0.447330,3.424800,246.076680,-342.682560,77300.156250,,3.515810,-341.315430
11.316000,0.247380,0.338380,3.024900,246.096770,-342.682460,77467.859380,,3.415830,-341.314300
11.318000,0.153810,0.319150,3.363280,246.116320,-342.682190,77446.757810,,3.395320,-341.313510
11.320000,0.143550,0.405030,3.773440,246.135270,-342.682650,77421.453130,1.000000,3.533750,-341.313350
11.322000,0.265320,0.511410,3.927250,246.153660,-342.682370,77422.507810,,3.342770,-341.314060
11.324000,0.366580,0.629330,3.424800,246.171720,-342.681640,77523.750000,,3.301760,-341.315060
11.326000,0.407590,0.562680,2.563480,246.190550,-342.681950,77436.218750,,3.432500,-341.315670
11.328000,0.339660,0.426820,2.245610,246.210020,-342.682680,77371.875000,1.000000,3.478640,-341.315490
11.330000,0.235840,0.440920,1.784180,246.229100,-342.682500,77310.703130,,3.392760,-341.314910
11.332000,0.198670,0.483220,3.035160,246.247890,-342.682310,77141.960940,,3.408140,-341.314510
11.334000,0.247380,0.611390,4.768070,246.266330,-342.682800,77109.257810,,3.552980,-341.314580
11.336000,0.393490,0.772890,5.701170,246.284330,-342.682310,77359.226560,1.000000,3.342770,-341.315280
11.338000,0.481930,0.883120,5.250000,246.302470,-342.681300,77276.953130,,3.245360,-341.316040
11.340000,0.508850,0.699830,4.234860,246.321930,-342.681700,77443.593750,,3.424800,-341.316160
11.342000,0.398620,0.420410,3.291500,246.342330,-342.682590,77812.734380,,3.513240,-341.315370
11.344000,0.246090,0.348630,2.942870,246.362150,-342.682460,77385.585940,1.000000,3.399170,-341.314240
11.346000,0.153810,0.340940,3.147950,246.381470,-342.682250,77526.914060,,3.394040,-341.313450
11.348000,0.144840,0.474240,3.916990,246.400050,-342.682710,77490.000000,,3.528630,-341.313320
11.350000,0.270450,0.630620,3.978520,246.418030,-342.682400,77298.046880,,3.328670,-341.314060
11.352000,0.366580,0.792110,3.373540,246.435780,-342.681670,77313.867190,1.000000,3.301760,-341.315060
11.354000,0.408870,0.733150,2.655760,246.454420,-342.682040,77243.210940,,3.427370,-341.315640
11.356000,0.338380,0.587040,2.204590,246.473800,-342.682710,77037.546880,,3.474790,-341.315460
11.358000,0.234560,0.590880,1.855960,246.492870,-342.682500,77276.953130,,3.379940,-341.314880
11.360000,0.199950,0.611390,3.076170,246.511860,-342.682340,77300.156250,1.000000,3.410710,-341.314480
11.362000,0.251220,0.703670,4.860350,246.530520,-342.682800,77525.867190,,3.542720,-341.314580
11.364000,0.399900,0.813900,5.588380,246.548870,-342.682310,77216.843750,,3.326110,-341.315310
11.366000,0.479370,0.865170,4.973140,246.567500,-342.681340,77298.046880,,3.244080,-341.315980
11.368000,0.501160,0.630620,4.111820,246.587330,-342.681760,77572.265630,1.000000,3.420960,-341.316040
11.370000,0.390930,0.339660,3.096680,246.608000,-342.682680,77333.914060,,3.506840,-341.315280
11.372000,0.243530,0.262760,2.819820,246.628020,-342.682500,77373.992190,,3.385070,-341.314180
11.374000,0.153810,0.257630,3.476070,246.647480,-342.682310,77398.242190,,3.394040,-341.313420
11.376000,0.152530,0.384520,4.091310,246.666170,-342.682740,77051.250000,1.000000,3.515810,-341.313350
11.378000,0.278140,0.525510,4.111820,246.684250,-342.682370,77195.742190,,3.315860,-341.314090
11.380000,0.374270,0.683170,3.342770,246.702060,-342.681670,77421.453130,,3.295350,-341.315060
11.382000,0.410160,0.613950,2.789060,246.720720,-342.682070,77494.226560,,3.423520,-341.315640
11.384000,0.335820,0.494750,2.225100,246.740050,-342.682740,77504.765630,1.000000,3.467100,-341.315430
11.386000,0.233280,0.513980,1.814940,246.759050,-342.682530,77522.703130,,3.367130,-341.314820
11.388000,0.199950,0.558840,3.301760,246.777850,-342.682400,77583.875000,,3.409420,-341.314450
11.390000,0.257630,0.697270,4.880860,246.796280,-342.682860,77349.726560,,3.531190,-341.314540
11.392000,0.408870,0.857480,5.414060,246.814300,-342.682310,77337.070310,1.000000,3.313290,-341.315310
11.394000,0.485780,0.945920,5.106450,246.832600,-342.681340,77367.656250,,3.245360,-341.315980
11.396000,0.499880,0.745970,3.968260,246.852200,-342.681850,77312.812500,,3.420960,-341.316040
11.398000,0.388370,0.471680,3.178710,246.872650,-342.682740,77113.484380,,3.504270,-341.315190
11.400000,0.240970,0.405030,2.860840,246.892530,-342.682530,77482.625000,1.000000,3.377380,-341.314120
11.402000,0.151250,0.380680,3.691410,246.911930,-342.682310,77176.757810,,3.396610,-341.313390
11.404000,0.157650,0.485780,4.070800,246.930690,-342.682740,77406.687500,,3.505550,-341.313320
11.406000,0.285830,0.593440,4.060550,246.948940,-342.682370,77328.632810,,3.304320,-341.314090
11.408000,0.376830,0.721620,3.312010,246.967030,-342.681700,77511.093750,1.000000,3.296630,-341.315060
11.410000,0.410160,0.611390,2.645510,246.985980,-342.682130,77392.976560,,3.417110,-341.315610
11.412000,0.333250,0.471680,2.040530,247.005520,-342.682770,77843.328130,,3.465820,-341.315370
11.414000,0.233280,0.479370,1.835450,247.024630,-342.682530,77475.234380,,3.359440,-341.314790
11.416000,0.201230,0.506290,3.342770,247.043520,-342.682460,77293.835940,1.000000,3.413270,-341.314420
11.418000,0.264040,0.630620,5.096190,247.062000,-342.682860,77194.687500,,3.527340,-341.314580
11.420000,0.415280,0.771610,5.639650,247.080090,-342.682280,77218.945310,,3.295350,-341.315340
11.422000,0.492190,0.831850,5.239750,247.098500,-342.681340,77382.421880,,3.249210,-341.316010
11.424000,0.503720,0.601140,4.040040,247.118270,-342.681880,77336.023440,1.000000,3.420960,-341.316010
11.426000,0.384520,0.321720,3.271000,247.138790,-342.682740,77487.890630,,3.499150,-341.315160
11.428000,0.238400,0.265320,2.850590,247.158650,-342.682500,77481.562500,,3.365840,-341.314060
11.430000,0.151250,0.257630,3.455570,247.177990,-342.682340,77286.453130,,3.397890,-341.313320
11.432000,0.161500,0.397340,4.101560,247.196620,-342.682800,77757.898440,1.000000,3.499150,-341.313290
11.434000,0.292240,0.529360,4.111820,247.214650,-342.682370,77460.468750,,3.299190,-341.314090
11.436000,0.379390,0.694700,3.383790,247.232450,-342.681730,77324.414060,,3.300480,-341.315060
11.438000,0.412720,0.620360,2.553220,247.251170,-342.682190,77468.906250,,3.418400,-341.315610
11.440000,0.330690,0.516540,2.143070,247.270430,-342.682800,77532.187500,1.000000,3.467100,-341.315340
11.442000,0.233280,0.552430,1.845700,247.289350,-342.682530,76955.281250,,3.354310,-341.314760
11.444000,0.203800,0.601140,3.527340,247.308110,-342.682460,77288.562500,,3.420960,-341.314360
11.446000,0.270450,0.731870,5.270510,247.326550,-342.682860,77329.687500,,3.514530,-341.314540
11.448000,0.419130,0.863890,5.670410,247.344730,-342.682190,77242.156250,1.000000,3.281250,-341.315310
11.450000,0.488340,0.903630,5.137210,247.363300,-342.681340,77472.070310,,3.253050,-341.315950
11.452000,0.494750,0.658810,3.937500,247.383260,-342.681920,77617.617190,,3.423520,-341.315920
11.454000,0.378110,0.383240,2.891600,247.403850,-342.682770,77421.453130,,3.496580,-341.315060
11.456000,0.233280,0.324280,2.758300,247.423780,-342.682530,77426.718750,1.000000,3.363280,-341.314000
11.458000,0.151250,0.320430,3.435060,247.443130,-342.682370,77323.359380,,3.404300,-341.313290
11.460000,0.170470,0.467830,4.265630,247.461700,-342.682830,77435.156250,,3.494020,-341.313320
11.462000,0.302490,0.601140,4.286130,247.479710,-342.682310,77150.390630,,3.295350,-341.314150
11.464000,0.384520,0.744690,3.373540,247.497540,-342.681700,77400.351560,1.000000,3.303040,-341.315120
11.466000,0.412720,0.631900,2.758300,247.516420,-342.682190,77479.460940,,3.422240,-341.315610
11.468000,0.325560,0.513980,1.999510,247.535830,-342.682800,77268.515630,,3.461980,-341.315310
11.470000,0.231990,0.524230,1.896970,247.554900,-342.682500,77492.117190,,3.349180,-341.314700
11.472000,0.202510,0.546020,3.599120,247.573810,-342.682460,77507.937500,1.000000,3.424800,-341.314360
11.474000,0.276860,0.665220,5.106450,247.592350,-342.682890,77214.734380,,3.509400,-341.314580
11.476000,0.425540,0.797240,5.690920,247.610520,-342.682190,77637.664060,,3.276120,-341.315340
11.478000,0.496030,0.840820,5.178220,247.629040,-342.681370,77310.703130,,3.264590,-341.316010
11.480000,0.498600,0.608830,3.947750,247.648930,-342.681980,77269.570310,1.000000,3.432500,-341.315950
11.482000,0.372990,0.344790,3.106930,247.669420,-342.682770,77193.632810,,3.496580,-341.315060
11.484000,0.228150,0.306340,2.850590,247.689190,-342.682500,77322.304690,,3.363280,-341.313960
11.486000,0.146120,0.301210,3.722170,247.708500,-342.682370,77116.648440,,3.415830,-341.313260
11.488000,0.169190,0.443480,4.183590,247.727100,-342.682800,77177.812500,1.000000,3.483760,-341.313320
11.490000,0.303770,0.558840,4.214360,247.745190,-342.682280,77347.625000,,3.291500,-341.314150
11.492000,0.381960,0.678040,3.383790,247.763280,-342.681730,77460.468750,,3.309450,-341.315120
11.494000,0.411440,0.535770,2.512210,247.782320,-342.682220,77510.046880,,3.426090,-341.315610
11.496000,0.319150,0.433230,1.948240,247.801800,-342.682800,77562.773440,1.000000,3.461980,-341.315280
11.498000,0.229430,0.458860,1.804690,247.820880,-342.682500,77504.765630,,3.347900,-341.314670
11.500000,0.205080,0.502440,3.465820,247.839710,-342.682500,77298.046880,,3.437620,-341.314360
11.500000,0.205080,0.502440,3.465820,247.839710,-342.682500,77298.046880,,3.437620,-341.314360
11.502000,0.280700,0.648560,5.106450,247.858080,-342.682860,77032.265630,,3.502990,-341.314610
11.504000,0.428100,0.798520,5.742190,247.876130,-342.682130,77317.039060,1.000000,3.271000,-341.315370
11.506000,0.497310,0.840820,5.332030,247.894610,-342.681340,77245.320310,,3.272280,-341.316010
11.508000,0.496030,0.602420,3.999020,247.914430,-342.681980,77180.976560,,3.438900,-341.315920
11.510000,0.364010,0.349910,2.994140,247.934840,-342.682770,77570.156250,,3.497860,-341.314970
11.512000,0.224300,0.320430,2.840330,247.954570,-342.682460,77198.914060,1.000000,3.364560,-341.313930
11.514000,0.147400,0.316590,3.455570,247.973830,-342.682370,77308.601560,,3.423520,-341.313260
11.516000,0.176880,0.466550,4.193850,247.992360,-342.682800,77591.250000,,3.479920,-341.313350
11.518000,0.308900,0.594730,4.193850,248.010350,-342.682220,77480.515630,,3.292790,-341.314240
11.520000,0.384520,0.731870,3.322270,248.028270,-342.681730,77457.304690,1.000000,3.319700,-341.315160
11.522000,0.410160,0.612670,2.378910,248.047180,-342.682250,77484.726560,,3.433780,-341.315610
11.524000,0.315310,0.522950,1.968750,248.066500,-342.682800,77434.109380,,3.461980,-341.315250
11.526000,0.228150,0.553710,1.712400,248.085420,-342.682460,77445.703130,,3.353030,-341.314670
11.528000,0.205080,0.601140,3.588870,248.104160,-342.682500,77130.351560,1.000000,3.446590,-341.314360
11.530000,0.288390,0.740840,5.147460,248.122540,-342.682860,77102.929690,,3.496580,-341.314640
11.532000,0.430660,0.875430,5.834470,248.140660,-342.682040,77024.890630,,3.263310,-341.315430
11.534000,0.493470,0.889530,5.198730,248.159330,-342.681340,77196.796880,,3.278690,-341.316010
11.536000,0.483220,0.615230,3.896480,248.179430,-342.682010,77593.359380,1.000000,3.441470,-341.315860
11.538000,0.349910,0.349910,2.963380,248.200030,-342.682770,77508.992190,,3.500430,-341.314910
11.540000,0.220460,0.310180,2.809570,248.219890,-342.682430,77286.453130,,3.359440,-341.313900
11.542000,0.148680,0.314030,3.312010,248.239230,-342.682400,77839.101560,,3.432500,-341.313260
11.544000,0.184570,0.456300,4.245120,248.257840,-342.682800,77398.242190,1.000000,3.476070,-341.313450
11.546000,0.314030,0.574220,4.152830,248.275960,-342.682190,77414.062500,,3.292790,-341.314300
11.548000,0.388370,0.698550,3.312010,248.294020,-342.681730,77390.867190,,3.324830,-341.315220
11.550000,0.406310,0.566530,2.430180,248.313050,-342.682250,77460.468750,,3.441470,-341.315610
11.552000,0.307620,0.483220,2.009770,248.332430,-342.682770,77138.789060,1.000000,3.463260,-341.315250
11.554000,0.224300,0.501160,1.691890,248.351460,-342.682430,77389.812500,,3.355590,-341.314640
11.556000,0.203800,0.546020,3.640140,248.370270,-342.682500,77054.421880,,3.455570,-341.314360
11.558000,0.290950,0.688290,5.280760,248.388670,-342.682860,77281.179690,,3.491460,-341.314640
11.560000,0.435790,0.839540,5.660160,248.406750,-342.682010,77198.914060,1.000000,3.264590,-341.315460
11.562000,0.502440,0.860050,5.126950,248.425290,-342.681340,77554.335940,,3.291500,-341.316070
11.564000,0.487060,0.621640,3.958010,248.445220,-342.682040,77545.898440,,3.455570,-341.315890
11.566000,0.347350,0.388370,2.901860,248.465550,-342.682770,77423.554690,,3.502990,-341.314910
11.568000,0.215330,0.372990,2.686520,248.485170,-342.682400,77338.125000,1.000000,3.368410,-341.313870
11.570000,0.138430,0.396060,3.414550,248.504270,-342.682370,77376.101560,,3.445310,-341.313260
11.572000,0.183290,0.554990,4.040040,248.522670,-342.682770,77072.343750,,3.474790,-341.313450
11.574000,0.314030,0.679320,4.234860,248.540680,-342.682130,77313.867190,,3.294070,-341.314330
11.576000,0.392210,0.775450,3.301760,248.558780,-342.681700,77466.804690,1.000000,3.336360,-341.315250
11.578000,0.406310,0.613950,2.573730,248.577930,-342.682250,77246.375000,,3.450440,-341.315640
11.580000,0.301210,0.516540,1.907230,248.597430,-342.682740,77469.960940,,3.464540,-341.315250
11.582000,0.223020,0.520390,1.835450,248.616580,-342.682400,77520.593750,,3.359440,-341.314670
11.584000,0.202510,0.547300,3.558110,248.635470,-342.682500,77164.101560,1.000000,3.465820,-341.314360
11.586000,0.296080,0.672910,5.055180,248.653980,-342.682830,77411.953130,,3.491460,-341.314700
11.588000,0.435790,0.799800,5.670410,248.672150,-342.681880,77235.828130,,3.259460,-341.315520
11.590000,0.501160,0.790830,5.311520,248.690900,-342.681340,77166.210940,,3.312010,-341.316070
11.592000,0.478090,0.513980,3.978520,248.711000,-342.682040,77305.437500,1.000000,3.461980,-341.315890
11.594000,0.335820,0.279420,3.004390,248.731450,-342.682740,77369.773440,,3.505550,-341.314910
11.596000,0.207640,0.238400,2.614750,248.751210,-342.682310,77491.062500,,3.369690,-341.313870
11.598000,0.140990,0.252500,3.445310,248.770400,-342.682370,77213.679690,,3.455570,-341.313290
11.600000,0.192260,0.403750,3.916990,248.788890,-342.682740,77338.125000,1.000000,3.474790,-341.313540
11.602000,0.316590,0.529360,4.234860,248.806870,-342.682040,77659.812500,,3.288940,-341.314420
11.604000,0.389650,0.642150,3.424800,248.824920,-342.681700,77409.851560,,3.358150,-341.315340
11.606000,0.397340,0.498600,2.471190,248.843980,-342.682280,77440.437500,,3.455570,-341.315640
11.608000,0.292240,0.439640,1.937990,248.863250,-342.682740,77758.945310,1.000000,3.465820,-341.315220
11.610000,0.217900,0.481930,1.825200,248.882130,-342.682370,77416.171880,,3.368410,-341.314670
11.612000,0.201230,0.561400,3.547850,248.900730,-342.682460,77275.906250,,3.482480,-341.314390
11.614000,0.299930,0.720340,5.280760,248.918950,-342.682770,77302.273440,,3.487610,-341.314760
11.616000,0.433230,0.877990,5.649900,248.936900,-342.681820,76807.625000,1.000000,3.259460,-341.315580
11.618000,0.493470,0.875430,5.219240,248.955550,-342.681340,77236.875000,,3.326110,-341.316100
11.620000,0.467830,0.592160,3.947750,248.975630,-342.682040,77525.867190,,3.470950,-341.315890
11.622000,0.324280,0.372990,3.024900,248.996020,-342.682740,77457.304690,,3.505550,-341.314880
11.624000,0.203800,0.337100,2.645510,249.015730,-342.682310,77435.156250,1.000000,3.370970,-341.313900
11.626000,0.138430,0.362730,2.973630,249.034900,-342.682370,77386.640630,,3.465820,-341.313350
11.628000,0.197390,0.517820,3.916990,249.053380,-342.682710,77481.562500,,3.473510,-341.313630
11.630000,0.320430,0.647280,3.988770,249.071380,-342.682010,77457.304690,,3.288940,-341.314510
11.632000,0.389650,0.734440,3.353030,249.089490,-342.681700,77467.859380,1.000000,3.368410,-341.315400
11.634000,0.392210,0.572940,2.614750,249.108700,-342.682280,77455.203130,,3.463260,-341.315700
11.636000,0.283260,0.502440,1.989260,249.128130,-342.682710,77358.164060,,3.464540,-341.315220
11.638000,0.211490,0.507570,1.886720,249.147200,-342.682310,77274.851560,,3.373540,-341.314700
11.640000,0.198670,0.566530,3.783690,249.166030,-342.682460,77301.218750,1.000000,3.491460,-341.314450
11.642000,0.305050,0.695980,5.352540,249.184450,-342.682740,77082.898440,,3.486330,-341.314850
11.644000,0.438350,0.826720,5.660160,249.202620,-342.681760,77170.437500,,3.258180,-341.315670
11.646000,0.494750,0.793400,5.096190,249.221480,-342.681340,77439.382810,,3.341490,-341.316160
11.648000,0.463990,0.501160,3.988770,249.241700,-342.682070,77601.804690,1.000000,3.481200,-341.315890
11.650000,0.314030,0.302490,3.004390,249.262100,-342.682710,77571.218750,,3.505550,-341.314910
11.652000,0.192260,0.281980,2.635250,249.281720,-342.682250,77718.867190,,3.373540,-341.313900
11.654000,0.129460,0.330690,3.342770,249.300780,-342.682370,77291.718750,,3.476070,-341.313390
11.656000,0.196110,0.493470,3.886230,249.319150,-342.682680,77083.953130,1.000000,3.470950,-341.313690
11.658000,0.317870,0.634460,4.009280,249.337050,-342.681920,77223.171880,,3.286380,-341.314610
11.660000,0.385800,0.733150,3.394040,249.355150,-342.681700,77400.351560,,3.381230,-341.315460
11.662000,0.384520,0.565250,2.809570,249.374370,-342.682280,77159.890630,,3.468380,-341.315730
11.664000,0.273010,0.502440,2.009770,249.393750,-342.682680,77536.414060,1.000000,3.461980,-341.315280
11.666000,0.206360,0.521670,2.143070,249.412780,-342.682310,77423.554690,,3.376100,-341.314730
11.668000,0.196110,0.588320,3.845210,249.431550,-342.682500,77341.289060,,3.496580,-341.314510
11.670000,0.307620,0.721620,5.414060,249.449950,-342.682740,77358.164060,,3.482480,-341.314910
11.672000,0.438350,0.853640,5.485840,249.468120,-342.681700,77735.742190,1.000000,3.255620,-341.315730
11.674000,0.489620,0.819030,5.085940,249.487000,-342.681340,77422.507810,,3.354310,-341.316220
11.676000,0.455020,0.516540,3.896480,249.507250,-342.682100,77387.695310,,3.482480,-341.315920
11.678000,0.305050,0.328130,2.983890,249.527650,-342.682680,77443.593750,,3.501710,-341.314910
11.680000,0.187130,0.297360,2.676270,249.547270,-342.682220,77367.656250,1.000000,3.370970,-341.313900
11.682000,0.124330,0.334530,3.465820,249.566410,-342.682400,77030.156250,,3.479920,-341.313390
11.684000,0.199950,0.474240,3.927250,249.584850,-342.682680,77340.234380,,3.468380,-341.313750
11.686000,0.320430,0.592160,4.245120,249.602840,-342.681880,77146.179690,,3.281250,-341.314700
11.688000,0.385800,0.669070,3.476070,249.621020,-342.681700,77534.296880,1.000000,3.391480,-341.315550
11.690000,0.380680,0.505000,2.778810,249.640240,-342.682310,77602.851560,,3.468380,-341.315800
11.692000,0.270450,0.457580,2.091800,249.659580,-342.682650,77792.695310,,3.458130,-341.315310
11.694000,0.202510,0.466550,2.061040,249.678540,-342.682280,77348.679690,,3.378660,-341.314790
11.696000,0.190980,0.547300,3.640140,249.697280,-342.682500,77391.921880,1.000000,3.502990,-341.314540
11.698000,0.311460,0.694700,5.198730,249.715550,-342.682710,77184.148440,,3.476070,-341.314970
11.700000,0.438350,0.839540,5.485840,249.733580,-342.681640,77406.687500,,3.253050,-341.315800
11.702000,0.485780,0.812620,5.157710,249.752430,-342.681340,77010.125000,,3.362000,-341.316280
11.704000,0.449890,0.515260,3.947750,249.772640,-342.682160,77290.671880,1.000000,3.485050,-341.315950
11.706000,0.297360,0.323000,3.199220,249.793030,-342.682680,77493.171880,,3.500430,-341.314910
11.708000,0.182010,0.317870,2.758300,249.812580,-342.682220,77106.093750,,3.368410,-341.313960
11.710000,0.121770,0.379390,3.383790,249.831620,-342.682430,77341.289060,,3.485050,-341.313450
11.712000,0.199950,0.516540,3.896480,249.850050,-342.682650,77584.921880,1.000000,3.464540,-341.313810
11.714000,0.320430,0.637020,3.916990,249.868120,-342.681880,77270.625000,,3.279970,-341.314760
11.716000,0.381960,0.698550,3.424800,249.886430,-342.681730,77635.546880,,3.400450,-341.315610
11.718000,0.372990,0.530640,2.696780,249.905780,-342.682310,77564.890630,,3.468380,-341.315800
11.720000,0.260190,0.480650,2.081540,249.925230,-342.682650,77306.484380,1.000000,3.451720,-341.315310
11.722000,0.197390,0.483220,2.030270,249.944310,-342.682280,77328.632810,,3.379940,-341.314790
11.724000,0.192260,0.554990,4.029790,249.963150,-342.682530,77407.734380,,3.506840,-341.314610
11.726000,0.315310,0.688290,5.465330,249.981520,-342.682680,76966.882810,,3.470950,-341.315060
11.728000,0.438350,0.831850,5.557620,249.999680,-342.681610,77146.179690,1.000000,3.250490,-341.315890
11.730000,0.490910,0.793400,5.055180,250.018570,-342.681340,77410.898440,,3.374820,-341.316350
11.732000,0.447330,0.489620,4.040040,250.038820,-342.682190,77532.187500,,3.491460,-341.315980
11.734000,0.292240,0.311460,3.004390,250.059130,-342.682680,77500.546880,,3.496580,-341.314910
11.736000,0.175600,0.289670,2.614750,250.078630,-342.682190,77348.679690,1.000000,3.370970,-341.313930
11.736000,0.175600,0.289670,2.614750,250.078630,-342.682190,77348.679690,1.000000,3.370970,-341.313930
11.738000,0.117920,0.358890,3.301760,250.097600,-342.682430,77423.554690,,3.488890,-341.313450
11.740000,0.203800,0.516540,3.906740,250.115840,-342.682590,77244.265630,,3.458130,-341.313840
11.742000,0.324280,0.654970,3.691410,250.133730,-342.681820,77233.710940,,3.274840,-341.314820
11.744000,0.387080,0.716490,3.383790,250.151930,-342.681730,77460.468750,1.000000,3.409420,-341.315640
11.746000,0.371700,0.537050,2.809570,250.171220,-342.682340,77338.125000,,3.470950,-341.315830
11.748000,0.256350,0.496030,2.153320,250.190550,-342.682620,77193.632810,,3.447880,-341.315310
11.750000,0.196110,0.516540,2.194340,250.209470,-342.682280,77555.398440,,3.383790,-341.314790
11.750000,0.196110,0.516540,2.194340,250.209470,-342.682280,77555.398440,,3.383790,-341.314790
11.752000,0.194820,0.604980,4.183590,250.228200,-342.682560,77066.015630,1.000000,3.513240,-341.314610
11.754000,0.324280,0.731870,5.188480,250.246550,-342.682620,77242.156250,,3.464540,-341.315090
11.756000,0.442200,0.849790,5.537110,250.264760,-342.681550,77710.429690,,3.247920,-341.315920
11.758000,0.490910,0.776730,5.014160,250.283840,-342.681340,77505.828130,,3.383790,-341.316350
11.760000,0.439640,0.461430,3.824710,250.304240,-342.682220,77485.789060,1.000000,3.495300,-341.315920
11.762000,0.283260,0.280700,2.932620,250.324710,-342.682650,77409.851560,,3.495300,-341.314850
11.764000,0.171750,0.247380,2.871090,250.344380,-342.682190,77314.921880,,3.368410,-341.313900
11.766000,0.121770,0.306340,3.445310,250.363530,-342.682460,77377.148440,,3.497860,-341.313510
11.768000,0.211490,0.444760,4.019530,250.381930,-342.682590,77078.671880,1.000000,3.451720,-341.313930
11.770000,0.326840,0.574220,3.896480,250.399950,-342.681820,77257.976560,,3.278690,-341.314880
11.772000,0.387080,0.624210,3.455570,250.418230,-342.681760,77333.914060,,3.420960,-341.315670
11.774000,0.369140,0.460140,2.635250,250.437550,-342.682370,77345.515630,,3.476070,-341.315830
11.776000,0.252500,0.426820,2.009770,250.456850,-342.682590,77695.664060,1.000000,3.444030,-341.315280
11.778000,0.196110,0.449890,2.102050,250.475720,-342.682250,77563.828130,,3.386350,-341.314790
11.780000,0.196110,0.561400,3.906740,250.494320,-342.682590,77117.695310,,3.523500,-341.314640
11.782000,0.330690,0.716490,5.157710,250.512530,-342.682590,77305.437500,,3.453000,-341.315160
11.784000,0.446040,0.865170,5.393550,250.530520,-342.681490,77355.000000,1.000000,3.245360,-341.315980
11.786000,0.494750,0.808780,4.850100,250.549450,-342.681340,77222.109380,,3.395320,-341.316380
11.788000,0.439640,0.520390,3.793950,250.569660,-342.682250,77386.640630,,3.500430,-341.315890
11.790000,0.279420,0.370420,3.004390,250.589830,-342.682620,77315.984380,,3.491460,-341.314820
11.792000,0.169190,0.372990,3.076170,250.609210,-342.682190,77053.367190,1.000000,3.372250,-341.313870
11.794000,0.119200,0.458860,3.588870,250.628100,-342.682460,77372.929690,,3.508120,-341.313480
11.796000,0.215330,0.608830,4.009280,250.646300,-342.682560,77338.125000,,3.442750,-341.313930
11.798000,0.330690,0.739560,3.763180,250.664250,-342.681760,77541.679690,,3.277400,-341.314910
11.800000,0.390930,0.767760,3.188960,250.682630,-342.681730,77478.406250,1.000000,3.426090,-341.315700
11.802000,0.365300,0.576780,2.532710,250.702120,-342.682400,77745.242190,,3.474790,-341.315800
11.804000,0.249940,0.522950,2.122560,250.721570,-342.682590,77612.343750,,3.438900,-341.315250
11.806000,0.194820,0.525510,2.184080,250.740680,-342.682220,77420.398440,,3.386350,-341.314760
11.808000,0.198670,0.610110,4.152830,250.759520,-342.682590,77236.875000,1.000000,3.529910,-341.314640
11.810000,0.333250,0.737000,5.291020,250.777950,-342.682590,77384.531250,,3.446590,-341.315190
11.812000,0.448610,0.849790,5.434570,250.796250,-342.681490,77187.312500,,3.246640,-341.316010
11.814000,0.497310,0.748540,4.809080,250.815510,-342.681400,77344.460940,,3.405580,-341.316380
11.816000,0.433230,0.439640,3.742680,250.835970,-342.682310,77308.601560,1.000000,3.506840,-341.315890
11.818000,0.275570,0.275570,3.055660,250.856320,-342.682590,77371.875000,,3.486330,-341.314790
11.820000,0.166630,0.262760,2.830080,250.875850,-342.682160,77371.875000,,3.377380,-341.313840
11.822000,0.121770,0.337100,3.476070,250.894880,-342.682460,77253.750000,,3.511960,-341.313480
11.824000,0.223020,0.475520,3.865720,250.913190,-342.682500,77233.710940,1.000000,3.435060,-341.313960
11.826000,0.335820,0.607540,3.527340,250.931170,-342.681730,77428.828130,,3.276120,-341.314940
11.828000,0.389650,0.640870,3.199220,250.949490,-342.681760,77427.781250,,3.435060,-341.315700
11.830000,0.360170,0.475520,2.573730,250.968870,-342.682430,77313.867190,,3.479920,-341.315730
11.832000,0.247380,0.462710,2.030270,250.988050,-342.682590,77450.984380,1.000000,3.436340,-341.315220
11.834000,0.193540,0.517820,2.532710,251.006820,-342.682220,77311.757810,,3.392760,-341.314730
11.836000,0.203800,0.648560,4.398930,251.025300,-342.682620,77124.023440,,3.537600,-341.314640
11.838000,0.342220,0.821590,5.250000,251.043350,-342.682560,77256.921880,,3.438900,-341.315190
11.840000,0.455020,0.962590,5.106450,251.061330,-342.681430,77089.226560,1.000000,3.245360,-341.316040
11.842000,0.498600,0.866460,4.665530,251.080400,-342.681400,77552.234380,,3.413270,-341.316350
11.844000,0.426820,0.551150,3.435060,251.100830,-342.682310,77303.328130,,3.510680,-341.315800
11.846000,0.271730,0.387080,2.840330,251.121120,-342.682560,77388.757810,,3.479920,-341.314700
11.848000,0.162780,0.366580,3.004390,251.140700,-342.682130,77688.281250,1.000000,3.379940,-341.313810
11.850000,0.125610,0.433230,3.691410,251.159810,-342.682500,77224.218750,,3.520940,-341.313480
11.852000,0.230710,0.554990,3.937500,251.178220,-342.682500,77325.468750,,3.426090,-341.314000
11.854000,0.340940,0.667790,3.732420,251.196350,-342.681730,77530.078130,,3.288940,-341.314940
11.856000,0.392210,0.672910,2.942870,251.214900,-342.681760,77126.140630,1.000000,3.442750,-341.315700
11.858000,0.356320,0.487060,2.471190,251.234480,-342.682460,77267.460940,,3.483760,-341.315730
11.860000,0.247380,0.444760,1.979000,251.253830,-342.682560,77659.812500,,3.440190,-341.315190
11.862000,0.193540,0.453740,2.737790,251.272840,-342.682190,77068.132810,,3.396610,-341.314700
11.864000,0.210210,0.549870,4.357910,251.291550,-342.682620,77396.132810,1.000000,3.546570,-341.314640
11.866000,0.352480,0.697270,5.383300,251.309800,-342.682460,77276.953130,,3.426090,-341.315220
11.868000,0.460140,0.822880,5.280760,251.327970,-342.681340,77403.523440,,3.245360,-341.316040
11.870000,0.503720,0.712650,4.470700,251.347170,-342.681400,77351.843750,,3.422240,-341.316310
11.872000,0.424260,0.407590,3.250490,251.367630,-342.682310,77413.007810,1.000000,3.518370,-341.315730
11.874000,0.267880,0.271730,2.942870,251.387770,-342.682530,77378.210940,,3.477360,-341.314640
11.876000,0.160220,0.284550,3.106930,251.407180,-342.682130,77233.710940,,3.383790,-341.313750
11.878000,0.126890,0.393490,3.865720,251.425950,-342.682530,77184.148440,,3.532470,-341.313420
11.880000,0.233280,0.569090,4.142580,251.444050,-342.682460,77505.828130,1.000000,3.419680,-341.313960
11.880000,0.233280,0.569090,4.142580,251.444050,-342.682460,77505.828130,1.000000,3.419680,-341.313960
11.882000,0.343510,0.713930,3.865720,251.461850,-342.681670,77483.671880,,3.294070,-341.314970
11.884000,0.396060,0.734440,2.942870,251.480190,-342.681760,77383.476560,,3.451720,-341.315700
11.886000,0.356320,0.563960,2.327640,251.499600,-342.682460,77602.851560,,3.483760,-341.315700
11.888000,0.244810,0.537050,2.020020,251.518840,-342.682460,77642.929690,1.000000,3.433780,-341.315120
11.890000,0.193540,0.557560,2.614750,251.537860,-342.682190,77417.226560,,3.397890,-341.314640
11.892000,0.215330,0.654970,4.368160,251.556580,-342.682620,77749.453130,,3.550420,-341.314610
11.894000,0.360170,0.790830,5.496090,251.574910,-342.682430,77264.296880,,3.414550,-341.315220
11.896000,0.461430,0.903630,5.260250,251.593170,-342.681340,77162.000000,1.000000,3.254330,-341.316040
11.898000,0.503720,0.770320,4.460450,251.612520,-342.681460,77234.773440,,3.429930,-341.316310
11.900000,0.419130,0.472960,3.476070,251.633030,-342.682370,77453.085940,,3.526060,-341.315700
11.902000,0.265320,0.334530,3.035160,251.653200,-342.682500,77204.187500,,3.468380,-341.314580
11.904000,0.160220,0.340940,3.240230,251.672650,-342.682130,77346.570310,1.000000,3.392760,-341.313690
11.904000,0.160220,0.340940,3.240230,251.672650,-342.682130,77346.570310,1.000000,3.392760,-341.313690
11.906000,0.129460,0.431950,4.009280,251.691480,-342.682500,77411.953130,,3.536320,-341.313420
11.908000,0.239690,0.578060,4.132320,251.709660,-342.682400,77469.960940,,3.404300,-341.314000
11.910000,0.349910,0.716490,3.568360,251.727520,-342.681610,77464.695310,,3.297910,-341.315000
11.912000,0.401180,0.712650,2.737790,251.746020,-342.681760,77794.804690,1.000000,3.450440,-341.315730
11.914000,0.355040,0.535770,2.225100,251.765500,-342.682460,77618.671880,,3.486330,-341.315670
11.916000,0.244810,0.510130,1.845700,251.784740,-342.682460,77328.632810,,3.426090,-341.315090
11.918000,0.193540,0.540890,2.686520,251.803680,-342.682190,77300.156250,,3.404300,-341.314640
11.920000,0.221740,0.658810,4.552730,251.822280,-342.682650,77214.734380,1.000000,3.554260,-341.314610
11.920000,0.221740,0.658810,4.552730,251.822280,-342.682650,77214.734380,1.000000,3.554260,-341.314610
11.922000,0.365300,0.820310,5.721680,251.840450,-342.682430,76918.359380,,3.409420,-341.315220
11.924000,0.465270,0.945920,5.311520,251.858600,-342.681340,77398.242190,,3.258180,-341.316040
11.926000,0.508850,0.812620,4.665530,251.877900,-342.681490,77349.726560,,3.432500,-341.316280
11.928000,0.416560,0.503720,3.291500,251.898410,-342.682400,77505.828130,1.000000,3.527340,-341.315610
11.930000,0.262760,0.380680,3.014650,251.918520,-342.682460,77649.257810,,3.458130,-341.314510
11.932000,0.160220,0.376830,3.168460,251.938080,-342.682130,77655.593750,,3.395320,-341.313660
11.934000,0.135860,0.451170,3.845210,251.957050,-342.682500,77531.132810,,3.537600,-341.313390
11.936000,0.247380,0.580630,4.091310,251.975420,-342.682400,77384.531250,1.000000,3.392760,-341.314000
11.938000,0.355040,0.703670,3.619630,251.993470,-342.681640,77313.867190,,3.305600,-341.315000
11.940000,0.401180,0.681880,2.778810,252.012180,-342.681790,77459.414060,,3.450440,-341.315670
11.942000,0.349910,0.502440,2.296880,252.031770,-342.682530,77080.789060,,3.487610,-341.315610
11.944000,0.240970,0.474240,1.866210,252.051100,-342.682460,77363.445310,1.000000,3.423520,-341.315030
11.944000,0.240970,0.474240,1.866210,252.051100,-342.682460,77363.445310,1.000000,3.423520,-341.315030
11.946000,0.197390,0.487060,3.045410,252.070140,-342.682220,77079.726560,,3.408140,-341.314580
11.948000,0.229430,0.593440,4.747560,252.088780,-342.682680,77124.023440,,3.559390,-341.314580
11.950000,0.375550,0.751100,5.649900,252.106950,-342.682370,77320.203130,,3.396610,-341.315250
11.952000,0.474240,0.862610,5.291020,252.125120,-342.681270,77474.179690,1.000000,3.254330,-341.316040
11.954000,0.513980,0.722900,4.316890,252.144450,-342.681490,77392.976560,,3.431210,-341.316250
11.956000,0.416560,0.420410,3.106930,252.164900,-342.682460,77812.734380,,3.528630,-341.315550
11.958000,0.257630,0.316590,2.830080,252.184880,-342.682460,77467.859380,,3.450440,-341.314420
11.960000,0.157650,0.335820,3.332520,252.204180,-342.682160,77278.015630,1.000000,3.396610,-341.313570
11.962000,0.137150,0.467830,3.988770,252.222750,-342.682590,77179.921880,,3.544010,-341.313350
11.964000,0.252500,0.643430,4.183590,252.240720,-342.682370,77378.210940,,3.379940,-341.314000
11.966000,0.360170,0.798520,3.742680,252.258410,-342.681610,77334.960940,,3.306880,-341.315000
11.968000,0.407590,0.788270,2.850590,252.276820,-342.681820,77234.773440,1.000000,3.450440,-341.315670
11.968000,0.407590,0.788270,2.850590,252.276820,-342.681820,77234.773440,1.000000,3.450440,-341.315670
11.970000,0.349910,0.620360,2.307130,252.296200,-342.682560,77398.242190,,3.487610,-341.315580
11.972000,0.239690,0.608830,1.907230,252.315370,-342.682460,77281.179690,,3.414550,-341.314970
11.974000,0.197390,0.621640,2.912110,252.334400,-342.682220,77391.921880,,3.409420,-341.314510
11.976000,0.234560,0.706240,4.870610,252.353150,-342.682710,77512.148440,1.000000,3.559390,-341.314540
11.976000,0.234560,0.706240,4.870610,252.353150,-342.682710,77512.148440,1.000000,3.559390,-341.314540
11.978000,0.380680,0.826720,5.670410,252.371580,-342.682340,77611.296880,,3.381230,-341.315220
11.980000,0.474240,0.913880,5.229490,252.390030,-342.681300,77205.242190,,3.254330,-341.316010
11.982000,0.508850,0.726750,4.193850,252.409700,-342.681580,77323.359380,,3.433780,-341.316160
11.984000,0.408870,0.415280,3.147950,252.430450,-342.682500,77420.398440,1.000000,3.524780,-341.315460
11.986000,0.255070,0.290950,2.819820,252.450650,-342.682460,77215.789060,,3.435060,-341.314360
11.988000,0.158940,0.276860,3.332520,252.470230,-342.682190,77167.265630,,3.399170,-341.313540
11.990000,0.139710,0.378110,4.029790,252.489070,-342.682590,77540.632810,,3.541440,-341.313350
11.992000,0.261470,0.524230,4.337400,252.507250,-342.682370,77139.851560,1.000000,3.363280,-341.314030
11.994000,0.364010,0.670350,3.568360,252.525130,-342.681610,77442.539060,,3.305600,-341.315030
11.996000,0.410160,0.631900,2.912110,252.543780,-342.681880,77575.429690,,3.440190,-341.315700
11.998000,0.348630,0.466550,2.163570,252.563250,-342.682590,77494.226560,,3.485050,-341.315550
12.000000,0.238400,0.462710,1.732910,252.582380,-342.682460,77492.117190,1.000000,3.401730,-341.314940
12.000000,0.238400,0.462710,1.732910,252.582380,-342.682460,77492.117190,1.000000,3.401730,-341.314940
12.002000,0.198670,0.503720,2.840330,252.601230,-342.682280,77706.210940,,3.406860,-341.314510
12.004000,0.240970,0.643430,4.860350,252.619640,-342.682740,77125.085940,,3.556820,-341.314540
12.006000,0.389650,0.821590,5.721680,252.637620,-342.682340,77339.187500,,3.364560,-341.315250
12.008000,0.478090,0.948490,5.260250,252.655700,-342.681340,76956.328130,1.000000,3.256900,-341.316010
12.010000,0.511410,0.799800,4.204100,252.675020,-342.681640,77381.375000,,3.433780,-341.316160
12.012000,0.402470,0.512700,3.312010,252.695370,-342.682560,77071.296880,,3.520940,-341.315430
12.014000,0.249940,0.430660,2.666020,252.715190,-342.682460,77252.695310,,3.419680,-341.314300
12.016000,0.156370,0.431950,3.363280,252.734540,-342.682190,77403.523440,1.000000,3.401730,-341.313480
12.016000,0.156370,0.431950,3.363280,252.734540,-342.682190,77403.523440,1.000000,3.401730,-341.313480
12.018000,0.143550,0.542180,4.142580,252.753300,-342.682590,77613.406250,,3.532470,-341.313320
12.020000,0.265320,0.661380,4.214360,252.771550,-342.682340,77383.476560,,3.347900,-341.314030
12.022000,0.364010,0.781860,3.435060,252.789580,-342.681610,77659.812500,,3.310730,-341.315030
12.024000,0.406310,0.699830,2.717290,252.808470,-342.681950,77472.070310,1.000000,3.435060,-341.315640
12.026000,0.339660,0.522950,2.009770,252.828170,-342.682620,77300.156250,,3.482480,-341.315490
12.028000,0.234560,0.501160,1.630370,252.847500,-342.682460,77478.406250,,3.394040,-341.314910
12.030000,0.197390,0.508850,3.035160,252.866620,-342.682310,77314.921880,,3.411990,-341.314510
12.032000,0.246090,0.612670,4.911620,252.885300,-342.682740,76916.250000,1.000000,3.552980,-341.314580
12.032000,0.246090,0.612670,4.911620,252.885300,-342.682740,76916.250000,1.000000,3.552980,-341.314580
12.034000,0.396060,0.751100,5.783200,252.903550,-342.682310,77311.757810,,3.351750,-341.315310
12.036000,0.481930,0.836980,5.239750,252.921920,-342.681300,77344.460940,,3.253050,-341.316040
12.038000,0.508850,0.642150,4.132320,252.941530,-342.681670,77516.375000,,3.429930,-341.316130
12.040000,0.398620,0.347350,2.901860,252.962080,-342.682590,77405.632810,1.000000,3.519650,-341.315370
12.042000,0.246090,0.261470,2.419920,252.982070,-342.682460,77341.289060,,3.405580,-341.314240
12.044000,0.155090,0.260190,3.127440,253.001450,-342.682220,77622.898440,,3.397890,-341.313450
12.046000,0.148680,0.392210,3.906740,253.020100,-342.682650,77327.578130,,3.528630,-341.313320
12.048000,0.274290,0.548580,4.193850,253.038100,-342.682370,77301.218750,1.000000,3.336360,-341.314060
12.048000,0.274290,0.548580,4.193850,253.038100,-342.682370,77301.218750,1.000000,3.336360,-341.314060
12.050000,0.371700,0.722900,3.517090,253.055800,-342.681640,77325.468750,,3.308170,-341.315060
12.052000,0.410160,0.688290,2.625000,253.074330,-342.682010,77127.195310,,3.432500,-341.315670
12.054000,0.338380,0.560120,2.081540,253.093580,-342.682680,77391.921880,,3.478640,-341.315460
12.056000,0.233280,0.583190,1.507320,253.112500,-342.682460,77495.281250,1.000000,3.385070,-341.314850
12.058000,0.197390,0.631900,3.106930,253.131270,-342.682310,77143.015630,,3.414550,-341.314450
12.060000,0.251220,0.765200,5.024410,253.149700,-342.682770,77308.601560,,3.544010,-341.314540
12.062000,0.402470,0.917720,5.813960,253.167800,-342.682280,77562.773440,,3.332520,-341.315310
12.064000,0.488340,0.998470,5.301270,253.186170,-342.681300,77454.140630,1.000000,3.251770,-341.316040
12.066000,0.508850,0.788270,3.947750,253.205870,-342.681760,77423.554690,,3.426090,-341.316100
12.068000,0.396060,0.492190,2.953130,253.226470,-342.682650,77394.031250,,3.514530,-341.315310
12.070000,0.242250,0.405030,2.471190,253.246520,-342.682500,77332.859380,,3.394040,-341.314150
12.072000,0.149960,0.392210,3.219730,253.266010,-342.682280,77266.406250,1.000000,3.400450,-341.313390
12.072000,0.149960,0.392210,3.219730,253.266010,-342.682280,77266.406250,1.000000,3.400450,-341.313390
12.074000,0.152530,0.499880,4.193850,253.284820,-342.682710,77298.046880,,3.524780,-341.313290
12.076000,0.280700,0.616520,4.296390,253.303050,-342.682340,77078.671880,,3.324830,-341.314090
12.078000,0.374270,0.753660,3.640140,253.321040,-342.681640,77389.812500,,3.303040,-341.315060
12.080000,0.412720,0.665220,2.676270,253.339920,-342.682040,77337.070310,1.000000,3.429930,-341.315640
12.082000,0.335820,0.507570,2.132810,253.359500,-342.682740,77535.359380,,3.473510,-341.315430
12.082000,0.335820,0.507570,2.132810,253.359500,-342.682740,77535.359380,,3.473510,-341.315430
12.084000,0.234560,0.501160,1.620120,253.378690,-342.682500,77444.648440,,3.374820,-341.314820
12.086000,0.199950,0.521670,2.768550,253.397670,-342.682370,77483.671880,,3.415830,-341.314420
12.088000,0.257630,0.654970,4.860350,253.416200,-342.682800,77557.500000,1.000000,3.538880,-341.314540
12.090000,0.408870,0.817750,5.680660,253.434250,-342.682250,77225.273440,,3.317140,-341.315310
12.092000,0.488340,0.911320,5.332030,253.452550,-342.681300,77298.046880,,3.251770,-341.315980
12.094000,0.503720,0.722900,4.122070,253.472150,-342.681790,77359.226560,,3.426090,-341.316040
12.096000,0.385800,0.440920,3.147950,253.492600,-342.682710,77139.851560,1.000000,3.510680,-341.315190
12.096000,0.385800,0.440920,3.147950,253.492600,-342.682710,77139.851560,1.000000,3.510680,-341.315190
12.098000,0.238400,0.376830,2.553220,253.512450,-342.682500,77337.070310,,3.382510,-341.314090
12.100000,0.153810,0.380680,3.332520,253.531750,-342.682310,77468.906250,,3.401730,-341.313390
12.102000,0.160220,0.521670,4.091310,253.550370,-342.682740,77408.796880,,3.509400,-341.313320
12.104000,0.289670,0.646000,4.316890,253.568500,-342.682340,77490.000000,1.000000,3.310730,-341.314090
12.106000,0.378110,0.783140,3.486330,253.586460,-342.681670,77541.679690,,3.304320,-341.315060
12.108000,0.411440,0.687010,2.686520,253.605350,-342.682100,77563.828130,,3.423520,-341.315610
12.110000,0.330690,0.548580,1.876460,253.624890,-342.682740,77553.289060,,3.468380,-341.315340
12.112000,0.231990,0.540890,1.476560,253.644120,-342.682500,77615.507810,1.000000,3.363280,-341.314790
12.112000,0.231990,0.540890,1.476560,253.644120,-342.682500,77615.507810,1.000000,3.363280,-341.314790
12.114000,0.201230,0.554990,3.117190,253.663180,-342.682400,77184.148440,,3.418400,-341.314390
12.116000,0.262760,0.678040,4.911620,253.681780,-342.682830,77077.617190,,3.526060,-341.314540
12.118000,0.414000,0.825440,5.793460,253.699920,-342.682220,77009.070310,,3.301760,-341.315340
12.120000,0.493470,0.894650,5.424320,253.718370,-342.681340,77431.992190,1.000000,3.255620,-341.315980
12.122000,0.502440,0.662660,4.275880,253.738140,-342.681850,77186.257810,,3.424800,-341.316010
12.124000,0.384520,0.367860,3.076170,253.758730,-342.682740,77434.109380,,3.506840,-341.315160
12.126000,0.237120,0.303770,2.645510,253.778660,-342.682500,77475.234380,,3.373540,-341.314060
12.128000,0.152530,0.305050,3.219730,253.797940,-342.682340,77567.000000,1.000000,3.403020,-341.313320
12.130000,0.166630,0.457580,4.122070,253.816480,-342.682740,77448.875000,,3.501710,-341.313320
12.132000,0.299930,0.602420,4.142580,253.834460,-342.682310,77734.687500,,3.303040,-341.314120
12.134000,0.385800,0.754940,3.640140,253.852280,-342.681700,77399.296880,,3.304320,-341.315060
12.136000,0.412720,0.656250,2.666020,253.871080,-342.682130,77384.531250,1.000000,3.423520,-341.315610
12.136000,0.412720,0.656250,2.666020,253.871080,-342.682130,77384.531250,1.000000,3.423520,-341.315610
12.138000,0.328130,0.534480,2.030270,253.890460,-342.682770,77531.132810,,3.468380,-341.315310
12.140000,0.230710,0.560120,1.558590,253.909450,-342.682530,77394.031250,,3.358150,-341.314700
12.142000,0.202510,0.597290,3.404300,253.928270,-342.682460,76943.671880,,3.422240,-341.314360
12.144000,0.271730,0.737000,5.003910,253.946700,-342.682860,77280.117190,1.000000,3.519650,-341.314540
12.146000,0.421690,0.885680,5.854980,253.964830,-342.682190,77187.312500,,3.288940,-341.315340
12.148000,0.494750,0.949770,5.362790,253.983280,-342.681340,77474.179690,,3.258180,-341.315980
12.150000,0.499880,0.717770,4.060550,254.003140,-342.681880,77366.609380,,3.428650,-341.315950
12.152000,0.378110,0.425540,2.860840,254.023770,-342.682740,77793.750000,1.000000,3.502990,-341.315060
12.154000,0.231990,0.362730,2.727540,254.043780,-342.682500,77544.843750,,3.367130,-341.313960
12.156000,0.149960,0.338380,3.188960,254.063250,-342.682370,77339.187500,,3.408140,-341.313260
12.158000,0.171750,0.479370,3.978520,254.081970,-342.682770,77438.320310,,3.494020,-341.313320
12.160000,0.303770,0.602420,4.163090,254.100100,-342.682310,77414.062500,1.000000,3.297910,-341.314150
12.160000,0.303770,0.602420,4.163090,254.100100,-342.682310,77414.062500,1.000000,3.297910,-341.314150
12.162000,0.387080,0.739560,3.629880,254.118100,-342.681700,77110.320310,,3.306880,-341.315090
12.162000,0.387080,0.739560,3.629880,254.118100,-342.681700,77110.320310,,3.306880,-341.315090
12.164000,0.415280,0.616520,2.696780,254.137070,-342.682190,77425.664060,,3.423520,-341.315610
12.166000,0.325560,0.508850,2.225100,254.156560,-342.682770,77434.109380,,3.467100,-341.315310
12.168000,0.231990,0.529360,1.722660,254.175630,-342.682500,77281.179690,1.000000,3.351750,-341.314700
12.168000,0.231990,0.529360,1.722660,254.175630,-342.682500,77281.179690,1.000000,3.351750,-341.314700
12.170000,0.203800,0.575500,3.353030,254.194440,-342.682460,77356.054690,,3.428650,-341.314360
12.172000,0.276860,0.729310,4.973140,254.212830,-342.682860,77381.375000,,3.511960,-341.314540
12.174000,0.425540,0.894650,5.547360,254.230800,-342.682160,77443.593750,,3.278690,-341.315340
12.176000,0.494750,0.953610,5.403810,254.249180,-342.681340,77245.320310,1.000000,3.264590,-341.315980
12.178000,0.499880,0.730590,4.070800,254.268920,-342.681920,77308.601560,,3.435060,-341.315920
12.180000,0.372990,0.481930,3.209470,254.289310,-342.682770,77396.132810,,3.504270,-341.315030
12.182000,0.228150,0.448610,2.676270,254.309020,-342.682460,77291.718750,,3.365840,-341.313960
12.184000,0.149960,0.456300,3.342770,254.328200,-342.682370,77315.984380,1.000000,3.418400,-341.313260
12.186000,0.174320,0.616520,4.050290,254.346650,-342.682770,77422.507810,,3.485050,-341.313320
12.188000,0.307620,0.748540,4.193850,254.364650,-342.682280,77211.562500,,3.297910,-341.314180
12.190000,0.387080,0.877990,3.619630,254.382630,-342.681700,77486.835940,,3.314580,-341.315120
12.192000,0.415280,0.737000,2.819820,254.401670,-342.682190,77557.500000,1.000000,3.429930,-341.315610
12.192000,0.415280,0.737000,2.819820,254.401670,-342.682190,77557.500000,1.000000,3.429930,-341.315610
12.194000,0.320430,0.604980,2.040530,254.421250,-342.682770,77506.882810,,3.465820,-341.315250
12.196000,0.228150,0.601140,1.650880,254.440480,-342.682460,77338.125000,,3.351750,-341.314670
12.198000,0.203800,0.611390,3.322270,254.459520,-342.682460,77490.000000,,3.438900,-341.314330
12.200000,0.280700,0.731870,5.024410,254.478180,-342.682860,77172.539060,1.000000,3.505550,-341.314580
12.202000,0.428100,0.856200,5.465330,254.496480,-342.682100,77191.523440,,3.274840,-341.315370
12.204000,0.497310,0.872860,5.362790,254.515200,-342.681340,77218.945310,,3.274840,-341.316010
12.206000,0.494750,0.607540,4.357910,254.535290,-342.681950,77434.109380,,3.441470,-341.315890
12.208000,0.364010,0.328130,3.219730,254.555950,-342.682770,77372.929690,1.000000,3.502990,-341.314970
12.208000,0.364010,0.328130,3.219730,254.555950,-342.682770,77372.929690,1.000000,3.502990,-341.314970
12.210000,0.224300,0.280700,2.768550,254.575880,-342.682460,77452.039060,,3.367130,-341.313930
12.212000,0.147400,0.273010,3.332520,254.595170,-342.682370,77465.742190,,3.427370,-341.313260
12.214000,0.180730,0.437070,3.783690,254.613690,-342.682770,77437.273440,,3.485050,-341.313390
12.216000,0.314030,0.587040,4.060550,254.631580,-342.682190,77712.546880,1.000000,3.295350,-341.314240
12.218000,0.392210,0.742130,3.588870,254.649370,-342.681670,77628.171880,,3.322270,-341.315190
12.220000,0.414000,0.628050,2.840330,254.668230,-342.682190,77467.859380,,3.436340,-341.315610
12.222000,0.314030,0.543460,2.071290,254.687470,-342.682770,77330.750000,,3.468380,-341.315220
12.224000,0.228150,0.580630,1.814940,254.706380,-342.682460,77406.687500,1.000000,3.354310,-341.314640
12.226000,0.206360,0.644710,3.414550,254.725010,-342.682460,77303.328130,,3.447880,-341.314330
12.228000,0.285830,0.813900,4.962890,254.743260,-342.682860,77039.656250,,3.501710,-341.314610
12.230000,0.430660,0.979250,5.475590,254.761200,-342.682040,77248.476560,,3.272280,-341.315400
12.232000,0.496030,1.012570,5.444820,254.779650,-342.681340,77110.320310,1.000000,3.287660,-341.316010
12.232000,0.496030,1.012570,5.444820,254.779650,-342.681340,77110.320310,1.000000,3.287660,-341.316010
12.234000,0.490910,0.769040,4.142580,254.799550,-342.682010,77495.281250,,3.450440,-341.315890
12.236000,0.353760,0.526790,3.117190,254.819950,-342.682770,77696.726560,,3.506840,-341.314940
12.238000,0.221740,0.489620,2.696780,254.839710,-342.682400,77571.218750,,3.368410,-341.313900
12.240000,0.147400,0.484500,3.209470,254.858980,-342.682370,77452.039060,1.000000,3.441470,-341.313260
12.240000,0.147400,0.484500,3.209470,254.858980,-342.682370,77452.039060,1.000000,3.441470,-341.313260
12.242000,0.183290,0.619080,3.609380,254.877620,-342.682740,77299.101560,,3.478640,-341.313390
12.244000,0.314030,0.717770,3.927250,254.895830,-342.682160,77274.851560,,3.295350,-341.314270
12.246000,0.389650,0.806210,3.435060,254.914050,-342.681670,77369.773440,,3.333800,-341.315190
12.248000,0.407590,0.629330,2.758300,254.933350,-342.682220,77284.335940,1.000000,3.441470,-341.315610
12.250000,0.307620,0.505000,2.102050,254.953020,-342.682740,77373.992190,,3.469670,-341.315220
12.250000,0.307620,0.505000,2.102050,254.953020,-342.682740,77373.992190,,3.469670,-341.315220
12.252000,0.226870,0.489620,1.896970,254.972320,-342.682430,77217.898440,,3.359440,-341.314640
12.254000,0.206360,0.519100,3.486330,254.991320,-342.682460,77243.210940,,3.459410,-341.314360
12.256000,0.293520,0.672910,5.034670,255.009780,-342.682830,77343.398440,1.000000,3.497860,-341.314640
12.258000,0.437070,0.835690,5.475590,255.027800,-342.681950,77303.328130,,3.268430,-341.315460
12.260000,0.507570,0.865170,5.260250,255.046330,-342.681300,77274.851560,,3.299190,-341.316070
12.262000,0.488340,0.610110,4.040040,255.066270,-342.682010,77877.078130,,3.460690,-341.315890
12.264000,0.346070,0.370420,3.291500,255.086650,-342.682740,77419.343750,1.000000,3.509400,-341.314910
12.266000,0.214050,0.344790,2.799320,255.106290,-342.682340,77429.882810,,3.373540,-341.313840
12.268000,0.140990,0.365300,3.312010,255.125400,-342.682340,77452.039060,,3.447880,-341.313260
12.270000,0.187130,0.535770,3.701660,255.143770,-342.682740,77334.960940,,3.481200,-341.313450
12.272000,0.319150,0.678040,4.050290,255.161680,-342.682070,76997.468750,1.000000,3.296630,-341.314360
12.274000,0.396060,0.803650,3.414550,255.179600,-342.681670,77460.468750,,3.346620,-341.315280
12.276000,0.405030,0.667790,2.871090,255.198620,-342.682220,77321.257810,,3.451720,-341.315610
12.278000,0.299930,0.596010,2.153320,255.217960,-342.682740,77504.765630,,3.469670,-341.315220
12.280000,0.223020,0.615230,1.896970,255.236950,-342.682370,77554.335940,1.000000,3.367130,-341.314640
12.282000,0.202510,0.667790,3.558110,255.255750,-342.682460,77134.578130,,3.470950,-341.314360
12.284000,0.296080,0.806210,5.024410,255.274170,-342.682770,77366.609380,,3.496580,-341.314670
12.286000,0.435790,0.943360,5.116700,255.292300,-342.681880,77129.304690,,3.264590,-341.315520
12.288000,0.501160,0.934390,5.157710,255.311050,-342.681270,77285.390630,1.000000,3.312010,-341.316070
12.288000,0.501160,0.934390,5.157710,255.311050,-342.681270,77285.390630,1.000000,3.312010,-341.316070
12.290000,0.480650,0.652400,4.081050,255.331210,-342.682010,77312.812500,,3.464540,-341.315890
12.292000,0.337100,0.407590,3.219730,255.351730,-342.682740,77075.507810,,3.511960,-341.314910
12.294000,0.210210,0.365300,2.768550,255.371520,-342.682310,77478.406250,,3.374820,-341.313870
12.296000,0.139710,0.376830,3.332520,255.390780,-342.682340,77359.226560,1.000000,3.459410,-341.313290
12.298000,0.193540,0.524230,3.752930,255.409270,-342.682740,77227.390630,,3.478640,-341.313540
12.300000,0.323000,0.651120,3.814450,255.427250,-342.682040,77440.437500,,3.297910,-341.314420
12.302000,0.397340,0.761350,3.414550,255.445280,-342.681640,77623.953130,,3.354310,-341.315340
12.304000,0.403750,0.597290,2.778810,255.464400,-342.682220,77507.937500,1.000000,3.463260,-341.315670
12.304000,0.403750,0.597290,2.778810,255.464400,-342.682220,77507.937500,1.000000,3.463260,-341.315670
12.306000,0.294800,0.520390,2.102050,255.483800,-342.682710,77658.750000,,3.470950,-341.315220
12.306000,0.294800,0.520390,2.102050,255.483800,-342.682710,77658.750000,,3.470950,-341.315220
12.308000,0.219180,0.521670,1.937990,255.502870,-342.682340,77603.906250,,3.370970,-341.314640
12.310000,0.203800,0.578060,3.619630,255.521650,-342.682460,77139.851560,,3.483760,-341.314360
12.312000,0.301210,0.730590,4.973140,255.539990,-342.682740,77209.453130,1.000000,3.491460,-341.314730
12.314000,0.440920,0.892090,5.342290,255.558000,-342.681790,77182.031250,,3.263310,-341.315580
12.316000,0.501160,0.903630,5.085940,255.576600,-342.681270,77286.453130,,3.327390,-341.316130
12.318000,0.475520,0.639590,4.193850,255.596620,-342.682040,77327.578130,,3.470950,-341.315890
12.320000,0.328130,0.426820,3.260740,255.616940,-342.682740,77407.734380,1.000000,3.515810,-341.314880
12.322000,0.202510,0.403750,2.994140,255.636580,-342.682310,77606.015630,,3.376100,-341.313870
12.324000,0.135860,0.435790,3.424800,255.655670,-342.682340,77371.875000,,3.469670,-341.313290
12.326000,0.194820,0.589600,3.599120,255.674120,-342.682680,77334.960940,,3.478640,-341.313570
12.328000,0.323000,0.717770,3.722170,255.692150,-342.681980,77649.257810,1.000000,3.291500,-341.314510
12.328000,0.323000,0.717770,3.722170,255.692150,-342.681980,77649.257810,1.000000,3.291500,-341.314510
12.330000,0.393490,0.804930,3.158200,255.710330,-342.681640,77292.781250,,3.372250,-341.315370
12.332000,0.396060,0.628050,2.573730,255.729630,-342.682220,77508.992190,,3.464540,-341.315700
12.334000,0.287110,0.548580,2.204590,255.749150,-342.682680,77527.976560,,3.469670,-341.315220
12.336000,0.214050,0.543460,2.163570,255.768360,-342.682310,77137.734380,1.000000,3.374820,-341.314670
12.336000,0.214050,0.543460,2.163570,255.768360,-342.682310,77137.734380,1.000000,3.374820,-341.314670
12.338000,0.199950,0.604980,3.927250,255.787200,-342.682460,77182.031250,,3.492740,-341.314420
12.340000,0.307620,0.762630,5.198730,255.805560,-342.682740,77332.859380,,3.492740,-341.314820
12.342000,0.443480,0.927980,5.465330,255.823550,-342.681760,77295.937500,,3.262020,-341.315640
12.344000,0.499880,0.927980,4.942380,255.842180,-342.681270,77550.125000,1.000000,3.344060,-341.316160
12.346000,0.467830,0.652400,3.855470,255.862200,-342.682040,77576.484380,,3.479920,-341.315890
12.348000,0.317870,0.446040,3.045410,255.882520,-342.682710,77631.328130,,3.514530,-341.314850
12.350000,0.194820,0.415280,2.840330,255.902130,-342.682250,77503.710940,,3.374820,-341.313840
12.352000,0.130740,0.458860,3.291500,255.921170,-342.682340,77540.632810,1.000000,3.477360,-341.313320
12.354000,0.198670,0.607540,3.660640,255.939540,-342.682620,77307.539060,,3.470950,-341.313660
12.356000,0.324280,0.734440,3.660640,255.957550,-342.681920,77253.750000,,3.291500,-341.314580
12.358000,0.393490,0.808780,3.229980,255.975720,-342.681670,77266.406250,,3.383790,-341.315460
12.360000,0.392210,0.635740,2.717290,255.995000,-342.682280,77466.804690,1.000000,3.470950,-341.315730
12.360000,0.392210,0.635740,2.717290,255.995000,-342.682280,77466.804690,1.000000,3.470950,-341.315730
12.362000,0.279420,0.563960,2.266110,256.014430,-342.682680,77400.351560,,3.468380,-341.315250
12.364000,0.208920,0.566530,2.153320,256.033540,-342.682310,77360.281250,,3.379940,-341.314700
12.366000,0.197390,0.628050,3.999020,256.052340,-342.682460,77379.265630,,3.501710,-341.314450
12.368000,0.310180,0.766480,5.157710,256.070740,-342.682680,77390.867190,1.000000,3.483760,-341.314880
12.370000,0.443480,0.902340,5.250000,256.088930,-342.681670,77290.671880,,3.256900,-341.315730
12.372000,0.494750,0.860050,4.819340,256.107850,-342.681240,77570.156250,,3.351750,-341.316220
12.374000,0.463990,0.539610,3.927250,256.128200,-342.682070,77368.710940,,3.481200,-341.315920
12.376000,0.308900,0.320430,3.178710,256.148740,-342.682680,77340.234380,1.000000,3.510680,-341.314880
12.376000,0.308900,0.320430,3.178710,256.148740,-342.682680,77340.234380,1.000000,3.510680,-341.314880
12.378000,0.190980,0.264040,2.953130,256.168520,-342.682220,77342.343750,,3.372250,-341.313900
12.380000,0.126890,0.305050,3.527340,256.187710,-342.682370,77365.546880,,3.481200,-341.313390
12.382000,0.201230,0.463990,4.019530,256.206090,-342.682650,77281.179690,,3.472230,-341.313720
12.384000,0.325560,0.612670,3.763180,256.224000,-342.681880,77350.789060,1.000000,3.286380,-341.314670
12.386000,0.390930,0.702390,3.342770,256.242030,-342.681670,77418.289060,,3.396610,-341.315520
12.388000,0.387080,0.538330,2.625000,256.261230,-342.682280,77636.601560,,3.472230,-341.315770
12.390000,0.273010,0.496030,2.255860,256.280490,-342.682650,77647.148440,,3.465820,-341.315280
12.392000,0.203800,0.508850,2.153320,256.299410,-342.682280,77614.460940,1.000000,3.379940,-341.314730
12.394000,0.192260,0.602420,3.947750,256.318020,-342.682460,77513.210940,,3.506840,-341.314510
12.396000,0.314030,0.760070,5.198730,256.336210,-342.682650,77087.109380,,3.476070,-341.314940
12.398000,0.446040,0.910030,5.291020,256.354190,-342.681610,77229.500000,,3.255620,-341.315800
12.400000,0.497310,0.883120,4.962890,256.372990,-342.681300,77298.046880,1.000000,3.365840,-341.316280
12.400000,0.497310,0.883120,4.962890,256.372990,-342.681300,77298.046880,1.000000,3.365840,-341.316280
12.402000,0.458860,0.603700,4.019530,256.393040,-342.682130,76829.765630,,3.485050,-341.315950
12.404000,0.301210,0.431950,3.117190,256.413240,-342.682710,77494.226560,,3.509400,-341.314880
12.406000,0.183290,0.421690,3.219730,256.432710,-342.682220,77196.796880,,3.370970,-341.313870
12.408000,0.120480,0.488340,3.722170,256.451600,-342.682400,77346.570310,1.000000,3.488890,-341.313390
12.410000,0.201230,0.646000,3.855470,256.469880,-342.682590,77395.078130,,3.463260,-341.313750
12.412000,0.324280,0.774170,3.640140,256.487820,-342.681850,77611.296880,,3.281250,-341.314730
12.414000,0.388370,0.815190,3.086430,256.506100,-342.681670,77582.820310,,3.404300,-341.315550
12.416000,0.376830,0.616520,2.450680,256.525570,-342.682310,77699.890630,1.000000,3.468380,-341.315770
12.418000,0.265320,0.535770,2.071290,256.545170,-342.682620,77454.140630,,3.456850,-341.315280
12.420000,0.202510,0.498600,2.389160,256.564480,-342.682250,77315.984380,,3.379940,-341.314760
12.422000,0.193540,0.563960,4.173340,256.583470,-342.682530,77022.781250,,3.510680,-341.314540
12.424000,0.319150,0.690860,5.321780,256.601990,-342.682620,77150.390630,1.000000,3.469670,-341.315030
12.424000,0.319150,0.690860,5.321780,256.601990,-342.682620,77150.390630,1.000000,3.469670,-341.315030
12.426000,0.439640,0.826720,5.496090,256.620240,-342.681610,77366.609380,,3.256900,-341.315860
12.428000,0.492190,0.771610,4.809080,256.639220,-342.681340,77275.906250,,3.376100,-341.316280
12.430000,0.448610,0.476810,3.732420,256.659480,-342.682190,77504.765630,,3.492740,-341.315890
12.432000,0.292240,0.308900,3.045410,256.679780,-342.682680,77555.398440,1.000000,3.505550,-341.314850
12.432000,0.292240,0.308900,3.045410,256.679780,-342.682680,77555.398440,1.000000,3.505550,-341.314850
12.434000,0.180730,0.278140,2.983890,256.699310,-342.682190,77360.281250,,3.372250,-341.313900
12.436000,0.121770,0.356320,3.722170,256.718230,-342.682430,77453.085940,,3.495300,-341.313450
12.438000,0.208920,0.522950,3.937500,256.736420,-342.682590,77447.820310,,3.456850,-341.313840
12.440000,0.328130,0.675480,3.937500,256.754210,-342.681790,77313.867190,1.000000,3.281250,-341.314820
12.442000,0.390930,0.745970,3.178710,256.772310,-342.681700,77554.335940,,3.413270,-341.315640
12.444000,0.374270,0.590880,2.440430,256.791500,-342.682310,77442.539060,,3.473510,-341.315800
12.446000,0.257630,0.567810,2.071290,256.810700,-342.682620,77356.054690,,3.454280,-341.315280
12.448000,0.198670,0.593440,2.327640,256.829560,-342.682250,77182.031250,1.000000,3.386350,-341.314760
12.450000,0.192260,0.699830,4.193850,256.848140,-342.682530,77278.015630,,3.517090,-341.314580
12.452000,0.323000,0.856200,5.373050,256.866330,-342.682590,77116.648440,,3.461980,-341.315060
12.454000,0.443480,0.999760,5.332030,256.884370,-342.681520,77349.726560,,3.254330,-341.315890
12.456000,0.494750,0.930540,4.942380,256.903380,-342.681340,77339.187500,1.000000,3.385070,-341.316310
12.458000,0.444760,0.604980,3.578610,256.923770,-342.682190,77767.382810,,3.497860,-341.315890
12.460000,0.285830,0.415280,2.973630,256.944210,-342.682650,77440.437500,,3.501710,-341.314820
12.462000,0.174320,0.369140,2.953130,256.963900,-342.682190,77441.484380,,3.370970,-341.313870
12.464000,0.121770,0.411440,3.793950,256.983060,-342.682460,77294.882810,1.000000,3.499150,-341.313450
12.464000,0.121770,0.411440,3.793950,256.983060,-342.682460,77294.882810,1.000000,3.499150,-341.313450
12.466000,0.214050,0.544740,4.040040,257.001530,-342.682560,77325.468750,,3.454280,-341.313900
12.468000,0.333250,0.675480,3.742680,257.019530,-342.681760,77198.914060,,3.282530,-341.314880
12.470000,0.393490,0.720340,3.076170,257.037840,-342.681700,77414.062500,,3.422240,-341.315670
12.472000,0.371700,0.537050,2.532710,257.057250,-342.682340,77129.304690,1.000000,3.479920,-341.315800
12.472000,0.371700,0.537050,2.532710,257.057250,-342.682340,77129.304690,1.000000,3.479920,-341.315800
12.474000,0.255070,0.480650,1.979000,257.076630,-342.682590,77445.703130,,3.450440,-341.315250
12.476000,0.196110,0.466550,2.501950,257.095670,-342.682220,77554.335940,,3.390200,-341.314730
12.476000,0.196110,0.466550,2.501950,257.095670,-342.682220,77554.335940,,3.390200,-341.314730
12.478000,0.194820,0.563960,4.419430,257.114410,-342.682530,77455.203130,,3.526060,-341.314580
12.480000,0.331970,0.711360,5.373050,257.132690,-342.682560,77348.679690,1.000000,3.454280,-341.315090
12.482000,0.448610,0.845950,5.280760,257.150820,-342.681490,77417.226560,,3.250490,-341.315950
12.484000,0.498600,0.771610,4.686040,257.169860,-342.681340,77370.820310,,3.395320,-341.316380
12.486000,0.443480,0.467830,3.486330,257.190220,-342.682220,77396.132810,,3.504270,-341.315890
12.488000,0.281980,0.312740,2.778810,257.210480,-342.682650,77194.687500,1.000000,3.501710,-341.314790
12.488000,0.281980,0.312740,2.778810,257.210480,-342.682650,77194.687500,1.000000,3.501710,-341.314790
12.490000,0.171750,0.311460,3.055660,257.229890,-342.682190,77279.062500,,3.374820,-341.313840
12.492000,0.117920,0.411440,3.916990,257.248690,-342.682460,77083.953130,,3.510680,-341.313420
12.494000,0.216610,0.581910,4.060550,257.266820,-342.682530,77317.039060,,3.446590,-341.313900
12.496000,0.334530,0.738280,3.773440,257.284580,-342.681730,77687.234380,1.000000,3.281250,-341.314880
12.498000,0.393490,0.783140,3.065920,257.302800,-342.681670,77481.562500,,3.428650,-341.315670
12.500000,0.367860,0.599850,2.296880,257.322140,-342.682370,77325.468750,,3.481200,-341.315770
12.500000,0.367860,0.599850,2.296880,257.322140,-342.682370,77325.468750,,3.481200,-341.315770
12.502000,0.251220,0.551150,1.794430,257.341550,-342.682590,77748.406250,,3.445310,-341.315220
12.504000,0.196110,0.542180,2.409670,257.360630,-342.682220,77406.687500,1.000000,3.388920,-341.314730
12.506000,0.201230,0.629330,4.388670,257.379460,-342.682590,77069.187500,,3.531190,-341.314610
12.508000,0.339660,0.772890,5.578130,257.397770,-342.682560,77302.273440,,3.446590,-341.315160
12.510000,0.453740,0.915160,5.475590,257.415860,-342.681460,77395.078130,,3.249210,-341.316010
12.512000,0.501160,0.830570,4.819340,257.434970,-342.681340,77178.867190,1.000000,3.406860,-341.316350
12.514000,0.438350,0.534480,3.424800,257.455260,-342.682280,77423.554690,,3.508120,-341.315860
12.516000,0.276860,0.387080,2.891600,257.475460,-342.682590,77517.421880,,3.494020,-341.314760
12.518000,0.166630,0.367860,3.106930,257.494840,-342.682160,77569.109380,,3.374820,-341.313810
12.520000,0.121770,0.453740,3.824710,257.513700,-342.682460,77312.812500,1.000000,3.517090,-341.313420
12.522000,0.225590,0.601140,3.927250,257.531890,-342.682460,77702.000000,,3.432500,-341.313930
12.524000,0.339660,0.724180,3.763180,257.549840,-342.681700,77513.210940,,3.282530,-341.314910
12.526000,0.396060,0.734440,2.809570,257.568270,-342.681730,77326.523440,,3.436340,-341.315670
12.528000,0.366580,0.543460,2.266110,257.587770,-342.682400,77479.460940,1.000000,3.479920,-341.315730
12.528000,0.366580,0.543460,2.266110,257.587770,-342.682400,77479.460940,1.000000,3.479920,-341.315730
12.530000,0.251220,0.501160,1.640630,257.607180,-342.682590,77471.015630,,3.441470,-341.315190
12.532000,0.197390,0.507570,2.471190,257.626190,-342.682220,76882.500000,,3.391480,-341.314700
12.534000,0.205080,0.613950,4.542480,257.644900,-342.682590,77205.242190,,3.537600,-341.314580
12.536000,0.343510,0.775450,5.516600,257.663090,-342.682500,77100.828130,1.000000,3.436340,-341.315160
12.538000,0.452450,0.919010,5.475590,257.681180,-342.681400,77015.398440,,3.249210,-341.315980
12.540000,0.499880,0.826720,4.614260,257.700290,-342.681370,77345.515630,,3.414550,-341.316310
12.542000,0.430660,0.512700,3.240230,257.720700,-342.682310,77300.156250,,3.513240,-341.315800
12.544000,0.278140,0.348630,2.799320,257.740970,-342.682590,77483.671880,1.000000,3.486330,-341.314730
12.544000,0.278140,0.348630,2.799320,257.740970,-342.682590,77483.671880,1.000000,3.486330,-341.314730
12.546000,0.170470,0.324280,2.830080,257.760560,-342.682160,77714.656250,,3.382510,-341.313810
12.548000,0.128170,0.408870,3.752930,257.779510,-342.682500,77362.390630,,3.523500,-341.313450
12.550000,0.233280,0.560120,4.152830,257.797760,-342.682460,77262.195310,,3.428650,-341.313960
12.552000,0.346070,0.693420,3.814450,257.815730,-342.681670,77314.921880,1.000000,3.287660,-341.314940
12.554000,0.399900,0.712650,2.922360,257.834140,-342.681730,77213.679690,,3.445310,-341.315670
12.556000,0.360170,0.546020,2.184080,257.853520,-342.682430,77391.921880,,3.483760,-341.315700
12.558000,0.248660,0.524230,1.712400,257.872800,-342.682530,77520.593750,,3.441470,-341.315120
12.560000,0.197390,0.540890,2.522460,257.891690,-342.682190,77223.171880,1.000000,3.397890,-341.314640
12.562000,0.211490,0.651120,4.562990,257.910340,-342.682590,77465.742190,,3.545290,-341.314580
12.564000,0.352480,0.801090,5.701170,257.928530,-342.682460,77254.804690,,3.429930,-341.315190
12.566000,0.461430,0.936950,5.444820,257.946590,-342.681340,77251.640630,,3.250490,-341.316010
12.568000,0.507570,0.815190,4.562990,257.965790,-342.681400,77565.945310,1.000000,3.422240,-341.316310
12.568000,0.507570,0.815190,4.562990,257.965790,-342.681400,77565.945310,1.000000,3.422240,-341.316310
12.570000,0.431950,0.521670,3.178710,257.986180,-342.682310,77292.781250,,3.520940,-341.315770
12.572000,0.274290,0.385800,2.707030,258.006290,-342.682560,77449.929690,,3.481200,-341.314640
12.574000,0.165340,0.383240,3.086430,258.025630,-342.682130,77458.359380,,3.388920,-341.313720
12.576000,0.128170,0.484500,3.783690,258.044430,-342.682460,77060.742190,1.000000,3.533750,-341.313390
12.578000,0.237120,0.648560,4.316890,258.062500,-342.682430,77282.226560,,3.419680,-341.313960
12.580000,0.351200,0.799800,3.834960,258.080260,-342.681640,77388.757810,,3.296630,-341.314940
12.582000,0.402470,0.808780,3.035160,258.098660,-342.681760,77358.164060,,3.450440,-341.315670
12.584000,0.360170,0.619080,2.225100,258.118160,-342.682460,77557.500000,1.000000,3.490170,-341.315670
12.586000,0.248660,0.572940,1.620120,258.137480,-342.682500,77388.757810,,3.438900,-341.315090
12.588000,0.198670,0.578060,2.419920,258.156560,-342.682190,77467.859380,,3.404300,-341.314610
12.590000,0.217900,0.670350,4.686040,258.175350,-342.682620,77391.921880,,3.554260,-341.314540
12.592000,0.361450,0.808780,5.670410,258.193700,-342.682430,77447.820310,1.000000,3.420960,-341.315190
12.592000,0.361450,0.808780,5.670410,258.193700,-342.682430,77447.820310,1.000000,3.420960,-341.315190
12.594000,0.463990,0.921570,5.629390,258.212010,-342.681340,77357.109380,,3.256900,-341.315980
12.596000,0.506290,0.790830,4.583500,258.231380,-342.681430,77344.460940,,3.429930,-341.316280
12.598000,0.424260,0.483220,3.322270,258.251890,-342.682340,77289.617190,,3.531190,-341.315670
12.600000,0.269170,0.340940,2.594240,258.272130,-342.682530,77458.359380,1.000000,3.479920,-341.314540
12.600000,0.269170,0.340940,2.594240,258.272130,-342.682530,77458.359380,1.000000,3.479920,-341.314540
12.602000,0.162780,0.326840,3.209470,258.291630,-342.682130,77168.320310,,3.394040,-341.313690
12.604000,0.133300,0.422970,3.927250,258.310490,-342.682500,77397.195310,,3.541440,-341.313390
12.606000,0.248660,0.578060,4.327150,258.328640,-342.682370,77582.820310,,3.409420,-341.313960
12.608000,0.357600,0.722900,3.814450,258.346500,-342.681610,77622.898440,1.000000,3.304320,-341.314970
12.610000,0.407590,0.720340,2.860840,258.364990,-342.681760,77362.390630,,3.456850,-341.315670
12.612000,0.358890,0.548580,2.071290,258.384430,-342.682460,77835.937500,,3.492740,-341.315610
12.614000,0.247380,0.533200,1.568850,258.403630,-342.682460,77461.523440,,3.436340,-341.315030
12.616000,0.197390,0.569090,2.460940,258.422490,-342.682190,77273.796880,1.000000,3.406860,-341.314540
12.618000,0.224300,0.693420,4.521970,258.441040,-342.682620,77214.734380,,3.561950,-341.314510
12.620000,0.370420,0.877990,5.865230,258.459010,-342.682370,77215.789060,,3.411990,-341.315190
12.622000,0.469120,0.995910,5.660160,258.477080,-342.681270,77223.171880,,3.260740,-341.316010
12.624000,0.513980,0.870300,4.501460,258.496340,-342.681430,77337.070310,1.000000,3.435060,-341.316250
12.624000,0.513980,0.870300,4.501460,258.496340,-342.681430,77337.070310,1.000000,3.435060,-341.316250
12.626000,0.422970,0.563960,3.209470,258.516720,-342.682400,77448.875000,,3.537600,-341.315610
12.628000,0.264040,0.425540,2.594240,258.536830,-342.682500,77685.125000,,3.472230,-341.314480
12.630000,0.164060,0.410160,2.840330,258.556340,-342.682130,77367.656250,,3.401730,-341.313630
12.632000,0.139710,0.489620,3.742680,258.575230,-342.682500,77675.625000,1.000000,3.547850,-341.313390
12.634000,0.255070,0.620360,4.265630,258.593540,-342.682340,77439.382810,,3.400450,-341.313960
12.636000,0.360170,0.742130,3.886230,258.611510,-342.681580,77073.406250,,3.310730,-341.314970
12.638000,0.407590,0.710080,2.860840,258.630160,-342.681760,77428.828130,,3.455570,-341.315640
12.640000,0.356320,0.525510,2.225100,258.649720,-342.682460,77561.718750,1.000000,3.496580,-341.315580
12.640000,0.356320,0.525510,2.225100,258.649720,-342.682460,77561.718750,1.000000,3.496580,-341.315580
12.642000,0.244810,0.487060,1.650880,258.669070,-342.682460,77254.804690,,3.432500,-341.314970
12.642000,0.244810,0.487060,1.650880,258.669070,-342.682460,77254.804690,,3.432500,-341.314970
12.644000,0.201230,0.496030,2.809570,258.688110,-342.682190,77152.500000,,3.413270,-341.314510
12.646000,0.231990,0.599850,4.911620,258.706790,-342.682620,77348.679690,,3.565800,-341.314510
12.648000,0.379390,0.752380,5.885740,258.724980,-342.682310,77304.382810,1.000000,3.401730,-341.315190
12.650000,0.475520,0.857480,5.639650,258.743230,-342.681240,77505.828130,,3.264590,-341.315980
12.652000,0.513980,0.692140,4.460450,258.762660,-342.681490,77631.328130,,3.438900,-341.316190
12.654000,0.417850,0.385800,3.188960,258.783200,-342.682430,77535.359380,,3.536320,-341.315520
12.656000,0.258910,0.270450,2.553220,258.803280,-342.682460,77381.375000,1.000000,3.463260,-341.314390
12.658000,0.162780,0.274290,2.932620,258.822660,-342.682100,77312.812500,,3.403020,-341.313570
12.660000,0.142270,0.389650,3.906740,258.841340,-342.682500,77450.984380,,3.551700,-341.313320
12.662000,0.258910,0.549870,4.286130,258.859380,-342.682310,76921.531250,,3.386350,-341.313960
12.664000,0.364010,0.710080,3.773440,258.877140,-342.681580,77271.687500,1.000000,3.317140,-341.314970
12.664000,0.364010,0.710080,3.773440,258.877140,-342.681580,77271.687500,1.000000,3.317140,-341.314970
12.666000,0.411440,0.704960,2.973630,258.895540,-342.681760,77531.132810,,3.454280,-341.315640
12.668000,0.352480,0.551150,2.173830,258.914890,-342.682500,77282.226560,,3.494020,-341.315520
12.670000,0.242250,0.554990,1.558590,258.933960,-342.682460,77338.125000,,3.423520,-341.314940
12.672000,0.201230,0.590880,2.635250,258.952790,-342.682190,77427.781250,1.000000,3.414550,-341.314510
12.674000,0.237120,0.712650,4.614260,258.971310,-342.682620,77183.085940,,3.563230,-341.314510
12.676000,0.381960,0.854920,5.711430,258.989440,-342.682310,77649.257810,,3.386350,-341.315190
12.678000,0.476810,0.968990,5.526860,259.007660,-342.681240,77249.531250,,3.263310,-341.315980
12.680000,0.515260,0.798520,4.552730,259.027100,-342.681520,77299.101560,1.000000,3.436340,-341.316160
12.682000,0.415280,0.498600,3.240230,259.047640,-342.682460,77144.070310,,3.531190,-341.315460
12.684000,0.256350,0.392210,2.604490,259.067690,-342.682460,77427.781250,,3.444030,-341.314360
12.686000,0.162780,0.379390,3.363280,259.087190,-342.682160,77347.625000,,3.404300,-341.313540
12.688000,0.144840,0.476810,3.947750,259.105990,-342.682560,77305.437500,1.000000,3.545290,-341.313320
12.688000,0.144840,0.476810,3.947750,259.105990,-342.682560,77305.437500,1.000000,3.545290,-341.313320
12.690000,0.266600,0.607540,4.173340,259.124240,-342.682310,77250.593750,,3.372250,-341.314000
12.692000,0.369140,0.734440,3.886230,259.142210,-342.681580,77518.476560,,3.317140,-341.315000
12.694000,0.414000,0.681880,2.932620,259.160920,-342.681850,77480.515630,,3.450440,-341.315640
12.696000,0.348630,0.505000,2.204590,259.180510,-342.682560,77578.593750,1.000000,3.491460,-341.315490
12.698000,0.240970,0.488340,1.579100,259.199770,-342.682460,77503.710940,,3.414550,-341.314910
12.700000,0.201230,0.515260,2.819820,259.218780,-342.682220,77349.726560,,3.415830,-341.314450
12.702000,0.242250,0.634460,4.501460,259.237340,-342.682680,77070.242190,,3.561950,-341.314510
12.704000,0.390930,0.795960,5.670410,259.255460,-342.682250,77283.281250,1.000000,3.370970,-341.315190
12.704000,0.390930,0.795960,5.670410,259.255460,-342.682250,77283.281250,1.000000,3.370970,-341.315190
12.706000,0.481930,0.908750,5.526860,259.273680,-342.681210,77144.070310,,3.258180,-341.315980
12.708000,0.513980,0.748540,4.542480,259.293090,-342.681580,77187.312500,,3.436340,-341.316160
12.710000,0.406310,0.458860,3.281250,259.313570,-342.682530,77367.656250,,3.529910,-341.315400
12.712000,0.251220,0.370420,2.717290,259.333500,-342.682460,77221.054690,1.000000,3.432500,-341.314270
12.714000,0.161500,0.374270,3.065920,259.352870,-342.682190,77402.460940,,3.406860,-341.313480
12.716000,0.147400,0.490910,4.009280,259.371580,-342.682590,77630.273440,,3.544010,-341.313290
12.718000,0.273010,0.637020,4.132320,259.389740,-342.682310,77609.187500,,3.358150,-341.314030
12.720000,0.370420,0.786990,3.722170,259.407590,-342.681580,77495.281250,1.000000,3.315860,-341.315030
12.722000,0.411440,0.737000,2.737790,259.426300,-342.681880,77692.500000,,3.444030,-341.315610
12.724000,0.342220,0.576780,2.225100,259.445860,-342.682590,77305.437500,,3.486330,-341.315460
12.726000,0.237120,0.567810,1.456050,259.465060,-342.682460,77475.234380,,3.401730,-341.314850
12.728000,0.201230,0.589600,2.922360,259.484070,-342.682250,77206.289060,1.000000,3.415830,-341.314450
12.728000,0.201230,0.589600,2.922360,259.484070,-342.682250,77206.289060,1.000000,3.415830,-341.314450
12.730000,0.251220,0.710080,4.665530,259.502660,-342.682710,77125.085940,,3.558110,-341.314510
12.732000,0.401180,0.861330,5.783200,259.520840,-342.682250,77058.640630,,3.351750,-341.315250
12.734000,0.488340,0.948490,5.414060,259.539220,-342.681210,77231.609380,,3.255620,-341.316010
12.736000,0.512700,0.753660,4.593750,259.558840,-342.681610,77700.937500,1.000000,3.432500,-341.316100
12.736000,0.512700,0.753660,4.593750,259.558840,-342.681610,77700.937500,1.000000,3.432500,-341.316100
12.738000,0.402470,0.442200,3.209470,259.579470,-342.682590,77426.718750,,3.528630,-341.315340
12.740000,0.248660,0.348630,2.563480,259.599490,-342.682460,77281.179690,,3.417110,-341.314210
12.742000,0.157650,0.330690,2.891600,259.618990,-342.682190,77454.140630,,3.406860,-341.313420
12.744000,0.149960,0.446040,3.896480,259.637700,-342.682590,77306.484380,1.000000,3.532470,-341.313260
12.746000,0.279420,0.580630,3.958010,259.655820,-342.682310,77305.437500,,3.342770,-341.314030
12.748000,0.378110,0.725460,3.804200,259.673710,-342.681580,77151.445310,,3.312010,-341.315030
12.750000,0.415280,0.660100,2.953130,259.692440,-342.681950,77260.085940,,3.438900,-341.315640
12.750000,0.415280,0.660100,2.953130,259.692440,-342.681950,77260.085940,,3.438900,-341.315640
12.752000,0.343510,0.501160,2.409670,259.711910,-342.682620,77079.726560,1.000000,3.483760,-341.315430
12.754000,0.235840,0.502440,1.589360,259.731080,-342.682460,77404.578130,,3.391480,-341.314820
12.756000,0.201230,0.535770,3.045410,259.750000,-342.682310,77395.078130,,3.418400,-341.314390
12.758000,0.252500,0.669070,4.727050,259.768460,-342.682740,77360.281250,,3.549130,-341.314510
12.760000,0.405030,0.835690,5.444820,259.786530,-342.682220,77176.757810,1.000000,3.338930,-341.315250
12.762000,0.489620,0.943360,5.270510,259.804810,-342.681240,77502.656250,,3.256900,-341.315950
12.764000,0.510130,0.749820,4.470700,259.824370,-342.681700,77477.351560,,3.427370,-341.316040
12.766000,0.397340,0.446040,3.127440,259.844940,-342.682620,77303.328130,,3.520940,-341.315280
12.768000,0.244810,0.361450,2.583980,259.864930,-342.682500,77416.171880,1.000000,3.401730,-341.314150
12.770000,0.156370,0.352480,3.240230,259.884340,-342.682250,77502.656250,,3.403020,-341.313390
12.772000,0.157650,0.481930,3.875980,259.903080,-342.682650,77060.742190,,3.522220,-341.313290
12.774000,0.287110,0.604980,3.937500,259.921300,-342.682310,77304.382810,,3.328670,-341.314060
12.776000,0.381960,0.739560,3.476070,259.939270,-342.681610,77459.414060,1.000000,3.312010,-341.315060
12.776000,0.381960,0.739560,3.476070,259.939270,-342.681610,77459.414060,1.000000,3.312010,-341.315060
12.778000,0.414000,0.654970,2.922360,259.958160,-342.682010,77241.093750,,3.429930,-341.315610
12.780000,0.337100,0.506290,2.122560,259.977720,-342.682680,77386.640630,,3.481200,-341.315370
12.782000,0.234560,0.512700,1.599610,259.996920,-342.682460,77503.710940,,3.377380,-341.314790
12.784000,0.201230,0.547300,3.076170,260.015840,-342.682340,77262.195310,1.000000,3.418400,-341.314360
12.786000,0.258910,0.672910,4.614260,260.034360,-342.682740,77565.945310,,3.537600,-341.314510
12.788000,0.412720,0.838260,5.465330,260.052400,-342.682190,77404.578130,,3.322270,-341.315280
12.790000,0.496030,0.927980,5.332030,260.070680,-342.681270,77266.406250,,3.256900,-341.315980
12.792000,0.512700,0.728030,4.378420,260.090300,-342.681760,76551.328130,1.000000,3.428650,-341.316040
12.792000,0.512700,0.728030,4.378420,260.090300,-342.681760,76551.328130,1.000000,3.428650,-341.316040
12.794000,0.394780,0.440920,3.168460,260.110780,-342.682680,77275.906250,,3.515810,-341.315190
12.796000,0.240970,0.372990,2.655760,260.130650,-342.682500,77502.656250,,3.388920,-341.314090
12.798000,0.153810,0.367860,3.332520,260.149960,-342.682280,77385.585940,,3.403020,-341.313320
12.800000,0.161500,0.498600,3.793950,260.168640,-342.682680,77243.210940,1.000000,3.515810,-341.313260
12.802000,0.294800,0.621640,3.937500,260.186740,-342.682310,77668.250000,,3.318420,-341.314090
12.804000,0.384520,0.766480,3.537600,260.204710,-342.681640,77417.226560,,3.310730,-341.315060
12.806000,0.414000,0.660100,2.840330,260.223600,-342.682040,77564.890630,,3.429930,-341.315580
12.808000,0.333250,0.506290,2.194340,260.243160,-342.682740,77763.171880,1.000000,3.476070,-341.315340
12.808000,0.333250,0.506290,2.194340,260.243160,-342.682740,77763.171880,1.000000,3.476070,-341.315340
12.810000,0.231990,0.503720,1.773930,260.262390,-342.682460,77373.992190,,3.369690,-341.314730
12.812000,0.202510,0.525510,3.117190,260.281400,-342.682370,77318.093750,,3.422240,-341.314360
12.814000,0.266600,0.652400,4.870610,260.299990,-342.682770,77223.171880,,3.527340,-341.314510
12.816000,0.417850,0.799800,5.434570,260.318150,-342.682190,76824.492190,1.000000,3.306880,-341.315310
12.818000,0.496030,0.866460,5.342290,260.336640,-342.681300,77428.828130,,3.259460,-341.315950
12.820000,0.506290,0.640870,4.357910,260.356450,-342.681820,77347.625000,,3.428650,-341.315980
12.822000,0.385800,0.355040,3.353030,260.377010,-342.682740,77635.546880,,3.513240,-341.315120
12.824000,0.237120,0.294800,2.696780,260.396940,-342.682500,77498.445310,1.000000,3.378660,-341.314000
12.826000,0.153810,0.283260,3.168460,260.416290,-342.682310,77225.273440,,3.408140,-341.313290
12.828000,0.167910,0.435790,3.752930,260.434910,-342.682710,77541.679690,,3.501710,-341.313290
12.830000,0.302490,0.570370,3.711910,260.452940,-342.682310,77493.171880,,3.308170,-341.314090
12.832000,0.389650,0.719060,3.353030,260.470830,-342.681640,77394.031250,1.000000,3.310730,-341.315060
12.832000,0.389650,0.719060,3.353030,260.470830,-342.681640,77394.031250,1.000000,3.310730,-341.315060
12.834000,0.419130,0.620360,2.860840,260.489650,-342.682100,77357.109380,,3.424800,-341.315580
12.836000,0.331970,0.503720,2.184080,260.509060,-342.682740,77309.648440,,3.472230,-341.315310
12.838000,0.231990,0.531920,1.753420,260.528140,-342.682500,77193.632810,,3.360720,-341.314700
12.840000,0.205080,0.585750,3.383790,260.546910,-342.682430,77398.242190,1.000000,3.426090,-341.314330
12.840000,0.205080,0.585750,3.383790,260.546910,-342.682430,77398.242190,1.000000,3.426090,-341.314330
12.842000,0.270450,0.740840,4.962890,260.565250,-342.682800,77421.453130,,3.520940,-341.314510
12.844000,0.422970,0.919010,5.352540,260.583160,-342.682190,77227.390630,,3.295350,-341.315310
12.846000,0.497310,1.006160,5.198730,260.601410,-342.681300,77307.539060,,3.264590,-341.315950
12.848000,0.503720,0.804930,4.296390,260.621060,-342.681850,77416.171880,1.000000,3.432500,-341.315920
12.850000,0.381960,0.526790,3.342770,260.641480,-342.682740,77535.359380,,3.508120,-341.315060
12.852000,0.235840,0.478090,2.696780,260.661290,-342.682500,77706.210940,,3.373540,-341.313960
12.854000,0.155090,0.463990,3.383790,260.680630,-342.682310,77272.742190,,3.411990,-341.313260
12.856000,0.174320,0.594730,3.732420,260.699310,-342.682740,77384.531250,1.000000,3.492740,-341.313290
12.858000,0.308900,0.701110,3.834960,260.717560,-342.682280,77225.273440,,3.305600,-341.314120
12.860000,0.390930,0.817750,3.435060,260.735720,-342.681670,77291.718750,,3.318420,-341.315060
12.862000,0.415280,0.675480,2.994140,260.754910,-342.682160,77113.484380,,3.429930,-341.315550
12.864000,0.325560,0.528080,2.266110,260.774660,-342.682770,77537.468750,1.000000,3.472230,-341.315250
12.864000,0.325560,0.528080,2.266110,260.774660,-342.682770,77537.468750,1.000000,3.472230,-341.315250
12.866000,0.231990,0.516540,1.927730,260.794010,-342.682460,77439.382810,,3.359440,-341.314640
12.868000,0.203800,0.540890,3.445310,260.813050,-342.682430,77448.875000,,3.435060,-341.314300
12.870000,0.276860,0.681880,4.778320,260.831600,-342.682800,77118.750000,,3.514530,-341.314510
12.872000,0.428100,0.835690,5.198730,260.849760,-342.682100,77537.468750,1.000000,3.287660,-341.315340
12.874000,0.502440,0.877990,5.239750,260.868290,-342.681270,77253.750000,,3.269710,-341.315980
12.876000,0.506290,0.637020,4.009280,260.888210,-342.681880,77273.796880,,3.436340,-341.315950
12.878000,0.376830,0.361450,3.291500,260.908750,-342.682740,77337.070310,,3.511960,-341.315030
12.880000,0.231990,0.317870,2.973630,260.928590,-342.682460,77448.875000,1.000000,3.372250,-341.313930
12.882000,0.151250,0.319150,3.609380,260.947850,-342.682310,76973.203130,,3.420960,-341.313230
12.884000,0.178160,0.480650,3.845210,260.966370,-342.682740,77430.937500,,3.490170,-341.313290
12.886000,0.315310,0.616520,4.009280,260.984310,-342.682220,77449.929690,,3.301760,-341.314150
12.888000,0.393490,0.778020,3.342770,261.002140,-342.681640,77439.382810,1.000000,3.323550,-341.315090
12.890000,0.417850,0.684450,2.789060,261.020970,-342.682160,77565.945310,,3.435060,-341.315550
12.892000,0.323000,0.589600,2.184080,261.040250,-342.682770,77738.906250,,3.474790,-341.315190
12.894000,0.231990,0.621640,1.866210,261.059200,-342.682460,77369.773440,,3.358150,-341.314640
12.896000,0.206360,0.667790,3.496580,261.077940,-342.682460,77340.234380,1.000000,3.446590,-341.314300
12.896000,0.206360,0.667790,3.496580,261.077940,-342.682460,77340.234380,1.000000,3.446590,-341.314300
12.898000,0.284550,0.811340,4.921880,261.096340,-342.682770,77177.812500,,3.506840,-341.314540
12.900000,0.433230,0.961300,5.403810,261.114410,-342.682040,77379.265630,,3.277400,-341.315340
12.902000,0.502440,0.986940,5.260250,261.133030,-342.681270,76933.125000,,3.278690,-341.315980
12.904000,0.501160,0.720340,4.050290,261.153080,-342.681880,77329.687500,1.000000,3.438900,-341.315890
12.904000,0.501160,0.720340,4.050290,261.153080,-342.681880,77329.687500,1.000000,3.438900,-341.315890
12.906000,0.367860,0.438350,3.599120,261.173740,-342.682740,77559.609380,,3.509400,-341.314940
12.908000,0.228150,0.381960,2.932620,261.193730,-342.682460,77237.929690,,3.369690,-341.313870
12.910000,0.149960,0.367860,3.424800,261.213100,-342.682340,77424.617190,,3.429930,-341.313230
12.912000,0.183290,0.508850,3.824710,261.231780,-342.682740,77559.609380,1.000000,3.485050,-341.313320
12.914000,0.316590,0.613950,3.886230,261.249940,-342.682190,77208.398440,,3.303040,-341.314210
12.916000,0.394780,0.726750,3.424800,261.268040,-342.681640,77541.679690,,3.328670,-341.315120
12.918000,0.417850,0.580630,2.748050,261.287170,-342.682190,77697.781250,,3.440190,-341.315580
12.920000,0.320430,0.476810,2.307130,261.306670,-342.682740,77478.406250,1.000000,3.473510,-341.315190
12.922000,0.231990,0.489620,1.999510,261.325780,-342.682430,77472.070310,,3.359440,-341.314640
12.924000,0.207640,0.529360,3.691410,261.344670,-342.682460,77238.984380,,3.453000,-341.314300
12.926000,0.289670,0.672910,5.075680,261.363130,-342.682770,77190.468750,,3.500430,-341.314580
12.928000,0.433230,0.835690,5.393550,261.381160,-342.682010,77094.492190,1.000000,3.276120,-341.315370
12.928000,0.433230,0.835690,5.393550,261.381160,-342.682010,77094.492190,1.000000,3.276120,-341.315370
12.930000,0.498600,0.881840,5.137210,261.399660,-342.681300,77322.304690,,3.290220,-341.315980
12.932000,0.492190,0.646000,4.060550,261.419530,-342.681950,77639.773440,,3.450440,-341.315860
12.934000,0.356320,0.410160,3.168460,261.439880,-342.682740,77534.296880,,3.510680,-341.314910
12.936000,0.223020,0.396060,2.953130,261.459500,-342.682400,77647.148440,1.000000,3.372250,-341.313870
12.938000,0.149960,0.425540,3.537600,261.478580,-342.682340,77570.156250,,3.441470,-341.313230
12.940000,0.189700,0.588320,3.814450,261.497010,-342.682710,77341.289060,,3.481200,-341.313390
12.942000,0.320430,0.708800,3.629880,261.515010,-342.682130,77337.070310,,3.297910,-341.314270
12.944000,0.396060,0.821590,3.178710,261.533110,-342.681640,77417.226560,1.000000,3.335080,-341.315190
12.946000,0.411440,0.665220,2.645510,261.552280,-342.682190,77422.507810,,3.444030,-341.315580
12.948000,0.308900,0.567810,2.173830,261.571840,-342.682740,77068.132810,,3.473510,-341.315190
12.950000,0.226870,0.567810,2.122560,261.591060,-342.682400,77396.132810,,3.360720,-341.314610
12.952000,0.206360,0.607540,3.978520,261.609990,-342.682460,77036.484380,1.000000,3.460690,-341.314300
12.952000,0.206360,0.607540,3.978520,261.609990,-342.682460,77036.484380,1.000000,3.460690,-341.314300
12.954000,0.294800,0.744690,5.126950,261.628510,-342.682770,77265.351560,,3.499150,-341.314640
12.956000,0.438350,0.897220,5.403810,261.646610,-342.681920,77404.578130,,3.272280,-341.315460
12.958000,0.508850,0.926700,5.075680,261.665160,-342.681270,77361.335940,,3.300480,-341.316040
12.960000,0.496030,0.663940,3.783690,261.685120,-342.681950,77556.453130,1.000000,3.456850,-341.315890
12.962000,0.352480,0.428100,3.035160,261.705540,-342.682740,77428.828130,,3.511960,-341.314910
12.964000,0.219180,0.390930,3.024900,261.725280,-342.682340,77327.578130,,3.374820,-341.313840
12.966000,0.144840,0.406310,3.527340,261.744420,-342.682310,77227.390630,,3.446590,-341.313230
12.968000,0.190980,0.557560,3.834960,261.762940,-342.682710,77093.437500,1.000000,3.478640,-341.313390
12.968000,0.190980,0.557560,3.834960,261.762940,-342.682710,77093.437500,1.000000,3.478640,-341.313390
12.970000,0.321720,0.676760,3.773440,261.780980,-342.682070,77311.757810,,3.297910,-341.314300
12.972000,0.399900,0.783140,3.322270,261.799040,-342.681670,77122.968750,,3.349180,-341.315220
12.974000,0.410160,0.639590,2.635250,261.818150,-342.682190,77321.257810,,3.454280,-341.315610
12.976000,0.303770,0.558840,2.296880,261.837590,-342.682740,77592.304690,1.000000,3.472230,-341.315190
12.978000,0.226870,0.581910,2.194340,261.856600,-342.682370,77580.710940,,3.369690,-341.314640
12.980000,0.207640,0.647280,3.865720,261.875370,-342.682460,77177.812500,,3.473510,-341.314330
12.982000,0.298650,0.793400,4.983400,261.893740,-342.682740,77628.171880,,3.491460,-341.314640
12.984000,0.437070,0.936950,5.342290,261.911870,-342.681850,77166.210940,1.000000,3.268430,-341.315460
12.986000,0.503720,0.930540,4.870610,261.930600,-342.681270,77317.039060,,3.315860,-341.316040
12.988000,0.481930,0.640870,3.855470,261.950810,-342.681980,77370.820310,,3.461980,-341.315860
12.990000,0.338380,0.402470,2.983890,261.971370,-342.682740,77269.570310,,3.514530,-341.314880
12.992000,0.212770,0.349910,3.076170,261.991240,-342.682310,76478.554690,1.000000,3.374820,-341.313840
12.992000,0.212770,0.349910,3.076170,261.991240,-342.682310,76478.554690,1.000000,3.374820,-341.313840
12.994000,0.143550,0.365300,3.722170,262.010530,-342.682340,77233.710940,,3.459410,-341.313260
12.996000,0.196110,0.513980,3.834960,262.029080,-342.682680,77263.250000,,3.478640,-341.313510
12.998000,0.325560,0.640870,3.845210,262.047120,-342.682040,77458.359380,,3.299190,-341.314420
13.000000,0.399900,0.743410,3.055660,262.065250,-342.681640,77366.609380,1.000000,3.362000,-341.315340
13.000000,0.399900,0.743410,3.055660,262.065250,-342.681640,77366.609380,1.000000,3.362000,-341.315340
13.002000,0.403750,0.583190,2.378910,262.084410,-342.682190,77765.273440,,3.459410,-341.315610
13.004000,0.296080,0.502440,2.061040,262.103910,-342.682710,77630.273440,,3.473510,-341.315190
13.006000,0.221740,0.506290,2.040530,262.122990,-342.682310,77529.023440,,3.372250,-341.314640
13.008000,0.206360,0.576780,3.875980,262.141720,-342.682430,77075.507810,1.000000,3.483760,-341.314360
13.010000,0.306340,0.719060,5.280760,262.160100,-342.682710,77265.351560,,3.490170,-341.314730
13.012000,0.443480,0.869020,5.485840,262.178160,-342.681790,76913.085940,,3.268430,-341.315580
13.014000,0.503720,0.874150,4.973140,262.196780,-342.681270,77281.179690,,3.331240,-341.316100
13.016000,0.476810,0.622920,4.019530,262.216740,-342.682040,77418.289060,1.000000,3.474790,-341.315860
13.018000,0.330690,0.424260,3.127440,262.236940,-342.682710,77368.710940,,3.518370,-341.314850
13.020000,0.203800,0.419130,2.912110,262.256350,-342.682310,77438.320310,,3.379940,-341.313810
13.022000,0.135860,0.478090,3.640140,262.275240,-342.682310,77698.835940,,3.472230,-341.313260
13.024000,0.198670,0.640870,3.947750,262.293490,-342.682650,77402.460940,1.000000,3.474790,-341.313540
13.024000,0.198670,0.640870,3.947750,262.293490,-342.682650,77402.460940,1.000000,3.474790,-341.313540
13.026000,0.326840,0.771610,3.722170,262.311400,-342.681950,77401.406250,,3.296630,-341.314510
13.028000,0.398620,0.849790,3.076170,262.329530,-342.681610,77414.062500,,3.370970,-341.315370
13.030000,0.397340,0.671630,2.450680,262.348820,-342.682220,77434.109380,,3.467100,-341.315670
13.032000,0.287110,0.574220,1.968750,262.368440,-342.682680,77521.648440,1.000000,3.473510,-341.315190
13.032000,0.287110,0.574220,1.968750,262.368440,-342.682680,77521.648440,1.000000,3.473510,-341.315190
13.034000,0.217900,0.553710,2.143070,262.387790,-342.682310,77314.921880,,3.374820,-341.314640
13.036000,0.203800,0.601140,3.906740,262.406800,-342.682430,77190.468750,,3.491460,-341.314390
13.038000,0.307620,0.731870,5.383300,262.425380,-342.682680,77017.500000,,3.487610,-341.314790
13.040000,0.442200,0.860050,5.332030,262.443660,-342.681760,77120.859380,1.000000,3.267150,-341.315610
13.042000,0.498600,0.828000,4.829590,262.462590,-342.681270,77300.156250,,3.347900,-341.316160
13.044000,0.469120,0.521670,3.773440,262.482880,-342.682040,77281.179690,,3.482480,-341.315890
13.046000,0.320430,0.312740,2.850590,262.503390,-342.682710,77392.976560,,3.515810,-341.314850
13.048000,0.197390,0.279420,2.973630,262.523010,-342.682250,77667.195310,1.000000,3.379940,-341.313840
13.050000,0.134580,0.331970,3.722170,262.542080,-342.682310,77240.039060,,3.479920,-341.313320
13.052000,0.203800,0.487060,3.896480,262.560420,-342.682620,77299.101560,,3.474790,-341.313660
13.054000,0.329410,0.624210,3.834960,262.578340,-342.681880,77361.335940,,3.292790,-341.314610
13.056000,0.394780,0.716490,2.994140,262.596440,-342.681610,77366.609380,1.000000,3.386350,-341.315460
13.058000,0.390930,0.567810,2.532710,262.615540,-342.682220,77334.960940,,3.469670,-341.315700
13.060000,0.278140,0.530640,1.948240,262.634770,-342.682680,77580.710940,,3.474790,-341.315190
13.062000,0.211490,0.566530,2.307130,262.653590,-342.682310,77168.320310,,3.378660,-341.314670
13.064000,0.202510,0.666500,4.132320,262.672150,-342.682460,77435.156250,1.000000,3.501710,-341.314450
13.064000,0.202510,0.666500,4.132320,262.672150,-342.682460,77435.156250,1.000000,3.501710,-341.314450
13.066000,0.314030,0.840820,5.342290,262.690280,-342.682650,77237.929690,,3.483760,-341.314880
13.068000,0.444760,0.992070,5.455080,262.708220,-342.681640,77550.125000,,3.262020,-341.315700
13.070000,0.496030,0.967710,4.829590,262.726990,-342.681270,77368.710940,,3.355590,-341.316160
13.072000,0.460140,0.665220,3.599120,262.747160,-342.682070,77440.437500,1.000000,3.483760,-341.315890
13.074000,0.308900,0.451170,2.819820,262.767640,-342.682680,77464.695310,,3.510680,-341.314820
13.076000,0.189700,0.398620,2.881350,262.787380,-342.682220,77231.609380,,3.374820,-341.313840
13.078000,0.128170,0.426820,3.609380,262.806610,-342.682340,77145.117190,,3.482480,-341.313350
13.080000,0.205080,0.551150,4.060550,262.825200,-342.682590,77349.726560,1.000000,3.470950,-341.313690
13.080000,0.205080,0.551150,4.060550,262.825200,-342.682590,77349.726560,1.000000,3.470950,-341.313690
13.082000,0.329410,0.653690,3.988770,262.843380,-342.681880,77336.023440,,3.290220,-341.314670
13.084000,0.390930,0.706240,3.117190,262.861720,-342.681640,77319.140630,,3.394040,-341.315520
13.086000,0.384520,0.522950,2.460940,262.881160,-342.682280,77567.000000,,3.472230,-341.315730
13.088000,0.271730,0.449890,1.835450,262.900700,-342.682650,77558.554690,1.000000,3.467100,-341.315250
13.088000,0.271730,0.449890,1.835450,262.900700,-342.682650,77558.554690,1.000000,3.467100,-341.315250
13.090000,0.206360,0.440920,2.030270,262.919830,-342.682280,77273.796880,,3.381230,-341.314700
13.092000,0.201230,0.529360,4.091310,262.938600,-342.682460,77577.539060,,3.505550,-341.314510
13.094000,0.323000,0.676760,5.557620,262.956940,-342.682590,77082.898440,,3.472230,-341.314970
13.096000,0.447330,0.819030,5.598630,262.975040,-342.681610,77067.078130,1.000000,3.256900,-341.315770
13.098000,0.493470,0.779300,4.901370,262.993900,-342.681270,77294.882810,,3.364560,-341.316220
13.100000,0.453740,0.493470,3.701660,263.014040,-342.682130,77439.382810,,3.487610,-341.315890
13.102000,0.297360,0.328130,3.035160,263.034300,-342.682710,77391.921880,,3.509400,-341.314790
13.104000,0.183290,0.320430,2.871090,263.053710,-342.682220,77243.210940,1.000000,3.372250,-341.313810
13.106000,0.125610,0.411440,3.916990,263.072510,-342.682400,77379.265630,,3.490170,-341.313390
13.108000,0.207640,0.597290,4.050290,263.090610,-342.682590,77477.351560,,3.464540,-341.313780
13.110000,0.330690,0.761350,3.927250,263.108340,-342.681850,77403.523440,,3.287660,-341.314760
13.112000,0.393490,0.851070,3.096680,263.126340,-342.681670,77869.687500,1.000000,3.404300,-341.315610
13.112000,0.393490,0.851070,3.096680,263.126340,-342.681670,77869.687500,1.000000,3.404300,-341.315610
13.114000,0.380680,0.685730,2.440430,263.145570,-342.682280,77550.125000,,3.470950,-341.315770
13.116000,0.262760,0.637020,1.804690,263.164920,-342.682620,77399.296880,,3.459410,-341.315250
13.118000,0.202510,0.633180,2.163570,263.184020,-342.682250,77288.562500,,3.382510,-341.314730
13.120000,0.198670,0.710080,4.193850,263.202880,-342.682460,77398.242190,1.000000,3.509400,-341.314510
13.122000,0.321720,0.844670,5.598630,263.221310,-342.682590,76858.242190,,3.463260,-341.315000
13.124000,0.444760,0.967710,5.516600,263.239560,-342.681580,77228.445310,,3.258180,-341.315830
13.126000,0.490910,0.893370,5.065430,263.258700,-342.681340,77369.773440,,3.378660,-341.316250
13.128000,0.446040,0.572940,3.629880,263.279140,-342.682190,77415.117190,1.000000,3.491460,-341.315890
13.130000,0.290950,0.376830,2.891600,263.299650,-342.682680,77465.742190,,3.504270,-341.314820
13.132000,0.179440,0.331970,2.768550,263.319340,-342.682190,77633.437500,,3.374820,-341.313870
13.134000,0.124330,0.388370,3.742680,263.338410,-342.682400,77418.289060,,3.495300,-341.313420
13.136000,0.214050,0.530640,4.009280,263.356750,-342.682590,77523.750000,1.000000,3.458130,-341.313840
13.136000,0.214050,0.530640,4.009280,263.356750,-342.682590,77523.750000,1.000000,3.458130,-341.313840
13.138000,0.335820,0.653690,4.019530,263.374760,-342.681790,77288.562500,,3.282530,-341.314850
13.140000,0.396060,0.703670,3.332520,263.393040,-342.681670,77588.085940,,3.413270,-341.315640
13.142000,0.372990,0.530640,2.481450,263.412410,-342.682310,77480.515630,,3.473510,-341.315770
13.144000,0.257630,0.489620,1.773930,263.431730,-342.682590,77381.375000,1.000000,3.453000,-341.315250
13.146000,0.201230,0.512700,2.368650,263.450680,-342.682220,77541.679690,,3.385070,-341.314730
13.148000,0.198670,0.626770,4.306640,263.469270,-342.682500,77119.804690,,3.511960,-341.314540
13.150000,0.329410,0.792110,5.526860,263.487430,-342.682560,77248.476560,,3.458130,-341.315060
13.152000,0.446040,0.936950,5.639650,263.505460,-342.681520,77601.804690,1.000000,3.255620,-341.315890
13.154000,0.496030,0.872860,4.829590,263.524410,-342.681340,77299.101560,,3.387630,-341.316310
13.156000,0.443480,0.566530,3.547850,263.544740,-342.682190,77484.726560,,3.496580,-341.315890
13.158000,0.284550,0.385800,2.666020,263.565060,-342.682650,77437.273440,,3.500430,-341.314790
13.160000,0.176880,0.369140,2.768550,263.584590,-342.682190,77347.625000,1.000000,3.374820,-341.313840
13.160000,0.176880,0.369140,2.768550,263.584590,-342.682190,77347.625000,1.000000,3.374820,-341.313840
13.162000,0.121770,0.440920,3.537600,263.603640,-342.682430,77021.718750,,3.500430,-341.313420
13.164000,0.215330,0.581910,4.050290,263.622010,-342.682530,77231.609380,,3.450440,-341.313870
13.166000,0.334530,0.703670,4.029790,263.640010,-342.681760,77330.750000,,3.283810,-341.314850
13.168000,0.393490,0.744690,3.250490,263.658390,-342.681700,77234.773440,1.000000,3.420960,-341.315640
13.168000,0.393490,0.744690,3.250490,263.658390,-342.681700,77234.773440,1.000000,3.420960,-341.315640
13.170000,0.370420,0.566530,2.358400,263.677830,-342.682340,77382.421880,,3.477360,-341.315770
13.172000,0.253780,0.520390,1.917480,263.697240,-342.682590,77295.937500,,3.449160,-341.315250
13.174000,0.199950,0.521670,2.194340,263.716280,-342.682220,77398.242190,,3.387630,-341.314730
13.176000,0.202510,0.624210,4.378420,263.734990,-342.682500,77421.453130,1.000000,3.519650,-341.314610
13.178000,0.335820,0.772890,5.475590,263.753230,-342.682500,77464.695310,,3.449160,-341.315120
13.180000,0.451170,0.888240,5.762700,263.771390,-342.681490,77342.343750,,3.253050,-341.315950
13.182000,0.494750,0.803650,4.860350,263.790500,-342.681340,77331.804690,,3.397890,-341.316310
13.184000,0.435790,0.496030,3.619630,263.810850,-342.682220,77496.328130,1.000000,3.499150,-341.315830
13.186000,0.276860,0.334530,2.789060,263.831090,-342.682650,77162.000000,,3.497860,-341.314730
13.188000,0.170470,0.326840,2.850590,263.850520,-342.682190,77083.953130,,3.372250,-341.313810
13.190000,0.124330,0.416560,3.599120,263.869320,-342.682460,77293.835940,,3.506840,-341.313420
13.192000,0.224300,0.579350,4.152830,263.887450,-342.682500,77135.625000,1.000000,3.444030,-341.313930
13.192000,0.224300,0.579350,4.152830,263.887450,-342.682500,77135.625000,1.000000,3.444030,-341.313930
13.194000,0.343510,0.722900,3.947750,263.905270,-342.681760,77448.875000,,3.281250,-341.314910
13.196000,0.398620,0.771610,3.178710,263.923460,-342.681700,77746.289060,,3.431210,-341.315700
13.198000,0.367860,0.597290,2.378910,263.942810,-342.682370,77444.648440,,3.474790,-341.315770
13.200000,0.248660,0.562680,1.743160,263.962100,-342.682590,77376.101560,1.000000,3.442750,-341.315190
13.202000,0.197390,0.581910,2.102050,263.981050,-342.682220,77573.320310,,3.386350,-341.314700
13.204000,0.205080,0.685730,4.306640,263.999790,-342.682530,77031.218750,,3.520940,-341.314580
13.206000,0.339660,0.821590,5.485840,264.018130,-342.682500,77287.507810,,3.437620,-341.315120
13.208000,0.449890,0.931820,5.793460,264.036410,-342.681460,77116.648440,1.000000,3.250490,-341.315950
13.208000,0.449890,0.931820,5.793460,264.036410,-342.681460,77116.648440,1.000000,3.250490,-341.315950
13.210000,0.494750,0.816470,4.860350,264.055660,-342.681400,77377.148440,,3.404300,-341.316310
13.212000,0.431950,0.502440,3.609380,264.076230,-342.682310,77121.914060,,3.505550,-341.315800
13.214000,0.274290,0.330690,2.686520,264.096590,-342.682620,77352.890630,,3.491460,-341.314730
13.216000,0.166630,0.317870,2.809570,264.116150,-342.682190,77450.984380,1.000000,3.378660,-341.313810
13.218000,0.123050,0.403750,3.722170,264.135100,-342.682460,77329.687500,,3.514530,-341.313450
13.220000,0.231990,0.565250,4.050290,264.153290,-342.682460,77268.515630,,3.436340,-341.313960
13.222000,0.347350,0.706240,3.958010,264.171170,-342.681700,77621.835940,,3.282530,-341.314970
13.224000,0.401180,0.739560,3.271000,264.189510,-342.681700,77373.992190,1.000000,3.435060,-341.315730
13.226000,0.364010,0.574220,2.368650,264.208860,-342.682400,77473.125000,,3.481200,-341.315730
13.228000,0.246090,0.554990,1.732910,264.228090,-342.682560,77579.656250,,3.441470,-341.315190
13.230000,0.197390,0.585750,2.522460,264.246920,-342.682190,77360.281250,,3.390200,-341.314670
13.232000,0.210210,0.715210,4.470700,264.265410,-342.682560,76981.648440,1.000000,3.528630,-341.314610
13.232000,0.210210,0.715210,4.470700,264.265410,-342.682560,76981.648440,1.000000,3.528630,-341.314610
13.234000,0.351200,0.881840,5.537110,264.283510,-342.682460,77205.242190,,3.431210,-341.315190
13.236000,0.457580,1.012570,5.629390,264.301540,-342.681400,77244.265630,,3.249210,-341.316010
13.238000,0.501160,0.922850,4.880860,264.320620,-342.681400,77535.359380,,3.410710,-341.316310
13.240000,0.428100,0.625490,3.394040,264.340940,-342.682310,77293.835940,1.000000,3.513240,-341.315770
13.240000,0.428100,0.625490,3.394040,264.340940,-342.682310,77293.835940,1.000000,3.513240,-341.315770
13.242000,0.270450,0.475520,2.532710,264.361110,-342.682590,77456.250000,,3.486330,-341.314640
13.244000,0.164060,0.470400,2.830080,264.380550,-342.682160,77320.203130,,3.378660,-341.313750
13.246000,0.124330,0.548580,3.476070,264.399480,-342.682460,77263.250000,,3.520940,-341.313390
13.248000,0.234560,0.680600,3.999020,264.417790,-342.682460,77399.296880,1.000000,3.426090,-341.313960
13.250000,0.351200,0.786990,3.824710,264.435880,-342.681670,77440.437500,,3.287660,-341.314970
13.250000,0.351200,0.786990,3.824710,264.435880,-342.681670,77440.437500,,3.287660,-341.314970
13.252000,0.402470,0.778020,3.281250,264.454500,-342.681700,77053.367190,,3.441470,-341.315700
13.254000,0.361450,0.572940,2.368650,264.474210,-342.682430,77319.140630,,3.483760,-341.315730
13.256000,0.246090,0.515260,1.773930,264.493740,-342.682530,77562.773440,1.000000,3.437620,-341.315120
13.258000,0.197390,0.511410,2.532710,264.512940,-342.682190,77190.468750,,3.392760,-341.314640
13.260000,0.215330,0.607540,4.286130,264.531740,-342.682590,77319.140630,,3.536320,-341.314580
13.262000,0.355040,0.743410,5.424320,264.550110,-342.682430,77448.875000,,3.423520,-341.315190
13.264000,0.461430,0.844670,5.772950,264.568390,-342.681370,77238.984380,1.000000,3.253050,-341.316010
13.266000,0.501160,0.706240,4.850100,264.587770,-342.681400,77578.593750,,3.420960,-341.316280
13.268000,0.424260,0.405030,3.558110,264.608220,-342.682340,77468.906250,,3.522220,-341.315730
13.270000,0.267880,0.281980,2.727540,264.628330,-342.682590,77577.539060,,3.482480,-341.314610
13.272000,0.161500,0.303770,2.891600,264.647610,-342.682160,77278.015630,1.000000,3.386350,-341.313690
13.274000,0.128170,0.421690,3.558110,264.666230,-342.682460,77217.898440,,3.531190,-341.313390
13.276000,0.239690,0.594730,3.968260,264.684200,-342.682430,77126.140630,,3.418400,-341.313960
13.278000,0.357600,0.745970,3.763180,264.701870,-342.681640,77309.648440,,3.294070,-341.315000
13.280000,0.407590,0.779300,3.076170,264.720090,-342.681730,77303.328130,1.000000,3.449160,-341.315730
13.280000,0.407590,0.779300,3.076170,264.720090,-342.681730,77303.328130,1.000000,3.449160,-341.315730
13.282000,0.360170,0.625490,2.348140,264.739350,-342.682430,77698.835940,,3.488890,-341.315700
13.284000,0.247380,0.620360,1.722660,264.758450,-342.682500,77299.101560,,3.436340,-341.315090
13.286000,0.198670,0.661380,2.389160,264.777250,-342.682190,77171.492190,,3.399170,-341.314610
13.288000,0.219180,0.799800,4.439940,264.795680,-342.682590,77504.765630,1.000000,3.544010,-341.314540
13.290000,0.361450,0.944640,5.496090,264.813840,-342.682400,77272.742190,,3.415830,-341.315190
13.292000,0.463990,1.053590,5.670410,264.832060,-342.681340,77283.281250,,3.256900,-341.315980
13.294000,0.503720,0.901060,4.880860,264.851440,-342.681430,77461.523440,,3.426090,-341.316250
13.296000,0.419130,0.569090,3.383790,264.872070,-342.682370,77306.484380,1.000000,3.528630,-341.315640
13.298000,0.265320,0.406310,2.676270,264.892400,-342.682530,77359.226560,,3.474790,-341.314510
13.300000,0.164060,0.385800,2.809570,264.911990,-342.682130,77380.312500,,3.394040,-341.313690
13.302000,0.138430,0.461430,3.609380,264.931000,-342.682460,77328.632810,,3.536320,-341.313390
13.302000,0.138430,0.461430,3.609380,264.931000,-342.682460,77328.632810,,3.536320,-341.313390
13.304000,0.251220,0.580630,3.896480,264.949370,-342.682400,77468.906250,1.000000,3.409420,-341.314000
13.306000,0.362730,0.681880,3.793950,264.967470,-342.681610,77448.875000,,3.301760,-341.315000
13.308000,0.408870,0.660100,3.127440,264.986150,-342.681730,77628.171880,,3.451720,-341.315700
13.310000,0.357600,0.487060,2.450680,265.005710,-342.682460,77642.929690,,3.494020,-341.315610
13.312000,0.246090,0.469120,1.630370,265.024960,-342.682460,77575.429690,1.000000,3.431210,-341.315030
13.314000,0.201230,0.503720,2.614750,265.043880,-342.682190,77273.796880,,3.405580,-341.314580
13.316000,0.228150,0.635740,4.439940,265.062380,-342.682590,77361.335940,,3.547850,-341.314540
13.318000,0.370420,0.797240,5.701170,265.080440,-342.682340,77013.289060,,3.405580,-341.315190
13.320000,0.470400,0.908750,5.547360,265.098570,-342.681300,77485.789060,1.000000,3.260740,-341.315980
13.320000,0.470400,0.908750,5.547360,265.098570,-342.681300,77485.789060,1.000000,3.260740,-341.315980
13.322000,0.510130,0.766480,4.891110,265.117890,-342.681460,77204.187500,,3.431210,-341.316220
13.324000,0.417850,0.460140,3.312010,265.138370,-342.682400,77597.585940,,3.532470,-341.315580
13.326000,0.262760,0.344790,2.614750,265.158390,-342.682530,77516.375000,,3.467100,-341.314450
13.328000,0.161500,0.367860,2.860840,265.177700,-342.682130,77490.000000,1.000000,3.396610,-341.313600
13.330000,0.138430,0.492190,3.588870,265.196320,-342.682500,77320.203130,,3.544010,-341.313350
13.332000,0.255070,0.649840,3.783690,265.214420,-342.682370,77635.546880,,3.397890,-341.314000
13.334000,0.366580,0.775450,3.773440,265.232300,-342.681610,77209.453130,,3.308170,-341.315000
13.336000,0.411440,0.748540,3.055660,265.250890,-342.681760,77204.187500,1.000000,3.455570,-341.315670
13.338000,0.355040,0.569090,2.491700,265.270390,-342.682460,77501.601560,,3.494020,-341.315580
13.340000,0.243530,0.542180,1.855960,265.289700,-342.682460,77425.664060,,3.428650,-341.314970
13.342000,0.202510,0.562680,2.912110,265.308690,-342.682190,77226.328130,,3.406860,-341.314510
13.344000,0.237120,0.687010,4.491210,265.327270,-342.682590,77333.914060,1.000000,3.551700,-341.314540
13.344000,0.237120,0.687010,4.491210,265.327270,-342.682590,77333.914060,1.000000,3.551700,-341.314540
13.346000,0.381960,0.820310,5.762700,265.345490,-342.682310,77329.687500,,3.394040,-341.315190
13.348000,0.478090,0.916440,5.414060,265.363740,-342.681270,77396.132810,,3.256900,-341.315980
13.350000,0.511410,0.745970,4.593750,265.383180,-342.681490,77472.070310,,3.432500,-341.316160
13.352000,0.414000,0.444760,3.435060,265.403690,-342.682460,77858.093750,1.000000,3.532470,-341.315490
13.354000,0.257630,0.324280,2.758300,265.423740,-342.682530,77361.335940,,3.456850,-341.314360
13.356000,0.161500,0.331970,3.106930,265.443120,-342.682160,77193.632810,,3.400450,-341.313540
13.358000,0.142270,0.443480,3.701660,265.461790,-342.682530,77468.906250,,3.544010,-341.313320
13.360000,0.262760,0.580630,3.988770,265.479920,-342.682340,77365.546880,1.000000,3.383790,-341.314000
13.360000,0.262760,0.580630,3.988770,265.479920,-342.682340,77365.546880,1.000000,3.383790,-341.314000
13.362000,0.370420,0.702390,3.609380,265.497860,-342.681610,76990.078130,,3.310730,-341.315000
13.364000,0.417850,0.665220,2.983890,265.516480,-342.681790,77480.515630,,3.450440,-341.315670
13.366000,0.355040,0.503720,2.573730,265.535950,-342.682530,77557.500000,,3.492740,-341.315550
13.368000,0.242250,0.506290,1.876460,265.555110,-342.682460,77289.617190,1.000000,3.418400,-341.314910
13.370000,0.205080,0.561400,2.676270,265.573910,-342.682190,77442.539060,,3.409420,-341.314480
13.372000,0.242250,0.702390,4.552730,265.592380,-342.682620,77414.062500,,3.550420,-341.314510
13.374000,0.387080,0.867740,5.485840,265.610410,-342.682280,77252.695310,,3.378660,-341.315190
13.376000,0.475520,0.968990,5.270510,265.628660,-342.681270,77230.546880,1.000000,3.255620,-341.315920
13.376000,0.475520,0.968990,5.270510,265.628660,-342.681270,77230.546880,1.000000,3.255620,-341.315920
13.378000,0.508850,0.795960,4.460450,265.648130,-342.681550,77380.312500,,3.431210,-341.316130
13.380000,0.410160,0.484500,3.435060,265.668700,-342.682530,77480.515630,,3.529910,-341.315430
13.382000,0.256350,0.369140,2.737790,265.688810,-342.682530,77057.585940,,3.438900,-341.314330
13.384000,0.164060,0.366580,3.158200,265.708280,-342.682190,77230.546880,1.000000,3.401730,-341.313540
13.386000,0.151250,0.475520,4.019530,265.727080,-342.682560,77126.140630,,3.540160,-341.313350
13.388000,0.270450,0.607540,4.050290,265.745300,-342.682340,77125.085940,,3.368410,-341.314030
13.390000,0.371700,0.728030,3.711910,265.763310,-342.681610,77582.820310,,3.312010,-341.315030
13.392000,0.412720,0.675480,3.035160,265.782100,-342.681850,77704.101560,1.000000,3.445310,-341.315640
13.394000,0.348630,0.507570,2.419920,265.801700,-342.682590,77411.953130,,3.491460,-341.315460
13.396000,0.240970,0.505000,1.835450,265.820860,-342.682460,77603.906250,,3.406860,-341.314880
13.398000,0.206360,0.554990,2.932620,265.839690,-342.682220,77455.203130,,3.409420,-341.314480
13.400000,0.249940,0.695980,4.665530,265.858060,-342.682650,77192.585940,1.000000,3.549130,-341.314510
13.400000,0.249940,0.695980,4.665530,265.858060,-342.682650,77192.585940,1.000000,3.549130,-341.314510
13.402000,0.396060,0.858760,5.424320,265.876070,-342.682250,77261.132810,,3.360720,-341.315220
13.404000,0.484500,0.945920,5.167970,265.894290,-342.681240,77097.664060,,3.253050,-341.315980
13.406000,0.513980,0.762630,4.501460,265.913760,-342.681610,77129.304690,,3.428650,-341.316100
13.408000,0.406310,0.460140,3.465820,265.934230,-342.682560,77168.320310,1.000000,3.523500,-341.315370
13.408000,0.406310,0.460140,3.465820,265.934230,-342.682560,77168.320310,1.000000,3.523500,-341.315370
13.410000,0.249940,0.366580,2.830080,265.954160,-342.682530,77300.156250,,3.423520,-341.314240
13.412000,0.161500,0.371700,3.301760,265.973450,-342.682190,77399.296880,,3.395320,-341.313450
13.414000,0.151250,0.494750,3.814450,265.992070,-342.682590,77448.875000,,3.538880,-341.313290
13.416000,0.275570,0.629330,3.865720,266.010160,-342.682340,77510.046880,1.000000,3.349180,-341.314030
13.418000,0.375550,0.757510,3.527340,266.028110,-342.681610,77505.828130,,3.312010,-341.315030
13.420000,0.414000,0.687010,2.881350,266.046910,-342.681880,77520.593750,,3.440190,-341.315610
13.422000,0.343510,0.511410,2.358400,266.066500,-342.682620,77252.695310,,3.483760,-341.315460
13.424000,0.238400,0.494750,1.907230,266.085780,-342.682460,77461.523440,1.000000,3.396610,-341.314820
13.426000,0.206360,0.511410,3.117190,266.104860,-342.682250,77350.789060,,3.409420,-341.314450
13.428000,0.253780,0.626770,4.747560,266.123470,-342.682680,77000.632810,,3.541440,-341.314510
13.430000,0.401180,0.756230,5.516600,266.141750,-342.682250,77375.046880,,3.342770,-341.315220
13.432000,0.483220,0.815190,5.321780,266.160250,-342.681270,77170.437500,1.000000,3.250490,-341.315920
13.432000,0.483220,0.815190,5.321780,266.160250,-342.681270,77170.437500,1.000000,3.250490,-341.315920
13.434000,0.507570,0.597290,4.337400,266.179990,-342.681670,77456.250000,,3.422240,-341.316040
13.436000,0.397340,0.298650,3.435060,266.200590,-342.682620,77607.070310,,3.518370,-341.315280
13.438000,0.248660,0.224300,2.809570,266.220520,-342.682560,77544.843750,,3.408140,-341.314180
13.440000,0.162780,0.251220,3.240230,266.239750,-342.682250,77487.890630,1.000000,3.399170,-341.313420
13.442000,0.156370,0.397340,3.763180,266.258240,-342.682620,77370.820310,,3.526060,-341.313320
13.442000,0.156370,0.397340,3.763180,266.258240,-342.682620,77370.820310,,3.526060,-341.313320
13.444000,0.284550,0.546020,3.978520,266.276180,-342.682340,77235.828130,,3.337650,-341.314090
13.446000,0.381960,0.689580,3.599120,266.293950,-342.681610,77399.296880,,3.305600,-341.315060
13.448000,0.419130,0.634460,2.912110,266.312590,-342.681950,77228.445310,1.000000,3.432500,-341.315640
13.450000,0.343510,0.493470,2.348140,266.331970,-342.682650,77471.015630,,3.478640,-341.315430
13.452000,0.237120,0.499880,2.030270,266.351010,-342.682500,77155.671880,,3.382510,-341.314790
13.454000,0.206360,0.560120,3.219730,266.369810,-342.682310,77295.937500,,3.408140,-341.314390
13.456000,0.257630,0.703670,4.634770,266.388120,-342.682710,77334.960940,1.000000,3.529910,-341.314510
13.456000,0.257630,0.703670,4.634770,266.388120,-342.682710,77334.960940,1.000000,3.529910,-341.314510
13.458000,0.406310,0.881840,5.373050,266.406070,-342.682250,77212.625000,,3.328670,-341.315220
13.460000,0.488340,0.974120,5.126950,266.424290,-342.681300,77272.742190,,3.249210,-341.315920
13.462000,0.507570,0.772890,4.050290,266.443850,-342.681760,77707.265630,,3.420960,-341.316010
13.464000,0.396060,0.462710,3.353030,266.464390,-342.682710,77301.218750,1.000000,3.514530,-341.315220
13.466000,0.247380,0.375550,2.768550,266.484340,-342.682560,77341.289060,,3.392760,-341.314120
13.468000,0.160220,0.371700,3.383790,266.503720,-342.682310,77317.039060,,3.397890,-341.313390
13.470000,0.164060,0.493470,3.916990,266.522430,-342.682680,77308.601560,,3.517090,-341.313290
13.472000,0.293520,0.599850,3.988770,266.540680,-342.682310,77030.156250,1.000000,3.324830,-341.314090
13.472000,0.293520,0.599850,3.988770,266.540680,-342.682310,77030.156250,1.000000,3.324830,-341.314090
13.474000,0.388370,0.695980,3.322270,266.558840,-342.681640,77369.773440,,3.301760,-341.315060
13.476000,0.416560,0.585750,2.891600,266.577880,-342.682040,77404.578130,,3.427370,-341.315610
13.478000,0.337100,0.434510,2.317380,266.597530,-342.682740,77486.835940,,3.473510,-341.315340
13.480000,0.237120,0.438350,1.886720,266.616760,-342.682500,77481.562500,1.000000,3.372250,-341.314730
13.482000,0.208920,0.480650,3.260740,266.635710,-342.682340,77542.734380,,3.410710,-341.314360
13.484000,0.267880,0.628050,4.778320,266.654140,-342.682740,77225.273440,,3.522220,-341.314510
13.486000,0.417850,0.780580,5.321780,266.672210,-342.682220,77248.476560,,3.310730,-341.315280
13.488000,0.498600,0.843380,5.208980,266.690610,-342.681300,77346.570310,1.000000,3.249210,-341.315950
13.490000,0.510130,0.625490,4.163090,266.710300,-342.681790,77238.984380,,3.420960,-341.315980
13.492000,0.394780,0.337100,3.404300,266.730800,-342.682740,77052.312500,,3.509400,-341.315160
13.494000,0.244810,0.290950,2.901860,266.750610,-342.682560,77436.218750,,3.383790,-341.314030
13.496000,0.157650,0.315310,3.435060,266.769780,-342.682310,77445.703130,1.000000,3.395320,-341.313260
13.496000,0.157650,0.315310,3.435060,266.769780,-342.682310,77445.703130,1.000000,3.395320,-341.313260
13.498000,0.166630,0.484500,3.906740,266.788180,-342.682710,77193.632810,,3.509400,-341.313260
13.500000,0.299930,0.633180,3.834960,266.806060,-342.682310,77439.382810,,3.308170,-341.314060
13.500000,0.299930,0.633180,3.834960,266.806060,-342.682310,77439.382810,,3.308170,-341.314060
13.502000,0.389650,0.781860,3.147950,266.823880,-342.681670,77390.867190,,3.303040,-341.315030
13.504000,0.416560,0.703670,2.645510,266.842620,-342.682070,77428.828130,1.000000,3.422240,-341.315550
13.506000,0.334530,0.574220,2.009770,266.862030,-342.682740,77620.781250,,3.469670,-341.315280
13.508000,0.234560,0.589600,2.009770,266.881070,-342.682500,77554.335940,,3.360720,-341.314670
13.510000,0.211490,0.626770,3.609380,266.899960,-342.682400,77190.468750,,3.411990,-341.314330
13.512000,0.271730,0.761350,4.921880,266.918400,-342.682740,77179.921880,1.000000,3.510680,-341.314510
13.514000,0.421690,0.886960,5.455080,266.936610,-342.682190,77124.023440,,3.292790,-341.315280
13.516000,0.494750,0.912600,5.014160,266.955260,-342.681340,77471.015630,,3.251770,-341.315890
13.518000,0.503720,0.658810,3.999020,266.975220,-342.681850,77069.187500,,3.415830,-341.315890
13.520000,0.388370,0.356320,3.035160,266.995910,-342.682800,77351.843750,1.000000,3.508120,-341.315060
13.522000,0.239690,0.293520,2.891600,267.015900,-342.682590,77419.343750,,3.369690,-341.313960
13.524000,0.157650,0.293520,3.640140,267.035190,-342.682370,77314.921880,,3.400450,-341.313260
13.526000,0.174320,0.446040,4.009280,267.053710,-342.682740,77382.421880,,3.497860,-341.313260
13.528000,0.308900,0.562680,3.958010,267.071780,-342.682310,77689.335940,1.000000,3.300480,-341.314090
13.530000,0.393490,0.679320,3.178710,267.089780,-342.681670,77429.882810,,3.304320,-341.315060
13.532000,0.419130,0.563960,2.471190,267.108730,-342.682130,77452.039060,,3.418400,-341.315550
13.534000,0.331970,0.426820,2.173830,267.128230,-342.682770,77544.843750,,3.467100,-341.315250
13.536000,0.234560,0.439640,2.040530,267.147400,-342.682500,77177.812500,1.000000,3.349180,-341.314640
13.536000,0.234560,0.439640,2.040530,267.147400,-342.682500,77177.812500,1.000000,3.349180,-341.314640
13.538000,0.211490,0.479370,3.650390,267.166260,-342.682430,77235.828130,,3.414550,-341.314300
13.540000,0.279420,0.640870,4.962890,267.184630,-342.682770,77336.023440,,3.502990,-341.314510
13.542000,0.426820,0.797240,5.455080,267.202640,-342.682190,77285.390630,,3.281250,-341.315280
13.544000,0.497310,0.854920,5.116700,267.221070,-342.681370,77288.562500,1.000000,3.258180,-341.315890
13.544000,0.497310,0.854920,5.116700,267.221070,-342.681370,77288.562500,1.000000,3.258180,-341.315890
13.546000,0.502440,0.640870,3.701660,267.240810,-342.681920,77212.625000,,3.420960,-341.315890
13.548000,0.381960,0.375550,3.117190,267.261170,-342.682830,77672.468750,,3.502990,-341.315000
13.550000,0.237120,0.335820,2.850590,267.280880,-342.682590,77569.109380,,3.367130,-341.313900
13.552000,0.158940,0.358890,3.547850,267.299990,-342.682370,77421.453130,1.000000,3.405580,-341.313230
13.554000,0.179440,0.526790,4.122070,267.318420,-342.682740,77445.703130,,3.482480,-341.313260
13.556000,0.315310,0.642150,3.886230,267.336490,-342.682280,77197.851560,,3.292790,-341.314120
13.558000,0.397340,0.757510,3.240230,267.354520,-342.681700,77256.921880,,3.303040,-341.315060
13.560000,0.417850,0.630620,2.563480,267.373570,-342.682160,77551.179690,1.000000,3.419680,-341.315550
13.562000,0.325560,0.502440,2.143070,267.393130,-342.682800,77322.304690,,3.461980,-341.315190
13.564000,0.231990,0.516540,2.020020,267.412320,-342.682530,77279.062500,,3.345340,-341.314610
13.566000,0.211490,0.560120,3.824710,267.431210,-342.682460,77504.765630,,3.420960,-341.314300
13.568000,0.283260,0.721620,5.055180,267.449580,-342.682800,77345.515630,1.000000,3.492740,-341.314510
13.568000,0.283260,0.721620,5.055180,267.449580,-342.682800,77345.515630,1.000000,3.492740,-341.314510
13.570000,0.433230,0.866460,5.403810,267.467620,-342.682160,77392.976560,,3.276120,-341.315340
13.572000,0.502440,0.902340,5.055180,267.486110,-342.681370,77508.992190,,3.263310,-341.315920
13.574000,0.505000,0.649840,3.947750,267.506010,-342.681950,77201.023440,,3.428650,-341.315890
13.576000,0.376830,0.369140,2.994140,267.526580,-342.682830,77220.007810,1.000000,3.500430,-341.314970
13.578000,0.233280,0.314030,2.860840,267.546450,-342.682530,77294.882810,,3.362000,-341.313870
13.580000,0.156370,0.314030,3.558110,267.565700,-342.682370,77373.992190,,3.413270,-341.313200
13.582000,0.184570,0.474240,4.152830,267.584200,-342.682740,77095.554690,,3.479920,-341.313290
13.584000,0.319150,0.593440,3.968260,267.602260,-342.682280,77376.101560,1.000000,3.292790,-341.314150
13.584000,0.319150,0.593440,3.968260,267.602260,-342.682280,77376.101560,1.000000,3.292790,-341.314150
13.586000,0.399900,0.707520,3.342770,267.620300,-342.681700,77339.187500,,3.310730,-341.315090
13.588000,0.417850,0.585750,2.553220,267.639310,-342.682190,77568.054690,,3.426090,-341.315520
13.590000,0.320430,0.479370,2.122560,267.658720,-342.682830,77616.562500,,3.467100,-341.315190
13.592000,0.230710,0.499880,1.958500,267.677830,-342.682500,77796.914060,1.000000,3.349180,-341.314580
13.594000,0.212770,0.551150,3.711910,267.696620,-342.682460,77397.195310,,3.432500,-341.314270
13.596000,0.290950,0.713930,5.157710,267.715000,-342.682770,77154.617190,,3.487610,-341.314540
13.598000,0.439640,0.848510,5.537110,267.733120,-342.682070,77288.562500,,3.271000,-341.315340
13.600000,0.502440,0.849790,5.198730,267.751830,-342.681340,77304.382810,1.000000,3.273560,-341.315950
13.602000,0.498600,0.576780,4.019530,267.771910,-342.681980,77268.515630,,3.436340,-341.315830
13.604000,0.365300,0.306340,2.983890,267.792510,-342.682830,77602.851560,,3.501710,-341.314910
13.606000,0.229430,0.261470,3.004390,267.812410,-342.682500,77262.195310,,3.362000,-341.313810
13.608000,0.155090,0.273010,3.486330,267.831630,-342.682370,77319.140630,1.000000,3.422240,-341.313170
13.608000,0.155090,0.273010,3.486330,267.831630,-342.682370,77319.140630,1.000000,3.422240,-341.313170
13.610000,0.192260,0.449890,4.009280,267.850040,-342.682740,77387.695310,,3.474790,-341.313320
13.612000,0.324280,0.571660,3.978520,267.868040,-342.682220,77560.664060,,3.292790,-341.314240
13.614000,0.402470,0.684450,3.240230,267.886080,-342.681700,77309.648440,,3.319700,-341.315160
13.616000,0.417850,0.551150,2.522460,267.905060,-342.682190,77464.695310,1.000000,3.432500,-341.315550
13.616000,0.417850,0.551150,2.522460,267.905060,-342.682190,77464.695310,1.000000,3.432500,-341.315550
13.618000,0.316590,0.472960,2.112300,267.924410,-342.682800,77452.039060,,3.467100,-341.315160
13.620000,0.231990,0.481930,2.194340,267.943450,-342.682460,77446.757810,,3.349180,-341.314580
13.622000,0.214050,0.542180,3.968260,267.962190,-342.682460,77044.921880,,3.442750,-341.314270
13.624000,0.296080,0.713930,5.291020,267.980440,-342.682770,77231.609380,1.000000,3.479920,-341.314580
13.626000,0.438350,0.866460,5.649900,267.998410,-342.682010,77359.226560,,3.264590,-341.315370
13.628000,0.503720,0.885680,5.003910,268.016940,-342.681340,77118.750000,,3.279970,-341.315950
13.630000,0.492190,0.639590,3.722170,268.036800,-342.682040,77476.296880,,3.441470,-341.315800
13.632000,0.357600,0.392210,2.819820,268.057190,-342.682860,77583.875000,1.000000,3.505550,-341.314880
13.634000,0.226870,0.356320,2.789060,268.076900,-342.682460,77199.968750,,3.363280,-341.313810
13.636000,0.152530,0.376830,3.640140,268.096040,-342.682400,77530.078130,,3.435060,-341.313200
13.638000,0.196110,0.544740,4.070800,268.114410,-342.682740,77483.671880,,3.472230,-341.313390
13.640000,0.328130,0.661380,4.122070,268.132450,-342.682190,77319.140630,1.000000,3.291500,-341.314270
13.640000,0.328130,0.661380,4.122070,268.132450,-342.682190,77319.140630,1.000000,3.291500,-341.314270
13.642000,0.403750,0.752380,3.291500,268.150630,-342.681670,77307.539060,,3.324830,-341.315190
13.644000,0.412720,0.590880,2.522460,268.169860,-342.682220,77501.601560,,3.441470,-341.315550
13.646000,0.308900,0.481930,2.132810,268.189450,-342.682770,77124.023440,,3.465820,-341.315120
13.648000,0.228150,0.487060,2.030270,268.208680,-342.682430,77248.476560,1.000000,3.350460,-341.314580
13.650000,0.214050,0.544740,3.804200,268.227540,-342.682460,77285.390630,,3.451720,-341.314300
13.652000,0.302490,0.711360,5.332030,268.245940,-342.682770,77152.500000,,3.479920,-341.314640
13.654000,0.442200,0.848510,5.608890,268.264070,-342.681980,77214.734380,,3.263310,-341.315430
13.656000,0.506290,0.838260,5.106450,268.282840,-342.681340,77289.617190,1.000000,3.296630,-341.316010
13.658000,0.488340,0.561400,3.927250,268.302950,-342.682040,77515.312500,,3.454280,-341.315800
13.660000,0.349910,0.323000,3.045410,268.323460,-342.682830,77345.515630,,3.513240,-341.314850
13.662000,0.219180,0.281980,2.860840,268.343230,-342.682430,77398.242190,,3.367130,-341.313810
13.664000,0.149960,0.311460,3.660640,268.362340,-342.682370,77358.164060,1.000000,3.449160,-341.313200
13.664000,0.149960,0.311460,3.660640,268.362340,-342.682370,77358.164060,1.000000,3.449160,-341.313200
13.666000,0.198670,0.490910,4.111820,268.380680,-342.682740,77158.835940,,3.472230,-341.313420
13.668000,0.330690,0.624210,4.204100,268.398590,-342.682100,77030.156250,,3.291500,-341.314330
13.670000,0.406310,0.728030,3.178710,268.416630,-342.681670,77494.226560,,3.340210,-341.315220
13.672000,0.410160,0.601140,2.604490,268.435640,-342.682220,77207.343750,1.000000,3.447880,-341.315580
13.672000,0.410160,0.601140,2.604490,268.435640,-342.682220,77207.343750,1.000000,3.447880,-341.315580
13.674000,0.302490,0.529360,1.886720,268.454990,-342.682740,77433.054690,,3.472230,-341.315120
13.676000,0.226870,0.539610,2.009770,268.473970,-342.682370,77583.875000,,3.356870,-341.314580
13.678000,0.214050,0.616520,3.927250,268.492650,-342.682460,77229.500000,,3.467100,-341.314300
13.680000,0.307620,0.789550,5.219240,268.510860,-342.682740,77305.437500,1.000000,3.479920,-341.314640
13.682000,0.444760,0.934390,5.547360,268.528900,-342.681880,77097.664060,,3.264590,-341.315460
13.684000,0.507570,0.906190,5.137210,268.547640,-342.681300,77346.570310,,3.306880,-341.316040
13.686000,0.484500,0.611390,3.875980,268.567810,-342.682040,77344.460940,,3.461980,-341.315800
13.688000,0.339660,0.365300,2.963380,268.588380,-342.682800,77241.093750,1.000000,3.517090,-341.314790
13.690000,0.215330,0.319150,2.881350,268.608150,-342.682370,77359.226560,,3.370970,-341.313780
13.692000,0.148680,0.349910,3.599120,268.627290,-342.682370,77155.671880,,3.460690,-341.313200
13.694000,0.203800,0.515260,3.916990,268.645720,-342.682710,77311.757810,,3.474790,-341.313480
13.696000,0.334530,0.620360,4.091310,268.663790,-342.682040,77558.554690,1.000000,3.294070,-341.314390
13.696000,0.334530,0.620360,4.091310,268.663790,-342.682040,77558.554690,1.000000,3.294070,-341.314390
13.698000,0.407590,0.694700,3.199220,268.682010,-342.681640,77467.859380,,3.355590,-341.315310
13.700000,0.410160,0.529360,2.471190,268.701230,-342.682220,77397.195310,,3.459410,-341.315610
13.702000,0.298650,0.449890,1.794430,268.720730,-342.682740,77570.156250,,3.474790,-341.315160
13.704000,0.224300,0.434510,2.020020,268.739960,-342.682340,77445.703130,1.000000,3.364560,-341.314580
13.706000,0.214050,0.488340,3.732420,268.758790,-342.682430,77126.140630,,3.479920,-341.314300
13.708000,0.312740,0.647280,5.352540,268.777160,-342.682680,77203.125000,,3.477360,-341.314670
13.710000,0.446040,0.788270,5.588380,268.795260,-342.681790,77120.859380,,3.263310,-341.315520
13.712000,0.505000,0.765200,5.291020,268.814030,-342.681270,77103.992190,1.000000,3.322270,-341.316040
13.712000,0.505000,0.765200,5.291020,268.814030,-342.681270,77103.992190,1.000000,3.322270,-341.316040
13.714000,0.480650,0.488340,3.886230,268.834110,-342.682040,77440.437500,,3.473510,-341.315800
13.716000,0.331970,0.273010,2.881350,268.854460,-342.682770,77464.695310,,3.519650,-341.314790
13.718000,0.210210,0.249940,2.758300,268.874050,-342.682310,77526.914060,,3.376100,-341.313810
13.720000,0.144840,0.312740,3.435060,268.892970,-342.682340,77405.632810,1.000000,3.472230,-341.313230
13.722000,0.208920,0.507570,3.834960,268.911130,-342.682680,77655.593750,,3.474790,-341.313540
13.724000,0.334530,0.651120,4.091310,268.928920,-342.681980,77439.382810,,3.295350,-341.314480
13.724000,0.334530,0.651120,4.091310,268.928920,-342.681980,77439.382810,,3.295350,-341.314480
13.726000,0.406310,0.743410,3.168460,268.946930,-342.681610,77295.937500,,3.367130,-341.315340
13.728000,0.401180,0.588320,2.583980,268.966030,-342.682220,77474.179690,1.000000,3.468380,-341.315610
13.730000,0.289670,0.534480,1.855960,268.985350,-342.682710,77578.593750,,3.473510,-341.315120
13.732000,0.221740,0.530640,2.102050,269.004390,-342.682310,77061.796880,,3.369690,-341.314580
13.734000,0.212770,0.610110,3.906740,269.023160,-342.682400,77303.328130,,3.488890,-341.314360
13.736000,0.315310,0.771610,5.424320,269.041410,-342.682650,77061.796880,1.000000,3.478640,-341.314760
13.736000,0.315310,0.771610,5.424320,269.041410,-342.682650,77061.796880,1.000000,3.478640,-341.314760
13.738000,0.449890,0.902340,5.742190,269.059540,-342.681760,77225.273440,,3.263310,-341.315580
13.740000,0.507570,0.854920,5.075680,269.078430,-342.681300,77367.656250,,3.341490,-341.316100
13.742000,0.478090,0.551150,3.824710,269.098660,-342.682070,77516.375000,,3.481200,-341.315830
13.744000,0.328130,0.339660,2.809570,269.119170,-342.682770,77457.304690,1.000000,3.522220,-341.314790
13.746000,0.202510,0.278140,2.553220,269.138920,-342.682310,77376.101560,,3.378660,-341.313780
13.748000,0.137150,0.326840,3.435060,269.158050,-342.682340,77303.328130,,3.483760,-341.313230
13.750000,0.208920,0.499880,3.855470,269.176360,-342.682620,77238.984380,,3.477360,-341.313540
13.750000,0.208920,0.499880,3.855470,269.176360,-342.682620,77238.984380,,3.477360,-341.313540
13.752000,0.335820,0.624210,4.070800,269.194340,-342.681920,77164.101560,1.000000,3.294070,-341.314510
13.754000,0.403750,0.690860,3.424800,269.212490,-342.681610,77436.218750,,3.381230,-341.315400
13.754000,0.403750,0.690860,3.424800,269.212490,-342.681610,77436.218750,,3.381230,-341.315400
13.756000,0.399900,0.531920,2.563480,269.231720,-342.682220,77413.007810,,3.470950,-341.315640
13.758000,0.285830,0.480650,1.937990,269.251100,-342.682680,77471.015630,,3.476070,-341.315190
13.760000,0.219180,0.483220,1.999510,269.270140,-342.682280,77404.578130,1.000000,3.374820,-341.314640
13.762000,0.210210,0.578060,4.050290,269.288880,-342.682430,77382.421880,,3.499150,-341.314360
13.764000,0.321720,0.751100,5.301270,269.307070,-342.682620,77268.515630,,3.476070,-341.314790
13.766000,0.448610,0.890810,5.414060,269.325160,-342.681670,77405.632810,,3.260740,-341.315610
13.768000,0.494750,0.851070,5.106450,269.344090,-342.681270,77589.140630,1.000000,3.351750,-341.316070
13.770000,0.461430,0.552430,3.855470,269.364290,-342.682100,77252.695310,,3.483760,-341.315770
13.772000,0.311460,0.343510,2.748050,269.384740,-342.682770,77401.406250,,3.519650,-341.314790
13.774000,0.198670,0.305050,2.737790,269.404450,-342.682280,77369.773440,,3.372250,-341.313810
13.776000,0.137150,0.369140,3.322270,269.423490,-342.682370,77196.796880,1.000000,3.487610,-341.313290
13.776000,0.137150,0.369140,3.322270,269.423490,-342.682370,77196.796880,1.000000,3.487610,-341.313290
13.778000,0.216610,0.543460,3.865720,269.441740,-342.682620,77196.796880,,3.470950,-341.313690
13.780000,0.338380,0.669070,3.947750,269.459720,-342.681880,77263.250000,,3.290220,-341.314640
13.782000,0.397340,0.726750,3.547850,269.478000,-342.681640,77341.289060,,3.392760,-341.315460
13.784000,0.385800,0.557560,2.625000,269.497310,-342.682280,77675.625000,1.000000,3.474790,-341.315640
13.786000,0.273010,0.502440,1.927730,269.516720,-342.682680,77456.250000,,3.470950,-341.315160
13.788000,0.211490,0.490910,2.071290,269.535830,-342.682250,77443.593750,,3.374820,-341.314640
13.790000,0.206360,0.578060,3.958010,269.554600,-342.682430,77371.875000,,3.505550,-341.314420
13.792000,0.325560,0.731870,5.157710,269.572880,-342.682590,77243.210940,1.000000,3.469670,-341.314910
13.794000,0.451170,0.854920,5.629390,269.591060,-342.681610,77376.101560,,3.259460,-341.315730
13.796000,0.497310,0.786990,5.055180,269.610050,-342.681300,77029.101560,,3.359440,-341.316160
13.798000,0.457580,0.487060,3.947750,269.630310,-342.682160,77253.750000,,3.491460,-341.315830
13.800000,0.303770,0.299930,2.871090,269.650670,-342.682770,77583.875000,1.000000,3.519650,-341.314790
13.800000,0.303770,0.299930,2.871090,269.650670,-342.682770,77583.875000,1.000000,3.519650,-341.314790
13.802000,0.188420,0.258910,2.901860,269.670290,-342.682250,77406.687500,,3.372250,-341.313810
13.804000,0.129460,0.324280,3.383790,269.689240,-342.682400,77420.398440,,3.492740,-341.313320
13.806000,0.216610,0.503720,3.691410,269.707430,-342.682590,77583.875000,,3.469670,-341.313720
13.808000,0.338380,0.639590,3.937500,269.725310,-342.681850,77581.757810,1.000000,3.286380,-341.314730
13.808000,0.338380,0.639590,3.937500,269.725310,-342.681850,77581.757810,1.000000,3.286380,-341.314730
13.810000,0.402470,0.701110,3.373540,269.743500,-342.681640,77681.960940,,3.400450,-341.315550
13.812000,0.384520,0.537050,2.573730,269.762790,-342.682280,77758.945310,,3.477360,-341.315730
13.814000,0.267880,0.488340,1.896970,269.782140,-342.682650,77336.023440,,3.465820,-341.315190
13.816000,0.207640,0.502440,2.153320,269.801150,-342.682250,77290.671880,1.000000,3.377380,-341.314640
13.818000,0.205080,0.612670,3.968260,269.819820,-342.682460,77341.289060,,3.508120,-341.314480
13.820000,0.329410,0.783140,5.383300,269.838010,-342.682590,77182.031250,,3.464540,-341.314940
13.822000,0.448610,0.910030,5.711430,269.856170,-342.681610,77244.265630,,3.256900,-341.315770
13.824000,0.496030,0.826720,5.208980,269.875270,-342.681300,77310.703130,1.000000,3.370970,-341.316190
13.826000,0.449890,0.511410,4.029790,269.895660,-342.682190,77612.343750,,3.495300,-341.315800
13.828000,0.293520,0.325560,2.881350,269.916140,-342.682740,77687.234380,,3.517090,-341.314790
13.830000,0.185850,0.281980,2.594240,269.935880,-342.682250,77405.632810,,3.368410,-341.313810
13.832000,0.128170,0.340940,3.271000,269.954990,-342.682430,77688.281250,1.000000,3.500430,-341.313390
13.832000,0.128170,0.340940,3.271000,269.954990,-342.682430,77688.281250,1.000000,3.500430,-341.313390
13.834000,0.219180,0.505000,3.691410,269.973300,-342.682590,77337.070310,,3.461980,-341.313810
13.836000,0.340940,0.637020,3.814450,269.991270,-342.681820,77073.406250,,3.287660,-341.314790
13.838000,0.399900,0.690860,3.363280,270.009580,-342.681640,77455.203130,,3.408140,-341.315610
13.840000,0.378110,0.530640,2.727540,270.028840,-342.682310,77398.242190,1.000000,3.482480,-341.315730
13.842000,0.260190,0.501160,2.071290,270.048160,-342.682650,77074.453130,,3.461980,-341.315190
13.844000,0.205080,0.503720,2.255860,270.067140,-342.682220,77431.992190,,3.382510,-341.314670
13.846000,0.203800,0.603700,4.480960,270.085780,-342.682460,77067.078130,,3.513240,-341.314510
13.848000,0.333250,0.781860,5.352540,270.103910,-342.682530,77284.335940,1.000000,3.458130,-341.315030
13.848000,0.333250,0.781860,5.352540,270.103910,-342.682530,77284.335940,1.000000,3.458130,-341.315030
13.850000,0.451170,0.912600,5.742190,270.122010,-342.681550,77518.476560,,3.255620,-341.315860
13.852000,0.498600,0.826720,5.034670,270.141080,-342.681300,77681.960940,,3.379940,-341.316220
13.854000,0.446040,0.511410,3.855470,270.161440,-342.682190,77610.242190,,3.502990,-341.315800
13.856000,0.285830,0.333250,2.912110,270.181760,-342.682740,77561.718750,1.000000,3.515810,-341.314730
13.858000,0.178160,0.307620,2.819820,270.201290,-342.682220,77391.921880,,3.370970,-341.313810
13.860000,0.125610,0.392210,3.465820,270.220250,-342.682430,77407.734380,,3.505550,-341.313390
13.862000,0.223020,0.562680,3.824710,270.238430,-342.682560,76975.312500,,3.458130,-341.313840
13.864000,0.343510,0.685730,3.824710,270.256410,-342.681790,77283.281250,1.000000,3.287660,-341.314850
13.866000,0.402470,0.704960,3.476070,270.274810,-342.681640,77267.460940,,3.418400,-341.315640
13.868000,0.374270,0.528080,2.666020,270.294220,-342.682310,77264.296880,,3.482480,-341.315730
13.870000,0.253780,0.493470,1.927730,270.313690,-342.682620,77371.875000,,3.455570,-341.315190
13.872000,0.202510,0.475520,2.358400,270.332820,-342.682190,77572.265630,1.000000,3.383790,-341.314670
13.872000,0.202510,0.475520,2.358400,270.332820,-342.682190,77572.265630,1.000000,3.383790,-341.314670
13.874000,0.206360,0.560120,4.234860,270.351720,-342.682460,77238.984380,,3.519650,-341.314510
13.876000,0.337100,0.712650,5.167970,270.370030,-342.682500,77364.500000,,3.450440,-341.315060
13.878000,0.453740,0.834410,5.619140,270.388240,-342.681490,77469.960940,,3.256900,-341.315890
13.880000,0.498600,0.737000,5.014160,270.407440,-342.681340,77349.726560,1.000000,3.390200,-341.316250
13.880000,0.498600,0.737000,5.014160,270.407440,-342.681340,77349.726560,1.000000,3.390200,-341.316250
13.882000,0.439640,0.430660,3.773440,270.427830,-342.682250,77127.195310,,3.509400,-341.315770
13.884000,0.280700,0.273010,2.932620,270.448120,-342.682740,77350.789060,,3.511960,-341.314700
13.886000,0.176880,0.255070,2.994140,270.467620,-342.682190,77049.140630,,3.376100,-341.313780
13.888000,0.128170,0.348630,3.588870,270.486510,-342.682430,77157.781250,1.000000,3.509400,-341.313390
13.890000,0.230710,0.540890,3.855470,270.504550,-342.682500,77313.867190,,3.451720,-341.313900
13.892000,0.348630,0.690860,3.947750,270.522340,-342.681760,77480.515630,,3.291500,-341.314910
13.894000,0.405030,0.729310,3.342770,270.540620,-342.681670,77553.289060,,3.428650,-341.315640
13.896000,0.369140,0.572940,2.748050,270.559880,-342.682340,77627.117190,1.000000,3.487610,-341.315700
13.898000,0.251220,0.570370,1.896970,270.579040,-342.682590,77683.015630,,3.454280,-341.315160
13.900000,0.199950,0.597290,2.286620,270.597930,-342.682190,77290.671880,,3.387630,-341.314640
13.902000,0.208920,0.712650,4.224610,270.616490,-342.682460,77075.507810,,3.526060,-341.314510
13.904000,0.344790,0.893370,5.465330,270.634580,-342.682460,77197.851560,1.000000,3.444030,-341.315090
13.904000,0.344790,0.893370,5.465330,270.634580,-342.682460,77197.851560,1.000000,3.444030,-341.315090
13.906000,0.456300,1.024110,5.865230,270.652650,-342.681490,77472.070310,,3.258180,-341.315920
13.908000,0.499880,0.902340,5.085940,270.671910,-342.681340,77349.726560,,3.403020,-341.316250
13.910000,0.435790,0.572940,3.711910,270.692410,-342.682280,77573.320310,,3.513240,-341.315730
13.912000,0.275570,0.398620,2.973630,270.712860,-342.682680,77382.421880,1.000000,3.506840,-341.314670
13.914000,0.171750,0.358890,2.748050,270.732540,-342.682190,77536.414060,,3.376100,-341.313750
13.916000,0.126890,0.420410,3.404300,270.751680,-342.682460,77307.539060,,3.518370,-341.313390
13.918000,0.234560,0.571660,3.599120,270.770020,-342.682460,77384.531250,,3.444030,-341.313930
13.920000,0.349910,0.685730,3.711910,270.788120,-342.681730,77428.828130,1.000000,3.295350,-341.314910
13.922000,0.406310,0.689580,3.065920,270.806700,-342.681670,77504.765630,,3.436340,-341.315670
13.924000,0.366580,0.507570,2.573730,270.826260,-342.682370,77235.828130,,3.488890,-341.315700
13.926000,0.251220,0.483220,1.979000,270.845610,-342.682590,77474.179690,,3.451720,-341.315160
13.928000,0.199950,0.494750,2.563480,270.864650,-342.682190,77172.539060,1.000000,3.390200,-341.314640
13.928000,0.199950,0.494750,2.563480,270.864650,-342.682190,77172.539060,1.000000,3.390200,-341.314640
13.930000,0.211490,0.593440,4.398930,270.883360,-342.682500,77222.109380,,3.531190,-341.314540
13.932000,0.349910,0.749820,5.506350,270.901580,-342.682430,77053.367190,,3.435060,-341.315120
13.934000,0.458860,0.867740,5.465330,270.919770,-342.681400,77168.320310,,3.256900,-341.315950
13.936000,0.502440,0.742130,4.983400,270.939060,-342.681340,77705.156250,1.000000,3.410710,-341.316280
13.938000,0.430660,0.428100,3.609380,270.959530,-342.682310,77460.468750,,3.520940,-341.315730
13.940000,0.273010,0.285830,2.830080,270.979710,-342.682650,77475.234380,,3.502990,-341.314640
13.942000,0.167910,0.302490,2.809570,270.999080,-342.682190,77522.703130,,3.383790,-341.313720
13.944000,0.126890,0.416560,3.517090,271.017760,-342.682460,77250.593750,1.000000,3.524780,-341.313390
13.944000,0.126890,0.416560,3.517090,271.017760,-342.682460,77250.593750,1.000000,3.524780,-341.313390
13.946000,0.240970,0.620360,3.742680,271.035640,-342.682460,77313.867190,,3.437620,-341.313930
13.948000,0.356320,0.779300,3.722170,271.053310,-342.681700,77408.796880,,3.300480,-341.314940
13.950000,0.408870,0.801090,3.055660,271.071590,-342.681700,77232.664060,,3.444030,-341.315670
13.952000,0.365300,0.625490,2.635250,271.090970,-342.682370,77183.085940,1.000000,3.492740,-341.315670
13.954000,0.249940,0.607540,2.040530,271.110200,-342.682530,77565.945310,,3.445310,-341.315090
13.956000,0.199950,0.610110,2.727540,271.129240,-342.682160,77291.718750,,3.392760,-341.314640
13.958000,0.215330,0.699830,4.388670,271.148040,-342.682500,77381.375000,,3.533750,-341.314510
13.960000,0.356320,0.839540,5.260250,271.166410,-342.682400,77291.718750,1.000000,3.426090,-341.315120
13.962000,0.461430,0.933110,5.260250,271.184750,-342.681400,77282.226560,,3.262020,-341.315920
13.964000,0.501160,0.766480,4.552730,271.204280,-342.681400,77469.960940,,3.418400,-341.316220
13.966000,0.424260,0.437070,3.342770,271.224950,-342.682310,77342.343750,,3.527340,-341.315640
13.968000,0.270450,0.283260,2.912110,271.245270,-342.682620,77494.226560,1.000000,3.492740,-341.314580
13.968000,0.270450,0.283260,2.912110,271.245270,-342.682620,77494.226560,1.000000,3.492740,-341.314580
13.970000,0.165340,0.267880,3.127440,271.264860,-342.682160,77295.937500,,3.388920,-341.313690
13.972000,0.134580,0.346070,3.599120,271.283780,-342.682460,77018.554690,,3.533750,-341.313390
13.974000,0.251220,0.511410,3.865720,271.301910,-342.682400,77384.531250,,3.427370,-341.313960
13.976000,0.364010,0.647280,3.660640,271.319790,-342.681640,77376.101560,1.000000,3.301760,-341.315000
13.976000,0.364010,0.647280,3.660640,271.319790,-342.681640,77376.101560,1.000000,3.301760,-341.315000
13.978000,0.411440,0.646000,3.158200,271.338320,-342.681670,77306.484380,,3.449160,-341.315700
13.980000,0.360170,0.465270,2.501950,271.357790,-342.682400,77520.593750,,3.496580,-341.315610
13.982000,0.247380,0.460140,2.153320,271.377010,-342.682530,77735.742190,,3.446590,-341.315030
13.984000,0.202510,0.490910,2.789060,271.395900,-342.682190,77488.945310,1.000000,3.396610,-341.314580
13.986000,0.225590,0.625490,4.398930,271.414400,-342.682530,77390.867190,,3.541440,-341.314510
13.988000,0.371700,0.821590,5.393550,271.432310,-342.682340,77384.531250,,3.417110,-341.315190
13.990000,0.476810,0.966430,5.280760,271.450320,-342.681340,77268.515630,,3.262020,-341.316010
13.992000,0.522950,0.831850,4.521970,271.469540,-342.681400,77068.132810,1.000000,3.423520,-341.316280
13.994000,0.434510,0.512700,3.404300,271.489990,-342.682340,77328.632810,,3.533750,-341.315610
13.996000,0.267880,0.381960,3.076170,271.510160,-342.682590,77124.023440,,3.488890,-341.314480
13.998000,0.161500,0.370420,3.188960,271.529660,-342.682160,77227.390630,,3.394040,-341.313540
14.000000,0.130740,0.453740,3.711910,271.548610,-342.682460,77337.070310,1.000000,3.541440,-341.313260
14.000000,0.130740,0.453740,3.711910,271.548610,-342.682460,77337.070310,1.000000,3.541440,-341.313260
14.002000,0.249940,0.607540,3.906740,271.566860,-342.682370,77446.757810,,3.413270,-341.313900
14.004000,0.364010,0.730590,3.609380,271.584840,-342.681610,77416.171880,,3.314580,-341.314910
14.006000,0.417850,0.712650,2.409670,271.603490,-342.681730,77349.726560,,3.454280,-341.315640
14.008000,0.366580,0.534480,2.399410,271.623050,-342.682430,77839.101560,1.000000,3.500430,-341.315610
14.010000,0.252500,0.538330,1.937990,271.642240,-342.682500,77475.234380,,3.441470,-341.315000
14.012000,0.203800,0.563960,2.768550,271.661160,-342.682160,77328.632810,,3.408140,-341.314540
14.014000,0.229430,0.687010,4.470700,271.679750,-342.682530,77310.703130,,3.547850,-341.314510
14.016000,0.371700,0.854920,5.475590,271.697810,-342.682310,76944.726560,1.000000,3.409420,-341.315120
14.016000,0.371700,0.854920,5.475590,271.697810,-342.682310,76944.726560,1.000000,3.409420,-341.315120
14.018000,0.470400,0.963870,5.332030,271.715970,-342.681300,77257.976560,,3.267150,-341.315890
14.020000,0.510130,0.795960,4.501460,271.735410,-342.681430,77314.921880,,3.429930,-341.316160
14.022000,0.420410,0.470400,3.465820,271.755980,-342.682400,77723.085940,,3.535030,-341.315520
14.024000,0.266600,0.343510,2.963380,271.776120,-342.682560,77555.398440,1.000000,3.477360,-341.314420
14.026000,0.169190,0.339660,3.281250,271.795590,-342.682130,77454.140630,,3.396610,-341.313600
14.028000,0.144840,0.449890,3.629880,271.814360,-342.682460,77664.023440,,3.545290,-341.313350
14.030000,0.262760,0.629330,3.855470,271.832370,-342.682370,77420.398440,,3.404300,-341.313960
14.032000,0.369140,0.778020,3.465820,271.850190,-342.681610,77356.054690,1.000000,3.320980,-341.314970
14.034000,0.417850,0.769040,2.799320,271.868710,-342.681760,77445.703130,,3.456850,-341.315640
14.036000,0.358890,0.589600,2.286620,271.888210,-342.682460,77247.429690,,3.500430,-341.315520
14.038000,0.247380,0.584470,2.071290,271.907440,-342.682460,77280.117190,,3.435060,-341.314910
14.040000,0.207640,0.601140,3.117190,271.926480,-342.682160,77339.187500,1.000000,3.408140,-341.314510
14.040000,0.207640,0.601140,3.117190,271.926480,-342.682160,77339.187500,1.000000,3.408140,-341.314510
14.042000,0.238400,0.701110,4.850100,271.945190,-342.682530,77081.843750,,3.547850,-341.314480
14.044000,0.380680,0.847230,5.485840,271.963500,-342.682280,77383.476560,,3.395320,-341.315160
14.046000,0.475520,0.926700,5.280760,271.981960,-342.681300,77397.195310,,3.268430,-341.315920
14.048000,0.510130,0.735720,4.296390,272.001620,-342.681490,77563.828130,1.000000,3.429930,-341.316130
14.048000,0.510130,0.735720,4.296390,272.001620,-342.681490,77563.828130,1.000000,3.429930,-341.316130
14.050000,0.416560,0.408870,3.363280,272.022340,-342.682460,77595.476560,,3.538880,-341.315460
14.052000,0.260190,0.296080,2.819820,272.042510,-342.682590,77659.812500,,3.468380,-341.314360
14.054000,0.166630,0.288390,3.332520,272.062010,-342.682190,77198.914060,,3.401730,-341.313540
14.056000,0.148680,0.393490,4.050290,272.080750,-342.682500,77215.789060,1.000000,3.547850,-341.313320
14.058000,0.273010,0.560120,4.101560,272.098820,-342.682310,77449.929690,,3.388920,-341.314000
14.060000,0.378110,0.702390,3.588870,272.116640,-342.681580,77382.421880,,3.318420,-341.315030
14.062000,0.421690,0.667790,2.912110,272.135250,-342.681760,77220.007810,,3.451720,-341.315670
14.064000,0.357600,0.498600,2.286620,272.154720,-342.682500,77551.179690,1.000000,3.497860,-341.315490
14.066000,0.244810,0.502440,2.122560,272.173890,-342.682460,77236.875000,,3.426090,-341.314880
14.068000,0.206360,0.534480,3.045410,272.192780,-342.682190,77596.531250,,3.406860,-341.314450
14.070000,0.244810,0.678040,4.665530,272.211180,-342.682590,77257.976560,,3.550420,-341.314480
14.072000,0.388370,0.877990,5.455080,272.229030,-342.682280,77582.820310,1.000000,3.383790,-341.315160
14.074000,0.480650,1.002320,5.301270,272.247040,-342.681270,77273.796880,,3.265870,-341.315920
14.076000,0.515260,0.843380,4.142580,272.266360,-342.681520,77304.382810,,3.431210,-341.316100
14.078000,0.412720,0.535770,3.209470,272.286770,-342.682500,77487.890630,,3.533750,-341.315400
14.080000,0.257630,0.442200,2.881350,272.306670,-342.682530,77400.351560,1.000000,3.450440,-341.314270
14.080000,0.257630,0.442200,2.881350,272.306670,-342.682530,77400.351560,1.000000,3.450440,-341.314270
14.082000,0.166630,0.442200,3.424800,272.326050,-342.682190,76942.625000,,3.403020,-341.313480
14.084000,0.151250,0.543460,3.958010,272.344820,-342.682530,77411.953130,,3.540160,-341.313290
14.086000,0.274290,0.679320,4.204100,272.363100,-342.682310,77242.156250,,3.376100,-341.313960
14.088000,0.375550,0.776730,3.527340,272.381290,-342.681610,77445.703130,1.000000,3.317140,-341.314970
14.090000,0.417850,0.702390,2.696780,272.400240,-342.681820,77516.375000,,3.447880,-341.315610
14.092000,0.349910,0.521670,2.266110,272.420010,-342.682560,77555.398440,,3.494020,-341.315460
14.094000,0.243530,0.503720,2.020020,272.439420,-342.682460,77579.656250,,3.415830,-341.314820
14.096000,0.208920,0.505000,3.332520,272.458590,-342.682220,77526.914060,1.000000,3.410710,-341.314420
14.098000,0.252500,0.628050,4.747560,272.477260,-342.682590,77231.609380,,3.544010,-341.314480
14.100000,0.398620,0.797240,5.629390,272.495360,-342.682220,77314.921880,,3.367130,-341.315190
14.102000,0.483220,0.889530,5.239750,272.513670,-342.681240,77139.851560,,3.259460,-341.315920
14.104000,0.513980,0.688290,4.234860,272.533290,-342.681580,77406.687500,1.000000,3.427370,-341.316070
14.104000,0.513980,0.688290,4.234860,272.533290,-342.681580,77406.687500,1.000000,3.427370,-341.316070
14.106000,0.407590,0.371700,3.332520,272.553860,-342.682560,77220.007810,,3.531190,-341.315340
14.108000,0.255070,0.279420,2.830080,272.573880,-342.682560,77165.156250,,3.435060,-341.314210
14.110000,0.165340,0.287110,3.445310,272.593230,-342.682190,77534.296880,,3.396610,-341.313420
14.112000,0.155090,0.434510,4.060550,272.611760,-342.682560,77623.953130,1.000000,3.538880,-341.313260
14.112000,0.155090,0.434510,4.060550,272.611760,-342.682560,77623.953130,1.000000,3.538880,-341.313260
14.114000,0.283260,0.615230,4.122070,272.629640,-342.682310,77321.257810,,3.356870,-341.314000
14.116000,0.381960,0.772890,3.506840,272.647340,-342.681610,77515.312500,,3.320980,-341.315000
14.118000,0.420410,0.735720,2.666020,272.665890,-342.681880,77550.125000,,3.444030,-341.315610
14.120000,0.349910,0.607540,2.184080,272.685150,-342.682590,77376.101560,1.000000,3.490170,-341.315400
14.122000,0.242250,0.628050,1.814940,272.704130,-342.682460,77494.226560,,3.404300,-341.314790
14.124000,0.208920,0.662660,3.240230,272.722960,-342.682250,77250.593750,,3.410710,-341.314390
14.126000,0.257630,0.793400,4.993650,272.741420,-342.682590,76992.187500,,3.536320,-341.314480
14.128000,0.401180,0.952330,5.772950,272.759520,-342.682190,77107.148440,1.000000,3.347900,-341.315190
14.130000,0.483220,1.008730,5.250000,272.778020,-342.681270,77210.507810,,3.256900,-341.315890
14.132000,0.506290,0.770320,4.265630,272.797850,-342.681640,77612.343750,,3.420960,-341.315980
14.134000,0.398620,0.440920,3.024900,272.818600,-342.682620,77583.875000,,3.524780,-341.315220
14.136000,0.252500,0.337100,2.553220,272.838780,-342.682590,77570.156250,1.000000,3.414550,-341.314150
14.136000,0.252500,0.337100,2.553220,272.838780,-342.682590,77570.156250,1.000000,3.414550,-341.314150
14.138000,0.167910,0.311460,3.373540,272.858340,-342.682250,77553.289060,,3.399170,-341.313390
14.140000,0.167910,0.438350,4.019530,272.877110,-342.682590,77341.289060,,3.526060,-341.313320
14.142000,0.292240,0.589600,3.968260,272.895230,-342.682310,77015.398440,,3.346620,-341.314090
14.144000,0.389650,0.707520,3.476070,272.913240,-342.681610,77486.835940,1.000000,3.310730,-341.315060
14.146000,0.421690,0.617800,2.748050,272.932100,-342.681920,77325.468750,,3.436340,-341.315610
14.148000,0.344790,0.480650,2.153320,272.951630,-342.682620,77254.804690,,3.483760,-341.315340
14.150000,0.242250,0.484500,1.907230,272.970830,-342.682460,77425.664060,,3.388920,-341.314760
14.152000,0.211490,0.497310,3.445310,272.989840,-342.682280,77136.679690,1.000000,3.408140,-341.314360
14.152000,0.211490,0.497310,3.445310,272.989840,-342.682280,77136.679690,1.000000,3.408140,-341.314360
14.154000,0.264040,0.642150,4.860350,273.008330,-342.682650,77270.625000,,3.528630,-341.314480
14.156000,0.414000,0.830570,5.783200,273.026310,-342.682190,77482.625000,,3.329960,-341.315190
14.158000,0.494750,0.917720,5.147460,273.044530,-342.681300,77449.929690,,3.258180,-341.315890
14.160000,0.513980,0.728030,4.183590,273.064090,-342.681730,77408.796880,1.000000,3.420960,-341.315980
14.162000,0.399900,0.456300,2.850590,273.084440,-342.682710,77362.390630,,3.522220,-341.315190
14.164000,0.249940,0.401180,2.666020,273.104190,-342.682590,77325.468750,,3.403020,-341.314060
14.166000,0.162780,0.415280,3.394040,273.123410,-342.682310,77341.289060,,3.399170,-341.313290
14.168000,0.167910,0.580630,4.070800,273.141820,-342.682620,77166.210940,1.000000,3.514530,-341.313260
14.170000,0.298650,0.749820,3.968260,273.159730,-342.682310,77287.507810,,3.327390,-341.314030
14.172000,0.390930,0.867740,3.455570,273.177670,-342.681640,77184.148440,,3.308170,-341.315000
14.174000,0.419130,0.754940,2.583980,273.196690,-342.682010,77343.398440,,3.424800,-341.315550
14.176000,0.339660,0.612670,2.020020,273.216250,-342.682710,77468.906250,1.000000,3.478640,-341.315310
14.176000,0.339660,0.612670,2.020020,273.216250,-342.682710,77468.906250,1.000000,3.478640,-341.315310
14.178000,0.240970,0.610110,1.825200,273.235500,-342.682530,77536.414060,,3.374820,-341.314700
14.180000,0.211490,0.619080,3.281250,273.254580,-342.682340,77238.984380,,3.409420,-341.314360
14.182000,0.267880,0.753660,4.788570,273.273100,-342.682710,77455.203130,,3.517090,-341.314480
14.184000,0.419130,0.917720,5.783200,273.291230,-342.682190,77062.851560,1.000000,3.313290,-341.315220
14.184000,0.419130,0.917720,5.783200,273.291230,-342.682190,77062.851560,1.000000,3.313290,-341.315220
14.186000,0.494750,0.962590,5.270510,273.309720,-342.681340,77389.812500,,3.254330,-341.315890
14.188000,0.507570,0.712650,4.152830,273.329590,-342.681760,77244.265630,,3.415830,-341.315890
14.190000,0.394780,0.412720,3.004390,273.350220,-342.682740,77300.156250,,3.514530,-341.315090
14.192000,0.247380,0.331970,2.799320,273.370240,-342.682590,77053.367190,1.000000,3.386350,-341.314000
14.194000,0.165340,0.299930,3.455570,273.389680,-342.682310,77457.304690,,3.397890,-341.313260
14.196000,0.178160,0.460140,4.152830,273.408260,-342.682680,77370.820310,,3.501710,-341.313260
14.198000,0.310180,0.629330,4.111820,273.426180,-342.682310,77499.492190,,3.315860,-341.314090
14.200000,0.397340,0.772890,3.240230,273.444030,-342.681670,77387.695310,1.000000,3.308170,-341.315030
14.202000,0.422970,0.675480,2.542970,273.462860,-342.682040,77264.296880,,3.420960,-341.315550
14.204000,0.338380,0.563960,1.937990,273.482240,-342.682740,77501.601560,,3.477360,-341.315250
14.206000,0.239690,0.593440,1.640630,273.501250,-342.682530,77377.148440,,3.364560,-341.314640
14.208000,0.212770,0.620360,3.486330,273.520110,-342.682370,77250.593750,1.000000,3.411990,-341.314270
14.208000,0.212770,0.620360,3.486330,273.520110,-342.682370,77250.593750,1.000000,3.411990,-341.314270
14.210000,0.276860,0.784420,4.973140,273.538510,-342.682710,77187.312500,,3.502990,-341.314480
14.212000,0.426820,0.967710,5.731930,273.556430,-342.682190,76823.445310,,3.297910,-341.315220
14.214000,0.499880,0.999760,5.301270,273.574950,-342.681340,77366.609380,,3.256900,-341.315890
14.216000,0.507570,0.731870,4.132320,273.594940,-342.681820,77293.835940,1.000000,3.415830,-341.315890
14.216000,0.507570,0.731870,4.132320,273.594940,-342.681820,77293.835940,1.000000,3.415830,-341.315890
14.218000,0.390930,0.443480,2.994140,273.615630,-342.682800,77433.054690,,3.515810,-341.315030
14.220000,0.246090,0.374270,2.563480,273.635620,-342.682590,77447.820310,,3.378660,-341.313930
14.222000,0.165340,0.344790,3.373540,273.655090,-342.682370,77622.898440,,3.401730,-341.313230
14.224000,0.184570,0.498600,3.958010,273.673740,-342.682710,77408.796880,1.000000,3.492740,-341.313260
14.226000,0.320430,0.657530,3.968260,273.691710,-342.682310,77364.500000,,3.309450,-341.314090
14.228000,0.402470,0.774170,3.445310,273.709690,-342.681670,77418.289060,,3.308170,-341.315030
14.230000,0.424260,0.642150,2.635250,273.728700,-342.682100,77300.156250,,3.419680,-341.315520
14.232000,0.334530,0.528080,2.020020,273.748170,-342.682770,77472.070310,1.000000,3.477360,-341.315190
14.234000,0.239690,0.534480,1.876460,273.767300,-342.682530,77391.921880,,3.358150,-341.314610
14.236000,0.215330,0.546020,3.599120,273.786220,-342.682400,77218.945310,,3.415830,-341.314240
14.238000,0.284550,0.713930,5.126950,273.804530,-342.682740,77212.625000,,3.492740,-341.314480
14.240000,0.434510,0.911320,5.670410,273.822390,-342.682130,77287.507810,1.000000,3.286380,-341.315250
14.242000,0.503720,0.952330,5.352540,273.840790,-342.681340,77538.523440,,3.262020,-341.315890
14.244000,0.508850,0.687010,4.040040,273.860690,-342.681880,77340.234380,,3.422240,-341.315860
14.246000,0.385800,0.420410,2.717290,273.881130,-342.682860,77710.429690,,3.515810,-341.314970
14.248000,0.242250,0.389650,2.532710,273.900820,-342.682590,77569.109380,1.000000,3.376100,-341.313870
14.248000,0.242250,0.389650,2.532710,273.900820,-342.682590,77569.109380,1.000000,3.376100,-341.313870
14.250000,0.162780,0.390930,3.291500,273.920010,-342.682370,77136.679690,,3.408140,-341.313170
14.250000,0.162780,0.390930,3.291500,273.920010,-342.682370,77136.679690,,3.408140,-341.313170
14.252000,0.187130,0.571660,3.875980,273.938390,-342.682710,77225.273440,,3.483760,-341.313230
14.254000,0.323000,0.743410,4.183590,273.956180,-342.682280,77387.695310,,3.304320,-341.314090
14.256000,0.399900,0.860050,3.578610,273.974150,-342.681670,77021.718750,1.000000,3.310730,-341.315030
14.258000,0.420410,0.710080,2.635250,273.993290,-342.682130,77522.703130,,3.422240,-341.315460
14.260000,0.328130,0.599850,1.896970,274.012820,-342.682800,77514.257810,,3.477360,-341.315160
14.262000,0.237120,0.606260,1.896970,274.032070,-342.682530,77351.843750,,3.353030,-341.314540
14.264000,0.216610,0.597290,3.578610,274.051240,-342.682430,77427.781250,1.000000,3.426090,-341.314240
14.266000,0.292240,0.737000,4.911620,274.069790,-342.682740,77263.250000,,3.487610,-341.314510
14.268000,0.437070,0.926700,5.588380,274.087830,-342.682100,77617.617190,,3.281250,-341.315310
14.270000,0.502440,0.944640,5.465330,274.106480,-342.681340,77344.460940,,3.269710,-341.315890
14.272000,0.501160,0.647280,4.101560,274.126590,-342.681920,77353.945310,1.000000,3.428650,-341.315800
14.272000,0.501160,0.647280,4.101560,274.126590,-342.681920,77353.945310,1.000000,3.428650,-341.315800
14.274000,0.374270,0.385800,2.840330,274.147190,-342.682860,77440.437500,,3.515810,-341.314910
14.276000,0.238400,0.358890,2.707030,274.166990,-342.682560,77364.500000,,3.370970,-341.313810
14.278000,0.165340,0.349910,3.394040,274.186280,-342.682370,77333.914060,,3.419680,-341.313170
14.280000,0.198670,0.537050,3.824710,274.204680,-342.682710,77399.296880,1.000000,3.477360,-341.313290
14.282000,0.330690,0.724180,4.070800,274.222410,-342.682220,77348.679690,,3.301760,-341.314180
14.284000,0.406310,0.854920,3.445310,274.240260,-342.681700,77344.460940,,3.322270,-341.315090
14.286000,0.422970,0.706240,2.625000,274.259280,-342.682160,77513.210940,,3.426090,-341.315490
14.288000,0.323000,0.638310,1.876460,274.278560,-342.682800,77614.460940,1.000000,3.476070,-341.315120
14.290000,0.235840,0.675480,1.743160,274.297490,-342.682460,77340.234380,,3.355590,-341.314510
14.292000,0.216610,0.712650,3.558110,274.316280,-342.682430,77577.539060,,3.435060,-341.314240
14.294000,0.297360,0.881840,5.065430,274.334560,-342.682710,77154.617190,,3.477360,-341.314510
14.296000,0.440920,1.080510,5.619140,274.352390,-342.682040,77167.265630,1.000000,3.274840,-341.315340
14.296000,0.440920,1.080510,5.619140,274.352390,-342.682040,77167.265630,1.000000,3.274840,-341.315340
14.298000,0.508850,1.088200,5.537110,274.370970,-342.681340,77149.335940,,3.282530,-341.315890
14.300000,0.502440,0.770320,4.173340,274.391170,-342.681950,77462.585940,,3.429930,-341.315800
14.302000,0.366580,0.487060,3.147950,274.411870,-342.682860,77487.890630,,3.518370,-341.314880
14.304000,0.231990,0.434510,2.666020,274.431850,-342.682530,77466.804690,1.000000,3.370970,-341.313810
14.306000,0.158940,0.394780,3.445310,274.451350,-342.682400,77409.851560,,3.431210,-341.313140
14.308000,0.198670,0.534480,3.670900,274.470030,-342.682680,77479.460940,,3.469670,-341.313320
14.310000,0.334530,0.685730,4.204100,274.488040,-342.682190,77395.078130,,3.300480,-341.314210
14.312000,0.412720,0.779300,3.363280,274.506260,-342.681670,77823.281250,1.000000,3.328670,-341.315160
14.314000,0.421690,0.585750,2.686520,274.525600,-342.682160,77501.601560,,3.431210,-341.315520
14.316000,0.316590,0.485780,2.030270,274.545200,-342.682770,77352.890630,,3.474790,-341.315090
14.318000,0.234560,0.501160,1.937990,274.564360,-342.682460,77410.898440,,3.355590,-341.314510
14.318000,0.234560,0.501160,1.937990,274.564360,-342.682460,77410.898440,,3.355590,-341.314510
14.320000,0.217900,0.519100,3.752930,274.583310,-342.682430,77279.062500,1.000000,3.445310,-341.314240
14.322000,0.306340,0.678040,5.250000,274.601680,-342.682710,76708.476560,,3.472230,-341.314540
14.324000,0.452450,0.889530,5.680660,274.619480,-342.681950,77337.070310,,3.272280,-341.315400
14.326000,0.521670,0.911320,5.649900,274.637940,-342.681340,77143.015630,,3.295350,-341.315980
14.328000,0.506290,0.624210,4.245120,274.657960,-342.681980,77570.156250,1.000000,3.442750,-341.315830
14.330000,0.362730,0.389650,2.963380,274.678310,-342.682830,77428.828130,,3.519650,-341.314820
14.332000,0.229430,0.383240,2.748050,274.697880,-342.682460,77736.796880,,3.373540,-341.313750
14.334000,0.155090,0.406310,3.383790,274.716890,-342.682370,77540.632810,,3.442750,-341.313110
14.336000,0.196110,0.599850,3.599120,274.735140,-342.682650,77561.718750,1.000000,3.461980,-341.313290
14.338000,0.331970,0.798520,4.070800,274.752750,-342.682100,77387.695310,,3.303040,-341.314210
14.340000,0.414000,0.924130,3.547850,274.770600,-342.681700,77511.093750,,3.349180,-341.315120
14.342000,0.421690,0.753660,2.717290,274.789730,-342.682190,77139.851560,,3.435060,-341.315490
14.344000,0.311460,0.679320,2.061040,274.809110,-342.682740,77394.031250,1.000000,3.473510,-341.315090
14.344000,0.311460,0.679320,2.061040,274.809110,-342.682740,77394.031250,1.000000,3.473510,-341.315090
14.346000,0.234560,0.698550,2.163570,274.828130,-342.682430,77278.015630,,3.359440,-341.314510
14.348000,0.216610,0.734440,3.773440,274.847020,-342.682430,77158.835940,,3.458130,-341.314240
14.350000,0.306340,0.870300,5.014160,274.865480,-342.682650,77289.617190,,3.464540,-341.314580
14.352000,0.443480,1.036930,5.608890,274.883510,-342.681880,77402.460940,1.000000,3.269710,-341.315400
14.354000,0.510130,1.007450,5.260250,274.902370,-342.681340,77373.992190,,3.312010,-341.315950
14.356000,0.489620,0.652400,4.183590,274.922820,-342.682010,77658.750000,,3.445310,-341.315730
14.358000,0.347350,0.375550,3.014650,274.943630,-342.682800,77583.875000,,3.518370,-341.314790
14.360000,0.225590,0.310180,2.983890,274.963560,-342.682430,77371.875000,1.000000,3.370970,-341.313780
14.360000,0.225590,0.310180,2.983890,274.963560,-342.682430,77371.875000,1.000000,3.370970,-341.313780
14.362000,0.153810,0.307620,3.363280,274.982940,-342.682370,77403.523440,,3.454280,-341.313200
14.364000,0.208920,0.469120,3.701660,275.001460,-342.682620,77173.601560,,3.461980,-341.313450
14.366000,0.338380,0.653690,4.173340,275.019260,-342.682040,77263.250000,,3.303040,-341.314360
14.368000,0.414000,0.776730,3.383790,275.037200,-342.681670,77279.062500,1.000000,3.362000,-341.315250
14.370000,0.412720,0.594730,2.676270,275.056370,-342.682190,77321.257810,,3.445310,-341.315550
14.372000,0.299930,0.520390,2.214840,275.075780,-342.682740,77472.070310,,3.476070,-341.315090
14.374000,0.229430,0.547300,2.081540,275.094730,-342.682370,77503.710940,,3.364560,-341.314510
14.376000,0.216610,0.607540,3.927250,275.113460,-342.682430,77120.859380,1.000000,3.469670,-341.314270
14.378000,0.317870,0.772890,4.952640,275.131710,-342.682590,77638.718750,,3.461980,-341.314640
14.380000,0.453740,0.977970,5.373050,275.149540,-342.681790,77157.781250,,3.268430,-341.315490
14.382000,0.511410,0.983090,5.126950,275.168090,-342.681340,77280.117190,,3.331240,-341.316040
14.384000,0.485780,0.661380,4.111820,275.188320,-342.682040,77349.726560,1.000000,3.454280,-341.315770
14.384000,0.485780,0.661380,4.111820,275.188320,-342.682040,77349.726560,1.000000,3.454280,-341.315770
14.386000,0.337100,0.425540,3.035160,275.208860,-342.682800,77363.445310,,3.522220,-341.314790
14.388000,0.212770,0.402470,2.830080,275.228490,-342.682400,77081.843750,,3.373540,-341.313750
14.390000,0.147400,0.444760,3.486330,275.247590,-342.682370,77388.757810,,3.468380,-341.313200
14.392000,0.211490,0.602420,3.845210,275.265960,-342.682590,77135.625000,1.000000,3.460690,-341.313510
14.394000,0.342220,0.762630,4.070800,275.283810,-342.681980,77323.359380,,3.300480,-341.314420
14.396000,0.408870,0.852360,3.476070,275.301910,-342.681670,77744.187500,,3.372250,-341.315310
14.398000,0.405030,0.658810,2.881350,275.321260,-342.682190,77621.835940,,3.449160,-341.315580
14.400000,0.293520,0.581910,2.122560,275.340760,-342.682680,77589.140630,1.000000,3.472230,-341.315090
14.400000,0.293520,0.581910,2.122560,275.340760,-342.682680,77589.140630,1.000000,3.472230,-341.315090
14.402000,0.221740,0.585750,2.061040,275.359860,-342.682340,77482.625000,,3.364560,-341.314540
14.404000,0.212770,0.644710,3.783690,275.378660,-342.682430,77230.546880,,3.478640,-341.314300
14.406000,0.320430,0.789550,4.973140,275.397000,-342.682590,77292.781250,,3.461980,-341.314730
14.408000,0.453740,0.966430,5.434570,275.414950,-342.681760,77008.015630,1.000000,3.267150,-341.315550
14.408000,0.453740,0.966430,5.434570,275.414950,-342.681760,77008.015630,1.000000,3.267150,-341.315550
14.410000,0.507570,0.942080,5.188480,275.433690,-342.681340,77262.195310,,3.344060,-341.316070
14.412000,0.481930,0.598570,4.296390,275.454010,-342.682070,77225.273440,,3.461980,-341.315830
14.414000,0.330690,0.361450,3.147950,275.474610,-342.682800,77373.992190,,3.517090,-341.314790
14.416000,0.205080,0.316590,2.830080,275.494260,-342.682370,77668.250000,1.000000,3.374820,-341.313750
14.418000,0.140990,0.365300,3.424800,275.513370,-342.682370,77449.929690,,3.472230,-341.313200
14.420000,0.212770,0.538330,3.660640,275.531650,-342.682590,77288.562500,,3.459410,-341.313540
14.422000,0.337100,0.719060,3.763180,275.549410,-342.681920,77568.054690,,3.294070,-341.314510
14.424000,0.405030,0.824160,3.342770,275.567380,-342.681670,77413.007810,1.000000,3.382510,-341.315340
14.426000,0.398620,0.639590,2.696780,275.586640,-342.682220,77348.679690,,3.454280,-341.315610
14.428000,0.283260,0.579350,2.102050,275.605990,-342.682680,77419.343750,,3.468380,-341.315120
14.430000,0.219180,0.599850,2.348140,275.625000,-342.682310,77130.351560,,3.370970,-341.314610
14.432000,0.210210,0.675480,4.019530,275.643740,-342.682460,77062.851560,1.000000,3.488890,-341.314360
14.432000,0.210210,0.675480,4.019530,275.643740,-342.682460,77062.851560,1.000000,3.488890,-341.314360
14.434000,0.324280,0.830570,5.106450,275.662020,-342.682590,77307.539060,,3.458130,-341.314790
14.436000,0.451170,1.001040,5.475590,275.679990,-342.681670,77358.164060,,3.259460,-341.315610
14.438000,0.499880,0.961300,5.106450,275.698880,-342.681340,77499.492190,,3.353030,-341.316070
14.440000,0.467830,0.608830,4.070800,275.719300,-342.682100,77357.109380,1.000000,3.465820,-341.315770
14.442000,0.317870,0.381960,2.922360,275.739930,-342.682770,77776.875000,,3.515810,-341.314790
14.444000,0.202510,0.335820,2.901860,275.759670,-342.682310,77409.851560,,3.365840,-341.313810
14.446000,0.140990,0.389650,3.219730,275.778840,-342.682430,77327.578130,,3.477360,-341.313290
14.448000,0.221740,0.562680,3.670900,275.797090,-342.682590,77276.953130,1.000000,3.455570,-341.313690
14.450000,0.340940,0.743410,3.752930,275.814850,-342.681880,77234.773440,,3.292790,-341.314640
14.452000,0.405030,0.838260,3.383790,275.832890,-342.681700,77072.343750,,3.396610,-341.315460
14.454000,0.392210,0.653690,2.809570,275.852110,-342.682280,77515.312500,,3.458130,-341.315640
14.456000,0.276860,0.598570,2.348140,275.871430,-342.682680,77351.843750,1.000000,3.464540,-341.315160
14.456000,0.276860,0.598570,2.348140,275.871430,-342.682680,77351.843750,1.000000,3.464540,-341.315160
14.458000,0.215330,0.608830,2.450680,275.890380,-342.682310,77417.226560,,3.370970,-341.314610
14.460000,0.208920,0.703670,4.019530,275.909030,-342.682460,77422.507810,,3.496580,-341.314390
14.462000,0.329410,0.867740,5.024410,275.927190,-342.682530,77179.921880,,3.447880,-341.314880
14.464000,0.451170,1.031800,5.373050,275.945160,-342.681610,77359.226560,1.000000,3.253050,-341.315700
14.466000,0.502440,0.974120,4.716800,275.964050,-342.681340,77536.414060,,3.364560,-341.316130
14.468000,0.462710,0.624210,4.019530,275.984530,-342.682190,77327.578130,,3.469670,-341.315770
14.470000,0.307620,0.396060,3.106930,276.005100,-342.682800,77404.578130,,3.518370,-341.314760
14.472000,0.196110,0.360170,3.014650,276.024810,-342.682310,77192.585940,1.000000,3.368410,-341.313810
14.472000,0.196110,0.360170,3.014650,276.024810,-342.682310,77192.585940,1.000000,3.368410,-341.313810
14.474000,0.134580,0.419130,3.476070,276.043880,-342.682460,77345.515630,,3.490170,-341.313290
14.476000,0.221740,0.580630,3.814450,276.062190,-342.682560,77273.796880,,3.453000,-341.313690
14.478000,0.340940,0.738280,3.834960,276.080050,-342.681850,77265.351560,,3.287660,-341.314670
14.480000,0.406310,0.792110,3.271000,276.098300,-342.681700,77341.289060,1.000000,3.403020,-341.315490
14.482000,0.385800,0.575500,2.799320,276.117830,-342.682280,77837.000000,,3.459410,-341.315670
14.484000,0.269170,0.494750,2.286620,276.137450,-342.682650,77516.375000,,3.459410,-341.315160
14.486000,0.210210,0.465270,2.307130,276.156680,-342.682280,77395.078130,,3.372250,-341.314640
14.488000,0.208920,0.548580,4.111820,276.175540,-342.682460,77560.664060,1.000000,3.501710,-341.314450
14.490000,0.335820,0.708800,5.137210,276.193790,-342.682530,77107.148440,,3.445310,-341.314940
14.492000,0.456300,0.883120,5.332030,276.211730,-342.681580,77267.460940,,3.253050,-341.315770
14.494000,0.507570,0.830570,5.003910,276.230620,-342.681340,77259.031250,,3.377380,-341.316160
14.496000,0.460140,0.492190,3.896480,276.250980,-342.682190,77127.195310,1.000000,3.481200,-341.315770
14.496000,0.460140,0.492190,3.896480,276.250980,-342.682190,77127.195310,1.000000,3.481200,-341.315770
14.498000,0.301210,0.299930,3.301760,276.271360,-342.682770,77326.523440,,3.518370,-341.314730
14.500000,0.190980,0.279420,3.045410,276.290830,-342.682280,77329.687500,,3.369690,-341.313750
14.500000,0.190980,0.279420,3.045410,276.290830,-342.682280,77329.687500,,3.369690,-341.313750
14.502000,0.134580,0.374270,3.660640,276.309660,-342.682460,77435.156250,,3.495300,-341.313290
14.504000,0.226870,0.567810,3.711910,276.327670,-342.682530,77448.875000,1.000000,3.446590,-341.313750
14.506000,0.344790,0.745970,3.588870,276.345340,-342.681760,77314.921880,,3.285100,-341.314760
14.508000,0.408870,0.821590,3.065920,276.363340,-342.681700,77785.320310,,3.413270,-341.315550
14.510000,0.383240,0.643430,2.635250,276.382600,-342.682310,77441.484380,,3.465820,-341.315670
14.512000,0.266600,0.598570,2.061040,276.401890,-342.682650,77989.929690,1.000000,3.458130,-341.315120
14.514000,0.210210,0.622920,2.532710,276.420810,-342.682280,77365.546880,,3.377380,-341.314640
14.516000,0.211490,0.739560,4.357910,276.439390,-342.682500,77283.281250,,3.513240,-341.314480
14.518000,0.343510,0.911320,5.321780,276.457490,-342.682460,77152.500000,,3.437620,-341.315000
14.520000,0.456300,1.066410,5.373050,276.475460,-342.681490,77274.851560,1.000000,3.250490,-341.315800
14.522000,0.505000,0.967710,5.024410,276.494540,-342.681340,77188.359380,,3.387630,-341.316160
14.524000,0.451170,0.589600,3.855470,276.515200,-342.682220,77563.828130,,3.487610,-341.315730
14.526000,0.296080,0.358890,3.168460,276.535890,-342.682740,77553.289060,,3.511960,-341.314670
14.528000,0.188420,0.299930,3.035160,276.555730,-342.682250,77580.710940,1.000000,3.372250,-341.313750
14.530000,0.137150,0.367860,3.609380,276.574890,-342.682460,77363.445310,,3.500430,-341.313320
14.532000,0.233280,0.528080,3.640140,276.593230,-342.682500,77519.531250,,3.440190,-341.313810
14.534000,0.351200,0.681880,3.804200,276.611150,-342.681760,77306.484380,,3.291500,-341.314790
14.536000,0.410160,0.725460,3.117190,276.629490,-342.681730,77387.695310,1.000000,3.423520,-341.315580
14.536000,0.410160,0.725460,3.117190,276.629490,-342.681730,77387.695310,1.000000,3.423520,-341.315580
14.538000,0.380680,0.533200,2.583980,276.648930,-342.682340,77369.773440,,3.472230,-341.315670
14.540000,0.265320,0.492190,2.276370,276.668300,-342.682620,77350.789060,,3.455570,-341.315120
14.542000,0.207640,0.489620,2.881350,276.687290,-342.682250,77261.132810,,3.383790,-341.314610
14.544000,0.212770,0.611390,4.511720,276.705900,-342.682530,77207.343750,1.000000,3.519650,-341.314480
14.546000,0.348630,0.801090,5.444820,276.723940,-342.682430,77308.601560,,3.428650,-341.315030
14.548000,0.462710,0.970280,5.393550,276.741790,-342.681430,77571.218750,,3.245360,-341.315830
14.550000,0.506290,0.888240,4.665530,276.760800,-342.681340,77399.296880,,3.392760,-341.316160
14.552000,0.446040,0.551150,3.517090,276.781250,-342.682250,77753.671880,1.000000,3.494020,-341.315700
14.554000,0.289670,0.375550,2.953130,276.801610,-342.682740,77346.570310,,3.511960,-341.314640
14.556000,0.182010,0.365300,3.168460,276.821080,-342.682250,77044.921880,,3.370970,-341.313690
14.558000,0.138430,0.481930,3.742680,276.839840,-342.682500,77230.546880,,3.510680,-341.313320
14.560000,0.240970,0.680600,3.958010,276.857850,-342.682460,77296.992190,1.000000,3.437620,-341.313810
14.562000,0.356320,0.849790,3.968260,276.875550,-342.681730,77381.375000,,3.292790,-341.314820
14.564000,0.412720,0.879270,3.240230,276.893830,-342.681700,77571.218750,,3.435060,-341.315580
14.566000,0.376830,0.678040,2.614750,276.913300,-342.682370,77471.015630,,3.474790,-341.315610
14.568000,0.262760,0.613950,2.112300,276.932740,-342.682590,77499.492190,1.000000,3.450440,-341.315060
14.568000,0.262760,0.613950,2.112300,276.932740,-342.682590,77499.492190,1.000000,3.450440,-341.315060
14.570000,0.207640,0.596010,2.737790,276.951930,-342.682220,77623.953130,,3.383790,-341.314580
14.572000,0.221740,0.689580,4.337400,276.970760,-342.682530,77469.960940,,3.524780,-341.314480
14.574000,0.357600,0.848510,5.260250,276.989010,-342.682400,77312.812500,,3.419680,-341.315060
14.576000,0.463990,0.977970,5.424320,277.007170,-342.681400,77253.750000,1.000000,3.251770,-341.315860
14.578000,0.510130,0.852360,4.768070,277.026460,-342.681370,77339.187500,,3.404300,-341.316160
14.580000,0.443480,0.498600,3.691410,277.047060,-342.682310,77430.937500,,3.508120,-341.315640
14.582000,0.288390,0.310180,3.137700,277.067500,-342.682710,77120.859380,,3.506840,-341.314580
14.584000,0.182010,0.264040,3.312010,277.087190,-342.682220,77337.070310,1.000000,3.382510,-341.313660
14.584000,0.182010,0.264040,3.312010,277.087190,-342.682220,77337.070310,1.000000,3.382510,-341.313660
14.586000,0.139710,0.358890,4.040040,277.106080,-342.682460,77449.929690,,3.522220,-341.313290
14.588000,0.246090,0.548580,4.060550,277.124150,-342.682400,77319.140630,,3.424800,-341.313840
14.590000,0.361450,0.721620,3.783690,277.141880,-342.681640,77609.187500,,3.294070,-341.314820
14.592000,0.420410,0.742130,2.942870,277.160190,-342.681670,77774.773440,1.000000,3.437620,-341.315580
14.594000,0.378110,0.548580,2.337890,277.179690,-342.682370,77409.851560,,3.481200,-341.315610
14.596000,0.262760,0.515260,1.866210,277.199010,-342.682590,77761.062500,,3.451720,-341.315000
14.598000,0.210210,0.530640,2.819820,277.217990,-342.682220,77421.453130,,3.388920,-341.314510
14.600000,0.228150,0.665220,4.624510,277.236510,-342.682530,77136.679690,1.000000,3.535030,-341.314450
14.600000,0.228150,0.665220,4.624510,277.236510,-342.682530,77136.679690,1.000000,3.535030,-341.314450
14.602000,0.369140,0.870300,5.455080,277.254460,-342.682370,77053.367190,,3.414550,-341.315060
14.604000,0.471680,1.020260,5.444820,277.272370,-342.681340,77403.523440,,3.255620,-341.315860
14.606000,0.516540,0.903630,5.014160,277.291560,-342.681370,77415.117190,,3.409420,-341.316160
14.608000,0.438350,0.551150,3.558110,277.312130,-342.682310,77272.742190,1.000000,3.513240,-341.315580
14.610000,0.283260,0.376830,3.024900,277.332490,-342.682650,77377.148440,,3.501710,-341.314480
14.612000,0.182010,0.342220,3.342770,277.352110,-342.682190,77581.757810,,3.382510,-341.313600
14.614000,0.149960,0.437070,3.752930,277.371060,-342.682460,77405.632810,,3.528630,-341.313260
14.616000,0.257630,0.617800,3.937500,277.389160,-342.682370,77561.718750,1.000000,3.415830,-341.313840
14.618000,0.369140,0.785710,3.691410,277.406950,-342.681670,77555.398440,,3.308170,-341.314820
14.620000,0.422970,0.798520,3.004390,277.425320,-342.681730,77345.515630,,3.449160,-341.315550
14.622000,0.375550,0.602420,2.184080,277.444850,-342.682430,77363.445310,,3.486330,-341.315520
14.624000,0.265320,0.583190,1.968750,277.464110,-342.682590,77462.585940,1.000000,3.449160,-341.314940
14.624000,0.265320,0.583190,1.968750,277.464110,-342.682590,77462.585940,1.000000,3.449160,-341.314940
14.626000,0.215330,0.585750,3.065920,277.483090,-342.682190,77135.625000,,3.400450,-341.314480
14.628000,0.235840,0.708800,4.706540,277.501650,-342.682530,77064.960940,,3.538880,-341.314420
14.628000,0.235840,0.708800,4.706540,277.501650,-342.682530,77064.960940,,3.538880,-341.314420
14.630000,0.376830,0.893370,5.567870,277.519650,-342.682310,77267.460940,,3.401730,-341.315030
14.632000,0.474240,1.020260,5.516600,277.537750,-342.681300,77037.546880,1.000000,3.260740,-341.315830
14.634000,0.519100,0.849790,4.634770,277.557160,-342.681400,77423.554690,,3.409420,-341.316070
14.636000,0.437070,0.483220,3.353030,277.577910,-342.682370,77449.929690,,3.523500,-341.315490
14.638000,0.283260,0.316590,2.850590,277.598270,-342.682650,77626.062500,,3.491460,-341.314390
14.640000,0.184570,0.280700,3.332520,277.617920,-342.682220,77372.929690,1.000000,3.390200,-341.313540
14.640000,0.184570,0.280700,3.332520,277.617920,-342.682220,77372.929690,1.000000,3.390200,-341.313540
14.642000,0.152530,0.388370,3.742680,277.636810,-342.682500,77338.125000,,3.533750,-341.313260
14.644000,0.264040,0.587040,4.152830,277.654790,-342.682370,77222.109380,,3.404300,-341.313840
14.646000,0.372990,0.762630,3.783690,277.672490,-342.681610,77567.000000,,3.312010,-341.314850
14.648000,0.429380,0.760070,3.014650,277.690950,-342.681730,77188.359380,1.000000,3.445310,-341.315550
14.650000,0.375550,0.557560,2.184080,277.710480,-342.682430,77380.312500,,3.487610,-341.315460
14.652000,0.264040,0.530640,2.091800,277.729800,-342.682530,77256.921880,,3.440190,-341.314880
14.654000,0.217900,0.520390,3.106930,277.748900,-342.682190,77107.148440,,3.399170,-341.314420
14.656000,0.246090,0.633180,4.850100,277.767580,-342.682530,77551.179690,1.000000,3.540160,-341.314390
14.658000,0.387080,0.817750,5.690920,277.785640,-342.682280,77295.937500,,3.388920,-341.315060
14.660000,0.481930,0.956180,5.434570,277.803710,-342.681300,77247.429690,,3.262020,-341.315800
14.662000,0.520390,0.788270,4.398930,277.823150,-342.681460,77325.468750,,3.410710,-341.316040
14.664000,0.435790,0.431950,3.188960,277.843840,-342.682430,77262.195310,1.000000,3.519650,-341.315430
14.664000,0.435790,0.431950,3.188960,277.843840,-342.682430,77262.195310,1.000000,3.519650,-341.315430
14.666000,0.281980,0.301210,2.707030,277.864110,-342.682650,77473.125000,,3.478640,-341.314330
14.668000,0.184570,0.287110,3.353030,277.883610,-342.682220,77116.648440,,3.390200,-341.313480
14.670000,0.156370,0.408870,3.886230,277.902310,-342.682530,77133.515630,,3.537600,-341.313200
14.672000,0.270450,0.606260,4.245120,277.920230,-342.682310,77097.664060,1.000000,3.386350,-341.313840
14.672000,0.270450,0.606260,4.245120,277.920230,-342.682310,77097.664060,1.000000,3.386350,-341.313840
14.674000,0.379390,0.790830,3.783690,277.937840,-342.681610,77366.609380,,3.312010,-341.314820
14.676000,0.430660,0.752380,2.994140,277.956360,-342.681760,77502.656250,,3.442750,-341.315490
14.678000,0.374270,0.569090,2.235350,277.975860,-342.682460,77618.671880,,3.481200,-341.315430
14.680000,0.265320,0.560120,1.773930,277.995060,-342.682530,77471.015630,1.000000,3.429930,-341.314820
14.682000,0.221740,0.574220,2.973630,278.014040,-342.682220,77683.015630,,3.397890,-341.314360
14.684000,0.253780,0.708800,4.880860,278.032530,-342.682590,77385.585940,,3.540160,-341.314360
14.686000,0.396060,0.908750,5.598630,278.050420,-342.682250,77119.804690,,3.372250,-341.315030
14.688000,0.485780,1.054870,5.496090,278.068390,-342.681270,77329.687500,1.000000,3.256900,-341.315770
14.690000,0.520390,0.872860,4.521970,278.087830,-342.681520,77318.093750,,3.411990,-341.315980
14.692000,0.431950,0.494750,3.250490,278.108580,-342.682500,77087.109380,,3.517090,-341.315340
14.694000,0.279420,0.352480,2.696780,278.128810,-342.682650,77388.757810,,3.458130,-341.314240
14.696000,0.185850,0.321720,3.291500,278.148440,-342.682250,77337.070310,1.000000,3.386350,-341.313390
14.696000,0.185850,0.321720,3.291500,278.148440,-342.682250,77337.070310,1.000000,3.386350,-341.313390
14.698000,0.165340,0.438350,4.070800,278.167240,-342.682560,77400.351560,,3.532470,-341.313200
14.700000,0.283260,0.625490,4.111820,278.185270,-342.682310,77479.460940,,3.365840,-341.313870
14.702000,0.385800,0.795960,3.660640,278.203060,-342.681610,77614.460940,,3.309450,-341.314850
14.704000,0.430660,0.749820,2.891600,278.221770,-342.681850,77384.531250,1.000000,3.436340,-341.315490
14.706000,0.367860,0.544740,1.825200,278.241490,-342.682560,77872.859380,,3.478640,-341.315370
14.708000,0.262760,0.517820,1.702150,278.260830,-342.682560,77454.140630,,3.415830,-341.314790
14.710000,0.223020,0.521670,3.014650,278.279940,-342.682280,77109.257810,,3.399170,-341.314330
14.712000,0.261470,0.653690,4.860350,278.298490,-342.682590,76577.695310,1.000000,3.533750,-341.314360
14.712000,0.261470,0.653690,4.860350,278.298490,-342.682590,76577.695310,1.000000,3.533750,-341.314360
14.714000,0.405030,0.847230,5.957520,278.316470,-342.682190,77263.250000,,3.351750,-341.315060
14.716000,0.488340,0.986940,5.578130,278.334560,-342.681240,77367.656250,,3.251770,-341.315770
14.718000,0.520390,0.786990,4.542480,278.354060,-342.681580,77345.515630,,3.404300,-341.315920
14.720000,0.424260,0.438350,3.014650,278.374790,-342.682560,77553.289060,1.000000,3.515810,-341.315250
14.722000,0.274290,0.321720,2.553220,278.394930,-342.682650,77630.273440,,3.437620,-341.314150
14.724000,0.185850,0.317870,3.271000,278.414340,-342.682310,77375.046880,,3.387630,-341.313390
14.726000,0.171750,0.467830,3.783690,278.432920,-342.682590,77683.015630,,3.522220,-341.313200
14.728000,0.290950,0.665220,4.142580,278.450780,-342.682310,77562.773440,1.000000,3.350460,-341.313900
14.730000,0.390930,0.852360,3.824710,278.468350,-342.681640,77298.046880,,3.312010,-341.314850
14.732000,0.434510,0.807500,2.840330,278.486940,-342.681880,77434.109380,,3.429930,-341.315460
14.734000,0.366580,0.612670,2.143070,278.506440,-342.682590,77466.804690,,3.474790,-341.315340
14.736000,0.261470,0.601140,1.845700,278.525670,-342.682560,77159.890630,1.000000,3.400450,-341.314730
14.736000,0.261470,0.601140,1.845700,278.525670,-342.682560,77159.890630,1.000000,3.400450,-341.314730
14.738000,0.223020,0.615230,3.127440,278.544680,-342.682310,77322.304690,,3.400450,-341.314270
14.740000,0.266600,0.745970,4.727050,278.563200,-342.682620,77262.195310,,3.523500,-341.314360
14.742000,0.412720,0.912600,5.824220,278.581240,-342.682190,77485.789060,,3.332520,-341.315060
14.744000,0.497310,1.025390,5.485840,278.599490,-342.681270,77221.054690,1.000000,3.250490,-341.315730
14.746000,0.522950,0.792110,4.398930,278.619170,-342.681640,77648.203130,,3.401730,-341.315890
14.748000,0.424260,0.420410,3.106930,278.640050,-342.682650,77763.171880,,3.510680,-341.315190
14.750000,0.275570,0.284550,2.604490,278.660340,-342.682680,77245.320310,,3.418400,-341.314090
14.750000,0.275570,0.284550,2.604490,278.660340,-342.682680,77245.320310,,3.418400,-341.314090
14.752000,0.184570,0.251220,3.240230,278.679960,-342.682340,77289.617190,1.000000,3.387630,-341.313260
14.754000,0.173030,0.392210,4.111820,278.698640,-342.682620,77411.953130,,3.514530,-341.313110
14.756000,0.298650,0.571660,4.245120,278.716580,-342.682310,77169.382810,,3.331240,-341.313870
14.758000,0.398620,0.739560,3.927250,278.734340,-342.681640,77198.914060,,3.303040,-341.314850
14.760000,0.437070,0.657530,2.891600,278.753110,-342.681950,77595.476560,1.000000,3.418400,-341.315460
14.762000,0.366580,0.461430,2.204590,278.772770,-342.682680,77497.390630,,3.469670,-341.315280
14.764000,0.261470,0.440920,1.671390,278.792110,-342.682590,77347.625000,,3.383790,-341.314670
14.766000,0.225590,0.458860,3.147950,278.811070,-342.682370,77366.609380,,3.397890,-341.314240
14.768000,0.274290,0.631900,4.768070,278.829440,-342.682680,77410.898440,1.000000,3.515810,-341.314330
14.770000,0.422970,0.835690,5.854980,278.847260,-342.682190,77331.804690,,3.310730,-341.315060
14.772000,0.503720,0.962590,5.414060,278.865330,-342.681300,77271.687500,,3.250490,-341.315730
14.774000,0.524230,0.743410,4.511720,278.884890,-342.681730,77318.093750,,3.400450,-341.315800
14.776000,0.421690,0.408870,3.332520,278.905580,-342.682710,77469.960940,1.000000,3.506840,-341.315060
14.776000,0.421690,0.408870,3.332520,278.905580,-342.682710,77469.960940,1.000000,3.506840,-341.315060
14.778000,0.275570,0.310180,2.748050,278.925600,-342.682680,77205.242190,,3.400450,-341.314000
14.780000,0.188420,0.315310,3.455570,278.944890,-342.682370,77514.257810,,3.385070,-341.313230
14.782000,0.180730,0.497310,4.173340,278.963320,-342.682680,77296.992190,,3.501710,-341.313110
14.784000,0.308900,0.694700,4.183590,278.981110,-342.682310,77292.781250,1.000000,3.317140,-341.313870
14.786000,0.402470,0.852360,3.783690,278.998810,-342.681670,77428.828130,,3.305600,-341.314820
14.788000,0.440920,0.763920,2.830080,279.017580,-342.682040,77681.960940,,3.411990,-341.315430
14.790000,0.364010,0.593440,1.968750,279.037170,-342.682740,77276.953130,,3.465820,-341.315190
14.792000,0.260190,0.578060,1.599610,279.056490,-342.682590,77777.929690,1.000000,3.368410,-341.314610
14.792000,0.260190,0.578060,1.599610,279.056490,-342.682590,77777.929690,1.000000,3.368410,-341.314610
14.794000,0.228150,0.584470,3.271000,279.075530,-342.682400,77410.898440,,3.401730,-341.314210
14.796000,0.280700,0.738280,4.686040,279.093990,-342.682740,77177.812500,,3.501710,-341.314330
14.798000,0.428100,0.915160,5.803710,279.112000,-342.682190,77171.492190,,3.294070,-341.315060
14.800000,0.506290,0.998470,5.639650,279.130340,-342.681300,77235.828130,1.000000,3.247920,-341.315700
14.802000,0.524230,0.722900,4.655270,279.150240,-342.681760,77188.359380,,3.400450,-341.315770
14.804000,0.417850,0.384520,3.301760,279.171110,-342.682770,77369.773440,,3.505550,-341.315000
14.806000,0.273010,0.269170,2.819820,279.191310,-342.682680,77422.507810,,3.388920,-341.313930
14.808000,0.187130,0.246090,3.363280,279.210780,-342.682400,77486.835940,1.000000,3.391480,-341.313170
14.808000,0.187130,0.246090,3.363280,279.210780,-342.682400,77486.835940,1.000000,3.391480,-341.313170
14.810000,0.189700,0.438350,3.958010,279.229280,-342.682710,77555.398440,,3.488890,-341.313110
14.812000,0.319150,0.629330,4.183590,279.247100,-342.682310,77640.828130,,3.306880,-341.313900
14.814000,0.406310,0.798520,3.742680,279.264830,-342.681670,77481.562500,,3.305600,-341.314850
14.816000,0.439640,0.698550,2.932620,279.283660,-342.682070,77378.210940,1.000000,3.406860,-341.315400
14.818000,0.357600,0.538330,2.091800,279.303190,-342.682770,77351.843750,,3.470950,-341.315160
14.820000,0.258910,0.538330,1.784180,279.322420,-342.682590,77433.054690,,3.363280,-341.314540
14.822000,0.226870,0.561400,3.496580,279.341370,-342.682460,77233.710940,,3.408140,-341.314180
14.824000,0.289670,0.745970,4.921880,279.359710,-342.682740,77075.507810,1.000000,3.492740,-341.314360
14.826000,0.435790,0.948490,6.060060,279.377560,-342.682130,77245.320310,,3.278690,-341.315090
14.828000,0.506290,1.039490,5.516600,279.395810,-342.681300,77187.312500,,3.250490,-341.315730
14.830000,0.520390,0.771610,4.429690,279.415710,-342.681820,77692.500000,,3.403020,-341.315730
14.832000,0.408870,0.446040,3.127440,279.436520,-342.682830,77717.820310,1.000000,3.506840,-341.314940
14.832000,0.408870,0.446040,3.127440,279.436520,-342.682830,77717.820310,1.000000,3.506840,-341.314940
14.834000,0.269170,0.347350,2.604490,279.456700,-342.682650,77322.304690,,3.381230,-341.313870
14.836000,0.185850,0.325560,3.312010,279.476170,-342.682430,77459.414060,,3.400450,-341.313140
14.838000,0.196110,0.507570,3.824710,279.494690,-342.682710,77411.953130,,3.485050,-341.313110
14.840000,0.325560,0.684450,4.122070,279.512600,-342.682280,77331.804690,1.000000,3.303040,-341.313930
14.840000,0.325560,0.684450,4.122070,279.512600,-342.682280,77331.804690,1.000000,3.303040,-341.313930
14.842000,0.410160,0.834410,3.773440,279.530490,-342.681670,77304.382810,,3.310730,-341.314880
14.844000,0.439640,0.694700,2.912110,279.549500,-342.682100,77279.062500,,3.409420,-341.315400
14.846000,0.355040,0.534480,2.245610,279.569150,-342.682800,77436.218750,,3.472230,-341.315120
14.848000,0.257630,0.525510,1.814940,279.588440,-342.682560,77216.843750,1.000000,3.356870,-341.314510
14.850000,0.228150,0.543460,3.640140,279.607420,-342.682460,77334.960940,,3.417110,-341.314150
14.852000,0.296080,0.720340,4.952640,279.625760,-342.682740,77467.859380,,3.487610,-341.314360
14.854000,0.440920,0.921570,5.690920,279.643590,-342.682070,77144.070310,,3.272280,-341.315120
14.856000,0.508850,0.984380,5.506350,279.661960,-342.681300,77770.554690,1.000000,3.256900,-341.315730
14.858000,0.517820,0.694700,4.501460,279.681920,-342.681850,77445.703130,,3.411990,-341.315730
14.860000,0.401180,0.362730,3.158200,279.702760,-342.682860,77242.156250,,3.511960,-341.314910
14.862000,0.264040,0.271730,2.635250,279.722840,-342.682620,77398.242190,,3.378660,-341.313810
14.864000,0.182010,0.271730,3.476070,279.742190,-342.682430,77452.039060,1.000000,3.413270,-341.313110
14.864000,0.182010,0.271730,3.476070,279.742190,-342.682430,77452.039060,1.000000,3.413270,-341.313110
14.866000,0.198670,0.476810,4.152830,279.760560,-342.682710,77302.273440,,3.476070,-341.313140
14.868000,0.326840,0.672910,4.173340,279.778290,-342.682190,77179.921880,,3.299190,-341.313960
14.870000,0.412720,0.852360,3.763180,279.795960,-342.681670,77404.578130,,3.319700,-341.314910
14.872000,0.440920,0.716490,3.024900,279.814910,-342.682100,77288.562500,1.000000,3.413270,-341.315400
14.874000,0.347350,0.569090,2.102050,279.834500,-342.682800,77531.132810,,3.474790,-341.315090
14.876000,0.255070,0.552430,1.794430,279.853760,-342.682530,77498.445310,,3.355590,-341.314510
14.878000,0.228150,0.571660,3.599120,279.872800,-342.682460,77352.890630,,3.428650,-341.314150
14.880000,0.302490,0.749820,4.768070,279.891170,-342.682740,77299.101560,1.000000,3.479920,-341.314390
14.882000,0.440920,0.945920,5.547360,279.909090,-342.682010,77105.039060,,3.267150,-341.315190
14.884000,0.512700,0.995910,5.485840,279.927610,-342.681300,77373.992190,,3.267150,-341.315730
14.886000,0.513980,0.675480,4.491210,279.947780,-342.681880,77103.992190,,3.415830,-341.315700
14.888000,0.393490,0.353760,3.240230,279.968720,-342.682860,77156.726560,1.000000,3.515810,-341.314880
14.888000,0.393490,0.353760,3.240230,279.968720,-342.682860,77156.726560,1.000000,3.515810,-341.314880
14.890000,0.264040,0.260190,2.737790,279.988860,-342.682590,77503.710940,,3.378660,-341.313810
14.892000,0.180730,0.273010,3.599120,280.008210,-342.682430,77218.945310,,3.426090,-341.313110
14.894000,0.203800,0.487060,3.834960,280.026490,-342.682710,77351.843750,,3.472230,-341.313170
14.896000,0.331970,0.679320,4.142580,280.044190,-342.682160,77626.062500,1.000000,3.297910,-341.314030
14.898000,0.419130,0.845950,3.578610,280.061890,-342.681640,77543.796880,,3.329960,-341.314940
14.900000,0.438350,0.693420,2.922360,280.080870,-342.682130,77358.164060,,3.420960,-341.315400
14.902000,0.340940,0.554990,1.937990,280.100430,-342.682770,77825.390630,,3.478640,-341.315060
14.904000,0.255070,0.548580,2.061040,280.119600,-342.682460,77346.570310,1.000000,3.355590,-341.314510
14.904000,0.255070,0.548580,2.061040,280.119600,-342.682460,77346.570310,1.000000,3.355590,-341.314510
14.906000,0.229430,0.592160,3.640140,280.138460,-342.682460,77275.906250,,3.441470,-341.314150
14.908000,0.310180,0.779300,5.116700,280.156710,-342.682710,77185.203130,,3.474790,-341.314420
14.910000,0.444760,0.985660,5.578130,280.174500,-342.681920,77152.500000,,3.264590,-341.315190
14.912000,0.513980,1.025390,5.731930,280.192930,-342.681340,77137.734380,1.000000,3.285100,-341.315770
14.914000,0.510130,0.704960,4.419430,280.213070,-342.681920,77334.960940,,3.426090,-341.315670
14.916000,0.381960,0.384520,3.168460,280.233920,-342.682860,77448.875000,,3.524780,-341.314820
14.918000,0.256350,0.285830,2.819820,280.254060,-342.682560,77485.789060,,3.376100,-341.313810
14.920000,0.179440,0.297360,3.404300,280.273410,-342.682430,77214.734380,1.000000,3.444030,-341.313110
14.922000,0.207640,0.493470,3.722170,280.291840,-342.682650,77596.531250,,3.465820,-341.313230
14.924000,0.334530,0.662660,3.988770,280.309690,-342.682070,77370.820310,,3.296630,-341.314090
14.926000,0.415280,0.794680,3.363280,280.327640,-342.681610,77391.921880,,3.341490,-341.315000
14.928000,0.430660,0.603700,2.840330,280.346920,-342.682130,77269.570310,1.000000,3.428650,-341.315430
14.928000,0.430660,0.603700,2.840330,280.346920,-342.682130,77269.570310,1.000000,3.428650,-341.315430
14.930000,0.329410,0.470400,2.194340,280.366640,-342.682770,77507.937500,,3.482480,-341.315060
14.932000,0.248660,0.446040,2.204590,280.385990,-342.682460,76991.132810,,3.360720,-341.314510
14.934000,0.228150,0.498600,3.886230,280.404910,-342.682460,77298.046880,,3.455570,-341.314180
14.936000,0.317870,0.695980,5.137210,280.423070,-342.682680,77315.984380,1.000000,3.476070,-341.314510
14.936000,0.317870,0.695980,5.137210,280.423070,-342.682680,77315.984380,1.000000,3.476070,-341.314510
14.938000,0.449890,0.912600,5.567870,280.440830,-342.681850,77283.281250,,3.262020,-341.315310
14.940000,0.512700,0.957460,5.260250,280.459200,-342.681270,77232.664060,,3.297910,-341.315830
14.942000,0.505000,0.642150,4.255370,280.479340,-342.681950,77692.500000,,3.435060,-341.315700
14.944000,0.371700,0.346070,3.158200,280.500060,-342.682860,77604.960940,1.000000,3.528630,-341.314790
14.946000,0.247380,0.264040,2.789060,280.520050,-342.682500,77589.140630,,3.374820,-341.313780
14.948000,0.170470,0.316590,3.496580,280.539180,-342.682430,77306.484380,,3.454280,-341.313140
14.950000,0.212770,0.552430,3.804200,280.557310,-342.682650,77419.343750,,3.467100,-341.313290
14.952000,0.338380,0.757510,3.865720,280.574890,-342.682010,77135.625000,1.000000,3.296630,-341.314180
14.954000,0.416560,0.912600,3.465820,280.592590,-342.681640,77310.703130,,3.358150,-341.315090
14.956000,0.426820,0.749820,2.707030,280.611630,-342.682160,77469.960940,,3.435060,-341.315460
14.958000,0.321720,0.640870,2.337890,280.631100,-342.682740,77237.929690,,3.485050,-341.315060
14.960000,0.244810,0.635740,2.235350,280.650240,-342.682400,77305.437500,1.000000,3.363280,-341.314510
14.962000,0.223020,0.701110,3.968260,280.669040,-342.682460,77403.523440,,3.467100,-341.314210
14.964000,0.323000,0.881840,5.024410,280.687290,-342.682620,77095.554690,,3.470950,-341.314540
14.966000,0.453740,1.067690,5.393550,280.705200,-342.681760,77571.218750,,3.253050,-341.315340
14.968000,0.507570,1.062560,5.332030,280.723940,-342.681270,77315.984380,1.000000,3.313290,-341.315890
14.968000,0.507570,1.062560,5.332030,280.723940,-342.681270,77315.984380,1.000000,3.313290,-341.315890
14.970000,0.497310,0.697270,4.245120,280.744450,-342.681980,77233.710940,,3.436340,-341.315730
14.972000,0.364010,0.375550,3.250490,280.765500,-342.682860,77240.039060,,3.531190,-341.314790
14.974000,0.240970,0.251220,2.942870,280.785770,-342.682460,77392.976560,,3.369690,-341.313810
14.976000,0.164060,0.285830,3.691410,280.805210,-342.682460,77375.046880,1.000000,3.461980,-341.313140
14.976000,0.164060,0.285830,3.691410,280.805210,-342.682460,77375.046880,1.000000,3.461980,-341.313140
14.978000,0.214050,0.496030,3.855470,280.823550,-342.682650,77353.945310,,3.465820,-341.313390
14.980000,0.338380,0.693420,3.916990,280.841250,-342.681950,77360.281250,,3.286380,-341.314270
14.982000,0.415280,0.822880,3.414550,280.859190,-342.681610,77383.476560,,3.365840,-341.315190
14.984000,0.421690,0.617800,2.840330,280.878480,-342.682190,77469.960940,1.000000,3.433780,-341.315520
14.986000,0.314030,0.496030,2.204590,280.898160,-342.682740,77576.484380,,3.485050,-341.315090
14.988000,0.238400,0.466550,2.368650,280.917420,-342.682370,77627.117190,,3.358150,-341.314510
14.990000,0.219180,0.547300,4.019530,280.936250,-342.682460,77261.132810,,3.476070,-341.314240
14.992000,0.328130,0.753660,5.044920,280.954350,-342.682620,77197.851560,1.000000,3.467100,-341.314640
14.994000,0.455020,0.974120,5.547360,280.972080,-342.681700,77350.789060,,3.249210,-341.315430
14.996000,0.507570,0.990780,5.444820,280.990570,-342.681300,76817.117190,,3.326110,-341.315920
14.998000,0.497310,0.666500,4.255370,281.010830,-342.682040,77402.460940,,3.441470,-341.315730
15.000000,0.356320,0.398620,3.240230,281.031460,-342.682890,77477.351560,1.000000,3.536320,-341.314790
15.000000,0.356320,0.398620,3.240230,281.031460,-342.682890,77477.351560,1.000000,3.536320,-341.314790
15.002000,0.238400,0.338380,3.158200,281.051240,-342.682460,77398.242190,,3.364560,-341.313780
15.004000,0.157650,0.417850,3.619630,281.070280,-342.682460,77376.101560,,3.472230,-341.313170
15.006000,0.215330,0.630620,3.742680,281.088410,-342.682590,77343.398440,,3.456850,-341.313390
15.008000,0.337100,0.816470,3.937500,281.106050,-342.681880,77552.234380,1.000000,3.283810,-341.314330
15.008000,0.337100,0.816470,3.937500,281.106050,-342.681880,77552.234380,1.000000,3.283810,-341.314330
15.010000,0.411440,0.912600,3.209470,281.124080,-342.681640,77619.726560,,3.372250,-341.315190
15.012000,0.416560,0.685730,2.707030,281.143490,-342.682190,77575.429690,,3.435060,-341.315550
15.014000,0.306340,0.561400,2.358400,281.163300,-342.682740,77389.812500,,3.482480,-341.315120
15.016000,0.235840,0.512700,2.614750,281.182680,-342.682370,77196.796880,1.000000,3.356870,-341.314540
15.018000,0.220460,0.589600,4.224610,281.201600,-342.682500,77157.781250,,3.483760,-341.314300
15.020000,0.333250,0.792110,5.260250,281.219790,-342.682590,77363.445310,,3.460690,-341.314700
15.022000,0.457580,0.985660,5.680660,281.237610,-342.681640,77215.789060,,3.246640,-341.315490
15.024000,0.511410,0.958740,5.301270,281.256350,-342.681300,77312.812500,1.000000,3.340210,-341.315980
15.026000,0.493470,0.575500,4.193850,281.276890,-342.682070,77737.851560,,3.444030,-341.315730
15.028000,0.349910,0.283260,3.260740,281.297760,-342.682860,77628.171880,,3.533750,-341.314790
15.030000,0.231990,0.190980,3.178710,281.317810,-342.682430,77522.703130,,3.362000,-341.313780
15.032000,0.157650,0.258910,3.588870,281.336980,-342.682460,77657.695310,1.000000,3.474790,-341.313200
15.032000,0.157650,0.258910,3.588870,281.336980,-342.682460,77657.695310,1.000000,3.474790,-341.313200
15.034000,0.220460,0.481930,3.875980,281.355130,-342.682590,77218.945310,,3.451720,-341.313480
15.036000,0.342220,0.683170,3.968260,281.372710,-342.681880,77347.625000,,3.283810,-341.314390
15.038000,0.417850,0.797240,3.383790,281.390660,-342.681670,77371.875000,,3.388920,-341.315280
15.040000,0.414000,0.602420,2.799320,281.409910,-342.682250,77405.632810,1.000000,3.442750,-341.315550
15.042000,0.298650,0.520390,2.419920,281.429350,-342.682740,77191.523440,,3.479920,-341.315090
15.044000,0.231990,0.528080,2.604490,281.448360,-342.682340,77494.226560,,3.362000,-341.314540
15.046000,0.219180,0.652400,4.501460,281.466920,-342.682530,77286.453130,,3.495300,-341.314330
15.048000,0.338380,0.886960,5.250000,281.484800,-342.682560,77398.242190,1.000000,3.451720,-341.314760
15.050000,0.457580,1.098450,5.619140,281.502440,-342.681580,77182.031250,,3.237670,-341.315520
15.052000,0.512700,1.058720,4.932130,281.521240,-342.681270,77700.937500,,3.354310,-341.315980
15.054000,0.484500,0.663940,4.040040,281.541840,-342.682100,77510.046880,,3.449160,-341.315700
15.056000,0.338380,0.380680,3.086430,281.562810,-342.682860,77418.289060,1.000000,3.531190,-341.314730
15.056000,0.338380,0.380680,3.086430,281.562810,-342.682860,77418.289060,1.000000,3.531190,-341.314730
15.058000,0.224300,0.292240,3.291500,281.582860,-342.682400,77364.500000,,3.362000,-341.313720
15.060000,0.156370,0.369140,3.845210,281.602080,-342.682460,77420.398440,,3.481200,-341.313200
15.062000,0.229430,0.583190,3.937500,281.620270,-342.682590,77264.296880,,3.447880,-341.313540
15.064000,0.346070,0.778020,3.865720,281.637940,-342.681820,77382.421880,1.000000,3.281250,-341.314450
15.066000,0.416560,0.870300,3.629880,281.655980,-342.681670,77465.742190,,3.394040,-341.315310
15.068000,0.406310,0.660100,2.583980,281.675320,-342.682280,77355.000000,,3.445310,-341.315550
15.070000,0.293520,0.576780,2.266110,281.694850,-342.682740,77606.015630,,3.472230,-341.315060
15.072000,0.228150,0.553710,2.717290,281.713990,-342.682310,77676.679690,1.000000,3.359440,-341.314510
15.072000,0.228150,0.553710,2.717290,281.713990,-342.682310,77676.679690,1.000000,3.359440,-341.314510
15.074000,0.223020,0.656250,4.337400,281.732700,-342.682560,77043.867190,,3.504270,-341.314330
15.076000,0.346070,0.869020,5.332030,281.750700,-342.682530,77382.421880,,3.436340,-341.314790
15.078000,0.463990,1.061280,5.537110,281.768460,-342.681520,77081.843750,,3.231260,-341.315610
15.080000,0.512700,1.002320,5.239750,281.787350,-342.681300,77403.523440,1.000000,3.364560,-341.316010
15.082000,0.476810,0.615230,4.091310,281.808010,-342.682190,77014.335940,,3.458130,-341.315640
15.084000,0.333250,0.352480,3.291500,281.828770,-342.682860,77361.335940,,3.532470,-341.314640
15.086000,0.219180,0.283260,3.588870,281.848660,-342.682400,77359.226560,,3.363280,-341.313690
15.088000,0.152530,0.387080,3.906740,281.867650,-342.682500,77193.632810,1.000000,3.494020,-341.313170
15.090000,0.231990,0.622920,3.886230,281.885620,-342.682530,77485.789060,,3.435060,-341.313540
15.092000,0.348630,0.824160,3.916990,281.903200,-342.681760,77626.062500,,3.285100,-341.314480
15.094000,0.420410,0.886960,3.147950,281.921330,-342.681670,77263.250000,,3.403020,-341.315340
15.096000,0.403750,0.646000,2.553220,281.940890,-342.682310,77626.062500,1.000000,3.445310,-341.315550
15.096000,0.403750,0.646000,2.553220,281.940890,-342.682310,77626.062500,1.000000,3.445310,-341.315550
15.098000,0.292240,0.542180,2.204590,281.960570,-342.682710,77707.265630,,3.467100,-341.315060
15.100000,0.226870,0.503720,2.973630,281.979890,-342.682310,77331.804690,,3.359440,-341.314510
15.102000,0.224300,0.610110,4.398930,281.998720,-342.682590,77266.406250,,3.513240,-341.314330
15.104000,0.349910,0.826720,5.526860,282.016780,-342.682500,77256.921880,1.000000,3.427370,-341.314820
15.104000,0.349910,0.826720,5.526860,282.016780,-342.682500,77256.921880,1.000000,3.427370,-341.314820
15.106000,0.466550,1.022830,5.588380,282.034610,-342.681490,76966.882810,,3.232540,-341.315610
15.108000,0.516540,0.961300,5.106450,282.053500,-342.681340,77175.703130,,3.374820,-341.316010
15.110000,0.470400,0.560120,3.958010,282.074190,-342.682220,77434.109380,,3.468380,-341.315610
15.112000,0.328130,0.303770,3.271000,282.094970,-342.682830,77419.343750,1.000000,3.524780,-341.314640
15.114000,0.216610,0.226870,3.353030,282.114900,-342.682370,77407.734380,,3.368410,-341.313690
15.116000,0.155090,0.331970,3.937500,282.133910,-342.682530,77711.492190,,3.502990,-341.313200
15.118000,0.243530,0.562680,3.937500,282.151820,-342.682460,77367.656250,,3.424800,-341.313600
15.120000,0.358890,0.772890,3.906740,282.169310,-342.681730,77351.843750,1.000000,3.287660,-341.314540
15.122000,0.428100,0.834410,3.014650,282.187440,-342.681670,77345.515630,,3.410710,-341.315340
15.124000,0.403750,0.616520,2.553220,282.206820,-342.682340,77493.171880,,3.453000,-341.315520
15.126000,0.290950,0.554990,2.173830,282.226170,-342.682710,77484.726560,,3.464540,-341.315000
15.128000,0.226870,0.566530,2.973630,282.245120,-342.682310,76956.328130,1.000000,3.363280,-341.314450
15.128000,0.226870,0.566530,2.973630,282.245120,-342.682310,76956.328130,1.000000,3.363280,-341.314450
15.130000,0.231990,0.726750,4.501460,282.263490,-342.682590,77274.851560,,3.524780,-341.314300
15.132000,0.364010,0.975400,5.598630,282.281190,-342.682460,76856.132810,,3.411990,-341.314850
15.134000,0.470400,1.176640,5.547360,282.298800,-342.681400,77232.664060,,3.233830,-341.315610
15.136000,0.525510,1.083070,5.065430,282.317750,-342.681340,77541.679690,1.000000,3.377380,-341.315980
15.138000,0.470400,0.656250,3.927250,282.338560,-342.682250,77425.664060,,3.478640,-341.315580
15.140000,0.326840,0.376830,3.024900,282.359500,-342.682800,77519.531250,,3.519650,-341.314540
15.142000,0.215330,0.275570,3.363280,282.379670,-342.682340,77537.468750,,3.368410,-341.313600
15.144000,0.157650,0.362730,3.968260,282.398930,-342.682530,77293.835940,1.000000,3.510680,-341.313140
15.146000,0.247380,0.570370,4.019530,282.417110,-342.682460,77288.562500,,3.413270,-341.313570
15.148000,0.361450,0.762630,3.906740,282.434880,-342.681700,77133.515630,,3.296630,-341.314510
15.150000,0.434510,0.789550,3.209470,282.453220,-342.681700,77410.898440,,3.417110,-341.315340
15.152000,0.407590,0.540890,2.614750,282.472900,-342.682370,77246.375000,1.000000,3.458130,-341.315460
15.152000,0.407590,0.540890,2.614750,282.472900,-342.682370,77246.375000,1.000000,3.458130,-341.315460
15.154000,0.293520,0.458860,2.112300,282.492490,-342.682680,77435.156250,,3.459410,-341.314910
15.156000,0.229430,0.435790,3.004390,282.511690,-342.682310,77472.070310,,3.369690,-341.314390
15.158000,0.239690,0.583190,4.716800,282.530240,-342.682590,77464.695310,,3.532470,-341.314270
15.160000,0.372990,0.826720,5.547360,282.548070,-342.682370,77199.968750,1.000000,3.396610,-341.314850
15.162000,0.479370,1.021550,5.434570,282.565730,-342.681340,77439.382810,,3.236390,-341.315610
15.164000,0.533200,0.915160,5.003910,282.584780,-342.681340,77216.843750,,3.379940,-341.315950
15.166000,0.475520,0.515260,3.691410,282.605500,-342.682310,77414.062500,,3.483760,-341.315520
15.168000,0.325560,0.311460,3.024900,282.626040,-342.682800,77385.585940,1.000000,3.509400,-341.314480
15.168000,0.325560,0.311460,3.024900,282.626040,-342.682800,77385.585940,1.000000,3.509400,-341.314480
15.170000,0.216610,0.275570,3.281250,282.645720,-342.682340,77191.523440,,3.370970,-341.313540
15.172000,0.161500,0.430660,4.040040,282.664370,-342.682560,76942.625000,,3.518370,-341.313080
15.174000,0.255070,0.698550,4.081050,282.682010,-342.682430,77319.140630,,3.400450,-341.313540
15.176000,0.369140,0.916440,3.834960,282.699400,-342.681670,77271.687500,1.000000,3.296630,-341.314510
15.178000,0.440920,0.939510,3.199220,282.717560,-342.681730,77450.984380,,3.414550,-341.315310
15.180000,0.407590,0.694700,2.399410,282.737150,-342.682430,77535.359380,,3.458130,-341.315400
15.182000,0.294800,0.613950,1.989260,282.756710,-342.682650,77700.937500,,3.445310,-341.314850
15.184000,0.235840,0.571660,3.035160,282.776030,-342.682310,77404.578130,1.000000,3.367130,-341.314360
15.186000,0.252500,0.697270,4.645020,282.794740,-342.682590,77463.640630,,3.536320,-341.314240
15.188000,0.384520,0.917720,5.629390,282.812710,-342.682340,77103.992190,,3.376100,-341.314820
15.190000,0.481930,1.088200,5.649900,282.830660,-342.681340,77364.500000,,3.232540,-341.315580
15.192000,0.526790,0.929260,5.126950,282.850040,-342.681430,77000.632810,1.000000,3.378660,-341.315860
15.192000,0.526790,0.929260,5.126950,282.850040,-342.681430,77000.632810,1.000000,3.378660,-341.315860
15.194000,0.461430,0.489620,3.773440,282.871030,-342.682400,77358.164060,,3.486330,-341.315370
15.196000,0.317870,0.255070,3.219730,282.891820,-342.682830,77189.421880,,3.494020,-341.314360
15.198000,0.220460,0.176880,3.383790,282.911800,-342.682370,77304.382810,,3.370970,-341.313480
15.200000,0.175600,0.311460,3.958010,282.930660,-342.682590,77392.976560,1.000000,3.518370,-341.313110
15.202000,0.274290,0.553710,4.070800,282.948520,-342.682400,77561.718750,,3.381230,-341.313630
15.204000,0.379390,0.766480,3.906740,282.966060,-342.681610,77315.984380,,3.288940,-341.314580
15.206000,0.442200,0.762630,3.014650,282.984410,-342.681760,77845.437500,,3.411990,-341.315310
15.208000,0.399900,0.521670,2.348140,283.004060,-342.682500,77526.914060,1.000000,3.461980,-341.315340
15.208000,0.399900,0.521670,2.348140,283.004060,-342.682500,77526.914060,1.000000,3.461980,-341.315340
15.210000,0.288390,0.465270,1.937990,283.023500,-342.682680,77387.695310,,3.433780,-341.314790
15.212000,0.239690,0.462710,2.983890,283.042570,-342.682340,77306.484380,,3.373540,-341.314270
15.214000,0.261470,0.652400,4.932130,283.060910,-342.682650,77208.398440,,3.533750,-341.314240
15.216000,0.394780,0.930540,5.670410,283.078430,-342.682310,77174.656250,1.000000,3.358150,-341.314850
15.218000,0.485780,1.149720,5.752440,283.095950,-342.681300,77162.000000,,3.231260,-341.315580
15.220000,0.529360,1.024110,4.942380,283.115020,-342.681490,77429.882810,,3.377380,-341.315830
15.222000,0.458860,0.611390,3.629880,283.135740,-342.682460,77542.734380,,3.486330,-341.315310
15.224000,0.315310,0.407590,2.830080,283.156310,-342.682830,77415.117190,1.000000,3.472230,-341.314270
15.226000,0.219180,0.342220,3.147950,283.176150,-342.682370,77620.781250,,3.368410,-341.313390
15.228000,0.175600,0.488340,3.999020,283.194950,-342.682620,77507.937500,,3.514530,-341.313080
15.230000,0.275570,0.719060,4.204100,283.212860,-342.682400,77169.382810,,3.362000,-341.313630
15.232000,0.385800,0.931820,3.906740,283.230440,-342.681640,77404.578130,1.000000,3.288940,-341.314580
15.232000,0.385800,0.931820,3.906740,283.230440,-342.681640,77404.578130,1.000000,3.288940,-341.314580
15.234000,0.443480,0.902340,3.199220,283.248930,-342.681850,77590.195310,,3.406860,-341.315310
15.236000,0.398620,0.649840,2.286620,283.268740,-342.682560,77383.476560,,3.454280,-341.315310
15.238000,0.289670,0.572940,1.917480,283.288330,-342.682680,77124.023440,,3.414550,-341.314760
15.240000,0.239690,0.539610,3.281250,283.307650,-342.682370,77445.703130,1.000000,3.373540,-341.314240
15.242000,0.266600,0.697270,5.116700,283.326200,-342.682680,77021.718750,,3.527340,-341.314240
15.244000,0.407590,0.930540,5.834470,283.344020,-342.682310,77382.421880,,3.336360,-341.314880
15.246000,0.498600,1.097170,5.742190,283.361940,-342.681300,77246.375000,,3.229980,-341.315580
15.248000,0.537050,0.902340,4.952640,283.381440,-342.681550,77572.265630,1.000000,3.367130,-341.315800
15.250000,0.462710,0.466550,3.527340,283.402500,-342.682560,77413.007810,,3.486330,-341.315250
15.250000,0.462710,0.466550,3.527340,283.402500,-342.682560,77413.007810,,3.486330,-341.315250
15.252000,0.316590,0.252500,2.727540,283.423190,-342.682860,77500.546880,,3.453000,-341.314180
15.254000,0.217900,0.194820,3.301760,283.443020,-342.682430,77459.414060,,3.364560,-341.313290
15.256000,0.176880,0.387080,3.834960,283.461610,-342.682650,76937.351560,1.000000,3.504270,-341.312990
15.258000,0.284550,0.646000,4.122070,283.479220,-342.682400,77193.632810,,3.347900,-341.313570
15.260000,0.394780,0.881840,3.906740,283.496550,-342.681670,77498.445310,,3.285100,-341.314540
15.262000,0.455020,0.865170,3.281250,283.514860,-342.681920,77356.054690,,3.396610,-341.315280
15.264000,0.403750,0.628050,2.255860,283.534480,-342.682620,77373.992190,1.000000,3.455570,-341.315280
15.264000,0.403750,0.628050,2.255860,283.534480,-342.682620,77373.992190,1.000000,3.455570,-341.315280
15.266000,0.293520,0.569090,1.958500,283.553920,-342.682710,77445.703130,,3.395320,-341.314670
15.268000,0.243530,0.552430,3.137700,283.573090,-342.682430,77403.523440,,3.378660,-341.314180
15.270000,0.274290,0.731870,4.870610,283.591520,-342.682710,77406.687500,,3.513240,-341.314180
15.272000,0.414000,0.967710,5.721680,283.609280,-342.682310,77555.398440,1.000000,3.318420,-341.314790
15.274000,0.501160,1.130490,5.865230,283.627260,-342.681340,77320.203130,,3.227420,-341.315490
15.276000,0.534480,0.917720,5.055180,283.646820,-342.681640,77149.335940,,3.367130,-341.315700
15.278000,0.463990,0.496030,3.609380,283.667850,-342.682620,77350.789060,,3.478640,-341.315120
15.280000,0.321720,0.301210,2.901860,283.688540,-342.682860,77418.289060,1.000000,3.431210,-341.314120
15.282000,0.225590,0.238400,3.609380,283.708370,-342.682460,77283.281250,,3.362000,-341.313260
15.284000,0.189700,0.417850,3.968260,283.727020,-342.682710,77292.781250,,3.491460,-341.312990
15.286000,0.298650,0.660100,4.439940,283.744750,-342.682400,77403.523440,,3.331240,-341.313570
15.288000,0.399900,0.854920,4.101560,283.762300,-342.681700,77537.468750,1.000000,3.278690,-341.314510
15.288000,0.399900,0.854920,4.101560,283.762300,-342.681700,77537.468750,1.000000,3.278690,-341.314510
15.290000,0.458860,0.790830,3.271000,283.780850,-342.682010,77579.656250,,3.394040,-341.315220
15.292000,0.403750,0.562680,2.276370,283.800540,-342.682710,77640.828130,,3.447880,-341.315190
15.294000,0.297360,0.505000,1.876460,283.820040,-342.682740,77490.000000,,3.378660,-341.314640
15.296000,0.247380,0.497310,3.209470,283.839110,-342.682460,77176.757810,1.000000,3.376100,-341.314150
15.296000,0.247380,0.497310,3.209470,283.839110,-342.682460,77176.757810,1.000000,3.376100,-341.314150
15.298000,0.284550,0.710080,4.921880,283.857330,-342.682740,77311.757810,,3.502990,-341.314150
15.300000,0.425540,0.979250,5.834470,283.874820,-342.682280,77267.460940,,3.296630,-341.314790
15.302000,0.506290,1.154850,6.029300,283.892580,-342.681340,77169.382810,,3.226140,-341.315460
15.304000,0.535770,0.929260,5.014160,283.912080,-342.681700,77454.140630,1.000000,3.372250,-341.315610
15.306000,0.455020,0.517820,3.660640,283.933010,-342.682740,77225.273440,,3.481200,-341.315000
15.308000,0.315310,0.333250,2.727540,283.953550,-342.682860,77476.296880,,3.418400,-341.313960
15.310000,0.225590,0.280700,3.342770,283.973300,-342.682500,77537.468750,,3.364560,-341.313170
15.312000,0.201230,0.480650,3.824710,283.991880,-342.682740,77504.765630,1.000000,3.481200,-341.312960
15.314000,0.312740,0.710080,4.245120,284.009640,-342.682370,77334.960940,,3.315860,-341.313600
15.316000,0.402470,0.903630,4.070800,284.027310,-342.681700,77638.718750,,3.278690,-341.314510
15.318000,0.455020,0.803650,3.291500,284.046080,-342.682040,77435.156250,,3.391480,-341.315190
15.320000,0.393490,0.570370,2.348140,284.065920,-342.682740,77559.609380,1.000000,3.449160,-341.315090
15.320000,0.393490,0.570370,2.348140,284.065920,-342.682740,77559.609380,1.000000,3.449160,-341.315090
15.322000,0.290950,0.503720,1.784180,284.085540,-342.682740,77488.945310,,3.367130,-341.314510
15.324000,0.248660,0.481930,3.342770,284.104830,-342.682500,77117.695310,,3.385070,-341.314090
15.326000,0.293520,0.689580,5.116700,284.123170,-342.682770,77331.804690,,3.491460,-341.314180
15.328000,0.431950,0.948490,5.947270,284.140810,-342.682220,77095.554690,1.000000,3.281250,-341.314850
15.330000,0.506290,1.104860,5.854980,284.158690,-342.681340,77330.750000,,3.226140,-341.315460
15.332000,0.535770,0.848510,4.962890,284.178380,-342.681760,77628.171880,,3.372250,-341.315610
15.334000,0.449890,0.449890,3.445310,284.199370,-342.682770,77274.851560,,3.485050,-341.314940
15.334000,0.449890,0.449890,3.445310,284.199370,-342.682770,77274.851560,,3.485050,-341.314940
15.336000,0.310180,0.287110,2.768550,284.219850,-342.682860,77519.531250,1.000000,3.408140,-341.313930
15.338000,0.223020,0.256350,3.476070,284.239410,-342.682500,77362.390630,,3.370970,-341.313110
15.338000,0.223020,0.256350,3.476070,284.239410,-342.682500,77362.390630,,3.370970,-341.313110
15.340000,0.206360,0.494750,3.988770,284.257720,-342.682740,77273.796880,,3.476070,-341.312960
15.342000,0.321720,0.756230,4.306640,284.275150,-342.682310,77162.000000,,3.306880,-341.313630
15.344000,0.407590,0.977970,4.132320,284.292510,-342.681700,77452.039060,1.000000,3.283810,-341.314540
15.346000,0.460140,0.894650,3.322270,284.311070,-342.682070,77049.140630,,3.391480,-341.315190
15.348000,0.390930,0.687010,2.358400,284.330690,-342.682800,77256.921880,,3.453000,-341.315060
15.350000,0.289670,0.643430,1.948240,284.350040,-342.682710,77484.726560,,3.360720,-341.314510
15.352000,0.247380,0.644710,3.537600,284.369110,-342.682530,77106.093750,1.000000,3.392760,-341.314090
15.354000,0.299930,0.847230,4.901370,284.387390,-342.682800,77329.687500,,3.483760,-341.314180
15.356000,0.435790,1.085630,5.906250,284.405120,-342.682190,77475.234380,,3.271000,-341.314880
15.358000,0.506290,1.200990,5.772950,284.423280,-342.681340,77473.125000,,3.229980,-341.315460
15.360000,0.528080,0.888240,4.962890,284.443300,-342.681790,77210.507810,1.000000,3.379940,-341.315550
15.360000,0.528080,0.888240,4.962890,284.443300,-342.681790,77210.507810,1.000000,3.379940,-341.315550
15.362000,0.437070,0.456300,3.424800,284.464600,-342.682830,77363.445310,,3.486330,-341.314880
15.364000,0.307620,0.249940,2.953130,284.485410,-342.682830,77614.460940,,3.397890,-341.313900
15.366000,0.223020,0.188420,3.558110,284.505310,-342.682500,77128.250000,,3.381230,-341.313110
15.368000,0.211490,0.403750,3.999020,284.523860,-342.682740,77152.500000,1.000000,3.468380,-341.312990
15.368000,0.211490,0.403750,3.999020,284.523860,-342.682740,77152.500000,1.000000,3.468380,-341.312990
15.370000,0.325560,0.638310,4.234860,284.541560,-342.682280,77490.000000,,3.301760,-341.313690
15.372000,0.415280,0.826720,4.163090,284.559230,-342.681730,77243.210940,,3.291500,-341.314640
15.374000,0.460140,0.688290,3.229980,284.578090,-342.682100,77498.445310,,3.395320,-341.315250
15.376000,0.384520,0.475520,2.173830,284.597900,-342.682800,77633.437500,1.000000,3.456850,-341.315060
15.378000,0.288390,0.426820,1.907230,284.617340,-342.682680,77366.609380,,3.359440,-341.314510
15.380000,0.247380,0.455020,3.312010,284.636260,-342.682530,77336.023440,,3.401730,-341.314090
15.382000,0.303770,0.708800,4.788570,284.654270,-342.682770,77443.593750,,3.474790,-341.314210
15.384000,0.439640,0.988220,5.824220,284.671660,-342.682100,77183.085940,1.000000,3.263310,-341.314910
15.386000,0.515260,1.130490,5.783200,284.689480,-342.681300,77204.187500,,3.236390,-341.315520
15.388000,0.530640,0.861330,4.993650,284.709170,-342.681820,76902.539060,,3.385070,-341.315580
15.390000,0.433230,0.494750,3.537600,284.730010,-342.682860,77424.617190,,3.495300,-341.314880
15.392000,0.306340,0.337100,3.065920,284.750370,-342.682770,77048.085940,1.000000,3.395320,-341.313870
15.392000,0.306340,0.337100,3.065920,284.750370,-342.682770,77048.085940,1.000000,3.395320,-341.313870
15.394000,0.215330,0.326840,3.568360,284.769840,-342.682500,77334.960940,,3.394040,-341.313110
15.396000,0.208920,0.583190,4.081050,284.788020,-342.682740,77699.890630,,3.468380,-341.312990
15.398000,0.325560,0.829280,4.296390,284.805510,-342.682190,77454.140630,,3.297910,-341.313690
15.400000,0.419130,1.026670,3.927250,284.823030,-342.681700,77446.757810,1.000000,3.301760,-341.314640
15.402000,0.458860,0.881840,3.076170,284.841890,-342.682100,77692.500000,,3.403020,-341.315250
15.404000,0.376830,0.658810,2.286620,284.861760,-342.682800,77498.445310,,3.456850,-341.315060
15.406000,0.283260,0.578060,1.886720,284.881380,-342.682620,77359.226560,,3.359440,-341.314480
15.408000,0.244810,0.578060,3.537600,284.900540,-342.682500,77387.695310,1.000000,3.410710,-341.314090
15.408000,0.244810,0.578060,3.537600,284.900540,-342.682500,77387.695310,1.000000,3.410710,-341.314090
15.410000,0.310180,0.797240,4.911620,284.918820,-342.682770,77172.539060,,3.474790,-341.314240
15.412000,0.443480,1.033080,5.916500,284.936550,-342.682010,76982.703130,,3.258180,-341.314970
15.414000,0.515260,1.108700,5.772950,284.954860,-342.681300,77228.445310,,3.250490,-341.315550
15.416000,0.524230,0.754940,4.932130,284.975070,-342.681850,77511.093750,1.000000,3.392760,-341.315580
15.418000,0.421690,0.351200,3.465820,284.996340,-342.682860,77638.718750,,3.509400,-341.314850
15.420000,0.298650,0.166630,2.881350,285.016970,-342.682740,77439.382810,,3.390200,-341.313840
15.422000,0.211490,0.167910,3.353030,285.036560,-342.682500,77263.250000,,3.410710,-341.313110
15.424000,0.216610,0.428100,3.916990,285.054720,-342.682710,77362.390630,1.000000,3.465820,-341.313080
15.426000,0.331970,0.684450,4.132320,285.072140,-342.682130,77355.000000,,3.294070,-341.313810
15.428000,0.420410,0.876710,3.937500,285.089630,-342.681670,77430.937500,,3.315860,-341.314730
15.430000,0.455020,0.729310,3.024900,285.108490,-342.682100,77365.546880,,3.406860,-341.315310
15.432000,0.369140,0.537050,2.460940,285.128140,-342.682800,77230.546880,1.000000,3.464540,-341.315060
15.432000,0.369140,0.537050,2.460940,285.128140,-342.682800,77230.546880,1.000000,3.464540,-341.315060
15.434000,0.279420,0.489620,2.153320,285.147520,-342.682590,77290.671880,,3.360720,-341.314480
15.436000,0.242250,0.538330,3.691410,285.166410,-342.682500,77322.304690,,3.423520,-341.314090
15.438000,0.317870,0.801090,5.055180,285.184390,-342.682740,77158.835940,,3.472230,-341.314300
15.440000,0.446040,1.071530,5.813960,285.201810,-342.681920,77400.351560,1.000000,3.251770,-341.315030
15.442000,0.507570,1.166380,5.557620,285.219940,-342.681300,77404.578130,,3.267150,-341.315580
15.444000,0.516540,0.816470,4.839840,285.240020,-342.681880,77501.601560,,3.395320,-341.315580
15.446000,0.411440,0.430660,3.291500,285.261140,-342.682890,77585.984380,,3.510680,-341.314820
15.448000,0.288390,0.256350,2.891600,285.281680,-342.682680,77288.562500,1.000000,3.382510,-341.313840
15.450000,0.207640,0.261470,3.455570,285.301240,-342.682500,77350.789060,,3.415830,-341.313110
15.452000,0.221740,0.515260,4.019530,285.319460,-342.682710,77191.523440,,3.467100,-341.313140
15.454000,0.334530,0.747250,4.152830,285.337040,-342.682070,77362.390630,,3.285100,-341.313930
15.456000,0.416560,0.913880,3.978520,285.354680,-342.681700,77059.687500,1.000000,3.329960,-341.314820
15.456000,0.416560,0.913880,3.978520,285.354680,-342.681700,77059.687500,1.000000,3.329960,-341.314820
15.458000,0.444760,0.729310,3.096680,285.373780,-342.682130,77322.304690,,3.405580,-341.315340
15.460000,0.357600,0.533200,2.450680,285.393590,-342.682830,77442.539060,,3.470950,-341.315060
15.462000,0.271730,0.448610,2.276370,285.413120,-342.682590,77587.039060,,3.359440,-341.314510
15.464000,0.238400,0.494750,3.804200,285.432130,-342.682530,77370.820310,1.000000,3.433780,-341.314120
15.466000,0.323000,0.744690,4.870610,285.450130,-342.682740,77214.734380,,3.468380,-341.314390
15.468000,0.449890,1.008730,5.793460,285.467560,-342.681850,77501.601560,,3.242800,-341.315120
15.470000,0.507570,1.080510,5.321780,285.485780,-342.681300,77172.539060,,3.281250,-341.315640
15.472000,0.513980,0.716490,4.593750,285.505980,-342.681920,77348.679690,1.000000,3.394040,-341.315610
15.472000,0.513980,0.716490,4.593750,285.505980,-342.681920,77348.679690,1.000000,3.394040,-341.315610
15.474000,0.402470,0.343510,3.517090,285.527070,-342.682920,77395.078130,,3.519650,-341.314820
15.476000,0.280700,0.184570,3.065920,285.547490,-342.682650,77014.335940,,3.372250,-341.313810
15.478000,0.196110,0.235840,3.670900,285.566800,-342.682530,77358.164060,,3.427370,-341.313110
15.480000,0.217900,0.517820,3.886230,285.584840,-342.682680,77355.000000,1.000000,3.461980,-341.313170
15.482000,0.329410,0.774170,4.193850,285.602170,-342.682040,77302.273440,,3.277400,-341.313960
15.484000,0.412720,0.951050,3.701660,285.619750,-342.681700,77653.484380,,3.345340,-341.314880
15.486000,0.438350,0.761350,2.994140,285.638850,-342.682160,77757.898440,,3.403020,-341.315400
15.488000,0.347350,0.570370,2.358400,285.658660,-342.682830,77666.132810,1.000000,3.469670,-341.315090
15.490000,0.264040,0.499880,2.337890,285.678160,-342.682530,77496.328130,,3.354310,-341.314510
15.492000,0.231990,0.558840,3.834960,285.697140,-342.682560,77324.414060,,3.440190,-341.314180
15.494000,0.324280,0.815190,5.106450,285.715180,-342.682710,77248.476560,,3.461980,-341.314450
15.496000,0.444760,1.072810,5.772950,285.732760,-342.681790,77189.421880,1.000000,3.235110,-341.315190
15.496000,0.444760,1.072810,5.772950,285.732760,-342.681790,77189.421880,1.000000,3.235110,-341.315190
15.498000,0.505000,1.122800,5.537110,285.751160,-342.681340,77025.937500,,3.295350,-341.315700
15.500000,0.508850,0.737000,4.645020,285.771580,-342.681980,77494.226560,,3.396610,-341.315610
15.500000,0.508850,0.737000,4.645020,285.771580,-342.681980,77494.226560,,3.396610,-341.315610
15.502000,0.393490,0.365300,3.773440,285.792790,-342.682950,77092.382810,,3.522220,-341.314850
15.504000,0.274290,0.193540,3.106930,285.813260,-342.682620,77452.039060,1.000000,3.362000,-341.313870
15.506000,0.190980,0.255070,3.814450,285.832610,-342.682560,77434.109380,,3.436340,-341.313170
15.508000,0.215330,0.531920,4.060550,285.850590,-342.682650,77535.359380,,3.458130,-341.313260
15.510000,0.330690,0.792110,4.204100,285.867890,-342.682010,77510.046880,,3.271000,-341.314090
15.512000,0.417850,0.951050,3.455570,285.885470,-342.681700,77664.023440,1.000000,3.356870,-341.315000
15.514000,0.439640,0.745970,2.973630,285.904570,-342.682190,77344.460940,,3.399170,-341.315460
15.516000,0.340940,0.571660,2.317380,285.924320,-342.682830,77381.375000,,3.470950,-341.315160
15.518000,0.260190,0.497310,2.471190,285.943760,-342.682500,77460.468750,,3.349180,-341.314540
15.520000,0.230710,0.580630,4.132320,285.962590,-342.682590,77270.625000,1.000000,3.450440,-341.314240
15.522000,0.326840,0.845950,5.332030,285.980470,-342.682680,77227.390630,,3.455570,-341.314510
15.524000,0.448610,1.101010,5.854980,285.997960,-342.681760,77190.468750,,3.229980,-341.315250
15.526000,0.505000,1.127930,5.496090,286.016390,-342.681340,77424.617190,,3.312010,-341.315730
15.528000,0.499880,0.724180,4.480960,286.036870,-342.682040,77595.476560,1.000000,3.397890,-341.315610
15.528000,0.499880,0.724180,4.480960,286.036870,-342.682040,77595.476560,1.000000,3.397890,-341.315610
15.530000,0.381960,0.342220,3.383790,286.058140,-342.682950,77524.812500,,3.528630,-341.314790
15.532000,0.267880,0.167910,3.158200,286.078610,-342.682590,77811.679690,,3.358150,-341.313840
15.534000,0.189700,0.217900,3.804200,286.098020,-342.682560,77377.148440,,3.446590,-341.313200
15.536000,0.223020,0.480650,4.111820,286.116150,-342.682590,77279.062500,1.000000,3.447880,-341.313320
15.538000,0.335820,0.711360,3.978520,286.133640,-342.681950,77481.562500,,3.269710,-341.314150
15.540000,0.419130,0.834410,3.640140,286.151490,-342.681700,77410.898440,,3.368410,-341.315060
15.542000,0.430660,0.598570,2.871090,286.170870,-342.682190,76985.859380,,3.399170,-341.315460
15.544000,0.330690,0.419130,2.389160,286.190770,-342.682830,77487.890630,1.000000,3.469670,-341.315090
15.546000,0.252500,0.351200,2.748050,286.210240,-342.682460,77377.148440,,3.349180,-341.314540
15.548000,0.230710,0.457580,4.163090,286.229000,-342.682590,77168.320310,,3.460690,-341.314240
15.550000,0.334530,0.749820,5.239750,286.246730,-342.682650,77427.781250,,3.446590,-341.314580
15.552000,0.453740,1.018980,5.978030,286.264040,-342.681640,77341.289060,1.000000,3.221010,-341.315340
15.554000,0.510130,1.049740,5.516600,286.282380,-342.681300,77358.164060,,3.320980,-341.315770
15.556000,0.497310,0.651120,4.542480,286.302760,-342.682040,77233.710940,,3.406860,-341.315610
15.558000,0.376830,0.305050,3.332520,286.323790,-342.682950,77403.523440,,3.531190,-341.314790
15.560000,0.261470,0.167910,3.312010,286.344020,-342.682590,77530.078130,1.000000,3.356870,-341.313810
15.560000,0.261470,0.167910,3.312010,286.344020,-342.682590,77530.078130,1.000000,3.356870,-341.313810
15.562000,0.183290,0.271730,3.978520,286.363130,-342.682590,77158.835940,,3.455570,-341.313200
15.564000,0.226870,0.547300,4.173340,286.381010,-342.682590,77386.640630,,3.442750,-341.313350
15.566000,0.335820,0.817750,4.081050,286.398220,-342.681880,77090.273440,,3.274840,-341.314180
15.568000,0.415280,0.961300,3.394040,286.415860,-342.681700,77177.812500,1.000000,3.377380,-341.315060
15.570000,0.425540,0.743410,2.809570,286.435090,-342.682250,77465.742190,,3.404300,-341.315460
15.572000,0.326840,0.566530,2.378910,286.454860,-342.682800,77638.718750,,3.470950,-341.315090
15.574000,0.247380,0.493470,2.768550,286.474270,-342.682460,77294.882810,,3.345340,-341.314510
15.576000,0.229430,0.597290,4.460450,286.493070,-342.682590,77707.265630,1.000000,3.476070,-341.314240
15.576000,0.229430,0.597290,4.460450,286.493070,-342.682590,77707.265630,1.000000,3.476070,-341.314240
15.578000,0.337100,0.866460,5.393550,286.510930,-342.682590,77217.898440,,3.432500,-341.314640
15.580000,0.451170,1.106140,5.813960,286.528470,-342.681610,77306.484380,,3.219730,-341.315340
15.582000,0.503720,1.083070,5.291020,286.547150,-342.681340,77386.640630,,3.333800,-341.315770
15.584000,0.488340,0.630620,4.429690,286.567960,-342.682100,77312.812500,1.000000,3.408140,-341.315610
15.586000,0.374270,0.261470,3.588870,286.589260,-342.682920,77299.101560,,3.527340,-341.314760
15.588000,0.260190,0.103820,3.404300,286.609800,-342.682530,77339.187500,,3.350460,-341.313810
15.590000,0.183290,0.194820,3.958010,286.629120,-342.682590,77359.226560,,3.467100,-341.313200
15.592000,0.229430,0.478090,4.132320,286.647030,-342.682560,77465.742190,1.000000,3.429930,-341.313390
15.594000,0.342220,0.734440,4.019530,286.664370,-342.681850,77423.554690,,3.276120,-341.314240
15.596000,0.422970,0.851070,3.332520,286.682190,-342.681700,77483.671880,,3.385070,-341.315090
15.598000,0.426820,0.611390,2.666020,286.701540,-342.682280,77490.000000,,3.404300,-341.315460
15.600000,0.326840,0.455020,2.132810,286.721250,-342.682770,77502.656250,1.000000,3.472230,-341.315060
15.600000,0.326840,0.455020,2.132810,286.721250,-342.682770,77502.656250,1.000000,3.472230,-341.315060
15.602000,0.248660,0.398620,2.768550,286.740660,-342.682430,77138.789060,,3.342770,-341.314510
15.604000,0.234560,0.533200,4.593750,286.759280,-342.682620,77323.359380,,3.487610,-341.314240
15.606000,0.347350,0.845950,5.639650,286.776860,-342.682560,76923.640630,,3.418400,-341.314640
15.608000,0.458860,1.126650,5.803710,286.794130,-342.681520,77138.789060,1.000000,3.221010,-341.315370
15.610000,0.513980,1.122800,5.403810,286.812590,-342.681340,77383.476560,,3.340210,-341.315770
15.612000,0.485780,0.703670,4.378420,286.833220,-342.682160,77322.304690,,3.422240,-341.315520
15.614000,0.369140,0.365300,3.353030,286.854280,-342.682920,77556.453130,,3.527340,-341.314640
15.616000,0.256350,0.224300,3.517090,286.874540,-342.682530,77544.843750,1.000000,3.356870,-341.313720
15.618000,0.187130,0.334530,4.050290,286.893650,-342.682590,77550.125000,,3.478640,-341.313140
15.620000,0.239690,0.628050,4.152830,286.911440,-342.682500,77381.375000,,3.419680,-341.313390
15.622000,0.348630,0.872860,3.958010,286.928770,-342.681790,77304.382810,,3.286380,-341.314240
15.624000,0.431950,0.948490,3.383790,286.946780,-342.681700,77413.007810,1.000000,3.390200,-341.315120
15.624000,0.431950,0.948490,3.383790,286.946780,-342.681700,77413.007810,1.000000,3.390200,-341.315120
15.626000,0.429380,0.670350,2.635250,286.966370,-342.682310,77386.640630,,3.410710,-341.315430
15.628000,0.326840,0.494750,2.194340,286.986300,-342.682740,77273.796880,,3.464540,-341.315000
15.630000,0.251220,0.417850,2.860840,287.005890,-342.682400,77199.968750,,3.345340,-341.314420
15.632000,0.242250,0.539610,4.819340,287.024660,-342.682620,77031.218750,1.000000,3.497860,-341.314210
15.634000,0.353760,0.828000,5.547360,287.042390,-342.682500,77180.976560,,3.406860,-341.314640
15.636000,0.461430,1.070250,5.742190,287.059880,-342.681490,77390.867190,,3.224850,-341.315340
15.638000,0.521670,1.011290,5.250000,287.078610,-342.681370,77166.210940,,3.345340,-341.315730
15.640000,0.492190,0.552430,4.091310,287.099490,-342.682190,77302.273440,1.000000,3.431210,-341.315490
15.640000,0.492190,0.552430,4.091310,287.099490,-342.682190,77302.273440,1.000000,3.431210,-341.315490
15.642000,0.371700,0.216610,3.004390,287.120570,-342.682890,77587.039060,,3.518370,-341.314640
15.644000,0.260190,0.083310,3.465820,287.140930,-342.682500,77215.789060,,3.358150,-341.313690
15.646000,0.188420,0.210210,4.111820,287.159940,-342.682590,77377.148440,,3.490170,-341.313110
15.648000,0.246090,0.524230,4.296390,287.177610,-342.682460,77326.523440,1.000000,3.403020,-341.313350
15.650000,0.353760,0.798520,4.070800,287.194760,-342.681760,77357.109380,,3.286380,-341.314240
15.652000,0.435790,0.884400,3.527340,287.212620,-342.681730,77099.773440,,3.391480,-341.315060
15.654000,0.428100,0.630620,2.553220,287.232090,-342.682340,77417.226560,,3.414550,-341.315340
15.656000,0.324280,0.481930,2.337890,287.251800,-342.682740,77320.203130,1.000000,3.458130,-341.314910
15.658000,0.255070,0.429380,3.106930,287.271150,-342.682430,77445.703130,,3.346620,-341.314360
15.660000,0.255070,0.597290,4.665530,287.289640,-342.682650,77359.226560,,3.505550,-341.314180
15.662000,0.369140,0.919010,5.424320,287.307130,-342.682460,77415.117190,,3.387630,-341.314640
15.664000,0.470400,1.181760,5.690920,287.324520,-342.681430,77315.984380,1.000000,3.218440,-341.315340
15.664000,0.470400,1.181760,5.690920,287.324520,-342.681430,77315.984380,1.000000,3.218440,-341.315340
15.666000,0.519100,1.099730,5.178220,287.343380,-342.681400,77250.593750,,3.344060,-341.315670
15.668000,0.481930,0.613950,4.091310,287.364350,-342.682280,77392.976560,,3.432500,-341.315340
15.670000,0.360170,0.285830,3.250490,287.385530,-342.682920,77256.921880,,3.504270,-341.314480
15.672000,0.262760,0.151250,3.578610,287.405910,-342.682500,77111.375000,1.000000,3.354310,-341.313600
15.672000,0.262760,0.151250,3.578610,287.405910,-342.682500,77111.375000,1.000000,3.354310,-341.313600
15.674000,0.199950,0.297360,4.224610,287.424900,-342.682590,77472.070310,,3.495300,-341.313110
15.676000,0.261470,0.594730,4.255370,287.442600,-342.682460,77418.289060,,3.385070,-341.313390
15.678000,0.365300,0.856200,4.122070,287.459840,-342.681760,77455.203130,,3.286380,-341.314270
15.680000,0.440920,0.912600,3.312010,287.477840,-342.681790,77413.007810,1.000000,3.386350,-341.315060
15.682000,0.425540,0.634460,2.450680,287.497440,-342.682400,77350.789060,,3.415830,-341.315310
15.684000,0.323000,0.488340,2.040530,287.517180,-342.682740,77570.156250,,3.441470,-341.314850
15.686000,0.260190,0.420410,2.932620,287.536620,-342.682430,77695.664060,,3.347900,-341.314300
15.688000,0.260190,0.571660,4.757810,287.555180,-342.682680,77304.382810,1.000000,3.506840,-341.314150
15.690000,0.379390,0.884400,5.721680,287.572690,-342.682430,77148.281250,,3.365840,-341.314640
15.692000,0.476810,1.129210,5.834470,287.590180,-342.681430,77156.726560,,3.214600,-341.315310
15.694000,0.525510,1.027950,5.311520,287.609130,-342.681490,77338.125000,,3.347900,-341.315640
15.696000,0.484500,0.552430,3.896480,287.630100,-342.682370,77435.156250,1.000000,3.433780,-341.315310
15.696000,0.484500,0.552430,3.896480,287.630100,-342.682370,77435.156250,1.000000,3.433780,-341.315310
15.698000,0.362730,0.240970,3.065920,287.651210,-342.682950,77274.851560,,3.487610,-341.314420
15.700000,0.261470,0.111510,3.455570,287.671480,-342.682530,77446.757810,,3.351750,-341.313540
15.702000,0.194820,0.278140,4.214360,287.690340,-342.682650,77463.640630,,3.492740,-341.313020
15.704000,0.267880,0.587040,4.296390,287.707950,-342.682460,77400.351560,1.000000,3.365840,-341.313390
15.706000,0.372990,0.849790,4.060550,287.725190,-342.681730,77440.437500,,3.279970,-341.314240
15.708000,0.447330,0.875430,3.332520,287.743350,-342.681850,77575.429690,,3.376100,-341.315060
15.710000,0.426820,0.576780,2.378910,287.763060,-342.682460,77371.875000,,3.414550,-341.315250
15.712000,0.321720,0.428100,1.927730,287.782990,-342.682770,77464.695310,1.000000,3.423520,-341.314790
15.714000,0.261470,0.360170,3.188960,287.802490,-342.682460,77394.031250,,3.346620,-341.314240
15.716000,0.267880,0.535770,4.870610,287.821040,-342.682740,76632.539060,,3.505550,-341.314090
15.718000,0.390930,0.858760,5.803710,287.838530,-342.682430,77327.578130,,3.344060,-341.314640
15.720000,0.485780,1.115110,5.854980,287.855960,-342.681430,77168.320310,1.000000,3.214600,-341.315310
15.720000,0.485780,1.115110,5.854980,287.855960,-342.681430,77168.320310,1.000000,3.214600,-341.315310
15.722000,0.530640,0.990780,5.414060,287.874940,-342.681610,77395.078130,,3.344060,-341.315610
15.724000,0.488340,0.517820,4.009280,287.895900,-342.682460,77447.820310,,3.436340,-341.315250
15.726000,0.364010,0.233280,2.953130,287.916870,-342.682980,77252.695310,,3.464540,-341.314330
15.728000,0.266600,0.098690,3.465820,287.937100,-342.682560,77660.859380,1.000000,3.347900,-341.313450
15.730000,0.202510,0.285830,4.081050,287.955810,-342.682680,77365.546880,,3.483760,-341.312990
15.732000,0.280700,0.606260,4.275880,287.973300,-342.682460,77268.515630,,3.349180,-341.313390
15.734000,0.381960,0.880550,4.275880,287.990390,-342.681730,77474.179690,,3.274840,-341.314240
15.736000,0.455020,0.898500,3.332520,288.008480,-342.681920,77122.968750,1.000000,3.370970,-341.315030
15.736000,0.455020,0.898500,3.332520,288.008480,-342.681920,77122.968750,1.000000,3.370970,-341.315030
15.738000,0.429380,0.617800,2.471190,288.028110,-342.682560,77416.171880,,3.413270,-341.315190
15.740000,0.325560,0.494750,2.040530,288.047760,-342.682800,77525.867190,,3.408140,-341.314700
15.742000,0.264040,0.443480,3.342770,288.067140,-342.682500,77251.640630,,3.346620,-341.314180
15.744000,0.275570,0.647280,4.839840,288.085480,-342.682740,77356.054690,1.000000,3.496580,-341.314090
15.746000,0.402470,0.976680,5.772950,288.102810,-342.682370,77363.445310,,3.323550,-341.314610
15.748000,0.492190,1.227910,5.783200,288.120240,-342.681400,77382.421880,,3.205630,-341.315250
15.750000,0.533200,1.074100,5.239750,288.139370,-342.681640,77401.406250,,3.341490,-341.315520
15.750000,0.533200,1.074100,5.239750,288.139370,-342.681640,77401.406250,,3.341490,-341.315520
15.752000,0.488340,0.565250,3.896480,288.160520,-342.682560,77503.710940,1.000000,3.429930,-341.315120
15.754000,0.364010,0.253780,3.076170,288.181760,-342.683010,77325.468750,,3.447880,-341.314240
15.756000,0.265320,0.106380,3.476070,288.202180,-342.682590,77196.796880,,3.340210,-341.313350
15.758000,0.208920,0.305050,4.111820,288.221040,-342.682740,77179.921880,,3.470950,-341.312930
15.760000,0.292240,0.611390,4.255370,288.238650,-342.682460,77390.867190,1.000000,3.332520,-341.313350
15.762000,0.388370,0.867740,4.460450,288.255980,-342.681760,77119.804690,,3.272280,-341.314240
15.764000,0.457580,0.836980,3.322270,288.274380,-342.682010,77383.476560,,3.367130,-341.315000
15.766000,0.430660,0.538330,2.553220,288.294190,-342.682620,77455.203130,,3.408140,-341.315160
15.768000,0.325560,0.417850,2.091800,288.314000,-342.682830,77592.304690,1.000000,3.386350,-341.314640
15.768000,0.325560,0.417850,2.091800,288.314000,-342.682830,77592.304690,1.000000,3.386350,-341.314640
15.770000,0.265320,0.369140,3.506840,288.333400,-342.682560,77445.703130,,3.347900,-341.314120
15.772000,0.285830,0.590880,4.788570,288.351680,-342.682800,77665.078130,,3.483760,-341.314060
15.774000,0.412720,0.931820,5.834470,288.368990,-342.682340,77294.882810,,3.299190,-341.314610
15.776000,0.498600,1.175350,5.772950,288.386380,-342.681400,77220.007810,1.000000,3.203060,-341.315250
15.778000,0.539610,1.004880,5.383300,288.405550,-342.681730,77365.546880,,3.344060,-341.315460
15.780000,0.487060,0.543460,4.132320,288.426610,-342.682650,77358.164060,,3.429930,-341.315060
15.782000,0.362730,0.252500,3.312010,288.447630,-342.683010,77278.015630,,3.431210,-341.314120
15.784000,0.266600,0.130740,3.660640,288.467770,-342.682620,77428.828130,1.000000,3.341490,-341.313260
15.786000,0.214050,0.353760,4.234860,288.486360,-342.682740,77174.656250,,3.460690,-341.312870
15.788000,0.305050,0.674190,4.286130,288.503720,-342.682460,77653.484380,,3.318420,-341.313320
15.790000,0.396060,0.949770,4.265630,288.520840,-342.681760,77457.304690,,3.265870,-341.314240
15.792000,0.466550,0.910030,3.281250,288.539180,-342.682040,77658.750000,1.000000,3.360720,-341.314970
15.794000,0.429380,0.604980,2.450680,288.558960,-342.682710,77541.679690,,3.408140,-341.315060
15.796000,0.324280,0.465270,1.866210,288.578800,-342.682830,77304.382810,,3.368410,-341.314580
15.798000,0.266600,0.407590,3.435060,288.598210,-342.682590,77129.304690,,3.346620,-341.314090
15.800000,0.293520,0.638310,5.024410,288.616520,-342.682860,77293.835940,1.000000,3.473510,-341.314060
15.800000,0.293520,0.638310,5.024410,288.616520,-342.682860,77293.835940,1.000000,3.473510,-341.314060
15.802000,0.417850,0.965150,6.121580,288.633850,-342.682340,76804.460940,,3.283810,-341.314610
15.804000,0.498600,1.172790,6.019040,288.651490,-342.681460,77302.273440,,3.203060,-341.315220
15.806000,0.539610,0.947200,5.578130,288.670930,-342.681790,77166.210940,,3.350460,-341.315460
15.808000,0.480650,0.456300,4.009280,288.692200,-342.682740,77495.281250,1.000000,3.431210,-341.314970
15.810000,0.361450,0.169190,2.922360,288.713350,-342.683010,77548.007810,,3.419680,-341.314090
15.812000,0.267880,0.035890,3.414550,288.733610,-342.682620,77552.234380,,3.346620,-341.313230
15.814000,0.219180,0.255070,3.947750,288.752290,-342.682770,77333.914060,,3.451720,-341.312870
15.816000,0.311460,0.562680,4.296390,288.769740,-342.682400,77386.640630,1.000000,3.305600,-341.313350
15.818000,0.402470,0.830570,4.245120,288.786990,-342.681790,77367.656250,,3.267150,-341.314240
15.820000,0.469120,0.770320,3.445310,288.805390,-342.682100,77347.625000,,3.362000,-341.315000
15.822000,0.426820,0.484500,2.522460,288.825230,-342.682740,77507.937500,,3.409420,-341.315060
15.824000,0.321720,0.364010,2.163570,288.844970,-342.682830,77443.593750,1.000000,3.363280,-341.314510
15.824000,0.321720,0.364010,2.163570,288.844970,-342.682830,77443.593750,1.000000,3.363280,-341.314510
15.826000,0.265320,0.329410,3.650390,288.864260,-342.682590,76981.648440,,3.351750,-341.314060
15.828000,0.298650,0.594730,5.003910,288.882320,-342.682860,77247.429690,,3.465820,-341.314060
15.830000,0.424260,0.965150,5.926760,288.899410,-342.682280,77264.296880,,3.271000,-341.314640
15.832000,0.506290,1.200990,5.988280,288.916810,-342.681430,77511.093750,1.000000,3.203060,-341.315250
15.832000,0.506290,1.200990,5.988280,288.916810,-342.681430,77511.093750,1.000000,3.203060,-341.315250
15.834000,0.540890,0.985660,5.311520,288.936130,-342.681820,77295.937500,,3.353030,-341.315460
15.836000,0.474240,0.508850,3.947750,288.957280,-342.682770,77500.546880,,3.438900,-341.314940
15.838000,0.355040,0.228150,3.065920,288.978240,-342.683010,77499.492190,,3.406860,-341.314030
15.840000,0.264040,0.106380,3.547850,288.998260,-342.682620,77234.773440,1.000000,3.353030,-341.313200
15.840000,0.264040,0.106380,3.547850,288.998260,-342.682620,77234.773440,1.000000,3.353030,-341.313200
15.842000,0.220460,0.314030,3.906740,289.016600,-342.682770,77336.023440,,3.442750,-341.312870
15.844000,0.316590,0.557560,4.255370,289.033540,-342.682370,77194.687500,,3.301760,-341.313390
15.846000,0.408870,0.728030,4.409180,289.049900,-342.681820,77096.609380,,3.274840,-341.314300
15.848000,0.467830,0.542180,3.558110,289.066990,-342.682160,77348.679690,1.000000,3.364560,-341.315030
15.850000,0.417850,0.161500,2.563480,289.084560,-342.682800,77583.875000,,3.415830,-341.315060
15.852000,0.317870,-0.076900,2.276370,289.101170,-342.682830,77254.804690,,3.360720,-341.314510
15.854000,0.264040,-0.243530,3.486330,289.116090,-342.682620,77434.109380,,3.365840,-341.314030
15.856000,0.303770,-0.099980,4.788570,289.128390,-342.682860,77589.140630,1.000000,3.461980,-341.314060
15.858000,0.419130,0.142270,5.588380,289.138150,-342.682190,77280.117190,,3.267150,-341.314640
15.860000,0.493470,0.265320,5.598630,289.146510,-342.681460,77318.093750,,3.222290,-341.315190
15.862000,0.506290,0.003850,4.993650,289.155090,-342.681880,77124.023440,,3.364560,-341.315340
15.864000,0.440920,-0.483220,3.773440,289.163700,-342.682830,77473.125000,1.000000,3.450440,-341.314820
15.864000,0.440920,-0.483220,3.773440,289.163700,-342.682830,77473.125000,1.000000,3.450440,-341.314820
15.866000,0.340940,-0.743410,2.809570,289.170440,-342.682980,77325.468750,,3.413270,-341.314030
15.868000,0.270450,-0.749820,2.799320,289.174740,-342.682620,77216.843750,,3.369690,-341.313320
15.870000,0.229430,-0.429380,2.727540,289.176420,-342.682740,77296.992190,,3.440190,-341.313050
15.872000,0.269170,-0.129460,2.686520,289.176450,-342.682400,77199.968750,1.000000,3.342770,-341.313350
15.874000,0.294800,0.055110,2.645510,289.175960,-342.682130,77358.164060,,3.359440,-341.313870
15.876000,0.314030,0.002560,2.286620,289.176060,-342.682340,77602.851560,,3.388920,-341.314420
15.878000,0.290950,-0.062810,1.855960,289.176360,-342.682620,77683.015630,,3.370970,-341.314730
15.880000,0.256350,-0.015380,1.671390,289.176360,-342.682560,77424.617190,1.000000,3.328670,-341.314700
15.882000,0.223020,0.030760,2.081540,289.176240,-342.682530,77321.257810,,3.369690,-341.314580
15.884000,0.214050,0.171750,2.727540,289.175810,-342.682680,77550.125000,,3.417110,-341.314510
15.886000,0.231990,0.305050,3.117190,289.175260,-342.682370,77463.640630,,3.332520,-341.314580
15.888000,0.223020,0.349910,3.476070,289.175110,-342.682160,77410.898440,1.000000,3.353030,-341.314640
15.888000,0.223020,0.349910,3.476070,289.175110,-342.682160,77410.898440,1.000000,3.353030,-341.314640
15.890000,0.229430,0.246090,3.445310,289.175810,-342.682340,77423.554690,,3.385070,-341.314760
15.892000,0.223020,0.120480,2.850590,289.176910,-342.682620,77209.453130,,3.358150,-341.314790
15.894000,0.197390,0.078190,2.214840,289.177800,-342.682620,77285.390630,,3.349180,-341.314700
15.896000,0.179440,0.082030,1.979000,289.178250,-342.682530,77429.882810,1.000000,3.358150,-341.314610
15.898000,0.142270,0.239690,1.814940,289.178010,-342.682530,77283.281250,,3.382510,-341.314480
15.900000,0.114070,0.319150,1.620120,289.177700,-342.682430,77318.093750,,3.369690,-341.314450
15.902000,0.089720,0.361450,1.794430,289.177610,-342.682430,77436.218750,,3.397890,-341.314510
15.904000,0.085880,0.346070,1.825200,289.177800,-342.682500,77628.171880,0.000000,3.364560,-341.314730
