time,+/Nck/!SD/nckServoDataActCurr32 [u1; 1],+/Nck/!SD/nckServoDataActCurr32 [u1; 2],+/Nck/!SD/nckServoDataActCurr32 [u1; 4],+/Nck/!SD/nckServoDataActPos1stEnc32 [u1; 2],+/Nck/!SD/nckServoDataActPos1stEnc32 [u1; 3],+/Nck/!SD/nckServoDataActVelMot32 [u1; 4],+/Channel/!RP/rpa [u1; 15],+/Nck/!SD/nckServoDataActCurr32 [u1; 3],+/Nck/!SD/nckServoDataActPos1stEnc32 [u1; 1]
0.000000,0.226870,-0.481930,2.173830,139.195940,-333.881990,76037.695310,1.000000,3.201780,-367.312740
0.002000,0.224300,-0.481930,1.948240,139.195910,-333.882230,75665.398440,,3.200500,-367.312740
0.004000,0.225590,-0.476810,1.763670,139.195910,-333.882420,76116.804690,,3.197940,-367.312740
0.006000,0.224300,-0.476810,1.866210,139.195910,-333.882570,75949.101560,,3.197940,-367.312740
0.008000,0.224300,-0.476810,1.968750,139.195910,-333.882690,76270.789060,1.000000,3.192810,-367.312740
0.010000,0.225590,-0.474240,1.989260,139.195910,-333.882810,75956.492190,,3.191530,-367.312740
0.012000,0.224300,-0.471680,1.999510,139.195920,-333.882930,75821.492190,,3.191530,-367.312740
0.014000,0.224300,-0.469120,1.804690,139.195920,-333.883030,76160.046880,,3.190250,-367.312740
0.016000,0.224300,-0.467830,1.640630,139.195940,-333.883120,75848.906250,1.000000,3.192810,-367.312740
0.018000,0.225590,-0.437070,1.640630,139.195940,-333.883210,76183.242190,,3.194090,-367.312740
0.020000,0.225590,-0.073060,1.538090,139.196520,-333.883300,75812.000000,,3.196660,-367.312740
0.022000,0.226870,-0.035890,1.743160,139.197830,-333.883360,76121.023440,,3.196660,-367.312740
0.024000,0.228150,0.007690,1.896970,139.198940,-333.883450,75947.000000,1.000000,3.199220,-367.312740
0.026000,0.229430,0.162780,2.266110,139.199750,-333.883510,75772.976560,,3.201780,-367.312740
0.028000,0.230710,0.312740,1.896970,139.200840,-333.883610,76098.867190,,3.206910,-367.312740
0.030000,0.231990,0.419130,1.835450,139.202500,-333.883670,75929.070310,,3.217160,-367.312740
0.032000,0.231990,0.535770,1.589360,139.204800,-333.883790,75931.179690,1.000000,3.229980,-367.312740
0.034000,0.231990,0.685730,1.712400,139.207840,-333.883820,75592.625000,,3.229980,-367.312710
0.036000,0.231990,0.857480,2.225100,139.211840,-333.883790,76060.898440,,3.224850,-367.312710
0.038000,0.231990,1.026670,1.804690,139.217070,-333.883790,75781.414060,,3.224850,-367.312710
0.040000,0.231990,1.172790,2.040530,139.223830,-333.883820,75805.664060,1.000000,3.222290,-367.312740
0.040000,0.231990,1.172790,2.040530,139.223830,-333.883820,75805.664060,1.000000,3.222290,-367.312740
0.042000,0.230710,1.308650,1.773930,139.232320,-333.883820,75844.687500,,3.219730,-367.312710
0.044000,0.230710,1.420170,1.712400,139.242740,-333.883850,75627.421880,,3.218440,-367.312710
0.046000,0.228150,1.506040,1.650880,139.255250,-333.883880,75995.507810,,3.222290,-367.312710
0.048000,0.228150,1.563720,1.661130,139.269940,-333.883910,75403.835940,1.000000,3.223570,-367.312740
0.050000,0.228150,1.609860,1.979000,139.286870,-333.883910,76015.546880,,3.228700,-367.312740
0.052000,0.225590,1.654720,2.040530,139.305950,-333.883970,76053.515630,,3.236390,-367.312740
0.054000,0.224300,1.694460,2.091800,139.327150,-333.884000,75801.445310,,3.244080,-367.312740
0.056000,0.224300,1.705990,1.989260,139.350460,-333.884030,75843.640630,1.000000,3.249210,-367.312740
0.058000,0.221740,1.685490,2.050780,139.375730,-333.884060,75603.171880,,3.254330,-367.312770
0.060000,0.223020,1.644470,1.876460,139.402830,-333.884060,76075.671880,,3.259460,-367.312770
0.062000,0.220460,1.588070,1.927730,139.431530,-333.884060,75653.796880,,3.262020,-367.312770
0.064000,0.219180,1.508610,2.163570,139.461700,-333.884060,75896.375000,1.000000,3.265870,-367.312770
0.066000,0.217900,1.404790,1.989260,139.493160,-333.884060,75940.671880,,3.272280,-367.312770
0.068000,0.216610,1.293270,1.650880,139.525700,-333.884060,76203.289060,,3.272280,-367.312810
0.070000,0.216610,1.180480,1.671390,139.559100,-333.884060,75823.601560,,3.278690,-367.312810
0.072000,0.216610,1.075380,1.825200,139.593110,-333.884030,75898.484380,1.000000,3.282530,-367.312840
0.074000,0.215330,0.974120,1.896970,139.627580,-333.884030,76087.273440,,3.285100,-367.312840
0.076000,0.215330,0.875430,1.958500,139.662320,-333.884030,75795.125000,,3.290220,-367.312840
0.078000,0.214050,0.775450,1.866210,139.697250,-333.884030,76315.078130,,3.292790,-367.312840
0.080000,0.214050,0.684450,1.691890,139.732210,-333.884000,75744.492190,1.000000,3.297910,-367.312840
0.082000,0.214050,0.598570,1.845700,139.767110,-333.884000,76064.062500,,3.301760,-367.312840
0.084000,0.212770,0.540890,1.712400,139.801800,-333.884000,75871.062500,,3.305600,-367.312810
0.086000,0.212770,0.530640,1.896970,139.836240,-333.884000,75821.492190,,3.308170,-367.312840
0.088000,0.212770,0.525510,2.184080,139.870560,-333.884000,75897.429690,1.000000,3.313290,-367.312840
0.090000,0.211490,0.499880,2.102050,139.904910,-333.883970,75851.023440,,3.314580,-367.312810
0.092000,0.208920,0.469120,2.040530,139.939240,-333.883970,75910.085940,,3.315860,-367.312810
0.094000,0.211490,0.448610,1.743160,139.973560,-333.883970,75576.804690,,3.318420,-367.312810
0.096000,0.210210,0.433230,1.579100,140.007870,-333.883970,75984.960940,1.000000,3.318420,-367.312840
0.098000,0.210210,0.411440,1.589360,140.042240,-333.883940,75890.039060,,3.319700,-367.312840
0.100000,0.208920,0.393490,1.753420,140.076610,-333.883970,75801.445310,,3.320980,-367.312840
0.102000,0.210210,0.380680,1.948240,140.110990,-333.883970,75808.835940,,3.320980,-367.312840
0.104000,0.207640,0.370420,1.907230,140.145420,-333.883940,75704.421880,1.000000,3.323550,-367.312840
0.106000,0.208920,0.364010,1.568850,140.179810,-333.883940,75915.351560,,3.326110,-367.312840
0.108000,0.208920,0.370420,1.845700,140.214190,-333.883940,75573.640630,,3.328670,-367.312840
0.110000,0.207640,0.385800,1.804690,140.248550,-333.883940,76035.593750,,3.332520,-367.312840
0.112000,0.208920,0.397340,1.886720,140.282960,-333.883940,75914.296880,1.000000,3.336360,-367.312840
0.114000,0.207640,0.424260,2.286620,140.317380,-333.883910,75895.320310,,3.336360,-367.312840
0.116000,0.206360,0.466550,2.050780,140.351850,-333.883910,75692.820310,,3.338930,-367.312840
0.118000,0.205080,0.503720,2.020020,140.386370,-333.883910,75633.750000,,3.340210,-367.312840
0.120000,0.203800,0.537050,1.948240,140.421010,-333.883910,76105.203130,1.000000,3.338930,-367.312840
0.122000,0.202510,0.551150,1.702150,140.455780,-333.883910,75832.031250,,3.341490,-367.312840
0.124000,0.201230,0.570370,1.907230,140.490630,-333.883910,76019.773440,,3.342770,-367.312840
0.126000,0.202510,0.604980,1.999510,140.525480,-333.883910,76019.773440,,3.346620,-367.312870
0.128000,0.201230,0.656250,1.927730,140.560300,-333.883910,76314.023440,1.000000,3.350460,-367.312870
0.130000,0.199950,0.715210,1.876460,140.595090,-333.883910,75842.585940,,3.358150,-367.312870
0.132000,0.197390,0.784420,1.702150,140.629870,-333.883910,75821.492190,,3.360720,-367.312870
0.134000,0.197390,0.826720,1.538090,140.664720,-333.883910,76189.578130,,3.365840,-367.312870
0.136000,0.198670,0.835690,1.579100,140.699770,-333.883880,75937.500000,1.000000,3.369690,-367.312870
0.138000,0.196110,0.821590,1.968750,140.735030,-333.883880,76581.914060,,3.373540,-367.312870
0.140000,0.197390,0.795960,2.194340,140.770450,-333.883850,75826.757810,,3.376100,-367.312900
0.142000,0.194820,0.770320,2.040530,140.805970,-333.883850,76073.554690,,3.377380,-367.312900
0.144000,0.196110,0.749820,1.927730,140.841510,-333.883850,75905.859380,1.000000,3.379940,-367.312900
0.146000,0.194820,0.735720,1.609860,140.877080,-333.883850,75899.531250,,3.382510,-367.312900
0.148000,0.196110,0.712650,1.548340,140.912640,-333.883850,75875.273440,,3.386350,-367.312900
0.150000,0.194820,0.685730,2.050780,140.948230,-333.883850,75963.867190,,3.390200,-367.312900
0.152000,0.194820,0.671630,1.876460,140.983730,-333.883820,76152.656250,1.000000,3.395320,-367.312900
0.154000,0.194820,0.678040,1.989260,141.019090,-333.883820,75564.140630,,3.400450,-367.312900
0.156000,0.194820,0.703670,1.855960,141.054240,-333.883820,75931.179690,,3.404300,-367.312930
0.158000,0.197390,0.715210,1.445800,141.089370,-333.883790,75954.382810,,3.408140,-367.312930
0.160000,0.198670,0.697270,1.661130,141.124570,-333.883790,75814.101560,1.000000,3.410710,-367.312930
0.162000,0.201230,0.669070,1.466310,141.159840,-333.883790,75880.554690,,3.413270,-367.312930
0.164000,0.202510,0.633180,1.845700,141.195110,-333.883760,75771.914060,,3.414550,-367.312930
0.166000,0.203800,0.588320,1.968750,141.230450,-333.883760,75872.109380,,3.414550,-367.312900
0.168000,0.206360,0.529360,2.235350,141.265850,-333.883760,75601.054690,1.000000,3.417110,-367.312900
0.170000,0.208920,0.461430,2.009770,141.301300,-333.883760,75793.015630,,3.417110,-367.312900
0.172000,0.211490,0.402470,1.866210,141.336700,-333.883760,75973.359380,,3.418400,-367.312900
0.174000,0.212770,0.375550,1.743160,141.371950,-333.883760,75854.187500,,3.420960,-367.312870
0.176000,0.215330,0.393490,1.876460,141.406970,-333.883730,75859.453130,1.000000,3.422240,-367.312870
0.178000,0.217900,0.439640,2.348140,141.441760,-333.883730,75587.351560,,3.426090,-367.312870
0.180000,0.220460,0.483220,1.917480,141.476440,-333.883730,76019.773440,,3.428650,-367.312870
0.182000,0.221740,0.512700,1.794430,141.511120,-333.883730,75738.171880,,3.428650,-367.312870
0.184000,0.224300,0.519100,1.630370,141.545880,-333.883730,75973.359380,1.000000,3.432500,-367.312840
0.186000,0.225590,0.530640,1.763670,141.580690,-333.883700,76027.156250,,3.433780,-367.312840
0.188000,0.228150,0.546020,1.794430,141.615510,-333.883700,76145.281250,,3.435060,-367.312840
0.190000,0.229430,0.565250,1.958500,141.650380,-333.883670,75933.281250,,3.436340,-367.312840
0.192000,0.230710,0.585750,1.958500,141.685260,-333.883670,75891.093750,1.000000,3.436340,-367.312840
0.194000,0.231990,0.597290,1.866210,141.720170,-333.883670,76191.687500,,3.437620,-367.312840
0.196000,0.231990,0.597290,1.886720,141.755200,-333.883670,75862.617190,,3.438900,-367.312840
0.198000,0.233280,0.599850,1.917480,141.790270,-333.883670,76100.984380,,3.441470,-367.312840
0.200000,0.233280,0.616520,1.855960,141.825300,-333.883670,75918.515630,1.000000,3.444030,-367.312840
0.202000,0.233280,0.648560,2.081540,141.860290,-333.883670,76183.242190,,3.449160,-367.312840
0.204000,0.231990,0.689580,2.020020,141.895220,-333.883640,75903.750000,,3.451720,-367.312840
0.206000,0.231990,0.720340,2.112300,141.930210,-333.883640,75838.359380,,3.455570,-367.312840
0.208000,0.231990,0.739560,1.630370,141.965330,-333.883640,75827.820310,1.000000,3.458130,-367.312840
0.210000,0.229430,0.748540,1.691890,142.000520,-333.883640,75950.156250,,3.459410,-367.312840
0.212000,0.225590,0.743410,1.558590,142.035840,-333.883640,75824.656250,,3.461980,-367.312840
0.214000,0.224300,0.726750,1.620120,142.071260,-333.883640,75552.539060,,3.461980,-367.312840
0.214000,0.224300,0.726750,1.620120,142.071260,-333.883640,75552.539060,,3.461980,-367.312840
0.216000,0.223020,0.699830,2.122560,142.106740,-333.883640,76155.820310,1.000000,3.465820,-367.312840
0.218000,0.220460,0.672910,1.784180,142.142240,-333.883640,75953.328130,,3.465820,-367.312840
0.220000,0.220460,0.658810,1.794430,142.177720,-333.883640,75833.085940,,3.470950,-367.312840
0.222000,0.216610,0.675480,1.650880,142.213000,-333.883640,75778.250000,,3.473510,-367.312840
0.224000,0.214050,0.711360,1.927730,142.248120,-333.883610,75637.976560,1.000000,3.478640,-367.312840
0.226000,0.214050,0.726750,1.702150,142.283230,-333.883610,75834.140630,,3.482480,-367.312840
0.228000,0.212770,0.716490,2.112300,142.318370,-333.883610,75270.937500,,3.483760,-367.312840
0.230000,0.214050,0.689580,2.184080,142.353610,-333.883580,76114.695310,,3.487610,-367.312870
0.232000,0.211490,0.662660,1.876460,142.388850,-333.883540,76000.789060,1.000000,3.486330,-367.312870
0.234000,0.210210,0.652400,2.102050,142.424120,-333.883510,76019.773440,,3.485050,-367.312870
0.236000,0.208920,0.642150,1.784180,142.459410,-333.883510,75726.562500,,3.485050,-367.312870
0.238000,0.208920,0.616520,1.968750,142.494750,-333.883510,75566.250000,,3.486330,-367.312870
0.240000,0.211490,0.584470,1.886720,142.530110,-333.883510,76099.929690,1.000000,3.485050,-367.312870
0.242000,0.210210,0.534480,1.784180,142.565540,-333.883510,75541.992190,,3.483760,-367.312870
0.244000,0.208920,0.492190,1.743160,142.600940,-333.883510,76020.820310,,3.487610,-367.312870
0.246000,0.208920,0.489620,1.722660,142.636140,-333.883510,75951.210940,,3.491460,-367.312870
0.248000,0.210210,0.521670,1.661130,142.671130,-333.883510,76125.234380,1.000000,3.496580,-367.312870
0.250000,0.210210,0.551150,1.568850,142.705960,-333.883510,75747.656250,,3.500430,-367.312870
0.252000,0.211490,0.584470,2.194340,142.740710,-333.883510,75874.218750,,3.502990,-367.312870
0.254000,0.211490,0.607540,2.009770,142.775450,-333.883510,76200.117190,,3.502990,-367.312870
0.256000,0.211490,0.615230,2.255860,142.810290,-333.883510,75852.078130,1.000000,3.502990,-367.312870
0.258000,0.212770,0.606260,1.876460,142.845230,-333.883480,76353.054690,,3.502990,-367.312870
0.260000,0.214050,0.583190,1.661130,142.880330,-333.883480,75803.554690,,3.502990,-367.312870
0.262000,0.215330,0.557560,1.835450,142.915500,-333.883480,76037.695310,,3.500430,-367.312870
0.264000,0.217900,0.531920,1.886720,142.950730,-333.883480,75945.937500,1.000000,3.500430,-367.312840
0.266000,0.217900,0.522950,2.030270,142.985930,-333.883480,75923.796880,,3.500430,-367.312840
0.268000,0.217900,0.534480,1.927730,143.021070,-333.883480,75840.476560,,3.502990,-367.312870
0.270000,0.219180,0.570370,1.886720,143.056110,-333.883480,75851.023440,,3.505550,-367.312870
0.272000,0.219180,0.608830,1.456050,143.091030,-333.883480,75857.343750,1.000000,3.510680,-367.312840
0.274000,0.219180,0.639590,1.691890,143.125930,-333.883480,75672.773440,,3.513240,-367.312840
0.276000,0.220460,0.676760,1.548340,143.160770,-333.883450,75923.796880,,3.518370,-367.312840
0.278000,0.220460,0.706240,1.650880,143.195630,-333.883450,75914.296880,,3.519650,-367.312840
0.280000,0.221740,0.731870,1.979000,143.230590,-333.883420,75828.867190,1.000000,3.522220,-367.312840
0.282000,0.217900,0.752380,2.389160,143.265560,-333.883420,75825.710940,,3.519650,-367.312840
0.284000,0.216610,0.748540,1.979000,143.300690,-333.883420,75649.578130,,3.518370,-367.312840
0.286000,0.217900,0.720340,1.773930,143.335970,-333.883420,75789.843750,,3.519650,-367.312840
0.288000,0.217900,0.671630,1.732910,143.371400,-333.883420,75764.539060,1.000000,3.517090,-367.312840
0.290000,0.217900,0.621640,1.773930,143.406920,-333.883420,75842.585940,,3.515810,-367.312840
0.292000,0.217900,0.604980,2.132810,143.442340,-333.883420,75892.148440,,3.518370,-367.312840
0.294000,0.217900,0.619080,2.091800,143.477600,-333.883420,75923.796880,,3.522220,-367.312840
0.296000,0.216610,0.643430,1.855960,143.512770,-333.883420,75748.718750,1.000000,3.526060,-367.312840
0.298000,0.217900,0.657530,1.896970,143.547880,-333.883390,75760.312500,,3.528630,-367.312840
0.300000,0.219180,0.679320,1.753420,143.582920,-333.883390,76089.382810,,3.533750,-367.312840
0.302000,0.219180,0.692140,1.517580,143.617980,-333.883390,75764.539060,,3.535030,-367.312840
0.304000,0.220460,0.693420,1.866210,143.653110,-333.883390,75984.960940,1.000000,3.536320,-367.312840
0.306000,0.221740,0.685730,1.855960,143.688290,-333.883360,75905.859380,,3.537600,-367.312840
0.308000,0.220460,0.671630,2.081540,143.723530,-333.883360,75996.562500,,3.536320,-367.312840
0.310000,0.221740,0.633180,1.999510,143.758880,-333.883360,75763.484380,,3.536320,-367.312840
0.312000,0.221740,0.596010,2.132810,143.794250,-333.883390,75926.953130,1.000000,3.537600,-367.312840
0.314000,0.224300,0.575500,1.784180,143.829540,-333.883360,76130.515630,,3.538880,-367.312840
0.316000,0.223020,0.574220,1.917480,143.864730,-333.883360,75898.484380,,3.538880,-367.312840
0.318000,0.224300,0.579350,2.194340,143.899840,-333.883360,76172.703130,,3.541440,-367.312840
0.320000,0.225590,0.578060,2.081540,143.934910,-333.883360,75814.101560,1.000000,3.542720,-367.312840
0.322000,0.225590,0.580630,1.804690,143.969890,-333.883360,76051.406250,,3.545290,-367.312840
0.324000,0.225590,0.604980,1.568850,144.004780,-333.883360,75835.195310,,3.547850,-367.312840
0.326000,0.228150,0.628050,1.691890,144.039670,-333.883360,75805.664060,,3.547850,-367.312840
0.328000,0.229430,0.642150,1.507320,144.074650,-333.883360,76138.945310,1.000000,3.546570,-367.312840
0.330000,0.230710,0.642150,1.866210,144.109710,-333.883360,75903.750000,,3.546570,-367.312840
0.332000,0.231990,0.619080,1.866210,144.144880,-333.883360,75859.453130,,3.546570,-367.312840
0.334000,0.230710,0.594730,1.866210,144.180110,-333.883360,75614.765630,,3.545290,-367.312840
0.336000,0.231990,0.575500,1.743160,144.215330,-333.883360,75953.328130,1.000000,3.546570,-367.312840
0.338000,0.231990,0.576780,1.681640,144.250490,-333.883360,75876.328130,,3.546570,-367.312810
0.340000,0.233280,0.592160,1.855960,144.285540,-333.883360,75840.476560,,3.550420,-367.312840
0.342000,0.233280,0.616520,1.886720,144.320500,-333.883330,75922.734380,,3.551700,-367.312840
0.344000,0.233280,0.652400,2.102050,144.355330,-333.883330,75769.812500,1.000000,3.554260,-367.312840
0.346000,0.233280,0.688290,1.948240,144.390140,-333.883330,75979.687500,,3.556820,-367.312840
0.348000,0.233280,0.711360,2.132810,144.425000,-333.883330,75527.226560,,3.556820,-367.312840
0.350000,0.234560,0.697270,1.825200,144.460040,-333.883330,75882.664060,,3.556820,-367.312840
0.352000,0.234560,0.674190,1.691890,144.495240,-333.883330,76018.710940,1.000000,3.556820,-367.312810
0.354000,0.235840,0.653690,1.876460,144.530520,-333.883300,75836.257810,,3.556820,-367.312810
0.356000,0.235840,0.639590,1.784180,144.565830,-333.883330,75760.312500,,3.555540,-367.312810
0.358000,0.235840,0.615230,1.958500,144.601200,-333.883330,75564.140630,,3.555540,-367.312810
0.360000,0.235840,0.610110,1.702150,144.636550,-333.883330,76041.921880,1.000000,3.555540,-367.312810
0.362000,0.235840,0.610110,1.681640,144.671810,-333.883330,75887.929690,,3.555540,-367.312810
0.364000,0.233280,0.615230,1.640630,144.707020,-333.883330,75890.039060,,3.558110,-367.312810
0.366000,0.233280,0.643430,1.937990,144.742080,-333.883300,76001.843750,,3.564510,-367.312810
0.368000,0.230710,0.683170,2.102050,144.776990,-333.883300,76156.875000,1.000000,3.567080,-367.312840
0.370000,0.229430,0.724180,2.245610,144.811830,-333.883300,75861.562500,,3.570920,-367.312840
0.372000,0.229430,0.765200,2.122560,144.846680,-333.883270,75852.078130,,3.572200,-367.312840
0.374000,0.229430,0.771610,1.568850,144.881650,-333.883270,76089.382810,,3.570920,-367.312840
0.376000,0.226870,0.747250,1.917480,144.916790,-333.883270,75984.960940,1.000000,3.568360,-367.312840
0.376000,0.226870,0.747250,1.917480,144.916790,-333.883270,75984.960940,1.000000,3.568360,-367.312840
0.378000,0.226870,0.699830,1.845700,144.952130,-333.883270,76251.804690,,3.567080,-367.312840
0.380000,0.225590,0.633180,2.030270,144.987640,-333.883270,75895.320310,,3.567080,-367.312840
0.382000,0.225590,0.597290,1.989260,145.023090,-333.883270,76079.882810,,3.565800,-367.312840
0.384000,0.224300,0.592160,1.814940,145.058410,-333.883270,75871.062500,1.000000,3.565800,-367.312840
0.386000,0.223020,0.590880,1.579100,145.093670,-333.883270,75818.320310,,3.567080,-367.312840
0.388000,0.221740,0.584470,1.497070,145.128910,-333.883270,75873.171880,,3.569640,-367.312840
0.390000,0.220460,0.592160,1.558590,145.164080,-333.883270,75979.687500,,3.572200,-367.312840
0.392000,0.220460,0.596010,1.620120,145.199140,-333.883240,75797.234380,1.000000,3.576050,-367.312840
0.394000,0.219180,0.612670,2.020020,145.234130,-333.883240,75654.843750,,3.578610,-367.312840
0.396000,0.219180,0.626770,2.255860,145.269070,-333.883240,76013.445310,,3.578610,-367.312840
0.398000,0.219180,0.625490,1.907230,145.304080,-333.883240,75894.257810,,3.578610,-367.312840
0.400000,0.219180,0.610110,1.753420,145.339160,-333.883240,75880.554690,1.000000,3.577330,-367.312840
0.402000,0.217900,0.597290,1.702150,145.374270,-333.883240,75777.195310,,3.576050,-367.312840
0.404000,0.219180,0.581910,1.845700,145.409390,-333.883240,75702.304690,,3.574770,-367.312840
0.406000,0.220460,0.567810,1.958500,145.444520,-333.883240,75897.429690,,3.574770,-367.312840
0.408000,0.219180,0.551150,2.071290,145.479640,-333.883240,75500.867190,1.000000,3.573490,-367.312840
0.410000,0.220460,0.528080,1.917480,145.514800,-333.883240,76019.773440,,3.573490,-367.312840
0.412000,0.220460,0.534480,1.712400,145.549880,-333.883240,75941.726560,,3.574770,-367.312840
0.414000,0.220460,0.570370,1.722660,145.584780,-333.883240,75858.406250,,3.577330,-367.312840
0.416000,0.221740,0.617800,1.671390,145.619580,-333.883240,75751.882810,1.000000,3.578610,-367.312840
0.418000,0.221740,0.663940,1.886720,145.654370,-333.883240,75628.476560,,3.581180,-367.312840
0.420000,0.224300,0.692140,1.855960,145.689250,-333.883240,76055.632810,,3.581180,-367.312840
0.422000,0.223020,0.683170,2.020020,145.724290,-333.883240,75640.078130,,3.582460,-367.312840
0.424000,0.224300,0.665220,2.102050,145.759480,-333.883240,75900.593750,1.000000,3.581180,-367.312840
0.426000,0.225590,0.656250,1.989260,145.794690,-333.883240,76158.992190,,3.581180,-367.312840
0.428000,0.225590,0.658810,2.050780,145.829880,-333.883240,76257.070310,,3.581180,-367.312840
0.430000,0.228150,0.657530,1.773930,145.865070,-333.883240,75802.500000,,3.581180,-367.312840
0.432000,0.226870,0.649840,2.163570,145.900270,-333.883240,75755.046880,1.000000,3.581180,-367.312840
0.434000,0.228150,0.633180,2.112300,145.935490,-333.883240,76103.093750,,3.581180,-367.312840
0.436000,0.229430,0.630620,1.968750,145.970660,-333.883240,75820.429690,,3.583740,-367.312840
0.438000,0.230710,0.631900,1.640630,146.005800,-333.883240,76188.523440,,3.586300,-367.312840
0.440000,0.230710,0.629330,1.712400,146.040890,-333.883210,75797.234380,1.000000,3.587590,-367.312840
0.442000,0.231990,0.629330,1.722660,146.075990,-333.883210,76156.875000,,3.587590,-367.312840
0.444000,0.234560,0.634460,1.927730,146.111100,-333.883210,75909.031250,,3.587590,-367.312840
0.446000,0.234560,0.626770,1.907230,146.146290,-333.883210,75886.875000,,3.587590,-367.312810
0.448000,0.234560,0.607540,1.825200,146.181550,-333.883210,75904.804690,1.000000,3.586300,-367.312810
0.450000,0.235840,0.599850,1.814940,146.216810,-333.883210,76001.843750,,3.586300,-367.312810
0.452000,0.234560,0.587040,1.702150,146.252080,-333.883210,75776.132810,,3.586300,-367.312810
0.454000,0.235840,0.575500,1.886720,146.287340,-333.883210,75658.007810,,3.587590,-367.312810
0.456000,0.235840,0.561400,2.061040,146.322570,-333.883210,76003.945310,1.000000,3.588870,-367.312810
0.458000,0.235840,0.566530,2.081540,146.357700,-333.883210,75840.476560,,3.591430,-367.312810
0.460000,0.235840,0.588320,2.153320,146.392730,-333.883210,75945.937500,,3.595280,-367.312810
0.462000,0.234560,0.629330,2.009770,146.427630,-333.883180,75606.328130,,3.596560,-367.312810
0.464000,0.237120,0.653690,1.948240,146.462490,-333.883180,75783.515630,1.000000,3.597840,-367.312810
0.466000,0.237120,0.656250,1.425290,146.497410,-333.883180,75896.375000,,3.596560,-367.312810
0.468000,0.237120,0.628050,1.763670,146.532500,-333.883180,75418.601560,,3.595280,-367.312810
0.470000,0.237120,0.575500,1.732910,146.567760,-333.883180,75969.148440,,3.595280,-367.312810
0.472000,0.237120,0.535770,1.825200,146.603040,-333.883180,75906.914060,1.000000,3.591430,-367.312810
0.474000,0.238400,0.525510,1.917480,146.638290,-333.883180,75925.906250,,3.591430,-367.312810
0.476000,0.235840,0.530640,1.722660,146.673460,-333.883180,75752.929690,,3.590150,-367.312810
0.478000,0.237120,0.525510,1.917480,146.708600,-333.883180,75594.726560,,3.588870,-367.312810
0.480000,0.237120,0.525510,1.732910,146.743730,-333.883180,76140.000000,1.000000,3.591430,-367.312810
0.482000,0.237120,0.521670,1.917480,146.778820,-333.883180,75707.585940,,3.591430,-367.312810
0.484000,0.237120,0.534480,2.143070,146.813840,-333.883180,75922.734380,,3.595280,-367.312810
0.486000,0.235840,0.567810,2.173830,146.848750,-333.883180,75928.015630,,3.597840,-367.312810
0.488000,0.235840,0.613950,1.876460,146.883530,-333.883150,76090.437500,1.000000,3.600400,-367.312810
0.490000,0.235840,0.630620,1.917480,146.918380,-333.883150,75790.898440,,3.600400,-367.312810
0.492000,0.235840,0.633180,2.081540,146.953340,-333.883150,75798.281250,,3.599120,-367.312810
0.494000,0.237120,0.613950,1.763670,146.988450,-333.883150,76228.593750,,3.597840,-367.312810
0.496000,0.238400,0.597290,1.763670,147.023610,-333.883150,75910.085940,1.000000,3.595280,-367.312810
0.498000,0.237120,0.580630,1.876460,147.058840,-333.883150,76331.953130,,3.592710,-367.312810
0.500000,0.238400,0.542180,1.671390,147.094150,-333.883150,75844.687500,,3.592710,-367.312810
0.502000,0.237120,0.497310,1.681640,147.129530,-333.883150,76027.156250,,3.591430,-367.312810
0.504000,0.238400,0.483220,1.456050,147.164790,-333.883150,75893.203130,1.000000,3.592710,-367.312810
0.506000,0.237120,0.501160,1.732910,147.199940,-333.883150,75841.523440,,3.595280,-367.312810
0.508000,0.238400,0.546020,1.712400,147.234940,-333.883150,76165.312500,,3.597840,-367.312810
0.510000,0.237120,0.596010,2.163570,147.269840,-333.883150,75833.085940,,3.599120,-367.312810
0.512000,0.235840,0.621640,1.979000,147.304720,-333.883150,75919.578130,1.000000,3.600400,-367.312810
0.514000,0.235840,0.635740,1.835450,147.339680,-333.883150,75658.007810,,3.600400,-367.312810
0.516000,0.235840,0.635740,1.855960,147.374730,-333.883150,75960.703130,,3.602970,-367.312810
0.518000,0.235840,0.649840,1.558590,147.409770,-333.883150,75829.921880,,3.601680,-367.312810
0.520000,0.235840,0.654970,2.081540,147.444890,-333.883120,75810.937500,1.000000,3.601680,-367.312810
0.522000,0.235840,0.661380,1.794430,147.480010,-333.883150,76013.445310,,3.600400,-367.312810
0.524000,0.234560,0.638310,2.091800,147.515240,-333.883150,75843.640630,,3.599120,-367.312810
0.526000,0.233280,0.601140,1.630370,147.550580,-333.883150,75833.085940,,3.597840,-367.312810
0.528000,0.233280,0.563960,1.753420,147.585970,-333.883150,75603.171880,1.000000,3.599120,-367.312810
0.530000,0.231990,0.533200,1.558590,147.621310,-333.883150,75930.117190,,3.601680,-367.312810
0.532000,0.231990,0.529360,1.497070,147.656560,-333.883150,75824.656250,,3.601680,-367.312810
0.534000,0.231990,0.554990,1.937990,147.691620,-333.883120,75923.796880,,3.605530,-367.312810
0.536000,0.230710,0.574220,1.937990,147.726650,-333.883120,75733.953130,1.000000,3.605530,-367.312810
0.536000,0.230710,0.574220,1.937990,147.726650,-333.883120,75733.953130,1.000000,3.605530,-367.312810
0.538000,0.229430,0.576780,2.337890,147.761720,-333.883120,75611.601560,,3.605530,-367.312810
0.540000,0.226870,0.566530,1.989260,147.796860,-333.883120,75956.492190,,3.604250,-367.312810
0.542000,0.226870,0.554990,1.855960,147.832030,-333.883120,75672.773440,,3.602970,-367.312840
0.544000,0.225590,0.540890,1.835450,147.867220,-333.883120,75992.343750,1.000000,3.604250,-367.312840
0.546000,0.225590,0.529360,1.855960,147.902400,-333.883120,75942.781250,,3.602970,-367.312840
0.548000,0.225590,0.525510,2.296880,147.937580,-333.883120,76270.789060,,3.602970,-367.312840
0.550000,0.224300,0.515260,1.876460,147.972700,-333.883120,75758.203130,,3.604250,-367.312840
0.552000,0.223020,0.529360,1.999510,148.007740,-333.883120,75812.000000,1.000000,3.602970,-367.312840
0.554000,0.223020,0.549870,1.599610,148.042690,-333.883120,76212.773440,,3.604250,-367.312840
0.556000,0.224300,0.570370,1.579100,148.077610,-333.883120,75858.406250,,3.605530,-367.312840
0.558000,0.224300,0.588320,1.958500,148.112500,-333.883120,76131.562500,,3.606810,-367.312840
0.560000,0.226870,0.587040,1.814940,148.147460,-333.883120,75778.250000,1.000000,3.606810,-367.312840
0.562000,0.226870,0.569090,2.009770,148.182530,-333.883120,76200.117190,,3.606810,-367.312840
0.564000,0.229430,0.579350,1.845700,148.217580,-333.883120,75913.250000,,3.605530,-367.312840
0.566000,0.228150,0.599850,1.845700,148.252610,-333.883120,75802.500000,,3.604250,-367.312840
0.568000,0.229430,0.598570,1.640630,148.287750,-333.883120,75872.109380,1.000000,3.604250,-367.312840
0.570000,0.231990,0.579350,1.999510,148.322980,-333.883120,75857.343750,,3.602970,-367.312840
0.572000,0.231990,0.565250,2.061040,148.358230,-333.883120,75958.601560,,3.602970,-367.312810
0.574000,0.234560,0.553710,2.091800,148.393480,-333.883120,75587.351560,,3.602970,-367.312810
0.576000,0.235840,0.556270,2.163570,148.428630,-333.883120,76070.398440,1.000000,3.605530,-367.312810
0.578000,0.234560,0.576780,1.650880,148.463710,-333.883120,75912.195310,,3.608090,-367.312810
0.580000,0.237120,0.601140,1.527830,148.498730,-333.883120,75814.101560,,3.609380,-367.312810
0.582000,0.237120,0.616520,1.650880,148.533710,-333.883120,75778.250000,,3.610660,-367.312810
0.584000,0.239690,0.622920,1.804690,148.568700,-333.883120,75730.781250,1.000000,3.609380,-367.312810
0.586000,0.239690,0.620360,1.804690,148.603780,-333.883120,75920.625000,,3.609380,-367.312810
0.588000,0.240970,0.611390,1.958500,148.638870,-333.883120,75509.296880,,3.608090,-367.312810
0.590000,0.242250,0.594730,1.712400,148.674060,-333.883090,75984.960940,,3.608090,-367.312770
0.592000,0.243530,0.563960,1.691890,148.709340,-333.883120,75968.093750,1.000000,3.608090,-367.312770
0.594000,0.242250,0.548580,1.886720,148.744570,-333.883120,75865.789060,,3.606810,-367.312770
0.596000,0.243530,0.546020,1.999510,148.779770,-333.883120,75646.414060,,3.606810,-367.312770
0.598000,0.243530,0.548580,2.327640,148.814960,-333.883120,75597.890630,,3.606810,-367.312770
0.600000,0.243530,0.548580,2.050780,148.850140,-333.883120,75992.343750,1.000000,3.609380,-367.312770
0.602000,0.243530,0.563960,2.030270,148.885240,-333.883120,75671.718750,,3.608090,-367.312770
0.604000,0.243530,0.590880,1.855960,148.920270,-333.883090,75926.953130,,3.611940,-367.312770
0.606000,0.243530,0.597290,1.979000,148.955310,-333.883090,75998.679690,,3.611940,-367.312770
0.608000,0.243530,0.610110,1.794430,148.990280,-333.883090,75974.421880,1.000000,3.613220,-367.312770
0.610000,0.243530,0.616520,1.917480,149.025310,-333.883090,75728.671880,,3.614500,-367.312770
0.612000,0.242250,0.617800,2.020020,149.060360,-333.883090,75724.460940,,3.613220,-367.312770
0.614000,0.243530,0.612670,1.794430,149.095460,-333.883090,76138.945310,,3.611940,-367.312770
0.616000,0.243530,0.598570,1.599610,149.130620,-333.883090,75895.320310,1.000000,3.610660,-367.312770
0.618000,0.242250,0.576780,1.579100,149.165790,-333.883090,76109.414060,,3.609380,-367.312770
0.620000,0.244810,0.553710,1.691890,149.201020,-333.883090,75854.187500,,3.609380,-367.312770
0.622000,0.242250,0.533200,1.999510,149.236250,-333.883090,76040.867190,,3.609380,-367.312770
0.624000,0.240970,0.521670,2.173830,149.271440,-333.883090,75736.062500,1.000000,3.608090,-367.312770
0.626000,0.240970,0.542180,2.173830,149.306500,-333.883090,75901.648440,,3.609380,-367.312770
0.628000,0.239690,0.571660,1.753420,149.341510,-333.883090,75772.976560,,3.610660,-367.312770
0.630000,0.242250,0.584470,1.732910,149.376480,-333.883090,75964.921880,,3.610660,-367.312770
0.632000,0.239690,0.597290,1.650880,149.411480,-333.883090,75810.937500,1.000000,3.611940,-367.312770
0.634000,0.239690,0.608830,1.989260,149.446520,-333.883090,75731.835940,,3.611940,-367.312770
0.636000,0.239690,0.604980,1.979000,149.481610,-333.883090,76049.296880,,3.611940,-367.312770
0.638000,0.239690,0.587040,1.989260,149.516800,-333.883090,75783.515630,,3.611940,-367.312770
0.640000,0.239690,0.575500,1.712400,149.551990,-333.883090,75830.984380,1.000000,3.610660,-367.312770
0.642000,0.238400,0.567810,1.712400,149.587170,-333.883090,75799.335940,,3.610660,-367.312770
0.644000,0.238400,0.551150,1.630370,149.622410,-333.883090,75937.500000,,3.609380,-367.312770
0.646000,0.238400,0.524230,1.445800,149.657670,-333.883090,75824.656250,,3.609380,-367.312770
0.648000,0.237120,0.513980,1.835450,149.692870,-333.883090,75458.679690,1.000000,3.610660,-367.312770
0.650000,0.237120,0.515260,1.876460,149.728010,-333.883090,75836.257810,,3.610660,-367.312810
0.652000,0.235840,0.524230,2.173830,149.763110,-333.883090,75903.750000,,3.610660,-367.312770
0.654000,0.235840,0.546020,2.009770,149.798080,-333.883090,75910.085940,,3.611940,-367.312810
0.656000,0.234560,0.593440,1.855960,149.832930,-333.883090,75671.718750,1.000000,3.613220,-367.312810
0.658000,0.235840,0.622920,1.743160,149.867860,-333.883090,75653.796880,,3.614500,-367.312810
0.660000,0.235840,0.629330,1.927730,149.902890,-333.883090,75957.539060,,3.613220,-367.312810
0.662000,0.234560,0.628050,2.061040,149.938000,-333.883090,75759.257810,,3.613220,-367.312810
0.664000,0.234560,0.625490,1.979000,149.973190,-333.883090,75993.398440,1.000000,3.613220,-367.312810
0.666000,0.234560,0.613950,1.979000,150.008420,-333.883090,76008.164060,,3.610660,-367.312810
0.668000,0.234560,0.598570,1.835450,150.043700,-333.883090,76111.523440,,3.609380,-367.312810
0.670000,0.234560,0.583190,1.702150,150.078990,-333.883090,75835.195310,,3.611940,-367.312810
0.672000,0.233280,0.563960,1.814940,150.114270,-333.883090,75841.523440,1.000000,3.611940,-367.312810
0.674000,0.233280,0.562680,1.732910,150.149520,-333.883090,76137.890630,,3.613220,-367.312810
0.676000,0.233280,0.558840,1.804690,150.184690,-333.883090,75787.734380,,3.614500,-367.312810
0.678000,0.231990,0.562680,1.866210,150.219820,-333.883090,76091.484380,,3.615780,-367.312810
0.680000,0.231990,0.562680,2.030270,150.254910,-333.883090,75855.242190,1.000000,3.615780,-367.312810
0.682000,0.233280,0.548580,1.907230,150.290070,-333.883090,76140.000000,,3.615780,-367.312810
0.684000,0.231990,0.547300,1.866210,150.325210,-333.883090,75921.679690,,3.615780,-367.312810
0.686000,0.233280,0.553710,2.020020,150.360320,-333.883090,75858.406250,,3.614500,-367.312810
0.688000,0.233280,0.572940,1.835450,150.395420,-333.883090,75996.562500,1.000000,3.613220,-367.312810
0.690000,0.233280,0.576780,2.194340,150.430540,-333.883090,75932.226560,,3.611940,-367.312810
0.692000,0.231990,0.567810,1.691890,150.465740,-333.883090,75898.484380,,3.610660,-367.312810
0.694000,0.231990,0.561400,1.650880,150.500960,-333.883090,75592.625000,,3.610660,-367.312810
0.696000,0.233280,0.562680,1.784180,150.536120,-333.883090,75997.625000,1.000000,3.611940,-367.312810
0.698000,0.233280,0.579350,1.548340,150.571230,-333.883090,75914.296880,,3.613220,-367.312810
0.700000,0.234560,0.610110,1.886720,150.606200,-333.883090,75910.085940,,3.617070,-367.312810
0.702000,0.234560,0.635740,1.876460,150.641130,-333.883090,75891.093750,,3.617070,-367.312810
0.704000,0.235840,0.647280,1.948240,150.676120,-333.883090,75863.671880,1.000000,3.618350,-367.312810
0.704000,0.235840,0.647280,1.948240,150.676120,-333.883090,75863.671880,1.000000,3.618350,-367.312810
0.706000,0.234560,0.633180,1.640630,150.711200,-333.883090,75928.015630,,3.618350,-367.312810
0.708000,0.234560,0.613950,1.855960,150.746370,-333.883090,75538.828130,,3.615780,-367.312810
0.710000,0.235840,0.597290,1.989260,150.781590,-333.883090,75945.937500,,3.614500,-367.312810
0.712000,0.237120,0.575500,1.927730,150.816860,-333.883090,76001.843750,1.000000,3.613220,-367.312810
0.714000,0.237120,0.562680,2.204590,150.852130,-333.883090,76108.359380,,3.611940,-367.312810
0.716000,0.237120,0.553710,1.927730,150.887390,-333.883090,75807.781250,,3.610660,-367.312810
0.718000,0.237120,0.543460,2.296880,150.922670,-333.883090,75594.726560,,3.610660,-367.312810
0.720000,0.238400,0.531920,1.876460,150.957930,-333.883090,76092.539060,1.000000,3.610660,-367.312770
0.722000,0.238400,0.552430,1.691890,150.993060,-333.883090,75631.648440,,3.613220,-367.312770
0.724000,0.240970,0.590880,1.866210,151.028030,-333.883090,75905.859380,,3.613220,-367.312770
0.726000,0.240970,0.625490,1.804690,151.062940,-333.883090,75940.671880,,3.614500,-367.312770
0.728000,0.240970,0.648560,1.968750,151.097890,-333.883090,76169.531250,1.000000,3.615780,-367.312770
0.730000,0.240970,0.643430,1.702150,151.132950,-333.883090,75861.562500,,3.617070,-367.312770
0.732000,0.242250,0.633180,1.835450,151.168060,-333.883090,75798.281250,,3.617070,-367.312770
0.734000,0.240970,0.624210,1.722660,151.203230,-333.883060,76125.234380,,3.617070,-367.312770
0.736000,0.240970,0.608830,1.907230,151.238480,-333.883090,75777.195310,1.000000,3.615780,-367.312770
0.738000,0.242250,0.576780,2.173830,151.273820,-333.883090,76075.671880,,3.613220,-367.312770
0.740000,0.243530,0.529360,2.225100,151.309220,-333.883090,75872.109380,,3.611940,-367.312770
0.740000,0.243530,0.529360,2.225100,151.309220,-333.883090,75872.109380,,3.611940,-367.312770
0.742000,0.242250,0.490910,2.030270,151.344640,-333.883090,76226.484380,,3.610660,-367.312770
0.744000,0.242250,0.490910,1.732910,151.379910,-333.883090,75825.710940,1.000000,3.611940,-367.312770
0.746000,0.240970,0.528080,1.835450,151.414990,-333.883090,75879.492190,,3.614500,-367.312770
0.748000,0.240970,0.589600,1.691890,151.449870,-333.883090,75974.421880,,3.614500,-367.312770
0.750000,0.242250,0.631900,2.061040,151.484740,-333.883090,75925.906250,,3.615780,-367.312770
0.752000,0.243530,0.646000,1.784180,151.519680,-333.883090,75845.742190,1.000000,3.615780,-367.312770
0.754000,0.243530,0.648560,1.784180,151.554720,-333.883090,75621.101560,,3.614500,-367.312770
0.756000,0.242250,0.649840,1.732910,151.589830,-333.883090,76057.742190,,3.614500,-367.312770
0.758000,0.243530,0.660100,1.466310,151.624940,-333.883060,75848.906250,,3.614500,-367.312770
0.760000,0.243530,0.654970,1.579100,151.660110,-333.883090,75883.718750,1.000000,3.614500,-367.312770
0.762000,0.244810,0.642150,1.794430,151.695330,-333.883090,75809.890630,,3.614500,-367.312770
0.764000,0.244810,0.615230,1.927730,151.730640,-333.883090,75801.445310,,3.613220,-367.312770
0.766000,0.243530,0.585750,2.327640,151.765980,-333.883090,75904.804690,,3.613220,-367.312770
0.768000,0.243530,0.571660,1.989260,151.801240,-333.883090,75468.164060,1.000000,3.614500,-367.312770
0.770000,0.243530,0.583190,1.814940,151.836400,-333.883090,76008.164060,,3.614500,-367.312770
0.772000,0.242250,0.602420,1.497070,151.871440,-333.883090,75942.781250,,3.615780,-367.312770
0.774000,0.243530,0.634460,1.896970,151.906400,-333.883060,75857.343750,,3.615780,-367.312770
0.776000,0.243530,0.646000,2.112300,151.941440,-333.883090,75659.062500,1.000000,3.617070,-367.312770
0.778000,0.242250,0.653690,2.266110,151.976530,-333.883060,75360.593750,,3.615780,-367.312770
0.780000,0.243530,0.652400,2.102050,152.011690,-333.883060,76041.921880,,3.615780,-367.312770
0.782000,0.242250,0.647280,1.907230,152.046910,-333.883060,75732.890630,,3.614500,-367.312770
0.784000,0.242250,0.624210,1.558590,152.082200,-333.883090,75847.851560,1.000000,3.611940,-367.312770
0.786000,0.243530,0.583190,1.681640,152.117610,-333.883090,75957.539060,,3.611940,-367.312770
0.788000,0.242250,0.553710,1.876460,152.153020,-333.883090,76296.093750,,3.611940,-367.312770
0.790000,0.242250,0.528080,1.866210,152.188340,-333.883090,75666.453130,,3.613220,-367.312770
0.792000,0.239690,0.556270,2.214840,152.223430,-333.883090,75843.640630,1.000000,3.614500,-367.312770
0.794000,0.240970,0.606260,1.907230,152.258360,-333.883090,76108.359380,,3.615780,-367.312770
0.796000,0.239690,0.634460,1.896970,152.293240,-333.883060,76078.828130,,3.615780,-367.312770
0.798000,0.238400,0.643430,1.866210,152.328140,-333.883060,76247.585940,,3.618350,-367.312770
0.800000,0.238400,0.635740,1.886720,152.363140,-333.883060,75809.890630,1.000000,3.617070,-367.312770
0.802000,0.237120,0.629330,2.184080,152.398190,-333.883060,76322.468750,,3.617070,-367.312770
0.804000,0.235840,0.640870,2.184080,152.433270,-333.883060,75921.679690,,3.615780,-367.312770
0.806000,0.235840,0.652400,1.968750,152.468400,-333.883060,75797.234380,,3.613220,-367.312810
0.808000,0.234560,0.638310,1.497070,152.503630,-333.883060,75896.375000,1.000000,3.610660,-367.312770
0.810000,0.234560,0.611390,1.773930,152.538990,-333.883090,75988.125000,,3.608090,-367.312770
0.812000,0.235840,0.570370,1.312500,152.574390,-333.883090,75932.226560,,3.608090,-367.312810
0.814000,0.234560,0.548580,1.937990,152.609760,-333.883090,75743.437500,,3.609380,-367.312810
0.816000,0.233280,0.563960,1.968750,152.644970,-333.883090,76026.093750,1.000000,3.610660,-367.312810
0.818000,0.233280,0.603700,1.794430,152.679990,-333.883060,75974.421880,,3.613220,-367.312810
0.820000,0.233280,0.630620,1.743160,152.714920,-333.883060,75791.960940,,3.617070,-367.312810
0.822000,0.231990,0.653690,1.743160,152.749830,-333.883060,75703.359380,,3.617070,-367.312810
0.824000,0.231990,0.654970,1.876460,152.784820,-333.883060,75835.195310,1.000000,3.619630,-367.312810
0.826000,0.231990,0.647280,1.804690,152.819890,-333.883060,75962.812500,,3.618350,-367.312810
0.828000,0.231990,0.634460,2.163570,152.855040,-333.883060,75555.703130,,3.615780,-367.312810
0.830000,0.231990,0.607540,2.061040,152.890270,-333.883060,75919.578130,,3.614500,-367.312810
0.832000,0.233280,0.575500,2.020020,152.925580,-333.883060,75832.031250,1.000000,3.610660,-367.312810
0.834000,0.234560,0.549870,1.866210,152.960910,-333.883060,75880.554690,,3.609380,-367.312810
0.836000,0.233280,0.539610,1.507320,152.996200,-333.883090,75767.703130,,3.608090,-367.312810
0.838000,0.234560,0.562680,1.907230,153.031340,-333.883090,75611.601560,,3.608090,-367.312810
0.840000,0.234560,0.608830,1.773930,153.066330,-333.883060,76067.226560,1.000000,3.609380,-367.312810
0.842000,0.235840,0.648560,1.773930,153.101240,-333.883090,75777.195310,,3.611940,-367.312810
0.844000,0.237120,0.670350,1.794430,153.136150,-333.883060,75997.625000,,3.613220,-367.312810
0.846000,0.235840,0.692140,1.876460,153.171080,-333.883060,76021.875000,,3.614500,-367.312770
0.848000,0.238400,0.706240,1.825200,153.206070,-333.883060,75915.351560,1.000000,3.617070,-367.312770
0.850000,0.237120,0.722900,1.722660,153.241040,-333.883060,75830.984380,,3.618350,-367.312770
0.852000,0.239690,0.722900,2.225100,153.276140,-333.883060,75948.046880,,3.615780,-367.312770
0.854000,0.239690,0.708800,2.102050,153.311340,-333.883060,76087.273440,,3.613220,-367.312770
0.856000,0.239690,0.661380,1.937990,153.346690,-333.883060,75826.757810,1.000000,3.611940,-367.312770
0.858000,0.240970,0.606260,1.804690,153.382170,-333.883060,76116.804690,,3.609380,-367.312770
0.860000,0.242250,0.560120,1.917480,153.417620,-333.883060,75871.062500,,3.608090,-367.312770
0.862000,0.243530,0.560120,1.989260,153.452900,-333.883060,76145.281250,,3.609380,-367.312770
0.864000,0.243530,0.585750,1.743160,153.488040,-333.883060,75820.429690,1.000000,3.610660,-367.312770
0.864000,0.243530,0.585750,1.743160,153.488040,-333.883060,75820.429690,1.000000,3.610660,-367.312770
0.866000,0.243530,0.616520,2.030270,153.523060,-333.883060,75945.937500,,3.610660,-367.312770
0.868000,0.243530,0.640870,1.589360,153.558000,-333.883060,76085.164060,,3.611940,-367.312770
0.870000,0.244810,0.665220,1.835450,153.592960,-333.883060,75971.257810,,3.613220,-367.312770
0.872000,0.244810,0.675480,1.507320,153.627960,-333.883060,75756.093750,1.000000,3.614500,-367.312770
0.874000,0.246090,0.672910,1.558590,153.663040,-333.883060,75629.531250,,3.613220,-367.312770
0.876000,0.246090,0.663940,1.855960,153.698200,-333.883060,76095.703130,,3.613220,-367.312770
0.878000,0.247380,0.644710,1.763670,153.733430,-333.883060,75816.210940,,3.613220,-367.312740
0.880000,0.247380,0.620360,2.327640,153.768710,-333.883060,75880.554690,1.000000,3.609380,-367.312740
0.882000,0.247380,0.584470,1.979000,153.804030,-333.883060,75914.296880,,3.610660,-367.312740
0.884000,0.246090,0.574220,1.958500,153.839280,-333.883060,75925.906250,,3.610660,-367.312740
0.886000,0.246090,0.579350,1.579100,153.874420,-333.883060,75859.453130,,3.610660,-367.312740
0.888000,0.246090,0.592160,1.773930,153.909500,-333.883060,75331.054690,1.000000,3.611940,-367.312740
0.890000,0.246090,0.592160,2.153320,153.944530,-333.883060,76055.632810,,3.613220,-367.312740
0.892000,0.247380,0.604980,1.855960,153.979510,-333.883060,75834.140630,,3.614500,-367.312740
0.894000,0.246090,0.633180,2.204590,154.014390,-333.883060,76031.375000,,3.613220,-367.312740
0.896000,0.244810,0.662660,1.630370,154.049300,-333.883060,75744.492190,1.000000,3.614500,-367.312740
0.898000,0.243530,0.679320,1.907230,154.084270,-333.883060,75518.796880,,3.611940,-367.312740
0.900000,0.246090,0.681880,1.784180,154.119370,-333.883060,76131.562500,,3.610660,-367.312740
0.902000,0.246090,0.663940,1.497070,154.154560,-333.883060,75425.984380,,3.606810,-367.312740
0.904000,0.244810,0.643430,1.937990,154.189820,-333.883060,75939.617190,1.000000,3.606810,-367.312740
0.906000,0.244810,0.637020,1.999510,154.225050,-333.883090,75976.523440,,3.606810,-367.312740
0.908000,0.242250,0.647280,2.112300,154.260190,-333.883060,76263.406250,,3.606810,-367.312740
0.910000,0.240970,0.679320,2.081540,154.295260,-333.883060,75682.265630,,3.609380,-367.312770
0.912000,0.240970,0.704960,2.020020,154.330230,-333.883060,75835.195310,1.000000,3.611940,-367.312770
0.914000,0.240970,0.729310,1.732910,154.365170,-333.883060,76085.164060,,3.614500,-367.312770
0.916000,0.239690,0.733150,1.866210,154.400160,-333.883060,75844.687500,,3.614500,-367.312770
0.918000,0.239690,0.725460,2.163570,154.435260,-333.883060,76118.914060,,3.614500,-367.312770
0.920000,0.238400,0.692140,2.009770,154.470520,-333.883060,75901.648440,1.000000,3.614500,-367.312770
0.922000,0.238400,0.660100,1.681640,154.505840,-333.883060,76205.398440,,3.611940,-367.312770
0.924000,0.238400,0.635740,1.743160,154.541180,-333.883060,75936.445310,,3.610660,-367.312770
0.926000,0.237120,0.610110,1.681640,154.576570,-333.883060,75905.859380,,3.608090,-367.312770
0.928000,0.238400,0.588320,1.845700,154.611950,-333.883060,75981.796880,1.000000,3.605530,-367.312770
0.930000,0.238400,0.587040,1.866210,154.647230,-333.883060,75923.796880,,3.605530,-367.312770
0.932000,0.238400,0.590880,1.825200,154.682430,-333.883090,76019.773440,,3.605530,-367.312770
0.934000,0.237120,0.607540,1.876460,154.717530,-333.883060,75752.929690,,3.608090,-367.312770
0.936000,0.235840,0.638310,1.712400,154.752490,-333.883060,75844.687500,1.000000,3.610660,-367.312770
0.938000,0.237120,0.675480,1.825200,154.787320,-333.883060,75901.648440,,3.613220,-367.312770
0.940000,0.235840,0.721620,1.784180,154.822110,-333.883060,75854.187500,,3.615780,-367.312770
0.942000,0.235840,0.747250,2.214840,154.856930,-333.883060,75820.429690,,3.615780,-367.312770
0.944000,0.235840,0.743410,2.173830,154.891920,-333.883060,75763.484380,1.000000,3.613220,-367.312770
0.946000,0.235840,0.715210,2.050780,154.927080,-333.883060,75942.781250,,3.611940,-367.312770
0.948000,0.235840,0.662660,1.876460,154.962420,-333.883060,75614.765630,,3.609380,-367.312770
0.950000,0.235840,0.596010,1.486820,154.997910,-333.883060,75817.265630,,3.606810,-367.312770
0.952000,0.235840,0.560120,1.640630,155.033360,-333.883060,75912.195310,1.000000,3.606810,-367.312770
0.954000,0.235840,0.560120,1.732910,155.068620,-333.883060,75806.726560,,3.604250,-367.312770
0.956000,0.237120,0.565250,2.030270,155.103820,-333.883090,75766.648440,,3.605530,-367.312770
0.958000,0.235840,0.572940,2.050780,155.138960,-333.883060,75705.476560,,3.608090,-367.312770
0.960000,0.237120,0.594730,1.876460,155.174000,-333.883060,75982.859380,1.000000,3.610660,-367.312770
0.962000,0.235840,0.615230,1.773930,155.208940,-333.883060,75809.890630,,3.611940,-367.312770
0.964000,0.237120,0.647280,1.691890,155.243800,-333.883060,75926.953130,,3.611940,-367.312770
0.966000,0.237120,0.674190,1.835450,155.278670,-333.883060,75922.734380,,3.613220,-367.312770
0.968000,0.237120,0.685730,2.296880,155.313610,-333.883060,76061.953130,1.000000,3.611940,-367.312770
0.970000,0.237120,0.690860,2.050780,155.348620,-333.883060,75645.359380,,3.611940,-367.312770
0.972000,0.237120,0.674190,2.040530,155.383740,-333.883060,75882.664060,,3.608090,-367.312770
0.974000,0.237120,0.649840,1.886720,155.418950,-333.883060,76140.000000,,3.608090,-367.312770
0.976000,0.238400,0.625490,1.784180,155.454190,-333.883060,75944.882810,1.000000,3.605530,-367.312770
0.978000,0.237120,0.590880,1.712400,155.489500,-333.883060,76171.640630,,3.605530,-367.312770
0.980000,0.239690,0.553710,1.876460,155.524830,-333.883060,75977.585940,,3.606810,-367.312770
0.982000,0.239690,0.557560,1.968750,155.560010,-333.883060,76207.500000,,3.606810,-367.312770
0.984000,0.239690,0.594730,1.835450,155.595000,-333.883060,75921.679690,1.000000,3.609380,-367.312770
0.986000,0.238400,0.637020,1.630370,155.629870,-333.883060,75752.929690,,3.611940,-367.312770
0.988000,0.239690,0.675480,1.486820,155.664720,-333.883060,75915.351560,,3.611940,-367.312770
0.990000,0.240970,0.694700,1.691890,155.699680,-333.883060,76009.218750,,3.613220,-367.312770
0.992000,0.239690,0.690860,1.794430,155.734730,-333.883060,76081.992190,1.000000,3.611940,-367.312770
0.994000,0.240970,0.676760,2.132810,155.769900,-333.883060,75535.664060,,3.609380,-367.312770
0.996000,0.240970,0.669070,2.132810,155.805080,-333.883060,76096.757810,,3.609380,-367.312770
0.998000,0.240970,0.666500,1.825200,155.840270,-333.883060,75872.109380,,3.606810,-367.312770
1.000000,0.242250,0.672910,1.579100,155.875410,-333.883060,75847.851560,1.000000,3.608090,-367.312770
1.002000,0.242250,0.653690,1.630370,155.910610,-333.883060,75813.054690,,3.606810,-367.312770
1.004000,0.242250,0.640870,1.896970,155.945820,-333.883060,75853.132810,,3.608090,-367.312770
1.006000,0.242250,0.634460,1.948240,155.980970,-333.883060,75934.335940,,3.609380,-367.312770
1.008000,0.242250,0.630620,2.030270,156.016110,-333.883060,75404.882810,1.000000,3.609380,-367.312770
1.010000,0.242250,0.613950,1.691890,156.051240,-333.883060,75980.742190,,3.611940,-367.312770
1.012000,0.242250,0.613950,1.620120,156.086330,-333.883060,75935.390630,,3.610660,-367.312770
1.014000,0.243530,0.615230,1.650880,156.121460,-333.883060,75938.562500,,3.610660,-367.312770
1.016000,0.244810,0.604980,1.486820,156.156630,-333.883060,75730.781250,1.000000,3.609380,-367.312770
1.018000,0.243530,0.587040,1.866210,156.191890,-333.883060,75682.265630,,3.608090,-367.312770
1.020000,0.244810,0.575500,1.948240,156.227140,-333.883060,75902.695310,,3.608090,-367.312770
1.022000,0.243530,0.563960,2.296880,156.262370,-333.883060,75717.070310,,3.606810,-367.312740
1.024000,0.243530,0.553710,1.866210,156.297590,-333.883060,75979.687500,1.000000,3.606810,-367.312740
1.024000,0.243530,0.553710,1.866210,156.297590,-333.883060,75979.687500,1.000000,3.606810,-367.312740
1.026000,0.243530,0.547300,1.979000,156.332720,-333.883060,75999.734380,,3.608090,-367.312740
1.028000,0.243530,0.562680,1.712400,156.367750,-333.883060,75924.851560,,3.609380,-367.312740
1.030000,0.243530,0.610110,1.855960,156.402620,-333.883060,75797.234380,,3.610660,-367.312740
1.032000,0.243530,0.647280,2.276370,156.437440,-333.883060,75716.015630,1.000000,3.611940,-367.312740
1.034000,0.243530,0.670350,1.855960,156.472260,-333.883060,76143.164060,,3.611940,-367.312770
1.036000,0.244810,0.672910,1.886720,156.507190,-333.883060,75819.375000,,3.610660,-367.312770
1.038000,0.243530,0.642150,1.681640,156.542300,-333.883060,76162.148440,,3.609380,-367.312740
1.040000,0.243530,0.590880,1.732910,156.577560,-333.883060,75958.601560,1.000000,3.609380,-367.312740
1.042000,0.244810,0.569090,1.712400,156.612840,-333.883060,76200.117190,,3.606810,-367.312740
1.044000,0.244810,0.566530,1.814940,156.648090,-333.883060,75964.921880,,3.606810,-367.312740
1.046000,0.244810,0.569090,1.917480,156.683300,-333.883060,75805.664060,,3.605530,-367.312740
1.048000,0.243530,0.565250,1.732910,156.718510,-333.883060,76115.750000,1.000000,3.605530,-367.312740
1.050000,0.243530,0.566530,2.040530,156.753680,-333.883090,75969.148440,,3.604250,-367.312740
1.052000,0.242250,0.575500,1.722660,156.788770,-333.883060,76140.000000,,3.606810,-367.312740
1.054000,0.242250,0.606260,1.937990,156.823760,-333.883060,75752.929690,,3.609380,-367.312740
1.056000,0.242250,0.643430,2.071290,156.858670,-333.883060,76032.429690,1.000000,3.613220,-367.312770
1.058000,0.242250,0.670350,1.979000,156.893540,-333.883060,75787.734380,,3.613220,-367.312770
1.060000,0.240970,0.690860,1.989260,156.928480,-333.883060,75826.757810,,3.613220,-367.312770
1.062000,0.239690,0.678040,1.743160,156.963560,-333.883060,75868.945310,,3.610660,-367.312770
1.064000,0.239690,0.654970,1.650880,156.998760,-333.883060,75892.148440,1.000000,3.609380,-367.312770
1.066000,0.239690,0.630620,1.589360,157.034030,-333.883060,75944.882810,,3.608090,-367.312770
1.068000,0.238400,0.594730,1.640630,157.069380,-333.883060,75614.765630,,3.606810,-367.312770
1.070000,0.240970,0.530640,2.009770,157.104840,-333.883060,75999.734380,,3.605530,-367.312770
1.072000,0.238400,0.493470,1.814940,157.140260,-333.883060,75917.460940,1.000000,3.605530,-367.312770
1.074000,0.237120,0.489620,1.927730,157.175520,-333.883060,75825.710940,,3.606810,-367.312770
1.076000,0.237120,0.524230,1.620120,157.210600,-333.883060,75752.929690,,3.608090,-367.312770
1.078000,0.237120,0.575500,2.061040,157.245540,-333.883060,75616.882810,,3.610660,-367.312770
1.080000,0.237120,0.611390,1.825200,157.280430,-333.883060,75918.515630,1.000000,3.611940,-367.312770
1.082000,0.235840,0.626770,2.091800,157.315320,-333.883060,75474.500000,,3.610660,-367.312770
1.084000,0.235840,0.637020,2.153320,157.350280,-333.883060,75968.093750,,3.611940,-367.312770
1.086000,0.235840,0.642150,2.061040,157.385330,-333.883060,75961.757810,,3.611940,-367.312770
1.088000,0.234560,0.652400,2.143070,157.420360,-333.883060,76051.406250,1.000000,3.610660,-367.312770
1.090000,0.234560,0.658810,1.753420,157.455460,-333.883060,75837.312500,,3.610660,-367.312770
1.092000,0.235840,0.647280,1.855960,157.490630,-333.883060,75888.992190,,3.608090,-367.312770
1.094000,0.235840,0.617800,1.773930,157.525860,-333.883060,76031.375000,,3.606810,-367.312770
1.096000,0.235840,0.584470,1.907230,157.561160,-333.883060,75794.070310,1.000000,3.605530,-367.312770
1.098000,0.234560,0.553710,1.763670,157.596480,-333.883060,75988.125000,,3.605530,-367.312770
1.100000,0.234560,0.526790,1.784180,157.631770,-333.883060,75918.515630,,3.606810,-367.312770
1.102000,0.235840,0.533200,1.609860,157.666950,-333.883060,76270.789060,,3.609380,-367.312770
1.104000,0.235840,0.549870,1.681640,157.702040,-333.883060,75821.492190,1.000000,3.610660,-367.312770
1.106000,0.235840,0.570370,1.999510,157.737050,-333.883060,75888.992190,,3.610660,-367.312770
1.108000,0.237120,0.580630,1.968750,157.772110,-333.883060,75950.156250,,3.610660,-367.312770
1.110000,0.237120,0.580630,2.266110,157.807210,-333.883060,75879.492190,,3.609380,-367.312770
1.112000,0.237120,0.580630,1.866210,157.842330,-333.883060,76034.531250,1.000000,3.608090,-367.312770
1.114000,0.235840,0.578060,1.866210,157.877460,-333.883060,75664.335940,,3.606810,-367.312770
1.116000,0.237120,0.574220,1.650880,157.912610,-333.883060,75977.585940,,3.608090,-367.312770
1.118000,0.238400,0.583190,1.866210,157.947690,-333.883060,75895.320310,,3.606810,-367.312770
1.120000,0.239690,0.579350,1.907230,157.982800,-333.883060,75877.382810,1.000000,3.608090,-367.312770
1.122000,0.238400,0.597290,2.009770,158.017850,-333.883060,75712.851560,,3.606810,-367.312770
1.124000,0.239690,0.617800,1.835450,158.052830,-333.883060,75818.320310,,3.608090,-367.312770
1.126000,0.240970,0.634460,1.527830,158.087810,-333.883060,75890.039060,,3.609380,-367.312770
1.128000,0.239690,0.626770,1.640630,158.122880,-333.883060,75595.789060,1.000000,3.609380,-367.312770
1.130000,0.242250,0.596010,1.538090,158.158040,-333.883060,75939.617190,,3.609380,-367.312770
1.132000,0.242250,0.589600,1.630370,158.193190,-333.883060,75945.937500,,3.610660,-367.312770
1.134000,0.242250,0.601140,1.999510,158.228300,-333.883060,75860.507810,,3.609380,-367.312770
1.136000,0.242250,0.624210,2.409670,158.263380,-333.883060,75721.296880,1.000000,3.608090,-367.312770
1.138000,0.242250,0.628050,2.091800,158.298550,-333.883060,75589.460940,,3.606810,-367.312770
1.140000,0.243530,0.610110,1.784180,158.333790,-333.883060,75925.906250,,3.606810,-367.312740
1.142000,0.242250,0.593440,1.599610,158.369030,-333.883060,75919.578130,,3.605530,-367.312740
1.144000,0.243530,0.592160,1.722660,158.404220,-333.883060,75948.046880,1.000000,3.605530,-367.312740
1.146000,0.244810,0.599850,2.102050,158.439350,-333.883060,75933.281250,,3.608090,-367.312740
1.148000,0.243530,0.633180,2.163570,158.474380,-333.883060,76031.375000,,3.610660,-367.312740
1.150000,0.244810,0.643430,1.968750,158.509430,-333.883060,75796.179690,,3.610660,-367.312740
1.152000,0.246090,0.647280,1.927730,158.544450,-333.883060,75671.718750,1.000000,3.610660,-367.312740
1.154000,0.246090,0.642150,1.671390,158.579530,-333.883060,76100.984380,,3.610660,-367.312740
1.156000,0.246090,0.630620,1.476560,158.614650,-333.883060,75862.617190,,3.609380,-367.312740
1.158000,0.246090,0.608830,1.702150,158.649860,-333.883060,76160.046880,,3.608090,-367.312740
1.160000,0.247380,0.565250,1.968750,158.685180,-333.883060,75880.554690,1.000000,3.608090,-367.312740
1.162000,0.246090,0.529360,2.071290,158.720540,-333.883060,76107.304690,,3.606810,-367.312740
1.164000,0.246090,0.507570,2.081540,158.755840,-333.883060,75835.195310,,3.606810,-367.312740
1.166000,0.244810,0.506290,1.948240,158.791080,-333.883060,76064.062500,,3.605530,-367.312740
1.168000,0.244810,0.512700,1.732910,158.826250,-333.883060,76089.382810,1.000000,3.606810,-367.312740
1.170000,0.244810,0.525510,1.896970,158.861340,-333.883060,75834.140630,,3.606810,-367.312740
1.172000,0.244810,0.546020,2.040530,158.896360,-333.883060,76281.328130,,3.606810,-367.312740
1.174000,0.244810,0.571660,1.999510,158.931300,-333.883060,75587.351560,,3.608090,-367.312740
1.176000,0.244810,0.590880,1.917480,158.966230,-333.883060,75951.210940,1.000000,3.609380,-367.312740
1.178000,0.244810,0.625490,1.476560,159.001070,-333.883060,75845.742190,,3.610660,-367.312740
1.180000,0.243530,0.640870,1.650880,159.036000,-333.883060,75826.757810,,3.609380,-367.312740
1.182000,0.243530,0.654970,1.517580,159.070980,-333.883060,76021.875000,,3.609380,-367.312740
1.184000,0.243530,0.644710,1.937990,159.106090,-333.883060,75949.101560,1.000000,3.606810,-367.312740
1.184000,0.243530,0.644710,1.937990,159.106090,-333.883060,75949.101560,1.000000,3.606810,-367.312740
1.186000,0.243530,0.617800,1.896970,159.141310,-333.883060,75954.382810,,3.605530,-367.312740
1.188000,0.242250,0.587040,1.845700,159.176610,-333.883060,75451.289060,,3.604250,-367.312740
1.190000,0.242250,0.547300,1.845700,159.211990,-333.883060,75905.859380,,3.605530,-367.312740
1.192000,0.242250,0.531920,1.722660,159.247310,-333.883060,75840.476560,1.000000,3.605530,-367.312740
1.194000,0.240970,0.539610,1.968750,159.282520,-333.883060,75857.343750,,3.606810,-367.312740
1.196000,0.240970,0.571660,1.784180,159.317580,-333.883060,75742.390630,,3.609380,-367.312740
1.198000,0.239690,0.601140,2.307130,159.352620,-333.883060,75793.015630,,3.609380,-367.312770
1.200000,0.238400,0.617800,2.050780,159.387620,-333.883060,75987.078130,1.000000,3.609380,-367.312770
1.202000,0.238400,0.635740,2.214840,159.422650,-333.883060,75598.945310,,3.608090,-367.312770
1.204000,0.238400,0.654970,1.743160,159.457670,-333.883060,75759.257810,,3.609380,-367.312770
1.206000,0.238400,0.663940,1.661130,159.492750,-333.883060,75951.210940,,3.609380,-367.312770
1.208000,0.237120,0.658810,1.989260,159.527920,-333.883060,76008.164060,1.000000,3.606810,-367.312770
1.210000,0.237120,0.642150,1.671390,159.563170,-333.883060,75763.484380,,3.606810,-367.312770
1.212000,0.237120,0.622920,2.102050,159.598480,-333.883060,75674.890630,,3.605530,-367.312770
1.214000,0.237120,0.596010,1.732910,159.633820,-333.883060,76090.437500,,3.605530,-367.312770
1.216000,0.235840,0.571660,1.794430,159.669140,-333.883060,75896.375000,1.000000,3.604250,-367.312770
1.218000,0.235840,0.549870,1.640630,159.704470,-333.883060,75938.562500,,3.605530,-367.312770
1.220000,0.237120,0.534480,1.896970,159.739790,-333.883060,75883.718750,,3.608090,-367.312770
1.222000,0.235840,0.537050,2.091800,159.774980,-333.883060,76207.500000,,3.608090,-367.312770
1.224000,0.234560,0.563960,2.245610,159.810000,-333.883060,75909.031250,1.000000,3.610660,-367.312770
1.226000,0.234560,0.608830,2.030270,159.844920,-333.883060,75816.210940,,3.610660,-367.312770
1.228000,0.235840,0.630620,1.732910,159.879930,-333.883060,76136.835940,,3.610660,-367.312770
1.230000,0.234560,0.626770,1.814940,159.915050,-333.883060,75974.421880,,3.609380,-367.312770
1.232000,0.235840,0.604980,1.886720,159.950270,-333.883060,76170.585940,1.000000,3.609380,-367.312770
1.234000,0.235840,0.588320,1.784180,159.985520,-333.883060,75578.906250,,3.608090,-367.312770
1.236000,0.237120,0.580630,2.091800,160.020720,-333.883060,76138.945310,,3.606810,-367.312770
1.238000,0.237120,0.578060,1.650880,160.055950,-333.883060,75924.851560,,3.606810,-367.312770
1.240000,0.235840,0.567810,1.650880,160.091170,-333.883060,75875.273440,1.000000,3.605530,-367.312770
1.242000,0.237120,0.563960,1.599610,160.126340,-333.883060,75825.710940,,3.605530,-367.312770
1.244000,0.238400,0.562680,1.568850,160.161510,-333.883060,75941.726560,,3.608090,-367.312770
1.246000,0.238400,0.556270,1.691890,160.196620,-333.883060,75904.804690,,3.609380,-367.312770
1.248000,0.238400,0.558840,1.927730,160.231700,-333.883060,75527.226560,1.000000,3.609380,-367.312770
1.250000,0.239690,0.556270,2.389160,160.266800,-333.883060,75980.742190,,3.609380,-367.312770
1.252000,0.239690,0.539610,1.948240,160.301960,-333.883060,75852.078130,,3.610660,-367.312770
1.254000,0.239690,0.549870,1.927730,160.337080,-333.883060,75943.835940,,3.609380,-367.312770
1.256000,0.238400,0.558840,1.609860,160.372190,-333.883060,75760.312500,1.000000,3.608090,-367.312770
1.258000,0.239690,0.566530,1.958500,160.407320,-333.883060,75593.671880,,3.608090,-367.312770
1.260000,0.240970,0.561400,1.917480,160.442520,-333.883060,75945.937500,,3.608090,-367.312770
1.262000,0.242250,0.546020,2.225100,160.477750,-333.883060,75482.929690,,3.605530,-367.312770
1.264000,0.242250,0.548580,2.009770,160.512920,-333.883060,75931.179690,1.000000,3.605530,-367.312770
1.266000,0.240970,0.571660,1.927730,160.547970,-333.883060,75955.437500,,3.606810,-367.312770
1.268000,0.242250,0.604980,1.650880,160.582980,-333.883060,75951.210940,,3.609380,-367.312740
1.270000,0.242250,0.643430,1.630370,160.617900,-333.883060,75832.031250,,3.609380,-367.312740
1.272000,0.243530,0.675480,1.845700,160.652770,-333.883060,75579.960940,1.000000,3.609380,-367.312740
1.274000,0.244810,0.683170,1.763670,160.687760,-333.883060,76158.992190,,3.609380,-367.312740
1.276000,0.244810,0.665220,2.061040,160.722900,-333.883060,75783.515630,,3.609380,-367.312740
1.278000,0.243530,0.638310,2.132810,160.758150,-333.883060,76177.976560,,3.608090,-367.312740
1.280000,0.243530,0.606260,2.050780,160.793520,-333.883060,75788.789060,1.000000,3.609380,-367.312740
1.282000,0.243530,0.580630,1.876460,160.828870,-333.883060,76138.945310,,3.608090,-367.312740
1.284000,0.244810,0.579350,1.773930,160.864170,-333.883060,75883.718750,,3.606810,-367.312740
1.286000,0.244810,0.574220,2.091800,160.899440,-333.883060,75879.492190,,3.605530,-367.312740
1.288000,0.244810,0.567810,2.040530,160.934740,-333.883060,75977.585940,1.000000,3.605530,-367.312740
1.290000,0.243530,0.563960,2.050780,160.970000,-333.883060,75944.882810,,3.606810,-367.312740
1.292000,0.243530,0.578060,1.558590,161.005170,-333.883060,76222.273440,,3.606810,-367.312740
1.294000,0.243530,0.613950,1.753420,161.040180,-333.883060,75782.468750,,3.608090,-367.312740
1.296000,0.244810,0.652400,1.784180,161.075090,-333.883060,75999.734380,1.000000,3.610660,-367.312740
1.298000,0.243530,0.661380,1.702150,161.110110,-333.883060,75878.437500,,3.609380,-367.312740
1.300000,0.244810,0.649840,1.896970,161.145220,-333.883060,75788.789060,,3.609380,-367.312740
1.302000,0.244810,0.640870,1.876460,161.180390,-333.883030,75778.250000,,3.609380,-367.312740
1.304000,0.243530,0.629330,1.876460,161.215590,-333.883030,75799.335940,1.000000,3.609380,-367.312740
1.306000,0.243530,0.599850,1.804690,161.250870,-333.883060,75939.617190,,3.608090,-367.312740
1.308000,0.243530,0.557560,1.763670,161.286250,-333.883060,75616.882810,,3.606810,-367.312740
1.310000,0.244810,0.511410,2.020020,161.321690,-333.883060,76012.390630,,3.604250,-367.312740
1.312000,0.242250,0.483220,1.979000,161.357060,-333.883060,75796.179690,1.000000,3.605530,-367.312740
1.314000,0.242250,0.507570,2.173830,161.392210,-333.883060,75906.914060,,3.606810,-367.312740
1.316000,0.242250,0.549870,2.081540,161.427230,-333.883060,75692.820310,,3.608090,-367.312740
1.318000,0.242250,0.599850,1.907230,161.462100,-333.883060,75640.078130,,3.609380,-367.312740
1.320000,0.242250,0.635740,1.538090,161.496990,-333.883060,75892.148440,1.000000,3.609380,-367.312740
1.322000,0.242250,0.639590,1.630370,161.531980,-333.883060,75678.054690,,3.609380,-367.312740
1.324000,0.242250,0.640870,1.763670,161.567020,-333.883060,75954.382810,,3.609380,-367.312740
1.326000,0.242250,0.656250,1.886720,161.602050,-333.883060,75926.953130,,3.609380,-367.312740
1.328000,0.242250,0.665220,2.061040,161.637130,-333.883030,76060.898440,1.000000,3.609380,-367.312740
1.330000,0.242250,0.666500,1.948240,161.672300,-333.883060,75712.851560,,3.606810,-367.312740
1.332000,0.242250,0.657530,1.773930,161.707490,-333.883060,75616.882810,,3.605530,-367.312740
1.334000,0.242250,0.629330,1.804690,161.742770,-333.883060,76134.726560,,3.604250,-367.312740
1.336000,0.240970,0.598570,1.794430,161.778080,-333.883060,75864.726560,1.000000,3.604250,-367.312740
1.338000,0.239690,0.583190,2.122560,161.813370,-333.883060,76028.210940,,3.605530,-367.312740
1.340000,0.240970,0.592160,2.153320,161.848540,-333.883060,75904.804690,,3.608090,-367.312770
1.342000,0.238400,0.608830,1.773930,161.883590,-333.883060,76098.867190,,3.610660,-367.312770
1.344000,0.239690,0.639590,2.061040,161.918590,-333.883060,75929.070310,1.000000,3.609380,-367.312770
1.346000,0.238400,0.652400,1.958500,161.953640,-333.883060,75835.195310,,3.610660,-367.312770
1.348000,0.239690,0.656250,1.527830,161.988750,-333.883060,76125.234380,,3.609380,-367.312770
1.350000,0.238400,0.657530,1.845700,162.023930,-333.883060,75961.757810,,3.609380,-367.312770
1.352000,0.239690,0.642150,1.712400,162.059190,-333.883060,76108.359380,1.000000,3.606810,-367.312770
1.354000,0.238400,0.617800,1.743160,162.094510,-333.883060,75668.554690,,3.605530,-367.312770
1.356000,0.238400,0.590880,1.640630,162.129850,-333.883060,76015.546880,,3.604250,-367.312770
1.358000,0.237120,0.569090,1.435550,162.165180,-333.883060,75887.929690,,3.604250,-367.312770
1.360000,0.238400,0.569090,1.702150,162.200420,-333.883060,75866.843750,1.000000,3.605530,-367.312770
1.362000,0.238400,0.604980,1.671390,162.235470,-333.883060,75895.320310,,3.608090,-367.312770
1.364000,0.237120,0.643430,2.225100,162.270400,-333.883060,75944.882810,,3.608090,-367.312770
1.366000,0.235840,0.651120,1.989260,162.305330,-333.883060,75987.078130,,3.610660,-367.312770
1.368000,0.235840,0.648560,1.979000,162.340320,-333.883060,75588.406250,1.000000,3.611940,-367.312770
1.368000,0.235840,0.648560,1.979000,162.340320,-333.883060,75588.406250,1.000000,3.611940,-367.312770
1.370000,0.235840,0.633180,1.702150,162.375400,-333.883030,75921.679690,,3.611940,-367.312770
1.372000,0.235840,0.634460,1.661130,162.410510,-333.883030,75844.687500,,3.610660,-367.312770
1.374000,0.237120,0.642150,2.050780,162.445620,-333.883030,75928.015630,,3.609380,-367.312770
1.376000,0.237120,0.643430,1.876460,162.480800,-333.883030,75878.437500,1.000000,3.609380,-367.312770
1.378000,0.237120,0.624210,2.173830,162.516070,-333.883060,75677.000000,,3.602970,-367.312770
1.380000,0.237120,0.589600,1.681640,162.551440,-333.883060,75957.539060,,3.601680,-367.312770
1.382000,0.238400,0.548580,1.630370,162.586870,-333.883060,75659.062500,,3.601680,-367.312770
1.384000,0.239690,0.544740,1.640630,162.622130,-333.883060,75883.718750,1.000000,3.604250,-367.312770
1.386000,0.238400,0.578060,1.589360,162.657180,-333.883060,75956.492190,,3.608090,-367.312770
1.388000,0.238400,0.620360,1.958500,162.692120,-333.883060,76091.484380,,3.609380,-367.312770
1.390000,0.238400,0.646000,1.948240,162.727010,-333.883060,75768.750000,,3.611940,-367.312770
1.392000,0.238400,0.665220,2.491700,162.761920,-333.883030,75664.335940,1.000000,3.611940,-367.312770
1.394000,0.239690,0.666500,1.968750,162.796880,-333.883030,76080.937500,,3.611940,-367.312770
1.396000,0.238400,0.657530,1.825200,162.831950,-333.883030,75909.031250,,3.610660,-367.312770
1.398000,0.239690,0.633180,1.661130,162.867110,-333.883030,76079.882810,,3.609380,-367.312770
1.400000,0.240970,0.596010,1.927730,162.902400,-333.883060,75856.289060,1.000000,3.608090,-367.312770
1.402000,0.240970,0.569090,2.255860,162.937730,-333.883060,76144.226560,,3.605530,-367.312770
1.404000,0.240970,0.551150,1.917480,162.973020,-333.883060,75856.289060,,3.604250,-367.312770
1.406000,0.240970,0.549870,1.886720,163.008260,-333.883060,75867.898440,,3.604250,-367.312770
1.408000,0.243530,0.580630,1.558590,163.043330,-333.883060,76158.992190,1.000000,3.604250,-367.312740
1.410000,0.240970,0.621640,1.722660,163.078310,-333.883060,76016.609380,,3.606810,-367.312740
1.412000,0.242250,0.653690,1.702150,163.113220,-333.883060,76202.234380,,3.609380,-367.312740
1.414000,0.244810,0.683170,1.794430,163.148070,-333.883060,75778.250000,,3.610660,-367.312740
1.416000,0.243530,0.716490,1.958500,163.182940,-333.883030,76069.335940,1.000000,3.613220,-367.312740
1.418000,0.243530,0.745970,1.763670,163.217830,-333.883030,75813.054690,,3.613220,-367.312740
1.420000,0.244810,0.745970,1.835450,163.252840,-333.883030,75781.414060,,3.611940,-367.312740
1.422000,0.244810,0.737000,1.661130,163.287960,-333.883030,75801.445310,,3.610660,-367.312740
1.424000,0.244810,0.706240,2.030270,163.323240,-333.883030,75933.281250,1.000000,3.608090,-367.312740
1.426000,0.246090,0.652400,1.896970,163.358640,-333.883060,75950.156250,,3.605530,-367.312740
1.428000,0.246090,0.599850,2.102050,163.394100,-333.883060,75517.734380,,3.604250,-367.312740
1.430000,0.246090,0.557560,2.194340,163.429530,-333.883060,75964.921880,,3.605530,-367.312740
1.432000,0.244810,0.567810,1.702150,163.464780,-333.883060,75828.867190,1.000000,3.606810,-367.312740
1.434000,0.246090,0.602420,1.681640,163.499860,-333.883060,75810.937500,,3.608090,-367.312740
1.436000,0.246090,0.631900,1.620120,163.534840,-333.883060,75769.812500,,3.609380,-367.312740
1.438000,0.246090,0.660100,1.814940,163.569750,-333.883030,75698.085940,,3.610660,-367.312740
1.440000,0.246090,0.679320,1.979000,163.604710,-333.883030,76085.164060,1.000000,3.610660,-367.312740
1.442000,0.247380,0.678040,1.855960,163.639770,-333.883030,75394.335940,,3.610660,-367.312740
1.444000,0.246090,0.671630,1.927730,163.674900,-333.883030,75772.976560,,3.610660,-367.312740
1.446000,0.244810,0.662660,1.691890,163.710070,-333.883030,75918.515630,,3.610660,-367.312740
1.448000,0.246090,0.646000,1.896970,163.745290,-333.883030,75899.531250,1.000000,3.608090,-367.312740
1.450000,0.244810,0.608830,1.866210,163.780590,-333.883060,75667.500000,,3.606810,-367.312740
1.452000,0.244810,0.579350,2.173830,163.815900,-333.883060,75585.234380,,3.606810,-367.312740
1.454000,0.244810,0.575500,2.184080,163.851120,-333.883060,76205.398440,,3.606810,-367.312740
1.456000,0.243530,0.583190,1.845700,163.886220,-333.883060,75858.406250,1.000000,3.606810,-367.312740
1.458000,0.242250,0.594730,2.040530,163.921260,-333.883060,76153.710940,,3.609380,-367.312740
1.460000,0.242250,0.596010,1.937990,163.956270,-333.883030,75905.859380,,3.610660,-367.312740
1.462000,0.242250,0.619080,1.712400,163.991180,-333.883030,76088.328130,,3.611940,-367.312740
1.464000,0.242250,0.656250,1.814940,164.026050,-333.883030,75914.296880,1.000000,3.611940,-367.312740
1.466000,0.242250,0.676760,1.825200,164.061020,-333.883030,75759.257810,,3.609380,-367.312740
1.468000,0.240970,0.680600,1.732910,164.096070,-333.883030,76023.984380,,3.608090,-367.312740
1.470000,0.239690,0.669070,1.722660,164.131260,-333.883030,75953.328130,,3.606810,-367.312740
1.472000,0.240970,0.640870,1.579100,164.166520,-333.883060,76201.171880,1.000000,3.604250,-367.312740
1.474000,0.240970,0.624210,1.886720,164.201800,-333.883060,75646.414060,,3.605530,-367.312740
1.476000,0.247380,0.633180,2.225100,164.236970,-333.883090,76084.101560,,3.611940,-367.312770
1.478000,0.255070,0.675480,2.225100,164.271960,-333.883030,75841.523440,,3.601680,-367.312840
1.480000,0.240970,0.708800,2.266110,164.306930,-333.883000,75842.585940,1.000000,3.611940,-367.312770
1.482000,0.242250,0.716490,1.927730,164.341960,-333.883030,75647.468750,,3.627320,-367.312710
1.484000,0.240970,0.701110,1.804690,164.377060,-333.883060,75953.328130,,3.610660,-367.312680
1.486000,0.244810,0.699830,1.661130,164.412160,-333.883030,75970.203130,,3.611940,-367.312710
1.488000,0.244810,0.669070,2.522460,164.447360,-333.883030,75648.523440,1.000000,3.610660,-367.312740
1.490000,0.261470,0.649840,2.922360,164.482600,-333.883120,75954.382810,,3.638850,-367.312840
1.492000,0.317870,0.670350,2.532710,164.517670,-333.882900,75597.890630,,3.576050,-367.313110
1.494000,0.296080,0.717770,2.276370,164.552670,-333.882690,75910.085940,,3.569640,-367.313110
1.496000,0.279420,0.670350,1.814940,164.588070,-333.882840,75739.226560,1.000000,3.633730,-367.312840
1.498000,0.247380,0.619080,1.835450,164.623640,-333.883000,75630.585940,,3.610660,-367.312530
1.500000,0.246090,0.580630,1.527830,164.659120,-333.882970,75991.289060,,3.599120,-367.312470
1.502000,0.270450,0.552430,2.583980,164.694500,-333.882930,75664.335940,,3.600400,-367.312590
1.504000,0.299930,0.587040,4.009280,164.729580,-333.883240,75979.687500,1.000000,3.685000,-367.312810
1.506000,0.440920,0.692140,3.793950,164.764130,-333.882840,75776.132810,,3.554260,-367.313450
1.508000,0.444760,0.870300,2.942870,164.798340,-333.882320,76072.507810,,3.523500,-367.313720
1.510000,0.393490,0.871580,2.235350,164.833130,-333.882540,75852.078130,,3.638850,-367.313230
1.512000,0.289670,0.833130,2.091800,164.868360,-333.882900,75861.562500,1.000000,3.629880,-367.312440
1.514000,0.211490,0.747250,1.937990,164.903870,-333.882810,75878.437500,,3.597840,-367.311860
1.516000,0.238400,0.643430,2.727540,164.939540,-333.882780,75830.984380,,3.574770,-367.311830
1.518000,0.297360,0.578060,3.958010,164.975140,-333.883210,76164.265630,,3.699100,-367.312100
1.520000,0.448610,0.563960,3.599120,165.010360,-333.882750,76023.984380,1.000000,3.526060,-367.312870
1.522000,0.487060,0.702390,2.440430,165.045040,-333.882110,75888.992190,,3.470950,-367.313420
1.524000,0.429380,0.702390,2.204590,165.080090,-333.882420,75886.875000,,3.615780,-367.313110
1.526000,0.343510,0.669070,1.896970,165.115540,-333.882870,75944.882810,,3.600400,-367.312380
1.528000,0.253780,0.639590,1.743160,165.150960,-333.882900,75853.132810,1.000000,3.600400,-367.311740
1.528000,0.253780,0.639590,1.743160,165.150960,-333.882900,75853.132810,1.000000,3.600400,-367.311740
1.530000,0.246090,0.565250,2.819820,165.186450,-333.882810,75796.179690,,3.545290,-367.311550
1.532000,0.307620,0.588320,4.921880,165.221620,-333.883330,75847.851560,,3.719600,-367.311740
1.534000,0.520390,0.656250,4.737300,165.256260,-333.882810,75720.242190,,3.529910,-367.312740
1.536000,0.643430,0.847230,3.199220,165.290410,-333.881740,76055.632810,1.000000,3.383790,-367.313780
1.538000,0.574220,0.871580,2.860840,165.325150,-333.881990,75600.000000,,3.591430,-367.313480
1.540000,0.412720,0.769040,2.255860,165.360660,-333.882570,75903.750000,,3.561950,-367.312290
1.542000,0.237120,0.713930,2.153320,165.396270,-333.882780,75505.078130,,3.613220,-367.311070
1.544000,0.143550,0.548580,2.912110,165.432210,-333.882660,75990.234380,1.000000,3.500430,-367.310420
1.546000,0.221740,0.499880,4.255370,165.467880,-333.883360,75654.843750,,3.696530,-367.310490
1.548000,0.378110,0.502440,4.173340,165.502940,-333.883030,75618.992190,,3.567080,-367.311280
1.550000,0.531920,0.630620,2.871090,165.537450,-333.881990,75868.945310,,3.370970,-367.312380
1.552000,0.499880,0.760070,2.522460,165.571880,-333.882260,75679.109380,1.000000,3.619630,-367.312560
1.554000,0.394780,0.715210,2.276370,165.606990,-333.882660,76153.710940,,3.549130,-367.311860
1.556000,0.269170,0.770320,1.999510,165.642000,-333.882900,75654.843750,,3.610660,-367.311040
1.558000,0.188420,0.670350,2.819820,165.677410,-333.882750,76049.296880,,3.533750,-367.310610
1.560000,0.260190,0.633180,5.014160,165.712840,-333.883330,75731.835940,1.000000,3.676030,-367.310700
1.562000,0.446040,0.663940,5.598630,165.747760,-333.883090,75942.781250,,3.596560,-367.311610
1.564000,0.679320,0.785710,3.804200,165.782240,-333.881560,75711.804690,,3.268430,-367.313080
1.566000,0.665220,0.904910,3.373540,165.816820,-333.881770,75836.257810,,3.547850,-367.313420
1.568000,0.506290,0.792110,2.625000,165.852330,-333.882390,76396.296880,1.000000,3.535030,-367.312230
1.570000,0.266600,0.769040,2.409670,165.887950,-333.882810,75934.335940,,3.604250,-367.310760
1.572000,0.092290,0.611390,2.727540,165.923830,-333.882840,76156.875000,,3.552980,-367.309720
1.574000,0.142270,0.507570,4.101560,165.959700,-333.883360,75686.484380,,3.659360,-367.309570
1.576000,0.294800,0.554990,4.614260,165.994710,-333.883390,75914.296880,1.000000,3.635010,-367.310270
1.578000,0.516540,0.647280,3.476070,166.029170,-333.881930,75885.828130,,3.322270,-367.311650
1.580000,0.547300,0.813900,2.686520,166.063450,-333.881990,75834.140630,,3.552980,-367.312380
1.582000,0.455020,0.731870,2.389160,166.098590,-333.882540,75938.562500,,3.549130,-367.311830
1.584000,0.284550,0.740840,2.009770,166.133880,-333.882810,75983.914060,1.000000,3.578610,-367.310850
1.586000,0.162780,0.639590,2.163570,166.169430,-333.882840,75804.609380,,3.535030,-367.310180
1.588000,0.199950,0.534480,4.860350,166.205230,-333.883300,75510.351560,,3.629880,-367.310090
1.590000,0.362730,0.601140,6.029300,166.240260,-333.883360,75723.406250,,3.629880,-367.310880
1.592000,0.661380,0.688290,4.788570,166.274840,-333.881740,75688.593750,1.000000,3.237670,-367.312560
1.594000,0.737000,0.813900,3.752930,166.309400,-333.881620,75943.835940,,3.464540,-367.313480
1.596000,0.589600,0.702390,2.922360,166.344830,-333.882420,75654.843750,,3.514530,-367.312560
1.598000,0.323000,0.653690,2.194340,166.380450,-333.882900,75730.781250,,3.563230,-367.310850
1.600000,0.087160,0.620360,2.235350,166.415940,-333.883060,75868.945310,1.000000,3.551700,-367.309450
1.602000,0.057680,0.499880,4.019530,166.451550,-333.883580,75881.609380,,3.604250,-367.308900
1.604000,0.224300,0.584470,5.157710,166.486360,-333.883790,75935.390630,,3.677310,-367.309510
1.606000,0.469120,0.649840,4.388670,166.520690,-333.882260,75830.984380,,3.272280,-367.311000
1.608000,0.596010,0.802370,3.188960,166.554930,-333.881960,76138.945310,1.000000,3.455570,-367.312160
1.610000,0.524230,0.735720,2.501950,166.590000,-333.882570,75772.976560,,3.531190,-367.311980
1.612000,0.325560,0.689580,2.020020,166.625440,-333.882930,75761.367190,,3.515810,-367.310910
1.614000,0.166630,0.680600,1.927730,166.660830,-333.883060,75971.257810,,3.561950,-367.309970
1.616000,0.134580,0.533200,4.286130,166.696610,-333.883510,75767.703130,1.000000,3.577330,-367.309600
1.618000,0.303770,0.589600,6.439450,166.731800,-333.883910,76119.960940,,3.676030,-367.310210
1.620000,0.593440,0.678040,5.998540,166.766360,-333.882260,75825.710940,,3.256900,-367.311890
1.622000,0.799800,0.810060,4.101560,166.800800,-333.881650,76361.484380,,3.336360,-367.313350
1.624000,0.688290,0.783140,2.994140,166.835950,-333.882480,75967.031250,1.000000,3.549130,-367.312900
1.626000,0.398620,0.688290,2.286620,166.871570,-333.882930,76036.640630,,3.506840,-367.311130
1.628000,0.119200,0.698550,2.040530,166.906940,-333.883210,75958.601560,,3.569640,-367.309420
1.630000,0.005130,0.524230,3.875980,166.942750,-333.883640,75785.625000,,3.606810,-367.308440
1.632000,0.135860,0.553710,5.137210,166.977980,-333.884190,76223.320310,1.000000,3.685000,-367.308810
1.634000,0.388370,0.616520,4.993650,167.012500,-333.882750,75832.031250,,3.356870,-367.310180
1.636000,0.602420,0.758790,3.445310,167.046810,-333.881990,76122.070310,,3.351750,-367.311740
1.638000,0.585750,0.761350,2.614750,167.081710,-333.882660,75810.937500,,3.554260,-367.312010
1.640000,0.398620,0.630620,1.866210,167.117390,-333.882970,76005.007810,1.000000,3.518370,-367.311000
1.642000,0.201230,0.629330,1.753420,167.152880,-333.883240,75814.101560,,3.554260,-367.309940
1.644000,0.111510,0.485780,4.234860,167.188640,-333.883700,75667.500000,,3.624760,-367.309300
1.646000,0.238400,0.544740,6.306150,167.223860,-333.884220,75714.960940,,3.708070,-367.309660
1.648000,0.526790,0.699830,6.685550,167.258160,-333.882720,75558.875000,1.000000,3.341490,-367.311130
1.650000,0.794680,0.843380,4.593750,167.292400,-333.881500,75995.507810,,3.262020,-367.312900
1.652000,0.767760,0.826720,3.291500,167.327390,-333.882290,75617.937500,,3.522220,-367.313050
1.654000,0.505000,0.648560,2.625000,167.363250,-333.882870,76037.695310,,3.529910,-367.311400
1.656000,0.171750,0.670350,2.020020,167.398770,-333.883090,75972.312500,1.000000,3.560670,-367.309510
1.658000,0.003850,0.513980,3.916990,167.434570,-333.883640,75723.406250,,3.615780,-367.308260
1.660000,0.067930,0.552430,5.198730,167.469890,-333.884340,75633.750000,,3.750370,-367.308230
1.662000,0.320430,0.631900,5.219240,167.504410,-333.883180,75826.757810,,3.410710,-367.309420
1.664000,0.567810,0.739560,3.711910,167.538760,-333.881990,76070.398440,1.000000,3.342770,-367.311100
1.666000,0.616520,0.757510,2.891600,167.573550,-333.882540,75988.125000,,3.549130,-367.311860
1.668000,0.453740,0.613950,2.481450,167.609160,-333.883000,76108.359380,,3.519650,-367.311070
1.670000,0.243530,0.630620,1.948240,167.644610,-333.883120,75892.148440,,3.569640,-367.309940
1.672000,0.117920,0.530640,4.255370,167.680180,-333.883610,75884.773440,1.000000,3.601680,-367.309140
1.674000,0.198670,0.569090,6.152340,167.715350,-333.884340,75647.468750,,3.758060,-367.309270
1.676000,0.469120,0.724180,7.105960,167.749680,-333.883090,75828.867190,,3.411990,-367.310550
1.678000,0.766480,0.840820,4.973140,167.783970,-333.881470,75862.617190,,3.210750,-367.312440
1.680000,0.840820,0.817750,3.640140,167.819030,-333.882020,76022.929690,1.000000,3.490170,-367.313110
1.682000,0.596010,0.608830,3.035160,167.855130,-333.882750,76231.765630,,3.500430,-367.311710
1.684000,0.249940,0.569090,2.553220,167.890990,-333.883060,75842.585940,,3.520940,-367.309600
1.686000,0.019230,0.455020,3.670900,167.926830,-333.883580,75905.859380,,3.611940,-367.308010
1.688000,-0.001280,0.435790,4.778320,167.962360,-333.884610,75768.750000,1.000000,3.764470,-367.307560
1.688000,-0.001280,0.435790,4.778320,167.962360,-333.884610,75768.750000,1.000000,3.764470,-367.307560
1.690000,0.256350,0.558840,5.516600,167.996870,-333.883730,75877.382810,,3.522220,-367.308560
1.692000,0.510130,0.703670,4.132320,168.030940,-333.882260,75880.554690,,3.297910,-367.310360
1.694000,0.667790,0.786990,2.983890,168.065370,-333.882600,75901.648440,,3.524780,-367.311580
1.696000,0.533200,0.688290,2.645510,168.100630,-333.883120,76136.835940,1.000000,3.559390,-367.311160
1.698000,0.293520,0.666500,2.194340,168.135940,-333.883240,75665.398440,,3.523500,-367.309910
1.700000,0.134580,0.603700,3.445310,168.171390,-333.883640,75707.585940,,3.636290,-367.308960
1.702000,0.130740,0.584470,5.885740,168.206680,-333.884490,75703.359380,,3.774720,-367.308750
1.704000,0.405030,0.748540,7.003420,168.241120,-333.883640,75820.429690,1.000000,3.488890,-367.309810
1.706000,0.694700,0.901060,5.813960,168.275280,-333.881680,75839.421880,,3.223570,-367.311710
1.708000,0.888240,0.880550,4.357910,168.310320,-333.881870,75719.187500,,3.394040,-367.312960
1.710000,0.690860,0.680600,3.281250,168.346410,-333.882780,75899.531250,,3.555540,-367.312010
1.712000,0.343510,0.565250,2.666020,168.382570,-333.882970,75767.703130,1.000000,3.499150,-367.309940
1.714000,0.055110,0.484500,3.158200,168.418520,-333.883540,75924.851560,,3.610660,-367.308070
1.716000,-0.052550,0.444760,4.696290,168.454100,-333.884640,75774.023440,,3.834960,-367.307160
1.718000,0.160220,0.563960,5.670410,168.488780,-333.884220,75936.445310,,3.591430,-367.307950
1.720000,0.440920,0.748540,5.116700,168.522710,-333.882540,76002.890630,1.000000,3.368410,-367.309690
1.722000,0.685730,0.811340,3.752930,168.557050,-333.882420,76008.164060,,3.476070,-367.311400
1.724000,0.613950,0.721620,2.901860,168.592300,-333.883090,75928.015630,,3.583740,-367.311460
1.726000,0.379390,0.649840,2.255860,168.627780,-333.883090,76076.718750,,3.559390,-367.310240
1.728000,0.161500,0.626770,2.840330,168.663220,-333.883480,75996.562500,1.000000,3.600400,-367.309080
1.730000,0.087160,0.554990,5.250000,168.698730,-333.884490,75716.015630,,3.840090,-367.308470
1.732000,0.317870,0.634460,6.993160,168.733600,-333.883940,75895.320310,,3.601680,-367.309300
1.734000,0.608830,0.794680,6.911130,168.767870,-333.882080,75759.257810,,3.273560,-367.311070
1.736000,0.892090,0.788270,4.880860,168.802780,-333.881560,76205.398440,1.000000,3.385070,-367.312770
1.738000,0.776730,0.628050,3.342770,168.838710,-333.882540,75911.140630,,3.554260,-367.312470
1.740000,0.462710,0.489620,2.532710,168.874760,-333.882840,75948.046880,,3.556820,-367.310580
1.742000,0.111510,0.492190,2.501950,168.910430,-333.883120,76000.789060,,3.608090,-367.308560
1.744000,-0.064090,0.449890,4.409180,168.945860,-333.884400,75820.429690,1.000000,3.823430,-367.307250
1.746000,0.065370,0.539610,5.598630,168.980580,-333.884310,75809.890630,,3.728580,-367.307560
1.748000,0.353760,0.717770,5.711430,169.014510,-333.882660,75479.773440,,3.383790,-367.309200
1.750000,0.657530,0.799800,4.163090,169.048690,-333.882020,76034.531250,,3.467100,-367.311160
1.752000,0.674190,0.756230,2.727540,169.083720,-333.882630,76136.835940,1.000000,3.587590,-367.311800
1.754000,0.461430,0.644710,2.173830,169.119230,-333.882840,75882.664060,,3.559390,-367.310820
1.756000,0.208920,0.643430,2.317380,169.154620,-333.882970,76015.546880,,3.617070,-367.309480
1.758000,0.074340,0.593440,4.942380,169.190080,-333.884060,75618.992190,,3.778560,-367.308590
1.760000,0.244810,0.620360,6.736820,169.225140,-333.884160,75774.023440,1.000000,3.732420,-367.309020
1.762000,0.521670,0.794680,7.516110,169.259430,-333.882260,75494.531250,,3.323550,-367.310640
1.764000,0.844670,0.819030,5.393550,169.294110,-333.881380,75791.960940,,3.340210,-367.312560
1.766000,0.843380,0.711360,3.660640,169.329790,-333.882230,75963.867190,,3.570920,-367.312900
1.768000,0.557560,0.540890,2.676270,169.365880,-333.882690,75836.257810,1.000000,3.558110,-367.311280
1.770000,0.193540,0.534480,2.440430,169.401440,-333.882810,75950.156250,,3.565800,-367.309110
1.772000,-0.030760,0.535770,4.316890,169.436900,-333.883850,75612.656250,,3.763180,-367.307460
1.774000,-0.005130,0.537050,5.547360,169.472000,-333.884430,76037.695310,,3.773440,-367.307250
1.776000,0.290950,0.702390,5.844730,169.506240,-333.882900,75701.250000,1.000000,3.449160,-367.308650
1.778000,0.589600,0.762630,4.480960,169.540560,-333.881990,76153.710940,,3.400450,-367.310700
1.780000,0.722900,0.721620,3.106930,169.575650,-333.882510,76042.976560,,3.570920,-367.311860
1.782000,0.539610,0.611390,2.378910,169.611300,-333.882810,76143.164060,,3.583740,-367.311190
1.784000,0.266600,0.588320,2.296880,169.646760,-333.882870,75962.812500,1.000000,3.540160,-367.309780
1.786000,0.096130,0.597290,4.532230,169.682100,-333.883730,75955.437500,,3.756770,-367.308690
1.788000,0.155090,0.598570,6.654790,169.717250,-333.884400,76059.851560,,3.776000,-367.308690
1.790000,0.470400,0.761350,7.536620,169.751600,-333.882810,75765.593750,,3.403020,-367.310090
1.792000,0.766480,0.829280,5.926760,169.786060,-333.881440,76087.273440,1.000000,3.295350,-367.312070
1.794000,0.910030,0.717770,3.824710,169.821520,-333.882080,75793.015630,,3.504270,-367.312990
1.796000,0.653690,0.558840,3.250490,169.857590,-333.882810,76270.789060,,3.614500,-367.311740
1.798000,0.281980,0.525510,2.471190,169.893310,-333.882690,75895.320310,,3.513240,-367.309540
1.800000,0.020510,0.526790,3.978520,169.928730,-333.883540,75770.859380,1.000000,3.713200,-367.307620
1.802000,-0.065370,0.537050,5.260250,169.964000,-333.884460,76132.625000,,3.825990,-367.306850
1.804000,0.205080,0.639590,5.578130,169.998490,-333.883390,75925.906250,,3.482480,-367.307980
1.806000,0.505000,0.763920,4.747560,170.032710,-333.882110,75958.601560,,3.403020,-367.309940
1.808000,0.739560,0.706240,3.178710,170.067720,-333.882390,75582.070310,1.000000,3.528630,-367.311580
1.810000,0.613950,0.611390,2.737790,170.103300,-333.882970,76148.445310,,3.617070,-367.311370
1.812000,0.349910,0.589600,2.122560,170.138790,-333.882810,76017.664060,,3.547850,-367.309970
1.814000,0.128170,0.610110,4.091310,170.174030,-333.883480,75695.984380,,3.683720,-367.308690
1.816000,0.088440,0.642150,6.193360,170.209140,-333.884430,75729.726560,1.000000,3.855470,-367.308260
1.818000,0.396060,0.751100,7.413570,170.243610,-333.883240,75550.437500,,3.473510,-367.309420
1.820000,0.701110,0.856200,6.439450,170.278030,-333.881560,75920.625000,,3.299190,-367.311340
1.822000,0.944640,0.710080,4.634770,170.313510,-333.881710,75477.656250,,3.456850,-367.312810
1.824000,0.753660,0.516540,3.455570,170.349760,-333.882600,76122.070310,1.000000,3.600400,-367.312040
1.826000,0.399900,0.467830,2.840330,170.385650,-333.882630,76073.554690,,3.529910,-367.309910
1.826000,0.399900,0.467830,2.840330,170.385650,-333.882630,76073.554690,,3.529910,-367.309910
1.828000,0.060240,0.485780,3.619630,170.421130,-333.883090,75875.273440,,3.642700,-367.307770
1.830000,-0.096130,0.519100,4.880860,170.456360,-333.884340,75739.226560,,3.859310,-367.306610
1.832000,0.115360,0.561400,5.742190,170.491130,-333.883670,75579.960940,1.000000,3.596560,-367.307310
1.834000,0.417850,0.721620,5.311520,170.525280,-333.882260,76161.101560,,3.394040,-367.309200
1.836000,0.726750,0.715210,3.752930,170.559980,-333.882230,75724.460940,,3.522220,-367.311160
1.838000,0.693420,0.651120,2.912110,170.595290,-333.882840,76300.312500,,3.632450,-367.311550
1.840000,0.434510,0.657530,2.399410,170.630450,-333.882810,76090.437500,1.000000,3.549130,-367.310330
1.842000,0.173030,0.713930,3.342770,170.665420,-333.883090,76083.046880,,3.647830,-367.308840
1.844000,0.061520,0.754940,5.598630,170.700390,-333.884250,75698.085940,,3.847780,-367.308040
1.846000,0.303770,0.812620,7.393070,170.735120,-333.883640,75666.453130,,3.590150,-367.308840
1.848000,0.616520,0.936950,7.064940,170.769500,-333.881740,75958.601560,1.000000,3.294070,-367.310730
1.848000,0.616520,0.936950,7.064940,170.769500,-333.881740,75958.601560,1.000000,3.294070,-367.310730
1.850000,0.927980,0.813900,5.198730,170.804900,-333.881470,76037.695310,,3.385070,-367.312560
1.852000,0.838260,0.576780,3.763180,170.841310,-333.882420,76403.671880,,3.590150,-367.312410
1.854000,0.498600,0.462710,2.758300,170.877560,-333.882630,75847.851560,,3.522220,-367.310490
1.856000,0.129460,0.460140,2.942870,170.913270,-333.882870,76034.531250,1.000000,3.563230,-367.308200
1.858000,-0.074340,0.508850,4.470700,170.948580,-333.884190,75852.078130,,3.833680,-367.306670
1.860000,0.029480,0.542180,5.721680,170.983520,-333.884250,75803.554690,,3.665770,-367.306880
1.862000,0.358890,0.731870,5.844730,171.017590,-333.882660,75625.312500,,3.435060,-367.308620
1.864000,0.685730,0.766480,4.562990,171.051990,-333.882230,75965.976560,1.000000,3.464540,-367.310760
1.866000,0.760070,0.695980,2.983890,171.087200,-333.882870,76103.093750,,3.620910,-367.311680
1.868000,0.524230,0.646000,2.307130,171.122560,-333.882870,75702.304690,,3.585020,-367.310700
1.870000,0.231990,0.679320,2.717290,171.157680,-333.882970,75982.859380,,3.551700,-367.309110
1.872000,0.058960,0.745970,4.860350,171.192670,-333.884060,75697.039060,1.000000,3.842650,-367.307980
1.874000,0.197390,0.766480,6.880370,171.227580,-333.884060,75782.468750,,3.656800,-367.308320
1.876000,0.547300,0.892090,7.751950,171.262080,-333.882260,75620.046880,,3.331240,-367.310060
1.878000,0.865170,0.792110,6.142090,171.297320,-333.881410,75746.601560,,3.368410,-367.312130
1.880000,0.938230,0.525510,4.029790,171.333830,-333.882290,75980.742190,1.000000,3.547850,-367.312710
1.882000,0.625490,0.360170,2.953130,171.370220,-333.882750,76040.867190,,3.626040,-367.311130
1.884000,0.219180,0.387080,2.450680,171.405840,-333.882630,75690.710940,,3.499150,-367.308750
1.886000,-0.044860,0.529360,4.275880,171.440730,-333.883820,75861.562500,,3.800350,-367.306850
1.888000,-0.051270,0.596010,5.639650,171.475390,-333.884280,75992.343750,1.000000,3.776000,-367.306430
1.890000,0.266600,0.749820,6.193360,171.509480,-333.882930,75790.898440,,3.432500,-367.307950
1.892000,0.599850,0.784420,5.198730,171.543760,-333.882020,75859.453130,,3.486330,-367.310120
1.894000,0.781860,0.675480,3.424800,171.579030,-333.882540,76070.398440,,3.555540,-367.311580
1.896000,0.598570,0.638310,2.307130,171.614440,-333.882900,76015.546880,1.000000,3.628600,-367.311040
1.898000,0.299930,0.667790,2.348140,171.649570,-333.882660,76034.531250,,3.542720,-367.309480
1.900000,0.082030,0.765200,4.542480,171.684490,-333.883670,75807.781250,,3.751650,-367.308140
1.902000,0.115360,0.779300,6.890630,171.719440,-333.884250,76033.476560,,3.809330,-367.308010
1.904000,0.444760,0.874150,7.792970,171.754040,-333.882660,75646.414060,1.000000,3.376100,-367.309540
1.906000,0.785710,0.857480,6.552250,171.788960,-333.881560,75934.335940,,3.374820,-367.311650
1.908000,0.979250,0.633180,4.296390,171.825030,-333.882110,76086.218750,,3.542720,-367.312900
1.910000,0.733150,0.479370,3.035160,171.861280,-333.882900,76068.281250,,3.641420,-367.311860
1.912000,0.355040,0.493470,2.553220,171.896790,-333.882600,76275.000000,1.000000,3.547850,-367.309510
1.914000,0.015380,0.608830,4.029790,171.931810,-333.883360,75677.000000,,3.710630,-367.307280
1.916000,-0.107670,0.662660,5.434570,171.966660,-333.884340,75963.867190,,3.841370,-367.306240
1.918000,0.160220,0.745970,5.967770,172.001140,-333.883090,75806.726560,,3.492740,-367.307340
1.920000,0.503720,0.820310,5.219240,172.035550,-333.882050,75924.851560,1.000000,3.419680,-367.309510
1.922000,0.783140,0.684450,3.414550,172.070910,-333.882260,75926.953130,,3.568360,-367.311340
1.924000,0.678040,0.584470,2.707030,172.106700,-333.882810,76115.750000,,3.629880,-367.311370
1.926000,0.383240,0.561400,2.163570,172.142210,-333.882660,75875.273440,,3.551700,-367.309910
1.928000,0.116640,0.642150,4.439940,172.177340,-333.883210,75569.414060,1.000000,3.718320,-367.308380
1.930000,0.056400,0.735720,6.285640,172.212190,-333.884340,75651.679690,,3.841370,-367.307770
1.932000,0.362730,0.871580,7.516110,172.246540,-333.883090,75023.085940,,3.495300,-367.308960
1.934000,0.694700,0.962590,6.931640,172.280910,-333.881560,75876.328130,,3.323550,-367.311070
1.936000,1.004880,0.748540,4.716800,172.316560,-333.881870,75954.382810,1.000000,3.509400,-367.312810
1.938000,0.848510,0.515260,3.537600,172.352940,-333.882690,75865.789060,,3.673460,-367.312320
1.940000,0.475520,0.463990,2.871090,172.388760,-333.882630,76044.031250,,3.527340,-367.310150
1.942000,0.089720,0.535770,3.927250,172.423920,-333.882870,75721.296880,,3.652950,-367.307710
1.944000,-0.124330,0.654970,5.055180,172.458820,-333.884060,75936.445310,1.000000,3.817020,-367.306120
1.946000,0.049990,0.671630,5.588380,172.493520,-333.883420,75789.843750,,3.545290,-367.306610
1.948000,0.392210,0.778020,5.639650,172.527920,-333.882080,76013.445310,,3.422240,-367.308560
1.950000,0.730590,0.633180,3.742680,172.563230,-333.882230,75944.882810,,3.509400,-367.310700
1.952000,0.742130,0.506290,3.035160,172.599010,-333.882870,75737.117190,1.000000,3.660640,-367.311310
1.954000,0.463990,0.539610,2.542970,172.634370,-333.882720,76186.406250,,3.527340,-367.310180
1.956000,0.179440,0.656250,3.619630,172.669140,-333.883030,75815.156250,,3.604250,-367.308560
1.958000,0.043580,0.839540,5.937010,172.703580,-333.884190,75992.343750,,3.878540,-367.307590
1.960000,0.279420,0.913880,7.249510,172.737990,-333.883580,75706.531250,1.000000,3.531190,-367.308380
1.962000,0.616520,1.015140,7.372560,172.772320,-333.881840,75768.750000,,3.344060,-367.310330
1.964000,0.931820,0.815190,5.414060,172.807890,-333.881680,75914.296880,,3.411990,-367.312260
1.966000,0.921570,0.525510,4.214360,172.844480,-333.882660,76074.617190,,3.618350,-367.312410
1.968000,0.570370,0.453740,2.871090,172.880620,-333.882720,76085.164060,1.000000,3.572200,-367.310550
1.970000,0.173030,0.440920,3.373540,172.916210,-333.882780,75960.703130,,3.504270,-367.308140
1.972000,-0.083310,0.558840,4.604000,172.951250,-333.884030,76256.015630,,3.854190,-367.306240
1.974000,-0.023070,0.566530,5.660160,172.986190,-333.883880,75673.828130,,3.591430,-367.306210
1.976000,0.319150,0.703670,6.019040,173.020480,-333.882540,75919.578130,1.000000,3.413270,-367.307920
1.978000,0.660100,0.687010,4.491210,173.055210,-333.882230,75919.578130,,3.502990,-367.310150
1.980000,0.781860,0.565250,3.229980,173.090700,-333.882930,76003.945310,,3.600400,-367.311280
1.982000,0.547300,0.593440,2.399410,173.125820,-333.882970,76032.429690,,3.618350,-367.310490
1.984000,0.251220,0.675480,2.963380,173.160640,-333.882840,75970.203130,1.000000,3.532470,-367.308870
1.986000,0.069210,0.847230,5.085940,173.195040,-333.884060,75817.265630,,3.852910,-367.307650
1.988000,0.198670,0.951050,6.982910,173.229450,-333.883880,75424.921880,,3.649110,-367.307980
1.990000,0.542180,1.057430,8.008300,173.263760,-333.882140,75859.453130,,3.309450,-367.309750
1.992000,0.872860,0.939510,6.183110,173.299040,-333.881500,74597.000000,1.000000,3.419680,-367.311740
1.994000,0.972840,0.607540,4.521970,173.335710,-333.882350,76132.625000,,3.568360,-367.312500
1.996000,0.665220,0.452450,3.096680,173.372210,-333.882840,76021.875000,,3.645260,-367.311000
1.998000,0.276860,0.424260,2.819820,173.408050,-333.882510,75803.554690,,3.517090,-367.308590
2.000000,-0.037170,0.558840,4.275880,173.443100,-333.883670,75843.640630,1.000000,3.786250,-367.306490
2.002000,-0.078190,0.634460,5.567870,173.477840,-333.884060,75554.648440,,3.755490,-367.305850
2.004000,0.215330,0.754940,6.203610,173.512150,-333.882690,75953.328130,,3.429930,-367.307310
2.006000,0.588320,0.774170,5.516600,173.546650,-333.882110,75726.562500,,3.520940,-367.309600
2.008000,0.811340,0.601140,3.722170,173.582210,-333.882540,76174.812500,1.000000,3.600400,-367.311310
2.010000,0.660100,0.575500,2.573730,173.617660,-333.882900,76052.460940,,3.647830,-367.311040
2.012000,0.351200,0.619080,2.666020,173.652690,-333.882600,75667.500000,,3.561950,-367.309480
2.014000,0.087160,0.793400,4.542480,173.687330,-333.883510,75791.960940,,3.786250,-367.307950
2.016000,0.112790,0.863890,6.972660,173.721890,-333.884000,75631.648440,1.000000,3.772160,-367.307710
2.016000,0.112790,0.863890,6.972660,173.721890,-333.884000,75631.648440,1.000000,3.772160,-367.307710
2.018000,0.437070,0.960020,7.690430,173.756410,-333.882350,75977.585940,,3.372250,-367.309200
2.020000,0.778020,0.881840,7.177730,173.791530,-333.881440,76170.585940,,3.378660,-367.311310
2.022000,1.004880,0.565250,4.747560,173.828030,-333.882080,76145.281250,,3.564510,-367.312650
2.024000,0.774170,0.396060,3.363280,173.864520,-333.882870,76109.414060,1.000000,3.691410,-367.311740
2.026000,0.389650,0.414000,2.635250,173.900050,-333.882540,76002.890630,,3.535030,-367.309420
2.028000,0.021790,0.589600,4.029790,173.934830,-333.883150,75939.617190,,3.728580,-367.307040
2.030000,-0.130740,0.693420,5.516600,173.969330,-333.884060,75714.960940,,3.808040,-367.305820
2.032000,0.116640,0.774170,6.049800,174.003630,-333.882900,76106.257810,1.000000,3.485050,-367.306850
2.034000,0.488340,0.835690,5.711430,174.037950,-333.881960,75843.640630,,3.463260,-367.309110
2.036000,0.806210,0.647280,3.845210,174.073380,-333.882260,76158.992190,,3.561950,-367.311190
2.038000,0.740840,0.585750,2.860840,174.109050,-333.882780,76083.046880,,3.667050,-367.311460
2.040000,0.431950,0.598570,2.286620,174.144320,-333.882540,75955.437500,1.000000,3.523500,-367.310090
2.042000,0.142270,0.726750,4.275880,174.179120,-333.883090,75654.843750,,3.696530,-367.308380
2.044000,0.052550,0.845950,6.490720,174.213780,-333.884120,75610.546880,,3.824710,-367.307560
2.046000,0.352480,0.938230,7.516110,174.248210,-333.882930,75745.546880,,3.436340,-367.308690
2.048000,0.692140,0.985660,7.444340,174.282870,-333.881590,75556.757810,1.000000,3.360720,-367.310760
2.050000,0.981810,0.706240,5.239750,174.318910,-333.881990,76064.062500,,3.508120,-367.312500
2.052000,0.869020,0.488340,3.547850,174.355420,-333.882930,75731.835940,,3.700380,-367.312160
2.054000,0.489620,0.501160,2.901860,174.391010,-333.882690,76151.609380,,3.556820,-367.310060
2.056000,0.102540,0.621640,3.927250,174.425810,-333.882930,75704.421880,1.000000,3.610660,-367.307560
2.058000,-0.119200,0.801090,5.414060,174.460310,-333.884030,75629.531250,,3.850340,-367.305910
2.060000,0.033330,0.793400,5.978030,174.494930,-333.883240,75758.203130,,3.492740,-367.306340
2.062000,0.405030,0.856200,5.813960,174.529510,-333.882080,75756.093750,,3.440190,-367.308380
2.064000,0.739560,0.644710,4.040040,174.565090,-333.882140,76028.210940,1.000000,3.517090,-367.310580
2.066000,0.789550,0.488340,2.932620,174.601200,-333.882840,75981.796880,,3.638850,-367.311340
2.068000,0.507570,0.516540,2.522460,174.636700,-333.882690,76232.820310,,3.558110,-367.310240
2.070000,0.207640,0.615230,3.916990,174.671620,-333.882870,75787.734380,,3.579900,-367.308530
2.072000,0.044860,0.825440,6.429200,174.706020,-333.884120,75562.039060,1.000000,3.877260,-367.307340
2.074000,0.265320,0.921570,7.280270,174.740360,-333.883390,75681.218750,,3.517090,-367.308040
2.076000,0.619080,1.026670,7.649410,174.774700,-333.881870,75849.960940,,3.342770,-367.310000
2.078000,0.944640,0.828000,5.619140,174.810260,-333.881810,76091.484380,,3.468380,-367.312010
2.080000,0.966430,0.521670,4.316890,174.846790,-333.882750,75999.734380,1.000000,3.638850,-367.312350
2.082000,0.611390,0.503720,2.983890,174.882580,-333.882870,76399.460940,,3.602970,-367.310520
2.084000,0.198670,0.571660,3.650390,174.917690,-333.882660,75884.773440,,3.538880,-367.307950
2.086000,-0.097410,0.758790,5.055180,174.952210,-333.883880,75907.968750,,3.819580,-367.305850
2.088000,-0.060240,0.745970,5.475590,174.987000,-333.883610,75812.000000,1.000000,3.592710,-367.305570
2.090000,0.276860,0.789550,5.854980,175.021640,-333.882350,75872.109380,,3.397890,-367.307340
2.092000,0.656250,0.663940,4.275880,175.056930,-333.882260,76270.789060,,3.523500,-367.309720
2.092000,0.656250,0.663940,4.275880,175.056930,-333.882260,76270.789060,,3.523500,-367.309720
2.094000,0.826720,0.455020,3.404300,175.092990,-333.882840,75964.921880,,3.620910,-367.311190
2.096000,0.612670,0.489620,2.655760,175.128430,-333.882970,76270.789060,1.000000,3.605530,-367.310580
2.098000,0.303770,0.589600,3.373540,175.163300,-333.882780,75891.093750,,3.554260,-367.308900
2.100000,0.064090,0.838260,5.485840,175.197490,-333.883910,75926.953130,,3.846500,-367.307430
2.102000,0.170470,0.972840,6.788090,175.231670,-333.883760,75708.640630,,3.627320,-367.307560
2.104000,0.516540,1.071530,7.782710,175.265930,-333.882020,75740.273440,1.000000,3.338930,-367.309300
2.106000,0.869020,0.919010,6.060060,175.301300,-333.881560,75719.187500,,3.418400,-367.311400
2.108000,1.003600,0.561400,4.839840,175.338010,-333.882390,75779.304690,,3.600400,-367.312320
2.110000,0.704960,0.455020,3.260740,175.374330,-333.882870,76040.867190,,3.665770,-367.311000
2.112000,0.311460,0.471680,3.096680,175.409850,-333.882600,75515.632810,1.000000,3.517090,-367.308560
2.114000,-0.039730,0.672910,4.573240,175.444530,-333.883510,76032.429690,,3.806760,-367.306270
2.116000,-0.098690,0.733150,5.239750,175.479140,-333.883850,75932.226560,,3.685000,-367.305510
2.118000,0.203800,0.780580,6.131840,175.513670,-333.882540,75863.671880,,3.440190,-367.306980
2.120000,0.584470,0.738280,5.229490,175.548540,-333.882110,75781.414060,1.000000,3.520940,-367.309360
2.122000,0.836980,0.520390,3.947750,175.584380,-333.882660,75996.562500,,3.606810,-367.311160
2.124000,0.689580,0.530640,2.727540,175.619780,-333.882930,76095.703130,,3.683720,-367.310940
2.126000,0.365300,0.637020,2.696780,175.654560,-333.882630,75840.476560,,3.523500,-367.309390
2.128000,0.091000,0.886960,4.911620,175.688770,-333.883480,75981.796880,1.000000,3.804200,-367.307740
2.130000,0.111510,1.020260,6.552250,175.722980,-333.883820,75742.390630,,3.728580,-367.307430
2.132000,0.435790,1.089480,7.967290,175.757430,-333.882260,75977.585940,,3.354310,-367.308930
2.134000,0.776730,0.971560,7.105960,175.792720,-333.881440,75597.890630,,3.428650,-367.311040
2.136000,0.993350,0.585750,5.373050,175.829610,-333.882110,75970.203130,1.000000,3.541440,-367.312410
2.138000,0.798520,0.403750,3.301760,175.866290,-333.882930,76254.960940,,3.718320,-367.311610
2.140000,0.416560,0.406310,3.168460,175.901990,-333.882540,75968.093750,,3.524780,-367.309390
2.142000,0.041020,0.592160,3.947750,175.936720,-333.883180,75781.414060,,3.693970,-367.306920
2.144000,-0.117920,0.747250,5.475590,175.971070,-333.883850,75815.156250,1.000000,3.799070,-367.305630
2.146000,0.097410,0.801090,6.326660,176.005430,-333.882750,75928.015630,,3.415830,-367.306550
2.148000,0.493470,0.810060,5.731930,176.039960,-333.882050,76011.328130,,3.510680,-367.308840
2.150000,0.792110,0.554990,4.234860,176.075670,-333.882390,75971.257810,,3.550420,-367.310940
2.152000,0.771610,0.474240,2.942870,176.111430,-333.883000,76361.484380,1.000000,3.673460,-367.311340
2.154000,0.455020,0.516540,2.358400,176.146550,-333.882570,75890.039060,,3.546570,-367.309970
2.156000,0.148680,0.701110,4.347660,176.181110,-333.883120,75945.937500,,3.661930,-367.308170
2.158000,0.060240,0.899780,6.572750,176.215330,-333.883970,75712.851560,,3.825990,-367.307310
2.160000,0.339660,0.985660,7.444340,176.249690,-333.882660,75591.562500,1.000000,3.381230,-367.308440
2.162000,0.695980,0.957460,7.680180,176.284640,-333.881680,75575.742190,,3.378660,-367.310490
2.164000,0.970280,0.594730,5.434570,176.321120,-333.882050,75970.203130,,3.536320,-367.312190
2.166000,0.886960,0.328130,3.609380,176.358020,-333.883030,75924.851560,,3.687560,-367.312010
2.168000,0.522950,0.353760,2.994140,176.393690,-333.882810,75747.656250,1.000000,3.601680,-367.310030
2.170000,0.125610,0.549870,4.070800,176.428310,-333.882870,75964.921880,,3.604250,-367.307500
2.172000,-0.106380,0.825440,5.342290,176.462270,-333.883910,74581.179690,,3.819580,-367.305730
2.174000,0.012820,0.885680,6.131840,176.496370,-333.883000,75847.851560,,3.486330,-367.306060
2.176000,0.390930,0.926700,5.988280,176.530790,-333.882110,75863.671880,1.000000,3.431210,-367.308140
2.176000,0.390930,0.926700,5.988280,176.530790,-333.882110,75863.671880,1.000000,3.431210,-367.308140
2.178000,0.740840,0.649840,4.265630,176.566450,-333.882260,75833.085940,,3.570920,-367.310360
2.180000,0.804930,0.447330,3.117190,176.602680,-333.882870,75929.070310,,3.641420,-367.311250
2.182000,0.526790,0.480650,2.450680,176.638180,-333.882780,75745.546880,,3.573490,-367.310180
2.184000,0.217900,0.607540,4.132320,176.673000,-333.882780,76006.054690,1.000000,3.605530,-367.308410
2.186000,0.061520,0.865170,6.316410,176.707240,-333.883970,75532.507810,,3.829830,-367.307280
2.188000,0.285830,0.968990,7.577640,176.741490,-333.883150,75824.656250,,3.499150,-367.307980
2.190000,0.616520,1.013850,7.567380,176.776120,-333.881770,75733.953130,,3.354310,-367.309840
2.192000,0.933110,0.726750,6.234380,176.812190,-333.881960,76009.218750,1.000000,3.501710,-367.311740
2.194000,0.957460,0.379390,4.193850,176.849140,-333.882810,75942.781250,,3.673460,-367.312070
2.196000,0.621640,0.381960,3.127440,176.885060,-333.882970,75909.031250,,3.613220,-367.310390
2.198000,0.237120,0.483220,3.988770,176.919950,-333.882750,76186.406250,,3.574770,-367.307890
2.200000,-0.079470,0.780580,5.332030,176.954100,-333.883670,75925.906250,1.000000,3.809330,-367.305760
2.202000,-0.046140,0.826720,5.813960,176.988370,-333.883360,76078.828130,,3.556820,-367.305480
2.204000,0.281980,0.888240,5.957520,177.022750,-333.882110,75855.242190,,3.428650,-367.307250
2.206000,0.661380,0.713930,4.593750,177.058110,-333.882200,76006.054690,,3.510680,-367.309630
2.208000,0.830570,0.403750,3.383790,177.094480,-333.882810,75941.726560,1.000000,3.641420,-367.311040
2.210000,0.613950,0.393490,2.573730,177.130250,-333.882900,75917.460940,,3.610660,-367.310460
2.212000,0.302490,0.456300,3.578610,177.165310,-333.882720,76247.585940,,3.541440,-367.308780
2.214000,0.076900,0.767760,5.875490,177.199400,-333.883730,75779.304690,,3.855470,-367.307340
2.216000,0.208920,0.966430,7.116210,177.233340,-333.883510,75802.500000,1.000000,3.572200,-367.307590
2.218000,0.531920,1.085630,7.628910,177.267470,-333.881930,75534.617190,,3.358150,-367.309300
2.220000,0.852360,0.901060,6.449710,177.302980,-333.881710,75924.851560,,3.446590,-367.311250
2.222000,0.980530,0.446040,4.542480,177.340040,-333.882600,75735.007810,,3.604250,-367.312070
2.224000,0.706240,0.340940,3.476070,177.376430,-333.883030,76005.007810,1.000000,3.697810,-367.310850
2.226000,0.331970,0.414000,3.260740,177.411760,-333.882690,75763.484380,,3.500430,-367.308530
2.228000,-0.010250,0.716490,4.901370,177.445920,-333.883480,75621.101560,,3.790100,-367.306210
2.230000,-0.076900,0.874150,5.598630,177.480060,-333.883580,75947.000000,,3.620910,-367.305390
2.232000,0.202510,0.920290,5.906250,177.514370,-333.882420,75479.773440,1.000000,3.408140,-367.306790
2.234000,0.585750,0.817750,5.188480,177.549390,-333.882110,75913.250000,,3.535030,-367.309110
2.236000,0.820310,0.484500,3.814450,177.585740,-333.882720,75892.148440,,3.578610,-367.310880
2.238000,0.689580,0.420410,3.086430,177.621640,-333.883000,75934.335940,,3.686280,-367.310760
2.240000,0.372990,0.481930,2.942870,177.656850,-333.882660,75874.218750,1.000000,3.508120,-367.309230
2.242000,0.114070,0.735720,5.260250,177.691130,-333.883510,75569.414060,,3.777280,-367.307620
2.244000,0.158940,0.960020,6.736820,177.725140,-333.883670,75800.398440,,3.695250,-367.307400
2.246000,0.462710,1.043330,7.721190,177.759430,-333.882200,75776.132810,,3.323550,-367.308870
2.248000,0.788270,0.916440,7.208500,177.794720,-333.881560,76199.062500,1.000000,3.455570,-367.310820
2.250000,0.956180,0.475520,5.311520,177.831760,-333.882230,75877.382810,,3.540160,-367.311980
2.252000,0.776730,0.262760,3.763180,177.868590,-333.883030,76221.218750,,3.714480,-367.311190
2.254000,0.417850,0.293520,3.229980,177.904240,-333.882660,75871.062500,,3.545290,-367.309080
2.256000,0.058960,0.546020,4.306640,177.938710,-333.883180,75742.390630,1.000000,3.665770,-367.306730
2.256000,0.058960,0.546020,4.306640,177.938710,-333.883180,75742.390630,1.000000,3.665770,-367.306730
2.258000,-0.071780,0.765200,5.373050,177.972670,-333.883670,76114.695310,,3.758060,-367.305510
2.260000,0.121770,0.852360,6.029300,178.006810,-333.882570,75871.062500,,3.395320,-367.306490
2.262000,0.505000,0.856200,5.660160,178.041310,-333.882110,76530.242190,,3.519650,-367.308650
2.264000,0.760070,0.569090,4.480960,178.077130,-333.882450,75887.929690,1.000000,3.564510,-367.310580
2.266000,0.737000,0.443480,3.035160,178.113070,-333.883090,76108.359380,,3.672180,-367.310910
2.268000,0.440920,0.474240,2.573730,178.148210,-333.882690,75945.937500,,3.561950,-367.309660
2.270000,0.161500,0.684450,4.429690,178.182650,-333.883090,75803.554690,,3.660640,-367.308010
2.272000,0.125610,0.938230,6.449710,178.216540,-333.883790,76015.546880,1.000000,3.781130,-367.307370
2.274000,0.381960,1.075380,7.546880,178.250630,-333.882450,75717.070310,,3.367130,-367.308500
2.276000,0.707520,1.033080,7.567380,178.285570,-333.881590,76280.281250,,3.381230,-367.310420
2.278000,0.933110,0.635740,5.947270,178.322250,-333.882020,75765.593750,,3.531190,-367.311890
2.280000,0.851070,0.310180,3.978520,178.359480,-333.882970,75993.398440,1.000000,3.686280,-367.311610
2.282000,0.506290,0.287110,2.768550,178.395520,-333.882900,76007.109380,,3.592710,-367.309690
2.284000,0.142270,0.471680,4.111820,178.430390,-333.882900,75844.687500,,3.617070,-367.307280
2.286000,-0.071780,0.775450,4.696290,178.464360,-333.883790,75932.226560,,3.774720,-367.305660
2.288000,0.046140,0.867740,6.203610,178.498430,-333.882900,75600.000000,1.000000,3.478640,-367.306060
2.290000,0.408870,0.919010,6.029300,178.532790,-333.882110,76058.796880,,3.445310,-367.308110
2.292000,0.729310,0.656250,4.716800,178.568410,-333.882390,75575.742190,,3.565800,-367.310210
2.294000,0.788270,0.440920,3.240230,178.604570,-333.882930,76104.140630,,3.659360,-367.311040
2.296000,0.519100,0.474240,2.173830,178.639970,-333.882810,76038.750000,1.000000,3.576050,-367.310030
2.298000,0.230710,0.599850,4.214360,178.674680,-333.882840,75762.421880,,3.615780,-367.308320
2.300000,0.082030,0.865170,6.101070,178.708830,-333.883790,75611.601560,,3.800350,-367.307250
2.302000,0.316590,0.976680,7.905760,178.743000,-333.882900,75629.531250,,3.454280,-367.308010
2.304000,0.622920,0.984380,7.628910,178.777800,-333.881620,75783.515630,1.000000,3.351750,-367.309810
2.306000,0.910030,0.660100,6.583010,178.814150,-333.881900,75989.187500,,3.488890,-367.311520
2.308000,0.926700,0.261470,4.152830,178.851460,-333.882810,76151.609380,,3.665770,-367.311800
2.310000,0.606260,0.224300,2.963380,178.887700,-333.883030,75943.835940,,3.635010,-367.310210
2.312000,0.243530,0.338380,4.009280,178.922700,-333.882810,76034.531250,1.000000,3.568360,-367.307800
2.312000,0.243530,0.338380,4.009280,178.922700,-333.882810,76034.531250,1.000000,3.568360,-367.307800
2.314000,-0.053830,0.707520,5.291020,178.956540,-333.883610,75824.656250,,3.799070,-367.305760
2.316000,-0.016660,0.858760,5.978030,178.990280,-333.883180,75824.656250,,3.519650,-367.305540
2.318000,0.302490,0.936950,6.060060,179.024380,-333.882110,76036.640630,,3.447880,-367.307310
2.320000,0.662660,0.769040,4.839840,179.059560,-333.882200,76015.546880,1.000000,3.522220,-367.309570
2.322000,0.815190,0.469120,3.353030,179.095790,-333.882810,75868.945310,,3.631160,-367.310910
2.324000,0.593440,0.484500,2.471190,179.131390,-333.882900,76037.695310,,3.614500,-367.310270
2.326000,0.293520,0.551150,3.937500,179.166340,-333.882750,76027.156250,,3.531190,-367.308650
2.328000,0.085880,0.835690,5.865230,179.200500,-333.883640,75721.296880,1.000000,3.822140,-367.307310
2.330000,0.244810,0.980530,7.423830,179.234650,-333.883270,75836.257810,,3.531190,-367.307650
2.332000,0.547300,1.035640,7.485350,179.269180,-333.881900,75789.843750,,3.350460,-367.309300
2.334000,0.849790,0.824160,6.695800,179.305020,-333.881810,75878.437500,,3.461980,-367.311160
2.336000,0.957460,0.389650,4.747560,179.342210,-333.882660,76069.335940,1.000000,3.590150,-367.311890
2.338000,0.695980,0.293520,3.383790,179.378690,-333.883150,75759.257810,,3.677310,-367.310700
2.340000,0.334530,0.353760,3.619630,179.414080,-333.882810,75883.718750,,3.517090,-367.308410
2.342000,0.000000,0.671630,4.901370,179.448180,-333.883510,75863.671880,,3.751650,-367.306120
2.344000,-0.055110,0.872860,5.978030,179.482100,-333.883450,76016.609380,1.000000,3.599120,-367.305390
2.346000,0.217900,0.944640,5.721680,179.516280,-333.882390,75710.742190,,3.391480,-367.306820
2.348000,0.616520,0.830570,5.270510,179.551350,-333.882200,75721.296880,,3.526060,-367.309170
2.350000,0.819030,0.490910,3.896480,179.587720,-333.882720,76112.578130,,3.564510,-367.310820
2.352000,0.684450,0.421690,2.953130,179.623700,-333.883060,75474.500000,1.000000,3.651670,-367.310610
2.354000,0.369140,0.469120,3.332520,179.658970,-333.882720,75961.757810,,3.514530,-367.309050
2.356000,0.115360,0.720340,5.403810,179.693300,-333.883510,75861.562500,,3.754210,-367.307460
2.358000,0.180730,0.940800,7.023930,179.727310,-333.883640,75845.742190,,3.655520,-367.307340
2.360000,0.479370,1.022830,7.680180,179.761640,-333.882170,75727.617190,1.000000,3.328670,-367.308840
2.362000,0.802370,0.888240,7.177730,179.797010,-333.881710,75673.828130,,3.446590,-367.310760
2.364000,0.954900,0.448610,5.424320,179.834030,-333.882350,75917.460940,,3.550420,-367.311800
2.366000,0.780580,0.264040,3.958010,179.870740,-333.883090,75863.671880,,3.699100,-367.311040
2.368000,0.429380,0.307620,3.322270,179.906340,-333.882810,76177.976560,1.000000,3.549130,-367.308930
2.370000,0.065370,0.566530,4.675780,179.940780,-333.883210,75858.406250,,3.681150,-367.306520
2.372000,-0.069210,0.806210,5.567870,179.974660,-333.883580,76074.617190,,3.695250,-367.305300
2.374000,0.119200,0.879270,5.998540,180.008880,-333.882510,75952.265630,,3.405580,-367.306210
2.376000,0.520390,0.845950,5.670410,180.043620,-333.882140,75843.640630,1.000000,3.513240,-367.308500
2.378000,0.784420,0.521670,4.419430,180.079770,-333.882540,76051.406250,,3.570920,-367.310460
2.380000,0.745970,0.389650,3.383790,180.115880,-333.883060,76144.226560,,3.663210,-367.310760
2.382000,0.440920,0.451170,2.696780,180.151110,-333.882780,76146.335940,,3.547850,-367.309450
2.384000,0.162780,0.674190,4.860350,180.185520,-333.883180,75798.281250,1.000000,3.678590,-367.307740
2.386000,0.142270,0.953610,6.634280,180.219300,-333.883760,75849.960940,,3.750370,-367.307220
2.388000,0.414000,1.070250,7.598140,180.253420,-333.882390,75807.781250,,3.362000,-367.308410
2.390000,0.730590,0.970280,7.464840,180.288530,-333.881650,76031.375000,,3.413270,-367.310330
2.392000,0.942080,0.544740,6.172850,180.325420,-333.882140,75934.335940,1.000000,3.528630,-367.311680
2.394000,0.851070,0.221740,4.142580,180.362670,-333.883000,76048.250000,,3.692690,-367.311340
2.396000,0.510130,0.230710,3.178710,180.398650,-333.882840,76213.828130,,3.581180,-367.309450
2.398000,0.138430,0.433230,4.214360,180.433410,-333.882970,75787.734380,,3.620910,-367.307040
2.400000,-0.085880,0.734440,5.075680,180.467330,-333.883640,75703.359380,1.000000,3.752930,-367.305360
2.402000,0.029480,0.833130,5.896000,180.501400,-333.882780,75558.875000,,3.442750,-367.305790
2.404000,0.407590,0.847230,5.854980,180.535920,-333.882140,75943.835940,,3.486330,-367.307890
2.406000,0.739560,0.613950,4.686040,180.571580,-333.882450,75897.429690,,3.559390,-367.310120
2.408000,0.811340,0.426820,3.527340,180.607640,-333.882970,75805.664060,1.000000,3.661930,-367.311040
2.410000,0.535770,0.513980,2.563480,180.642730,-333.882810,76028.210940,,3.586300,-367.310060
2.412000,0.235840,0.710080,4.275880,180.677110,-333.882930,75612.656250,,3.618350,-367.308290
2.414000,0.096130,1.003600,6.213870,180.710950,-333.883700,75732.890630,,3.788820,-367.307190
2.416000,0.334530,1.120240,7.393070,180.745000,-333.882690,75571.523440,1.000000,3.417110,-367.308010
2.418000,0.644710,1.075380,7.731450,180.779920,-333.881620,75956.492190,,3.365840,-367.309810
2.420000,0.904910,0.692140,6.500980,180.816540,-333.881930,75888.992190,,3.497860,-367.311430
2.422000,0.899780,0.269170,4.645020,180.854160,-333.882810,76054.570310,,3.646550,-367.311580
2.424000,0.579350,0.196110,3.137700,180.890640,-333.882970,76036.640630,1.000000,3.633730,-367.309940
2.426000,0.217900,0.312740,3.927250,180.925860,-333.882810,75535.664060,,3.560670,-367.307590
2.428000,-0.057680,0.674190,5.219240,180.959820,-333.883580,76042.976560,,3.764470,-367.305600
2.430000,-0.003850,0.843380,5.834470,180.993670,-333.883030,75653.796880,,3.499150,-367.305570
2.432000,0.325560,0.925420,6.326660,181.027880,-333.882200,76144.226560,1.000000,3.447880,-367.307400
2.434000,0.689580,0.751100,4.983400,181.063140,-333.882350,75920.625000,,3.551700,-367.309690
2.436000,0.824160,0.484500,3.486330,181.099300,-333.882900,76044.031250,,3.620910,-367.310940
2.438000,0.604980,0.494750,2.409670,181.134830,-333.882970,76182.195310,,3.608090,-367.310300
2.440000,0.302490,0.603700,3.845210,181.169620,-333.882810,75852.078130,1.000000,3.552980,-367.308620
2.442000,0.092290,0.911320,6.008790,181.203610,-333.883610,75968.093750,,3.773440,-367.307220
2.444000,0.258910,1.071530,7.485350,181.237610,-333.883030,75610.546880,,3.497860,-367.307590
2.446000,0.567810,1.076660,7.741700,181.272340,-333.881740,75797.234380,,3.333800,-367.309270
2.448000,0.870300,0.754940,6.777830,181.308670,-333.881870,75880.554690,1.000000,3.468380,-367.311070
2.450000,0.942080,0.242250,4.747560,181.346410,-333.882660,75926.953130,,3.593990,-367.311680
2.452000,0.680600,0.110230,3.312010,181.383220,-333.883180,76137.890630,,3.650390,-367.310420
2.454000,0.321720,0.205080,3.486330,181.418590,-333.882900,75867.898440,,3.544010,-367.308140
2.456000,-0.003850,0.606260,5.188480,181.452420,-333.883510,76166.375000,1.000000,3.727290,-367.305910
2.458000,-0.037170,0.870300,6.131840,181.485900,-333.883360,75608.445310,,3.570920,-367.305300
2.460000,0.237120,0.953610,6.029300,181.519870,-333.882290,75723.406250,,3.400450,-367.306790
2.462000,0.628050,0.813900,5.096190,181.554860,-333.882320,75991.289060,,3.522220,-367.309110
2.464000,0.815190,0.481930,3.599120,181.591090,-333.882810,75971.257810,1.000000,3.582460,-367.310670
2.466000,0.667790,0.476810,2.327640,181.626770,-333.883060,75998.679690,,3.620910,-367.310390
2.468000,0.361450,0.554990,3.435060,181.661800,-333.882810,75626.375000,,3.526060,-367.308870
2.470000,0.124330,0.842100,5.670410,181.695950,-333.883510,75891.093750,,3.750370,-367.307340
2.472000,0.211490,1.060000,7.280270,181.729870,-333.883480,75431.257810,1.000000,3.590150,-367.307310
2.474000,0.496030,1.115110,7.649410,181.764270,-333.882110,75702.304690,,3.338930,-367.308840
2.476000,0.801090,0.930540,6.890630,181.799940,-333.881840,75861.562500,,3.450440,-367.310640
2.478000,0.936950,0.438350,5.239750,181.837280,-333.882540,75919.578130,,3.555540,-367.311550
2.480000,0.747250,0.233280,3.896480,181.874220,-333.883120,76065.117190,1.000000,3.692690,-367.310700
2.480000,0.747250,0.233280,3.896480,181.874220,-333.883120,76065.117190,1.000000,3.692690,-367.310700
2.482000,0.407590,0.274290,3.568360,181.909880,-333.882970,75915.351560,,3.544010,-367.308650
2.482000,0.407590,0.274290,3.568360,181.909880,-333.882970,75915.351560,,3.544010,-367.308650
2.484000,0.069210,0.580630,4.839840,181.944120,-333.883330,75905.859380,,3.697810,-367.306340
2.486000,-0.046140,0.875430,5.998540,181.977780,-333.883480,75887.929690,,3.637570,-367.305300
2.488000,0.169190,0.971560,5.813960,182.011840,-333.882450,75971.257810,1.000000,3.401730,-367.306400
2.490000,0.549870,0.899780,5.434570,182.046710,-333.882170,75836.257810,,3.527340,-367.308650
2.492000,0.793400,0.543460,4.122070,182.083080,-333.882630,76137.890630,,3.554260,-367.310460
2.494000,0.721620,0.385800,3.240230,182.119400,-333.883060,76098.867190,,3.669620,-367.310610
2.496000,0.414000,0.435790,2.932620,182.154800,-333.882810,75965.976560,1.000000,3.537600,-367.309200
2.498000,0.149960,0.651120,4.911620,182.189320,-333.883270,76088.328130,,3.686280,-367.307560
2.500000,0.146120,0.957460,7.023930,182.223080,-333.883610,75845.742190,,3.709350,-367.307130
2.502000,0.425540,1.120240,7.413570,182.256990,-333.882290,75873.171880,,3.340210,-367.308410
2.504000,0.735720,1.039490,7.270020,182.291930,-333.881650,75501.921880,1.000000,3.437620,-367.310330
2.506000,0.935670,0.588320,6.172850,182.328780,-333.882200,75944.882810,,3.527340,-367.311650
2.508000,0.836980,0.242250,4.183590,182.365970,-333.883060,75954.382810,,3.695250,-367.311250
2.510000,0.505000,0.228150,3.424800,182.401890,-333.882900,76011.328130,,3.595280,-367.309390
2.512000,0.143550,0.462710,4.183590,182.436490,-333.883060,75899.531250,1.000000,3.622190,-367.307040
2.514000,-0.043580,0.792110,5.608890,182.470170,-333.883450,75948.046880,,3.717040,-367.305510
2.516000,0.080750,0.916440,5.680660,182.504120,-333.882510,75814.101560,,3.396610,-367.306030
2.518000,0.449890,0.881840,5.772950,182.538790,-333.882080,75727.617190,,3.494020,-367.308070
2.520000,0.738280,0.561400,4.593750,182.574870,-333.882420,75841.523440,1.000000,3.546570,-367.310090
2.522000,0.762630,0.323000,3.476070,182.611360,-333.883000,75902.695310,,3.642700,-367.310760
2.524000,0.485780,0.390930,2.645510,182.646740,-333.882810,76045.085940,,3.573490,-367.309660
2.526000,0.196110,0.625490,4.183590,182.681120,-333.883000,75744.492190,,3.608090,-367.307950
2.528000,0.103820,0.960020,6.583010,182.714740,-333.883700,75571.523440,1.000000,3.767030,-367.307100
2.530000,0.355040,1.154850,7.608400,182.748440,-333.882600,75791.960940,,3.392760,-367.308140
2.532000,0.675480,1.118960,7.598140,182.783100,-333.881710,75432.304690,,3.377380,-367.310030
2.534000,0.927980,0.725460,6.562500,182.819580,-333.882050,75826.757810,,3.518370,-367.311580
2.536000,0.895940,0.307620,4.737300,182.857060,-333.882870,75667.500000,1.000000,3.640140,-367.311610
2.538000,0.578060,0.197390,3.301760,182.893570,-333.883000,76091.484380,,3.620910,-367.309940
2.540000,0.215330,0.315310,3.999020,182.928790,-333.882900,75783.515630,,3.581180,-367.307530
2.542000,-0.056400,0.638310,5.352540,182.962840,-333.883580,75680.156250,,3.722170,-367.305570
2.544000,0.007690,0.813900,5.834470,182.996720,-333.882810,75785.625000,1.000000,3.467100,-367.305600
2.546000,0.346070,0.879270,6.172850,183.031050,-333.882110,75721.296880,,3.429930,-367.307500
2.548000,0.710080,0.697270,4.901370,183.066440,-333.882390,76256.015630,,3.555540,-367.309720
2.550000,0.803650,0.438350,3.558110,183.102660,-333.882970,75986.023440,,3.617070,-367.310820
2.552000,0.571660,0.467830,2.625000,183.138120,-333.883000,76111.523440,1.000000,3.596560,-367.310090
2.554000,0.271730,0.612670,3.947750,183.172700,-333.882900,75834.140630,,3.573490,-367.308380
2.556000,0.089720,0.972840,6.244630,183.206420,-333.883640,75607.390630,,3.759340,-367.307100
2.558000,0.287110,1.171510,7.372560,183.240130,-333.882930,75721.296880,,3.467100,-367.307620
2.560000,0.587040,1.211240,7.792970,183.274600,-333.881710,75859.453130,1.000000,3.332520,-367.309390
2.562000,0.879270,0.871580,6.870120,183.310870,-333.881870,76028.210940,,3.470950,-367.311100
2.564000,0.929260,0.353760,5.014160,183.348600,-333.882690,75879.492190,,3.592710,-367.311580
2.566000,0.656250,0.173030,3.229980,183.385620,-333.883120,76039.804690,,3.637570,-367.310210
2.568000,0.310180,0.189700,3.763180,183.421340,-333.882970,75986.023440,1.000000,3.547850,-367.308010
2.570000,0.003850,0.553710,5.188480,183.455440,-333.883510,75816.210940,,3.727290,-367.305820
2.572000,-0.017940,0.807500,5.854980,183.489040,-333.883180,75899.531250,,3.515810,-367.305330
2.574000,0.257630,0.933110,6.162600,183.522960,-333.882200,75818.320310,,3.409420,-367.306850
2.576000,0.626770,0.811340,5.167970,183.557910,-333.882390,76059.851560,1.000000,3.513240,-367.309110
2.578000,0.801090,0.499880,3.711910,183.594060,-333.882870,75826.757810,,3.585020,-367.310610
2.580000,0.642150,0.463990,2.430180,183.629780,-333.883090,76060.898440,,3.608090,-367.310300
2.582000,0.346070,0.546020,3.353030,183.664780,-333.882900,75839.421880,,3.524780,-367.308750
2.584000,0.116640,0.847230,5.772950,183.698840,-333.883540,75823.601560,1.000000,3.745240,-367.307280
2.586000,0.226870,1.077940,7.116210,183.732670,-333.883360,75581.015630,,3.546570,-367.307370
2.588000,0.521670,1.124080,7.905760,183.767110,-333.881990,75518.796880,,3.327390,-367.308960
2.590000,0.835690,0.889530,7.136720,183.803010,-333.881900,75895.320310,,3.451720,-367.310760
2.592000,0.949770,0.376830,5.229490,183.840530,-333.882600,75675.945310,1.000000,3.545290,-367.311610
2.594000,0.743410,0.173030,3.650390,183.877520,-333.883210,75939.617190,,3.669620,-367.310640
2.596000,0.397340,0.194820,3.404300,183.913250,-333.883030,75804.609380,,3.541440,-367.308500
2.598000,0.052550,0.496030,5.055180,183.947430,-333.883480,76010.273440,,3.700380,-367.306150
2.600000,-0.057680,0.808780,6.101070,183.980930,-333.883390,75919.578130,1.000000,3.596560,-367.305110
2.602000,0.170470,0.943360,6.265140,184.014650,-333.882390,75568.359380,,3.386350,-367.306340
2.604000,0.566530,0.888240,5.383300,184.049290,-333.882230,75941.726560,,3.517090,-367.308620
2.606000,0.793400,0.558840,3.958010,184.085420,-333.882690,75627.421880,,3.545290,-367.310390
2.608000,0.713930,0.442200,2.953130,184.121430,-333.883090,76206.453130,1.000000,3.655520,-367.310490
2.610000,0.405030,0.494750,3.014650,184.156690,-333.882840,75953.328130,,3.520940,-367.309110
2.612000,0.151250,0.731870,5.403810,184.191070,-333.883390,75905.859380,,3.692690,-367.307500
2.614000,0.174320,1.022830,7.095700,184.224870,-333.883540,75810.937500,,3.660640,-367.307190
2.616000,0.449890,1.152280,7.680180,184.258940,-333.882260,75719.187500,1.000000,3.327390,-367.308500
2.618000,0.747250,1.040770,7.403320,184.294140,-333.881810,75777.195310,,3.461980,-367.310330
2.620000,0.934390,0.596010,5.721680,184.331150,-333.882350,75875.273440,,3.531190,-367.311520
2.622000,0.816470,0.301210,4.050290,184.368260,-333.883090,76490.156250,,3.688840,-367.311040
2.624000,0.484500,0.281980,3.476070,184.404160,-333.882970,75802.500000,1.000000,3.583740,-367.309140
2.626000,0.120480,0.517820,4.665530,184.438740,-333.883210,75780.351560,,3.641420,-367.306760
2.628000,-0.056400,0.811340,5.639650,184.472440,-333.883390,75943.835940,,3.678590,-367.305270
2.630000,0.089720,0.921570,5.885740,184.506470,-333.882390,75874.218750,,3.386350,-367.305970
2.632000,0.476810,0.860050,5.526860,184.541230,-333.882110,76049.296880,1.000000,3.501710,-367.308170
2.634000,0.769040,0.543460,4.378420,184.577390,-333.882480,76017.664060,,3.538880,-367.310210
2.636000,0.767760,0.333250,3.363280,184.613820,-333.883060,76393.132810,,3.636290,-367.310790
2.638000,0.475520,0.384520,2.850590,184.649230,-333.882840,75804.609380,,3.560670,-367.309570
2.640000,0.187130,0.604980,4.675780,184.683720,-333.883090,75887.929690,1.000000,3.614500,-367.307860
2.640000,0.187130,0.604980,4.675780,184.683720,-333.883090,75887.929690,1.000000,3.614500,-367.307860
2.642000,0.123050,0.935670,6.367680,184.717380,-333.883670,75790.898440,,3.741390,-367.307100
2.644000,0.381960,1.143310,7.669920,184.751040,-333.882540,75842.585940,,3.374820,-367.308200
2.646000,0.695980,1.148440,7.023930,184.785550,-333.881840,75789.843750,,3.410710,-367.310090
2.648000,0.930540,0.767760,6.624020,184.821930,-333.882200,75819.375000,1.000000,3.526060,-367.311550
2.650000,0.877990,0.396060,4.747560,184.859130,-333.882970,76048.250000,,3.650390,-367.311460
2.652000,0.561400,0.303770,3.558110,184.895400,-333.883000,75607.390630,,3.609380,-367.309750
2.654000,0.198670,0.443480,4.265630,184.930450,-333.883000,75823.601560,,3.590150,-367.307340
2.656000,-0.053830,0.735720,5.219240,184.964490,-333.883510,75826.757810,1.000000,3.701660,-367.305480
2.658000,0.019230,0.854920,5.762700,184.998550,-333.882690,75945.937500,,3.435060,-367.305660
2.660000,0.371700,0.840820,5.660160,185.033220,-333.882140,75848.906250,,3.445310,-367.307590
2.662000,0.716490,0.589600,5.065430,185.069020,-333.882480,76044.031250,,3.546570,-367.309780
2.664000,0.790830,0.328130,3.578610,185.105450,-333.883000,76132.625000,1.000000,3.622190,-367.310760
2.666000,0.548580,0.361450,2.830080,185.140980,-333.883000,75609.492190,,3.585020,-367.309940
2.668000,0.248660,0.540890,3.999020,185.175490,-333.882970,75938.562500,,3.581180,-367.308200
2.670000,0.094850,0.911320,6.162600,185.209110,-333.883640,75760.312500,,3.745240,-367.307040
2.672000,0.312740,1.131770,7.372560,185.242650,-333.882810,76019.773440,1.000000,3.442750,-367.307740
2.674000,0.611390,1.165100,7.464840,185.277040,-333.881710,75790.898440,,3.349180,-367.309510
2.676000,0.888240,0.825440,7.023930,185.313200,-333.882020,76078.828130,,3.494020,-367.311160
2.678000,0.897220,0.356320,5.116700,185.350690,-333.882780,76078.828130,,3.611940,-367.311430
2.680000,0.622920,0.228150,3.414550,185.387340,-333.883090,76001.843750,1.000000,3.628600,-367.310030
2.682000,0.287110,0.294800,3.824710,185.422730,-333.882970,75996.562500,,3.561950,-367.307800
2.684000,0.005130,0.649840,5.075680,185.456730,-333.883510,75709.687500,,3.719600,-367.305790
2.686000,0.014100,0.836980,5.937010,185.490480,-333.883060,76034.531250,,3.497860,-367.305480
2.688000,0.308900,0.884400,5.998540,185.524750,-333.882200,75976.523440,1.000000,3.428650,-367.307100
2.690000,0.652400,0.698550,5.250000,185.560130,-333.882420,76079.882810,,3.527340,-367.309270
2.692000,0.795960,0.394780,3.578610,185.596410,-333.882930,76081.992190,,3.604250,-367.310550
2.694000,0.612670,0.419130,2.512210,185.631960,-333.883090,75998.679690,,3.597840,-367.310090
2.696000,0.316590,0.554990,3.650390,185.666660,-333.882900,75912.195310,1.000000,3.536320,-367.308470
2.698000,0.101260,0.893370,5.783200,185.700470,-333.883540,75531.453130,,3.746520,-367.307040
2.700000,0.238400,1.109990,7.372560,185.734210,-333.883210,75758.203130,,3.514530,-367.307280
2.702000,0.534480,1.153560,7.598140,185.768590,-333.881900,75665.398440,,3.329960,-367.308930
2.704000,0.839540,0.894650,7.177730,185.804530,-333.881930,76056.687500,1.000000,3.454280,-367.310760
2.706000,0.935670,0.407590,5.034670,185.841980,-333.882660,75870.007810,,3.559390,-367.311490
2.708000,0.706240,0.217900,3.629880,185.878920,-333.883210,75769.812500,,3.651670,-367.310420
2.710000,0.370420,0.233280,3.650390,185.914660,-333.883060,76010.273440,,3.537600,-367.308320
2.712000,0.055110,0.538330,4.973140,185.948840,-333.883510,75523.007810,1.000000,3.708070,-367.306120
2.714000,-0.020510,0.817750,6.070310,185.982420,-333.883330,75813.054690,,3.558110,-367.305300
2.716000,0.221740,0.927980,5.957520,186.016280,-333.882350,75565.203130,,3.397890,-367.306580
2.718000,0.589600,0.817750,5.434570,186.051190,-333.882320,75977.585940,,3.518370,-367.308780
2.720000,0.790830,0.458860,3.814450,186.087460,-333.882840,76006.054690,1.000000,3.563230,-367.310390
2.722000,0.681880,0.347350,2.891600,186.123460,-333.883090,75814.101560,,3.640140,-367.310360
2.724000,0.387080,0.415280,3.045410,186.158680,-333.882870,76009.218750,,3.515810,-367.308930
2.726000,0.138430,0.676760,5.434570,186.192930,-333.883420,75543.054690,,3.706790,-367.307340
2.728000,0.179440,0.962590,7.167480,186.226670,-333.883450,76121.023440,1.000000,3.609380,-367.307130
2.730000,0.465270,1.057430,7.823730,186.260880,-333.882170,75643.242190,,3.327390,-367.308560
2.732000,0.763920,0.881840,7.290530,186.296370,-333.881840,76022.929690,,3.459410,-367.310360
2.734000,0.925420,0.387080,5.742190,186.333680,-333.882450,75984.960940,,3.537600,-367.311460
2.736000,0.784420,0.121770,4.009280,186.370740,-333.883180,76084.101560,1.000000,3.690120,-367.310880
2.738000,0.456300,0.140990,3.424800,186.406490,-333.883000,75895.320310,,3.567080,-367.308960
2.740000,0.114070,0.466550,4.942380,186.440580,-333.883270,75913.250000,,3.658080,-367.306700
2.742000,-0.024350,0.831850,5.772950,186.473770,-333.883360,76164.265630,,3.651670,-367.305420
2.744000,0.148680,0.977970,6.111330,186.507370,-333.882390,75818.320310,1.000000,3.386350,-367.306300
2.746000,0.516540,0.894650,5.526860,186.541960,-333.882140,75896.375000,,3.523500,-367.308410
2.748000,0.763920,0.529360,4.183590,186.578160,-333.882570,76055.632810,,3.551700,-367.310210
2.750000,0.719060,0.314030,3.137700,186.614580,-333.883090,75960.703130,,3.643980,-367.310520
2.752000,0.433230,0.369140,2.717290,186.649960,-333.882810,76132.625000,1.000000,3.546570,-367.309270
2.754000,0.162780,0.594730,5.024410,186.684480,-333.883120,75803.554690,,3.629880,-367.307650
2.756000,0.137150,0.902340,6.654790,186.718250,-333.883580,75928.015630,,3.709350,-367.307100
2.758000,0.396060,1.053590,7.598140,186.752240,-333.882390,75658.007810,,3.350460,-367.308290
2.760000,0.690860,0.975400,7.229000,186.787290,-333.881840,75857.343750,1.000000,3.433780,-367.310120
2.762000,0.912600,0.543460,6.152340,186.824100,-333.882320,75684.382810,,3.533750,-367.311550
2.764000,0.858760,0.208920,4.532230,186.861330,-333.883090,76226.484380,,3.667050,-367.311400
2.766000,0.546020,0.194820,3.281250,186.897230,-333.883030,75907.968750,,3.600400,-367.309660
2.768000,0.185850,0.416560,4.655270,186.931820,-333.883090,75732.890630,1.000000,3.608090,-367.307310
2.770000,-0.037170,0.761350,5.311520,186.965380,-333.883480,75857.343750,,3.690120,-367.305540
2.772000,0.051270,0.917720,5.896000,186.999070,-333.882540,75629.531250,,3.405580,-367.305880
2.774000,0.407590,0.888240,5.526860,187.033580,-333.882110,75721.296880,,3.453000,-367.307860
2.776000,0.721620,0.590880,4.593750,187.069470,-333.882450,75719.187500,1.000000,3.547850,-367.309940
2.778000,0.760070,0.294800,3.640140,187.106080,-333.883030,76219.109380,,3.619630,-367.310700
2.780000,0.501160,0.280700,2.748050,187.141800,-333.882970,75892.148440,,3.576050,-367.309720
2.782000,0.225590,0.435790,4.532230,187.176560,-333.882970,75702.304690,,3.585020,-367.308110
2.784000,0.111510,0.793400,6.152340,187.210330,-333.883640,75795.125000,1.000000,3.732420,-367.307160
2.786000,0.342220,1.035640,7.464840,187.243880,-333.882660,75461.843750,,3.410710,-367.307950
2.788000,0.629330,1.094600,7.280270,187.278210,-333.881770,76011.328130,,3.363280,-367.309720
2.790000,0.883120,0.745970,6.613770,187.314410,-333.882140,75726.562500,,3.514530,-367.311280
2.792000,0.888240,0.288390,5.106450,187.351840,-333.882930,76281.328130,1.000000,3.633730,-367.311460
2.794000,0.606260,0.174320,3.640140,187.388370,-333.883120,76022.929690,,3.624760,-367.309970
2.796000,0.266600,0.307620,4.122070,187.423430,-333.883000,75918.515630,,3.577330,-367.307740
2.798000,-0.005130,0.703670,5.014160,187.457170,-333.883480,75719.187500,,3.706790,-367.305760
2.798000,-0.005130,0.703670,5.014160,187.457170,-333.883480,75719.187500,,3.706790,-367.305760
2.800000,0.019230,0.904910,5.824220,187.490770,-333.882840,75998.679690,1.000000,3.463260,-367.305540
2.802000,0.330690,0.936950,5.701170,187.525050,-333.882110,76137.890630,,3.432500,-367.307280
2.804000,0.678040,0.679320,5.178220,187.560670,-333.882390,75793.015630,,3.526060,-367.309450
2.806000,0.783140,0.329410,3.763180,187.597270,-333.882930,76182.195310,,3.606810,-367.310580
2.808000,0.574220,0.296080,2.655760,187.633180,-333.883090,76095.703130,1.000000,3.583740,-367.309940
2.810000,0.285830,0.397340,3.783690,187.668110,-333.882930,75910.085940,,3.542720,-367.308290
2.812000,0.102540,0.752380,5.588380,187.701950,-333.883580,75855.242190,,3.741390,-367.307040
2.814000,0.289670,1.007450,7.454590,187.735520,-333.883090,75881.609380,,3.488890,-367.307530
2.816000,0.579350,1.088200,7.444340,187.769740,-333.881840,76192.734380,1.000000,3.337650,-367.309200
2.818000,0.861330,0.822880,7.105960,187.805630,-333.881990,75796.179690,,3.469670,-367.310910
2.820000,0.916440,0.321720,5.219240,187.843110,-333.882780,75834.140630,,3.585020,-367.311400
2.822000,0.662660,0.151250,3.486330,187.879990,-333.883210,75898.484380,,3.638850,-367.310120
2.824000,0.324280,0.190980,3.701660,187.915570,-333.883030,75982.859380,1.000000,3.537600,-367.307950
2.826000,0.026920,0.537050,4.696290,187.949630,-333.883510,75800.398440,,3.710630,-367.305820
2.828000,-0.017940,0.793400,6.060060,187.983230,-333.883240,75722.343750,,3.527340,-367.305240
2.830000,0.246090,0.899780,5.988280,188.017150,-333.882260,76007.109380,,3.396610,-367.306670
2.832000,0.607540,0.774170,5.578130,188.052170,-333.882350,75743.437500,1.000000,3.510680,-367.308930
2.834000,0.799800,0.420410,3.732420,188.088440,-333.882930,75897.429690,,3.568360,-367.310490
2.836000,0.660100,0.355040,2.789060,188.124250,-333.883180,75935.390630,,3.622190,-367.310330
2.838000,0.367860,0.430660,3.045410,188.159270,-333.882970,75852.078130,,3.513240,-367.308840
2.840000,0.130740,0.712650,5.321780,188.193340,-333.883510,75686.484380,1.000000,3.720890,-367.307310
2.842000,0.208920,1.006160,7.249510,188.226940,-333.883420,75610.546880,,3.568360,-367.307250
2.844000,0.498600,1.120240,7.895510,188.261030,-333.882080,75870.007810,,3.318420,-367.308720
2.846000,0.797240,0.939510,7.300780,188.296550,-333.881840,75559.929690,,3.444030,-367.310520
2.848000,0.920290,0.435790,5.516600,188.333970,-333.882540,76174.812500,1.000000,3.541440,-367.311400
2.850000,0.733150,0.155090,3.711910,188.371230,-333.883180,75932.226560,,3.669620,-367.310550
2.852000,0.403750,0.128170,3.322270,188.407320,-333.883000,75996.562500,,3.545290,-367.308560
2.854000,0.078190,0.406310,4.809080,188.441760,-333.883390,75847.851560,,3.678590,-367.306340
2.856000,-0.030760,0.748540,5.906250,188.475270,-333.883390,75965.976560,1.000000,3.618350,-367.305300
2.858000,0.176880,0.913880,6.295900,188.508940,-333.882390,75979.687500,,3.376100,-367.306400
2.860000,0.540890,0.867740,5.578130,188.543470,-333.882230,75992.343750,,3.528630,-367.308560
2.862000,0.775450,0.522950,4.224610,188.579570,-333.882690,76126.289060,,3.545290,-367.310360
2.864000,0.724180,0.340940,2.809570,188.615710,-333.883120,76026.093750,1.000000,3.654240,-367.310580
2.866000,0.429380,0.401180,2.953130,188.650960,-333.882840,75986.023440,,3.532470,-367.309270
2.868000,0.160220,0.615230,4.880860,188.685380,-333.883300,75759.257810,,3.655520,-367.307620
2.870000,0.151250,0.883120,6.972660,188.719210,-333.883510,75788.789060,,3.679870,-367.307130
2.872000,0.417850,1.015140,7.680180,188.753310,-333.882290,75819.375000,1.000000,3.324830,-367.308350
2.874000,0.716490,0.920290,7.331540,188.788440,-333.881710,75710.742190,,3.433780,-367.310210
2.876000,0.915160,0.483220,6.111330,188.825470,-333.882290,76039.804690,,3.519650,-367.311490
2.878000,0.817750,0.146120,4.193850,188.862790,-333.883090,75803.554690,,3.667050,-367.311160
2.880000,0.497310,0.107670,3.363280,188.898910,-333.883000,75834.140630,1.000000,3.578610,-367.309330
2.882000,0.138430,0.331970,4.501460,188.933610,-333.883180,75818.320310,,3.617070,-367.306980
2.884000,-0.046140,0.695980,5.752440,188.967070,-333.883510,75993.398440,,3.691410,-367.305450
2.886000,0.082030,0.893370,5.742190,189.000630,-333.882540,75812.000000,,3.397890,-367.306030
2.888000,0.452450,0.894650,5.670410,189.034900,-333.882140,75705.476560,1.000000,3.477360,-367.308140
2.890000,0.744690,0.613950,4.686040,189.070650,-333.882540,76087.273440,,3.550420,-367.310180
2.892000,0.761350,0.370420,3.332520,189.106950,-333.883090,75726.562500,,3.620910,-367.310820
2.894000,0.488340,0.383240,2.686520,189.142430,-333.882930,75918.515630,,3.567080,-367.309720
2.896000,0.208920,0.553710,4.521970,189.177090,-333.883060,75775.078130,1.000000,3.592710,-367.308040
2.898000,0.115360,0.854920,6.613770,189.210970,-333.883670,75843.640630,,3.727290,-367.307190
2.900000,0.355040,1.016420,7.362300,189.244920,-333.882600,75684.382810,,3.378660,-367.308070
2.902000,0.653690,1.008730,7.444340,189.279690,-333.881770,75684.382810,,3.362000,-367.309910
2.904000,0.890810,0.635740,6.398440,189.316240,-333.882200,75764.539060,1.000000,3.518370,-367.311400
2.906000,0.874150,0.229430,5.116700,189.353680,-333.883000,75814.101560,,3.631160,-367.311460
2.908000,0.580630,0.148680,3.547850,189.390090,-333.883090,76321.414060,,3.604250,-367.309880
2.910000,0.231990,0.294800,4.316890,189.425090,-333.883060,75775.078130,,3.581180,-367.307590
2.912000,-0.029480,0.671630,5.475590,189.458860,-333.883640,76091.484380,1.000000,3.708070,-367.305660
2.914000,0.023070,0.861330,5.762700,189.492490,-333.882840,75922.734380,,3.449160,-367.305660
2.916000,0.355040,0.897220,5.937010,189.526810,-333.882110,75954.382810,,3.426090,-367.307500
2.918000,0.704960,0.656250,4.911620,189.562380,-333.882450,75944.882810,,3.535030,-367.309690
2.920000,0.792110,0.349910,3.670900,189.598890,-333.882970,76053.515630,1.000000,3.611940,-367.310730
2.922000,0.557560,0.331970,2.789060,189.634690,-333.883030,76302.421880,,3.570920,-367.309940
2.924000,0.261470,0.430660,3.978520,189.669630,-333.882930,75793.015630,,3.561950,-367.308260
2.926000,0.083310,0.751100,6.244630,189.703640,-333.883640,76021.875000,,3.736270,-367.307010
2.928000,0.283260,0.963870,7.075200,189.737380,-333.882970,75768.750000,1.000000,3.456850,-367.307560
2.930000,0.581910,1.029240,7.618650,189.771790,-333.881840,75933.281250,,3.344060,-367.309300
2.932000,0.874150,0.765200,6.839360,189.807720,-333.882080,75829.921880,,3.485050,-367.311070
2.934000,0.925420,0.302490,5.362790,189.845060,-333.882840,75881.609380,,3.600400,-367.311580
2.936000,0.666500,0.178160,3.629880,189.881700,-333.883180,76207.500000,1.000000,3.620910,-367.310270
2.938000,0.328130,0.231990,3.865720,189.917130,-333.883000,75741.328130,,3.545290,-367.308070
2.940000,0.025630,0.599850,4.993650,189.951100,-333.883510,75805.664060,,3.711910,-367.305940
2.942000,-0.005130,0.842100,5.701170,189.984710,-333.883120,75837.312500,,3.497860,-367.305360
2.944000,0.265320,0.925420,5.978030,190.018810,-333.882200,76003.945310,1.000000,3.404300,-367.306820
2.946000,0.625490,0.744690,5.270510,190.054140,-333.882390,76009.218750,,3.506840,-367.309050
2.948000,0.789550,0.393490,3.742680,190.090650,-333.882970,75714.960940,,3.576050,-367.310490
2.950000,0.626770,0.324280,2.912110,190.126650,-333.883150,76240.203130,,3.599120,-367.310120
2.952000,0.330690,0.417850,3.178710,190.161760,-333.882970,75650.632810,1.000000,3.514530,-367.308560
2.952000,0.330690,0.417850,3.178710,190.161760,-333.882970,75650.632810,1.000000,3.514530,-367.308560
2.954000,0.114070,0.715210,5.475590,190.195820,-333.883580,75660.125000,,3.733700,-367.307160
2.956000,0.233280,0.989500,7.105960,190.229510,-333.883360,75557.820310,,3.540160,-367.307310
2.958000,0.524230,1.076660,7.649410,190.263690,-333.882050,75829.921880,,3.326110,-367.308870
2.960000,0.813900,0.854920,7.352050,190.299380,-333.881960,75952.265630,1.000000,3.455570,-367.310640
2.962000,0.921570,0.340940,5.660160,190.336840,-333.882660,75766.648440,,3.542720,-367.311430
2.964000,0.722900,0.116640,3.783690,190.373930,-333.883180,75997.625000,,3.649110,-367.310490
2.966000,0.396060,0.138430,3.424800,190.409740,-333.883000,75622.148440,,3.528630,-367.308440
2.968000,0.073060,0.425540,4.778320,190.444110,-333.883480,76038.750000,1.000000,3.688840,-367.306210
2.970000,-0.020510,0.730590,5.731930,190.477740,-333.883390,75673.828130,,3.578610,-367.305270
2.972000,0.193540,0.849790,6.275390,190.511610,-333.882390,76038.750000,,3.373540,-367.306430
2.974000,0.557560,0.797240,5.619140,190.546360,-333.882290,75933.281250,,3.523500,-367.308560
2.976000,0.765200,0.480650,4.132320,190.582440,-333.882810,76064.062500,1.000000,3.549130,-367.310270
2.978000,0.684450,0.385800,2.778810,190.618330,-333.883210,76075.671880,,3.647830,-367.310330
2.980000,0.393490,0.485780,2.881350,190.653340,-333.882930,76007.109380,,3.522220,-367.308990
2.982000,0.151250,0.744690,4.891110,190.687470,-333.883420,75954.382810,,3.683720,-367.307460
2.984000,0.179440,1.035640,6.993160,190.721150,-333.883510,75538.828130,1.000000,3.643980,-367.307190
2.986000,0.456300,1.151000,8.018550,190.755230,-333.882200,75984.960940,,3.314580,-367.308560
2.988000,0.744690,1.015140,7.382810,190.790600,-333.881740,75732.890630,,3.450440,-367.310360
2.990000,0.913880,0.522950,5.947270,190.827990,-333.882350,76032.429690,,3.519650,-367.311460
2.992000,0.786990,0.165340,3.855470,190.865590,-333.883090,76058.796880,1.000000,3.668330,-367.310910
2.994000,0.469120,0.097410,3.178710,190.902020,-333.882970,75941.726560,,3.560670,-367.309050
2.996000,0.125610,0.301210,4.460450,190.937000,-333.883240,76145.281250,,3.642700,-367.306790
2.998000,-0.025630,0.635740,5.742190,190.970750,-333.883510,75662.234380,,3.681150,-367.305450
3.000000,0.125610,0.838260,6.111330,191.004460,-333.882480,75770.859380,1.000000,3.383790,-367.306180
3.002000,0.485780,0.876710,5.793460,191.038700,-333.882170,75835.195310,,3.499150,-367.308290
3.004000,0.745970,0.610110,4.511720,191.074370,-333.882570,76075.671880,,3.546570,-367.310180
3.006000,0.737000,0.394780,2.963380,191.110520,-333.883120,76087.273440,,3.635010,-367.310670
3.008000,0.463990,0.431950,2.717290,191.145830,-333.882900,75886.875000,1.000000,3.558110,-367.309510
3.010000,0.189700,0.634460,4.573240,191.180310,-333.883120,75907.968750,,3.613220,-367.307860
3.012000,0.132020,0.943360,6.890630,191.214080,-333.883640,75457.625000,,3.713200,-367.307160
3.014000,0.383240,1.101010,7.639160,191.248080,-333.882450,75615.820310,,3.350460,-367.308230
3.016000,0.681880,1.020260,7.249510,191.283160,-333.881770,75481.875000,1.000000,3.394040,-367.310030
3.018000,0.899780,0.566530,6.418950,191.320160,-333.882230,76017.664060,,3.517090,-367.311460
3.020000,0.853640,0.126890,4.501460,191.357990,-333.883060,75979.687500,,3.638850,-367.311310
3.022000,0.543460,0.039730,3.660640,191.394530,-333.883060,75900.593750,,3.585020,-367.309660
3.024000,0.188420,0.231990,4.398930,191.429500,-333.883090,75917.460940,1.000000,3.590150,-367.307310
3.026000,-0.051270,0.663940,5.742190,191.462980,-333.883640,75504.031250,,3.704220,-367.305510
3.028000,0.030760,0.903630,5.772950,191.496350,-333.882750,75935.390630,,3.428650,-367.305730
3.030000,0.374270,0.948490,5.670410,191.530470,-333.882140,75735.007810,,3.437620,-367.307710
3.032000,0.703670,0.685730,4.686040,191.566040,-333.882510,76125.234380,1.000000,3.544010,-367.309810
3.034000,0.767760,0.398620,3.547850,191.602430,-333.883030,76053.515630,,3.615780,-367.310760
3.036000,0.529360,0.411440,2.737790,191.638060,-333.883000,76051.406250,,3.564510,-367.309940
3.038000,0.249940,0.562680,4.265630,191.672810,-333.882970,76054.570310,,3.576050,-367.308290
3.040000,0.106380,0.883120,6.398440,191.706760,-333.883670,75759.257810,1.000000,3.731140,-367.307190
3.042000,0.326840,1.063840,7.146970,191.740630,-333.882840,75910.085940,,3.429930,-367.307860
3.044000,0.604980,1.081790,7.331540,191.775270,-333.881810,75648.523440,,3.350460,-367.309570
3.046000,0.863890,0.761350,6.747070,191.811550,-333.882110,76058.796880,,3.501710,-367.311160
3.048000,0.890810,0.298650,5.157710,191.849090,-333.882930,76003.945310,1.000000,3.615780,-367.311460
3.050000,0.620360,0.183290,3.681150,191.885730,-333.883120,76149.492190,,3.608090,-367.310090
3.052000,0.279420,0.265320,4.111820,191.921040,-333.882970,76029.265630,,3.556820,-367.307830
3.054000,-0.005130,0.643430,5.239750,191.954960,-333.883580,75858.406250,,3.724730,-367.305760
3.056000,0.000000,0.886960,5.731930,191.988490,-333.883030,75973.359380,1.000000,3.478640,-367.305420
3.058000,0.293520,0.983090,5.752440,192.022580,-333.882110,75789.843750,,3.399170,-367.307070
3.060000,0.653690,0.778020,5.034670,192.058030,-333.882390,75841.523440,,3.513240,-367.309330
3.062000,0.786990,0.392210,3.763180,192.094790,-333.882970,75987.078130,,3.586300,-367.310610
3.064000,0.593440,0.310180,2.737790,192.130950,-333.883120,76020.820310,1.000000,3.579900,-367.310090
3.066000,0.306340,0.378110,3.445310,192.166180,-333.882970,76009.218750,,3.523500,-367.308530
3.068000,0.108950,0.701110,5.813960,192.200300,-333.883640,75653.796880,,3.741390,-367.307190
3.070000,0.258910,0.990780,7.239260,192.233870,-333.883240,75829.921880,,3.504270,-367.307460
3.072000,0.544740,1.126650,7.577640,192.267840,-333.881990,75490.312500,1.000000,3.327390,-367.309080
3.074000,0.839540,0.926700,7.136720,192.303330,-333.882050,75856.289060,,3.461980,-367.310850
3.076000,0.930540,0.414000,5.619140,192.340590,-333.882810,75401.718750,,3.564510,-367.311520
3.078000,0.706240,0.187130,3.886230,192.377530,-333.883240,76018.710940,,3.631160,-367.310420
3.080000,0.367860,0.202510,3.517090,192.413270,-333.883000,75895.320310,1.000000,3.517090,-367.308290
3.082000,0.039730,0.530640,5.075680,192.447430,-333.883510,75727.617190,,3.699100,-367.306000
3.084000,-0.038450,0.830570,5.772950,192.481020,-333.883330,75921.679690,,3.535030,-367.305150
3.086000,0.202510,0.949770,6.070310,192.514950,-333.882320,75616.882810,,3.379940,-367.306490
3.088000,0.583190,0.824160,5.455080,192.550030,-333.882350,76151.609380,1.000000,3.509400,-367.308750
3.090000,0.781860,0.434510,4.091310,192.586620,-333.882930,75939.617190,,3.551700,-367.310360
3.092000,0.669070,0.314030,2.953130,192.622820,-333.883210,76179.031250,,3.626040,-367.310330
3.094000,0.375550,0.430660,2.932620,192.657940,-333.883000,75830.984380,,3.510680,-367.308930
3.096000,0.135860,0.761350,5.332030,192.691880,-333.883540,75716.015630,1.000000,3.708070,-367.307400
3.098000,0.196110,1.079220,6.982910,192.725390,-333.883510,75698.085940,,3.604250,-367.307250
3.100000,0.483220,1.192020,8.100590,192.759370,-333.882200,75956.492190,,3.324830,-367.308690
3.102000,0.776730,1.027950,7.218750,192.794720,-333.881840,76053.515630,,3.453000,-367.310520
3.104000,0.929260,0.516540,6.019040,192.832050,-333.882480,75824.656250,1.000000,3.531190,-367.311520
3.106000,0.767760,0.188420,3.958010,192.869460,-333.883090,76244.414060,,3.665770,-367.310760
3.108000,0.437070,0.128170,3.250490,192.905730,-333.882870,75971.257810,,3.528630,-367.308810
3.110000,0.092290,0.330690,4.675780,192.940600,-333.883300,75911.140630,,3.658080,-367.306520
3.112000,-0.039730,0.631900,5.660160,192.974400,-333.883480,75828.867190,1.000000,3.647830,-367.305270
3.112000,-0.039730,0.631900,5.660160,192.974400,-333.883480,75828.867190,1.000000,3.647830,-367.305270
3.114000,0.135860,0.797240,6.152340,193.008210,-333.882450,75834.140630,,3.368410,-367.306180
3.116000,0.508850,0.810060,5.967770,193.042620,-333.882200,76058.796880,,3.511960,-367.308350
3.118000,0.766480,0.534480,4.368160,193.078450,-333.882660,75906.914060,,3.542720,-367.310270
3.120000,0.742130,0.379390,2.932620,193.114400,-333.883210,75918.515630,1.000000,3.645260,-367.310670
3.122000,0.449890,0.463990,2.532710,193.149380,-333.882930,75994.453130,,3.544010,-367.309420
3.124000,0.180730,0.730590,4.706540,193.183500,-333.883270,75819.375000,,3.637570,-367.307740
3.126000,0.137150,1.070250,6.675290,193.216920,-333.883640,75738.171880,,3.705510,-367.307100
3.128000,0.398620,1.243290,7.772460,193.250700,-333.882350,75591.562500,1.000000,3.332520,-367.308260
3.130000,0.699830,1.166380,7.557130,193.285630,-333.881710,75942.781250,,3.408140,-367.310090
3.132000,0.895940,0.701110,6.275390,193.322630,-333.882200,75675.945310,,3.508120,-367.311460
3.134000,0.817750,0.261470,4.306640,193.360430,-333.883090,75930.117190,,3.649110,-367.311190
3.136000,0.508850,0.123050,3.168460,193.397160,-333.882970,75751.882810,1.000000,3.565800,-367.309420
3.138000,0.158940,0.262760,4.439940,193.432450,-333.883090,76063.015630,,3.592710,-367.307130
3.140000,-0.039730,0.625490,5.598630,193.466260,-333.883640,75825.710940,,3.700380,-367.305540
3.142000,0.076900,0.871580,6.265140,193.499790,-333.882660,75621.101560,,3.396610,-367.306060
3.144000,0.435790,0.935670,5.752440,193.533910,-333.882200,75839.421880,1.000000,3.449160,-367.308070
3.146000,0.733150,0.680600,4.757810,193.569440,-333.882540,75702.304690,,3.541440,-367.310120
3.148000,0.770320,0.424260,3.373540,193.605730,-333.883090,76242.304690,,3.611940,-367.310850
3.150000,0.511410,0.447330,2.491700,193.641190,-333.883000,75913.250000,,3.559390,-367.309810
3.152000,0.226870,0.625490,4.491210,193.675780,-333.883060,75911.140630,1.000000,3.582460,-367.308140
3.154000,0.097410,0.953610,6.572750,193.709590,-333.883760,75817.265630,,3.728580,-367.307100
3.156000,0.329410,1.142030,7.485350,193.743410,-333.882750,75725.507810,,3.400450,-367.307860
3.158000,0.630620,1.126650,7.444340,193.778180,-333.881840,75640.078130,,3.353030,-367.309690
3.160000,0.899780,0.734440,6.624020,193.814790,-333.882200,75959.656250,1.000000,3.502990,-367.311310
3.162000,0.897220,0.270450,4.737300,193.852490,-333.882970,76326.679690,,3.626040,-367.311520
3.164000,0.603700,0.144840,3.670900,193.889210,-333.883090,75819.375000,,3.591430,-367.309970
3.166000,0.247380,0.238400,4.378420,193.924470,-333.883000,76045.085940,,3.565800,-367.307620
3.168000,-0.032040,0.606260,5.506350,193.958360,-333.883640,75893.203130,1.000000,3.723450,-367.305600
3.170000,0.005130,0.840820,5.772950,193.991790,-333.882970,75829.921880,,3.454280,-367.305420
3.170000,0.005130,0.840820,5.772950,193.991790,-333.882970,75829.921880,,3.454280,-367.305420
3.172000,0.316590,0.956180,5.649900,194.025680,-333.882080,75904.804690,,3.401730,-367.307190
3.174000,0.666500,0.756230,4.798830,194.060910,-333.882390,75951.210940,,3.510680,-367.309420
3.176000,0.780580,0.443480,3.537600,194.097240,-333.883000,76476.445310,1.000000,3.592710,-367.310640
3.178000,0.578060,0.430660,2.686520,194.132970,-333.883090,75882.664060,,3.559390,-367.310030
3.180000,0.288390,0.528080,3.814450,194.167880,-333.883000,75836.257810,,3.532470,-367.308410
3.182000,0.099980,0.862610,5.998540,194.201840,-333.883730,75803.554690,,3.742680,-367.307130
3.184000,0.271730,1.099730,7.259770,194.235530,-333.883240,75779.304690,1.000000,3.479920,-367.307500
3.186000,0.554990,1.197140,7.105960,194.269740,-333.881990,75764.539060,,3.342770,-367.309140
3.188000,0.838260,0.939510,7.023930,194.305630,-333.882110,75671.718750,,3.468380,-367.310880
3.190000,0.913880,0.449890,5.362790,194.343030,-333.882900,75977.585940,,3.590150,-367.311460
3.192000,0.675480,0.276860,4.070800,194.379870,-333.883240,75852.078130,1.000000,3.618350,-367.310300
3.194000,0.334530,0.293520,3.855470,194.415480,-333.883000,75810.937500,,3.519650,-367.308140
3.196000,0.023070,0.617800,5.178220,194.449630,-333.883540,75500.867190,,3.720890,-367.305940
3.198000,-0.025630,0.872860,5.844730,194.483260,-333.883270,75961.757810,,3.509400,-367.305240
3.200000,0.239690,0.974120,5.649900,194.517230,-333.882230,75769.812500,1.000000,3.377380,-367.306730
3.202000,0.615230,0.835690,5.455080,194.552370,-333.882320,75942.781250,,3.491460,-367.309020
3.204000,0.788270,0.460140,3.968260,194.588940,-333.882970,76072.507810,,3.552980,-367.310520
3.206000,0.642150,0.374270,3.086430,194.625020,-333.883210,75648.523440,,3.606810,-367.310240
3.208000,0.347350,0.462710,3.096680,194.660190,-333.883000,75915.351560,1.000000,3.497860,-367.308780
3.210000,0.125610,0.774170,5.496090,194.694230,-333.883670,75862.617190,,3.731140,-367.307310
3.212000,0.212770,1.071530,6.982910,194.727830,-333.883540,75853.132810,,3.569640,-367.307310
3.214000,0.499880,1.217650,7.700680,194.761700,-333.882230,75780.351560,,3.331240,-367.308810
3.216000,0.801090,1.081790,7.393070,194.796910,-333.881990,76033.476560,1.000000,3.460690,-367.310640
3.218000,0.934390,0.601140,5.762700,194.833970,-333.882630,75907.968750,,3.545290,-367.311550
3.220000,0.760070,0.337100,4.368160,194.870990,-333.883180,76084.101560,,3.668330,-367.310730
3.222000,0.416560,0.307620,3.342770,194.906940,-333.882930,76165.312500,,3.522220,-367.308650
3.224000,0.066650,0.542180,4.839840,194.941510,-333.883360,75822.546880,1.000000,3.681150,-367.306270
3.226000,-0.065370,0.801090,5.690920,194.975340,-333.883390,76118.914060,,3.605530,-367.305110
3.228000,0.134580,0.904910,6.039550,195.009380,-333.882390,75886.875000,,3.359440,-367.306150
3.230000,0.526790,0.831850,5.711430,195.044240,-333.882230,76073.554690,,3.511960,-367.308440
3.232000,0.775450,0.498600,4.316890,195.080510,-333.882720,75997.625000,1.000000,3.537600,-367.310360
3.234000,0.719060,0.347350,3.055660,195.116670,-333.883240,76252.859380,,3.643980,-367.310610
3.236000,0.416560,0.428100,2.430180,195.151840,-333.882970,75821.492190,,3.524780,-367.309270
3.238000,0.155090,0.728030,4.901370,195.185900,-333.883390,75568.359380,,3.661930,-367.307650
3.240000,0.161500,1.075380,6.798340,195.219280,-333.883640,75738.171880,1.000000,3.687560,-367.307190
3.242000,0.430660,1.254820,7.690430,195.252990,-333.882350,75669.609380,,3.331240,-367.308470
3.244000,0.734440,1.166380,7.741700,195.287890,-333.881810,75960.703130,,3.437620,-367.310330
3.246000,0.922850,0.704960,6.111330,195.324830,-333.882350,75935.390630,,3.523500,-367.311580
3.248000,0.821590,0.326840,4.368160,195.362300,-333.883120,75870.007810,1.000000,3.664490,-367.311160
3.250000,0.494750,0.229430,3.363280,195.398740,-333.882900,75998.679690,,3.550420,-367.309270
3.252000,0.126890,0.392210,4.532230,195.433850,-333.883090,75605.281250,,3.611940,-367.306850
3.254000,-0.071780,0.681880,5.578130,195.467770,-333.883580,75756.093750,,3.690120,-367.305240
3.256000,0.061520,0.849790,6.111330,195.501620,-333.882570,75320.507810,1.000000,3.378660,-367.305850
3.258000,0.442200,0.849790,5.957520,195.536070,-333.882200,76055.632810,,3.465820,-367.308010
3.260000,0.751100,0.558840,4.614260,195.571880,-333.882570,76055.632810,,3.541440,-367.310150
3.262000,0.771610,0.370420,3.342770,195.608020,-333.883180,75837.312500,,3.622190,-367.310850
3.264000,0.492190,0.439640,2.481450,195.643140,-333.883000,76016.609380,1.000000,3.554260,-367.309750
3.266000,0.207640,0.690860,4.460450,195.677310,-333.883120,75489.265630,,3.600400,-367.308040
3.268000,0.112790,1.042050,6.511230,195.710820,-333.883790,75819.375000,,3.728580,-367.307190
3.270000,0.355040,1.211240,7.669920,195.744510,-333.882660,75529.343750,,3.377380,-367.308070
3.272000,0.649840,1.188170,7.495610,195.779250,-333.881840,75947.000000,1.000000,3.368410,-367.309840
3.274000,0.886960,0.776730,6.541990,195.815890,-333.882230,76023.984380,,3.511960,-367.311310
3.276000,0.856200,0.372990,4.778320,195.853420,-333.883060,76190.632810,,3.635010,-367.311340
3.278000,0.565250,0.242250,3.496580,195.890060,-333.883060,75907.968750,,3.578610,-367.309780
3.280000,0.214050,0.331970,4.614260,195.925380,-333.883000,75992.343750,1.000000,3.572200,-367.307430
3.280000,0.214050,0.331970,4.614260,195.925380,-333.883000,75992.343750,1.000000,3.572200,-367.307430
3.282000,-0.053830,0.665220,5.403810,195.959440,-333.883670,76276.062500,,3.722170,-367.305510
3.284000,0.008970,0.874150,6.039550,195.993040,-333.882900,75772.976560,,3.438900,-367.305540
3.286000,0.338380,0.960020,5.937010,196.027130,-333.882110,76006.054690,,3.410710,-367.307460
3.288000,0.694700,0.704960,4.809080,196.062650,-333.882450,75959.656250,1.000000,3.526060,-367.309690
3.290000,0.781860,0.384520,3.578610,196.099090,-333.883090,76098.867190,,3.610660,-367.310760
3.292000,0.560120,0.376830,2.501950,196.134780,-333.883090,76126.289060,,3.561950,-367.310030
3.294000,0.273010,0.510130,4.040040,196.169560,-333.883000,75910.085940,,3.552980,-367.308410
3.296000,0.101260,0.880550,6.275390,196.203320,-333.883760,76049.296880,1.000000,3.745240,-367.307190
3.298000,0.306340,1.103580,7.372560,196.236980,-333.883060,75567.304690,,3.449160,-367.307740
3.300000,0.583190,1.167660,7.352050,196.271360,-333.881870,75674.890630,,3.342770,-367.309390
3.302000,0.853640,0.845950,6.829100,196.307560,-333.882110,75779.304690,,3.479920,-367.311000
3.304000,0.889530,0.360170,5.167970,196.345090,-333.882930,76030.320310,1.000000,3.602970,-367.311400
3.306000,0.634460,0.210210,3.732420,196.381880,-333.883240,75907.968750,,3.610660,-367.310090
3.308000,0.287110,0.265320,4.245120,196.417340,-333.882970,75736.062500,,3.526060,-367.307860
3.310000,-0.012820,0.631900,5.496090,196.451260,-333.883610,76012.390630,,3.726010,-367.305690
3.312000,-0.025630,0.889530,5.844730,196.484710,-333.883240,75605.281250,1.000000,3.497860,-367.305240
3.314000,0.261470,1.002320,5.752440,196.518520,-333.882200,75735.007810,,3.379940,-367.306880
3.316000,0.635740,0.807500,4.952640,196.553680,-333.882390,75816.210940,,3.497860,-367.309270
3.318000,0.801090,0.412720,3.824710,196.590260,-333.883000,76009.218750,,3.576050,-367.310700
3.320000,0.628050,0.358890,2.799320,196.626210,-333.883210,75971.257810,1.000000,3.588870,-367.310330
3.322000,0.330690,0.451170,3.568360,196.661250,-333.882970,75622.148440,,3.504270,-367.308750
3.324000,0.114070,0.789550,5.742190,196.695210,-333.883670,75950.156250,,3.741390,-367.307310
3.326000,0.228150,1.054870,7.034180,196.728880,-333.883450,75533.554690,,3.532470,-367.307400
3.328000,0.510130,1.163820,7.546880,196.762990,-333.882110,75898.484380,1.000000,3.328670,-367.308930
3.330000,0.799800,0.967710,6.849610,196.798570,-333.882050,75591.562500,,3.460690,-367.310700
3.332000,0.908750,0.476810,5.752440,196.835890,-333.882810,76096.757810,,3.559390,-367.311460
3.334000,0.708800,0.266600,4.245120,196.872800,-333.883240,76027.156250,,3.651670,-367.310550
3.336000,0.381960,0.274290,3.875980,196.908570,-333.882970,75789.843750,1.000000,3.505550,-367.308500
3.338000,0.051270,0.561400,4.891110,196.942860,-333.883450,75764.539060,,3.695250,-367.306210
3.340000,-0.044860,0.835690,5.967770,196.976500,-333.883420,75955.437500,,3.574770,-367.305270
3.342000,0.182010,0.952330,5.865230,197.010380,-333.882390,76161.101560,,3.353030,-367.306490
3.344000,0.565250,0.867740,5.352540,197.045200,-333.882260,75705.476560,1.000000,3.496580,-367.308780
3.346000,0.785710,0.472960,4.439940,197.081650,-333.882840,76251.804690,,3.535030,-367.310520
3.348000,0.701110,0.303770,3.024900,197.117970,-333.883240,76155.820310,,3.636290,-367.310610
3.350000,0.396060,0.353760,2.819820,197.153310,-333.882970,75847.851560,,3.499150,-367.309200
3.352000,0.140990,0.657530,4.788570,197.187440,-333.883540,75947.000000,1.000000,3.690120,-367.307590
3.354000,0.169190,1.003600,6.931640,197.220900,-333.883700,75796.179690,,3.651670,-367.307220
3.356000,0.444760,1.197140,7.454590,197.254610,-333.882350,76152.656250,,3.319700,-367.308560
3.358000,0.744690,1.117680,7.454590,197.289520,-333.881900,75733.953130,,3.459410,-367.310390
3.360000,0.924130,0.631900,6.213870,197.326550,-333.882510,75925.906250,1.000000,3.532470,-367.311580
3.362000,0.797240,0.294800,4.357910,197.363880,-333.883180,75817.265630,,3.676030,-367.311040
3.364000,0.470400,0.235840,3.527340,197.400050,-333.882870,76067.226560,,3.533750,-367.309110
3.366000,0.106380,0.474240,4.337400,197.434770,-333.883180,75815.156250,,3.631160,-367.306730
3.368000,-0.073060,0.812620,5.701170,197.468380,-333.883510,75674.890630,1.000000,3.673460,-367.305240
3.370000,0.074340,0.970280,5.844730,197.502180,-333.882510,76014.500000,,3.359440,-367.305940
3.372000,0.462710,0.922850,6.008790,197.536740,-333.882170,75725.507810,,3.479920,-367.308170
3.374000,0.756230,0.565250,4.634770,197.572950,-333.882630,75976.523440,,3.532470,-367.310270
3.376000,0.756230,0.324280,3.312010,197.609410,-333.883240,75702.304690,1.000000,3.632450,-367.310850
3.378000,0.467830,0.362730,2.419920,197.644840,-333.883000,75990.234380,,3.540160,-367.309660
3.380000,0.187130,0.607540,4.316890,197.679200,-333.883240,75662.234380,,3.615780,-367.307980
3.382000,0.128170,0.967710,6.911130,197.712710,-333.883820,75585.234380,,3.736270,-367.307190
3.384000,0.374270,1.163820,7.557130,197.746400,-333.882570,75723.406250,1.000000,3.351750,-367.308230
3.386000,0.676760,1.129210,7.844240,197.781140,-333.881840,75530.398440,,3.395320,-367.310060
3.388000,0.908750,0.688290,6.593260,197.817900,-333.882260,76208.554690,,3.515810,-367.311460
3.390000,0.858760,0.290950,4.614260,197.855450,-333.883090,75791.960940,,3.643980,-367.311400
3.392000,0.560120,0.184570,3.578610,197.891970,-333.883030,76093.601560,1.000000,3.567080,-367.309720
3.394000,0.193540,0.315310,4.398930,197.927170,-333.883000,75972.312500,,3.574770,-367.307310
3.396000,-0.080750,0.642150,5.629390,197.961110,-333.883670,75923.796880,,3.709350,-367.305360
3.398000,-0.003850,0.842100,6.131840,197.994770,-333.882810,75807.781250,,3.414550,-367.305480
3.400000,0.351200,0.924130,6.111330,198.028850,-333.882170,75881.609380,1.000000,3.413270,-367.307500
3.402000,0.707520,0.680600,4.768070,198.064300,-333.882540,76361.484380,,3.528630,-367.309810
3.404000,0.783140,0.399900,3.312010,198.100590,-333.883150,75972.312500,,3.617070,-367.310850
3.406000,0.543460,0.405030,2.501950,198.136060,-333.883120,76302.421880,,3.560670,-367.310000
3.408000,0.246090,0.546020,4.019530,198.170650,-333.883060,75840.476560,1.000000,3.567080,-367.308320
3.410000,0.102540,0.930540,6.439450,198.204280,-333.883820,75827.820310,,3.747800,-367.307190
3.412000,0.323000,1.148440,7.321290,198.237880,-333.882970,75770.859380,,3.422240,-367.307860
3.414000,0.608830,1.217650,7.669920,198.272250,-333.881840,75770.859380,,3.347900,-367.309570
3.416000,0.871580,0.866460,6.583010,198.308560,-333.882110,75886.875000,1.000000,3.482480,-367.311160
3.418000,0.888240,0.376830,5.024410,198.346270,-333.882970,76083.046880,,3.615780,-367.311430
3.420000,0.621640,0.208920,3.537600,198.383240,-333.883210,75913.250000,,3.602970,-367.310030
3.422000,0.269170,0.229430,4.337400,198.418930,-333.882970,75877.382810,,3.528630,-367.307740
3.424000,-0.048710,0.588320,5.608890,198.453090,-333.883610,75976.523440,1.000000,3.727290,-367.305510
3.426000,-0.043580,0.820310,5.947270,198.486710,-333.883150,75804.609380,,3.472230,-367.305110
3.428000,0.261470,0.965150,5.988280,198.520580,-333.882170,75821.492190,,3.387630,-367.306880
3.430000,0.660100,0.785710,5.178220,198.555710,-333.882390,75914.296880,,3.488890,-367.309390
3.432000,0.819030,0.407590,3.681150,198.592160,-333.883060,75778.250000,1.000000,3.591430,-367.310850
3.432000,0.819030,0.407590,3.681150,198.592160,-333.883060,75778.250000,1.000000,3.591430,-367.310850
3.434000,0.620360,0.370420,2.481450,198.627940,-333.883240,75858.406250,,3.574770,-367.310360
3.436000,0.310180,0.456300,3.691410,198.662860,-333.883030,75835.195310,,3.506840,-367.308690
3.438000,0.101260,0.797240,5.957520,198.696750,-333.883760,76009.218750,,3.750370,-367.307310
3.440000,0.257630,1.025390,7.126460,198.730480,-333.883390,75699.140630,1.000000,3.499150,-367.307590
3.440000,0.257630,1.025390,7.126460,198.730480,-333.883390,75699.140630,1.000000,3.499150,-367.307590
3.442000,0.544740,1.111270,7.628910,198.764760,-333.882050,75626.375000,,3.319700,-367.309140
3.444000,0.826720,0.870300,6.808590,198.800580,-333.882050,75738.171880,,3.441470,-367.310880
3.446000,0.908750,0.361450,5.670410,198.838170,-333.882840,75725.507810,,3.560670,-367.311490
3.448000,0.688290,0.155090,3.875980,198.875210,-333.883360,76090.437500,1.000000,3.640140,-367.310390
3.450000,0.347350,0.156370,4.152830,198.911070,-333.883030,75678.054690,,3.494020,-367.308260
3.452000,0.010250,0.469120,5.434570,198.945300,-333.883580,76126.289060,,3.700380,-367.305910
3.454000,-0.074340,0.767760,5.967770,198.978810,-333.883480,75912.195310,,3.551700,-367.305020
3.456000,0.180730,0.912600,6.121580,199.012450,-333.882390,76138.945310,1.000000,3.355590,-367.306460
3.458000,0.589600,0.854920,5.239750,199.047070,-333.882260,75838.359380,,3.483760,-367.308900
3.460000,0.803650,0.489620,4.234860,199.083270,-333.882900,76081.992190,,3.538880,-367.310640
3.462000,0.681880,0.380680,2.983890,199.119230,-333.883270,76381.531250,,3.624760,-367.310550
3.464000,0.369140,0.440920,3.168460,199.154390,-333.882970,75803.554690,1.000000,3.486330,-367.309110
3.466000,0.130740,0.710080,5.332030,199.188550,-333.883640,75974.421880,,3.710630,-367.307560
3.468000,0.196110,0.998470,6.839360,199.222230,-333.883730,75816.210940,,3.617070,-367.307400
3.470000,0.479370,1.113830,7.618650,199.256300,-333.882320,75983.914060,,3.312010,-367.308780
3.472000,0.763920,0.993350,7.218750,199.291600,-333.881990,75783.515630,1.000000,3.460690,-367.310550
3.474000,0.904910,0.516540,5.885740,199.328810,-333.882600,75847.851560,,3.533750,-367.311490
3.476000,0.752380,0.242250,4.327150,199.365980,-333.883270,76185.351560,,3.678590,-367.310790
3.478000,0.430660,0.210210,3.773440,199.402050,-333.882970,75664.335940,,3.524780,-367.308840
3.480000,0.080750,0.453740,4.788570,199.436710,-333.883300,75781.414060,1.000000,3.647830,-367.306520
3.482000,-0.082030,0.767760,5.649900,199.470370,-333.883510,75787.734380,,3.647830,-367.305150
3.484000,0.084590,0.922850,6.049800,199.504170,-333.882450,76009.218750,,3.344060,-367.306030
3.486000,0.476810,0.893370,5.567870,199.538740,-333.882170,75921.679690,,3.487610,-367.308320
3.488000,0.757510,0.546020,4.645020,199.574940,-333.882660,75861.562500,1.000000,3.518370,-367.310360
3.490000,0.740840,0.331970,3.332520,199.611340,-333.883270,76150.546880,,3.640140,-367.310850
3.492000,0.448610,0.356320,2.604490,199.646820,-333.883000,75606.328130,,3.519650,-367.309630
3.494000,0.173030,0.575500,4.470700,199.681270,-333.883360,75788.789060,,3.628600,-367.307980
3.496000,0.142270,0.912600,6.531740,199.714920,-333.883880,75728.671880,1.000000,3.731140,-367.307340
3.498000,0.402470,1.081790,7.598140,199.748750,-333.882570,75881.609380,,3.340210,-367.308440
3.500000,0.702390,1.048460,7.270020,199.783550,-333.881930,75895.320310,,3.422240,-367.310270
3.502000,0.895940,0.633180,6.900880,199.820250,-333.882390,75853.132810,,3.517090,-367.311580
3.504000,0.819030,0.290950,4.562990,199.857530,-333.883210,75863.671880,1.000000,3.659360,-367.311280
3.506000,0.512700,0.224300,3.701660,199.893750,-333.883030,75679.109380,,3.559390,-367.309510
3.508000,0.149960,0.387080,4.368160,199.928820,-333.883030,76048.250000,,3.574770,-367.307100
3.510000,-0.093570,0.695980,5.547360,199.962770,-333.883610,75620.046880,,3.686280,-367.305300
3.512000,0.005130,0.870300,5.844730,199.996630,-333.882690,75975.468750,1.000000,3.383790,-367.305660
3.514000,0.371700,0.901060,5.926760,200.031010,-333.882200,75982.859380,,3.420960,-367.307740
3.516000,0.710080,0.617800,5.085940,200.066850,-333.882570,76104.140630,,3.524780,-367.310030
3.518000,0.771610,0.323000,3.363280,200.103440,-333.883240,76052.460940,,3.613220,-367.310940
3.520000,0.515260,0.334530,2.594240,200.139070,-333.883180,76031.375000,1.000000,3.556820,-367.310030
3.522000,0.223020,0.513980,4.060550,200.173650,-333.883150,76010.273440,,3.570920,-367.308350
3.524000,0.108950,0.899780,6.306150,200.207210,-333.883940,75663.289060,,3.752930,-367.307370
3.526000,0.343510,1.120240,7.526370,200.240770,-333.882900,75959.656250,,3.406860,-367.308140
3.528000,0.629330,1.120240,7.741700,200.275340,-333.881840,75633.750000,1.000000,3.341490,-367.309880
3.530000,0.877990,0.733150,6.613770,200.311840,-333.882200,75973.359380,,3.496580,-367.311370
3.532000,0.865170,0.274290,4.952640,200.349500,-333.883030,76085.164060,,3.624760,-367.311460
3.534000,0.585750,0.144840,3.414550,200.386310,-333.883120,75941.726560,,3.585020,-367.309940
3.536000,0.230710,0.212770,4.255370,200.421800,-333.882930,76353.054690,1.000000,3.535030,-367.307590
3.538000,-0.070500,0.546020,5.465330,200.455990,-333.883580,75725.507810,,3.699100,-367.305480
3.540000,-0.037170,0.729310,6.039550,200.489780,-333.883060,75753.992190,,3.450440,-367.305240
3.542000,0.283260,0.845950,6.121580,200.523850,-333.882200,75812.000000,,3.391480,-367.307130
3.544000,0.672910,0.678040,4.952640,200.559040,-333.882510,75963.867190,1.000000,3.499150,-367.309570
3.546000,0.806210,0.374270,3.373540,200.595290,-333.883120,76086.218750,,3.593990,-367.310910
3.548000,0.593440,0.408870,2.327640,200.630710,-333.883240,75903.750000,,3.563230,-367.310300
3.550000,0.289670,0.565250,3.650390,200.665210,-333.883090,76130.515630,,3.524780,-367.308690
3.552000,0.101260,0.947200,6.275390,200.698810,-333.883820,75610.546880,1.000000,3.747800,-367.307340
3.554000,0.280700,1.161250,7.300780,200.732440,-333.883330,75592.625000,,3.477360,-367.307740
3.556000,0.561400,1.212520,7.639160,200.766820,-333.881990,75480.820310,,3.317140,-367.309330
3.558000,0.833130,0.906190,6.849610,200.802990,-333.882080,75782.468750,,3.453000,-367.310970
3.560000,0.895940,0.379390,5.147460,200.840790,-333.882900,75909.031250,1.000000,3.572200,-367.311460
3.562000,0.660100,0.179440,3.875980,200.878020,-333.883270,75922.734380,,3.614500,-367.310270
3.564000,0.320430,0.166630,4.142580,200.914050,-333.883000,75902.695310,,3.487610,-367.308070
3.566000,-0.016660,0.472960,5.834470,200.948530,-333.883540,75562.039060,,3.692690,-367.305790
3.568000,-0.082030,0.725460,6.172850,200.982360,-333.883420,76005.007810,1.000000,3.518370,-367.304990
3.570000,0.184570,0.879270,5.937010,201.016220,-333.882390,75625.312500,,3.354310,-367.306520
3.572000,0.597290,0.812620,5.260250,201.051010,-333.882420,76069.335940,,3.477360,-367.309020
3.574000,0.811340,0.455020,3.855470,201.087230,-333.883090,76108.359380,,3.540160,-367.310760
3.576000,0.674190,0.390930,2.758300,201.123050,-333.883360,76046.132810,1.000000,3.609380,-367.310610
3.578000,0.358890,0.479370,3.332520,201.158000,-333.883090,75988.125000,,3.481200,-367.309080
3.580000,0.117920,0.804930,5.690920,201.191890,-333.883730,75899.531250,,3.715760,-367.307530
3.582000,0.202510,1.092040,7.044430,201.225490,-333.883700,75982.859380,,3.570920,-367.307460
3.584000,0.494750,1.183040,7.516110,201.259640,-333.882260,75663.289060,1.000000,3.301760,-367.308900
3.586000,0.784420,0.974120,7.167480,201.295320,-333.881990,76069.335940,,3.442750,-367.310640
3.588000,0.919010,0.416560,5.578130,201.333040,-333.882720,75858.406250,,3.538880,-367.311550
3.590000,0.745970,0.133300,4.245120,201.370500,-333.883330,76203.289060,,3.665770,-367.310760
3.592000,0.411440,0.114070,3.896480,201.406680,-333.883000,75912.195310,1.000000,3.501710,-367.308720
3.592000,0.411440,0.114070,3.896480,201.406680,-333.883000,75912.195310,1.000000,3.501710,-367.308720
3.594000,0.053830,0.410160,5.311520,201.441160,-333.883360,75895.320310,,3.646550,-367.306300
3.596000,-0.114070,0.751100,5.701170,201.474730,-333.883510,75909.031250,,3.604250,-367.304960
3.598000,0.073060,0.899780,6.039550,201.508450,-333.882510,75848.906250,,3.338930,-367.305940
3.600000,0.490910,0.856200,5.588380,201.543010,-333.882260,75955.437500,1.000000,3.485050,-367.308380
3.602000,0.780580,0.487060,4.255370,201.579220,-333.882810,75866.843750,,3.511960,-367.310520
3.604000,0.751100,0.330690,3.342770,201.615370,-333.883360,76238.085940,,3.627320,-367.310910
3.606000,0.431950,0.412720,2.645510,201.650510,-333.883060,76033.476560,,3.495300,-367.309600
3.608000,0.155090,0.712650,4.983400,201.684560,-333.883510,75578.906250,1.000000,3.635010,-367.307950
3.610000,0.153810,1.067690,6.685550,201.717940,-333.883910,75829.921880,,3.697810,-367.307430
3.612000,0.425540,1.215090,7.454590,201.751790,-333.882570,75462.890630,,3.317140,-367.308650
3.614000,0.719060,1.116390,7.546880,201.786830,-333.881990,75844.687500,,3.433780,-367.310420
3.616000,0.906190,0.628050,6.224120,201.824010,-333.882540,75315.242190,1.000000,3.519650,-367.311610
3.618000,0.810060,0.265320,4.727050,201.861530,-333.883300,76183.242190,,3.660640,-367.311250
3.620000,0.494750,0.207640,3.660640,201.897860,-333.883030,75956.492190,,3.541440,-367.309390
3.622000,0.120480,0.383240,4.952640,201.932910,-333.883150,75725.507810,,3.585020,-367.306920
3.624000,-0.124330,0.698550,5.608890,201.966810,-333.883610,75795.125000,1.000000,3.667050,-367.305110
3.626000,-0.012820,0.871580,6.019040,202.000660,-333.882630,75506.132810,,3.356870,-367.305540
3.628000,0.379390,0.893370,5.865230,202.035050,-333.882230,76050.351560,,3.432500,-367.307860
3.630000,0.743410,0.579350,4.921880,202.071010,-333.882630,75774.023440,,3.511960,-367.310270
3.632000,0.801090,0.299930,3.486330,202.107600,-333.883300,76086.218750,1.000000,3.604250,-367.311190
3.634000,0.516540,0.314030,2.542970,202.143170,-333.883180,75978.632810,,3.537600,-367.310150
3.636000,0.207640,0.521670,4.439940,202.177690,-333.883240,75784.578130,,3.573490,-367.308410
3.638000,0.112790,0.931820,6.408690,202.211110,-333.884030,75752.929690,,3.745240,-367.307460
3.640000,0.366580,1.185610,7.608400,202.244490,-333.882900,75790.898440,1.000000,3.382510,-367.308350
3.642000,0.656250,1.217650,7.567380,202.278850,-333.881990,76135.789060,,3.364560,-367.310090
3.644000,0.889530,0.804930,6.818850,202.315280,-333.882390,75833.085940,,3.509400,-367.311490
3.646000,0.854920,0.338380,5.075680,202.352860,-333.883180,76289.765630,,3.637570,-367.311460
3.648000,0.565250,0.197390,3.424800,202.389540,-333.883180,75922.734380,1.000000,3.576050,-367.309840
3.650000,0.210210,0.292240,4.562990,202.424910,-333.883000,75979.687500,,3.549130,-367.307460
3.652000,-0.087160,0.634460,5.373050,202.459030,-333.883540,75777.195310,,3.669620,-367.305390
3.654000,-0.044860,0.813900,5.988280,202.492860,-333.882870,75873.171880,,3.409420,-367.305240
3.656000,0.283260,0.889530,6.090820,202.527130,-333.882230,75905.859380,1.000000,3.392760,-367.307190
3.658000,0.684450,0.635740,5.178220,202.562760,-333.882570,75880.554690,,3.497860,-367.309660
3.660000,0.807500,0.284550,3.404300,202.599410,-333.883240,75950.156250,,3.595280,-367.311040
3.662000,0.584470,0.296080,2.368650,202.635130,-333.883330,75978.632810,,3.560670,-367.310360
3.664000,0.274290,0.475520,3.906740,202.669650,-333.883180,75818.320310,1.000000,3.537600,-367.308650
3.666000,0.097410,0.922850,6.121580,202.703000,-333.883910,75806.726560,,3.747800,-367.307400
3.668000,0.306340,1.200990,7.270020,202.736240,-333.883240,75608.445310,,3.455570,-367.307890
3.670000,0.592160,1.277890,7.813480,202.770340,-333.881990,75798.281250,,3.331240,-367.309540
3.672000,0.861330,0.954900,7.116210,202.806380,-333.882170,75682.265630,1.000000,3.472230,-367.311130
3.674000,0.889530,0.419130,4.921880,202.844070,-333.882970,75887.929690,,3.592710,-367.311460
3.676000,0.631900,0.211490,3.619630,202.881240,-333.883270,75819.375000,,3.600400,-367.310090
3.678000,0.289670,0.166630,4.183590,202.917300,-333.882970,75941.726560,,3.499150,-367.307830
3.680000,-0.032040,0.452450,5.516600,202.951890,-333.883510,75853.132810,1.000000,3.679870,-367.305570
3.682000,-0.076900,0.656250,6.265140,202.985890,-333.883240,75692.820310,,3.477360,-367.304960
3.684000,0.193540,0.793400,6.234380,203.019910,-333.882350,75809.890630,,3.369690,-367.306490
3.686000,0.599850,0.693420,5.250000,203.054900,-333.882540,75797.234380,,3.478640,-367.308990
3.688000,0.804930,0.355040,3.732420,203.091110,-333.883180,76074.617190,1.000000,3.554260,-367.310730
3.690000,0.656250,0.330690,2.450680,203.126740,-333.883420,75962.812500,,3.591430,-367.310550
3.692000,0.346070,0.460140,3.465820,203.161360,-333.883180,76034.531250,,3.490170,-367.308990
3.694000,0.123050,0.871580,5.762700,203.194780,-333.883790,75772.976560,,3.724730,-367.307560
3.696000,0.238400,1.221500,7.526370,203.227870,-333.883540,75807.781250,1.000000,3.527340,-367.307620
3.698000,0.522950,1.333010,7.762210,203.261720,-333.882170,75685.429690,,3.303040,-367.309080
3.700000,0.798520,1.111270,7.259770,203.297270,-333.882050,75901.648440,,3.440190,-367.310730
3.702000,0.886960,0.538330,5.280760,203.334960,-333.882810,76306.648440,,3.535030,-367.311400
3.704000,0.693420,0.243530,3.701660,203.372470,-333.883360,75796.179690,1.000000,3.649110,-367.310420
3.706000,0.374270,0.156370,4.214360,203.408910,-333.883060,76259.179690,,3.487610,-367.308380
3.708000,0.041020,0.398620,5.352540,203.443710,-333.883450,75806.726560,,3.652950,-367.306090
3.710000,-0.085880,0.704960,6.203610,203.477570,-333.883480,76069.335940,,3.560670,-367.305020
3.712000,0.121770,0.863890,6.142090,203.511400,-333.882510,75835.195310,1.000000,3.345340,-367.306180
3.714000,0.524230,0.831850,5.526860,203.546010,-333.882390,75891.093750,,3.483760,-367.308560
3.716000,0.770320,0.475520,3.999020,203.582180,-333.882930,76432.148440,,3.515810,-367.310550
3.718000,0.704960,0.335820,2.850590,203.618230,-333.883390,75923.796880,,3.629880,-367.310760
3.720000,0.392210,0.411440,3.096680,203.653310,-333.883090,76081.992190,1.000000,3.483760,-367.309360
3.722000,0.137150,0.717770,5.137210,203.687290,-333.883580,75882.664060,,3.656800,-367.307800
3.724000,0.176880,1.071530,6.818850,203.720660,-333.883790,75808.835940,,3.642700,-367.307530
3.726000,0.457580,1.224060,7.403320,203.754460,-333.882480,75834.140630,,3.304320,-367.308840
3.728000,0.738280,1.092040,7.229000,203.789630,-333.882020,75647.468750,1.000000,3.449160,-367.310550
3.730000,0.897220,0.587040,5.967770,203.826920,-333.882630,76063.015630,,3.523500,-367.311610
3.732000,0.771610,0.238400,4.347660,203.864380,-333.883360,75819.375000,,3.672180,-367.311040
3.734000,0.460140,0.171750,3.865720,203.900700,-333.883090,75928.015630,,3.532470,-367.309140
3.736000,0.102540,0.370420,5.065430,203.935610,-333.883240,75480.820310,1.000000,3.602970,-367.306760
3.738000,-0.096130,0.690860,5.813960,203.969310,-333.883510,75857.343750,,3.646550,-367.305210
3.740000,0.026920,0.880550,5.865230,204.002990,-333.882540,75925.906250,,3.345340,-367.305820
3.742000,0.417850,0.899780,5.834470,204.037260,-333.882230,75846.796880,,3.447880,-367.308070
3.744000,0.733150,0.587040,4.655270,204.073150,-333.882660,76025.039060,1.000000,3.502990,-367.310300
3.744000,0.733150,0.587040,4.655270,204.073150,-333.882660,76025.039060,1.000000,3.502990,-367.310300
3.746000,0.754940,0.355040,3.445310,204.109530,-333.883360,75683.320310,,3.610660,-367.311000
3.748000,0.465270,0.381960,2.748050,204.144940,-333.883150,76040.867190,,3.518370,-367.309880
3.750000,0.176880,0.601140,4.470700,204.179400,-333.883330,75703.359380,,3.577330,-367.308200
3.752000,0.121770,0.974120,6.624020,204.212910,-333.884000,75890.039060,1.000000,3.724730,-367.307460
3.754000,0.381960,1.194580,7.208500,204.246490,-333.882810,75767.703130,,3.356870,-367.308530
3.756000,0.670350,1.206120,7.669920,204.281040,-333.882050,75995.507810,,3.386350,-367.310270
3.758000,0.875430,0.786990,6.572750,204.317610,-333.882480,75888.992190,,3.515810,-367.311580
3.760000,0.822880,0.383240,5.106450,204.355090,-333.883330,76005.007810,1.000000,3.642700,-367.311400
3.762000,0.537050,0.274290,3.681150,204.391530,-333.883210,76339.335940,,3.565800,-367.309780
3.764000,0.198670,0.396060,4.706540,204.426740,-333.883090,75818.320310,,3.556820,-367.307460
3.766000,-0.064090,0.707520,5.547360,204.460780,-333.883640,76017.664060,,3.665770,-367.305570
3.768000,-0.007690,0.858760,5.875490,204.494670,-333.882810,75852.078130,1.000000,3.391480,-367.305660
3.770000,0.331970,0.885680,6.008790,204.529130,-333.882170,76038.750000,,3.379940,-367.307590
3.772000,0.683170,0.601140,4.962890,204.564960,-333.882570,75976.523440,,3.497860,-367.309840
3.774000,0.762630,0.273010,3.670900,204.601670,-333.883240,76107.304690,,3.585020,-367.310910
3.776000,0.525510,0.288390,2.368650,204.637390,-333.883300,76112.578130,1.000000,3.541440,-367.310090
3.778000,0.230710,0.465270,4.091310,204.671970,-333.883210,75851.023440,,3.531190,-367.308410
3.780000,0.092290,0.895940,6.162600,204.705430,-333.884060,75644.296880,,3.747800,-367.307340
3.782000,0.330690,1.159970,7.259770,204.738710,-333.883240,75672.773440,,3.436340,-367.308070
3.784000,0.616520,1.261230,7.772460,204.772750,-333.882080,75885.828130,1.000000,3.342770,-367.309780
3.786000,0.877990,0.966430,6.931640,204.808640,-333.882320,75876.328130,,3.494020,-367.311310
3.788000,0.885680,0.480650,5.157710,204.845990,-333.883150,75905.859380,,3.615780,-367.311550
3.790000,0.617800,0.320430,3.547850,204.882780,-333.883300,76075.671880,,3.593990,-367.310090
3.792000,0.269170,0.316590,4.183590,204.918460,-333.883030,75645.359380,1.000000,3.518370,-367.307770
3.794000,-0.047420,0.612670,5.414060,204.952850,-333.883510,75762.421880,,3.677310,-367.305540
3.796000,-0.061520,0.757510,5.844730,204.986940,-333.883090,75306.796880,,3.444030,-367.305050
3.798000,0.217900,0.829280,6.213870,205.021270,-333.882260,76132.625000,,3.369690,-367.306700
3.800000,0.612670,0.651120,5.208980,205.056690,-333.882540,75888.992190,1.000000,3.474790,-367.309140
3.802000,0.784420,0.292240,3.834960,205.093250,-333.883240,75867.898440,,3.569640,-367.310700
3.804000,0.613950,0.266600,2.327640,205.129060,-333.883450,76045.085940,,3.570920,-367.310360
3.806000,0.310180,0.407590,3.527340,205.163770,-333.883240,75541.992190,,3.497860,-367.308840
3.808000,0.111510,0.828000,5.875490,205.197220,-333.883910,75783.515630,1.000000,3.741390,-367.307460
3.810000,0.261470,1.153560,7.085450,205.230390,-333.883580,75287.820310,,3.509400,-367.307740
3.812000,0.539610,1.277890,7.977540,205.264220,-333.882170,75945.937500,,3.310730,-367.309270
3.814000,0.815190,1.033080,7.095700,205.299820,-333.882140,75936.445310,,3.450440,-367.310910
3.816000,0.897220,0.506290,5.485840,205.337310,-333.882930,76204.343750,1.000000,3.555540,-367.311490
3.818000,0.683170,0.269170,3.547850,205.374480,-333.883360,75894.257810,,3.627320,-367.310390
3.820000,0.356320,0.217900,4.193850,205.410600,-333.883060,75984.960940,,3.488890,-367.308290
3.822000,0.020510,0.461430,5.260250,205.445270,-333.883510,76239.140630,,3.663210,-367.305970
3.824000,-0.085880,0.697270,6.183110,205.479230,-333.883420,75669.609380,1.000000,3.527340,-367.304990
3.826000,0.142270,0.788270,6.347170,205.513320,-333.882480,76211.718750,,3.350460,-367.306300
3.828000,0.553710,0.710080,5.496090,205.548220,-333.882480,75933.281250,,3.487610,-367.308720
3.830000,0.780580,0.351200,3.937500,205.584520,-333.883060,76199.062500,,3.526060,-367.310580
3.832000,0.688290,0.276860,2.707030,205.620330,-333.883420,75988.125000,1.000000,3.622190,-367.310640
3.834000,0.376830,0.398620,3.178710,205.655140,-333.883150,76033.476560,,3.483760,-367.309230
3.836000,0.126890,0.758790,5.260250,205.688800,-333.883700,75978.632810,,3.691410,-367.307680
3.838000,0.190980,1.109990,7.249510,205.721980,-333.883790,75658.007810,,3.615780,-367.307500
3.840000,0.478090,1.244570,7.680180,205.755780,-333.882420,75823.601560,1.000000,3.308170,-367.308900
3.842000,0.770320,1.102290,7.362300,205.791000,-333.882020,75577.859380,,3.454280,-367.310640
3.844000,0.912600,0.596010,5.834470,205.828290,-333.882660,75969.148440,,3.527340,-367.311610
3.846000,0.763920,0.301210,3.916990,205.865620,-333.883360,76063.015630,,3.674740,-367.310910
3.848000,0.429380,0.234560,3.834960,205.901920,-333.883030,75777.195310,1.000000,3.517090,-367.308900
3.850000,0.066650,0.424260,5.270510,205.936840,-333.883300,75855.242190,,3.626040,-367.306490
3.852000,-0.121770,0.694700,6.070310,205.970790,-333.883510,75681.218750,,3.629880,-367.304960
3.854000,0.035890,0.835690,5.916500,206.004730,-333.882540,75798.281250,,3.346620,-367.305790
3.856000,0.451170,0.813900,5.865230,206.039290,-333.882260,75823.601560,1.000000,3.476070,-367.308230
3.858000,0.760070,0.466550,4.368160,206.075380,-333.882750,76013.445310,,3.514530,-367.310490
3.860000,0.766480,0.256350,3.065920,206.111660,-333.883360,75911.140630,,3.631160,-367.311070
3.862000,0.460140,0.297360,2.942870,206.146960,-333.883090,75803.554690,,3.517090,-367.309840
3.864000,0.169190,0.547300,4.839840,206.181260,-333.883360,75909.031250,1.000000,3.608090,-367.308140
3.866000,0.138430,0.917720,6.818850,206.214650,-333.883880,75547.273440,,3.711910,-367.307500
3.868000,0.403750,1.126650,7.300780,206.248260,-333.882630,75827.820310,,3.331240,-367.308590
3.870000,0.697270,1.084350,7.280270,206.283000,-333.881990,75729.726560,,3.405580,-367.310360
3.872000,0.885680,0.626770,6.470210,206.319870,-333.882480,76037.695310,1.000000,3.518370,-367.311610
3.874000,0.807500,0.230710,4.675780,206.357380,-333.883360,76018.710940,,3.659360,-367.311310
3.876000,0.505000,0.146120,4.152830,206.393720,-333.883180,75858.406250,,3.559390,-367.309540
3.878000,0.144840,0.337100,4.880860,206.428650,-333.883120,75711.804690,,3.570920,-367.307130
3.880000,-0.107670,0.694700,5.885740,206.462280,-333.883610,75890.039060,1.000000,3.668330,-367.305300
3.882000,-0.015380,0.889530,5.783200,206.495820,-333.882720,76112.578130,,3.381230,-367.305600
3.884000,0.357600,0.908750,5.742190,206.530040,-333.882200,75856.289060,,3.403020,-367.307770
3.886000,0.716490,0.585750,4.921880,206.565860,-333.882570,76287.656250,,3.511960,-367.310120
3.888000,0.778020,0.269170,3.578610,206.602480,-333.883240,76105.203130,1.000000,3.592710,-367.311130
3.890000,0.515260,0.283260,2.645510,206.638110,-333.883210,75909.031250,,3.536320,-367.310180
3.892000,0.216610,0.469120,4.255370,206.672680,-333.883180,75822.546880,,3.549130,-367.308440
3.894000,0.094850,0.865170,6.224120,206.706270,-333.884030,75862.617190,,3.741390,-367.307430
3.896000,0.343510,1.094600,7.064940,206.739790,-333.883090,75846.796880,1.000000,3.409420,-367.308230
3.898000,0.629330,1.135620,7.505860,206.774220,-333.882080,75769.812500,,3.354310,-367.309970
3.900000,0.881840,0.779300,6.747070,206.810530,-333.882390,76116.804690,,3.509400,-367.311460
3.902000,0.872860,0.335820,5.157710,206.848010,-333.883240,75828.867190,,3.632450,-367.311580
3.904000,0.589600,0.237120,3.742680,206.884520,-333.883270,76065.117190,1.000000,3.588870,-367.310030
3.904000,0.589600,0.237120,3.742680,206.884520,-333.883270,76065.117190,1.000000,3.588870,-367.310030
3.906000,0.230710,0.296080,4.234860,206.919880,-333.883060,75855.242190,,3.540160,-367.307650
3.908000,-0.079470,0.642150,5.639650,206.953920,-333.883580,75779.304690,,3.683720,-367.305450
3.910000,-0.062810,0.819030,5.537110,206.987670,-333.883000,75980.742190,,3.429930,-367.305110
3.912000,0.251220,0.899780,6.193360,207.021820,-333.882200,75887.929690,1.000000,3.379940,-367.306980
3.914000,0.661380,0.675480,5.096190,207.057280,-333.882510,75843.640630,,3.485050,-367.309510
3.916000,0.816470,0.290950,3.824710,207.093980,-333.883210,75655.898440,,3.581180,-367.310970
3.918000,0.612670,0.233280,2.399410,207.129960,-333.883360,76126.289060,,3.563230,-367.310460
3.920000,0.293520,0.331970,3.465820,207.164890,-333.883180,75777.195310,1.000000,3.511960,-367.308750
3.922000,0.093570,0.744690,6.008790,207.198520,-333.883910,75680.156250,,3.745240,-367.307370
3.924000,0.269170,1.067690,7.116210,207.231770,-333.883420,75730.781250,,3.481200,-367.307740
3.926000,0.563960,1.215090,7.762210,207.265590,-333.882110,75552.539060,,3.320980,-367.309330
3.928000,0.840820,0.986940,7.259770,207.301190,-333.882200,75951.210940,1.000000,3.459410,-367.311000
3.930000,0.902340,0.458860,5.414060,207.338640,-333.883030,75701.250000,,3.579900,-367.311520
3.932000,0.662660,0.247380,3.588870,207.375660,-333.883390,76079.882810,,3.622190,-367.310300
3.934000,0.320430,0.243530,4.060550,207.411540,-333.883060,75929.070310,,3.491460,-367.308070
3.936000,-0.016660,0.548580,5.465330,207.445910,-333.883510,76039.804690,1.000000,3.674740,-367.305760
3.938000,-0.091000,0.795960,5.988280,207.479720,-333.883360,75845.742190,,3.496580,-367.304930
3.940000,0.171750,0.894650,6.480470,207.513750,-333.882390,75842.585940,,3.356870,-367.306430
3.942000,0.587040,0.752380,5.383300,207.548890,-333.882480,76306.648440,,3.477360,-367.308960
3.944000,0.807500,0.335820,3.804200,207.585490,-333.883120,75881.609380,1.000000,3.538880,-367.310760
3.946000,0.681880,0.217900,2.696780,207.621640,-333.883450,76219.109380,,3.608090,-367.310670
3.948000,0.364010,0.305050,3.024900,207.656750,-333.883180,75949.101560,,3.479920,-367.309140
3.950000,0.119200,0.663940,5.424320,207.690510,-333.883760,75830.984380,,3.709350,-367.307590
3.952000,0.205080,1.031800,7.085450,207.723710,-333.883700,75782.468750,1.000000,3.569640,-367.307460
3.954000,0.496030,1.181760,7.844240,207.757460,-333.882320,75725.507810,,3.308170,-367.308930
3.956000,0.786990,1.015140,7.311040,207.792740,-333.882020,76058.796880,,3.449160,-367.310670
3.958000,0.907470,0.487060,5.557620,207.830120,-333.882750,75956.492190,,3.536320,-367.311520
3.960000,0.731870,0.198670,3.875980,207.867430,-333.883360,75983.914060,1.000000,3.667050,-367.310670
3.962000,0.407590,0.151250,3.609380,207.903660,-333.883030,75755.046880,,3.502990,-367.308690
3.964000,0.056400,0.374270,5.332030,207.938430,-333.883360,76066.179690,,3.643980,-367.306300
3.966000,-0.102540,0.658810,5.824220,207.972290,-333.883510,75990.234380,,3.600400,-367.304990
3.968000,0.087160,0.807500,6.265140,208.006120,-333.882540,75733.953130,1.000000,3.342770,-367.306000
3.970000,0.496030,0.806210,5.721680,208.040590,-333.882290,75944.882810,,3.485050,-367.308410
3.972000,0.780580,0.461430,4.265630,208.076630,-333.882810,75767.703130,,3.513240,-367.310520
3.974000,0.751100,0.284550,2.830080,208.112730,-333.883420,75942.781250,,3.645260,-367.310910
3.976000,0.431950,0.335820,2.573730,208.147860,-333.883120,75857.343750,1.000000,3.504270,-367.309570
3.978000,0.151250,0.602420,5.178220,208.181990,-333.883480,75955.437500,,3.633730,-367.307860
3.980000,0.146120,0.972840,6.665040,208.215300,-333.883820,75672.773440,,3.690120,-367.307340
3.982000,0.424260,1.171510,7.782710,208.248930,-333.882540,75582.070310,,3.317140,-367.308560
3.984000,0.717770,1.115110,7.413570,208.283770,-333.881900,75822.546880,1.000000,3.414550,-367.310360
3.986000,0.889530,0.642150,6.254880,208.320760,-333.882480,75683.320310,,3.510680,-367.311520
3.988000,0.788270,0.265320,4.368160,208.358350,-333.883360,76166.375000,,3.672180,-367.311100
3.990000,0.475520,0.157650,3.845210,208.394880,-333.883120,75683.320310,,3.540160,-367.309270
3.992000,0.111510,0.320430,5.014160,208.430040,-333.883180,75898.484380,1.000000,3.582460,-367.306880
3.994000,-0.112790,0.648560,5.957520,208.463900,-333.883640,75923.796880,,3.665770,-367.305180
3.996000,0.000000,0.849790,5.906250,208.497620,-333.882690,75981.796880,,3.368410,-367.305660
3.998000,0.385800,0.904910,5.844730,208.531780,-333.882230,75841.523440,,3.429930,-367.307920
4.000000,0.738280,0.602420,4.788570,208.567550,-333.882630,76150.546880,1.000000,3.517090,-367.310300
4.002000,0.790830,0.314030,3.281250,208.604020,-333.883300,76226.484380,,3.604250,-367.311190
4.004000,0.508850,0.328130,2.799320,208.639510,-333.883150,75904.804690,,3.533750,-367.310150
4.006000,0.199950,0.505000,4.552730,208.674100,-333.883240,75926.953130,,3.568360,-367.308350
4.008000,0.093570,0.848510,6.593260,208.707780,-333.884000,75877.382810,1.000000,3.736270,-367.307370
4.010000,0.344790,1.043330,7.270020,208.741470,-333.882900,75872.109380,,3.377380,-367.308290
4.012000,0.646000,1.054870,7.557130,208.776090,-333.881990,75824.656250,,3.356870,-367.310060
4.014000,0.885680,0.667790,6.531740,208.812620,-333.882390,75837.312500,,3.505550,-367.311520
4.016000,0.860050,0.224300,5.065430,208.850250,-333.883240,76208.554690,1.000000,3.640140,-367.311550
4.018000,0.570370,0.120480,3.783690,208.886840,-333.883270,75944.882810,,3.578610,-367.309970
4.020000,0.208920,0.220460,4.624510,208.922120,-333.883090,75832.031250,,3.549130,-367.307590
4.022000,-0.099980,0.584470,5.639650,208.956010,-333.883640,75796.179690,,3.679870,-367.305420
4.024000,-0.061520,0.795960,5.711430,208.989560,-333.882970,75875.273440,1.000000,3.423520,-367.305240
4.026000,0.271730,0.890810,5.967770,209.023560,-333.882200,75856.289060,,3.390200,-367.307190
4.028000,0.679320,0.666500,4.880860,209.058870,-333.882540,75876.328130,,3.494020,-367.309720
4.030000,0.815190,0.325560,3.814450,209.095370,-333.883180,76095.703130,,3.591430,-367.311130
4.032000,0.597290,0.308900,2.614750,209.131070,-333.883300,75786.679690,1.000000,3.550420,-367.310490
4.034000,0.275570,0.422970,3.722170,209.165830,-333.883120,75756.093750,,3.526060,-367.308780
4.036000,0.088440,0.806210,6.049800,209.199490,-333.883910,75725.507810,,3.743960,-367.307430
4.038000,0.293520,1.048460,7.187990,209.233000,-333.883330,75903.750000,,3.456850,-367.307890
4.040000,0.581910,1.136900,7.413570,209.267210,-333.882050,75751.882810,1.000000,3.329960,-367.309540
4.042000,0.852360,0.861330,7.300780,209.303160,-333.882230,75818.320310,,3.469670,-367.311160
4.044000,0.892090,0.375550,5.342290,209.340680,-333.883090,75801.445310,,3.600400,-367.311520
4.046000,0.638310,0.219180,3.978520,209.377560,-333.883360,75768.750000,,3.609380,-367.310210
4.048000,0.293520,0.239690,3.968260,209.413250,-333.883060,75891.093750,1.000000,3.501710,-367.307950
4.050000,-0.039730,0.571660,5.393550,209.447510,-333.883540,75830.984380,,3.688840,-367.305630
4.052000,-0.092290,0.779300,5.813960,209.481370,-333.883270,75987.078130,,3.481200,-367.304930
4.054000,0.178160,0.880550,6.213870,209.515440,-333.882350,75951.210940,,3.365840,-367.306490
4.056000,0.604980,0.751100,5.608890,209.550550,-333.882480,76140.000000,1.000000,3.473510,-367.309080
4.058000,0.819030,0.370420,4.081050,209.587070,-333.883120,75847.851560,,3.550420,-367.310880
4.060000,0.670350,0.292240,2.737790,209.623110,-333.883420,76136.835940,,3.591430,-367.310670
4.062000,0.347350,0.360170,3.096680,209.658230,-333.883180,76077.781250,,3.482480,-367.309080
4.064000,0.110230,0.710080,5.537110,209.692120,-333.883820,75760.312500,1.000000,3.733700,-367.307530
4.064000,0.110230,0.710080,5.537110,209.692120,-333.883820,75760.312500,1.000000,3.733700,-367.307530
4.066000,0.223020,1.017700,7.085450,209.725600,-333.883670,75959.656250,,3.545290,-367.307560
4.068000,0.519100,1.139470,7.926270,209.759550,-333.882290,75809.890630,,3.315860,-367.309050
4.070000,0.808780,0.967710,7.505860,209.795000,-333.882110,76142.109380,,3.451720,-367.310760
4.072000,0.910030,0.446040,5.670410,209.832400,-333.882840,75971.257810,1.000000,3.544010,-367.311520
4.074000,0.717770,0.215330,3.855470,209.869510,-333.883360,75912.195310,,3.654240,-367.310550
4.076000,0.388370,0.196110,3.517090,209.905520,-333.883030,75992.343750,,3.492740,-367.308470
4.078000,0.038450,0.453740,5.126950,209.940120,-333.883420,75760.312500,,3.656800,-367.306090
4.080000,-0.103820,0.737000,5.978030,209.973920,-333.883450,76107.304690,1.000000,3.565800,-367.304900
4.082000,0.103820,0.857480,6.224120,210.007870,-333.882510,75758.203130,,3.346620,-367.306000
4.084000,0.519100,0.813900,5.854980,210.042620,-333.882390,76036.640630,,3.491460,-367.308440
4.086000,0.781860,0.444760,3.999020,210.078980,-333.882930,76006.054690,,3.520940,-367.310490
4.088000,0.725460,0.275570,2.748050,210.115250,-333.883450,75986.023440,1.000000,3.640140,-367.310760
4.090000,0.408870,0.334530,2.532710,210.150530,-333.883150,76090.437500,,3.497860,-367.309390
4.092000,0.143550,0.621640,5.147460,210.184630,-333.883610,75656.953130,,3.665770,-367.307770
4.094000,0.178160,1.001040,6.911130,210.217900,-333.883820,75691.765630,,3.664490,-367.307430
4.096000,0.452450,1.176640,7.905760,210.251600,-333.882450,75433.359380,1.000000,3.312010,-367.308690
4.098000,0.743410,1.074100,7.567380,210.286610,-333.881900,75788.789060,,3.440190,-367.310460
4.100000,0.908750,0.572940,5.906250,210.323780,-333.882480,75944.882810,,3.514530,-367.311550
4.102000,0.781860,0.224300,4.224610,210.361300,-333.883300,75888.992190,,3.676030,-367.310970
4.104000,0.462710,0.160220,3.414550,210.397670,-333.883030,75954.382810,1.000000,3.527340,-367.309050
4.106000,0.093570,0.335820,5.208980,210.432800,-333.883180,75632.703130,,3.597840,-367.306610
4.108000,-0.116640,0.626770,5.875490,210.466800,-333.883540,75954.382810,,3.651670,-367.305020
4.110000,0.019230,0.781860,6.080570,210.500780,-333.882600,75598.945310,,3.359440,-367.305660
4.112000,0.419130,0.813900,5.854980,210.535160,-333.882260,76053.515630,1.000000,3.461980,-367.308010
4.114000,0.751100,0.519100,4.573240,210.571030,-333.882690,76044.031250,,3.515810,-367.310330
4.116000,0.778020,0.308900,3.250490,210.607220,-333.883360,76091.484380,,3.624760,-367.311070
4.118000,0.484500,0.379390,2.583980,210.642380,-333.883150,76087.273440,,3.535030,-367.309940
4.120000,0.183290,0.624210,5.024410,210.676570,-333.883300,76027.156250,1.000000,3.595280,-367.308170
4.122000,0.120480,0.995910,6.695800,210.709950,-333.883910,75955.437500,,3.728580,-367.307400
4.124000,0.387080,1.180480,7.485350,210.743550,-333.882720,75566.250000,,3.351750,-367.308410
4.126000,0.676760,1.162540,7.577640,210.778230,-333.881900,75967.031250,,3.374820,-367.310180
4.128000,0.884400,0.731870,6.429200,210.814970,-333.882290,75914.296880,1.000000,3.499150,-367.311460
4.130000,0.821590,0.281980,4.747560,210.852770,-333.883210,76354.101560,,3.641420,-367.311310
4.132000,0.526790,0.146120,3.609380,210.889570,-333.883210,75906.914060,,3.567080,-367.309600
4.134000,0.170470,0.235840,5.014160,210.925130,-333.883090,75914.296880,,3.549130,-367.307250
4.136000,-0.098690,0.560120,5.465330,210.959300,-333.883640,76198.007810,1.000000,3.678590,-367.305330
4.138000,-0.025630,0.756230,6.039550,210.993100,-333.882900,75787.734380,,3.411990,-367.305450
4.140000,0.328130,0.874150,5.793460,211.027180,-333.882260,75814.101560,,3.399170,-367.307530
4.142000,0.711360,0.678040,4.880860,211.062500,-333.882570,75740.273440,,3.501710,-367.309940
4.144000,0.803650,0.367860,3.558110,211.098850,-333.883240,76211.718750,1.000000,3.605530,-367.311130
4.146000,0.556270,0.369140,2.583980,211.134430,-333.883300,76509.140630,,3.551700,-367.310270
4.148000,0.242250,0.513980,4.163090,211.169020,-333.883150,75853.132810,,3.545290,-367.308500
4.150000,0.082030,0.901060,6.121580,211.202680,-333.883910,75836.257810,,3.733700,-367.307310
4.152000,0.314030,1.113830,7.300780,211.236280,-333.883120,75721.296880,1.000000,3.423520,-367.307950
4.154000,0.610110,1.158690,7.372560,211.270750,-333.881990,75636.914060,,3.337650,-367.309660
4.156000,0.874150,0.804930,6.890630,211.307130,-333.882230,75335.273440,,3.474790,-367.311250
4.158000,0.879270,0.269170,5.208980,211.345030,-333.883090,76204.343750,,3.613220,-367.311460
4.160000,0.610110,0.102540,3.814450,211.382100,-333.883330,76055.632810,1.000000,3.595280,-367.310030
4.162000,0.262760,0.153810,4.460450,211.417760,-333.883060,75751.882810,,3.513240,-367.307740
4.164000,-0.052550,0.556270,5.588380,211.451780,-333.883580,75874.218750,,3.692690,-367.305510
4.166000,-0.065370,0.801090,5.896000,211.485310,-333.883210,75548.320310,,3.463260,-367.305020
4.168000,0.225590,0.922850,6.101070,211.519230,-333.882260,76151.609380,1.000000,3.377380,-367.306730
4.170000,0.628050,0.760070,5.034670,211.554320,-333.882510,75536.718750,,3.476070,-367.309270
4.172000,0.808780,0.380680,4.101560,211.590820,-333.883150,76282.390630,,3.569640,-367.310850
4.174000,0.637020,0.349910,2.635250,211.626680,-333.883360,75978.632810,,3.570920,-367.310490
4.176000,0.323000,0.452450,3.660640,211.661580,-333.883120,75898.484380,1.000000,3.487610,-367.308900
4.178000,0.107670,0.819030,5.793460,211.695370,-333.883850,75821.492190,,3.743960,-367.307460
4.180000,0.252500,1.077940,7.064940,211.728940,-333.883580,75810.937500,,3.510680,-367.307620
4.182000,0.539610,1.158690,7.751950,211.763150,-333.882200,76157.929690,,3.313290,-367.309140
4.184000,0.813900,0.942080,7.075200,211.798840,-333.882170,75828.867190,1.000000,3.453000,-367.310790
4.186000,0.892090,0.426820,5.793460,211.836320,-333.882970,76286.601560,,3.552980,-367.311430
4.188000,0.674190,0.233280,3.814450,211.873320,-333.883390,75990.234380,,3.636290,-367.310330
4.190000,0.347350,0.228150,3.947750,211.909230,-333.883090,75964.921880,,3.483760,-367.308230
4.192000,0.015380,0.510130,5.157710,211.943650,-333.883510,75796.179690,1.000000,3.672180,-367.305940
4.194000,-0.087160,0.788270,6.080570,211.977430,-333.883450,75901.648440,,3.532470,-367.304960
4.196000,0.151250,0.916440,6.203610,212.011320,-333.882450,76009.218750,,3.349180,-367.306270
4.198000,0.556270,0.858760,5.731930,212.046170,-333.882390,75876.328130,,3.485050,-367.308720
4.200000,0.790830,0.448610,4.224610,212.082720,-333.883030,76114.695310,1.000000,3.526060,-367.310610
4.202000,0.698550,0.270450,2.686520,212.119170,-333.883450,75977.585940,,3.632450,-367.310670
4.204000,0.385800,0.307620,2.953130,212.154600,-333.883150,75861.562500,,3.483760,-367.309270
4.206000,0.133300,0.608830,5.126950,212.188750,-333.883700,75852.078130,,3.692690,-367.307650
4.208000,0.188420,0.995910,6.859860,212.222050,-333.883790,75683.320310,1.000000,3.627320,-367.307430
4.210000,0.469120,1.194580,8.069820,212.255630,-333.882390,75861.562500,,3.306880,-367.308780
4.212000,0.758790,1.113830,7.608400,212.290500,-333.881990,75664.335940,,3.459410,-367.310550
4.214000,0.917720,0.597290,6.060060,212.327580,-333.882630,75930.117190,,3.527340,-367.311580
4.216000,0.776730,0.257630,3.958010,212.364900,-333.883330,75941.726560,1.000000,3.682430,-367.310910
4.218000,0.451170,0.185850,3.568360,212.401150,-333.883000,75903.750000,,3.518370,-367.308960
4.220000,0.080750,0.406310,4.757810,212.435970,-333.883240,75807.781250,,3.619630,-367.306490
4.222000,-0.112790,0.722900,5.926760,212.469760,-333.883450,75651.679690,,3.620910,-367.304960
4.224000,0.037170,0.861330,6.408690,212.503690,-333.882510,75800.398440,1.000000,3.344060,-367.305730
4.224000,0.037170,0.861330,6.408690,212.503690,-333.882510,75800.398440,1.000000,3.344060,-367.305730
4.226000,0.448610,0.853640,6.049800,212.538250,-333.882260,75695.984380,,3.477360,-367.308110
4.228000,0.765200,0.498600,4.532230,212.574490,-333.882780,76113.632810,,3.511960,-367.310360
4.230000,0.762630,0.264040,2.758300,212.610990,-333.883450,75993.398440,,3.638850,-367.310970
4.232000,0.455020,0.331970,2.645510,212.646330,-333.883180,76019.773440,1.000000,3.527340,-367.309720
4.234000,0.164060,0.621640,4.634770,212.680450,-333.883420,75745.546880,,3.615780,-367.308010
4.236000,0.139710,1.031800,7.116210,212.713650,-333.883910,75762.421880,,3.728580,-367.307400
4.238000,0.407590,1.247130,7.782710,212.747150,-333.882630,75595.789060,,3.341490,-367.308560
4.240000,0.698550,1.199710,7.905760,212.781800,-333.881900,75816.210940,1.000000,3.408140,-367.310300
4.242000,0.886960,0.725460,6.244630,212.818650,-333.882350,76189.578130,,3.506840,-367.311520
4.244000,0.811340,0.294800,4.337400,212.856350,-333.883240,75992.343750,,3.655520,-367.311250
4.246000,0.510130,0.160220,3.619630,212.893020,-333.883090,76136.835940,,3.551700,-367.309480
4.248000,0.151250,0.257630,4.778320,212.928530,-333.883060,75870.007810,1.000000,3.560670,-367.307100
4.250000,-0.106380,0.558840,6.060060,212.962650,-333.883610,76128.398440,,3.668330,-367.305240
4.252000,-0.016660,0.739560,6.019040,212.996550,-333.882780,75659.062500,,3.388920,-367.305510
4.254000,0.355040,0.825440,5.998540,213.030730,-333.882290,75846.796880,,3.419680,-367.307650
4.256000,0.724180,0.611390,4.532230,213.066190,-333.882660,76074.617190,1.000000,3.519650,-367.310090
4.258000,0.798520,0.360170,3.229980,213.102400,-333.883330,75991.289060,,3.611940,-367.311130
4.260000,0.534480,0.398620,2.645510,213.137730,-333.883270,76173.757810,,3.558110,-367.310180
4.262000,0.220460,0.593440,4.275880,213.172070,-333.883210,75673.828130,,3.565800,-367.308380
4.264000,0.088440,1.006160,6.429200,213.205430,-333.883910,75887.929690,1.000000,3.733700,-367.307310
4.266000,0.338380,1.242000,7.321290,213.238800,-333.882930,75745.546880,,3.401730,-367.308070
4.268000,0.621640,1.290710,7.362300,213.273150,-333.881870,75671.718750,,3.344060,-367.309810
4.270000,0.866460,0.902340,6.511230,213.309570,-333.882200,75781.414060,,3.486330,-367.311250
4.272000,0.854920,0.379390,4.962890,213.347440,-333.883090,75941.726560,1.000000,3.624760,-367.311370
4.274000,0.585750,0.184570,3.722170,213.384580,-333.883240,75950.156250,,3.593990,-367.309910
4.276000,0.243530,0.197390,4.727050,213.420430,-333.883030,75461.843750,,3.524780,-367.307620
4.278000,-0.058960,0.543460,5.639650,213.454700,-333.883580,75992.343750,,3.693970,-367.305510
4.280000,-0.046140,0.762630,5.742190,213.488420,-333.883090,75852.078130,1.000000,3.446590,-367.305180
4.282000,0.256350,0.904910,6.152340,213.522370,-333.882230,75801.445310,,3.388920,-367.306950
4.284000,0.651120,0.740840,4.860350,213.557480,-333.882510,75859.453130,,3.483760,-367.309450
4.286000,0.806210,0.399900,3.845210,213.593830,-333.883180,75827.820310,,3.583740,-367.310910
4.288000,0.606260,0.387080,2.625000,213.629500,-333.883330,76078.828130,1.000000,3.560670,-367.310360
4.290000,0.293520,0.503720,3.916990,213.664230,-333.883120,75644.296880,,3.502990,-367.308720
4.292000,0.097410,0.898500,5.844730,213.697880,-333.883850,76001.843750,,3.742680,-367.307340
4.294000,0.276860,1.156130,7.034180,213.731370,-333.883420,75756.093750,,3.478640,-367.307740
4.296000,0.565250,1.243290,7.690430,213.765580,-333.882110,75836.257810,1.000000,3.328670,-367.309330
4.298000,0.834410,0.949770,6.941890,213.801620,-333.882200,75707.585940,,3.456850,-367.310940
4.300000,0.885680,0.408870,6.019040,213.839360,-333.883000,76041.921880,,3.577330,-367.311400
4.302000,0.649840,0.203800,3.691410,213.876500,-333.883390,76318.242190,,3.623470,-367.310180
4.304000,0.317870,0.199950,4.398930,213.912370,-333.883090,75752.929690,1.000000,3.491460,-367.308010
4.306000,-0.012820,0.513980,5.383300,213.946670,-333.883540,76123.125000,,3.685000,-367.305760
4.308000,-0.091000,0.776730,5.988280,213.980330,-333.883360,75895.320310,,3.508120,-367.304930
4.310000,0.165340,0.927980,6.203610,214.014050,-333.882390,76072.507810,,3.355590,-367.306370
4.312000,0.583190,0.847230,5.362790,214.048830,-333.882390,75898.484380,1.000000,3.470950,-367.308930
4.314000,0.810060,0.474240,4.111820,214.085140,-333.883060,76019.773440,,3.531190,-367.310760
4.316000,0.692140,0.388370,2.748050,214.121120,-333.883390,76543.945310,,3.610660,-367.310730
4.318000,0.374270,0.455020,3.035160,214.156280,-333.883120,75842.585940,,3.472230,-367.309200
4.320000,0.123050,0.765200,5.475590,214.190310,-333.883790,75764.539060,1.000000,3.710630,-367.307590
4.322000,0.198670,1.085630,6.736820,214.223830,-333.883760,75660.125000,,3.583740,-367.307460
4.324000,0.487060,1.221500,7.957030,214.257750,-333.882390,75981.796880,,3.315860,-367.308840
4.326000,0.780580,1.095890,7.177730,214.292970,-333.882050,75763.484380,,3.455570,-367.310610
4.328000,0.903630,0.590880,5.916500,214.330250,-333.882750,75875.273440,1.000000,3.540160,-367.311460
4.330000,0.730590,0.320430,3.896480,214.367400,-333.883360,76111.523440,,3.676030,-367.310640
4.332000,0.405030,0.270450,3.793950,214.403470,-333.883030,75939.617190,,3.506840,-367.308650
4.334000,0.057680,0.502440,4.829590,214.438160,-333.883360,75770.859380,,3.647830,-367.306300
4.336000,-0.101260,0.781860,5.813960,214.471950,-333.883450,75416.492190,1.000000,3.600400,-367.304990
4.338000,0.082030,0.903630,6.244630,214.505910,-333.882480,75942.781250,,3.346620,-367.305970
4.340000,0.484500,0.871580,5.834470,214.540570,-333.882260,75882.664060,,3.483760,-367.308380
4.342000,0.772890,0.503720,4.562990,214.576900,-333.882780,75841.523440,,3.510680,-367.310490
4.344000,0.747250,0.308900,2.840330,214.613360,-333.883390,76131.562500,1.000000,3.636290,-367.310940
4.346000,0.437070,0.357600,2.696780,214.648730,-333.883120,75674.890630,,3.502990,-367.309630
4.348000,0.152530,0.633180,4.686040,214.682970,-333.883510,75801.445310,,3.637570,-367.307920
4.350000,0.143550,1.008730,6.675290,214.716350,-333.883910,75418.601560,,3.711910,-367.307370
4.352000,0.417850,1.217650,7.803220,214.749920,-333.882630,75704.421880,1.000000,3.335080,-367.308560
4.354000,0.722900,1.197140,7.803220,214.784550,-333.881960,76065.117190,,3.432500,-367.310390
4.356000,0.912600,0.756230,6.480470,214.821230,-333.882480,76304.539060,,3.517090,-367.311650
4.358000,0.811340,0.397340,4.122070,214.858520,-333.883300,75764.539060,,3.673460,-367.311220
4.360000,0.490910,0.301210,3.855470,214.894820,-333.883060,76046.132810,1.000000,3.538880,-367.309330
4.362000,0.112790,0.442200,4.532230,214.929990,-333.883090,76122.070310,,3.586300,-367.306850
4.364000,-0.128170,0.710080,5.701170,214.964100,-333.883510,75672.773440,,3.656800,-367.305050
4.366000,-0.015380,0.826720,6.162600,214.998200,-333.882660,76123.125000,,3.365840,-367.305510
4.368000,0.371700,0.833130,6.029300,215.032780,-333.882260,75914.296880,1.000000,3.442750,-367.307740
4.370000,0.729310,0.543460,4.696290,215.068730,-333.882660,76210.664060,,3.515810,-367.310150
4.372000,0.786990,0.289670,3.188960,215.105190,-333.883360,76039.804690,,3.618350,-367.311130
4.374000,0.516540,0.328130,2.450680,215.140660,-333.883240,76039.804690,,3.547850,-367.310150
4.376000,0.211490,0.558840,4.480960,215.174970,-333.883270,76147.390630,1.000000,3.581180,-367.308410
4.378000,0.103820,0.972840,6.500980,215.208280,-333.883940,75601.054690,,3.743960,-367.307400
4.380000,0.348630,1.218930,7.833980,215.241620,-333.882810,75816.210940,,3.383790,-367.308260
4.382000,0.643430,1.249690,7.587890,215.275960,-333.881870,75625.312500,,3.351750,-367.309970
4.384000,0.881840,0.847230,6.706050,215.312380,-333.882260,76072.507810,1.000000,3.500430,-367.311430
4.386000,0.851070,0.397340,4.614260,215.349950,-333.883150,76026.093750,,3.635010,-367.311430
4.388000,0.565250,0.244810,3.599120,215.386720,-333.883210,75903.750000,,3.581180,-367.309810
4.390000,0.205080,0.294800,4.737300,215.422300,-333.883000,75994.453130,,3.536320,-367.307460
4.392000,-0.093570,0.615230,5.731930,215.456530,-333.883580,75692.820310,1.000000,3.682430,-367.305360
4.394000,-0.051270,0.778020,5.998540,215.490400,-333.882970,75810.937500,,3.424800,-367.305210
4.396000,0.281980,0.851070,6.142090,215.524640,-333.882260,75626.375000,,3.403020,-367.307160
4.398000,0.684450,0.628050,4.798830,215.560100,-333.882570,76019.773440,,3.501710,-367.309660
4.400000,0.816470,0.324280,3.353030,215.596480,-333.883240,76061.953130,1.000000,3.593990,-367.311040
4.400000,0.816470,0.324280,3.353030,215.596480,-333.883240,76061.953130,1.000000,3.593990,-367.311040
4.402000,0.592160,0.348630,2.604490,215.631970,-333.883300,75756.093750,,3.559390,-367.310360
4.404000,0.274290,0.508850,4.173340,215.666440,-333.883120,75973.359380,,3.528630,-367.308620
4.406000,0.087160,0.938230,6.357420,215.699870,-333.883850,75497.695310,,3.742680,-367.307310
4.408000,0.289670,1.188170,7.187990,215.733230,-333.883240,75827.820310,1.000000,3.449160,-367.307800
4.410000,0.576780,1.263790,7.454590,215.767400,-333.881990,75795.125000,,3.329960,-367.309420
4.412000,0.848510,0.956180,6.972660,215.803450,-333.882170,75968.093750,,3.463260,-367.311040
4.414000,0.883120,0.452450,5.044920,215.841080,-333.883030,76011.328130,,3.590150,-367.311400
4.416000,0.631900,0.281980,4.091310,215.878080,-333.883360,75895.320310,1.000000,3.609380,-367.310090
4.418000,0.297360,0.265320,4.542480,215.913930,-333.883090,75725.507810,,3.496580,-367.307920
4.420000,-0.021790,0.583190,5.772950,215.948260,-333.883580,75871.062500,,3.690120,-367.305660
4.422000,-0.067930,0.817750,5.988280,215.981980,-333.883300,76208.554690,,3.482480,-367.305020
4.424000,0.202510,0.949770,5.793460,216.015870,-333.882320,75856.289060,1.000000,3.365840,-367.306580
4.426000,0.611390,0.804930,5.332030,216.050920,-333.882480,76195.898440,,3.473510,-367.309110
4.428000,0.813900,0.414000,3.906740,216.087400,-333.883120,76034.531250,,3.546570,-367.310820
4.430000,0.658810,0.337100,3.065920,216.123400,-333.883390,76040.867190,,3.590150,-367.310610
4.432000,0.342220,0.406310,3.373540,216.158520,-333.883150,75894.257810,1.000000,3.476070,-367.308960
4.434000,0.099980,0.758790,5.649900,216.192430,-333.883790,75937.500000,,3.723450,-367.307430
4.436000,0.212770,1.077940,6.767580,216.225910,-333.883640,75877.382810,,3.532470,-367.307460
4.438000,0.511410,1.199710,7.618650,216.259900,-333.882290,75647.468750,,3.317140,-367.308990
4.440000,0.795960,0.994630,7.003420,216.295470,-333.882140,76144.226560,1.000000,3.455570,-367.310700
4.442000,0.898500,0.451170,5.721680,216.333050,-333.882900,75799.335940,,3.552980,-367.311460
4.444000,0.702390,0.194820,4.224610,216.370250,-333.883450,76030.320310,,3.664490,-367.310520
4.446000,0.381960,0.183290,3.793950,216.406220,-333.883090,75919.578130,,3.501710,-367.308500
4.448000,0.047420,0.499880,5.044920,216.440440,-333.883450,75825.710940,1.000000,3.665770,-367.306210
4.450000,-0.080750,0.835690,5.690920,216.473850,-333.883420,75943.835940,,3.564510,-367.305080
4.452000,0.125610,0.980530,6.090820,216.507450,-333.882420,75961.757810,,3.338930,-367.306210
4.454000,0.529360,0.902340,5.660160,216.542070,-333.882260,75853.132810,,3.483760,-367.308590
4.456000,0.784420,0.487060,4.388670,216.578450,-333.882870,75575.742190,1.000000,3.513240,-367.310580
4.458000,0.722900,0.316590,2.901860,216.614750,-333.883390,76117.859380,,3.628600,-367.310790
4.460000,0.399900,0.380680,2.625000,216.650050,-333.883090,75914.296880,,3.481200,-367.309390
4.462000,0.126890,0.676760,5.003910,216.684200,-333.883610,75625.312500,,3.658080,-367.307710
4.464000,0.153810,1.030520,6.603520,216.717650,-333.883880,75721.296880,1.000000,3.668330,-367.307310
4.466000,0.439640,1.194580,7.772460,216.751500,-333.882570,75612.656250,,3.324830,-367.308650
4.468000,0.745970,1.107420,7.608400,216.786500,-333.882080,75893.203130,,3.459410,-367.310490
4.470000,0.917720,0.625490,6.265140,216.823580,-333.882660,75625.312500,,3.531190,-367.311610
4.472000,0.784420,0.306340,4.193850,216.860930,-333.883360,76092.539060,1.000000,3.681150,-367.311070
4.474000,0.463990,0.240970,3.517090,216.897090,-333.883060,75972.312500,,3.535030,-367.309110
4.476000,0.098690,0.443480,4.942380,216.931930,-333.883210,75845.742190,,3.611940,-367.306700
4.478000,-0.111510,0.745970,5.455080,216.965700,-333.883510,75730.781250,,3.643980,-367.305110
4.480000,0.023070,0.894650,6.295900,216.999560,-333.882540,75878.437500,1.000000,3.344060,-367.305690
4.482000,0.412720,0.893370,6.121580,217.033980,-333.882200,76229.648440,,3.449160,-367.308010
4.484000,0.738280,0.548580,4.542480,217.070050,-333.882660,75909.031250,,3.509400,-367.310240
4.486000,0.767760,0.274290,3.260740,217.106630,-333.883420,76240.203130,,3.626040,-367.311040
4.488000,0.484500,0.270450,2.460940,217.142230,-333.883240,75991.289060,1.000000,3.532470,-367.309940
4.490000,0.182010,0.503720,4.470700,217.176650,-333.883360,75941.726560,,3.591430,-367.308170
4.492000,0.102540,0.926700,6.470210,217.209950,-333.884000,75781.414060,,3.741390,-367.307310
4.494000,0.362730,1.183040,7.690430,217.243300,-333.882780,75683.320310,,3.359440,-367.308290
4.496000,0.665220,1.224060,7.659670,217.277620,-333.881930,76126.289060,1.000000,3.378660,-367.310120
4.498000,0.894650,0.798520,6.634280,217.314150,-333.882390,75913.250000,,3.510680,-367.311520
4.500000,0.849790,0.349910,4.552730,217.351730,-333.883270,76317.187500,,3.651670,-367.311460
4.502000,0.551150,0.214050,3.404300,217.388380,-333.883210,75821.492190,,3.567080,-367.309780
4.504000,0.184570,0.337100,4.747560,217.423650,-333.883060,76098.867190,1.000000,3.556820,-367.307340
4.506000,-0.098690,0.679320,5.383300,217.457660,-333.883580,75819.375000,,3.669620,-367.305330
4.508000,-0.037170,0.866460,6.203610,217.491380,-333.882810,75757.148440,,3.395320,-367.305330
4.510000,0.307620,0.927980,5.988280,217.525600,-333.882200,76022.929690,,3.396610,-367.307340
4.512000,0.689580,0.651120,4.952640,217.561250,-333.882600,75995.507810,1.000000,3.502990,-367.309780
4.514000,0.784420,0.303770,3.147950,217.597900,-333.883300,76010.273440,,3.606810,-367.310940
4.516000,0.547300,0.280700,2.337890,217.633680,-333.883360,75900.593750,,3.552980,-367.310210
4.518000,0.239690,0.431950,4.275880,217.668350,-333.883180,76054.570310,,3.547850,-367.308500
4.520000,0.088440,0.857480,6.049800,217.701830,-333.883940,75726.562500,1.000000,3.741390,-367.307340
4.522000,0.317870,1.124080,7.772460,217.735170,-333.883090,75610.546880,,3.424800,-367.308010
4.524000,0.601140,1.207400,7.618650,217.769350,-333.881930,75574.695310,,3.332520,-367.309660
4.526000,0.872860,0.866460,6.921390,217.805500,-333.882230,75540.937500,,3.479920,-367.311250
4.528000,0.894650,0.352480,4.993650,217.843170,-333.883090,76248.640630,1.000000,3.611940,-367.311520
4.528000,0.894650,0.352480,4.993650,217.843170,-333.883090,76248.640630,1.000000,3.611940,-367.311520
4.530000,0.626770,0.188420,3.640140,217.880160,-333.883330,75769.812500,,3.595280,-367.310120
4.532000,0.271730,0.190980,4.583500,217.915920,-333.883060,76013.445310,,3.510680,-367.307740
4.534000,-0.066650,0.539610,5.701170,217.950120,-333.883580,75971.257810,,3.690120,-367.305420
4.536000,-0.091000,0.752380,6.193360,217.983860,-333.883180,75906.914060,1.000000,3.455570,-367.304840
4.538000,0.202510,0.899780,5.967770,218.017700,-333.882260,75785.625000,,3.374820,-367.306580
4.540000,0.628050,0.747250,5.342290,218.052750,-333.882510,75771.914060,,3.477360,-367.309170
4.542000,0.817750,0.370420,3.568360,218.089170,-333.883210,76299.257810,,3.568360,-367.310850
4.544000,0.642150,0.311460,2.676270,218.125030,-333.883420,75900.593750,1.000000,3.577330,-367.310520
4.546000,0.320430,0.381960,3.773440,218.159940,-333.883180,76090.437500,,3.491460,-367.308900
4.548000,0.098690,0.767760,5.865230,218.193650,-333.883820,75870.007810,,3.737550,-367.307430
4.550000,0.240970,1.089480,7.249510,218.226930,-333.883510,75967.031250,,3.496580,-367.307590
4.552000,0.529360,1.243290,7.577640,218.260760,-333.882110,75688.593750,1.000000,3.303040,-367.309110
4.554000,0.801090,1.024110,7.280270,218.296360,-333.882110,75877.382810,,3.436340,-367.310760
4.556000,0.892090,0.476810,5.260250,218.333970,-333.882930,76084.101560,,3.546570,-367.311430
4.558000,0.684450,0.223020,4.142580,218.371280,-333.883480,75993.398440,,3.646550,-367.310390
4.560000,0.358890,0.178160,4.419430,218.407460,-333.883150,75942.781250,1.000000,3.487610,-367.308290
4.562000,0.017940,0.476810,5.414060,218.441930,-333.883540,75830.984380,,3.668330,-367.305970
4.564000,-0.094850,0.793400,5.988280,218.475560,-333.883450,76068.281250,,3.532470,-367.304960
4.566000,0.133300,0.943360,6.070310,218.509280,-333.882450,75805.664060,,3.346620,-367.306210
4.568000,0.556270,0.881840,5.455080,218.543950,-333.882390,75923.796880,1.000000,3.477360,-367.308720
4.570000,0.801090,0.476810,4.091310,218.580310,-333.882970,76118.914060,,3.518370,-367.310670
4.572000,0.710080,0.328130,3.086430,218.616470,-333.883420,75886.875000,,3.623470,-367.310760
4.574000,0.387080,0.370420,3.004390,218.651750,-333.883120,75814.101560,,3.474790,-367.309300
4.576000,0.119200,0.651120,5.096190,218.685900,-333.883670,75670.664060,1.000000,3.681150,-367.307620
4.578000,0.171750,0.975400,6.829100,218.719420,-333.883790,75895.320310,,3.615780,-367.307370
4.580000,0.467830,1.113830,7.485350,218.753360,-333.882420,75771.914060,,3.301760,-367.308750
4.582000,0.758790,1.003600,7.505860,218.788530,-333.882020,75767.703130,,3.451720,-367.310520
4.584000,0.903630,0.507570,6.234380,218.825780,-333.882660,75776.132810,1.000000,3.527340,-367.311490
4.586000,0.747250,0.193540,4.337400,218.863140,-333.883420,75622.148440,,3.677310,-367.310790
4.588000,0.429380,0.128170,3.937500,218.899400,-333.883090,75958.601560,,3.524780,-367.308870
4.590000,0.076900,0.348630,4.737300,218.934140,-333.883330,75752.929690,,3.620910,-367.306490
4.592000,-0.101260,0.692140,5.854980,218.967700,-333.883510,75842.585940,1.000000,3.627320,-367.305080
4.594000,0.053830,0.901060,5.978030,219.001210,-333.882510,75843.640630,,3.336360,-367.305880
4.596000,0.456300,0.912600,6.152340,219.035400,-333.882230,76044.031250,,3.464540,-367.308230
4.598000,0.766480,0.572940,4.768070,219.071350,-333.882690,75914.296880,,3.502990,-367.310460
4.600000,0.765200,0.351200,3.260740,219.107650,-333.883390,76071.453130,1.000000,3.623470,-367.311040
4.602000,0.466550,0.362730,2.594240,219.143080,-333.883150,76132.625000,,3.510680,-367.309810
4.604000,0.169190,0.579350,4.388670,219.177520,-333.883420,75705.476560,,3.600400,-367.308040
4.606000,0.119200,0.922850,6.675290,219.211040,-333.883970,76042.976560,,3.719600,-367.307310
4.608000,0.387080,1.115110,7.608400,219.244780,-333.882690,75817.265630,1.000000,3.336360,-367.308410
4.610000,0.685730,1.095890,7.957030,219.279500,-333.881990,76207.500000,,3.403020,-367.310210
4.612000,0.884400,0.667790,6.665040,219.316250,-333.882450,75925.906250,,3.508120,-367.311490
4.614000,0.803650,0.294800,4.614260,219.353730,-333.883360,75893.203130,,3.655520,-367.311250
4.616000,0.503720,0.197390,3.465820,219.390150,-333.883240,76129.460940,1.000000,3.556820,-367.309510
4.618000,0.148680,0.343510,4.480960,219.425290,-333.883150,75806.726560,,3.567080,-367.307130
4.620000,-0.096130,0.678040,5.496090,219.459170,-333.883640,75880.554690,,3.660640,-367.305360
4.622000,-0.001280,0.879270,6.008790,219.492840,-333.882750,75675.945310,,3.379940,-367.305660
4.624000,0.361450,0.948490,6.224120,219.527020,-333.882230,76045.085940,1.000000,3.404300,-367.307740
4.626000,0.713930,0.663940,4.850100,219.562740,-333.882630,76035.593750,,3.504270,-367.310090
4.628000,0.786990,0.362730,3.240230,219.599350,-333.883330,76109.414060,,3.600400,-367.311100
4.630000,0.533200,0.335820,2.204590,219.635130,-333.883300,76088.328130,,3.540160,-367.310180
4.632000,0.228150,0.476810,4.142580,219.669910,-333.883240,75714.960940,1.000000,3.555540,-367.308410
4.634000,0.088440,0.863890,6.244630,219.703570,-333.884060,75759.257810,,3.745240,-367.307310
4.636000,0.323000,1.086910,7.485350,219.737180,-333.883090,75287.820310,,3.413270,-367.308010
4.638000,0.619080,1.144590,7.957030,219.771580,-333.881990,76023.984380,,3.346620,-367.309780
4.640000,0.886960,0.797240,6.552250,219.807880,-333.882260,75826.757810,1.000000,3.487610,-367.311310
4.642000,0.871580,0.343510,5.167970,219.845370,-333.883150,75945.937500,,3.623470,-367.311490
4.644000,0.588320,0.215330,3.199220,219.882100,-333.883300,75906.914060,,3.590150,-367.309940
4.646000,0.233280,0.260190,4.511720,219.917650,-333.883060,75698.085940,,3.526060,-367.307590
4.648000,-0.080750,0.598570,5.526860,219.951840,-333.883580,75974.421880,1.000000,3.679870,-367.305390
4.650000,-0.058960,0.786990,5.926760,219.985630,-333.883060,75618.992190,,3.436340,-367.305110
4.652000,0.255070,0.904910,6.193360,220.019730,-333.882230,75975.468750,,3.382510,-367.306920
4.654000,0.662660,0.724180,5.044920,220.055020,-333.882540,75972.312500,,3.481200,-367.309450
4.656000,0.813900,0.361450,3.588870,220.091600,-333.883240,75940.671880,1.000000,3.586300,-367.310910
4.658000,0.616520,0.326840,2.245610,220.127470,-333.883450,76141.054690,,3.569640,-367.310420
4.660000,0.297360,0.430660,3.906740,220.162370,-333.883210,75685.429690,,3.510680,-367.308720
4.662000,0.087160,0.821590,6.070310,220.196040,-333.883910,76019.773440,,3.747800,-367.307310
4.664000,0.255070,1.099730,7.300780,220.229510,-333.883420,75572.585940,1.000000,3.482480,-367.307590
4.666000,0.551150,1.189450,7.854490,220.263600,-333.882050,76008.164060,,3.315860,-367.309200
4.668000,0.836980,0.907470,6.982910,220.299530,-333.882110,75825.710940,,3.444030,-367.310910
4.670000,0.906190,0.367860,5.352540,220.337220,-333.882970,76244.414060,,3.568360,-367.311490
4.672000,0.674190,0.161500,3.722170,220.374420,-333.883360,75973.359380,1.000000,3.617070,-367.310330
4.674000,0.329410,0.146120,4.173340,220.410450,-333.883060,75828.867190,,3.482480,-367.308110
4.676000,-0.012820,0.456300,5.516600,220.444870,-333.883540,76327.734380,,3.678590,-367.305730
4.678000,-0.096130,0.712650,6.101070,220.478670,-333.883420,75887.929690,,3.508120,-367.304840
4.680000,0.158940,0.848510,6.019040,220.512540,-333.882450,75930.117190,1.000000,3.356870,-367.306300
4.682000,0.581910,0.786990,5.332030,220.547350,-333.882480,75859.453130,,3.478640,-367.308840
4.684000,0.812620,0.434510,3.865720,220.583600,-333.883090,76207.500000,,3.533750,-367.310700
4.686000,0.693420,0.383240,2.614750,220.619370,-333.883450,75995.507810,,3.613220,-367.310640
4.688000,0.369140,0.484500,3.383790,220.654250,-333.883180,76058.796880,1.000000,3.478640,-367.309110
4.688000,0.369140,0.484500,3.383790,220.654250,-333.883180,76058.796880,1.000000,3.478640,-367.309110
4.690000,0.111510,0.820310,5.311520,220.688080,-333.883790,76112.578130,,3.715760,-367.307460
4.692000,0.180730,1.117680,7.095700,220.721560,-333.883730,75746.601560,,3.579900,-367.307310
4.694000,0.479370,1.221500,7.587890,220.755570,-333.882320,75744.492190,,3.308170,-367.308780
4.696000,0.783140,1.039490,7.167480,220.791110,-333.881990,75474.500000,1.000000,3.444030,-367.310610
4.698000,0.924130,0.493470,5.865230,220.828700,-333.882660,76181.132810,,3.528630,-367.311550
4.700000,0.757510,0.183290,3.978520,220.866260,-333.883360,76055.632810,,3.674740,-367.310790
4.702000,0.417850,0.108950,4.050290,220.902730,-333.883030,75727.617190,,3.502990,-367.308750
4.704000,0.051270,0.340940,5.126950,220.937610,-333.883360,75813.054690,1.000000,3.642700,-367.306270
4.706000,-0.124330,0.660100,6.008790,220.971370,-333.883510,75663.289060,,3.605530,-367.304870
4.708000,0.058960,0.831850,6.049800,221.005160,-333.882510,75860.507810,,3.349180,-367.305820
4.710000,0.485780,0.852360,5.844730,221.039510,-333.882260,75496.640630,,3.485050,-367.308320
4.712000,0.792110,0.524230,4.450200,221.075450,-333.882810,76016.609380,1.000000,3.513240,-367.310550
4.714000,0.771610,0.360170,3.240230,221.111530,-333.883420,76067.226560,,3.640140,-367.311040
4.716000,0.447330,0.425540,2.983890,221.146650,-333.883120,75922.734380,,3.506840,-367.309690
4.718000,0.155090,0.702390,4.686040,221.180760,-333.883480,75719.187500,,3.629880,-367.307950
4.720000,0.139710,1.060000,6.859860,221.214160,-333.883820,75589.460940,1.000000,3.692690,-367.307340
4.722000,0.416560,1.218930,7.475100,221.247970,-333.882540,75888.992190,,3.313290,-367.308530
4.724000,0.708800,1.121520,7.505860,221.283080,-333.881930,75815.156250,,3.420960,-367.310300
4.726000,0.890810,0.594730,6.449710,221.320400,-333.882480,76176.921880,,3.505550,-367.311460
4.728000,0.792110,0.173030,4.727050,221.358350,-333.883360,76038.750000,1.000000,3.672180,-367.311100
4.730000,0.488340,0.061520,3.660640,221.395080,-333.883120,76277.117190,,3.542720,-367.309300
4.732000,0.120480,0.243530,4.809080,221.430280,-333.883180,75744.492190,,3.582460,-367.306880
4.734000,-0.116640,0.619080,5.937010,221.463940,-333.883610,75894.257810,,3.664490,-367.305110
4.736000,-0.007690,0.838260,6.049800,221.497500,-333.882660,76013.445310,1.000000,3.369690,-367.305540
4.738000,0.378110,0.889530,6.029300,221.531600,-333.882230,75858.406250,,3.427370,-367.307830
4.740000,0.739560,0.592160,4.983400,221.567310,-333.882600,76296.093750,,3.511960,-367.310210
4.742000,0.788270,0.343510,3.414550,221.603610,-333.883300,76084.101560,,3.602970,-367.311160
4.744000,0.512700,0.389650,2.389160,221.638950,-333.883180,76069.335940,1.000000,3.532470,-367.310090
4.746000,0.197390,0.601140,4.245120,221.673370,-333.883240,75877.382810,,3.563230,-367.308320
4.748000,0.097410,0.985660,6.172850,221.706850,-333.884000,75835.195310,,3.736270,-367.307340
4.750000,0.353760,1.183040,7.434080,221.740450,-333.882970,75757.148440,,3.390200,-367.308230
4.752000,0.651120,1.188170,7.854490,221.775070,-333.882020,75705.476560,1.000000,3.360720,-367.310000
4.754000,0.893370,0.780580,6.706050,221.811710,-333.882390,75881.609380,,3.505550,-367.311460
4.756000,0.852360,0.321720,4.921880,221.849430,-333.883240,75670.664060,,3.638850,-367.311430
4.758000,0.556270,0.199950,3.455570,221.886150,-333.883240,76042.976560,,3.577330,-367.309780
4.760000,0.194820,0.273010,4.419430,221.921630,-333.883090,75963.867190,1.000000,3.547850,-367.307340
4.762000,-0.099980,0.615230,5.414060,221.955780,-333.883610,75673.828130,,3.679870,-367.305270
4.764000,-0.047420,0.815190,6.275390,221.989500,-333.882970,75819.375000,,3.418400,-367.305180
4.766000,0.280700,0.922850,6.398440,222.023620,-333.882170,75545.164060,,3.383790,-367.307130
4.768000,0.685730,0.687010,5.065430,222.059140,-333.882510,76003.945310,1.000000,3.486330,-367.309660
4.770000,0.810060,0.329410,3.517090,222.095830,-333.883240,75990.234380,,3.587590,-367.311000
4.772000,0.587040,0.285830,2.307130,222.131770,-333.883360,76026.093750,,3.552980,-367.310330
4.774000,0.270450,0.399900,3.906740,222.166670,-333.883210,75930.117190,,3.520940,-367.308590
4.776000,0.080750,0.815190,6.049800,222.200300,-333.883970,75513.523440,1.000000,3.752930,-367.307280
4.778000,0.284550,1.122800,7.700680,222.233550,-333.883360,75735.007810,,3.461980,-367.307740
4.780000,0.587040,1.261230,7.936520,222.267460,-333.882050,75555.703130,,3.328670,-367.309450
4.782000,0.874150,0.976680,7.280270,222.303270,-333.882200,76112.578130,,3.461980,-367.311130
4.784000,0.908750,0.442200,4.911620,222.340850,-333.883060,75984.960940,1.000000,3.596560,-367.311520
4.786000,0.647280,0.235840,3.660640,222.377870,-333.883360,76173.757810,,3.610660,-367.310180
4.788000,0.293520,0.219180,4.296390,222.413800,-333.883060,76049.296880,,3.495300,-367.307860
4.790000,-0.049990,0.539610,5.567870,222.448260,-333.883510,76046.132810,,3.678590,-367.305480
4.792000,-0.097410,0.765200,6.336910,222.482130,-333.883240,75722.343750,1.000000,3.465820,-367.304780
4.794000,0.180730,0.894650,6.234380,222.516170,-333.882350,75839.421880,,3.363280,-367.306370
4.796000,0.602420,0.747250,5.188480,222.551380,-333.882510,76166.375000,,3.473510,-367.308960
4.798000,0.813900,0.335820,3.588870,222.588100,-333.883210,75990.234380,,3.549130,-367.310760
4.800000,0.669070,0.255070,2.563480,222.624180,-333.883510,75969.148440,1.000000,3.601680,-367.310580
4.802000,0.349910,0.375550,3.435060,222.659120,-333.883240,75922.734380,,3.485050,-367.309020
4.804000,0.107670,0.788270,5.752440,222.692700,-333.883820,75864.726560,,3.732420,-367.307460
4.806000,0.212770,1.136900,7.259770,222.725850,-333.883640,75712.851560,,3.541440,-367.307460
4.808000,0.507570,1.283020,7.957030,222.759550,-333.882260,75780.351560,1.000000,3.312010,-367.308960
4.810000,0.803650,1.084350,6.941890,222.794920,-333.881990,75759.257810,,3.438900,-367.310730
4.812000,0.915160,0.524230,5.588380,222.832470,-333.882750,76109.414060,,3.535030,-367.311490
4.814000,0.720340,0.231990,3.670900,222.869870,-333.883360,75861.562500,,3.656800,-367.310550
4.816000,0.389650,0.139710,4.091310,222.906330,-333.883030,75421.757810,1.000000,3.487610,-367.308470
4.818000,0.039730,0.360170,5.250000,222.941190,-333.883420,75929.070310,,3.649110,-367.306090
4.820000,-0.102540,0.635740,5.947270,222.975170,-333.883480,75928.015630,,3.567080,-367.304900
4.822000,0.096130,0.783140,6.090820,223.009090,-333.882510,75768.750000,,3.346620,-367.305970
4.824000,0.510130,0.786990,5.629390,223.043660,-333.882390,75894.257810,1.000000,3.488890,-367.308410
4.826000,0.783140,0.449890,4.029790,223.079770,-333.882970,75809.890630,,3.519650,-367.310490
4.828000,0.734440,0.326840,2.983890,223.115720,-333.883510,76098.867190,,3.649110,-367.310820
4.830000,0.411440,0.415280,2.973630,223.150680,-333.883180,75670.664060,,3.497860,-367.309420
4.832000,0.130740,0.744690,5.003910,223.184480,-333.883580,75938.562500,1.000000,3.658080,-367.307740
4.834000,0.146120,1.145870,6.798340,223.217580,-333.883760,75731.835940,,3.656800,-367.307310
4.836000,0.430660,1.321470,7.680180,223.251140,-333.882390,75812.000000,,3.297910,-367.308590
4.838000,0.730590,1.242000,7.187990,223.286060,-333.881840,75587.351560,,3.429930,-367.310390
4.840000,0.894650,0.702390,6.285640,223.323380,-333.882480,75699.140630,1.000000,3.506840,-367.311520
4.842000,0.775450,0.280700,4.306640,223.361250,-333.883360,76226.484380,,3.678590,-367.311040
4.844000,0.466550,0.126890,3.896480,223.398100,-333.883090,75789.843750,,3.522220,-367.309140
4.846000,0.103820,0.275570,5.147460,223.433430,-333.883240,76131.562500,,3.592710,-367.306760
4.848000,-0.106380,0.617800,5.660160,223.467330,-333.883580,75885.828130,1.000000,3.650390,-367.305180
4.850000,0.019230,0.830570,6.152340,223.501020,-333.882600,76027.156250,,3.354310,-367.305760
4.852000,0.406310,0.880550,5.772950,223.535250,-333.882230,75951.210940,,3.441470,-367.308010
4.854000,0.735720,0.574220,4.757810,223.571030,-333.882660,76009.218750,,3.506840,-367.310300
4.856000,0.765200,0.349910,3.342770,223.607270,-333.883390,76391.015630,1.000000,3.617070,-367.311070
4.858000,0.481930,0.397340,2.727540,223.642580,-333.883210,75796.179690,,3.524780,-367.309970
4.860000,0.182010,0.617800,4.460450,223.676960,-333.883300,75916.414060,,3.578610,-367.308230
4.862000,0.107670,0.986940,6.388180,223.710400,-333.883940,75817.265630,,3.720890,-367.307400
4.864000,0.364010,1.192020,7.444340,223.744020,-333.882750,75921.679690,1.000000,3.346620,-367.308380
4.864000,0.364010,1.192020,7.444340,223.744020,-333.882750,75921.679690,1.000000,3.346620,-367.308380
4.866000,0.661380,1.162540,7.464840,223.778750,-333.881990,75776.132810,,3.369690,-367.310150
4.868000,0.885680,0.717770,6.572750,223.815520,-333.882390,75832.031250,,3.502990,-367.311520
4.870000,0.835690,0.283260,4.829590,223.853260,-333.883300,76223.320310,,3.641420,-367.311400
4.872000,0.537050,0.151250,3.763180,223.889970,-333.883240,75996.562500,1.000000,3.563230,-367.309720
4.874000,0.175600,0.242250,4.562990,223.925370,-333.883120,75862.617190,,3.552980,-367.307310
4.876000,-0.103820,0.583190,5.403810,223.959320,-333.883670,75620.046880,,3.674740,-367.305300
4.878000,-0.039730,0.806210,6.172850,223.992840,-333.882870,75982.859380,,3.399170,-367.305360
4.880000,0.315310,0.921570,5.567870,224.026790,-333.882200,75967.031250,1.000000,3.387630,-367.307400
4.882000,0.707520,0.684450,5.321780,224.062190,-333.882540,75858.406250,,3.488890,-367.309910
4.884000,0.804930,0.374270,3.486330,224.098620,-333.883240,76174.812500,,3.585020,-367.311130
4.886000,0.563960,0.367860,2.501950,224.134320,-333.883300,75743.437500,,3.537600,-367.310300
4.888000,0.242250,0.494750,3.855470,224.169070,-333.883210,75810.937500,1.000000,3.528630,-367.308530
4.890000,0.075620,0.890810,5.844730,224.202730,-333.884030,75487.156250,,3.741390,-367.307280
4.892000,0.301210,1.135620,7.495610,224.236210,-333.883240,75760.312500,,3.435060,-367.307860
4.894000,0.594730,1.248410,7.710940,224.270360,-333.882110,75815.156250,,3.345340,-367.309540
4.896000,0.875430,0.924130,7.341800,224.306430,-333.882290,76186.406250,1.000000,3.478640,-367.311190
4.898000,0.894650,0.440920,4.983400,224.343920,-333.883180,75886.875000,,3.614500,-367.311520
4.900000,0.629330,0.284550,3.916990,224.380750,-333.883360,75781.414060,,3.597840,-367.310120
4.902000,0.273010,0.284550,4.204100,224.416440,-333.883090,76110.468750,,3.513240,-367.307770
4.902000,0.273010,0.284550,4.204100,224.416440,-333.883090,76110.468750,,3.513240,-367.307770
4.904000,-0.064090,0.602420,5.352540,224.450780,-333.883540,75559.929690,1.000000,3.681150,-367.305450
4.906000,-0.087160,0.780580,6.121580,224.484650,-333.883150,75994.453130,,3.450440,-367.304870
4.908000,0.205080,0.884400,6.439450,224.518770,-333.882230,75971.257810,,3.362000,-367.306580
4.910000,0.626770,0.706240,5.301270,224.554120,-333.882450,76265.507810,,3.464540,-367.309170
4.912000,0.819030,0.317870,3.722170,224.590810,-333.883180,75988.125000,1.000000,3.558110,-367.310850
4.914000,0.644710,0.262760,2.440430,224.626830,-333.883480,76092.539060,,3.576050,-367.310520
4.916000,0.320430,0.372990,3.363280,224.661770,-333.883240,75933.281250,,3.483760,-367.308900
4.918000,0.092290,0.776730,5.721680,224.695420,-333.883940,75749.773440,,3.749080,-367.307370
4.920000,0.230710,1.104860,7.239260,224.728650,-333.883670,75788.789060,1.000000,3.524780,-367.307560
4.922000,0.533200,1.268920,8.100590,224.762330,-333.882260,75751.882810,,3.320980,-367.309110
4.924000,0.826720,1.102290,7.146970,224.797620,-333.882140,76064.062500,,3.447880,-367.310880
4.926000,0.920290,0.567810,5.465330,224.834950,-333.882930,76003.945310,,3.554260,-367.311550
4.928000,0.702390,0.331970,3.670900,224.871990,-333.883420,75913.250000,1.000000,3.643980,-367.310490
4.930000,0.362730,0.275570,3.937500,224.908080,-333.883090,75951.210940,,3.485050,-367.308290
4.932000,0.010250,0.503720,5.321780,224.942790,-333.883480,75826.757810,,3.667050,-367.305880
4.934000,-0.111510,0.720340,6.008790,224.976870,-333.883390,75830.984380,,3.523500,-367.304810
4.936000,0.111510,0.811340,6.275390,225.011050,-333.882450,75527.226560,1.000000,3.349180,-367.306030
4.938000,0.531920,0.740840,5.455080,225.045970,-333.882420,76074.617190,,3.485050,-367.308530
4.940000,0.784420,0.371700,3.711910,225.082430,-333.883060,76066.179690,,3.523500,-367.310490
4.942000,0.708800,0.248660,2.799320,225.118550,-333.883510,75924.851560,,3.637570,-367.310700
4.944000,0.390930,0.335820,3.127440,225.153660,-333.883240,76011.328130,1.000000,3.490170,-367.309300
4.946000,0.126890,0.688290,5.444820,225.187420,-333.883730,75461.843750,,3.692690,-367.307680
4.948000,0.175600,1.085630,6.993160,225.220500,-333.883790,75723.406250,,3.631160,-367.307400
4.950000,0.462710,1.268920,7.895510,225.254040,-333.882390,75553.593750,,3.309450,-367.308750
4.952000,0.752380,1.153560,7.341800,225.289000,-333.881930,75843.640630,1.000000,3.446590,-367.310490
4.954000,0.906190,0.624210,5.742190,225.326250,-333.882540,75983.914060,,3.518370,-367.311520
4.956000,0.758790,0.276860,4.245120,225.363720,-333.883360,75984.960940,,3.679870,-367.310850
4.958000,0.439640,0.184570,3.886230,225.400150,-333.883060,75714.960940,,3.515810,-367.308900
4.960000,0.075620,0.370420,5.321780,225.435180,-333.883240,75668.554690,1.000000,3.611940,-367.306490
4.962000,-0.116640,0.652400,5.824220,225.469100,-333.883510,76058.796880,,3.627320,-367.304960
4.964000,0.033330,0.786990,6.008790,225.503050,-333.882540,75756.093750,,3.346620,-367.305730
4.966000,0.439640,0.786990,5.783200,225.537520,-333.882290,76119.960940,,3.476070,-367.308110
4.968000,0.757510,0.461430,4.562990,225.573500,-333.882750,76152.656250,1.000000,3.513240,-367.310360
4.970000,0.767760,0.294800,3.250490,225.609620,-333.883450,76012.390630,,3.636290,-367.311040
4.972000,0.469120,0.360170,2.912110,225.644740,-333.883210,75876.328130,,3.524780,-367.309810
4.974000,0.167910,0.637020,4.952640,225.678820,-333.883390,75941.726560,,3.608090,-367.308110
4.976000,0.120480,1.024110,6.377930,225.712080,-333.883880,75954.382810,1.000000,3.714480,-367.307340
4.978000,0.383240,1.215090,7.464840,225.745650,-333.882600,75726.562500,,3.332520,-367.308410
4.980000,0.679320,1.193300,7.382810,225.780300,-333.881900,76119.960940,,3.392760,-367.310180
4.982000,0.885680,0.737000,6.408690,225.817090,-333.882390,75795.125000,,3.504270,-367.311490
4.984000,0.812620,0.339660,4.870610,225.854710,-333.883330,76141.054690,1.000000,3.658080,-367.311250
4.986000,0.512700,0.202510,3.793950,225.891360,-333.883240,75943.835940,,3.556820,-367.309540
4.988000,0.148680,0.310180,4.788570,225.926730,-333.883120,75764.539060,,3.563230,-367.307130
4.990000,-0.110230,0.630620,5.424320,225.960690,-333.883640,75887.929690,,3.668330,-367.305240
4.992000,-0.025630,0.828000,5.978030,225.994370,-333.882780,75871.062500,1.000000,3.385070,-367.305480
4.994000,0.343510,0.907470,5.875490,226.028500,-333.882230,75892.148440,,3.406860,-367.307620
4.996000,0.716490,0.617800,4.809080,226.064120,-333.882600,75568.359380,,3.501710,-367.310090
4.998000,0.797240,0.317870,3.640140,226.100570,-333.883300,76222.273440,,3.606810,-367.311190
5.000000,0.542180,0.320430,2.173830,226.136170,-333.883270,76265.507810,1.000000,3.537600,-367.310270
5.002000,0.226870,0.481930,4.398930,226.170820,-333.883210,75702.304690,,3.550420,-367.308470
5.004000,0.085880,0.881840,5.854980,226.204380,-333.883940,75786.679690,,3.729860,-367.307340
5.006000,0.323000,1.125370,7.526370,226.237820,-333.883030,75597.890630,,3.403020,-367.308040
5.008000,0.616520,1.184330,7.393070,226.272170,-333.881990,75813.054690,1.000000,3.350460,-367.309780
5.010000,0.876710,0.799800,6.870120,226.308550,-333.882320,75497.695310,,3.492740,-367.311310
5.012000,0.865170,0.314030,5.188480,226.346220,-333.883240,76026.093750,,3.632450,-367.311460
5.014000,0.585750,0.166630,3.701660,226.383060,-333.883360,75989.187500,,3.590150,-367.309940
5.016000,0.228150,0.231990,4.583500,226.418470,-333.883090,75897.429690,1.000000,3.535030,-367.307590
5.018000,-0.076900,0.615230,5.178220,226.452380,-333.883610,75725.507810,,3.687560,-367.305390
5.020000,-0.056400,0.838260,6.152340,226.485820,-333.883060,75622.148440,,3.440190,-367.305110
5.022000,0.256350,0.945920,6.172850,226.519700,-333.882200,76039.804690,,3.379940,-367.306950
5.024000,0.660100,0.710080,5.260250,226.555020,-333.882480,75785.625000,1.000000,3.476070,-367.309450
5.024000,0.660100,0.710080,5.260250,226.555020,-333.882480,75785.625000,1.000000,3.476070,-367.309450
5.026000,0.816470,0.314030,3.701660,226.591640,-333.883180,76172.703130,,3.573490,-367.310940
5.028000,0.615230,0.296080,2.645510,226.627470,-333.883360,76085.164060,,3.554260,-367.310460
5.030000,0.301210,0.411440,3.506840,226.662320,-333.883180,75907.968750,,3.497860,-367.308750
5.032000,0.088440,0.806210,5.670410,226.696000,-333.883910,75779.304690,1.000000,3.743960,-367.307310
5.034000,0.246090,1.081790,7.413570,226.729450,-333.883510,75775.078130,,3.485050,-367.307590
5.036000,0.544740,1.194580,7.700680,226.763470,-333.882170,76053.515630,,3.326110,-367.309170
5.038000,0.836980,0.949770,7.413570,226.799220,-333.882260,75888.992190,,3.456850,-367.310910
5.040000,0.907470,0.438350,5.157710,226.836730,-333.883060,76092.539060,1.000000,3.578610,-367.311520
5.042000,0.672910,0.267880,3.804200,226.873600,-333.883450,75924.851560,,3.624760,-367.310360
5.044000,0.324280,0.239690,3.978520,226.909470,-333.883120,76013.445310,,3.496580,-367.308070
5.046000,-0.023070,0.533200,5.321780,226.943850,-333.883580,75933.281250,,3.682430,-367.305690
5.048000,-0.102540,0.772890,6.060060,226.977630,-333.883360,75827.820310,1.000000,3.501710,-367.304870
5.050000,0.164060,0.892090,6.306150,227.011550,-333.882350,76009.218750,,3.346620,-367.306340
5.052000,0.581910,0.790830,5.465330,227.046450,-333.882390,76019.773440,,3.465820,-367.308840
5.052000,0.581910,0.790830,5.465330,227.046450,-333.882390,76019.773440,,3.465820,-367.308840
5.054000,0.801090,0.379390,3.681150,227.082990,-333.883090,75931.179690,,3.529910,-367.310640
5.056000,0.680600,0.231990,2.583980,227.119280,-333.883510,75894.257810,1.000000,3.617070,-367.310610
5.058000,0.367860,0.276860,3.086430,227.154570,-333.883240,76072.507810,,3.476070,-367.309110
5.060000,0.111510,0.622920,4.686040,227.188480,-333.883820,75803.554690,,3.713200,-367.307460
5.062000,0.178160,1.008730,7.331540,227.221680,-333.883790,75604.226560,,3.587590,-367.307310
5.064000,0.469120,1.216370,8.059570,227.255200,-333.882390,75860.507810,1.000000,3.312010,-367.308720
5.066000,0.772890,1.118960,7.382810,227.290150,-333.882020,75544.109380,,3.450440,-367.310550
5.068000,0.921570,0.585750,5.578130,227.327380,-333.882750,76042.976560,,3.538880,-367.311580
5.070000,0.761350,0.265320,3.988770,227.364730,-333.883420,75605.281250,,3.683720,-367.310820
5.072000,0.422970,0.196110,3.875980,227.401000,-333.883090,75971.257810,1.000000,3.509400,-367.308780
5.074000,0.052550,0.412720,4.952640,227.435820,-333.883360,75874.218750,,3.643980,-367.306300
5.076000,-0.125610,0.722900,6.316410,227.469600,-333.883420,75989.187500,,3.593990,-367.304870
5.078000,0.053830,0.862610,6.142090,227.503450,-333.882420,75783.515630,,3.337650,-367.305790
5.080000,0.478090,0.824160,5.978030,227.538060,-333.882260,75653.796880,1.000000,3.483760,-367.308260
5.082000,0.779300,0.439640,4.163090,227.574360,-333.882810,76208.554690,,3.511960,-367.310490
5.084000,0.758790,0.225590,2.860840,227.610780,-333.883480,75840.476560,,3.640140,-367.310970
5.086000,0.443480,0.265320,2.881350,227.646100,-333.883180,76140.000000,,3.510680,-367.309660
5.088000,0.146120,0.557560,4.880860,227.680180,-333.883510,75758.203130,1.000000,3.633730,-367.307890
5.090000,0.123050,0.979250,7.013670,227.713300,-333.883880,75933.281250,,3.702940,-367.307310
5.092000,0.398620,1.193300,7.690430,227.746780,-333.882540,75636.914060,,3.326110,-367.308470
5.094000,0.703670,1.139470,7.628910,227.781490,-333.881900,75963.867190,,3.415830,-367.310300
5.096000,0.901060,0.657530,6.049800,227.818420,-333.882420,76136.835940,1.000000,3.508120,-367.311610
5.098000,0.813900,0.264040,4.521970,227.856050,-333.883360,75878.437500,,3.670900,-367.311280
5.100000,0.496030,0.138430,3.793950,227.892670,-333.883120,76146.335940,,3.540160,-367.309450
5.102000,0.117920,0.287110,5.024410,227.927920,-333.883150,75953.328130,,3.578610,-367.306980
5.104000,-0.123050,0.585750,5.670410,227.961930,-333.883610,76022.929690,1.000000,3.659360,-367.305150
5.106000,-0.017940,0.776730,5.978030,227.995680,-333.882660,75785.625000,,3.369690,-367.305540
5.108000,0.375550,0.844670,5.854980,228.029830,-333.882260,75882.664060,,3.428650,-367.307830
5.110000,0.739560,0.569090,4.429690,228.065430,-333.882660,76038.750000,,3.511960,-367.310240
5.112000,0.797240,0.310180,3.578610,228.101700,-333.883360,75961.757810,1.000000,3.611940,-367.311220
5.114000,0.519100,0.326840,2.491700,228.137070,-333.883240,75921.679690,,3.541440,-367.310210
5.116000,0.199950,0.503720,4.419430,228.171520,-333.883240,75872.109380,,3.567080,-367.308380
5.118000,0.076900,0.901060,6.275390,228.204930,-333.883940,75899.531250,,3.732420,-367.307310
5.120000,0.321720,1.144590,7.300780,228.238360,-333.882870,75756.093750,1.000000,3.379940,-367.308110
5.122000,0.628050,1.193300,7.382810,228.272710,-333.881900,75643.242190,,3.347900,-367.309910
5.124000,0.876710,0.798520,6.808590,228.309170,-333.882290,75795.125000,,3.496580,-367.311430
5.126000,0.854920,0.321720,5.137210,228.346920,-333.883240,75821.492190,,3.640140,-367.311490
5.128000,0.570370,0.157650,3.773440,228.383850,-333.883300,75981.796880,1.000000,3.579900,-367.309940
5.130000,0.212770,0.198670,4.778320,228.419490,-333.883090,75385.906250,,3.541440,-367.307590
5.132000,-0.084590,0.560120,5.373050,228.453600,-333.883640,75741.328130,,3.682430,-367.305480
5.134000,-0.047420,0.776730,5.957520,228.487200,-333.882970,75928.015630,,3.422240,-367.305270
5.136000,0.279420,0.920290,6.111330,228.521100,-333.882170,75825.710940,1.000000,3.385070,-367.307190
5.138000,0.680600,0.703670,5.075680,228.556320,-333.882510,75776.132810,,3.488890,-367.309660
5.140000,0.807500,0.343510,3.906740,228.592820,-333.883240,75795.125000,,3.587590,-367.311040
5.142000,0.590880,0.317870,2.635250,228.628570,-333.883360,76203.289060,,3.550420,-367.310360
5.144000,0.274290,0.422970,3.547850,228.663410,-333.883180,75829.921880,1.000000,3.514530,-367.308690
5.146000,0.080750,0.795960,6.008790,228.697130,-333.883910,75962.812500,,3.743960,-367.307310
5.148000,0.271730,1.043330,7.075200,228.730620,-333.883360,75787.734380,,3.459410,-367.307740
5.150000,0.565250,1.148440,7.926270,228.764800,-333.882050,76165.312500,,3.327390,-367.309360
5.152000,0.847230,0.869020,7.218750,228.800800,-333.882200,75694.921880,1.000000,3.458130,-367.311040
5.154000,0.894650,0.335820,5.485840,228.838530,-333.883090,75855.242190,,3.596560,-367.311460
5.156000,0.648560,0.140990,3.752930,228.875630,-333.883420,76223.320310,,3.611940,-367.310210
5.158000,0.294800,0.146120,4.009280,228.911500,-333.883090,75846.796880,,3.500430,-367.307920
5.160000,-0.037170,0.472960,5.496090,228.945760,-333.883580,76053.515630,1.000000,3.687560,-367.305600
5.162000,-0.087160,0.738280,5.937010,228.979350,-333.883300,75726.562500,,3.483760,-367.304870
5.164000,0.183290,0.888240,6.521480,229.013050,-333.882320,76250.742190,,3.355590,-367.306460
5.166000,0.598570,0.781860,5.455080,229.047880,-333.882420,75943.835940,,3.465820,-367.308990
5.168000,0.808780,0.388370,4.040040,229.084240,-333.883090,75935.390630,1.000000,3.535030,-367.310760
5.170000,0.670350,0.297360,2.419920,229.120220,-333.883450,76074.617190,,3.595280,-367.310610
5.172000,0.349910,0.369140,3.158200,229.155270,-333.883210,75827.820310,,3.474790,-367.309020
5.174000,0.106380,0.719060,5.362790,229.189070,-333.883820,75799.335940,,3.720890,-367.307460
5.176000,0.206360,1.039490,6.962400,229.222440,-333.883700,75385.906250,1.000000,3.547850,-367.307430
5.178000,0.499880,1.176640,8.110840,229.256300,-333.882320,76027.156250,,3.315860,-367.308900
5.180000,0.794680,1.038210,7.075200,229.291630,-333.882080,75729.726560,,3.445310,-367.310640
5.182000,0.910030,0.515260,5.721680,229.329030,-333.882840,75937.500000,,3.546570,-367.311460
5.184000,0.716490,0.253780,3.670900,229.366270,-333.883450,75923.796880,1.000000,3.667050,-367.310550
5.186000,0.383240,0.199950,3.793950,229.402530,-333.883090,75659.062500,,3.497860,-367.308470
5.188000,0.035890,0.437070,5.034670,229.437270,-333.883450,75830.984380,,3.658080,-367.306060
5.190000,-0.102540,0.721620,5.978030,229.471150,-333.883480,75568.359380,,3.570920,-367.304900
5.192000,0.099980,0.853640,6.603520,229.505050,-333.882450,76039.804690,1.000000,3.336360,-367.306030
5.194000,0.517820,0.816470,5.731930,229.539750,-333.882260,75941.726560,,3.478640,-367.308470
5.196000,0.783140,0.438350,4.142580,229.576080,-333.882870,75905.859380,,3.510680,-367.310520
5.198000,0.720340,0.258910,2.748050,229.612400,-333.883450,76044.031250,,3.632450,-367.310790
5.200000,0.402470,0.296080,2.737790,229.647750,-333.883180,75611.601560,1.000000,3.490170,-367.309390
5.202000,0.128170,0.569090,4.932130,229.681900,-333.883640,75931.179690,,3.654240,-367.307740
5.204000,0.148680,0.954900,6.900880,229.715190,-333.883910,75553.593750,,3.672180,-367.307340
5.206000,0.429380,1.152280,8.059570,229.748780,-333.882540,76045.085940,,3.318420,-367.308650
5.208000,0.735720,1.109990,7.649410,229.783490,-333.881960,75716.015630,1.000000,3.435060,-367.310490
5.208000,0.735720,1.109990,7.649410,229.783490,-333.881960,75716.015630,1.000000,3.435060,-367.310490
5.210000,0.916440,0.638310,6.121580,229.820450,-333.882540,76044.031250,,3.515810,-367.311680
5.212000,0.804930,0.290950,4.050290,229.857890,-333.883390,75922.734380,,3.681150,-367.311220
5.214000,0.484500,0.202510,3.947750,229.894300,-333.883090,75959.656250,,3.527340,-367.309300
5.216000,0.101260,0.365300,4.706540,229.929440,-333.883240,76168.476560,1.000000,3.600400,-367.306760
5.218000,-0.128170,0.669070,5.957520,229.963420,-333.883540,75752.929690,,3.642700,-367.305020
5.220000,-0.006410,0.828000,6.121580,229.997380,-333.882570,76014.500000,,3.351750,-367.305540
5.222000,0.396060,0.845950,5.937010,230.031830,-333.882230,75911.140630,,3.441470,-367.307860
5.224000,0.745970,0.513980,4.542480,230.067900,-333.882660,76111.523440,1.000000,3.508120,-367.310270
5.226000,0.779300,0.244810,3.024900,230.104450,-333.883420,76039.804690,,3.615780,-367.311130
5.228000,0.488340,0.275570,2.686520,230.139950,-333.883240,75986.023440,,3.528630,-367.310000
5.230000,0.171750,0.494750,4.521970,230.174380,-333.883330,76292.937500,,3.583740,-367.308200
5.232000,0.089720,0.910030,6.685550,230.207660,-333.884000,75815.156250,1.000000,3.732420,-367.307310
5.234000,0.352480,1.159970,7.372560,230.241000,-333.882810,75658.007810,,3.363280,-367.308290
5.236000,0.663940,1.171510,7.690430,230.275420,-333.881960,75520.898440,,3.373540,-367.310150
5.238000,0.902340,0.740840,6.459960,230.312030,-333.882390,75856.289060,,3.504270,-367.311610
5.240000,0.860050,0.299930,4.234860,230.349730,-333.883270,76075.671880,1.000000,3.647830,-367.311550
5.242000,0.561400,0.171750,3.988770,230.386470,-333.883240,75788.789060,,3.563230,-367.309880
5.244000,0.192260,0.248660,4.860350,230.422040,-333.883090,75956.492190,,3.551700,-367.307430
5.246000,-0.103820,0.572940,5.629390,230.456270,-333.883640,75770.859380,,3.672180,-367.305300
5.248000,-0.055110,0.758790,5.885740,230.490130,-333.882900,75789.843750,1.000000,3.405580,-367.305210
5.250000,0.283260,0.852360,5.875490,230.524320,-333.882230,75746.601560,,3.399170,-367.307190
5.252000,0.676760,0.619080,4.788570,230.559880,-333.882600,75849.960940,,3.499150,-367.309660
5.254000,0.788270,0.306340,3.404300,230.596330,-333.883300,76077.781250,,3.601680,-367.310940
5.256000,0.558840,0.337100,2.809570,230.631850,-333.883360,75887.929690,1.000000,3.552980,-367.310210
5.258000,0.248660,0.496030,4.091310,230.666380,-333.883240,75994.453130,,3.541440,-367.308560
5.260000,0.083310,0.901060,6.162600,230.699840,-333.883940,75534.617190,,3.740110,-367.307340
5.262000,0.299930,1.140750,7.218750,230.733230,-333.883150,75925.906250,,3.432500,-367.307890
5.264000,0.584470,1.222780,7.413570,230.767430,-333.881930,75565.203130,1.000000,3.332520,-367.309540
5.266000,0.848510,0.892090,7.064940,230.803570,-333.882170,75997.625000,,3.464540,-367.311100
5.268000,0.870300,0.349910,5.229490,230.841430,-333.883090,75916.414060,,3.605530,-367.311400
5.270000,0.617800,0.147400,3.947750,230.878680,-333.883360,76307.703130,,3.601680,-367.310060
5.272000,0.280700,0.115360,4.378420,230.914750,-333.883090,75854.187500,1.000000,3.501710,-367.307830
5.274000,-0.032040,0.434510,5.485840,230.949220,-333.883580,75866.843750,,3.687560,-367.305630
5.276000,-0.057680,0.667790,5.885740,230.983000,-333.883210,76061.953130,,3.458130,-367.305080
5.278000,0.224300,0.853640,6.019040,231.016770,-333.882290,75776.132810,,3.376100,-367.306700
5.280000,0.616520,0.758790,5.321780,231.051610,-333.882510,76214.882810,1.000000,3.473510,-367.309170
5.282000,0.793400,0.385800,3.886230,231.087920,-333.883210,76012.390630,,3.563230,-367.310760
5.284000,0.628050,0.323000,2.563480,231.123750,-333.883450,76153.710940,,3.583740,-367.310420
5.286000,0.321720,0.416560,3.465820,231.158650,-333.883210,75875.273440,,3.485050,-367.308840
5.288000,0.099980,0.795960,5.496090,231.192350,-333.883850,75845.742190,1.000000,3.737550,-367.307400
5.290000,0.238400,1.086910,7.177730,231.225770,-333.883510,75834.140630,,3.505550,-367.307590
5.292000,0.529360,1.190730,7.710940,231.259860,-333.882170,75735.007810,,3.312010,-367.309080
5.294000,0.811340,0.958740,7.208500,231.295590,-333.882080,75923.796880,,3.442750,-367.310760
5.296000,0.894650,0.378110,5.660160,231.333420,-333.882930,75601.054690,1.000000,3.547850,-367.311430
5.298000,0.684450,0.111510,3.845210,231.370900,-333.883480,76146.335940,,3.649110,-367.310360
5.300000,0.348630,0.071780,3.824710,231.407120,-333.883120,75937.500000,,3.485050,-367.308230
5.302000,0.006410,0.387080,5.096190,231.441570,-333.883510,75731.835940,,3.670900,-367.305880
5.304000,-0.103820,0.722900,6.152340,231.475130,-333.883450,75775.078130,1.000000,3.538880,-367.304870
5.306000,0.130740,0.888240,6.490720,231.508740,-333.882450,75643.242190,,3.345340,-367.306180
5.308000,0.556270,0.843380,5.721680,231.543350,-333.882350,75992.343750,,3.476070,-367.308690
5.310000,0.804930,0.442200,4.060550,231.579730,-333.882970,75704.421880,,3.519650,-367.310700
5.312000,0.712650,0.310180,2.778810,231.615880,-333.883450,76150.546880,1.000000,3.626040,-367.310760
5.314000,0.389650,0.379390,2.614750,231.651050,-333.883150,75891.093750,,3.472230,-367.309300
5.316000,0.125610,0.701110,5.106450,231.685040,-333.883700,75556.757810,,3.683720,-367.307680
5.318000,0.167910,1.044620,6.921390,231.718480,-333.883850,75639.031250,,3.627320,-367.307370
5.320000,0.455020,1.170230,8.151860,231.752380,-333.882480,75519.851560,1.000000,3.313290,-367.308690
5.322000,0.744690,1.057430,7.608400,231.787550,-333.881990,76076.718750,,3.449160,-367.310420
5.324000,0.893370,0.549870,5.967770,231.824840,-333.882660,75845.742190,,3.524780,-367.311460
5.326000,0.744690,0.233280,3.968260,231.862240,-333.883420,76067.226560,,3.682430,-367.310820
5.328000,0.426820,0.178160,3.701660,231.898530,-333.883090,75991.289060,1.000000,3.513240,-367.308870
5.330000,0.071780,0.389650,5.116700,231.933400,-333.883300,76030.320310,,3.626040,-367.306490
5.332000,-0.110230,0.704960,5.926760,231.967190,-333.883510,75660.125000,,3.627320,-367.305080
5.334000,0.051270,0.860050,6.531740,232.001070,-333.882540,75799.335940,,3.342770,-367.305910
5.336000,0.451170,0.876710,5.813960,232.035510,-333.882200,76219.109380,1.000000,3.454280,-367.308260
5.338000,0.752380,0.524230,4.429690,232.071670,-333.882720,76030.320310,,3.502990,-367.310460
5.340000,0.751100,0.267880,2.963380,232.108310,-333.883450,76245.468750,,3.624760,-367.311040
5.342000,0.462710,0.269170,2.563480,232.143910,-333.883240,76012.390630,,3.510680,-367.309840
5.344000,0.164060,0.487060,4.757810,232.178410,-333.883450,75900.593750,1.000000,3.602970,-367.308140
5.346000,0.117920,0.917720,6.880370,232.211700,-333.884030,75656.953130,,3.728580,-367.307370
5.348000,0.384520,1.189450,7.782710,232.245000,-333.882750,75643.242190,,3.346620,-367.308440
5.350000,0.680600,1.220210,7.567380,232.279330,-333.881990,75847.851560,,3.399170,-367.310240
5.352000,0.895940,0.775450,6.234380,232.315900,-333.882420,76054.570310,1.000000,3.508120,-367.311610
5.354000,0.829280,0.329410,4.419430,232.353500,-333.883360,75916.414060,,3.660640,-367.311370
5.356000,0.524230,0.187130,3.640140,232.390150,-333.883210,75810.937500,,3.549130,-367.309600
5.358000,0.146120,0.305050,4.798830,232.425520,-333.883120,76016.609380,,3.565800,-367.307100
5.360000,-0.124330,0.639590,5.670410,232.459550,-333.883610,75762.421880,1.000000,3.655520,-367.305150
5.362000,-0.044860,0.819030,6.039550,232.493420,-333.882780,75697.039060,,3.378660,-367.305300
5.364000,0.326840,0.875430,5.896000,232.527770,-333.882260,75765.593750,,3.406860,-367.307460
5.366000,0.715210,0.588320,4.593750,232.563600,-333.882660,75917.460940,,3.504270,-367.309970
5.368000,0.806210,0.256350,3.168460,232.600330,-333.883360,75983.914060,1.000000,3.606810,-367.311130
5.368000,0.806210,0.256350,3.168460,232.600330,-333.883360,75983.914060,1.000000,3.606810,-367.311130
5.370000,0.552430,0.266600,2.583980,232.636030,-333.883360,75769.812500,,3.542720,-367.310270
5.372000,0.230710,0.471680,4.439940,232.670530,-333.883240,75979.687500,,3.558110,-367.308470
5.374000,0.075620,0.919010,6.172850,232.703780,-333.884000,75637.976560,,3.740110,-367.307280
5.376000,0.306340,1.186890,7.751950,232.736970,-333.883060,75748.718750,1.000000,3.411990,-367.307920
5.378000,0.602420,1.262510,7.270020,232.771070,-333.881960,75585.234380,,3.346620,-367.309660
5.380000,0.871580,0.890810,6.900880,232.807280,-333.882260,75612.656250,,3.482480,-367.311220
5.382000,0.876710,0.376830,4.901370,232.844970,-333.883120,76198.007810,,3.619630,-367.311460
5.384000,0.607540,0.205080,3.845210,232.881940,-333.883300,75859.453130,1.000000,3.583740,-367.310030
5.386000,0.251220,0.202510,4.686040,232.917800,-333.883060,76034.531250,,3.517090,-367.307710
5.388000,-0.071780,0.525510,5.608890,232.952180,-333.883580,75897.429690,,3.683720,-367.305450
5.390000,-0.074340,0.728030,5.988280,232.986020,-333.883090,76069.335940,,3.441470,-367.304960
5.392000,0.225590,0.877990,5.865230,233.020020,-333.882260,75817.265630,1.000000,3.387630,-367.306730
5.394000,0.642150,0.719060,5.126950,233.055250,-333.882540,75877.382810,,3.479920,-367.309330
5.396000,0.815190,0.372990,3.681150,233.091670,-333.883240,76312.976560,,3.581180,-367.310910
5.398000,0.624210,0.355040,2.707030,233.127400,-333.883480,75865.789060,,3.568360,-367.310490
5.400000,0.298650,0.466550,3.691410,233.162160,-333.883240,76105.203130,1.000000,3.505550,-367.308810
5.402000,0.085880,0.884400,5.926760,233.195650,-333.883910,75799.335940,,3.749080,-367.307340
5.404000,0.249940,1.188170,7.249510,233.228880,-333.883450,75921.679690,,3.483760,-367.307650
5.406000,0.540890,1.324040,7.526370,233.262730,-333.882080,75779.304690,,3.317140,-367.309200
5.408000,0.820310,1.070250,7.157230,233.298450,-333.882110,75812.000000,1.000000,3.440190,-367.310910
5.410000,0.895940,0.490910,5.280760,233.336200,-333.882930,76113.632810,,3.563230,-367.311460
5.412000,0.675480,0.208920,3.978520,233.373670,-333.883450,76013.445310,,3.629880,-367.310360
5.414000,0.339660,0.123050,3.947750,233.410050,-333.883090,75832.031250,,3.483760,-367.308200
5.416000,0.000000,0.407590,5.260250,233.444700,-333.883540,75716.015630,1.000000,3.677310,-367.305850
5.418000,-0.097410,0.693420,6.070310,233.478420,-333.883390,75989.187500,,3.508120,-367.304900
5.420000,0.143550,0.874150,6.101070,233.512130,-333.882420,75913.250000,,3.354310,-367.306270
5.422000,0.570370,0.813900,5.434570,233.546800,-333.882420,75812.000000,,3.476070,-367.308810
5.424000,0.812620,0.435790,4.081050,233.583070,-333.883090,76136.835940,1.000000,3.532470,-367.310760
5.426000,0.706240,0.344790,2.778810,233.619000,-333.883480,75836.257810,,3.619630,-367.310790
5.428000,0.380680,0.422970,2.973630,233.654020,-333.883180,75846.796880,,3.477360,-367.309270
5.430000,0.105100,0.760070,5.034670,233.687880,-333.883760,75786.679690,,3.705510,-367.307530
5.432000,0.160220,1.095890,6.962400,233.721250,-333.883730,75770.859380,1.000000,3.581180,-367.307280
5.434000,0.463990,1.234310,7.649410,233.755100,-333.882320,75857.343750,,3.306880,-367.308690
5.436000,0.769040,1.085630,7.577640,233.790410,-333.881990,75963.867190,,3.441470,-367.310520
5.438000,0.911320,0.543460,5.916500,233.827900,-333.882690,75863.671880,,3.527340,-367.311520
5.440000,0.745970,0.228150,4.378420,233.865400,-333.883450,75624.257810,1.000000,3.685000,-367.310790
5.442000,0.416560,0.149960,3.670900,233.901750,-333.883090,76182.195310,,3.506840,-367.308780
5.444000,0.056400,0.362730,4.921880,233.936600,-333.883390,75755.046880,,3.645260,-367.306340
5.446000,-0.108950,0.681880,6.019040,233.970310,-333.883510,75943.835940,,3.608090,-367.304960
5.448000,0.071780,0.871580,6.490720,234.003880,-333.882480,75949.101560,1.000000,3.345340,-367.305940
5.450000,0.488340,0.907470,6.070310,234.038100,-333.882200,76229.648440,,3.468380,-367.308320
5.452000,0.781860,0.560120,4.378420,234.074130,-333.882720,75866.843750,,3.502990,-367.310490
5.454000,0.753660,0.375550,3.086430,234.110380,-333.883420,76055.632810,,3.632450,-367.310910
5.456000,0.434510,0.403750,2.471190,234.145750,-333.883120,76282.390630,1.000000,3.494020,-367.309570
5.458000,0.138430,0.647280,4.491210,234.180100,-333.883510,75617.937500,,3.623470,-367.307800
5.460000,0.111510,1.017700,6.900880,234.213580,-333.883940,75977.585940,,3.706790,-367.307190
5.462000,0.394780,1.215090,7.885250,234.247270,-333.882660,75692.820310,,3.336360,-367.308410
5.464000,0.710080,1.185610,7.813480,234.282000,-333.881990,76249.695310,1.000000,3.419680,-367.310300
5.466000,0.917720,0.726750,6.254880,234.318880,-333.882510,75890.039060,,3.511960,-367.311650
5.468000,0.831850,0.349910,4.460450,234.356370,-333.883390,75970.203130,,3.674740,-367.311340
5.470000,0.510130,0.234560,3.353030,234.392850,-333.883180,76015.546880,,3.545290,-367.309510
5.472000,0.125610,0.365300,4.737300,234.428050,-333.883180,75849.960940,1.000000,3.588870,-367.306950
5.474000,-0.124330,0.661380,5.906250,234.462020,-333.883580,75856.289060,,3.651670,-367.305110
5.476000,-0.016660,0.828000,6.203610,234.495880,-333.882630,75586.289060,,3.360720,-367.305450
5.478000,0.369140,0.858760,6.131840,234.530200,-333.882170,75988.125000,,3.411990,-367.307710
5.480000,0.728030,0.548580,4.368160,234.566130,-333.882600,75948.046880,1.000000,3.499150,-367.310090
5.482000,0.776730,0.252500,3.229980,234.602770,-333.883360,75932.226560,,3.610660,-367.311040
5.484000,0.512700,0.261470,2.542970,234.638400,-333.883330,76152.656250,,3.537600,-367.310060
5.486000,0.207640,0.460140,4.306640,234.672930,-333.883300,75705.476560,,3.565800,-367.308320
5.488000,0.089720,0.893370,6.665040,234.706220,-333.884060,75784.578130,1.000000,3.747800,-367.307310
5.490000,0.329410,1.174070,7.505860,234.739400,-333.882970,75228.750000,,3.397890,-367.308110
5.492000,0.626770,1.266360,7.700680,234.773420,-333.881960,75778.250000,,3.351750,-367.309840
5.494000,0.876710,0.916440,6.336910,234.809490,-333.882290,75911.140630,,3.492740,-367.311340
5.496000,0.852360,0.465270,4.983400,234.846880,-333.883210,76054.570310,1.000000,3.638850,-367.311460
5.498000,0.572940,0.311460,3.752930,234.883580,-333.883300,75822.546880,,3.585020,-367.309880
5.500000,0.217900,0.335820,4.952640,234.919200,-333.883090,75462.890630,,3.538880,-367.307530
5.502000,-0.073060,0.639590,5.670410,234.953510,-333.883540,75988.125000,,3.672180,-367.305480
5.504000,-0.035890,0.794680,6.039550,234.987470,-333.882930,75669.609380,1.000000,3.418400,-367.305270
5.506000,0.283260,0.883120,5.988280,235.021770,-333.882200,76007.109380,,3.388920,-367.307130
5.508000,0.665220,0.658810,4.727050,235.057340,-333.882540,75970.203130,,3.486330,-367.309540
5.510000,0.784420,0.305050,3.711910,235.094020,-333.883270,76184.296880,,3.593990,-367.310820
5.512000,0.570370,0.271730,2.573730,235.129930,-333.883450,75910.085940,1.000000,3.563230,-367.310210
5.514000,0.264040,0.398620,4.122070,235.164720,-333.883240,75963.867190,,3.520940,-367.308530
5.516000,0.085880,0.834410,5.947270,235.198180,-333.883910,75905.859380,,3.746520,-367.307280
5.518000,0.281980,1.156130,7.444340,235.231250,-333.883300,75687.539060,,3.456850,-367.307740
5.520000,0.569090,1.302250,7.454590,235.265030,-333.881990,76034.531250,1.000000,3.320980,-367.309390
5.522000,0.842100,1.015140,7.003420,235.300780,-333.882110,75673.828130,,3.447880,-367.311040
5.524000,0.890810,0.489620,5.280760,235.338270,-333.883030,76176.921880,,3.586300,-367.311460
5.526000,0.646000,0.274290,3.927250,235.375400,-333.883420,75859.453130,,3.615780,-367.310180
5.528000,0.296080,0.228150,4.347660,235.411450,-333.883090,75838.359380,1.000000,3.485050,-367.307890
5.528000,0.296080,0.228150,4.347660,235.411450,-333.883090,75838.359380,1.000000,3.485050,-367.307890
5.530000,-0.039730,0.519100,5.311520,235.445950,-333.883580,75925.906250,,3.679870,-367.305570
5.532000,-0.085880,0.742130,6.080570,235.479800,-333.883330,75892.148440,,3.478640,-367.304900
5.534000,0.190980,0.872860,5.793460,235.513750,-333.882390,75891.093750,,3.362000,-367.306490
5.536000,0.604980,0.761350,5.250000,235.548750,-333.882510,75793.015630,1.000000,3.474790,-367.309020
5.538000,0.808780,0.392210,4.009280,235.585140,-333.883180,76174.812500,,3.545290,-367.310760
5.540000,0.658810,0.334530,2.666020,235.620970,-333.883510,75997.625000,,3.601680,-367.310550
5.542000,0.334530,0.434510,3.281250,235.655870,-333.883210,75827.820310,,3.478640,-367.308960
5.544000,0.093570,0.821590,5.321780,235.689500,-333.883790,75938.562500,1.000000,3.717040,-367.307370
5.546000,0.194820,1.161250,7.075200,235.722730,-333.883640,75666.453130,,3.542720,-367.307400
5.548000,0.490910,1.304810,7.485350,235.756470,-333.882260,75752.929690,,3.305600,-367.308900
5.550000,0.797240,1.126650,7.239260,235.791870,-333.882020,75420.703130,,3.440190,-367.310700
5.552000,0.919010,0.578060,5.680660,235.829420,-333.882810,75929.070310,1.000000,3.538880,-367.311580
5.554000,0.729310,0.305050,4.101560,235.866780,-333.883480,75921.679690,,3.668330,-367.310670
5.556000,0.396060,0.221740,4.019530,235.903120,-333.883090,75827.820310,,3.499150,-367.308590
5.558000,0.039730,0.463990,4.911620,235.937900,-333.883480,75689.656250,,3.655520,-367.306180
5.560000,-0.107670,0.765200,6.142090,235.971650,-333.883510,75665.398440,1.000000,3.577330,-367.304930
5.562000,0.096130,0.917720,6.183110,236.005430,-333.882450,76046.132810,,3.337650,-367.306000
5.564000,0.517820,0.880550,5.813960,236.040020,-333.882260,75711.804690,,3.470950,-367.308440
5.566000,0.789550,0.480650,4.378420,236.076350,-333.882810,76130.515630,,3.509400,-367.310520
5.568000,0.737000,0.296080,3.137700,236.112670,-333.883480,76183.242190,1.000000,3.636290,-367.310850
5.570000,0.416560,0.329410,2.686520,236.148060,-333.883150,75874.218750,,3.485050,-367.309450
5.572000,0.130740,0.597290,4.614260,236.182300,-333.883610,75779.304690,,3.647830,-367.307740
5.574000,0.134580,0.971560,6.993160,236.215670,-333.883850,75876.328130,,3.668330,-367.307250
5.576000,0.419130,1.166380,7.557130,236.249300,-333.882510,76088.328130,1.000000,3.309450,-367.308500
5.578000,0.720340,1.095890,7.700680,236.284150,-333.881960,75669.609380,,3.429930,-367.310330
5.580000,0.894650,0.596010,6.306150,236.321240,-333.882540,76185.351560,,3.510680,-367.311490
5.582000,0.780580,0.237120,4.347660,236.358720,-333.883450,75875.273440,,3.685000,-367.311040
5.584000,0.471680,0.164060,3.732420,236.395000,-333.883180,76097.812500,1.000000,3.531190,-367.309200
5.586000,0.107670,0.369140,4.716800,236.429820,-333.883240,75880.554690,,3.602970,-367.306790
5.588000,-0.101260,0.734440,5.824220,236.463350,-333.883540,75797.234380,,3.643980,-367.305180
5.590000,0.023070,0.929260,6.070310,236.496860,-333.882540,76027.156250,,3.344060,-367.305730
5.592000,0.411440,0.942080,6.070310,236.531080,-333.882170,76027.156250,1.000000,3.433780,-367.307980
5.594000,0.738280,0.569090,4.521970,236.567090,-333.882630,75972.312500,,3.496580,-367.310240
5.596000,0.762630,0.284550,3.147950,236.603700,-333.883420,75902.695310,,3.613220,-367.311000
5.598000,0.483220,0.301210,2.471190,236.639300,-333.883240,76074.617190,,3.517090,-367.309910
5.600000,0.180730,0.517820,4.091310,236.673800,-333.883360,75856.289060,1.000000,3.574770,-367.308140
5.602000,0.097410,0.922850,6.572750,236.707230,-333.884060,75686.484380,,3.734990,-367.307280
5.604000,0.355040,1.163820,7.680180,236.740710,-333.882870,75838.359380,,3.365840,-367.308260
5.606000,0.654970,1.198430,7.864750,236.775130,-333.882020,75671.718750,,3.377380,-367.310030
5.608000,0.883120,0.786990,6.377930,236.811650,-333.882450,75905.859380,1.000000,3.509400,-367.311460
5.610000,0.831850,0.356320,4.819340,236.849240,-333.883360,75775.078130,,3.650390,-367.311340
5.612000,0.543460,0.223020,3.650390,236.885890,-333.883300,75986.023440,,3.570920,-367.309720
5.614000,0.183290,0.311460,4.409180,236.921220,-333.883120,75834.140630,,3.555540,-367.307340
5.616000,-0.089720,0.652400,5.916500,236.955230,-333.883640,75911.140630,1.000000,3.670900,-367.305360
5.618000,-0.024350,0.835690,6.265140,236.988920,-333.882810,75767.703130,,3.396610,-367.305390
5.620000,0.320430,0.921570,6.408690,237.023060,-333.882140,75655.898440,,3.382510,-367.307400
5.622000,0.707520,0.649840,4.624510,237.058670,-333.882540,76068.281250,,3.486330,-367.309840
5.624000,0.797240,0.276860,3.394040,237.095430,-333.883300,75808.835940,1.000000,3.597840,-367.311000
5.626000,0.553710,0.221740,2.522460,237.131390,-333.883420,76133.679690,,3.552980,-367.310180
5.628000,0.240970,0.352480,4.019530,237.166230,-333.883240,75883.718750,,3.531190,-367.308410
5.630000,0.076900,0.794680,6.336910,237.199680,-333.884030,75975.468750,,3.752930,-367.307190
5.632000,0.293520,1.113830,7.516110,237.232800,-333.883270,75655.898440,1.000000,3.444030,-367.307770
5.634000,0.590880,1.259950,8.018550,237.266680,-333.882020,75771.914060,,3.338930,-367.309480
5.636000,0.870300,0.948490,6.541990,237.302580,-333.882200,76032.429690,,3.468380,-367.311160
5.638000,0.893370,0.411440,5.198730,237.340190,-333.883090,75960.703130,,3.613220,-367.311460
5.640000,0.630620,0.208920,3.711910,237.377240,-333.883390,76201.171880,1.000000,3.606810,-367.310090
5.642000,0.271730,0.211490,4.429690,237.413060,-333.883090,75862.617190,,3.506840,-367.307740
5.644000,-0.053830,0.566530,5.731930,237.447250,-333.883540,76145.281250,,3.683720,-367.305450
5.646000,-0.075620,0.803650,6.070310,237.480930,-333.883180,75844.687500,,3.459410,-367.304870
5.648000,0.216610,0.922850,6.080570,237.514880,-333.882260,75834.140630,1.000000,3.370970,-367.306580
5.650000,0.630620,0.735720,4.932130,237.550050,-333.882480,76032.429690,,3.472230,-367.309110
5.652000,0.817750,0.328130,3.732420,237.586700,-333.883210,75917.460940,,3.564510,-367.310760
5.654000,0.647280,0.248660,2.676270,237.622700,-333.883510,76019.773440,,3.590150,-367.310460
5.656000,0.323000,0.342220,3.588870,237.657700,-333.883240,75851.023440,1.000000,3.491460,-367.308810
5.658000,0.089720,0.735720,5.762700,237.691380,-333.883910,75956.492190,,3.746520,-367.307280
5.660000,0.216610,1.075380,7.075200,237.724580,-333.883580,75769.812500,,3.519650,-367.307370
5.662000,0.519100,1.230470,7.577640,237.758330,-333.882170,75699.140630,,3.313290,-367.308960
5.664000,0.820310,1.025390,7.085450,237.793790,-333.882020,75749.773440,1.000000,3.437620,-367.310760
5.666000,0.924130,0.470400,5.588380,237.831380,-333.882870,75746.601560,,3.552980,-367.311490
5.668000,0.713930,0.216610,4.081050,237.868670,-333.883450,76049.296880,,3.655520,-367.310490
5.670000,0.366580,0.149960,4.122070,237.904950,-333.883090,75405.937500,,3.485050,-367.308290
5.672000,0.011540,0.408870,5.280760,237.939610,-333.883510,75918.515630,1.000000,3.673460,-367.305850
5.674000,-0.114070,0.685730,5.803710,237.973400,-333.883420,75929.070310,,3.537600,-367.304750
5.676000,0.115360,0.863890,6.265140,238.007100,-333.882420,75728.671880,,3.347900,-367.306000
5.678000,0.539610,0.835690,5.578130,238.041660,-333.882320,75826.757810,,3.479920,-367.308530
5.680000,0.797240,0.444760,4.255370,238.077900,-333.882970,75104.304690,1.000000,3.524780,-367.310520
5.682000,0.713930,0.298650,3.188960,238.114000,-333.883510,76226.484380,,3.638850,-367.310700
5.684000,0.390930,0.328130,2.891600,238.149230,-333.883180,75803.554690,,3.485050,-367.309270
5.686000,0.116640,0.637020,4.973140,238.183200,-333.883670,75840.476560,,3.682430,-367.307590
5.688000,0.155090,1.027950,6.890630,238.216400,-333.883790,75851.023440,1.000000,3.629880,-367.307280
5.688000,0.155090,1.027950,6.890630,238.216400,-333.883790,75851.023440,1.000000,3.629880,-367.307280
5.690000,0.446040,1.226620,7.926270,238.249920,-333.882390,76053.515630,,3.308170,-367.308620
5.692000,0.745970,1.143310,7.413570,238.284850,-333.881900,75683.320310,,3.444030,-367.310460
5.694000,0.916440,0.611390,6.367680,238.322140,-333.882570,75708.640630,,3.518370,-367.311580
5.696000,0.784420,0.253780,4.275880,238.359760,-333.883420,76306.648440,1.000000,3.690120,-367.311000
5.698000,0.457580,0.153810,3.722170,238.396270,-333.883090,75882.664060,,3.524780,-367.309050
5.700000,0.078190,0.355040,4.850100,238.431240,-333.883270,75962.812500,,3.617070,-367.306550
5.702000,-0.128170,0.710080,5.772950,238.464950,-333.883510,75813.054690,,3.633730,-367.304960
5.704000,0.020510,0.893370,6.336910,238.498630,-333.882510,76180.078130,1.000000,3.349180,-367.305660
5.706000,0.430660,0.929260,5.998540,238.532850,-333.882170,76006.054690,,3.456850,-367.308070
5.708000,0.761350,0.565250,4.604000,238.568890,-333.882690,75933.281250,,3.506840,-367.310390
5.710000,0.767760,0.306340,3.158200,238.605350,-333.883450,76246.531250,,3.631160,-367.311070
5.712000,0.461430,0.321720,2.625000,238.640820,-333.883180,75941.726560,1.000000,3.511960,-367.309810
5.714000,0.153810,0.539610,4.183590,238.675230,-333.883360,75689.656250,,3.597840,-367.308070
5.716000,0.101260,0.925420,6.603520,238.708650,-333.883910,75732.890630,,3.714480,-367.307310
5.718000,0.371700,1.139470,7.536620,238.742200,-333.882690,75805.664060,,3.340210,-367.308410
5.720000,0.675480,1.129210,7.721190,238.776820,-333.881960,75873.171880,1.000000,3.395320,-367.310210
5.722000,0.888240,0.678040,6.470210,238.813670,-333.882450,75906.914060,,3.509400,-367.311550
5.724000,0.824160,0.258910,4.788570,238.851380,-333.883390,75872.109380,,3.664490,-367.311370
5.726000,0.531920,0.129460,3.527340,238.888030,-333.883240,75883.718750,,3.559390,-367.309690
5.728000,0.171750,0.255070,4.542480,238.923320,-333.883150,75743.437500,1.000000,3.568360,-367.307280
5.730000,-0.102540,0.616520,5.670410,238.957120,-333.883640,75500.867190,,3.667050,-367.305300
5.732000,-0.034610,0.857480,6.172850,238.990600,-333.882750,75818.320310,,3.383790,-367.305390
5.734000,0.323000,0.943360,6.070310,239.024550,-333.882140,75830.984380,,3.392760,-367.307460
5.736000,0.701110,0.676760,4.891110,239.060070,-333.882540,76016.609380,1.000000,3.496580,-367.309880
5.738000,0.785710,0.366580,3.240230,239.096560,-333.883330,75954.382810,,3.605530,-367.311040
5.740000,0.535770,0.348630,2.563480,239.132250,-333.883330,75755.046880,,3.544010,-367.310150
5.742000,0.216610,0.479370,3.978520,239.167010,-333.883210,75814.101560,,3.544010,-367.308380
5.744000,0.070500,0.857480,6.183110,239.200650,-333.883970,75472.390630,1.000000,3.741390,-367.307220
5.746000,0.305050,1.102290,7.700680,239.234130,-333.883090,75906.914060,,3.415830,-367.307950
5.748000,0.608830,1.185610,7.772460,239.268400,-333.881990,75785.625000,,3.346620,-367.309690
5.750000,0.877990,0.843380,6.859860,239.304630,-333.882260,76006.054690,,3.491460,-367.311310
5.752000,0.877990,0.369140,4.932130,239.342250,-333.883210,75967.031250,1.000000,3.629880,-367.311490
5.754000,0.607540,0.211490,3.855470,239.379150,-333.883360,75952.265630,,3.597840,-367.310030
5.756000,0.255070,0.244810,4.316890,239.414780,-333.883090,76237.039060,,3.527340,-367.307710
5.758000,-0.057680,0.613950,5.547360,239.448850,-333.883580,75770.859380,,3.687560,-367.305480
5.760000,-0.055110,0.847230,6.326660,239.482450,-333.883030,76152.656250,1.000000,3.440190,-367.305050
5.762000,0.240970,0.993350,6.224120,239.516370,-333.882170,75791.960940,,3.374820,-367.306760
5.764000,0.640870,0.780580,5.003910,239.551680,-333.882420,76071.453130,,3.469670,-367.309270
5.766000,0.797240,0.390930,3.394040,239.588390,-333.883210,76023.984380,,3.572200,-367.310760
5.768000,0.604980,0.320430,2.553220,239.624480,-333.883450,75949.101560,1.000000,3.568360,-367.310270
5.770000,0.289670,0.387080,3.599120,239.659610,-333.883240,76452.195310,,3.494020,-367.308620
5.772000,0.078190,0.763920,5.896000,239.693450,-333.883940,75648.523440,,3.752930,-367.307190
5.774000,0.239690,1.048460,7.464840,239.726900,-333.883510,75735.007810,,3.495300,-367.307500
5.776000,0.543460,1.193300,7.659670,239.760850,-333.882140,75491.375000,1.000000,3.323550,-367.309140
5.778000,0.842100,0.975400,7.198240,239.796480,-333.882140,75967.031250,,3.447880,-367.310910
5.780000,0.919010,0.449890,4.973140,239.833970,-333.883000,75944.882810,,3.574770,-367.311580
5.782000,0.692140,0.238400,3.927250,239.871020,-333.883510,75854.187500,,3.638850,-367.310390
5.784000,0.337100,0.205080,4.111820,239.907100,-333.883120,76013.445310,1.000000,3.491460,-367.308140
5.786000,-0.012820,0.480650,5.526860,239.941620,-333.883510,75805.664060,,3.674740,-367.305730
5.788000,-0.102540,0.737000,6.090820,239.975480,-333.883330,75883.718750,,3.502990,-367.304810
5.790000,0.144840,0.885680,6.152340,240.009320,-333.882350,75506.132810,,3.347900,-367.306210
5.792000,0.567810,0.822880,5.342290,240.044130,-333.882390,75909.031250,1.000000,3.470950,-367.308690
5.794000,0.794680,0.414000,3.609380,240.080630,-333.883090,76021.875000,,3.532470,-367.310580
5.796000,0.680600,0.293520,3.117190,240.116740,-333.883510,75883.718750,,3.629880,-367.310580
5.798000,0.357600,0.364010,3.096680,240.151930,-333.883240,75941.726560,,3.482480,-367.309080
5.800000,0.107670,0.697270,5.526860,240.185820,-333.883790,75471.335940,1.000000,3.709350,-367.307500
5.802000,0.184570,1.062560,6.931640,240.219070,-333.883790,75879.492190,,3.597840,-367.307400
5.804000,0.474240,1.221500,7.833980,240.252780,-333.882350,75718.125000,,3.310730,-367.308840
5.806000,0.776730,1.074100,7.270020,240.287980,-333.881930,75743.437500,,3.442750,-367.310640
5.808000,0.921570,0.522950,5.762700,240.325450,-333.882660,76013.445310,1.000000,3.528630,-367.311610
5.810000,0.757510,0.203800,4.368160,240.362980,-333.883390,76308.750000,,3.683720,-367.310850
5.812000,0.426820,0.130740,3.916990,240.399400,-333.883060,75847.851560,,3.508120,-367.308840
5.814000,0.061520,0.340940,5.321780,240.434370,-333.883330,75901.648440,,3.633730,-367.306340
5.816000,-0.120480,0.647280,5.660160,240.468230,-333.883420,76038.750000,1.000000,3.602970,-367.304930
5.818000,0.052550,0.817750,6.152340,240.502030,-333.882480,75859.453130,,3.346620,-367.305790
5.820000,0.467830,0.843380,5.660160,240.536410,-333.882260,76095.703130,,3.482480,-367.308200
5.822000,0.767760,0.511410,4.604000,240.572400,-333.882780,75962.812500,,3.510680,-367.310390
5.824000,0.747250,0.334530,3.178710,240.608600,-333.883480,76254.960940,1.000000,3.643980,-367.310910
5.826000,0.443480,0.401180,2.748050,240.643720,-333.883210,75980.742190,,3.514530,-367.309660
5.828000,0.152530,0.688290,4.706540,240.677780,-333.883480,75874.218750,,3.626040,-367.307920
5.830000,0.124330,1.068970,6.511230,240.711030,-333.883850,75809.890630,,3.702940,-367.307310
5.832000,0.397340,1.257390,7.680180,240.744570,-333.882540,75700.195310,1.000000,3.326110,-367.308470
5.832000,0.397340,1.257390,7.680180,240.744570,-333.882540,75700.195310,1.000000,3.326110,-367.308470
5.834000,0.695980,1.200990,7.444340,240.779400,-333.881840,75922.734380,,3.405580,-367.310240
5.836000,0.889530,0.693420,6.654790,240.816530,-333.882390,75635.867190,,3.497860,-367.311520
5.838000,0.808780,0.279420,4.614260,240.854400,-333.883360,76175.867190,,3.673460,-367.311220
5.840000,0.506290,0.132020,3.517090,240.891250,-333.883210,75989.187500,1.000000,3.542720,-367.309450
5.842000,0.128170,0.264040,4.583500,240.926700,-333.883150,75764.539060,,3.573490,-367.306980
5.844000,-0.128170,0.599850,5.783200,240.960720,-333.883580,75743.437500,,3.655520,-367.305110
5.846000,-0.026920,0.815190,6.162600,240.994430,-333.882690,75770.859380,,3.374820,-367.305420
5.848000,0.353760,0.920290,5.967770,241.028500,-333.882230,75868.945310,1.000000,3.422240,-367.307680
5.850000,0.721620,0.640870,4.901370,241.064120,-333.882630,75660.125000,,3.506840,-367.310090
5.852000,0.790830,0.370420,3.342770,241.100520,-333.883390,76229.648440,,3.615780,-367.311160
5.854000,0.531920,0.361450,2.163570,241.136080,-333.883300,75950.156250,,3.538880,-367.310210
5.856000,0.214050,0.544740,4.316890,241.170590,-333.883240,75730.781250,1.000000,3.565800,-367.308440
5.858000,0.092290,0.951050,6.306150,241.204060,-333.883910,75779.304690,,3.726010,-367.307370
5.860000,0.334530,1.181760,7.731450,241.237520,-333.882840,75444.960940,,3.378660,-367.308140
5.862000,0.630620,1.213810,7.751950,241.271970,-333.881870,75911.140630,,3.341490,-367.309880
5.864000,0.876710,0.780580,6.767580,241.308650,-333.882260,75595.789060,1.000000,3.492740,-367.311310
5.866000,0.851070,0.255070,4.973140,241.346680,-333.883270,76097.812500,,3.645260,-367.311370
5.868000,0.565250,0.091000,3.517090,241.383740,-333.883360,76019.773440,,3.583740,-367.309810
5.870000,0.201230,0.149960,4.768070,241.419400,-333.883090,76189.578130,,3.538880,-367.307400
5.872000,-0.101260,0.558840,5.567870,241.453350,-333.883610,75649.578130,1.000000,3.682430,-367.305270
5.874000,-0.062810,0.825440,6.552250,241.486720,-333.882970,75709.687500,,3.422240,-367.305080
5.876000,0.267880,0.970280,6.172850,241.520520,-333.882140,76075.671880,,3.382510,-367.307040
5.878000,0.689580,0.745970,5.178220,241.555800,-333.882480,75881.609380,,3.477360,-367.309630
5.880000,0.824160,0.383240,3.404300,241.592330,-333.883240,76277.117190,1.000000,3.590150,-367.311040
5.882000,0.606260,0.371700,2.399410,241.628130,-333.883360,76098.867190,,3.547850,-367.310420
5.884000,0.278140,0.474240,3.875980,241.663020,-333.883180,76026.093750,,3.510680,-367.308650
5.886000,0.079470,0.879270,5.988280,241.696660,-333.883910,75623.210940,,3.742680,-367.307250
5.888000,0.266600,1.143310,7.772460,241.730070,-333.883360,75791.960940,1.000000,3.460690,-367.307650
5.890000,0.569090,1.238160,7.690430,241.764220,-333.882050,75762.421880,,3.324830,-367.309270
5.892000,0.857480,0.945920,7.187990,241.800230,-333.882200,75930.117190,,3.455570,-367.310970
5.894000,0.904910,0.402470,5.024410,241.837950,-333.883090,75953.328130,,3.596560,-367.311460
5.896000,0.653690,0.216610,3.732420,241.875030,-333.883480,75815.156250,1.000000,3.617070,-367.310180
5.898000,0.294800,0.208920,4.347660,241.910920,-333.883120,76037.695310,,3.499150,-367.307860
5.900000,-0.048710,0.546020,5.485840,241.945220,-333.883580,75834.140630,,3.682430,-367.305480
5.902000,-0.102540,0.812620,6.398440,241.978880,-333.883270,75818.320310,,3.477360,-367.304750
5.904000,0.179440,0.974120,6.244630,242.012650,-333.882290,75738.171880,1.000000,3.351750,-367.306340
5.906000,0.613950,0.840820,5.250000,242.047670,-333.882390,75941.726560,,3.460690,-367.308960
5.908000,0.824160,0.422970,3.506840,242.084380,-333.883120,75988.125000,,3.536320,-367.310760
5.910000,0.679320,0.302490,2.563480,242.120650,-333.883510,75634.812500,,3.602970,-367.310610
5.912000,0.355040,0.355040,3.281250,242.155940,-333.883240,75915.351560,1.000000,3.473510,-367.308990
5.914000,0.099980,0.703670,5.465330,242.189930,-333.883880,75758.203130,,3.724730,-367.307370
5.916000,0.192260,1.088200,7.434080,242.223130,-333.883730,75597.890630,,3.558110,-367.307310
5.918000,0.494750,1.291990,7.844240,242.256650,-333.882290,75620.046880,,3.314580,-367.308810
5.920000,0.801090,1.147160,7.208500,242.291780,-333.881990,75589.460940,1.000000,3.438900,-367.310610
5.922000,0.919010,0.580630,5.496090,242.329190,-333.882780,76104.140630,,3.544010,-367.311460
5.924000,0.728030,0.266600,3.958010,242.366550,-333.883480,75761.367190,,3.676030,-367.310550
5.926000,0.390930,0.198670,4.081050,242.402850,-333.883090,76009.218750,,3.499150,-367.308440
5.928000,0.034610,0.446040,5.301270,242.437610,-333.883390,75906.914060,1.000000,3.649110,-367.306030
5.930000,-0.111510,0.754940,6.080570,242.471370,-333.883360,76086.218750,,3.563230,-367.304810
5.932000,0.087160,0.908750,6.285640,242.505220,-333.882390,75880.554690,,3.335080,-367.305880
5.934000,0.505000,0.871580,5.567870,242.539950,-333.882260,75684.382810,,3.476070,-367.308320
5.936000,0.783140,0.456300,4.183590,242.576480,-333.882900,76392.070310,1.000000,3.514530,-367.310420
5.938000,0.738280,0.257630,2.819820,242.612950,-333.883580,76002.890630,,3.649110,-367.310790
5.940000,0.419130,0.326840,3.004390,242.648250,-333.883240,76048.250000,,3.497860,-367.309420
5.942000,0.134580,0.669070,5.075680,242.682170,-333.883640,75859.453130,,3.654240,-367.307740
5.944000,0.139710,1.081790,6.880370,242.715260,-333.883880,75905.859380,1.000000,3.679870,-367.307250
5.946000,0.421690,1.308650,7.546880,242.748600,-333.882510,75772.976560,,3.320980,-367.308500
5.948000,0.730590,1.239440,7.516110,242.783280,-333.881840,75616.882810,,3.418400,-367.310360
5.950000,0.915160,0.715210,6.019040,242.820370,-333.882420,76118.914060,,3.505550,-367.311550
5.952000,0.799800,0.310180,4.398930,242.858090,-333.883360,75995.507810,1.000000,3.685000,-367.311100
5.954000,0.479370,0.155090,3.824710,242.894880,-333.883090,75906.914060,,3.524780,-367.309170
5.956000,0.101260,0.287110,4.686040,242.930300,-333.883180,75710.742190,,3.588870,-367.306700
5.958000,-0.126890,0.581910,5.793460,242.964370,-333.883510,75884.773440,,3.642700,-367.304960
5.960000,0.000000,0.765200,5.906250,242.998280,-333.882600,75801.445310,1.000000,3.358150,-367.305510
5.962000,0.397340,0.848510,5.803710,243.032460,-333.882200,75913.250000,,3.435060,-367.307830
5.964000,0.751100,0.569090,4.604000,243.068180,-333.882660,76137.890630,,3.505550,-367.310210
5.966000,0.792110,0.343510,3.465820,243.104450,-333.883480,75914.296880,,3.629880,-367.311130
5.968000,0.506290,0.378110,2.471190,243.139720,-333.883330,75877.382810,1.000000,3.538880,-367.310030
5.970000,0.175600,0.622920,4.337400,243.173920,-333.883330,75551.484380,,3.582460,-367.308140
5.972000,0.076900,1.058720,6.429200,243.207050,-333.883940,75893.203130,,3.731140,-367.307190
5.974000,0.338380,1.303530,7.270020,243.240330,-333.882750,75703.359380,,3.360720,-367.308140
5.976000,0.658810,1.339420,7.751950,243.274640,-333.881810,75800.398440,1.000000,3.347900,-367.310000
5.978000,0.903630,0.881840,6.603520,243.311290,-333.882230,75791.960940,,3.488890,-367.311520
5.980000,0.861330,0.378110,5.208980,243.349320,-333.883240,75703.359380,,3.649110,-367.311490
5.982000,0.558840,0.155090,3.629880,243.386550,-333.883270,76137.890630,,3.569640,-367.309810
5.984000,0.180730,0.170470,4.429690,243.422450,-333.883090,75675.945310,1.000000,3.538880,-367.307340
5.984000,0.180730,0.170470,4.429690,243.422450,-333.883090,75675.945310,1.000000,3.538880,-367.307340
5.986000,-0.116640,0.521670,5.742190,243.456680,-333.883640,75911.140630,,3.673460,-367.305240
5.988000,-0.062810,0.766480,5.947270,243.490280,-333.882900,75916.414060,,3.409420,-367.305150
5.990000,0.289670,0.916440,6.449710,243.524150,-333.882170,76191.687500,,3.387630,-367.307190
5.992000,0.706240,0.690860,5.003910,243.559450,-333.882540,75905.859380,1.000000,3.491460,-367.309810
5.994000,0.825440,0.369140,3.742680,243.595860,-333.883270,76041.921880,,3.597840,-367.311160
5.996000,0.589600,0.374270,2.327640,243.631450,-333.883360,76292.937500,,3.550420,-367.310420
5.998000,0.256350,0.506290,3.670900,243.666120,-333.883180,75736.062500,,3.527340,-367.308590
6.000000,0.067930,0.917720,6.152340,243.699680,-333.883910,76052.460940,1.000000,3.736270,-367.307220
6.002000,0.270450,1.172790,7.423830,243.733080,-333.883180,75800.398440,,3.429930,-367.307710
6.004000,0.575500,1.248410,7.967290,243.767300,-333.881960,76091.484380,,3.324830,-367.309390
6.006000,0.858760,0.908750,6.972660,243.803530,-333.882200,75895.320310,,3.460690,-367.311070
6.008000,0.894650,0.369140,5.250000,243.841350,-333.883120,75851.023440,1.000000,3.602970,-367.311490
6.010000,0.638310,0.175600,3.496580,243.878480,-333.883480,76001.843750,,3.609380,-367.310150
6.012000,0.288390,0.166630,4.286130,243.914370,-333.883120,75959.656250,,3.501710,-367.307860
6.014000,-0.046140,0.501160,5.578130,243.948590,-333.883640,75833.085940,,3.688840,-367.305510
6.016000,-0.079470,0.763920,6.265140,243.982130,-333.883240,75656.953130,1.000000,3.463260,-367.304900
6.018000,0.203800,0.939510,6.429200,244.015780,-333.882260,76006.054690,,3.359440,-367.306520
6.020000,0.619080,0.803650,5.003910,244.050720,-333.882390,76023.984380,,3.455570,-367.309080
6.022000,0.803650,0.405030,3.476070,244.087220,-333.883120,75848.906250,,3.546570,-367.310700
6.024000,0.638310,0.339660,2.501950,244.123200,-333.883480,76075.671880,1.000000,3.577330,-367.310390
6.026000,0.317870,0.412720,3.250490,244.158290,-333.883210,75675.945310,,3.469670,-367.308780
6.028000,0.087160,0.779300,5.742190,244.192120,-333.883910,75738.171880,,3.732420,-367.307280
6.030000,0.216610,1.104860,7.300780,244.225420,-333.883670,75367.976560,,3.522220,-367.307400
6.032000,0.516540,1.279170,7.998050,244.259160,-333.882320,75882.664060,1.000000,3.322270,-367.308960
6.034000,0.820310,1.098450,7.034180,244.294570,-333.882170,75954.382810,,3.445310,-367.310760
6.036000,0.924130,0.567810,5.444820,244.332000,-333.882970,75964.921880,,3.558110,-367.311490
6.038000,0.712650,0.321720,3.834960,244.369160,-333.883510,75779.304690,,3.654240,-367.310490
6.040000,0.362730,0.269170,4.152830,244.405270,-333.883120,75630.585940,1.000000,3.490170,-367.308260
6.042000,0.005130,0.516540,5.403810,244.439900,-333.883510,75885.828130,,3.667050,-367.305820
6.044000,-0.115360,0.769040,6.285640,244.473800,-333.883390,75563.093750,,3.528630,-367.304720
6.046000,0.111510,0.886960,6.306150,244.507780,-333.882390,75745.546880,,3.336360,-367.305940
6.048000,0.534480,0.816470,5.465330,244.542680,-333.882290,75965.976560,1.000000,3.468380,-367.308470
6.050000,0.793400,0.397340,4.060550,244.579300,-333.882970,76059.851560,,3.513240,-367.310490
6.052000,0.719060,0.233280,2.850590,244.615710,-333.883580,76001.843750,,3.638850,-367.310700
6.054000,0.394780,0.293520,3.076170,244.651000,-333.883240,75816.210940,,3.478640,-367.309270
6.056000,0.119200,0.629330,5.126950,244.684980,-333.883760,76038.750000,1.000000,3.678590,-367.307590
6.058000,0.156370,1.035640,7.177730,244.718050,-333.883880,75587.351560,,3.642700,-367.307280
6.060000,0.446040,1.259950,7.895510,244.751420,-333.882510,76015.546880,,3.314580,-367.308620
6.062000,0.754940,1.220210,7.423830,244.786030,-333.881930,75741.328130,,3.437620,-367.310490
6.064000,0.925420,0.710080,5.937010,244.823000,-333.882540,76256.015630,1.000000,3.513240,-367.311610
6.066000,0.788270,0.374270,4.193850,244.860320,-333.883420,75972.312500,,3.691410,-367.311000
6.068000,0.460140,0.261470,3.865720,244.896700,-333.883090,75901.648440,,3.519650,-367.308990
6.070000,0.080750,0.419130,5.003910,244.931820,-333.883240,75912.195310,,3.610660,-367.306490
6.072000,-0.123050,0.678040,5.896000,244.965930,-333.883450,75858.406250,1.000000,3.620910,-367.304900
6.074000,0.017940,0.794680,6.008790,244.999970,-333.882540,75816.210940,,3.347900,-367.305570
6.076000,0.426820,0.811340,5.742190,245.034470,-333.882230,75699.140630,,3.454280,-367.307950
6.078000,0.753660,0.485780,4.480960,245.070560,-333.882720,76148.445310,,3.501710,-367.310240
6.080000,0.762630,0.267880,3.178710,245.106980,-333.883510,76050.351560,1.000000,3.632450,-367.310940
6.082000,0.466550,0.299930,2.758300,245.142350,-333.883270,75954.382810,,3.523500,-367.309780
6.084000,0.157650,0.565250,4.675780,245.176540,-333.883420,75823.601560,,3.599120,-367.308010
6.086000,0.103820,1.006160,6.695800,245.209660,-333.883940,75626.375000,,3.723450,-367.307250
6.088000,0.370420,1.267640,7.444340,245.242840,-333.882690,75687.539060,1.000000,3.345340,-367.308350
6.090000,0.681880,1.276610,7.495610,245.277220,-333.881870,75492.429690,,3.379940,-367.310180
6.092000,0.906190,0.812620,6.470210,245.313870,-333.882290,75971.257810,,3.492740,-367.311580
6.094000,0.847230,0.367860,4.737300,245.351580,-333.883330,75993.398440,,3.660640,-367.311430
6.096000,0.538330,0.220460,3.916990,245.388320,-333.883240,75949.101560,1.000000,3.556820,-367.309660
6.098000,0.156370,0.306340,4.634770,245.423830,-333.883120,75738.171880,,3.552980,-367.307160
6.100000,-0.128170,0.616520,5.762700,245.457980,-333.883610,75663.289060,,3.659360,-367.305110
6.102000,-0.051270,0.789550,5.998540,245.491820,-333.882810,75812.000000,,3.387630,-367.305240
6.104000,0.328130,0.856200,5.957520,245.526050,-333.882230,75646.414060,1.000000,3.400450,-367.307430
6.106000,0.729310,0.589600,4.962890,245.561710,-333.882570,76056.687500,,3.495300,-367.309970
6.108000,0.815190,0.306340,3.640140,245.598100,-333.883360,76113.632810,,3.608090,-367.311160
6.110000,0.552430,0.338380,2.717290,245.633610,-333.883360,75939.617190,,3.545290,-367.310240
6.112000,0.223020,0.517820,3.947750,245.668050,-333.883240,75791.960940,1.000000,3.545290,-367.308410
6.114000,0.066650,0.943360,6.306150,245.701430,-333.883940,75623.210940,,3.734990,-367.307190
6.116000,0.298650,1.186890,7.218750,245.734760,-333.883090,76010.273440,,3.414550,-367.307890
6.118000,0.606260,1.258670,7.598140,245.768950,-333.881900,75695.984380,,3.335080,-367.309630
6.120000,0.879270,0.885680,7.003420,245.805220,-333.882170,76441.648440,1.000000,3.468380,-367.311250
6.122000,0.883120,0.399900,5.208980,245.842900,-333.883150,75916.414060,,3.623470,-367.311490
6.124000,0.611390,0.223020,3.629880,245.879900,-333.883420,76164.265630,,3.600400,-367.310030
6.126000,0.252500,0.224300,4.204100,245.915700,-333.883090,75876.328130,,3.517090,-367.307650
6.128000,-0.073060,0.565250,5.619140,245.949910,-333.883610,75843.640630,1.000000,3.686280,-367.305390
6.128000,-0.073060,0.565250,5.619140,245.949910,-333.883610,75843.640630,1.000000,3.686280,-367.305390
6.130000,-0.071780,0.784420,5.865230,245.983520,-333.883090,76134.726560,,3.449160,-367.304960
6.132000,0.233280,0.924130,6.295900,246.017400,-333.882200,75884.773440,,3.372250,-367.306730
6.134000,0.649840,0.726750,5.219240,246.052600,-333.882390,76164.265630,,3.460690,-367.309270
6.136000,0.820310,0.331970,3.527340,246.089170,-333.883210,75893.203130,1.000000,3.573490,-367.310850
6.138000,0.634460,0.275570,2.542970,246.125110,-333.883480,76152.656250,,3.569640,-367.310420
6.140000,0.307620,0.360170,3.209470,246.160160,-333.883210,75842.585940,,3.488890,-367.308720
6.142000,0.085880,0.744690,5.875490,246.193880,-333.883910,75660.125000,,3.743960,-367.307250
6.144000,0.239690,1.066410,7.290530,246.227170,-333.883510,75965.976560,1.000000,3.491460,-367.307460
6.146000,0.542180,1.216370,7.813480,246.261050,-333.882140,75688.593750,,3.319700,-367.309050
6.148000,0.829280,0.968990,7.187990,246.296750,-333.882140,75937.500000,,3.445310,-367.310760
6.150000,0.897220,0.407590,5.455080,246.334460,-333.883030,75692.820310,,3.574770,-367.311340
6.152000,0.670350,0.170470,3.773440,246.371640,-333.883510,75891.093750,1.000000,3.641420,-367.310210
6.154000,0.330690,0.146120,3.691410,246.407670,-333.883120,75921.679690,,3.491460,-367.308010
6.156000,-0.003850,0.474240,5.547360,246.441930,-333.883510,75812.000000,,3.678590,-367.305690
6.158000,-0.093570,0.790830,6.357420,246.475360,-333.883360,75743.437500,,3.505550,-367.304810
6.160000,0.152530,0.944640,6.593260,246.508970,-333.882350,75612.656250,1.000000,3.346620,-367.306210
6.162000,0.578060,0.822880,5.424320,246.543780,-333.882320,75996.562500,,3.464540,-367.308750
6.164000,0.811340,0.376830,3.947750,246.580400,-333.883030,75917.460940,,3.526060,-367.310640
6.166000,0.702390,0.231990,2.645510,246.616650,-333.883510,76092.539060,,3.622190,-367.310640
6.168000,0.381960,0.303770,2.819820,246.651870,-333.883210,75909.031250,1.000000,3.472230,-367.309140
6.170000,0.114070,0.644710,5.516600,246.685850,-333.883790,75851.023440,,3.700380,-367.307460
6.172000,0.167910,1.007450,7.167480,246.719130,-333.883790,75649.578130,,3.601680,-367.307250
6.174000,0.466550,1.183040,8.418460,246.752810,-333.882420,75784.578130,,3.317140,-367.308620
6.176000,0.771610,1.066410,7.126460,246.787900,-333.881990,76027.156250,1.000000,3.447880,-367.310490
6.178000,0.924130,0.537050,5.947270,246.825200,-333.882690,75977.585940,,3.532470,-367.311490
6.180000,0.765200,0.237120,3.978520,246.862520,-333.883480,76283.437500,,3.697810,-367.310790
6.182000,0.431950,0.174320,3.752930,246.898730,-333.883090,75847.851560,,3.514530,-367.308750
6.184000,0.057680,0.399900,5.383300,246.933470,-333.883330,76162.148440,1.000000,3.641420,-367.306240
6.186000,-0.129460,0.695980,6.049800,246.967190,-333.883390,75834.140630,,3.601680,-367.304780
6.188000,0.042300,0.848510,6.316410,247.000980,-333.882420,75871.062500,,3.341490,-367.305660
6.190000,0.460140,0.838260,5.506350,247.035450,-333.882140,75940.671880,,3.461980,-367.308070
6.192000,0.769040,0.455020,4.296390,247.071670,-333.882720,75919.578130,1.000000,3.502990,-367.310330
6.194000,0.758790,0.203800,3.076170,247.108250,-333.883510,76072.507810,,3.647830,-367.310910
6.196000,0.452450,0.198670,2.563480,247.143770,-333.883240,75839.421880,,3.510680,-367.309630
6.198000,0.151250,0.474240,4.983400,247.178020,-333.883510,76090.437500,,3.623470,-367.307890
6.200000,0.121770,0.911320,6.716310,247.211180,-333.883940,75750.828130,1.000000,3.718320,-367.307250
6.202000,0.394780,1.167660,7.690430,247.244450,-333.882600,75654.843750,,3.336360,-367.308410
6.204000,0.702390,1.193300,7.413570,247.278790,-333.881840,75845.742190,,3.401730,-367.310210
6.206000,0.908750,0.719060,6.418950,247.315520,-333.882390,75748.718750,,3.504270,-367.311580
6.208000,0.830570,0.298650,4.460450,247.353150,-333.883360,76032.429690,1.000000,3.679870,-367.311310
6.210000,0.511410,0.164060,3.814450,247.389720,-333.883180,75526.171880,,3.545290,-367.309420
6.212000,0.121770,0.311460,4.973140,247.424970,-333.883120,76002.890630,,3.573490,-367.306880
6.214000,-0.142270,0.665220,5.537110,247.458830,-333.883540,75817.265630,,3.652950,-367.304960
6.216000,-0.042300,0.847230,6.131840,247.492550,-333.882660,75810.937500,1.000000,3.369690,-367.305270
6.218000,0.351200,0.892090,5.752440,247.526790,-333.882200,75787.734380,,3.418400,-367.307590
6.220000,0.740840,0.557560,4.891110,247.562730,-333.882630,75759.257810,,3.506840,-367.310120
6.222000,0.812620,0.238400,3.465820,247.599400,-333.883390,76165.312500,,3.618350,-367.311220
6.224000,0.538330,0.228150,2.737790,247.635130,-333.883300,75628.476560,1.000000,3.541440,-367.310210
6.226000,0.206360,0.424260,4.193850,247.669630,-333.883240,75877.382810,,3.570920,-367.308410
6.228000,0.076900,0.876710,6.408690,247.702880,-333.883940,75880.554690,,3.738830,-367.307280
6.230000,0.321720,1.154850,7.423830,247.736100,-333.882900,75755.046880,,3.395320,-367.308040
6.232000,0.626770,1.206120,7.526370,247.770360,-333.881840,75703.359380,1.000000,3.344060,-367.309810
6.234000,0.889530,0.788270,6.972660,247.806820,-333.882230,75677.000000,,3.490170,-367.311340
6.236000,0.875430,0.276860,4.983400,247.844700,-333.883210,76339.335940,,3.642700,-367.311460
6.238000,0.587040,0.112790,3.896480,247.881700,-333.883330,75875.273440,,3.588870,-367.309940
6.240000,0.216610,0.142270,4.501460,247.917370,-333.883060,76051.406250,1.000000,3.532470,-367.307460
6.242000,-0.103820,0.494750,5.639650,247.951520,-333.883580,75843.640630,,3.685000,-367.305240
6.244000,-0.080750,0.720340,6.183110,247.985110,-333.882970,76017.664060,,3.429930,-367.304930
6.246000,0.247380,0.876710,6.049800,248.018880,-333.882140,75877.382810,,3.382510,-367.306820
6.248000,0.672910,0.687010,5.219240,248.054030,-333.882450,75909.031250,1.000000,3.481200,-367.309450
6.250000,0.825440,0.323000,3.619630,248.090450,-333.883240,76268.671880,,3.592710,-367.310970
6.252000,0.615230,0.303770,2.522460,248.126130,-333.883420,75990.234380,,3.565800,-367.310420
6.254000,0.284550,0.397340,3.732420,248.160900,-333.883180,75793.015630,,3.510680,-367.308690
6.256000,0.079470,0.804930,5.793460,248.194440,-333.883910,75729.726560,1.000000,3.752930,-367.307250
6.258000,0.258910,1.115110,7.557130,248.227650,-333.883360,75899.531250,,3.467100,-367.307590
6.260000,0.562680,1.257390,7.505860,248.261520,-333.881990,75791.960940,,3.320980,-367.309230
6.262000,0.847230,0.979250,7.311040,248.297390,-333.882110,75801.445310,,3.447880,-367.310910
6.264000,0.901060,0.406310,5.342290,248.335250,-333.883030,75705.476560,1.000000,3.588870,-367.311400
6.266000,0.657530,0.175600,3.793950,248.372570,-333.883450,75923.796880,,3.624760,-367.310150
6.268000,0.306340,0.133300,4.029790,248.408750,-333.883090,75836.257810,,3.492740,-367.307890
6.270000,-0.034610,0.460140,5.342290,248.443130,-333.883540,75744.492190,,3.687560,-367.305510
6.272000,-0.102540,0.737000,6.254880,248.476810,-333.883300,75941.726560,1.000000,3.485050,-367.304750
6.272000,-0.102540,0.737000,6.254880,248.476810,-333.883300,75941.726560,1.000000,3.485050,-367.304750
6.274000,0.162780,0.915160,6.121580,248.510470,-333.882320,75815.156250,,3.358150,-367.306270
6.276000,0.590880,0.810060,5.619140,248.545270,-333.882390,75938.562500,,3.467100,-367.308840
6.278000,0.817750,0.387080,3.875980,248.581770,-333.883090,75901.648440,,3.537600,-367.310730
6.280000,0.690860,0.273010,2.655760,248.617830,-333.883510,75879.492190,1.000000,3.608090,-367.310640
6.282000,0.364010,0.346070,2.932620,248.652920,-333.883210,75749.773440,,3.473510,-367.309080
6.284000,0.101260,0.684450,5.537110,248.686800,-333.883790,75637.976560,,3.722170,-367.307430
6.286000,0.189700,1.012570,7.034180,248.720120,-333.883700,75798.281250,,3.560670,-367.307310
6.288000,0.488340,1.165100,8.131350,248.753920,-333.882290,75802.500000,1.000000,3.320980,-367.308810
6.290000,0.795960,1.010010,7.464840,248.789250,-333.882020,75931.179690,,3.449160,-367.310580
6.292000,0.920290,0.455020,5.721680,248.826840,-333.882750,75886.875000,,3.538880,-367.311460
6.294000,0.735720,0.146120,4.111820,248.864300,-333.883450,75857.343750,,3.679870,-367.310640
6.296000,0.410160,0.084590,3.558110,248.900620,-333.883090,76108.359380,1.000000,3.502990,-367.308560
6.298000,0.046140,0.335820,5.198730,248.935320,-333.883390,75816.210940,,3.656800,-367.306090
6.300000,-0.119200,0.672910,6.121580,248.968860,-333.883390,76006.054690,,3.577330,-367.304750
6.302000,0.065370,0.848510,6.685550,249.002430,-333.882420,75892.148440,,3.347900,-367.305730
6.304000,0.487060,0.853640,5.588380,249.036740,-333.882260,76087.273440,1.000000,3.477360,-367.308170
6.306000,0.783140,0.480650,4.142580,249.072850,-333.882810,75937.500000,,3.510680,-367.310360
6.308000,0.748540,0.292240,2.840330,249.109070,-333.883510,76100.984380,,3.642700,-367.310820
6.310000,0.434510,0.326840,2.399410,249.144350,-333.883180,76161.101560,,3.495300,-367.309480
6.312000,0.135860,0.599850,5.250000,249.178530,-333.883540,75692.820310,1.000000,3.646550,-367.307740
6.314000,0.132020,0.975400,6.726560,249.211820,-333.883850,75770.859380,,3.679870,-367.307190
6.316000,0.415280,1.161250,8.182620,249.245450,-333.882540,75685.429690,,3.327390,-367.308410
6.318000,0.717770,1.111270,7.198240,249.280240,-333.881930,75707.585940,,3.432500,-367.310240
6.320000,0.908750,0.624210,6.244630,249.317310,-333.882510,76015.546880,1.000000,3.510680,-367.311490
6.322000,0.806210,0.257630,4.122070,249.354900,-333.883420,75868.945310,,3.691410,-367.311100
6.324000,0.489620,0.149960,3.609380,249.391400,-333.883150,76050.351560,,3.536320,-367.309200
6.326000,0.107670,0.317870,4.993650,249.426540,-333.883210,75880.554690,,3.599120,-367.306730
6.328000,-0.120480,0.651120,5.875490,249.460370,-333.883510,75751.882810,1.000000,3.645260,-367.304990
6.330000,-0.002560,0.833130,6.295900,249.494090,-333.882570,75384.851560,,3.362000,-367.305480
6.332000,0.387080,0.869020,5.670410,249.528400,-333.882170,75913.250000,,3.436340,-367.307740
6.334000,0.735720,0.540890,4.429690,249.564350,-333.882630,76179.031250,,3.505550,-367.310120
6.336000,0.769040,0.261470,3.188960,249.600950,-333.883390,75875.273440,1.000000,3.623470,-367.310970
6.338000,0.487060,0.251220,2.625000,249.636600,-333.883240,76081.992190,,3.531190,-367.309910
6.340000,0.180730,0.442200,4.624510,249.671140,-333.883300,75479.773440,,3.579900,-367.308170
6.342000,0.101260,0.849790,6.644530,249.704570,-333.883970,75843.640630,,3.734990,-367.307310
6.344000,0.355040,1.093320,7.393070,249.737980,-333.882840,75557.820310,1.000000,3.378660,-367.308260
6.346000,0.652400,1.139470,7.598140,249.772290,-333.881930,75843.640630,,3.370970,-367.310000
6.348000,0.884400,0.745970,6.449710,249.808730,-333.882290,75920.625000,,3.500430,-367.311400
6.350000,0.844670,0.307620,5.024410,249.846270,-333.883270,76340.398440,,3.658080,-367.311370
6.352000,0.554990,0.176880,3.896480,249.882980,-333.883270,75918.515630,1.000000,3.574770,-367.309720
6.354000,0.185850,0.247380,4.901370,249.918460,-333.883090,75888.992190,,3.551700,-367.307280
6.356000,-0.112790,0.589600,5.660160,249.952550,-333.883540,76168.476560,,3.672180,-367.305180
6.358000,-0.061520,0.786990,5.844730,249.986300,-333.882840,75847.851560,,3.411990,-367.305110
6.360000,0.287110,0.885680,6.039550,250.020430,-333.882170,76057.742190,1.000000,3.400450,-367.307160
6.362000,0.693420,0.624210,4.809080,250.056030,-333.882540,75943.835940,,3.492740,-367.309690
6.364000,0.803650,0.256350,3.701660,250.092770,-333.883270,76312.976560,,3.605530,-367.311000
6.366000,0.570370,0.229430,2.594240,250.128630,-333.883390,75981.796880,,3.560670,-367.310270
6.368000,0.253780,0.356320,4.101560,250.163420,-333.883210,76018.710940,1.000000,3.537600,-367.308560
6.370000,0.083310,0.794680,5.865230,250.196850,-333.883910,75911.140630,,3.747800,-367.307310
6.372000,0.298650,1.098450,7.464840,250.230000,-333.883210,75776.132810,,3.447880,-367.307860
6.374000,0.588320,1.212520,7.464840,250.263930,-333.881930,76067.226560,,3.337650,-367.309480
6.376000,0.851070,0.886960,6.962400,250.299930,-333.882110,75552.539060,1.000000,3.459410,-367.311040
6.378000,0.875430,0.343510,5.485840,250.337680,-333.883060,76140.000000,,3.606810,-367.311340
6.380000,0.621640,0.160220,3.558110,250.374800,-333.883390,75963.867190,,3.610660,-367.309970
6.382000,0.274290,0.152530,4.327150,250.410750,-333.883090,75823.601560,,3.500430,-367.307710
6.384000,-0.047420,0.480650,5.373050,250.445130,-333.883510,75838.359380,1.000000,3.685000,-367.305480
6.386000,-0.080750,0.719060,6.131840,250.478900,-333.883210,75725.507810,,3.469670,-367.304870
6.388000,0.205080,0.862610,6.039550,250.512850,-333.882290,75847.851560,,3.378660,-367.306520
6.390000,0.621640,0.731870,5.362790,250.547930,-333.882450,75680.156250,,3.472230,-367.309110
6.392000,0.812620,0.335820,3.999020,250.584470,-333.883180,76158.992190,1.000000,3.564510,-367.310790
6.394000,0.644710,0.287110,2.481450,250.620380,-333.883510,75999.734380,,3.596560,-367.310490
6.396000,0.323000,0.387080,3.250490,250.655240,-333.883210,75725.507810,,3.487610,-367.308840
6.398000,0.088440,0.772890,5.598630,250.688900,-333.883790,75827.820310,,3.729860,-367.307310
6.400000,0.214050,1.099730,7.280270,250.722110,-333.883540,75593.671880,1.000000,3.523500,-367.307460
6.402000,0.517820,1.239440,7.751950,250.755870,-333.882170,75799.335940,,3.314580,-367.308990
6.404000,0.811340,1.044620,7.413570,250.791350,-333.881990,75551.484380,,3.437620,-367.310730
6.406000,0.906190,0.457580,5.537110,250.829130,-333.882810,75895.320310,,3.550420,-367.311460
6.408000,0.699830,0.170470,3.968260,250.866620,-333.883480,76077.781250,1.000000,3.660640,-367.310420
6.410000,0.371700,0.089720,3.793950,250.903110,-333.883090,75882.664060,,3.486330,-367.308320
6.412000,0.019230,0.342220,5.157710,250.937880,-333.883450,75655.898440,,3.664490,-367.305940
6.414000,-0.110230,0.656250,6.418950,250.971680,-333.883390,75704.421880,,3.545290,-367.304810
6.416000,0.103820,0.843380,6.357420,251.005360,-333.882420,76057.742190,1.000000,3.347900,-367.305970
6.418000,0.526790,0.853640,5.711430,251.039790,-333.882290,75870.007810,,3.474790,-367.308470
6.420000,0.797240,0.469120,4.163090,251.076000,-333.882970,76176.921880,,3.523500,-367.310550
6.422000,0.735720,0.307620,2.789060,251.112180,-333.883510,76238.085940,,3.640140,-367.310820
6.424000,0.412720,0.366580,2.625000,251.147400,-333.883180,75938.562500,1.000000,3.483760,-367.309390
6.426000,0.125610,0.671630,5.178220,251.181430,-333.883640,75750.828130,,3.676030,-367.307650
6.428000,0.155090,1.042050,6.962400,251.214720,-333.883790,75764.539060,,3.638850,-367.307250
6.430000,0.447330,1.202270,8.069820,251.248440,-333.882390,76054.570310,,3.304320,-367.308560
6.432000,0.748540,1.083070,7.557130,251.283630,-333.881840,75797.234380,1.000000,3.432500,-367.310360
6.432000,0.748540,1.083070,7.557130,251.283630,-333.881840,75797.234380,1.000000,3.432500,-367.310360
6.434000,0.906190,0.520390,5.947270,251.321180,-333.882540,76262.351560,,3.514530,-367.311430
6.436000,0.763920,0.120480,4.070800,251.359020,-333.883420,75745.546880,,3.690120,-367.310790
6.438000,0.443480,0.038450,3.650390,251.395630,-333.883090,76090.437500,,3.519650,-367.308840
6.440000,0.071780,0.260190,4.901370,251.430560,-333.883240,75836.257810,1.000000,3.613220,-367.306400
6.442000,-0.132020,0.660100,6.152340,251.464020,-333.883510,75757.148440,,3.631160,-367.304840
6.444000,0.019230,0.885680,6.377930,251.497450,-333.882540,75760.312500,,3.353030,-367.305570
6.446000,0.434510,0.938230,5.834470,251.531520,-333.882200,75790.898440,,3.453000,-367.308010
6.448000,0.783140,0.585750,4.378420,251.567470,-333.882690,76084.101560,1.000000,3.508120,-367.310460
6.450000,0.801090,0.331970,2.973630,251.603940,-333.883450,75858.406250,,3.628600,-367.311190
6.452000,0.492190,0.364010,2.635250,251.639400,-333.883210,76158.992190,,3.515810,-367.309940
6.454000,0.165340,0.590880,4.439940,251.673840,-333.883360,75755.046880,,3.595280,-367.308040
6.456000,0.098690,0.984380,6.962400,251.707280,-333.883940,75560.984380,1.000000,3.723450,-367.307190
6.458000,0.360170,1.185610,7.854490,251.740910,-333.882720,75601.054690,,3.350460,-367.308200
6.460000,0.670350,1.170230,7.475100,251.775570,-333.881930,75539.882810,,3.390200,-367.310030
6.462000,0.893370,0.704960,6.347170,251.812450,-333.882390,76033.476560,,3.506840,-367.311430
6.464000,0.825440,0.270450,4.491210,251.850250,-333.883360,75789.843750,1.000000,3.664490,-367.311280
6.466000,0.525510,0.147400,3.681150,251.886900,-333.883270,75979.687500,,3.561950,-367.309540
6.468000,0.153810,0.267880,4.962890,251.922230,-333.883120,76055.632810,,3.563230,-367.307100
6.470000,-0.120480,0.622920,5.865230,251.956130,-333.883580,75795.125000,,3.659360,-367.305110
6.472000,-0.039730,0.839540,6.142090,251.989750,-333.882750,75718.125000,1.000000,3.388920,-367.305300
6.474000,0.329410,0.935670,5.937010,252.023820,-333.882140,75536.718750,,3.394040,-367.307460
6.476000,0.717770,0.662660,4.665530,252.059480,-333.882540,76326.679690,,3.494020,-367.309940
6.478000,0.812620,0.310180,3.147950,252.096250,-333.883360,75913.250000,,3.613220,-367.311130
6.480000,0.560120,0.264040,2.748050,252.132200,-333.883390,76245.468750,1.000000,3.547850,-367.310270
6.482000,0.234560,0.393490,4.275880,252.167070,-333.883240,75997.625000,,3.549130,-367.308440
6.484000,0.075620,0.830570,6.347170,252.200580,-333.884000,75795.125000,,3.746520,-367.307190
6.486000,0.306340,1.153560,7.546880,252.233700,-333.883090,75650.632810,,3.424800,-367.307860
6.488000,0.610110,1.300960,7.546880,252.267550,-333.881900,75711.804690,1.000000,3.341490,-367.309570
6.490000,0.885680,0.960020,6.613770,252.303530,-333.882170,76057.742190,,3.477360,-367.311190
6.492000,0.889530,0.419130,5.116700,252.341230,-333.883120,76121.023440,,3.624760,-367.311460
6.494000,0.612670,0.215330,3.773440,252.378300,-333.883360,76142.109380,,3.601680,-367.309940
6.496000,0.239690,0.212770,4.552730,252.414170,-333.883060,75760.312500,1.000000,3.513240,-367.307500
6.498000,-0.092290,0.571660,5.537110,252.448460,-333.883510,75973.359380,,3.682430,-367.305210
6.500000,-0.091000,0.798520,5.834470,252.482190,-333.883060,75835.195310,,3.442750,-367.304780
6.502000,0.226870,0.933110,5.947270,252.516250,-333.882230,75921.679690,,3.382510,-367.306610
6.504000,0.656250,0.734440,4.819340,252.551650,-333.882480,75997.625000,1.000000,3.472230,-367.309270
6.504000,0.656250,0.734440,4.819340,252.551650,-333.882480,75997.625000,1.000000,3.472230,-367.309270
6.506000,0.830570,0.311460,3.804200,252.588500,-333.883240,75976.523440,,3.579900,-367.310880
6.508000,0.635740,0.247380,2.604490,252.624620,-333.883510,75928.015630,,3.588870,-367.310460
6.510000,0.302490,0.362730,3.506840,252.659610,-333.883240,75568.359380,,3.500430,-367.308720
6.512000,0.083310,0.794680,5.885740,252.693130,-333.883880,75949.101560,1.000000,3.750370,-367.307220
6.514000,0.237120,1.134340,6.911130,252.726230,-333.883480,75716.015630,,3.500430,-367.307460
6.516000,0.539610,1.290710,7.792970,252.759870,-333.882080,75769.812500,,3.317140,-367.309050
6.518000,0.829280,1.043330,6.921390,252.795460,-333.881990,75827.820310,,3.440190,-367.310760
6.520000,0.907470,0.455020,5.772950,252.833180,-333.882870,75745.546880,1.000000,3.556820,-367.311430
6.522000,0.684450,0.190980,3.834960,252.870530,-333.883480,75922.734380,,3.645260,-367.310300
6.524000,0.342220,0.120480,3.947750,252.906830,-333.883090,75586.289060,,3.478640,-367.308110
6.526000,-0.010250,0.379390,5.188480,252.941500,-333.883480,75891.093750,,3.664490,-367.305690
6.528000,-0.116640,0.656250,6.029300,252.975330,-333.883360,75977.585940,1.000000,3.515810,-367.304690
6.528000,-0.116640,0.656250,6.029300,252.975330,-333.883360,75977.585940,1.000000,3.515810,-367.304690
6.530000,0.130740,0.821590,6.285640,253.009090,-333.882390,76140.000000,,3.353030,-367.306060
6.532000,0.561400,0.803650,5.496090,253.043750,-333.882390,75876.328130,,3.478640,-367.308620
6.534000,0.803650,0.442200,4.398930,253.080000,-333.883060,75786.679690,,3.532470,-367.310610
6.536000,0.699830,0.342220,2.707030,253.115920,-333.883580,76215.937500,1.000000,3.638850,-367.310670
6.538000,0.372990,0.416560,2.768550,253.150970,-333.883240,75786.679690,,3.487610,-367.309170
6.540000,0.114070,0.763920,5.137210,253.184770,-333.883730,75954.382810,,3.699100,-367.307530
6.542000,0.178160,1.153560,6.962400,253.217900,-333.883700,75816.210940,,3.604250,-367.307340
6.544000,0.466550,1.335570,8.069820,253.251450,-333.882260,76114.695310,1.000000,3.304320,-367.308720
6.544000,0.466550,1.335570,8.069820,253.251450,-333.882260,76114.695310,1.000000,3.304320,-367.308720
6.546000,0.761350,1.215090,7.341800,253.286540,-333.881840,75824.656250,,3.432500,-367.310460
6.548000,0.902340,0.637020,6.049800,253.324100,-333.882540,75890.039060,,3.517090,-367.311430
6.550000,0.745970,0.243530,3.834960,253.361950,-333.883390,76156.875000,,3.687560,-367.310730
6.552000,0.425540,0.107670,3.609380,253.398730,-333.883090,75905.859380,1.000000,3.506840,-367.308750
6.554000,0.058960,0.290950,5.014160,253.433870,-333.883300,76071.453130,,3.624760,-367.306340
6.556000,-0.126890,0.639590,5.947270,253.467650,-333.883450,75678.054690,,3.608090,-367.304840
6.558000,0.033330,0.852360,6.480470,253.501250,-333.882510,76081.992190,,3.355590,-367.305690
6.560000,0.461430,0.907470,5.813960,253.535450,-333.882260,75998.679690,1.000000,3.469670,-367.308170
6.562000,0.790830,0.566530,4.214360,253.571400,-333.882750,75940.671880,,3.511960,-367.310550
6.564000,0.783140,0.352480,2.901860,253.607700,-333.883510,76056.687500,,3.642700,-367.311130
6.566000,0.463990,0.379390,2.491700,253.643050,-333.883210,75867.898440,,3.506840,-367.309780
6.568000,0.146120,0.628050,4.614260,253.677370,-333.883420,75812.000000,1.000000,3.620910,-367.307950
6.568000,0.146120,0.628050,4.614260,253.677370,-333.883420,75812.000000,1.000000,3.620910,-367.307950
6.570000,0.112790,1.017700,6.839360,253.710750,-333.883820,75596.835940,,3.696530,-367.307250
6.572000,0.394780,1.208680,7.926270,253.744430,-333.882540,75864.726560,,3.326110,-367.308410
6.574000,0.697270,1.156130,7.464840,253.779250,-333.881840,75895.320310,,3.403020,-367.310210
6.576000,0.893370,0.647280,6.388180,253.816410,-333.882390,75987.078130,1.000000,3.496580,-367.311460
6.576000,0.893370,0.647280,6.388180,253.816410,-333.882390,75987.078130,1.000000,3.496580,-367.311460
6.578000,0.802370,0.231990,4.337400,253.854200,-333.883390,75884.773440,,3.677310,-367.311160
6.580000,0.499880,0.094850,3.711910,253.890900,-333.883240,75699.140630,,3.546570,-367.309390
6.582000,0.126890,0.231990,4.850100,253.926180,-333.883180,75955.437500,,3.573490,-367.306920
6.584000,-0.129460,0.592160,5.967770,253.959930,-333.883580,75302.585940,1.000000,3.651670,-367.305080
6.586000,-0.025630,0.830570,6.408690,253.993350,-333.882660,75804.609380,,3.372250,-367.305390
6.588000,0.364010,0.945920,5.937010,254.027210,-333.882140,75914.296880,,3.404300,-367.307680
6.590000,0.744690,0.669070,4.727050,254.062730,-333.882540,76037.695310,,3.494020,-367.310180
6.592000,0.813900,0.378110,3.168460,254.099200,-333.883360,75955.437500,1.000000,3.613220,-367.311220
6.594000,0.538330,0.367860,2.604490,254.134870,-333.883330,76053.515630,,3.532470,-367.310180
6.596000,0.202510,0.512700,4.378420,254.169600,-333.883240,76121.023440,,3.556820,-367.308290
6.598000,0.070500,0.912600,6.449710,254.203200,-333.884000,75609.492190,,3.734990,-367.307160
6.600000,0.317870,1.170230,7.803220,254.236650,-333.883000,75950.156250,1.000000,3.397890,-367.307950
6.600000,0.317870,1.170230,7.803220,254.236650,-333.883000,75950.156250,1.000000,3.397890,-367.307950
6.602000,0.633180,1.258670,7.536620,254.270870,-333.881930,75726.562500,,3.347900,-367.309750
6.604000,0.902340,0.888240,6.777830,254.307170,-333.882260,76053.515630,,3.485050,-367.311340
6.606000,0.886960,0.422970,4.768070,254.344800,-333.883240,76017.664060,,3.641420,-367.311490
6.608000,0.597290,0.265320,3.875980,254.381620,-333.883360,75903.750000,1.000000,3.592710,-367.309910
6.608000,0.597290,0.265320,3.875980,254.381620,-333.883360,75903.750000,1.000000,3.592710,-367.309910
6.610000,0.216610,0.293520,4.624510,254.417250,-333.883090,76143.164060,,3.535030,-367.307400
6.612000,-0.108950,0.628050,5.896000,254.451430,-333.883580,75791.960940,,3.677310,-367.305110
6.614000,-0.085880,0.817750,6.039550,254.485200,-333.882970,76041.921880,,3.420960,-367.304810
6.616000,0.244810,0.929260,5.957520,254.519300,-333.882110,75732.890630,1.000000,3.379940,-367.306730
6.618000,0.683170,0.703670,4.850100,254.554780,-333.882450,76029.265630,,3.468380,-367.309390
6.620000,0.839540,0.308900,3.414550,254.591600,-333.883240,76030.320310,,3.587590,-367.310910
6.622000,0.626770,0.257630,2.604490,254.627670,-333.883480,75982.859380,,3.561950,-367.310360
6.624000,0.287110,0.360170,3.937500,254.662670,-333.883240,76005.007810,1.000000,3.508120,-367.308590
6.626000,0.073060,0.794680,6.131840,254.696230,-333.884000,75637.976560,,3.756770,-367.307100
6.628000,0.247380,1.122800,7.270020,254.729350,-333.883420,75593.671880,,3.474790,-367.307460
6.630000,0.554990,1.294560,7.618650,254.763000,-333.882050,75574.695310,,3.324830,-367.309080
6.632000,0.849790,1.057430,6.890630,254.798550,-333.882110,75878.437500,1.000000,3.444030,-367.310820
6.634000,0.908750,0.533200,5.260250,254.835950,-333.883000,75810.937500,,3.583740,-367.311370
6.636000,0.670350,0.324280,3.958010,254.872960,-333.883450,75981.796880,,3.626040,-367.310180
6.638000,0.316590,0.289670,4.275880,254.908920,-333.883090,75677.000000,,3.491460,-367.307890
6.638000,0.316590,0.289670,4.275880,254.908920,-333.883090,75677.000000,,3.491460,-367.307890
6.640000,-0.037170,0.574220,5.670410,254.943410,-333.883510,75780.351560,1.000000,3.677310,-367.305480
6.642000,-0.116640,0.783140,5.772950,254.977370,-333.883270,75798.281250,,3.483760,-367.304630
6.644000,0.148680,0.888240,6.060060,255.011470,-333.882350,75784.578130,,3.362000,-367.306120
6.646000,0.587040,0.770320,5.116700,255.046630,-333.882420,76037.695310,,3.469670,-367.308750
6.646000,0.587040,0.770320,5.116700,255.046630,-333.882420,76037.695310,,3.469670,-367.308750
6.648000,0.828000,0.365300,4.081050,255.083280,-333.883150,76067.226560,1.000000,3.540160,-367.310700
6.650000,0.699830,0.266600,3.004390,255.119450,-333.883580,75973.359380,,3.622190,-367.310670
6.652000,0.362730,0.347350,3.055660,255.154600,-333.883270,75767.703130,,3.482480,-367.309080
6.654000,0.097410,0.728030,5.639650,255.188290,-333.883820,75656.953130,,3.726010,-367.307400
6.656000,0.182010,1.125370,6.993160,255.221300,-333.883670,75975.468750,1.000000,3.564510,-367.307280
6.658000,0.488340,1.313780,7.669920,255.254780,-333.882230,75581.015630,,3.309450,-367.308810
6.660000,0.801090,1.157410,7.218750,255.289950,-333.881870,76058.796880,,3.428650,-367.310610
6.662000,0.925420,0.581910,5.998540,255.327450,-333.882630,75916.414060,,3.526060,-367.311490
6.664000,0.735720,0.264040,4.040040,255.364930,-333.883420,76345.664060,1.000000,3.686280,-367.310640
6.666000,0.398620,0.179440,3.732420,255.401350,-333.883090,75814.101560,,3.496580,-367.308530
6.668000,0.032040,0.405030,5.137210,255.436200,-333.883360,75862.617190,,3.646550,-367.306060
6.670000,-0.135860,0.698550,5.690920,255.470000,-333.883390,76132.625000,,3.574770,-367.304690
6.672000,0.061520,0.844670,6.326660,255.503830,-333.882450,75880.554690,1.000000,3.353030,-367.305760
6.672000,0.061520,0.844670,6.326660,255.503830,-333.882450,75880.554690,1.000000,3.353030,-367.305760
6.674000,0.498600,0.834410,5.701170,255.538350,-333.882260,76201.171880,,3.477360,-367.308290
6.676000,0.799800,0.474240,4.501460,255.574520,-333.882810,75808.835940,,3.513240,-367.310550
6.678000,0.767760,0.326840,2.942870,255.610660,-333.883510,76188.523440,,3.651670,-367.311000
6.680000,0.437070,0.397340,2.430180,255.645780,-333.883210,75969.148440,1.000000,3.499150,-367.309600
6.680000,0.437070,0.397340,2.430180,255.645780,-333.883210,75969.148440,1.000000,3.499150,-367.309600
6.682000,0.135860,0.706240,4.839840,255.679750,-333.883510,75679.109380,,3.646550,-367.307800
6.684000,0.130740,1.102290,6.593260,255.712950,-333.883790,76084.101560,,3.676030,-367.307250
6.686000,0.416560,1.283020,7.690430,255.746520,-333.882450,75745.546880,,3.317140,-367.308470
6.688000,0.721620,1.207400,7.639160,255.781400,-333.881840,75829.921880,1.000000,3.414550,-367.310270
6.690000,0.901060,0.688290,6.367680,255.818620,-333.882390,75421.757810,,3.496580,-367.311460
6.692000,0.790830,0.315310,4.306640,255.856320,-333.883360,76010.273440,,3.683720,-367.311040
6.694000,0.476810,0.183290,3.486330,255.892940,-333.883150,76018.710940,,3.526060,-367.309140
6.696000,0.094850,0.347350,4.665530,255.928150,-333.883210,75743.437500,1.000000,3.586300,-367.306640
6.698000,-0.148680,0.684450,5.947270,255.961930,-333.883540,75781.414060,,3.645260,-367.304870
6.700000,-0.023070,0.886960,6.306150,255.995530,-333.882660,75569.414060,,3.368410,-367.305390
6.702000,0.381960,0.947200,6.039550,256.029660,-333.882200,76039.804690,,3.429930,-367.307770
6.704000,0.765200,0.613950,4.706540,256.065520,-333.882660,75840.476560,1.000000,3.502990,-367.310300
6.704000,0.765200,0.613950,4.706540,256.065520,-333.882660,75840.476560,1.000000,3.502990,-367.310300
6.706000,0.816470,0.342220,3.035160,256.102020,-333.883420,75967.031250,,3.623470,-367.311280
6.708000,0.525510,0.334530,2.440430,256.137630,-333.883270,76124.187500,,3.529910,-367.310180
6.710000,0.194820,0.520390,4.327150,256.172240,-333.883270,75649.578130,,3.576050,-367.308290
6.712000,0.084590,0.912600,6.706050,256.205810,-333.883910,75776.132810,1.000000,3.717040,-367.307250
6.714000,0.330690,1.147160,7.864750,256.239320,-333.882780,75481.875000,,3.367130,-367.308070
6.716000,0.643430,1.184330,7.690430,256.273770,-333.881900,76014.500000,,3.358150,-367.309840
6.718000,0.890810,0.747250,6.408690,256.310390,-333.882290,75960.703130,,3.490170,-367.311310
6.720000,0.853640,0.284550,4.778320,256.348180,-333.883330,76112.578130,1.000000,3.655520,-367.311370
6.720000,0.853640,0.284550,4.778320,256.348180,-333.883330,76112.578130,1.000000,3.655520,-367.311370
6.722000,0.566530,0.144840,3.609380,256.384920,-333.883360,76064.062500,,3.581180,-367.309780
6.724000,0.194820,0.240970,4.727050,256.420230,-333.883120,76108.359380,,3.546570,-367.307310
6.726000,-0.110230,0.637020,5.967770,256.453980,-333.883580,75852.078130,,3.665770,-367.305180
6.728000,-0.067930,0.867740,6.316410,256.487340,-333.882840,75861.562500,1.000000,3.408140,-367.305020
6.730000,0.280700,0.968990,5.865230,256.521210,-333.882110,76134.726560,,3.383790,-367.307040
6.732000,0.697270,0.687010,4.829590,256.556700,-333.882450,76067.226560,,3.476070,-367.309630
6.734000,0.817750,0.308900,3.291500,256.593350,-333.883270,76224.382810,,3.601680,-367.310970
6.736000,0.587040,0.279420,2.389160,256.629270,-333.883420,76030.320310,1.000000,3.552980,-367.310270
6.738000,0.256350,0.402470,3.927250,256.664090,-333.883210,75965.976560,,3.523500,-367.308470
6.740000,0.075620,0.834410,6.183110,256.697660,-333.883910,75737.117190,,3.740110,-367.307190
6.742000,0.292240,1.126650,7.628910,256.730930,-333.883240,75760.312500,,3.450440,-367.307740
6.744000,0.589600,1.259950,7.372560,256.764860,-333.881990,75733.953130,1.000000,3.333800,-367.309360
6.744000,0.589600,1.259950,7.372560,256.764860,-333.881990,75733.953130,1.000000,3.333800,-367.309360
6.746000,0.852360,0.952330,7.034180,256.800840,-333.882170,75934.335940,,3.461980,-367.310910
6.748000,0.875430,0.425540,4.942380,256.838530,-333.883090,75932.226560,,3.613220,-367.311250
6.750000,0.624210,0.242250,3.855470,256.875520,-333.883480,75642.187500,,3.615780,-367.309910
6.752000,0.270450,0.244810,4.521970,256.911320,-333.883090,75998.679690,1.000000,3.506840,-367.307620
6.754000,-0.060240,0.563960,5.639650,256.945590,-333.883510,75870.007810,,3.681150,-367.305360
6.756000,-0.091000,0.795960,6.131840,256.979280,-333.883150,75838.359380,,3.463260,-367.304750
6.758000,0.196110,0.931820,5.875490,257.013120,-333.882200,75718.125000,,3.356870,-367.306460
6.760000,0.626770,0.770320,5.034670,257.048280,-333.882390,75746.601560,1.000000,3.461980,-367.309080
6.762000,0.825440,0.334530,3.711910,257.084990,-333.883180,75957.539060,,3.556820,-367.310820
6.764000,0.657530,0.210210,2.748050,257.121250,-333.883540,75574.695310,,3.599120,-367.310520
6.766000,0.326840,0.271730,3.383790,257.156460,-333.883240,76053.515630,,3.486330,-367.308870
6.768000,0.091000,0.662660,5.865230,257.190190,-333.883880,75887.929690,1.000000,3.734990,-367.307310
6.768000,0.091000,0.662660,5.865230,257.190190,-333.883880,75887.929690,1.000000,3.734990,-367.307310
6.770000,0.221740,1.049740,7.157230,257.223270,-333.883640,75661.179690,,3.531190,-367.307460
6.772000,0.520390,1.250980,7.762210,257.256770,-333.882170,75722.343750,,3.309450,-367.308960
6.774000,0.810060,1.088200,7.146970,257.291990,-333.881990,75504.031250,,3.435060,-367.310700
6.776000,0.903630,0.510130,5.496090,257.329470,-333.882810,76198.007810,1.000000,3.547850,-367.311400
6.778000,0.694700,0.240970,4.091310,257.366730,-333.883510,75875.273440,,3.670900,-367.310360
6.780000,0.358890,0.193540,3.927250,257.402890,-333.883120,76107.304690,,3.494020,-367.308230
6.782000,0.003850,0.474240,5.332030,257.437440,-333.883450,75919.578130,,3.663210,-367.305820
6.784000,-0.123050,0.792110,6.090820,257.471040,-333.883360,76113.632810,1.000000,3.540160,-367.304720
6.784000,-0.123050,0.792110,6.090820,257.471040,-333.883360,76113.632810,1.000000,3.540160,-367.304720
6.786000,0.099980,0.942080,6.121580,257.504760,-333.882350,75844.687500,,3.341490,-367.305970
6.788000,0.537050,0.880550,5.731930,257.539430,-333.882260,75868.945310,,3.472230,-367.308530
6.790000,0.808780,0.458860,4.132320,257.575930,-333.882900,76312.976560,,3.514530,-367.310640
6.792000,0.738280,0.269170,3.045410,257.612340,-333.883540,75977.585940,1.000000,3.649110,-367.310910
6.794000,0.403750,0.308900,2.922360,257.647710,-333.883240,76205.398440,,3.486330,-367.309390
6.796000,0.116640,0.630620,4.932130,257.681760,-333.883670,75851.023440,,3.673460,-367.307650
6.798000,0.149960,1.047180,6.890630,257.714870,-333.883790,75898.484380,,3.645260,-367.307280
6.800000,0.447330,1.249690,7.731450,257.748380,-333.882420,75810.937500,1.000000,3.310730,-367.308620
6.802000,0.760070,1.156130,7.485350,257.783290,-333.881840,75643.242190,,3.431210,-367.310460
6.804000,0.929260,0.625490,6.265140,257.820590,-333.882480,75791.960940,,3.508120,-367.311580
6.806000,0.786990,0.269170,4.224610,257.858180,-333.883420,75815.156250,,3.699100,-367.310940
6.808000,0.456300,0.164060,3.527340,257.894710,-333.883120,75919.578130,1.000000,3.522220,-367.308960
6.808000,0.456300,0.164060,3.527340,257.894710,-333.883120,75919.578130,1.000000,3.522220,-367.308960
6.810000,0.069210,0.356320,4.860350,257.929750,-333.883240,75665.398440,,3.606810,-367.306370
6.812000,-0.157650,0.674190,5.926760,257.963530,-333.883450,75932.226560,,3.628600,-367.304690
6.814000,-0.012820,0.874150,6.060060,257.997160,-333.882540,75822.546880,,3.351750,-367.305360
6.816000,0.411440,0.926700,6.111330,258.031310,-333.882170,75920.625000,1.000000,3.451720,-367.307860
6.816000,0.411440,0.926700,6.111330,258.031310,-333.882170,75920.625000,1.000000,3.451720,-367.307860
6.818000,0.779300,0.596010,4.819340,258.067200,-333.882660,75859.453130,,3.502990,-367.310360
6.820000,0.815190,0.352480,3.229980,258.103580,-333.883510,75810.937500,,3.640140,-367.311220
6.822000,0.510130,0.351200,2.389160,258.139010,-333.883270,75937.500000,,3.526060,-367.310030
6.824000,0.175600,0.567810,4.347660,258.173400,-333.883360,75808.835940,1.000000,3.596560,-367.308140
6.826000,0.094850,0.981810,6.706050,258.206670,-333.883910,75873.171880,,3.715760,-367.307190
6.828000,0.355040,1.235600,7.536620,258.239990,-333.882660,75730.781250,,3.341490,-367.308170
6.830000,0.671630,1.259950,7.946780,258.274440,-333.881810,75877.382810,,3.368410,-367.309970
6.832000,0.894650,0.789550,6.583010,258.311250,-333.882260,75768.750000,1.000000,3.486330,-367.311370
6.834000,0.829280,0.337100,4.880860,258.349090,-333.883330,75768.750000,,3.664490,-367.311250
6.836000,0.535770,0.164060,3.424800,258.385990,-333.883330,76205.398440,,3.563230,-367.309540
6.838000,0.158940,0.269170,4.511720,258.421510,-333.883120,75783.515630,,3.551700,-367.307070
6.840000,-0.126890,0.646000,5.803710,258.455380,-333.883610,75991.289060,1.000000,3.661930,-367.305050
6.840000,-0.126890,0.646000,5.803710,258.455380,-333.883610,75991.289060,1.000000,3.661930,-367.305050
6.842000,-0.058960,0.860050,6.306150,258.488920,-333.882810,75855.242190,,3.397890,-367.305110
6.844000,0.311460,0.979250,6.398440,258.522860,-333.882170,76133.679690,,3.392760,-367.307280
6.846000,0.719060,0.701110,4.819340,258.558380,-333.882540,75947.000000,,3.490170,-367.309880
6.848000,0.825440,0.365300,3.394040,258.594880,-333.883330,75996.562500,1.000000,3.613220,-367.311160
6.848000,0.825440,0.365300,3.394040,258.594880,-333.883330,75996.562500,1.000000,3.613220,-367.311160
6.850000,0.579350,0.344790,2.317380,258.630580,-333.883390,76423.718750,,3.546570,-367.310360
6.852000,0.243530,0.470400,4.019530,258.665310,-333.883240,75771.914060,,3.545290,-367.308500
6.854000,0.076900,0.863890,6.398440,258.698910,-333.883910,75882.664060,,3.732420,-367.307220
6.856000,0.302490,1.113830,7.710940,258.732330,-333.883090,75488.210940,1.000000,3.419680,-367.307830
6.858000,0.603700,1.211240,7.618650,258.766510,-333.881870,75767.703130,,3.335080,-367.309510
6.860000,0.872860,0.849790,6.777830,258.802800,-333.882110,75877.382810,,3.464540,-367.311070
6.862000,0.871580,0.324280,4.655270,258.840640,-333.883150,75993.398440,,3.626040,-367.311310
6.864000,0.603700,0.135860,3.537600,258.877750,-333.883480,76217.000000,1.000000,3.609380,-367.309840
6.866000,0.248660,0.158940,4.409180,258.913480,-333.883120,76038.750000,,3.514530,-367.307500
6.868000,-0.074340,0.542180,5.772950,258.947480,-333.883580,75801.445310,,3.687560,-367.305270
6.870000,-0.076900,0.816470,6.336910,258.980830,-333.883090,75319.453130,,3.447880,-367.304840
6.872000,0.228150,0.975400,5.967770,259.014500,-333.882170,75907.968750,1.000000,3.373540,-367.306610
6.872000,0.228150,0.975400,5.967770,259.014500,-333.882170,75907.968750,1.000000,3.373540,-367.306610
6.874000,0.644710,0.806210,4.839840,259.049500,-333.882390,75930.117190,,3.463260,-367.309200
6.876000,0.815190,0.415280,3.486330,259.086000,-333.883210,75870.007810,,3.576050,-367.310790
6.878000,0.628050,0.344790,2.368650,259.121950,-333.883510,76109.414060,,3.578610,-367.310360
6.880000,0.302490,0.401180,3.701660,259.157040,-333.883210,75685.429690,1.000000,3.491460,-367.308690
6.882000,0.085880,0.761350,5.988280,259.190890,-333.883880,75719.187500,,3.737550,-367.307250
6.884000,0.240970,1.063840,7.393070,259.224240,-333.883480,75367.976560,,3.496580,-367.307500
6.886000,0.533200,1.222780,7.649410,259.258090,-333.882110,75798.281250,,3.315860,-367.309050
6.888000,0.812620,1.018980,6.870120,259.293640,-333.882080,75936.445310,1.000000,3.444030,-367.310730
6.890000,0.889530,0.476810,5.608890,259.331210,-333.882970,76053.515630,,3.563230,-367.311340
6.892000,0.676760,0.256350,3.763180,259.368350,-333.883510,75834.140630,,3.647830,-367.310240
6.894000,0.339660,0.220460,4.450200,259.404420,-333.883150,75632.703130,,3.488890,-367.308110
6.896000,-0.002560,0.533200,5.485840,259.438810,-333.883510,76175.867190,1.000000,3.674740,-367.305760
6.896000,-0.002560,0.533200,5.485840,259.438810,-333.883510,76175.867190,1.000000,3.674740,-367.305760
6.898000,-0.101260,0.835690,6.121580,259.472410,-333.883360,75759.257810,,3.511960,-367.304810
6.900000,0.138430,0.995910,6.090820,259.506160,-333.882350,76151.609380,,3.351750,-367.306150
6.902000,0.569090,0.902340,5.301270,259.540990,-333.882290,75884.773440,,3.463260,-367.308690
6.904000,0.811340,0.492190,4.081050,259.577580,-333.883000,76370.984380,1.000000,3.526060,-367.310640
6.906000,0.703670,0.334530,2.881350,259.613950,-333.883540,75936.445310,,3.633730,-367.310640
6.908000,0.371700,0.357600,3.178710,259.649410,-333.883240,75912.195310,,3.478640,-367.309110
6.910000,0.098690,0.657530,5.208980,259.683590,-333.883760,76222.273440,,3.700380,-367.307400
6.912000,0.167910,1.010010,6.962400,259.717010,-333.883790,75694.921880,1.000000,3.608090,-367.307220
6.912000,0.167910,1.010010,6.962400,259.717010,-333.883790,75694.921880,1.000000,3.608090,-367.307220
6.914000,0.474240,1.179200,7.833980,259.750760,-333.882350,76202.234380,,3.314580,-367.308690
6.916000,0.775450,1.086910,7.146970,259.785800,-333.881870,75600.000000,,3.438900,-367.310490
6.918000,0.924130,0.560120,6.008790,259.823090,-333.882570,76007.109380,,3.523500,-367.311490
6.920000,0.754940,0.252500,4.183590,259.860440,-333.883420,76134.726560,1.000000,3.692690,-367.310760
6.922000,0.425540,0.178160,3.578610,259.896790,-333.883090,75809.890630,,3.511960,-367.308690
6.924000,0.055110,0.388370,5.014160,259.931670,-333.883270,75843.640630,,3.628600,-367.306210
6.926000,-0.132020,0.703670,5.731930,259.965450,-333.883390,75892.148440,,3.605530,-367.304780
6.928000,0.037170,0.870300,6.019040,259.999210,-333.882450,75905.859380,1.000000,3.350460,-367.305630
6.930000,0.463990,0.898500,5.721680,260.033540,-333.882200,75714.960940,,3.470950,-367.308110
6.932000,0.785710,0.530640,4.686040,260.069700,-333.882720,76086.218750,,3.508120,-367.310420
6.934000,0.778020,0.326840,3.045410,260.106110,-333.883510,76073.554690,,3.647830,-367.311040
6.936000,0.458860,0.357600,2.583980,260.141510,-333.883240,75732.890630,1.000000,3.515810,-367.309690
6.936000,0.458860,0.357600,2.583980,260.141510,-333.883240,75732.890630,1.000000,3.515810,-367.309690
6.938000,0.138430,0.610110,4.604000,260.175810,-333.883450,75847.851560,,3.622190,-367.307830
6.940000,0.097410,1.007450,6.798340,260.209110,-333.883850,75583.125000,,3.708070,-367.307130
6.942000,0.381960,1.209960,7.434080,260.242680,-333.882540,75762.421880,,3.333800,-367.308290
6.944000,0.703670,1.159970,7.721190,260.277440,-333.881840,75479.773440,1.000000,3.399170,-367.310210
6.944000,0.703670,1.159970,7.721190,260.277440,-333.881840,75479.773440,1.000000,3.399170,-367.310210
6.946000,0.917720,0.652400,6.511230,260.314480,-333.882320,75974.421880,,3.495300,-367.311580
6.948000,0.833130,0.242250,4.614260,260.352290,-333.883360,76074.617190,,3.676030,-367.311310
6.950000,0.522950,0.111510,3.681150,260.389040,-333.883240,75949.101560,,3.547850,-367.309510
6.952000,0.135860,0.248660,4.532230,260.424440,-333.883120,75756.093750,1.000000,3.567080,-367.306980
6.954000,-0.132020,0.583190,5.937010,260.458340,-333.883540,75611.601560,,3.646550,-367.305020
6.956000,-0.043580,0.790830,6.111330,260.492030,-333.882690,75994.453130,,3.383790,-367.305270
6.958000,0.343510,0.892090,6.152340,260.526060,-333.882200,75781.414060,,3.411990,-367.307500
6.960000,0.728030,0.638310,4.942380,260.561580,-333.882570,76128.398440,1.000000,3.502990,-367.310000
6.962000,0.802370,0.360170,3.455570,260.597960,-333.883390,76190.632810,,3.623470,-367.311130
6.964000,0.539610,0.403750,2.358400,260.633330,-333.883360,76180.078130,,3.547850,-367.310210
6.966000,0.207640,0.612670,4.204100,260.667660,-333.883240,75706.531250,,3.564510,-367.308350
6.968000,0.071780,1.034360,6.490720,260.700990,-333.883910,75801.445310,1.000000,3.731140,-367.307190
6.970000,0.314030,1.250980,7.464840,260.734410,-333.882930,76042.976560,,3.406860,-367.307980
6.972000,0.626770,1.288150,7.792970,260.768860,-333.881840,75794.070310,,3.341490,-367.309750
6.974000,0.895940,0.856200,6.767580,260.805510,-333.882110,76990.078130,,3.478640,-367.311310
6.976000,0.879270,0.339660,4.716800,260.843540,-333.883150,75789.843750,1.000000,3.636290,-367.311460
6.976000,0.879270,0.339660,4.716800,260.843540,-333.883150,75789.843750,1.000000,3.636290,-367.311460
6.978000,0.596010,0.153810,3.568360,260.880740,-333.883360,76170.585940,,3.595280,-367.309910
6.980000,0.220460,0.173030,4.357910,260.916660,-333.883060,75939.617190,,3.524780,-367.307430
6.982000,-0.110230,0.524230,5.660160,260.950960,-333.883510,75793.015630,,3.678590,-367.305150
6.984000,-0.093570,0.761350,6.172850,260.984590,-333.882970,75819.375000,1.000000,3.437620,-367.304780
6.984000,-0.093570,0.761350,6.172850,260.984590,-333.882970,75819.375000,1.000000,3.437620,-367.304780
6.986000,0.231990,0.935670,6.172850,261.018430,-333.882170,75820.429690,,3.385070,-367.306700
6.988000,0.667790,0.772890,4.901370,261.053530,-333.882450,75963.867190,,3.479920,-367.309390
6.990000,0.831850,0.429380,3.322270,261.089870,-333.883240,75775.078130,,3.596560,-367.310940
6.992000,0.625490,0.385800,2.389160,261.125700,-333.883480,76168.476560,1.000000,3.574770,-367.310460
6.994000,0.289670,0.481930,3.496580,261.160550,-333.883210,75896.375000,,3.510680,-367.308690
6.996000,0.079470,0.893370,6.275390,261.194150,-333.883820,75745.546880,,3.738830,-367.307250
6.998000,0.257630,1.179200,7.372560,261.227480,-333.883300,75629.531250,,3.465820,-367.307590
7.000000,0.554990,1.298400,7.895510,261.261510,-333.881960,75568.359380,1.000000,3.320980,-367.309140
7.002000,0.836980,0.983090,6.726560,261.297580,-333.882050,75826.757810,,3.442750,-367.310820
7.004000,0.894650,0.374270,5.239750,261.335660,-333.883000,75784.578130,,3.585020,-367.311340
7.006000,0.661380,0.121770,3.558110,261.373170,-333.883510,76045.085940,,3.636290,-367.310150
7.008000,0.316590,0.096130,4.265630,261.409360,-333.883150,75940.671880,1.000000,3.495300,-367.307920
7.008000,0.316590,0.096130,4.265630,261.409360,-333.883150,75940.671880,1.000000,3.495300,-367.307920
7.010000,-0.034610,0.461430,5.937010,261.443660,-333.883510,75945.937500,,3.681150,-367.305510
7.012000,-0.114070,0.792110,6.265140,261.477050,-333.883270,75713.906250,,3.491460,-367.304690
7.014000,0.147400,0.968990,6.275390,261.510620,-333.882290,75600.000000,,3.362000,-367.306180
7.016000,0.583190,0.861330,5.167970,261.545410,-333.882350,76158.992190,1.000000,3.465820,-367.308780
7.018000,0.816470,0.446040,3.506840,261.581910,-333.883090,75915.351560,,3.533750,-367.310700
7.020000,0.690860,0.366580,2.768550,261.617890,-333.883510,76290.828130,,3.615780,-367.310640
7.022000,0.365300,0.428100,3.271000,261.653110,-333.883210,75987.078130,,3.469670,-367.309110
7.024000,0.099980,0.784420,5.783200,261.686950,-333.883760,75903.750000,1.000000,3.709350,-367.307430
7.026000,0.184570,1.135620,7.280270,261.720250,-333.883640,75713.906250,,3.559390,-367.307310
7.028000,0.488340,1.283020,7.833980,261.754030,-333.882290,75718.125000,,3.317140,-367.308780
7.030000,0.785710,1.122800,6.921390,261.789370,-333.881990,76075.671880,,3.441470,-367.310550
7.032000,0.907470,0.553710,5.537110,261.826930,-333.882750,75967.031250,1.000000,3.536320,-367.311400
7.032000,0.907470,0.553710,5.537110,261.826930,-333.882750,75967.031250,1.000000,3.536320,-367.311400
7.034000,0.717770,0.252500,4.122070,261.864440,-333.883510,76321.414060,,3.687560,-367.310490
7.036000,0.385800,0.193540,3.896480,261.900790,-333.883120,75703.359380,,3.504270,-367.308410
7.038000,0.034610,0.443480,5.239750,261.935520,-333.883390,76023.984380,,3.649110,-367.306030
7.040000,-0.112790,0.774170,5.926760,261.969240,-333.883390,75912.195310,1.000000,3.577330,-367.304840
7.042000,0.087160,0.938230,6.101070,262.002960,-333.882390,75813.054690,,3.345340,-367.305910
7.044000,0.513980,0.926700,5.403810,262.037540,-333.882170,76019.773440,,3.469670,-367.308380
7.046000,0.802370,0.526790,4.265630,262.073940,-333.882780,76100.984380,,3.505550,-367.310580
7.048000,0.756230,0.312740,2.963380,262.110470,-333.883510,75997.625000,1.000000,3.647830,-367.310910
7.048000,0.756230,0.312740,2.963380,262.110470,-333.883510,75997.625000,1.000000,3.647830,-367.310910
7.050000,0.431950,0.329410,2.881350,262.146000,-333.883240,75663.289060,,3.497860,-367.309510
7.052000,0.132020,0.587040,4.860350,262.180390,-333.883540,75861.562500,,3.636290,-367.307710
7.054000,0.121770,1.015140,6.706050,262.213590,-333.883850,75712.851560,,3.682430,-367.307160
7.056000,0.412720,1.262510,7.751950,262.246980,-333.882510,75650.632810,1.000000,3.323550,-367.308410
7.058000,0.730590,1.242000,7.177730,262.281520,-333.881840,75843.640630,,3.414550,-367.310270
7.060000,0.921570,0.724180,6.480470,262.318510,-333.882420,75823.601560,,3.505550,-367.311550
7.062000,0.806210,0.302490,4.409180,262.356200,-333.883420,76010.273440,,3.692690,-367.311130
7.064000,0.484500,0.164060,3.804200,262.392850,-333.883180,75648.523440,1.000000,3.535030,-367.309170
7.066000,0.097410,0.328130,4.655270,262.428040,-333.883180,75843.640630,,3.587590,-367.306640
7.068000,-0.139710,0.679320,5.762700,262.461880,-333.883480,75849.960940,,3.633730,-367.304900
7.070000,-0.011540,0.874150,6.090820,262.495610,-333.882570,75880.554690,,3.356870,-367.305420
7.072000,0.390930,0.915160,5.701170,262.529910,-333.882200,75750.828130,1.000000,3.432500,-367.307740
7.072000,0.390930,0.915160,5.701170,262.529910,-333.882200,75750.828130,1.000000,3.432500,-367.307740
7.074000,0.756230,0.572940,5.137210,262.565980,-333.882630,75851.023440,,3.500430,-367.310210
7.076000,0.807500,0.270450,3.250490,262.602690,-333.883480,76134.726560,,3.631160,-367.311160
7.078000,0.519100,0.290950,2.645510,262.638310,-333.883360,75912.195310,,3.538880,-367.310060
7.080000,0.185850,0.535770,4.163090,262.672640,-333.883330,75913.250000,1.000000,3.579900,-367.308170
7.080000,0.185850,0.535770,4.163090,262.672640,-333.883330,75913.250000,1.000000,3.579900,-367.308170
7.082000,0.075620,0.990780,6.552250,262.705810,-333.883940,75893.203130,,3.731140,-367.307130
7.084000,0.326840,1.252260,7.577640,262.739010,-333.882810,75964.921880,,3.373540,-367.308010
7.086000,0.649840,1.288150,7.618650,262.773250,-333.881810,75746.601560,,3.350460,-367.309840
7.088000,0.901060,0.845950,6.931640,262.809750,-333.882200,75930.117190,1.000000,3.486330,-367.311370
7.090000,0.857480,0.352480,4.768070,262.847600,-333.883240,76209.617190,,3.649110,-367.311370
7.092000,0.561400,0.152530,3.599120,262.884670,-333.883300,76016.609380,,3.576050,-367.309720
7.094000,0.192260,0.179440,4.491210,262.920470,-333.883090,76094.648440,,3.538880,-367.307310
7.096000,-0.099980,0.517820,5.608890,262.954710,-333.883540,75752.929690,1.000000,3.670900,-367.305210
7.098000,-0.048710,0.740840,6.019040,262.988430,-333.882870,76023.984380,,3.414550,-367.305110
7.100000,0.294800,0.890810,6.162600,263.022370,-333.882170,75842.585940,,3.397890,-367.307100
7.102000,0.710080,0.697270,5.044920,263.057620,-333.882510,75973.359380,,3.490170,-367.309660
7.104000,0.825440,0.379390,3.353030,263.094090,-333.883300,76010.273440,1.000000,3.608090,-367.311000
7.104000,0.825440,0.379390,3.353030,263.094090,-333.883300,76010.273440,1.000000,3.608090,-367.311000
7.106000,0.596010,0.362730,2.440430,263.129760,-333.883480,76035.593750,,3.569640,-367.310270
7.108000,0.256350,0.496030,3.732420,263.164400,-333.883240,75786.679690,,3.533750,-367.308410
7.110000,0.064090,0.944640,6.162600,263.197750,-333.883880,75626.375000,,3.741390,-367.307040
7.112000,0.267880,1.242000,7.628910,263.230900,-333.883120,75996.562500,1.000000,3.441470,-367.307530
7.114000,0.580630,1.358640,7.567380,263.264860,-333.881840,75823.601560,,3.323550,-367.309270
7.116000,0.872860,1.025390,7.167480,263.300930,-333.881990,75886.875000,,3.444030,-367.310940
7.118000,0.908750,0.435790,4.993650,263.338900,-333.883000,75867.898440,,3.595280,-367.311400
7.120000,0.649840,0.160220,3.588870,263.376460,-333.883480,75722.343750,1.000000,3.623470,-367.310060
7.120000,0.649840,0.160220,3.588870,263.376460,-333.883480,75722.343750,1.000000,3.623470,-367.310060
7.122000,0.289670,0.083310,4.255370,263.412810,-333.883090,75898.484380,,3.492740,-367.307740
7.124000,-0.053830,0.414000,5.588380,263.447270,-333.883540,75284.656250,,3.683720,-367.305360
7.126000,-0.098690,0.703670,6.377930,263.480830,-333.883180,75990.234380,,3.467100,-367.304690
7.128000,0.185850,0.912600,6.275390,263.514430,-333.882260,75875.273440,1.000000,3.369690,-367.306300
7.130000,0.622920,0.815190,5.352540,263.549190,-333.882390,76097.812500,,3.461980,-367.308960
7.132000,0.838260,0.431950,3.547850,263.585510,-333.883150,75917.460940,,3.551700,-367.310760
7.134000,0.688290,0.351200,2.573730,263.621460,-333.883510,75743.437500,,3.599120,-367.310580
7.136000,0.351200,0.422970,3.363280,263.656520,-333.883210,76011.328130,1.000000,3.481200,-367.308900
7.136000,0.351200,0.422970,3.363280,263.656520,-333.883210,76011.328130,1.000000,3.481200,-367.308900
7.138000,0.087160,0.793400,5.588380,263.690310,-333.883790,75506.132810,,3.726010,-367.307190
7.140000,0.178160,1.108700,7.444340,263.723660,-333.883510,75937.500000,,3.518370,-367.307130
7.142000,0.484500,1.250980,7.895510,263.757540,-333.882170,75821.492190,,3.315860,-367.308650
7.144000,0.794680,1.035640,7.198240,263.793120,-333.881990,76105.203130,1.000000,3.436340,-367.310490
7.146000,0.920290,0.457580,5.352540,263.830840,-333.882810,75992.343750,,3.549130,-367.311370
7.148000,0.728030,0.180730,4.132320,263.868260,-333.883510,75872.109380,,3.669620,-367.310520
7.150000,0.390930,0.124330,3.958010,263.904510,-333.883120,76291.882810,,3.496580,-367.308410
7.152000,0.025630,0.402470,5.547360,263.939090,-333.883450,75778.250000,1.000000,3.661930,-367.305940
7.152000,0.025630,0.402470,5.547360,263.939090,-333.883450,75778.250000,1.000000,3.661930,-367.305940
7.154000,-0.117920,0.742130,6.306150,263.972560,-333.883360,76229.648440,,3.550420,-367.304720
7.156000,0.096130,0.936950,6.152340,264.006010,-333.882350,75733.953130,,3.342770,-367.305880
7.158000,0.530640,0.929260,5.455080,264.040440,-333.882200,76016.609380,,3.465820,-367.308410
7.160000,0.807500,0.525510,3.875980,264.076750,-333.882840,76006.054690,1.000000,3.509400,-367.310520
7.162000,0.744690,0.349910,2.819820,264.113070,-333.883510,76114.695310,,3.640140,-367.310790
7.164000,0.412720,0.369140,2.932620,264.148560,-333.883210,76096.757810,,3.482480,-367.309330
7.166000,0.121770,0.653690,5.321780,264.182800,-333.883640,75707.585940,,3.665770,-367.307590
7.168000,0.139710,1.043330,6.921390,264.216090,-333.883790,75712.851560,1.000000,3.650390,-367.307130
7.170000,0.431950,1.257390,7.731450,264.249660,-333.882450,75554.648440,,3.319700,-367.308440
7.172000,0.738280,1.202270,7.290530,264.284450,-333.881870,75723.406250,,3.435060,-367.310270
7.174000,0.915160,0.667790,5.957520,264.321660,-333.882540,75779.304690,,3.518370,-367.311460
7.176000,0.781860,0.312740,4.327150,264.359160,-333.883450,75954.382810,1.000000,3.700380,-367.310910
7.176000,0.781860,0.312740,4.327150,264.359160,-333.883450,75954.382810,1.000000,3.700380,-367.310910
7.178000,0.462710,0.210210,3.855470,264.395570,-333.883150,75834.140630,,3.529910,-367.308960
7.180000,0.083310,0.394780,5.188480,264.430600,-333.883240,75655.898440,,3.610660,-367.306490
7.182000,-0.128170,0.704960,5.793460,264.464390,-333.883390,75895.320310,,3.620910,-367.304870
7.184000,0.015380,0.867740,5.998540,264.498170,-333.882450,75839.421880,1.000000,3.346620,-367.305540
7.186000,0.424260,0.889530,5.701170,264.532530,-333.882110,75902.695310,,3.440190,-367.307920
7.188000,0.765200,0.537050,4.480960,264.568660,-333.882630,76023.984380,,3.499150,-367.310300
7.190000,0.779300,0.276860,3.496580,264.605290,-333.883480,76013.445310,,3.635010,-367.311040
7.192000,0.480650,0.288390,2.655760,264.640900,-333.883300,75935.390630,1.000000,3.524780,-367.309810
7.194000,0.158940,0.528080,4.788570,264.675290,-333.883390,75804.609380,,3.591430,-367.308010
7.196000,0.092290,0.965150,6.459960,264.708530,-333.883940,75901.648440,,3.726010,-367.307190
7.198000,0.365300,1.235600,7.444340,264.741730,-333.882720,75651.679690,,3.358150,-367.308230
7.200000,0.679320,1.291990,7.444340,264.775940,-333.881840,76019.773440,1.000000,3.378660,-367.310090
7.200000,0.679320,1.291990,7.444340,264.775940,-333.881840,76019.773440,1.000000,3.378660,-367.310090
7.202000,0.910030,0.861330,6.583010,264.812410,-333.882260,75836.257810,,3.496580,-367.311490
7.204000,0.845950,0.416560,5.157710,264.850010,-333.883330,76658.914060,,3.665770,-367.311340
7.206000,0.540890,0.258910,3.629880,264.886720,-333.883270,75851.023440,,3.565800,-367.309600
7.208000,0.155090,0.342220,4.942380,264.922180,-333.883090,75928.015630,1.000000,3.555540,-367.307070
7.210000,-0.129460,0.654970,5.362790,264.956300,-333.883510,76135.789060,,3.658080,-367.304990
7.212000,-0.056400,0.817750,5.865230,264.990200,-333.882750,75832.031250,,3.394040,-367.305110
7.214000,0.317870,0.894650,5.926760,265.024480,-333.882140,76267.625000,,3.397890,-367.307250
7.216000,0.720340,0.631900,4.891110,265.060150,-333.882540,75746.601560,1.000000,3.496580,-367.309810
7.216000,0.720340,0.631900,4.891110,265.060150,-333.882540,75746.601560,1.000000,3.496580,-367.309810
7.218000,0.810060,0.299930,3.609380,265.096860,-333.883360,76319.304690,,3.618350,-367.311040
7.220000,0.554990,0.281980,2.440430,265.132660,-333.883420,75996.562500,,3.561950,-367.310180
7.222000,0.228150,0.439640,3.999020,265.167360,-333.883240,75887.929690,,3.551700,-367.308350
7.224000,0.076900,0.892090,6.101070,265.200710,-333.883910,75804.609380,1.000000,3.746520,-367.307160
7.226000,0.310180,1.195860,7.352050,265.233760,-333.883060,75816.210940,,3.428650,-367.307830
7.228000,0.610110,1.312500,7.587890,265.267700,-333.881810,76016.609380,,3.332520,-367.309540
7.230000,0.877990,0.938230,7.064940,265.303830,-333.882050,75362.695310,,3.464540,-367.311100
7.232000,0.880550,0.405030,5.055180,265.341610,-333.883060,76189.578130,1.000000,3.615780,-367.311310
7.234000,0.607540,0.196110,3.445310,265.378750,-333.883390,76054.570310,,3.609380,-367.309840
7.236000,0.242250,0.176880,4.296390,265.414640,-333.883060,75813.054690,,3.504270,-367.307430
7.238000,-0.087160,0.522950,5.342290,265.448910,-333.883510,75878.437500,,3.686280,-367.305150
7.240000,-0.091000,0.745970,6.090820,265.482570,-333.883090,75680.156250,1.000000,3.453000,-367.304720
7.240000,-0.091000,0.745970,6.090820,265.482570,-333.883090,75680.156250,1.000000,3.453000,-367.304720
7.242000,0.225590,0.874150,6.265140,265.516480,-333.882200,76118.914060,,3.383790,-367.306550
7.244000,0.662660,0.699830,5.311520,265.551670,-333.882420,75633.750000,,3.476070,-367.309230
7.246000,0.840820,0.321720,3.599120,265.588130,-333.883240,76000.789060,,3.582460,-367.310880
7.248000,0.651120,0.301210,2.471190,265.623900,-333.883510,76073.554690,1.000000,3.592710,-367.310490
7.250000,0.312740,0.414000,3.496580,265.658660,-333.883210,75717.070310,,3.501710,-367.308720
7.252000,0.082030,0.833130,5.793460,265.692170,-333.883790,75759.257810,,3.736270,-367.307160
7.254000,0.223020,1.156130,7.444340,265.725310,-333.883360,75487.156250,,3.490170,-367.307340
7.256000,0.529360,1.298400,7.916020,265.759090,-333.881990,75961.757810,1.000000,3.309450,-367.308960
7.258000,0.820310,1.057430,7.187990,265.794740,-333.881990,75825.710940,,3.433780,-367.310640
7.260000,0.903630,0.483220,5.373050,265.832490,-333.882870,76059.851560,,3.554260,-367.311340
7.262000,0.687010,0.226870,3.722170,265.869840,-333.883540,76023.984380,,3.655520,-367.310270
7.264000,0.347350,0.162780,4.122070,265.906130,-333.883150,76247.585940,1.000000,3.490170,-367.308110
7.264000,0.347350,0.162780,4.122070,265.906130,-333.883150,76247.585940,1.000000,3.490170,-367.308110
7.266000,-0.005130,0.437070,5.383300,265.940670,-333.883510,75800.398440,,3.672180,-367.305690
7.268000,-0.110230,0.742130,6.583010,265.974270,-333.883360,75856.289060,,3.526060,-367.304720
7.270000,0.133300,0.908750,6.265140,266.007930,-333.882320,76105.203130,,3.350460,-367.306060
7.272000,0.572940,0.834410,5.485840,266.042630,-333.882260,75933.281250,1.000000,3.467100,-367.308650
7.272000,0.572940,0.834410,5.485840,266.042630,-333.882260,75933.281250,1.000000,3.467100,-367.308650
7.274000,0.821590,0.403750,3.804200,266.079100,-333.882970,76299.257810,,3.526060,-367.310640
7.276000,0.721620,0.252500,2.645510,266.115330,-333.883510,76078.828130,,3.637570,-367.310730
7.278000,0.388370,0.288390,2.922360,266.150670,-333.883180,76066.179690,,3.477360,-367.309170
7.280000,0.105100,0.597290,5.250000,266.184780,-333.883640,75798.281250,1.000000,3.687560,-367.307430
7.282000,0.149960,0.968990,7.177730,266.218050,-333.883670,75724.460940,,3.595280,-367.307130
7.284000,0.452450,1.149720,7.803220,266.251680,-333.882320,76025.039060,,3.310730,-367.308530
7.286000,0.762630,1.040770,7.300780,266.286710,-333.881930,75840.476560,,3.447880,-367.310360
7.288000,0.922850,0.489620,5.690920,266.324100,-333.882660,75925.906250,1.000000,3.524780,-367.311460
7.290000,0.763920,0.157650,4.029790,266.361570,-333.883510,75787.734380,,3.702940,-367.310760
7.292000,0.433230,0.089720,3.927250,266.397830,-333.883150,75995.507810,,3.517090,-367.308750
7.294000,0.061520,0.369140,5.075680,266.432340,-333.883300,75826.757810,,3.635010,-367.306300
7.296000,-0.124330,0.751100,6.131840,266.465640,-333.883390,75741.328130,1.000000,3.606810,-367.304840
7.296000,-0.124330,0.751100,6.131840,266.465640,-333.883390,75741.328130,1.000000,3.606810,-367.304840
7.298000,0.041020,0.949770,6.060060,266.499020,-333.882420,75752.929690,,3.349180,-367.305660
7.300000,0.461430,0.927980,5.783200,266.533290,-333.882140,75823.601560,,3.461980,-367.308070
7.302000,0.779300,0.506290,4.245120,266.569610,-333.882660,76002.890630,,3.509400,-367.310360
7.304000,0.772890,0.249940,2.994140,266.606230,-333.883510,75511.406250,1.000000,3.646550,-367.310970
7.306000,0.463990,0.269170,2.789060,266.641780,-333.883210,76044.031250,,3.510680,-367.309660
7.308000,0.146120,0.533200,4.880860,266.676120,-333.883420,75803.554690,,3.618350,-367.307860
7.310000,0.102540,0.944640,6.849610,266.709440,-333.883880,75634.812500,,3.706790,-367.307130
7.312000,0.376830,1.163820,7.587890,266.742980,-333.882600,75673.828130,1.000000,3.345340,-367.308260
7.312000,0.376830,1.163820,7.587890,266.742980,-333.882600,75673.828130,1.000000,3.345340,-367.308260
7.314000,0.689580,1.143310,7.587890,266.777590,-333.881870,75562.039060,,3.406860,-367.310090
7.316000,0.899780,0.652400,6.388180,266.814540,-333.882390,76145.281250,,3.508120,-367.311460
7.318000,0.817750,0.256350,4.624510,266.852140,-333.883390,75760.312500,,3.686280,-367.311190
7.320000,0.515260,0.149960,3.906740,266.888610,-333.883240,76230.703130,1.000000,3.554260,-367.309420
7.322000,0.135860,0.294800,4.891110,266.923740,-333.883120,75865.789060,,3.578610,-367.306950
7.324000,-0.119200,0.652400,5.854980,266.957460,-333.883510,76278.171880,,3.645260,-367.305080
7.326000,-0.023070,0.848510,5.844730,266.991030,-333.882630,75760.312500,,3.378660,-367.305390
7.328000,0.361450,0.917720,5.885740,267.025120,-333.882110,75817.265630,1.000000,3.411990,-367.307590
7.330000,0.734440,0.598570,4.696290,267.060910,-333.882540,76320.359380,,3.500430,-367.310030
7.332000,0.797240,0.258910,3.312010,267.097690,-333.883360,75906.914060,,3.627320,-367.311040
7.334000,0.530640,0.207640,2.830080,267.133580,-333.883360,76476.445310,,3.546570,-367.310090
7.336000,0.202510,0.367860,4.142580,267.168300,-333.883240,75791.960940,1.000000,3.567080,-367.308230
7.336000,0.202510,0.367860,4.142580,267.168300,-333.883240,75791.960940,1.000000,3.567080,-367.308230
7.338000,0.074340,0.816470,6.459960,267.201660,-333.883910,76047.195310,,3.737550,-367.307100
7.340000,0.314030,1.111270,7.249510,267.234860,-333.882900,75721.296880,,3.406860,-367.307860
7.342000,0.624210,1.220210,7.587890,267.268860,-333.881770,75735.007810,,3.341490,-367.309660
7.344000,0.888240,0.836980,6.675290,267.305110,-333.882110,75728.671880,1.000000,3.483760,-367.311220
7.346000,0.866460,0.319150,5.198730,267.342860,-333.883180,75975.468750,,3.643980,-367.311340
7.348000,0.584470,0.135860,3.588870,267.379820,-333.883360,76059.851560,,3.602970,-367.309810
7.350000,0.216610,0.190980,4.460450,267.415440,-333.883060,75607.390630,,3.528630,-367.307370
7.352000,-0.093570,0.570370,5.567870,267.449400,-333.883480,75915.351560,1.000000,3.677310,-367.305210
7.352000,-0.093570,0.570370,5.567870,267.449400,-333.883480,75915.351560,1.000000,3.677310,-367.305210
7.354000,-0.067930,0.819030,5.731930,267.482850,-333.882930,75794.070310,,3.432500,-367.304930
7.356000,0.262760,0.949770,6.111330,267.516690,-333.882140,75878.437500,,3.392760,-367.306820
7.358000,0.680600,0.725460,5.157710,267.552030,-333.882450,75781.414060,,3.483760,-367.309420
7.360000,0.828000,0.321720,3.711910,267.588710,-333.883240,75840.476560,1.000000,3.599120,-367.310910
7.362000,0.612670,0.262760,2.307130,267.624730,-333.883480,76019.773440,,3.579900,-367.310330
7.364000,0.278140,0.356320,3.711910,267.659730,-333.883210,75689.656250,,3.513240,-367.308560
7.366000,0.073060,0.780580,5.875490,267.693270,-333.883820,75860.507810,,3.747800,-367.307100
7.368000,0.248660,1.107420,7.198240,267.726470,-333.883270,75735.007810,1.000000,3.467100,-367.307460
7.370000,0.557560,1.236880,7.803220,267.760380,-333.881900,75797.234380,,3.318420,-367.309110
7.372000,0.848510,0.951050,7.187990,267.796260,-333.881990,75668.554690,,3.444030,-367.310850
7.374000,0.915160,0.367860,5.619140,267.834140,-333.882970,75689.656250,,3.578610,-367.311430
7.376000,0.674190,0.126890,3.629880,267.871490,-333.883510,76228.593750,1.000000,3.641420,-367.310180
7.376000,0.674190,0.126890,3.629880,267.871490,-333.883510,76228.593750,1.000000,3.641420,-367.310180
7.378000,0.308900,0.080750,3.896480,267.907650,-333.883090,75844.687500,,3.488890,-367.307860
7.380000,-0.049990,0.405030,5.455080,267.942050,-333.883510,76064.062500,,3.687560,-367.305420
7.382000,-0.123050,0.692140,6.193360,267.975590,-333.883270,75878.437500,,3.492740,-367.304600
7.384000,0.160220,0.872860,6.603520,268.009190,-333.882260,76100.984380,1.000000,3.358150,-367.306180
7.384000,0.160220,0.872860,6.603520,268.009190,-333.882260,76100.984380,1.000000,3.358150,-367.306180
7.386000,0.604980,0.811340,5.588380,268.043820,-333.882320,75827.820310,,3.468380,-367.308840
7.388000,0.835690,0.411440,3.968260,268.080140,-333.883090,76014.500000,,3.545290,-367.310760
7.390000,0.694700,0.310180,2.512210,268.116090,-333.883540,76312.976560,,3.631160,-367.310640
7.392000,0.362730,0.344790,2.912110,268.151280,-333.883210,75832.031250,1.000000,3.482480,-367.309020
7.394000,0.097410,0.675480,5.588380,268.185150,-333.883760,75978.632810,,3.717040,-367.307340
7.396000,0.183290,1.060000,7.136720,268.218320,-333.883580,75683.320310,,3.556820,-367.307220
7.398000,0.483220,1.245850,8.100590,268.251890,-333.882170,75837.312500,,3.304320,-367.308690
7.400000,0.783140,1.108700,7.362300,268.287110,-333.881840,75844.687500,1.000000,3.436340,-367.310490
7.402000,0.910030,0.530640,5.608890,268.324740,-333.882660,75881.609380,,3.529910,-367.311370
7.404000,0.728030,0.187130,3.691410,268.362400,-333.883510,75983.914060,,3.699100,-367.310550
7.406000,0.398620,0.084590,3.732420,268.398960,-333.883150,76044.031250,,3.506840,-367.308470
7.408000,0.035890,0.334530,5.116700,268.433750,-333.883360,76041.921880,1.000000,3.650390,-367.306060
7.408000,0.035890,0.334530,5.116700,268.433750,-333.883360,76041.921880,1.000000,3.650390,-367.306060
7.410000,-0.125610,0.701110,6.213870,268.467290,-333.883360,75520.898440,,3.585020,-367.304720
7.412000,0.073060,0.894650,6.408690,268.500820,-333.882390,75880.554690,,3.353030,-367.305790
7.414000,0.508850,0.911320,5.516600,268.535100,-333.882140,75828.867190,,3.469670,-367.308320
7.416000,0.807500,0.517820,4.163090,268.571290,-333.882720,75902.695310,1.000000,3.513240,-367.310550
7.416000,0.807500,0.517820,4.163090,268.571290,-333.882720,75902.695310,1.000000,3.513240,-367.310550
7.418000,0.766480,0.289670,2.625000,268.607670,-333.883510,76078.828130,,3.655520,-367.310940
7.420000,0.440920,0.303770,2.625000,268.643100,-333.883180,75838.359380,,3.499150,-367.309540
7.422000,0.135860,0.546020,5.003910,268.677430,-333.883480,75713.906250,,3.638850,-367.307740
7.424000,0.126890,0.915160,7.064940,268.710820,-333.883760,75401.718750,1.000000,3.672180,-367.307160
7.426000,0.411440,1.118960,7.813480,268.744380,-333.882450,75772.976560,,3.317140,-367.308350
7.428000,0.717770,1.088200,7.372560,268.779110,-333.881770,76060.898440,,3.404300,-367.310180
7.430000,0.899780,0.596010,6.316410,268.816160,-333.882390,76153.710940,,3.500430,-367.311400
7.432000,0.785710,0.190980,4.019530,268.853910,-333.883420,75816.210940,1.000000,3.695250,-367.310940
7.434000,0.479370,0.066650,3.896480,268.890500,-333.883240,75744.492190,,3.541440,-367.309110
7.436000,0.103820,0.237120,5.065430,268.925600,-333.883210,76074.617190,,3.585020,-367.306640
7.438000,-0.132020,0.620360,5.926760,268.959170,-333.883510,75705.476560,,3.643980,-367.304930
7.440000,-0.012820,0.849790,6.039550,268.992550,-333.882570,75978.632810,1.000000,3.364560,-367.305390
7.440000,-0.012820,0.849790,6.039550,268.992550,-333.882570,75978.632810,1.000000,3.364560,-367.305390
7.442000,0.392210,0.938230,5.844730,269.026490,-333.882110,75922.734380,,3.419680,-367.307770
7.444000,0.763920,0.635740,4.645020,269.062100,-333.882540,76353.054690,,3.501710,-367.310270
7.446000,0.813900,0.344790,3.188960,269.098570,-333.883390,76025.039060,,3.623470,-367.311220
7.448000,0.524230,0.324280,2.809570,269.134220,-333.883300,76115.750000,1.000000,3.533750,-367.310090
7.450000,0.183290,0.492190,4.511720,269.168880,-333.883270,76188.523440,,3.567080,-367.308170
7.452000,0.074340,0.890810,6.531740,269.202360,-333.883910,75623.210940,,3.723450,-367.307130
7.454000,0.328130,1.120240,7.557130,269.235840,-333.882810,75997.625000,,3.374820,-367.308010
7.456000,0.653690,1.166380,7.403320,269.270260,-333.881840,75584.179690,1.000000,3.347900,-367.309840
7.458000,0.901060,0.756230,6.757320,269.306820,-333.882260,76167.421880,,3.492740,-367.311340
7.460000,0.856200,0.284550,4.757810,269.344640,-333.883300,75990.234380,,3.654240,-367.311340
7.462000,0.561400,0.115360,3.947750,269.381530,-333.883360,75955.437500,,3.586300,-367.309660
7.464000,0.183290,0.187130,4.480960,269.417080,-333.883090,76091.484380,1.000000,3.538880,-367.307190
7.464000,0.183290,0.187130,4.480960,269.417080,-333.883090,76091.484380,1.000000,3.538880,-367.307190
7.466000,-0.112790,0.576780,5.742190,269.450960,-333.883540,75960.703130,,3.670900,-367.305110
7.468000,-0.062810,0.810060,5.721680,269.484440,-333.882870,75857.343750,,3.411990,-367.304990
7.470000,0.287110,0.924130,5.926760,269.518340,-333.882110,75459.726560,,3.392760,-367.307040
7.472000,0.710080,0.690860,5.075680,269.553740,-333.882480,76132.625000,1.000000,3.487610,-367.309630
7.474000,0.839540,0.319150,3.445310,269.590450,-333.883270,76009.218750,,3.601680,-367.311040
7.476000,0.604980,0.266600,2.635250,269.626400,-333.883420,75836.257810,,3.561950,-367.310330
7.478000,0.262760,0.361450,3.886230,269.661350,-333.883210,75981.796880,,3.524780,-367.308470
7.480000,0.064090,0.778020,6.162600,269.694980,-333.883910,75637.976560,1.000000,3.742680,-367.307040
7.480000,0.064090,0.778020,6.162600,269.694980,-333.883910,75637.976560,1.000000,3.742680,-367.307040
7.482000,0.257630,1.051030,7.146970,269.728300,-333.883210,75778.250000,,3.447880,-367.307460
7.484000,0.572940,1.166380,7.628910,269.762360,-333.881930,75432.304690,,3.329960,-367.309170
7.486000,0.867740,0.877990,7.116210,269.798280,-333.882110,75922.734380,,3.453000,-367.310910
7.488000,0.903630,0.352480,5.414060,269.835880,-333.883060,75993.398440,1.000000,3.602970,-367.311370
7.490000,0.646000,0.162780,3.773440,269.872960,-333.883510,75973.359380,,3.624760,-367.310030
7.492000,0.285830,0.158940,4.152830,269.908810,-333.883120,75747.656250,,3.499150,-367.307710
7.494000,-0.057680,0.503720,5.588380,269.943050,-333.883510,75646.414060,,3.681150,-367.305330
7.496000,-0.096130,0.767760,5.967770,269.976650,-333.883180,76130.515630,1.000000,3.472230,-367.304690
7.498000,0.196110,0.913880,6.121580,270.010470,-333.882260,75698.085940,,3.367130,-367.306340
7.500000,0.621640,0.783140,5.373050,270.045530,-333.882390,76177.976560,,3.469670,-367.308930
7.502000,0.824160,0.370420,4.040040,270.082180,-333.883180,76100.984380,,3.560670,-367.310700
7.504000,0.660100,0.270450,2.573730,270.118290,-333.883580,76200.117190,1.000000,3.611940,-367.310460
7.504000,0.660100,0.270450,2.573730,270.118290,-333.883580,76200.117190,1.000000,3.611940,-367.310460
7.506000,0.334530,0.338380,3.332520,270.153500,-333.883240,75842.585940,,3.485050,-367.308810
7.508000,0.092290,0.719060,5.793460,270.187230,-333.883790,75950.156250,,3.729860,-367.307220
7.510000,0.208920,1.092040,6.993160,270.220340,-333.883510,76110.468750,,3.523500,-367.307310
7.512000,0.511410,1.240720,7.977540,270.254090,-333.882110,75723.406250,1.000000,3.310730,-367.308840
7.512000,0.511410,1.240720,7.977540,270.254090,-333.882110,75723.406250,1.000000,3.310730,-367.308840
7.514000,0.812620,1.036930,7.270020,270.289580,-333.881870,76146.335940,,3.429930,-367.310610
7.516000,0.921570,0.446040,5.660160,270.327330,-333.882750,75916.414060,,3.542720,-367.311370
7.518000,0.713930,0.165340,3.732420,270.364840,-333.883510,76172.703130,,3.676030,-367.310360
7.520000,0.374270,0.110230,3.752930,270.401180,-333.883090,75848.906250,1.000000,3.490170,-367.308230
7.522000,0.012820,0.371700,5.167970,270.435910,-333.883420,75839.421880,,3.660640,-367.305790
7.524000,-0.120480,0.693420,6.070310,270.469600,-333.883390,75950.156250,,3.558110,-367.304600
7.526000,0.106380,0.845950,6.336910,270.503390,-333.882390,75954.382810,,3.356870,-367.305820
7.528000,0.540890,0.852360,5.690920,270.537870,-333.882260,75975.468750,1.000000,3.481200,-367.308410
7.530000,0.820310,0.471680,4.132320,270.574160,-333.882870,75732.890630,,3.524780,-367.310520
7.532000,0.739560,0.330690,2.717290,270.610290,-333.883510,76195.898440,,3.654240,-367.310730
7.534000,0.405030,0.385800,2.676270,270.645480,-333.883180,75919.578130,,3.494020,-367.309230
7.536000,0.112790,0.692140,5.055180,270.679470,-333.883540,75713.906250,1.000000,3.663210,-367.307460
7.536000,0.112790,0.692140,5.055180,270.679470,-333.883540,75713.906250,1.000000,3.663210,-367.307460
7.538000,0.133300,1.079220,7.095700,270.712710,-333.883640,75777.195310,,3.636290,-367.307040
7.540000,0.429380,1.244570,8.049320,270.746340,-333.882320,75680.156250,,3.304320,-367.308410
7.542000,0.747250,1.159970,7.270020,270.781280,-333.881770,75771.914060,,3.424800,-367.310270
7.544000,0.922850,0.622920,6.316410,270.818660,-333.882450,75727.617190,1.000000,3.509400,-367.311460
7.546000,0.790830,0.216610,3.814450,270.856540,-333.883450,75862.617190,,3.697810,-367.310940
7.548000,0.471680,0.084590,3.660640,270.893310,-333.883180,75968.093750,,3.528630,-367.308990
7.550000,0.089720,0.260190,5.147460,270.928530,-333.883240,75826.757810,,3.602970,-367.306490
7.552000,-0.123050,0.621640,6.029300,270.962310,-333.883510,75589.460940,1.000000,3.640140,-367.304870
7.552000,-0.123050,0.621640,6.029300,270.962310,-333.883510,75589.460940,1.000000,3.640140,-367.304870
7.554000,0.017940,0.836980,6.511230,270.995910,-333.882540,75659.062500,,3.356870,-367.305510
7.556000,0.433230,0.926700,5.731930,271.029970,-333.882110,76028.210940,,3.438900,-367.307890
7.558000,0.772890,0.634460,4.398930,271.065670,-333.882600,76068.281250,,3.504270,-367.310300
7.560000,0.790830,0.371700,2.963380,271.102080,-333.883480,76174.812500,1.000000,3.640140,-367.311040
7.562000,0.488340,0.375550,2.666020,271.137570,-333.883270,75962.812500,,3.526060,-367.309810
7.564000,0.156370,0.581910,5.014160,271.172060,-333.883300,76028.210940,,3.586300,-367.307920
7.566000,0.079470,0.994630,6.788090,271.205410,-333.883790,75572.585940,,3.699100,-367.307040
7.568000,0.352480,1.207400,7.885250,271.238980,-333.882600,75680.156250,1.000000,3.338930,-367.308110
7.568000,0.352480,1.207400,7.885250,271.238980,-333.882600,75680.156250,1.000000,3.338930,-367.308110
7.570000,0.680600,1.193300,7.280270,271.273650,-333.881840,75922.734380,,3.367130,-367.310000
7.572000,0.913880,0.702390,6.459960,271.310640,-333.882290,76006.054690,,3.494020,-367.311460
7.574000,0.852360,0.190980,4.532230,271.348790,-333.883360,76354.101560,,3.667050,-367.311340
7.576000,0.547300,0.016660,3.845210,271.385890,-333.883360,75878.437500,1.000000,3.570920,-367.309600
7.578000,0.162780,0.126890,4.983400,271.421330,-333.883150,76170.585940,,3.556820,-367.307100
7.580000,-0.121770,0.581910,5.896000,271.454900,-333.883580,75848.906250,,3.659360,-367.305050
7.582000,-0.044860,0.863890,6.008790,271.488100,-333.882780,75805.664060,,3.397890,-367.305110
7.584000,0.324280,0.985660,5.721680,271.521880,-333.882080,75808.835940,1.000000,3.383790,-367.307250
7.584000,0.324280,0.985660,5.721680,271.521880,-333.882080,75808.835940,1.000000,3.383790,-367.307250
7.586000,0.728030,0.731870,4.675780,271.557220,-333.882480,75979.687500,,3.488890,-367.309810
7.588000,0.822880,0.392210,3.322270,271.593780,-333.883330,76080.937500,,3.617070,-367.311040
7.590000,0.567810,0.376830,2.655760,271.629580,-333.883390,75618.992190,,3.544010,-367.310150
7.592000,0.225590,0.511410,4.327150,271.664340,-333.883180,76063.015630,1.000000,3.537600,-367.308290
7.594000,0.057680,0.936950,6.152340,271.697910,-333.883880,75765.593750,,3.722170,-367.307010
7.596000,0.283260,1.175350,7.413570,271.731380,-333.883090,75610.546880,,3.420960,-367.307620
7.598000,0.594730,1.240720,7.218750,271.765690,-333.881900,75683.320310,,3.333800,-367.309390
7.600000,0.881840,0.884400,6.880370,271.802000,-333.882200,75679.109380,1.000000,3.473510,-367.311040
7.602000,0.897220,0.356320,4.880860,271.839840,-333.883210,76046.132810,,3.627320,-367.311400
7.604000,0.630620,0.166630,4.163090,271.876980,-333.883510,75851.023440,,3.610660,-367.309970
7.606000,0.266600,0.183290,4.286130,271.912780,-333.883120,75973.359380,,3.515810,-367.307590
7.608000,-0.060240,0.562680,5.506350,271.946840,-333.883540,75912.195310,1.000000,3.687560,-367.305330
7.608000,-0.060240,0.562680,5.506350,271.946840,-333.883540,75912.195310,1.000000,3.687560,-367.305330
7.610000,-0.073060,0.825440,6.029300,271.980320,-333.883090,75841.523440,,3.449160,-367.304810
7.612000,0.226870,0.974120,5.772950,272.014160,-333.882110,75843.640630,,3.363280,-367.306520
7.614000,0.642150,0.812620,5.280760,272.049290,-333.882350,75712.851560,,3.461980,-367.309080
7.616000,0.815190,0.394780,3.763180,272.086060,-333.883180,76198.007810,1.000000,3.572200,-367.310670
7.618000,0.626770,0.297360,2.676270,272.122310,-333.883510,75801.445310,,3.586300,-367.310240
7.620000,0.301210,0.349910,3.558110,272.157560,-333.883240,75932.226560,,3.483760,-367.308560
7.622000,0.082030,0.760070,5.834470,272.191310,-333.883880,75910.085940,,3.741390,-367.307130
7.624000,0.228150,1.129210,7.229000,272.224430,-333.883510,75682.265630,1.000000,3.499150,-367.307340
7.626000,0.531920,1.313780,7.700680,272.258060,-333.882110,75789.843750,,3.314580,-367.308960
7.628000,0.830570,1.111270,7.434080,272.293490,-333.882020,75868.945310,,3.438900,-367.310700
7.630000,0.925420,0.519100,5.557620,272.331090,-333.882970,76131.562500,,3.564510,-367.311430
7.632000,0.703670,0.234560,3.896480,272.368500,-333.883580,76016.609380,1.000000,3.661930,-367.310360
7.632000,0.703670,0.234560,3.896480,272.368500,-333.883580,76016.609380,1.000000,3.661930,-367.310360
7.634000,0.353760,0.160220,3.937500,272.404790,-333.883150,76054.570310,,3.488890,-367.308110
7.636000,-0.012820,0.460140,5.198730,272.439330,-333.883510,75763.484380,,3.670900,-367.305600
7.638000,-0.123050,0.781860,6.080570,272.472960,-333.883300,76158.992190,,3.513240,-367.304570
7.640000,0.123050,0.927980,6.080570,272.506810,-333.882290,75851.023440,1.000000,3.338930,-367.305940
7.642000,0.560120,0.845950,5.660160,272.541690,-333.882260,75924.851560,,3.472230,-367.308500
7.644000,0.812620,0.410160,3.968260,272.578370,-333.883030,76296.093750,,3.529910,-367.310490
7.646000,0.715210,0.252500,2.819820,272.614780,-333.883640,76103.093750,,3.654240,-367.310640
7.648000,0.387080,0.314030,2.973630,272.650090,-333.883240,75802.500000,1.000000,3.485050,-367.309110
7.648000,0.387080,0.314030,2.973630,272.650090,-333.883240,75802.500000,1.000000,3.485050,-367.309110
7.650000,0.112790,0.687010,5.096190,272.683900,-333.883700,75585.234380,,3.688840,-367.307430
7.652000,0.160220,1.112550,7.218750,272.716830,-333.883670,75974.421880,,3.600400,-367.307160
7.654000,0.457580,1.302250,7.680180,272.750270,-333.882260,75600.000000,,3.303040,-367.308530
7.656000,0.767760,1.184330,7.649410,272.785190,-333.881810,75879.492190,1.000000,3.432500,-367.310360
7.658000,0.933110,0.629330,5.988280,272.822540,-333.882540,75858.406250,,3.517090,-367.311460
7.660000,0.778020,0.265320,3.988770,272.860170,-333.883480,75935.390630,,3.702940,-367.310790
7.662000,0.442200,0.135860,3.537600,272.896820,-333.883120,75948.046880,,3.515810,-367.308750
7.664000,0.057680,0.315310,4.901370,272.931950,-333.883270,75263.554690,1.000000,3.624760,-367.306210
7.666000,-0.140990,0.653690,6.121580,272.965730,-333.883420,75972.312500,,3.614500,-367.304690
7.668000,0.033330,0.831850,6.131840,272.999510,-333.882450,75753.992190,,3.350460,-367.305540
7.670000,0.455020,0.876710,6.111330,273.033810,-333.882140,76093.601560,,3.458130,-367.308010
7.672000,0.783140,0.558840,4.368160,273.069790,-333.882690,75892.148440,1.000000,3.510680,-367.310360
7.672000,0.783140,0.558840,4.368160,273.069790,-333.882690,75892.148440,1.000000,3.510680,-367.310360
7.674000,0.776730,0.351200,3.158200,273.106110,-333.883510,75806.726560,,3.659360,-367.310970
7.676000,0.467830,0.366580,2.614750,273.141480,-333.883240,76050.351560,,3.518370,-367.309690
7.678000,0.149960,0.637020,4.634770,273.175660,-333.883390,75529.343750,,3.611940,-367.307860
7.680000,0.103820,1.083070,7.034180,273.208710,-333.883790,75872.109380,1.000000,3.690120,-367.307160
7.682000,0.385800,1.312500,7.792970,273.242030,-333.882510,75798.281250,,3.326110,-367.308290
7.684000,0.698550,1.298400,7.669920,273.276580,-333.881740,76249.695310,,3.383790,-367.310120
7.686000,0.908750,0.797240,6.316410,273.313510,-333.882290,75939.617190,,3.495300,-367.311460
7.688000,0.815190,0.331970,4.521970,273.351470,-333.883390,75936.445310,1.000000,3.683720,-367.311190
7.690000,0.505000,0.124330,3.537600,273.388550,-333.883300,76228.593750,,3.551700,-367.309330
7.692000,0.124330,0.228150,4.788570,273.424070,-333.883150,75800.398440,,3.565800,-367.306820
7.694000,-0.129460,0.617800,5.957520,273.457920,-333.883580,76179.031250,,3.655520,-367.304990
7.696000,-0.023070,0.880550,6.172850,273.491360,-333.882720,75702.304690,1.000000,3.386350,-367.305360
7.696000,-0.023070,0.880550,6.172850,273.491360,-333.882720,75702.304690,1.000000,3.386350,-367.305360
7.698000,0.364010,0.986940,5.865230,273.525360,-333.882110,76126.289060,,3.400450,-367.307590
7.700000,0.738280,0.708800,4.624510,273.560910,-333.882540,75993.398440,,3.500430,-367.310060
7.702000,0.807500,0.405030,3.240230,273.597440,-333.883360,76067.226560,,3.628600,-367.311130
7.704000,0.539610,0.388370,2.604490,273.633180,-333.883360,76187.468750,1.000000,3.544010,-367.310120
7.704000,0.539610,0.388370,2.604490,273.633180,-333.883360,76187.468750,1.000000,3.544010,-367.310120
7.706000,0.208920,0.531920,4.480960,273.667910,-333.883240,75768.750000,,3.554260,-367.308260
7.708000,0.071780,0.958740,6.541990,273.701390,-333.883850,75847.851560,,3.715760,-367.307100
7.710000,0.305050,1.193300,7.546880,273.734860,-333.882870,75478.710940,,3.391480,-367.307830
7.712000,0.622920,1.226620,7.557130,273.769320,-333.881810,75862.617190,1.000000,3.333800,-367.309600
7.714000,0.895940,0.815190,6.418950,273.805880,-333.882170,75790.898440,,3.478640,-367.311190
7.716000,0.881840,0.317870,5.065430,273.843690,-333.883240,76018.710940,,3.642700,-367.311370
7.718000,0.596010,0.132020,3.691410,273.880740,-333.883480,75747.656250,,3.608090,-367.309810
7.720000,0.220460,0.161500,4.911620,273.916410,-333.883150,75759.257810,1.000000,3.527340,-367.307340
7.722000,-0.098690,0.563960,5.680660,273.950290,-333.883580,75962.812500,,3.685000,-367.305110
7.724000,-0.071780,0.842100,6.039550,273.983490,-333.882970,75631.648440,,3.435060,-367.304840
7.726000,0.264040,1.013850,5.896000,274.017090,-333.882080,75798.281250,,3.370970,-367.306760
7.728000,0.683170,0.828000,4.788570,274.052190,-333.882350,75950.156250,1.000000,3.464540,-367.309360
7.728000,0.683170,0.828000,4.788570,274.052190,-333.882350,75950.156250,1.000000,3.464540,-367.309360
7.730000,0.834410,0.466550,3.640140,274.088620,-333.883210,75903.750000,,3.591430,-367.310850
7.732000,0.624210,0.419130,2.778810,274.124600,-333.883510,76005.007810,,3.576050,-367.310300
7.734000,0.287110,0.474240,3.999020,274.159760,-333.883210,75661.179690,,3.497860,-367.308500
7.736000,0.069210,0.879270,6.029300,274.193510,-333.883850,75900.593750,1.000000,3.737550,-367.307010
7.738000,0.234560,1.194580,7.290530,274.226840,-333.883360,75761.367190,,3.473510,-367.307310
7.740000,0.548580,1.317630,7.526370,274.260860,-333.882020,75982.859380,,3.318420,-367.308960
7.742000,0.844670,1.053590,7.044430,274.296720,-333.882050,75817.265630,,3.440190,-367.310760
7.744000,0.919010,0.515260,5.588380,274.334380,-333.883030,76402.617190,1.000000,3.582460,-367.311400
7.744000,0.919010,0.515260,5.588380,274.334380,-333.883030,76402.617190,1.000000,3.582460,-367.311400
7.746000,0.684450,0.289670,3.978520,274.371550,-333.883610,75812.000000,,3.650390,-367.310210
7.748000,0.324280,0.233280,4.439940,274.407680,-333.883180,75933.281250,,3.491460,-367.307920
7.750000,-0.032040,0.547300,5.208980,274.442020,-333.883510,76112.578130,,3.674740,-367.305510
7.752000,-0.107670,0.834410,6.019040,274.475590,-333.883270,75976.523440,1.000000,3.494020,-367.304660
7.754000,0.170470,0.961300,5.967770,274.509430,-333.882260,76038.750000,,3.345340,-367.306150
7.756000,0.603700,0.857480,5.342290,274.544400,-333.882260,75882.664060,,3.455570,-367.308750
7.758000,0.829280,0.440920,4.132320,274.581020,-333.883060,76318.242190,,3.537600,-367.310640
7.760000,0.695980,0.325560,2.932620,274.617310,-333.883610,76005.007810,1.000000,3.633730,-367.310520
7.762000,0.362730,0.365300,3.147950,274.652710,-333.883240,75909.031250,,3.473510,-367.308900
7.764000,0.089720,0.735720,5.198730,274.686580,-333.883760,75801.445310,,3.705510,-367.307190
7.766000,0.164060,1.144590,7.095700,274.719640,-333.883670,75866.843750,,3.570920,-367.307040
7.768000,0.466550,1.336850,7.362300,274.753110,-333.882260,75786.679690,1.000000,3.310730,-367.308530
7.768000,0.466550,1.336850,7.362300,274.753110,-333.882260,75786.679690,1.000000,3.310730,-367.308530
7.770000,0.779300,1.207400,7.495610,274.788210,-333.881870,75482.929690,,3.429930,-367.310390
7.772000,0.933110,0.663940,6.008790,274.825500,-333.882660,76068.281250,,3.536320,-367.311460
7.774000,0.758790,0.357600,3.968260,274.862880,-333.883540,75988.125000,,3.705510,-367.310700
7.776000,0.421690,0.246090,3.711910,274.899260,-333.883150,75900.593750,1.000000,3.506840,-367.308620
7.776000,0.421690,0.246090,3.711910,274.899260,-333.883150,75900.593750,1.000000,3.506840,-367.308620
7.778000,0.049990,0.458860,4.788570,274.934140,-333.883360,75700.195310,,3.646550,-367.306090
7.780000,-0.112790,0.775450,5.957520,274.967900,-333.883360,75783.515630,,3.582460,-367.304750
7.782000,0.078190,0.890810,6.008790,275.001860,-333.882350,75882.664060,,3.333800,-367.305760
7.784000,0.502440,0.852360,5.947270,275.036530,-333.882110,75494.531250,1.000000,3.461980,-367.308170
7.786000,0.785710,0.487060,4.357910,275.072880,-333.882750,76046.132810,,3.506840,-367.310330
7.788000,0.738280,0.314030,2.850590,275.109190,-333.883610,76032.429690,,3.667050,-367.310700
7.790000,0.424260,0.346070,2.789060,275.144560,-333.883240,75814.101560,,3.501710,-367.309360
7.792000,0.130740,0.640870,4.645020,275.178710,-333.883510,75647.468750,1.000000,3.635010,-367.307590
7.794000,0.121770,1.092040,7.126460,275.211640,-333.883790,75573.640630,,3.673460,-367.307040
7.796000,0.402470,1.333010,7.649410,275.244930,-333.882450,75862.617190,,3.315860,-367.308290
7.798000,0.716490,1.281740,7.710940,275.279540,-333.881770,75902.695310,,3.399170,-367.310180
7.800000,0.911320,0.758790,6.275390,275.316590,-333.882390,76222.273440,1.000000,3.500430,-367.311460
7.800000,0.911320,0.758790,6.275390,275.316590,-333.882390,76222.273440,1.000000,3.500430,-367.311460
7.802000,0.807500,0.366580,4.450200,275.354280,-333.883480,75998.679690,,3.697810,-367.311100
7.804000,0.489620,0.201230,3.599120,275.391050,-333.883240,76079.882810,,3.538880,-367.309200
7.806000,0.106380,0.325560,4.593750,275.426420,-333.883210,75789.843750,,3.585020,-367.306700
7.808000,-0.125610,0.675480,6.142090,275.460240,-333.883510,75853.132810,1.000000,3.641420,-367.304960
7.810000,0.000000,0.875430,6.039550,275.493930,-333.882600,76038.750000,,3.362000,-367.305480
7.812000,0.405030,0.894650,6.070310,275.528260,-333.882110,75935.390630,,3.415830,-367.307770
7.814000,0.752380,0.578060,4.532230,275.564120,-333.882570,76244.414060,,3.501710,-367.310150
7.816000,0.786990,0.360170,3.178710,275.600400,-333.883450,76035.593750,1.000000,3.632450,-367.311000
7.816000,0.786990,0.360170,3.178710,275.600400,-333.883450,76035.593750,1.000000,3.632450,-367.311000
7.818000,0.507570,0.396060,2.532710,275.635770,-333.883360,76248.640630,,3.538880,-367.309940
7.820000,0.187130,0.606260,4.368160,275.670140,-333.883270,75822.546880,,3.565800,-367.308070
7.822000,0.078190,1.053590,6.798340,275.703340,-333.883880,75821.492190,,3.713200,-367.307040
7.824000,0.320430,1.291990,7.485350,275.736660,-333.882780,76001.843750,1.000000,3.369690,-367.307920
7.826000,0.646000,1.297120,7.731450,275.771120,-333.881840,75838.359380,,3.342770,-367.309750
7.828000,0.904910,0.843380,6.357420,275.807830,-333.882230,75969.148440,,3.482480,-367.311310
7.830000,0.874150,0.390930,4.809080,275.845610,-333.883330,75737.117190,,3.659360,-367.311370
7.832000,0.576780,0.214050,3.711910,275.882630,-333.883450,76133.679690,1.000000,3.591430,-367.309720
7.832000,0.576780,0.214050,3.711910,275.882630,-333.883450,76133.679690,1.000000,3.591430,-367.309720
7.834000,0.188420,0.246090,4.655270,275.918330,-333.883150,75872.109380,,3.540160,-367.307190
7.836000,-0.124330,0.624210,5.824220,275.952270,-333.883580,75767.703130,,3.672180,-367.304990
7.838000,-0.066650,0.888240,6.049800,275.985630,-333.882870,75907.968750,,3.414550,-367.304900
7.840000,0.290950,1.006160,6.060060,276.019500,-333.882080,75722.343750,1.000000,3.378660,-367.306950
7.842000,0.713930,0.731870,4.768070,276.054960,-333.882390,76086.218750,,3.474790,-367.309540
7.844000,0.831850,0.378110,3.271000,276.091520,-333.883270,75529.343750,,3.610660,-367.310910
7.846000,0.597290,0.352480,2.686520,276.127380,-333.883510,76117.859380,,3.569640,-367.310210
7.848000,0.261470,0.431950,3.978520,276.162380,-333.883210,75926.953130,1.000000,3.519650,-367.308380
7.848000,0.261470,0.431950,3.978520,276.162380,-333.883210,75926.953130,1.000000,3.519650,-367.308380
7.850000,0.067930,0.852360,6.470210,276.195980,-333.883850,75623.210940,,3.731140,-367.307010
7.852000,0.266600,1.162540,7.393070,276.229220,-333.883210,75691.765630,,3.444030,-367.307460
7.854000,0.578060,1.267640,7.782710,276.263340,-333.881930,75541.992190,,3.323550,-367.309140
7.856000,0.876710,0.913880,6.952150,276.299530,-333.882080,75997.625000,1.000000,3.449160,-367.310910
7.858000,0.922850,0.366580,5.065430,276.337340,-333.883120,75693.875000,,3.614500,-367.311400
7.860000,0.663940,0.170470,3.958010,276.374480,-333.883610,76142.109380,,3.640140,-367.310060
7.862000,0.280700,0.158940,4.542480,276.410340,-333.883180,75937.500000,,3.502990,-367.307590
7.864000,-0.079470,0.543460,5.793460,276.444340,-333.883540,76175.867190,1.000000,3.685000,-367.305150
7.866000,-0.111510,0.879270,6.039550,276.477480,-333.883180,75721.296880,,3.468380,-367.304530
7.868000,0.197390,1.029240,6.213870,276.510990,-333.882200,75842.585940,,3.355590,-367.306240
7.870000,0.638310,0.833130,4.993650,276.546110,-333.882320,76233.875000,,3.460690,-367.308960
7.872000,0.848510,0.372990,3.701660,276.582790,-333.883150,75934.335940,1.000000,3.559390,-367.310760
7.872000,0.848510,0.372990,3.701660,276.582790,-333.883150,75934.335940,1.000000,3.559390,-367.310760
7.874000,0.679320,0.306340,2.912110,276.618870,-333.883580,76174.812500,,3.615780,-367.310490
7.876000,0.337100,0.380680,3.568360,276.654050,-333.883240,75949.101560,,3.478640,-367.308780
7.878000,0.078190,0.770320,5.742190,276.687810,-333.883790,76054.570310,,3.723450,-367.307100
7.880000,0.188420,1.148440,7.116210,276.720890,-333.883540,75731.835940,1.000000,3.524780,-367.307130
7.882000,0.496030,1.309940,7.772460,276.754640,-333.882140,75707.585940,,3.309450,-367.308690
7.884000,0.816470,1.093320,6.982910,276.790160,-333.881960,75647.468750,,3.431210,-367.310520
7.886000,0.936950,0.517820,5.711430,276.827820,-333.882810,76035.593750,,3.551700,-367.311430
7.888000,0.728030,0.275570,3.824710,276.865110,-333.883610,76012.390630,1.000000,3.692690,-367.310490
7.888000,0.728030,0.275570,3.824710,276.865110,-333.883610,76012.390630,1.000000,3.692690,-367.310490
7.890000,0.383240,0.224300,4.111820,276.901280,-333.883180,75605.281250,,3.500430,-367.308290
7.892000,0.017940,0.476810,5.321780,276.935880,-333.883480,75983.914060,,3.668330,-367.305790
7.894000,-0.114070,0.812620,5.844730,276.969390,-333.883360,75894.257810,,3.551700,-367.304660
7.896000,0.115360,0.976680,6.070310,277.003020,-333.882320,75887.929690,1.000000,3.337650,-367.305880
7.898000,0.546020,0.912600,5.608890,277.037690,-333.882110,75686.484380,,3.460690,-367.308410
7.900000,0.810060,0.476810,4.388670,277.074250,-333.882810,75800.398440,,3.513240,-367.310420
7.902000,0.729310,0.278140,3.045410,277.110690,-333.883580,76136.835940,,3.665770,-367.310640
7.904000,0.405030,0.284550,2.830080,277.146240,-333.883240,75633.750000,1.000000,3.488890,-367.309170
7.906000,0.123050,0.590880,5.147460,277.180390,-333.883610,75935.390630,,3.660640,-367.307460
7.908000,0.140990,1.049740,6.634280,277.213380,-333.883670,75755.046880,,3.633730,-367.307040
7.910000,0.429380,1.303530,7.987790,277.246640,-333.882350,75913.250000,,3.305600,-367.308350
7.912000,0.740840,1.233030,7.577640,277.281430,-333.881770,75529.343750,1.000000,3.426090,-367.310210
7.912000,0.740840,1.233030,7.577640,277.281430,-333.881770,75529.343750,1.000000,3.426090,-367.310210
7.914000,0.921570,0.670350,6.695800,277.318660,-333.882480,75667.500000,,3.511960,-367.311400
7.916000,0.795960,0.292240,4.306640,277.356260,-333.883510,76137.890630,,3.715760,-367.310910
7.918000,0.476810,0.175600,3.691410,277.392820,-333.883240,75883.718750,,3.537600,-367.308960
7.920000,0.094850,0.389650,4.850100,277.427800,-333.883240,75905.859380,1.000000,3.611940,-367.306490
7.922000,-0.116640,0.765200,5.701170,277.461330,-333.883390,75819.375000,,3.623470,-367.304840
7.924000,0.023070,0.984380,6.326660,277.494810,-333.882420,76073.554690,,3.350460,-367.305450
7.926000,0.430660,0.977970,5.947270,277.529170,-333.882080,75812.000000,,3.436340,-367.307800
7.928000,0.765200,0.574220,4.952640,277.565460,-333.882600,76026.093750,1.000000,3.502990,-367.310120
7.930000,0.776730,0.285830,3.004390,277.602170,-333.883510,76334.070310,,3.650390,-367.310850
7.932000,0.483220,0.279420,2.542970,277.637850,-333.883330,75827.820310,,3.531190,-367.309660
7.934000,0.156370,0.505000,4.604000,277.672330,-333.883360,76015.546880,,3.587590,-367.307830
7.936000,0.087160,0.961300,6.665040,277.705440,-333.883790,75784.578130,1.000000,3.696530,-367.306950
7.936000,0.087160,0.961300,6.665040,277.705440,-333.883790,75784.578130,1.000000,3.696530,-367.306950
7.938000,0.344790,1.245850,7.926270,277.738620,-333.882600,76018.710940,,3.337650,-367.307980
7.940000,0.670350,1.261230,7.772460,277.773010,-333.881810,75615.820310,,3.368410,-367.309880
7.942000,0.912600,0.757510,6.695800,277.809840,-333.882260,75882.664060,,3.486330,-367.311400
7.944000,0.860050,0.311460,4.521970,277.847690,-333.883420,75885.828130,1.000000,3.677310,-367.311340
7.944000,0.860050,0.311460,4.521970,277.847690,-333.883420,75885.828130,1.000000,3.677310,-367.311340
7.946000,0.554990,0.156370,3.547850,277.884520,-333.883420,76053.515630,,3.579900,-367.309600
7.948000,0.169190,0.256350,4.368160,277.919980,-333.883210,75822.546880,,3.555540,-367.307100
7.950000,-0.107670,0.642150,5.844730,277.953800,-333.883540,75649.578130,,3.654240,-367.305080
7.952000,-0.034610,0.903630,6.203610,277.987150,-333.882750,75883.718750,1.000000,3.387630,-367.305180
7.954000,0.333250,1.007450,5.988280,278.021090,-333.882110,75895.320310,,3.388920,-367.307250
7.956000,0.707520,0.702390,4.624510,278.056760,-333.882480,75943.835940,,3.483760,-367.309660
7.958000,0.792110,0.367860,3.168460,278.093380,-333.883360,75971.257810,,3.623470,-367.310820
7.960000,0.549870,0.337100,2.399410,278.129120,-333.883450,76022.929690,1.000000,3.556820,-367.310000
7.962000,0.229430,0.461430,4.306640,278.163880,-333.883240,75783.515630,,3.544010,-367.308230
7.964000,0.076900,0.912600,6.449710,278.197270,-333.883850,75281.492190,,3.715760,-367.307040
7.966000,0.297360,1.233030,7.649410,278.230350,-333.882970,75736.062500,,3.404300,-367.307680
7.968000,0.599850,1.335570,7.546880,278.264400,-333.881810,75573.640630,1.000000,3.322270,-367.309390
7.968000,0.599850,1.335570,7.546880,278.264400,-333.881810,75573.640630,1.000000,3.322270,-367.309390
7.970000,0.874150,0.927980,6.911130,278.300810,-333.882080,75974.421880,,3.453000,-367.311040
7.972000,0.886960,0.374270,4.675780,278.338810,-333.883180,75795.125000,,3.623470,-367.311310
7.974000,0.622920,0.162780,3.958010,278.376070,-333.883580,75844.687500,,3.629880,-367.309880
7.976000,0.257630,0.146120,4.398930,278.412050,-333.883210,76059.851560,1.000000,3.515810,-367.307500
7.976000,0.257630,0.146120,4.398930,278.412050,-333.883210,76059.851560,1.000000,3.515810,-367.307500
7.978000,-0.071780,0.525510,5.885740,278.446200,-333.883540,75725.507810,,3.676030,-367.305210
7.980000,-0.071780,0.830570,6.111330,278.479460,-333.883030,76028.210940,,3.435060,-367.304780
7.982000,0.239690,1.025390,6.070310,278.513030,-333.882110,75823.601560,,3.373540,-367.306550
7.984000,0.658810,0.834410,5.157710,278.548100,-333.882350,76093.601560,1.000000,3.453000,-367.309140
7.986000,0.825440,0.421690,3.301760,278.584660,-333.883210,75914.296880,,3.581180,-367.310730
7.988000,0.635740,0.356320,2.799320,278.620610,-333.883580,76040.867190,,3.590150,-367.310270
7.990000,0.306340,0.422970,3.793950,278.655670,-333.883270,76149.492190,,3.491460,-367.308560
7.992000,0.083310,0.792110,6.008790,278.689480,-333.883790,75719.187500,1.000000,3.723450,-367.307070
7.994000,0.219180,1.116390,7.413570,278.722720,-333.883360,75918.515630,,3.467100,-367.307250
7.996000,0.520390,1.253540,7.741700,278.756620,-333.882020,75603.171880,,3.310730,-367.308810
7.998000,0.826720,0.983090,7.177730,278.792510,-333.882020,76068.281250,,3.420960,-367.310610
8.000000,0.924130,0.379390,5.311520,278.830470,-333.883000,75944.882810,1.000000,3.564510,-367.311370
8.000000,0.924130,0.379390,5.311520,278.830470,-333.883000,75944.882810,1.000000,3.564510,-367.311370
8.002000,0.711360,0.121770,4.040040,278.867920,-333.883700,75933.281250,,3.665770,-367.310330
8.004000,0.355040,0.073060,4.296390,278.904140,-333.883270,76152.656250,,3.494020,-367.308070
8.006000,-0.011540,0.415280,5.506350,278.938390,-333.883540,75924.851560,,3.670900,-367.305600
8.008000,-0.112790,0.797240,6.019040,278.971590,-333.883300,75851.023440,1.000000,3.500430,-367.304570
8.010000,0.137150,1.018980,6.060060,279.004820,-333.882290,75499.812500,,3.346620,-367.305940
8.012000,0.574220,0.949770,5.526860,279.039370,-333.882230,76055.632810,,3.446590,-367.308530
8.014000,0.811340,0.508850,3.865720,279.075810,-333.882970,76026.093750,,3.518370,-367.310490
8.016000,0.699830,0.367860,2.994140,279.112000,-333.883610,76021.875000,1.000000,3.637570,-367.310490
8.016000,0.699830,0.367860,2.994140,279.112000,-333.883610,76021.875000,1.000000,3.637570,-367.310490
8.018000,0.374270,0.389650,3.312010,279.147400,-333.883270,76108.359380,,3.472230,-367.308960
8.020000,0.114070,0.698550,5.506350,279.181490,-333.883760,75740.273440,,3.687560,-367.307340
8.022000,0.180730,1.076660,6.911130,279.214750,-333.883640,75777.195310,,3.569640,-367.307190
8.024000,0.463990,1.263790,7.659670,279.248410,-333.882290,75446.023440,1.000000,3.308170,-367.308530
8.026000,0.769040,1.129210,7.639160,279.283600,-333.881900,75963.867190,,3.423520,-367.310300
8.028000,0.917720,0.553710,5.875490,279.321230,-333.882660,75769.812500,,3.520940,-367.311310
8.030000,0.762630,0.225590,4.470700,279.358800,-333.883540,76301.367190,,3.697810,-367.310640
8.032000,0.433230,0.140990,3.906740,279.395260,-333.883240,75822.546880,1.000000,3.519650,-367.308590
8.034000,0.058960,0.396060,5.260250,279.429990,-333.883360,75604.226560,,3.633730,-367.306090
8.036000,-0.121770,0.785710,5.772950,279.463410,-333.883360,76057.742190,,3.583740,-367.304690
8.038000,0.053830,1.002320,6.080570,279.496860,-333.882390,75590.515630,,3.347900,-367.305570
8.040000,0.480650,0.983090,5.926760,279.531250,-333.882140,76119.960940,1.000000,3.453000,-367.308010
8.040000,0.480650,0.983090,5.926760,279.531250,-333.882140,76119.960940,1.000000,3.453000,-367.308010
8.042000,0.785710,0.563960,4.634770,279.567690,-333.882690,76067.226560,,3.502990,-367.310270
8.044000,0.765200,0.319150,3.322270,279.604310,-333.883540,76311.914060,,3.650390,-367.310790
8.046000,0.455020,0.307620,2.789060,279.639980,-333.883300,75820.429690,,3.509400,-367.309510
8.048000,0.155090,0.544740,5.116700,279.674440,-333.883510,75857.343750,1.000000,3.614500,-367.307740
8.050000,0.129460,0.986940,6.634280,279.707610,-333.883760,76089.382810,,3.664490,-367.307100
8.052000,0.387080,1.240720,7.741700,279.740940,-333.882420,75677.000000,,3.310730,-367.308170
8.054000,0.694700,1.217650,7.721190,279.775510,-333.881810,76176.921880,,3.391480,-367.309970
8.056000,0.898500,0.707520,6.654790,279.812560,-333.882390,75793.015630,1.000000,3.490170,-367.311310
8.056000,0.898500,0.707520,6.654790,279.812560,-333.882390,75793.015630,1.000000,3.490170,-367.311310
8.058000,0.819030,0.298650,4.747560,279.850280,-333.883510,76318.242190,,3.688840,-367.311070
8.060000,0.515260,0.160220,3.691410,279.886990,-333.883360,75953.328130,,3.552980,-367.309270
8.062000,0.133300,0.294800,4.788570,279.922330,-333.883240,75797.234380,,3.577330,-367.306790
8.064000,-0.101260,0.671630,5.557620,279.956090,-333.883510,75871.062500,1.000000,3.631160,-367.305020
8.066000,-0.003850,0.933110,6.101070,279.989500,-333.882570,75743.437500,,3.356870,-367.305390
8.068000,0.384520,0.990780,5.967770,280.023620,-333.882110,76025.039060,,3.405580,-367.307590
8.070000,0.737000,0.652400,4.757810,280.059570,-333.882540,75658.007810,,3.482480,-367.309940
8.072000,0.780580,0.325560,3.332520,280.096310,-333.883450,76218.054690,1.000000,3.619630,-367.310910
8.072000,0.780580,0.325560,3.332520,280.096310,-333.883450,76218.054690,1.000000,3.619630,-367.310910
8.074000,0.516540,0.303770,2.542970,280.132110,-333.883420,76015.546880,,3.538880,-367.309880
8.076000,0.201230,0.474240,4.460450,280.166780,-333.883330,75723.406250,,3.559390,-367.308110
8.078000,0.092290,0.938230,6.418950,280.200010,-333.883910,75683.320310,,3.701660,-367.307130
8.080000,0.330690,1.261230,7.875000,280.233030,-333.882810,75684.382810,1.000000,3.369690,-367.307920
8.082000,0.635740,1.294560,7.741700,280.267270,-333.881840,75794.070310,,3.338930,-367.309660
8.084000,0.883120,0.807500,6.962400,280.303990,-333.882260,75525.117190,,3.472230,-367.311190
8.086000,0.861330,0.284550,4.798830,280.342040,-333.883330,75934.335940,,3.643980,-367.311310
8.088000,0.589600,0.096130,3.506840,280.379210,-333.883510,75977.585940,1.000000,3.593990,-367.309720
8.090000,0.216610,0.143550,4.696290,280.414950,-333.883210,75906.914060,,3.535030,-367.307310
8.092000,-0.080750,0.537050,5.803710,280.448940,-333.883540,75683.320310,,3.651670,-367.305180
8.094000,-0.051270,0.831850,6.398440,280.482240,-333.882870,75534.617190,,3.406860,-367.304960
8.096000,0.280700,0.983090,6.347170,280.516020,-333.882140,76011.328130,1.000000,3.386350,-367.306880
8.096000,0.280700,0.983090,6.347170,280.516020,-333.882140,76011.328130,1.000000,3.386350,-367.306880
8.098000,0.681880,0.737000,5.003910,280.551420,-333.882510,75948.046880,,3.470950,-367.309390
8.100000,0.812620,0.380680,3.322270,280.587980,-333.883300,75933.281250,,3.599120,-367.310760
8.102000,0.599850,0.372990,2.625000,280.623690,-333.883540,76085.164060,,3.567080,-367.310150
8.104000,0.269170,0.521670,4.163090,280.658330,-333.883270,75992.343750,1.000000,3.523500,-367.308380
8.104000,0.269170,0.521670,4.163090,280.658330,-333.883270,75992.343750,1.000000,3.523500,-367.308380
8.106000,0.079470,0.974120,6.459960,280.691650,-333.883820,75614.765630,,3.709350,-367.307040
8.108000,0.256350,1.302250,7.741700,280.724640,-333.883120,75554.648440,,3.431210,-367.307430
8.110000,0.557560,1.404790,7.751950,280.758640,-333.881900,75947.000000,,3.318420,-367.309020
8.112000,0.849790,1.017700,6.982910,280.795010,-333.882080,75950.156250,1.000000,3.429930,-367.310760
8.114000,0.913880,0.393490,5.085940,280.833250,-333.883090,76231.765630,,3.587590,-367.311310
8.116000,0.684450,0.148680,3.752930,280.870850,-333.883640,75851.023440,,3.638850,-367.310120
8.118000,0.328130,0.083310,4.665530,280.907230,-333.883270,76340.398440,,3.500430,-367.307830
8.120000,-0.020510,0.424260,5.660160,280.941710,-333.883580,75848.906250,1.000000,3.668330,-367.305420
8.122000,-0.093570,0.756230,6.357420,280.975160,-333.883180,75910.085940,,3.463260,-367.304600
8.124000,0.176880,0.986940,5.967770,281.008610,-333.882260,75814.101560,,3.364560,-367.306060
8.126000,0.601140,0.871580,5.321780,281.043460,-333.882390,76070.398440,,3.453000,-367.308620
8.128000,0.815190,0.452450,3.281250,281.079930,-333.883150,76023.984380,1.000000,3.542720,-367.310420
8.128000,0.815190,0.452450,3.281250,281.079930,-333.883150,76023.984380,1.000000,3.542720,-367.310420
8.130000,0.678040,0.358890,2.850590,281.115970,-333.883610,75806.726560,,3.609380,-367.310300
8.132000,0.348630,0.434510,3.773440,281.151060,-333.883300,76094.648440,,3.477360,-367.308690
8.134000,0.096130,0.821590,5.721680,281.184780,-333.883760,75809.890630,,3.702940,-367.307130
8.136000,0.193540,1.215090,7.249510,281.217800,-333.883450,75812.000000,1.000000,3.497860,-367.307100
8.138000,0.484500,1.386840,7.680180,281.251460,-333.882140,75738.171880,,3.301760,-367.308530
8.140000,0.786990,1.125370,7.311040,281.287200,-333.882020,75732.890630,,3.422240,-367.310330
8.142000,0.917720,0.430660,5.496090,281.325440,-333.882870,76048.250000,,3.524780,-367.311280
8.144000,0.753660,0.087160,4.347660,281.363400,-333.883670,75575.742190,1.000000,3.672180,-367.310490
8.146000,0.416560,0.008970,4.357910,281.400020,-333.883360,75954.382810,,3.501710,-367.308410
8.148000,0.044860,0.320430,5.352540,281.434540,-333.883510,75714.960940,,3.642700,-367.305910
8.150000,-0.106380,0.769040,6.029300,281.467680,-333.883360,75939.617190,,3.526060,-367.304630
8.152000,0.093570,1.035640,6.060060,281.500760,-333.882390,75880.554690,1.000000,3.344060,-367.305690
8.154000,0.525510,0.989500,5.701170,281.535190,-333.882290,75716.015630,,3.456850,-367.308170
8.156000,0.806210,0.521670,4.378420,281.571660,-333.882900,76141.054690,,3.506840,-367.310300
8.158000,0.747250,0.338380,3.055660,281.608030,-333.883580,75900.593750,,3.633730,-367.310610
8.160000,0.425540,0.397340,3.271000,281.643370,-333.883270,76105.203130,1.000000,3.485050,-367.309200
8.160000,0.425540,0.397340,3.271000,281.643370,-333.883270,76105.203130,1.000000,3.485050,-367.309200
8.162000,0.129460,0.717770,5.321780,281.677460,-333.883640,75825.710940,,3.647830,-367.307430
8.164000,0.135860,1.151000,6.870120,281.710510,-333.883640,75720.242190,,3.595280,-367.306950
8.166000,0.414000,1.377870,7.741700,281.743870,-333.882350,75818.320310,,3.300480,-367.308170
8.168000,0.726750,1.275330,7.659670,281.778840,-333.881960,75841.523440,1.000000,3.433780,-367.310030
8.168000,0.726750,1.275330,7.659670,281.778840,-333.881960,75841.523440,1.000000,3.433780,-367.310030
8.170000,0.922850,0.648560,6.367680,281.816560,-333.882600,76080.937500,,3.500430,-367.311310
8.172000,0.822880,0.216610,4.604000,281.854550,-333.883540,76113.632810,,3.693970,-367.310970
8.174000,0.505000,0.102540,3.916990,281.891270,-333.883330,76167.421880,,3.535030,-367.309110
8.176000,0.119200,0.330690,5.198730,281.926270,-333.883360,75905.859380,1.000000,3.609380,-367.306580
8.178000,-0.105100,0.728030,5.803710,281.959750,-333.883360,75779.304690,,3.592710,-367.304840
8.180000,0.008970,0.990780,5.916500,281.993070,-333.882390,75844.687500,,3.344060,-367.305330
8.182000,0.416560,1.034360,6.111330,282.027190,-333.882140,75923.796880,,3.436340,-367.307620
8.184000,0.753660,0.625490,4.552730,282.063480,-333.882660,76090.437500,1.000000,3.481200,-367.309940
8.186000,0.780580,0.294800,3.496580,282.100370,-333.883510,76146.335940,,3.626040,-367.310760
8.188000,0.501160,0.270450,2.789060,282.136200,-333.883360,75894.257810,,3.520940,-367.309660
8.190000,0.179440,0.513980,4.727050,282.170680,-333.883480,75789.843750,,3.583740,-367.307860
8.192000,0.114070,1.001040,6.695800,282.203770,-333.883790,75793.015630,1.000000,3.669620,-367.307040
8.192000,0.114070,1.001040,6.695800,282.203770,-333.883790,75793.015630,1.000000,3.669620,-367.307040
8.194000,0.352480,1.338130,7.598140,282.236720,-333.882540,75706.531250,,3.324830,-367.307980
8.196000,0.665220,1.418880,7.751950,282.270780,-333.881900,75766.648440,,3.379940,-367.309750
8.198000,0.898500,0.899780,6.839360,282.307560,-333.882390,75844.687500,,3.474790,-367.311220
8.200000,0.862610,0.351200,4.962890,282.345640,-333.883450,75963.867190,1.000000,3.654240,-367.311250
8.202000,0.574220,0.110230,3.773440,282.382870,-333.883450,76107.304690,,3.569640,-367.309570
8.204000,0.182010,0.230710,4.747560,282.418400,-333.883270,75575.742190,,3.554260,-367.307040
8.206000,-0.097410,0.646000,5.762700,282.452180,-333.883480,75730.781250,,3.615780,-367.304990
8.208000,-0.046140,0.940800,5.896000,282.485500,-333.882660,75761.367190,1.000000,3.364560,-367.304990
8.208000,-0.046140,0.940800,5.896000,282.485500,-333.882660,75761.367190,1.000000,3.364560,-367.304990
8.210000,0.317870,1.048460,6.398440,282.519470,-333.882230,76215.937500,,3.404300,-367.307040
8.212000,0.710080,0.707520,5.014160,282.555330,-333.882630,75841.523440,,3.469670,-367.309570
8.214000,0.810060,0.280700,3.578610,282.592440,-333.883390,75784.578130,,3.599120,-367.310820
8.216000,0.576780,0.216610,2.717290,282.628540,-333.883510,76122.070310,1.000000,3.546570,-367.310090
8.218000,0.251220,0.440920,4.234860,282.663090,-333.883360,75687.539060,,3.546570,-367.308290
8.220000,0.089720,0.985660,6.500980,282.696010,-333.883820,75704.421880,,3.682430,-367.307040
8.222000,0.283260,1.348390,7.618650,282.728760,-333.882840,75771.914060,,3.381230,-367.307590
8.224000,0.588320,1.452210,8.049320,282.762570,-333.881900,76090.437500,1.000000,3.326110,-367.309230
8.226000,0.867740,1.026670,7.259770,282.798860,-333.882260,75784.578130,,3.453000,-367.310880
8.228000,0.903630,0.412720,5.208980,282.837040,-333.883240,75916.414060,,3.606810,-367.311310
8.230000,0.660100,0.123050,3.568360,282.874660,-333.883610,76045.085940,,3.613220,-367.309970
8.232000,0.288390,0.078190,4.439940,282.910890,-333.883270,75870.007810,1.000000,3.522220,-367.307590
8.232000,0.288390,0.078190,4.439940,282.910890,-333.883270,75870.007810,1.000000,3.522220,-367.307590
8.234000,-0.052550,0.455020,5.690920,282.945160,-333.883580,76083.046880,,3.646550,-367.305180
8.236000,-0.096130,0.760070,6.562500,282.978580,-333.882970,75762.421880,,3.418400,-367.304530
8.238000,0.206360,0.956180,6.265140,283.012240,-333.882230,76171.640630,,3.379940,-367.306240
8.240000,0.642150,0.783140,5.270510,283.047330,-333.882480,76091.484380,1.000000,3.458130,-367.308840
8.240000,0.642150,0.783140,5.270510,283.047330,-333.882480,76091.484380,1.000000,3.458130,-367.308840
8.242000,0.829280,0.389650,3.496580,283.083920,-333.883270,75895.320310,,3.565800,-367.310580
8.244000,0.665220,0.293520,2.491700,283.119960,-333.883610,76046.132810,,3.583740,-367.310270
8.246000,0.329410,0.410160,3.865720,283.154790,-333.883360,75855.242190,,3.504270,-367.308590
8.248000,0.101260,0.912600,6.152340,283.187930,-333.883820,76005.007810,1.000000,3.701660,-367.307070
8.250000,0.230710,1.341980,7.608400,283.220520,-333.883210,75473.445310,,3.440190,-367.307190
8.250000,0.230710,1.341980,7.608400,283.220520,-333.883210,75473.445310,,3.440190,-367.307190
8.252000,0.519100,1.512450,7.967290,283.254060,-333.881960,75875.273440,,3.300480,-367.308690
8.254000,0.817750,1.217650,7.126460,283.289830,-333.882080,75718.125000,,3.411990,-367.310390
8.256000,0.916440,0.553710,5.352540,283.327970,-333.883030,76063.015630,1.000000,3.552980,-367.311160
8.258000,0.719060,0.189700,3.937500,283.365970,-333.883700,75741.328130,,3.636290,-367.310210
8.260000,0.372990,0.051270,4.480960,283.402800,-333.883360,75701.250000,,3.502990,-367.308010
8.262000,0.016660,0.378110,5.649900,283.437440,-333.883610,75894.257810,,3.650390,-367.305570
8.264000,-0.101260,0.792110,6.306150,283.470670,-333.883240,75510.351560,1.000000,3.479920,-367.304470
8.266000,0.124330,1.033080,6.193360,283.504030,-333.882350,75912.195310,,3.351750,-367.305730
8.268000,0.562680,0.947200,5.465330,283.538730,-333.882420,75803.554690,,3.450440,-367.308290
8.270000,0.825440,0.493470,4.060550,283.575260,-333.883090,76122.070310,,3.519650,-367.310360
8.272000,0.744690,0.326840,3.035160,283.611660,-333.883640,75941.726560,1.000000,3.608090,-367.310580
8.274000,0.411440,0.346070,3.814450,283.647060,-333.883360,75499.812500,,3.482480,-367.309050
8.276000,0.124330,0.743410,5.721680,283.680850,-333.883730,75964.921880,,3.676030,-367.307310
8.278000,0.160220,1.217650,7.239260,283.713620,-333.883510,75507.195310,,3.517090,-367.306950
8.280000,0.443480,1.438110,7.833980,283.746980,-333.882200,75807.781250,1.000000,3.292790,-367.308260
8.280000,0.443480,1.438110,7.833980,283.746980,-333.882200,75807.781250,1.000000,3.292790,-367.308260
8.282000,0.760070,1.226620,7.454590,283.782410,-333.882020,75594.726560,,3.414550,-367.310090
8.284000,0.922850,0.571660,6.254880,283.820310,-333.882810,76401.562500,,3.506840,-367.311190
8.286000,0.790830,0.184570,4.388670,283.858280,-333.883670,75855.242190,,3.674740,-367.310640
8.288000,0.470400,0.039730,4.562990,283.895110,-333.883390,75820.429690,1.000000,3.506840,-367.308690
8.290000,0.087160,0.298650,5.321780,283.929900,-333.883510,76033.476560,,3.631160,-367.306180
8.292000,-0.107670,0.748540,5.957520,283.963010,-333.883390,75844.687500,,3.536320,-367.304630
8.294000,0.034610,1.042050,6.049800,283.996060,-333.882420,76223.320310,,3.345340,-367.305360
8.296000,0.463990,1.036930,5.813960,284.030240,-333.882260,75947.000000,1.000000,3.435060,-367.307740
8.298000,0.792110,0.601140,4.757810,284.066590,-333.882810,76509.140630,,3.486330,-367.310090
8.300000,0.795960,0.337100,3.363280,284.103210,-333.883540,75937.500000,,3.619630,-367.310760
8.302000,0.487060,0.321720,3.209470,284.138950,-333.883360,75854.187500,,3.490170,-367.309510
8.304000,0.174320,0.592160,5.096190,284.173310,-333.883640,76005.007810,1.000000,3.619630,-367.307680
8.304000,0.174320,0.592160,5.096190,284.173310,-333.883640,76005.007810,1.000000,3.619630,-367.307680
8.306000,0.123050,1.101010,6.757320,284.206240,-333.883730,75819.375000,,3.613220,-367.306880
8.308000,0.362730,1.404790,7.546880,284.239260,-333.882450,75856.289060,,3.305600,-367.307860
8.310000,0.683170,1.385560,7.710940,284.273770,-333.881960,75581.015630,,3.409420,-367.309660
8.312000,0.904910,0.795960,6.736820,284.311100,-333.882540,75930.117190,1.000000,3.476070,-367.311130
8.312000,0.904910,0.795960,6.736820,284.311100,-333.882540,75930.117190,1.000000,3.476070,-367.311130
8.314000,0.849790,0.337100,5.106450,284.349060,-333.883540,75963.867190,,3.678590,-367.311040
8.316000,0.557560,0.155090,3.958010,284.385990,-333.883450,75911.140630,,3.549130,-367.309330
8.318000,0.170470,0.326840,5.137210,284.421260,-333.883360,75674.890630,,3.585020,-367.306880
8.320000,-0.079470,0.728030,5.649900,284.454770,-333.883390,75823.601560,1.000000,3.595280,-367.304960
8.322000,-0.016660,1.004880,5.957520,284.488040,-333.882540,75828.867190,,3.354310,-367.305110
8.324000,0.367860,1.039490,6.203610,284.522220,-333.882140,75626.375000,,3.411990,-367.307220
8.326000,0.731870,0.635740,4.901370,284.558440,-333.882630,75981.796880,,3.459410,-367.309660
8.328000,0.803650,0.256350,3.476070,284.595520,-333.883480,75920.625000,1.000000,3.605530,-367.310730
8.330000,0.549870,0.210210,2.932620,284.631560,-333.883510,75911.140630,,3.527340,-367.309810
8.332000,0.215330,0.435790,4.634770,284.666170,-333.883510,75689.656250,,3.564510,-367.308010
8.334000,0.097410,0.965150,6.695800,284.699100,-333.883850,75642.187500,,3.668330,-367.306920
8.336000,0.302490,1.356080,7.454590,284.731750,-333.882750,75739.226560,1.000000,3.349180,-367.307620
8.336000,0.302490,1.356080,7.454590,284.731750,-333.882750,75739.226560,1.000000,3.349180,-367.307620
8.338000,0.617800,1.465030,8.018550,284.765560,-333.881990,75731.835940,,3.363280,-367.309360
8.340000,0.880550,0.997190,7.075200,284.802030,-333.882390,76059.851560,,3.460690,-367.311040
8.342000,0.904910,0.429380,5.332030,284.840030,-333.883390,75879.492190,,3.622190,-367.311340
8.344000,0.647280,0.183290,3.845210,284.877290,-333.883540,76094.648440,1.000000,3.586300,-367.309940
8.346000,0.258910,0.235840,4.552730,284.913020,-333.883330,75856.289060,,3.536320,-367.307460
8.348000,-0.056400,0.616520,6.172850,284.946990,-333.883510,75781.414060,,3.611940,-367.305180
8.350000,-0.069210,0.904910,5.926760,284.980350,-333.882750,75924.851560,,3.374820,-367.304750
8.352000,0.260190,1.018980,6.418950,285.014280,-333.882260,76008.164060,1.000000,3.383790,-367.306550
8.354000,0.663940,0.724180,5.126950,285.049930,-333.882600,76338.289060,,3.454280,-367.309080
8.356000,0.821590,0.310180,3.660640,285.086910,-333.883360,75868.945310,,3.570920,-367.310640
8.358000,0.637020,0.208920,2.737790,285.123110,-333.883610,76234.929690,,3.564510,-367.310210
8.360000,0.296080,0.366580,4.040040,285.157960,-333.883420,75769.812500,1.000000,3.532470,-367.308440
8.360000,0.296080,0.366580,4.040040,285.157960,-333.883420,75769.812500,1.000000,3.532470,-367.308440
8.362000,0.096130,0.886960,6.531740,285.191040,-333.883850,75774.023440,,3.678590,-367.307010
8.364000,0.240970,1.338130,7.341800,285.223540,-333.882970,75767.703130,,3.396610,-367.307280
8.366000,0.537050,1.507320,8.213380,285.257020,-333.881930,75830.984380,,3.313290,-367.308840
8.368000,0.847230,1.116390,7.034180,285.293060,-333.882200,75931.179690,1.000000,3.437620,-367.310610
8.370000,0.930540,0.474240,5.516600,285.331300,-333.883150,75710.742190,,3.574770,-367.311310
8.372000,0.725460,0.139710,3.927250,285.369080,-333.883640,75959.656250,,3.618350,-367.310240
8.374000,0.358890,0.087160,4.316890,285.405430,-333.883360,75865.789060,,3.519650,-367.307950
8.376000,0.000000,0.467830,5.670410,285.439670,-333.883580,75939.617190,1.000000,3.636290,-367.305450
8.376000,0.000000,0.467830,5.670410,285.439670,-333.883580,75939.617190,1.000000,3.636290,-367.305450
8.378000,-0.099980,0.822880,6.131840,285.472960,-333.883030,75844.687500,,3.441470,-367.304440
8.380000,0.146120,1.010010,6.490720,285.506500,-333.882290,75673.828130,,3.373540,-367.305790
8.382000,0.590880,0.811340,5.403810,285.541660,-333.882510,76018.710940,,3.456850,-367.308380
8.384000,0.813900,0.357600,3.875980,285.578430,-333.883210,75885.828130,1.000000,3.531190,-367.310300
8.386000,0.703670,0.217900,2.840330,285.614780,-333.883610,76051.406250,,3.581180,-367.310330
8.388000,0.372990,0.312740,3.650390,285.649810,-333.883360,75957.539060,,3.494020,-367.308780
8.390000,0.123050,0.803650,6.019040,285.683140,-333.883790,75808.835940,,3.674740,-367.307190
8.392000,0.203800,1.281740,7.464840,285.715610,-333.883270,75660.125000,1.000000,3.461980,-367.307040
8.392000,0.203800,1.281740,7.464840,285.715610,-333.883270,75660.125000,1.000000,3.461980,-367.307040
8.394000,0.474240,1.489380,8.182620,285.748900,-333.882080,75584.179690,,3.301760,-367.308350
8.396000,0.769040,1.229190,7.485350,285.784480,-333.882110,75750.828130,,3.409420,-367.310060
8.398000,0.907470,0.557560,5.865230,285.822510,-333.882970,75974.421880,,3.526060,-367.311040
8.400000,0.765200,0.187130,4.183590,285.860530,-333.883730,76041.921880,1.000000,3.633730,-367.310390
8.402000,0.438350,0.052550,4.562990,285.897340,-333.883450,75944.882810,,3.511960,-367.308410
8.404000,0.074340,0.364010,5.660160,285.931920,-333.883640,76135.789060,,3.635010,-367.305940
8.406000,-0.092290,0.786990,6.265140,285.965090,-333.883300,75939.617190,,3.494020,-367.304530
8.408000,0.071780,1.051030,6.357420,285.998260,-333.882390,75677.000000,1.000000,3.353030,-367.305420
8.410000,0.503720,0.965150,5.619140,286.032840,-333.882390,75997.625000,,3.428650,-367.307860
8.412000,0.790830,0.474240,4.388670,286.069460,-333.883000,76066.179690,,3.496580,-367.310030
8.414000,0.760070,0.219180,3.188960,286.106140,-333.883640,76214.882810,,3.590150,-367.310490
8.416000,0.451170,0.210210,3.834960,286.141820,-333.883390,75961.757810,1.000000,3.487610,-367.309170
8.416000,0.451170,0.210210,3.834960,286.141820,-333.883390,75961.757810,1.000000,3.487610,-367.309170
8.418000,0.157650,0.565250,5.649900,286.175810,-333.883730,76145.281250,,3.643980,-367.307430
8.420000,0.156370,1.102290,7.187990,286.208500,-333.883540,75736.062500,,3.533750,-367.306880
8.422000,0.407590,1.389400,7.782710,286.241490,-333.882290,75779.304690,,3.292790,-367.308010
8.424000,0.720340,1.275330,7.475100,286.276460,-333.882080,75756.093750,1.000000,3.408140,-367.309780
8.424000,0.720340,1.275330,7.475100,286.276460,-333.882080,75756.093750,1.000000,3.408140,-367.309780
8.426000,0.903630,0.611390,6.541990,286.314180,-333.882810,75926.953130,,3.491460,-367.311000
8.428000,0.824160,0.157650,4.798830,286.352330,-333.883640,76110.468750,,3.658080,-367.310730
8.430000,0.521670,-0.011540,4.491210,286.389310,-333.883480,75670.664060,,3.519650,-367.308960
8.432000,0.139710,0.240970,5.444820,286.424160,-333.883510,75982.859380,1.000000,3.613220,-367.306460
8.434000,-0.091000,0.751100,5.926760,286.457060,-333.883390,75796.179690,,3.535030,-367.304690
8.436000,0.000000,1.095890,6.039550,286.489840,-333.882480,75870.007810,,3.350460,-367.305050
8.438000,0.408870,1.081790,5.957520,286.523900,-333.882260,75847.851560,,3.419680,-367.307310
8.440000,0.766480,0.598570,4.686040,286.560300,-333.882810,75768.750000,1.000000,3.468380,-367.309750
8.442000,0.815190,0.220460,3.660640,286.597320,-333.883510,76172.703130,,3.595280,-367.310670
8.444000,0.535770,0.176880,3.373540,286.633330,-333.883450,75703.359380,,3.501710,-367.309660
8.446000,0.208920,0.452450,5.034670,286.667760,-333.883640,75807.781250,,3.596560,-367.307830
8.448000,0.120480,1.007450,6.695800,286.700500,-333.883730,75682.265630,1.000000,3.606810,-367.306880
8.450000,0.334530,1.357360,7.587890,286.733340,-333.882540,75904.804690,,3.309450,-367.307650
8.452000,0.652400,1.362490,7.885250,286.767640,-333.882020,75738.171880,,3.391480,-367.309390
8.454000,0.889530,0.793400,7.064940,286.804810,-333.882540,75724.460940,,3.461980,-367.310910
8.456000,0.886960,0.262760,5.362790,286.842960,-333.883510,75969.148440,1.000000,3.643980,-367.311100
8.456000,0.886960,0.262760,5.362790,286.842960,-333.883510,75969.148440,1.000000,3.643980,-367.311100
8.458000,0.610110,0.060240,4.152830,286.880100,-333.883510,75793.015630,,3.560670,-367.309540
8.458000,0.610110,0.060240,4.152830,286.880100,-333.883510,75793.015630,,3.560670,-367.309540
8.460000,0.217900,0.202510,5.044920,286.915470,-333.883420,75888.992190,,3.568360,-367.307070
8.462000,-0.069210,0.666500,5.885740,286.948880,-333.883420,75838.359380,,3.592710,-367.304960
8.464000,-0.055110,1.012570,6.152340,286.981810,-333.882600,76123.125000,1.000000,3.359440,-367.304780
8.464000,-0.055110,1.012570,6.152340,286.981810,-333.882600,76123.125000,1.000000,3.359440,-367.304780
8.466000,0.301210,1.084350,6.162600,287.015660,-333.882260,75887.929690,,3.413270,-367.306760
8.468000,0.699830,0.706240,5.414060,287.051570,-333.882660,75837.312500,,3.449160,-367.309300
8.470000,0.834410,0.252500,3.701660,287.088810,-333.883420,76157.929690,,3.574770,-367.310730
8.472000,0.625490,0.111510,2.819820,287.125180,-333.883510,75962.812500,1.000000,3.536320,-367.310120
8.474000,0.273010,0.279420,4.624510,287.160060,-333.883510,76176.921880,,3.550420,-367.308320
8.476000,0.111510,0.847230,6.511230,287.192960,-333.883790,75751.882810,,3.651670,-367.307040
8.478000,0.269170,1.329160,7.669920,287.225310,-333.882750,75969.148440,,3.344060,-367.307430
8.480000,0.576780,1.474000,8.059570,287.258910,-333.881990,75846.796880,1.000000,3.345340,-367.309020
8.482000,0.849790,1.030520,7.403320,287.295230,-333.882390,75951.210940,,3.441470,-367.310700
8.484000,0.907470,0.387080,5.434570,287.333470,-333.883360,75675.945310,,3.593990,-367.311250
8.486000,0.680600,0.074340,3.927250,287.371150,-333.883670,75903.750000,,3.597840,-367.310030
8.488000,0.310180,0.099980,4.614260,287.407140,-333.883450,75978.632810,1.000000,3.533750,-367.307680
8.488000,0.310180,0.099980,4.614260,287.407140,-333.883450,75978.632810,1.000000,3.533750,-367.307680
8.490000,-0.016660,0.540890,5.711430,287.440950,-333.883540,75687.539060,,3.608090,-367.305360
8.492000,-0.089720,0.961300,6.388180,287.473820,-333.882840,75976.523440,,3.394040,-367.304600
8.494000,0.197390,1.134340,6.449710,287.507290,-333.882320,75685.429690,,3.374820,-367.306180
8.496000,0.628050,0.829280,5.414060,287.542790,-333.882600,75998.679690,1.000000,3.450440,-367.308750
8.498000,0.821590,0.335820,3.896480,287.579930,-333.883300,75816.210940,,3.535030,-367.310520
8.500000,0.688290,0.143550,2.707030,287.616520,-333.883610,75963.867190,,3.561950,-367.310360
8.500000,0.688290,0.143550,2.707030,287.616520,-333.883610,75963.867190,,3.561950,-367.310360
8.502000,0.344790,0.247380,3.916990,287.651670,-333.883450,75928.015630,,3.515810,-367.308690
8.504000,0.117920,0.770320,6.336910,287.684880,-333.883820,75504.031250,1.000000,3.654240,-367.307160
8.506000,0.219180,1.297120,7.423830,287.717160,-333.883090,75768.750000,,3.411990,-367.307160
8.508000,0.502440,1.494510,8.274900,287.750520,-333.882080,75399.617190,,3.306880,-367.308560
8.510000,0.807500,1.133060,7.546880,287.786440,-333.882260,75873.171880,,3.426090,-367.310300
8.512000,0.917720,0.444760,5.608890,287.824740,-333.883120,75912.195310,1.000000,3.540160,-367.311160
8.514000,0.749820,0.071780,4.204100,287.862820,-333.883700,75853.132810,,3.614500,-367.310300
8.516000,0.407590,-0.023070,4.368160,287.899480,-333.883480,75909.031250,,3.527340,-367.308170
8.518000,0.051270,0.351200,5.649900,287.933750,-333.883640,75833.085940,,3.620910,-367.305690
8.520000,-0.094850,0.797240,6.429200,287.966670,-333.883090,76078.828130,1.000000,3.458130,-367.304470
8.522000,0.108950,1.074100,6.541990,287.999790,-333.882350,75797.234380,,3.363280,-367.305540
8.524000,0.549870,0.927980,5.865230,288.034480,-333.882510,76090.437500,,3.435060,-367.308040
8.526000,0.815190,0.457580,4.091310,288.071140,-333.883120,75983.914060,,3.511960,-367.310120
8.528000,0.765200,0.224300,3.137700,288.107730,-333.883640,75780.351560,1.000000,3.574770,-367.310460
8.528000,0.765200,0.224300,3.137700,288.107730,-333.883640,75780.351560,1.000000,3.574770,-367.310460
8.530000,0.430660,0.242250,3.763180,288.143160,-333.883450,76147.390630,,3.504270,-367.308960
8.532000,0.142270,0.661380,5.824220,288.176790,-333.883790,75783.515630,,3.647830,-367.307190
8.534000,0.161500,1.208680,7.434080,288.209170,-333.883330,76086.218750,,3.476070,-367.306760
8.536000,0.428100,1.507320,8.069820,288.242130,-333.882110,75688.593750,1.000000,3.287660,-367.307950
8.536000,0.428100,1.507320,8.069820,288.242130,-333.882110,75688.593750,1.000000,3.287660,-367.307950
8.538000,0.753660,1.325320,7.608400,288.277280,-333.882140,75932.226560,,3.397890,-367.309780
8.540000,0.929260,0.624210,6.183110,288.315310,-333.882930,75960.703130,,3.502990,-367.311000
8.542000,0.826720,0.165340,4.614260,288.353670,-333.883730,76059.851560,,3.620910,-367.310640
8.544000,0.502440,-0.032040,4.347660,288.390930,-333.883580,75876.328130,1.000000,3.522220,-367.308690
8.546000,0.114070,0.249940,5.762700,288.425750,-333.883670,75965.976560,,3.624760,-367.306150
8.548000,-0.099980,0.747250,6.049800,288.458770,-333.883360,75994.453130,,3.495300,-367.304440
8.550000,0.017940,1.113830,6.398440,288.491580,-333.882450,75699.140630,,3.355590,-367.304990
8.552000,0.444760,1.079220,5.978030,288.525820,-333.882420,75785.625000,1.000000,3.408140,-367.307400
8.554000,0.785710,0.580630,4.521970,288.562320,-333.882970,75803.554690,,3.476070,-367.309750
8.556000,0.810060,0.235840,3.271000,288.599240,-333.883580,76188.523440,,3.574770,-367.310580
8.558000,0.513980,0.197390,3.650390,288.635130,-333.883510,75751.882810,,3.494020,-367.309420
8.560000,0.196110,0.516540,5.752440,288.669220,-333.883760,75970.203130,1.000000,3.633730,-367.307590
8.560000,0.196110,0.516540,5.752440,288.669220,-333.883760,75970.203130,1.000000,3.633730,-367.307590
8.562000,0.138430,1.039490,6.849610,288.701780,-333.883610,75732.890630,,3.529910,-367.306790
8.564000,0.365300,1.329160,8.233890,288.734310,-333.882390,75637.976560,,3.297910,-367.307680
8.566000,0.689580,1.199710,7.587890,288.768460,-333.882110,75705.476560,,3.385070,-367.309480
8.568000,0.908750,0.458860,6.849610,288.805110,-333.882720,75861.562500,1.000000,3.465820,-367.310880
8.568000,0.908750,0.458860,6.849610,288.805110,-333.882720,75861.562500,1.000000,3.465820,-367.310880
8.570000,0.872860,-0.158940,5.024410,288.841980,-333.883610,76297.148440,,3.637570,-367.310850
8.572000,0.583190,-0.531920,4.552730,288.877010,-333.883640,75979.687500,,3.541440,-367.309270
8.574000,0.196110,-0.426820,5.547360,288.908720,-333.883670,75799.335940,,3.619630,-367.306760
8.576000,-0.079470,-0.056400,5.875490,288.937160,-333.883480,75694.921880,1.000000,3.550420,-367.304690
8.578000,-0.042300,0.238400,6.234380,288.963560,-333.882600,75901.648440,,3.368410,-367.304690
8.580000,0.330690,0.223020,5.906250,288.989440,-333.882320,76002.890630,,3.422240,-367.306760
8.582000,0.702390,-0.249940,4.839840,289.015840,-333.882810,75947.000000,,3.456850,-367.309230
8.584000,0.803650,-0.752380,3.527340,289.041230,-333.883450,76326.679690,1.000000,3.581180,-367.310420
8.586000,0.565250,-0.907470,3.301760,289.063630,-333.883450,76060.898440,,3.505550,-367.309720
8.588000,0.247380,-0.739560,4.645020,289.082310,-333.883640,75641.132810,,3.586300,-367.308010
8.590000,0.107670,-0.289670,5.885740,289.097110,-333.883700,75939.617190,,3.601680,-367.306880
8.592000,0.238400,0.001280,6.480470,289.109440,-333.882750,75842.585940,1.000000,3.356870,-367.307220
8.592000,0.238400,0.001280,6.480470,289.109440,-333.882750,75842.585940,1.000000,3.356870,-367.307220
8.594000,0.484500,0.058960,6.613770,289.120910,-333.882320,76200.117190,,3.437620,-367.308590
8.596000,0.688290,-0.375550,6.080570,289.132970,-333.882780,75822.546880,,3.477360,-367.309970
8.598000,0.722900,-0.869020,4.696290,289.144380,-333.883450,76266.562500,,3.593990,-367.310420
8.600000,0.534480,-1.049740,3.291500,289.153290,-333.883480,76079.882810,1.000000,3.542720,-367.309540
8.602000,0.262760,-0.860050,2.983890,289.159090,-333.883480,75901.648440,,3.573490,-367.307830
8.604000,0.024350,-0.401180,3.014650,289.161960,-333.883420,76227.539060,,3.574770,-367.306060
8.606000,-0.105100,-0.085880,3.065920,289.163450,-333.883000,75832.031250,,3.476070,-367.305240
8.608000,-0.010250,0.021790,3.014650,289.164760,-333.883030,76295.046880,1.000000,3.550420,-367.306000
8.610000,0.211490,-0.071780,2.501950,289.166470,-333.883180,76083.046880,,3.505550,-367.307710
8.612000,0.356320,-0.226870,1.979000,289.168120,-333.883240,76014.500000,,3.496580,-367.309230
8.614000,0.352480,-0.155090,1.640630,289.168790,-333.883210,76339.335940,,3.494020,-367.309880
8.616000,0.190980,0.044860,2.122560,289.168640,-333.883360,75941.726560,1.000000,3.526060,-367.309480
8.616000,0.190980,0.044860,2.122560,289.168640,-333.883360,75941.726560,1.000000,3.526060,-367.309480
8.618000,0.058960,0.315310,2.737790,289.168090,-333.883480,75944.882810,,3.559390,-367.308780
8.620000,0.033330,0.452450,3.147950,289.167850,-333.883210,75926.953130,,3.470950,-367.308530
8.622000,0.093570,0.449890,3.793950,289.168270,-333.883150,76002.890630,,3.524780,-367.308930
8.624000,0.176880,0.361450,3.517090,289.169370,-333.883240,75943.835940,1.000000,3.514530,-367.309600
8.624000,0.176880,0.361450,3.517090,289.169370,-333.883240,75943.835940,1.000000,3.514530,-367.309600
8.626000,0.230710,0.255070,3.271000,289.170810,-333.883300,76026.093750,,3.496580,-367.310210
8.628000,0.217900,0.223020,2.286620,289.171940,-333.883360,76235.984380,,3.513240,-367.310360
8.630000,0.115360,0.280700,2.102050,289.172610,-333.883390,75745.546880,,3.526060,-367.309840
8.632000,-0.001280,0.474240,2.276370,289.172610,-333.883360,76161.101560,1.000000,3.515810,-367.309020
8.634000,-0.116640,0.565250,1.876460,289.172670,-333.883240,76029.265630,,3.527340,-367.308410
8.636000,-0.105100,0.581910,1.937990,289.173130,-333.883360,76037.695310,,3.538880,-367.308620
8.638000,-0.032040,0.563960,1.609860,289.173740,-333.883360,76367.820310,,3.508120,-367.309420
8.640000,0.007690,0.546020,1.558590,289.174380,-333.883300,75906.914060,0.000000,3.504270,-367.310330
