time,+/Nck/!SD/nckServoDataActCurr32 [u1; 1],+/Nck/!SD/nckServoDataActCurr32 [u1; 2],+/Nck/!SD/nckServoDataActCurr32 [u1; 4],+/Nck/!SD/nckServoDataActPos1stEnc32 [u1; 2],+/Nck/!SD/nckServoDataActPos1stEnc32 [u1; 3],+/Nck/!SD/nckServoDataActVelMot32 [u1; 4],+/Channel/!RP/rpa [u1; 15],+/Nck/!SD/nckServoDataActCurr32 [u1; 3],+/Nck/!SD/nckServoDataActPos1stEnc32 [u1; 1]
0.000000,0.235840,0.096130,1.712400,139.270050,-350.822170,75791.960940,1.000000,3.058230,-614.758180
0.002000,0.234560,0.097410,1.927730,139.270070,-350.822300,76215.937500,,3.054380,-614.758180
0.004000,0.234560,0.099980,1.866210,139.270080,-350.822390,75814.101560,,3.050540,-614.758180
0.006000,0.233280,0.098690,2.050780,139.270080,-350.822480,76192.734380,,3.042850,-614.758180
0.008000,0.234560,0.099980,1.855960,139.270100,-350.822540,75839.421880,1.000000,3.037720,-614.758180
0.010000,0.233280,0.102540,1.855960,139.270100,-350.822630,76013.445310,,3.033870,-614.758180
0.012000,0.234560,0.099980,1.620120,139.270100,-350.822690,75894.257810,,3.033870,-614.758180
0.014000,0.234560,0.099980,1.609860,139.270100,-350.822810,75855.242190,,3.036440,-614.758180
0.016000,0.234560,0.097410,1.415040,139.270110,-350.822910,76148.445310,1.000000,3.037720,-614.758180
0.018000,0.235840,0.098690,1.876460,139.270100,-350.823030,75874.218750,,3.045410,-614.758180
0.020000,0.234560,0.102540,1.650880,139.270100,-350.823120,75883.718750,,3.051820,-614.758180
0.022000,0.235840,0.119200,1.538090,139.270130,-350.823210,75759.257810,,3.056950,-614.758180
0.024000,0.237120,0.166630,1.712400,139.270220,-350.823300,76074.617190,1.000000,3.063350,-614.758180
0.026000,0.235840,0.252500,1.415040,139.270450,-350.823360,75881.609380,,3.068480,-614.758180
0.028000,0.237120,0.385800,1.958500,139.270920,-350.823430,75784.578130,,3.069760,-614.758180
0.030000,0.235840,0.579350,1.866210,139.271710,-350.823460,75994.453130,,3.071040,-614.758180
0.032000,0.235840,0.812620,2.143070,139.273070,-350.823460,75800.398440,1.000000,3.071040,-614.758180
0.034000,0.235840,1.024110,1.661130,139.275380,-350.823490,75861.562500,,3.069760,-614.758180
0.036000,0.234560,1.206120,1.773930,139.278980,-350.823490,75749.773440,,3.065920,-614.758180
0.038000,0.234560,1.371460,1.763670,139.284090,-350.823490,75901.648440,,3.065920,-614.758180
0.040000,0.234560,1.523990,1.630370,139.290890,-350.823490,76021.875000,1.000000,3.060790,-614.758180
0.042000,0.233280,1.656010,1.917480,139.299550,-350.823490,75799.335940,,3.059510,-614.758180
0.044000,0.233280,1.753420,1.845700,139.310320,-350.823520,75807.781250,,3.060790,-614.758180
0.046000,0.231990,1.809810,1.999510,139.323300,-350.823580,75602.117190,,3.065920,-614.758180
0.048000,0.231990,1.834170,1.630370,139.338520,-350.823640,76047.195310,1.000000,3.076170,-614.758180
0.050000,0.229430,1.848270,1.415040,139.355880,-350.823730,75853.132810,,3.086430,-614.758180
0.052000,0.229430,1.861080,1.404790,139.375350,-350.823760,75844.687500,,3.099240,-614.758180
0.054000,0.229430,1.868770,1.907230,139.396840,-350.823790,75999.734380,,3.103090,-614.758180
0.056000,0.226870,1.845700,2.194340,139.420300,-350.823760,76088.328130,1.000000,3.105650,-614.758180
0.058000,0.225590,1.803410,2.122560,139.445560,-350.823760,75844.687500,,3.110780,-614.758180
0.060000,0.224300,1.732910,2.132810,139.472460,-350.823760,75921.679690,,3.115910,-614.758180
0.062000,0.223020,1.638060,1.486820,139.500840,-350.823760,75993.398440,,3.118470,-614.758180
0.064000,0.223020,1.539370,1.773930,139.530460,-350.823760,76011.328130,1.000000,3.124880,-614.758180
0.066000,0.223020,1.429140,1.753420,139.561160,-350.823760,76023.984380,,3.127440,-614.758180
0.068000,0.223020,1.317630,1.968750,139.592710,-350.823760,75852.078130,,3.128720,-614.758180
0.070000,0.221740,1.204830,1.825200,139.624920,-350.823760,76160.046880,,3.133850,-614.758180
0.072000,0.221740,1.097170,1.712400,139.657640,-350.823760,75925.906250,1.000000,3.136410,-614.758180
0.074000,0.221740,0.995910,1.722660,139.690640,-350.823760,75872.109380,,3.141540,-614.758180
0.076000,0.220460,0.902340,1.486820,139.723800,-350.823730,75898.484380,,3.145390,-614.758180
0.078000,0.221740,0.811340,1.579100,139.757030,-350.823730,75988.125000,,3.150510,-614.758180
0.080000,0.221740,0.733150,1.630370,139.790150,-350.823700,75739.226560,1.000000,3.156920,-614.758180
0.082000,0.221740,0.688290,1.989260,139.823060,-350.823700,75668.554690,,3.159480,-614.758180
0.084000,0.223020,0.661380,1.979000,139.855830,-350.823670,76039.804690,,3.163330,-614.758180
0.086000,0.221740,0.620360,1.671390,139.888600,-350.823670,75891.093750,,3.165890,-614.758180
0.088000,0.223020,0.567810,1.907230,139.921360,-350.823640,75870.007810,1.000000,3.168460,-614.758180
0.090000,0.221740,0.513980,1.896970,139.954070,-350.823640,75894.257810,,3.169740,-614.758180
0.092000,0.223020,0.471680,1.773930,139.986760,-350.823640,75654.843750,,3.169740,-614.758180
0.094000,0.223020,0.443480,2.132810,140.019390,-350.823640,75900.593750,,3.171020,-614.758180
0.096000,0.223020,0.422970,1.876460,140.051960,-350.823640,75544.109380,1.000000,3.172300,-614.758180
0.098000,0.223020,0.402470,1.712400,140.084490,-350.823640,75903.750000,,3.171020,-614.758180
0.100000,0.223020,0.396060,1.353520,140.116990,-350.823640,75934.335940,,3.173580,-614.758180
0.102000,0.221740,0.392210,1.538090,140.149460,-350.823640,75788.789060,,3.174870,-614.758180
0.104000,0.221740,0.394780,1.948240,140.181920,-350.823640,75896.375000,1.000000,3.176150,-614.758180
0.106000,0.223020,0.402470,1.763670,140.214360,-350.823640,75637.976560,,3.178710,-614.758180
0.108000,0.221740,0.412720,1.948240,140.246840,-350.823640,76071.453130,,3.179990,-614.758180
0.110000,0.221740,0.422970,1.763670,140.279370,-350.823640,75720.242190,,3.182560,-614.758180
0.112000,0.221740,0.442200,1.814940,140.311970,-350.823640,75902.695310,1.000000,3.183840,-614.758180
0.114000,0.221740,0.478090,1.732910,140.344560,-350.823610,75929.070310,,3.185120,-614.758180
0.116000,0.220460,0.513980,1.958500,140.377240,-350.823610,75892.148440,,3.187680,-614.758180
0.118000,0.221740,0.554990,2.081540,140.409990,-350.823610,75861.562500,,3.187680,-614.758180
0.120000,0.221740,0.588320,2.020020,140.442840,-350.823610,75747.656250,1.000000,3.190250,-614.758180
0.122000,0.219180,0.612670,2.040530,140.475800,-350.823640,76217.000000,,3.192810,-614.758180
0.124000,0.219180,0.647280,1.866210,140.508800,-350.823640,75880.554690,,3.196660,-614.758180
0.126000,0.219180,0.698550,1.548340,140.541790,-350.823610,76192.734380,,3.200500,-614.758180
0.128000,0.217900,0.760070,1.527830,140.574770,-350.823610,75892.148440,1.000000,3.203060,-614.758180
0.130000,0.219180,0.842100,1.650880,140.607680,-350.823580,75936.445310,,3.209470,-614.758180
0.132000,0.219180,0.911320,1.845700,140.640660,-350.823580,75865.789060,,3.213320,-614.758180
0.134000,0.217900,0.960020,1.773930,140.673750,-350.823550,75814.101560,,3.214600,-614.758180
0.136000,0.217900,0.965150,1.620120,140.707090,-350.823550,76081.992190,1.000000,3.218440,-614.758180
0.138000,0.216610,0.942080,1.681640,140.740660,-350.823550,75920.625000,,3.222290,-614.758180
0.140000,0.216610,0.915160,1.538090,140.774380,-350.823520,75870.007810,,3.222290,-614.758180
0.142000,0.219180,0.883120,1.712400,140.808240,-350.823520,75628.476560,,3.226140,-614.758240
0.144000,0.219180,0.848510,2.112300,140.842150,-350.823550,76045.085940,1.000000,3.229980,-614.758180
0.146000,0.219180,0.825440,1.907230,140.876050,-350.823520,75853.132810,,3.233830,-614.758180
0.148000,0.219180,0.786990,1.835450,140.909960,-350.823520,75752.929690,,3.236390,-614.758180
0.150000,0.217900,0.756230,1.640630,140.943830,-350.823520,75789.843750,,3.242800,-614.758180
0.152000,0.217900,0.737000,1.866210,140.977630,-350.823490,75924.851560,1.000000,3.247920,-614.758180
0.154000,0.219180,0.731870,1.558590,141.011290,-350.823490,75887.929690,,3.250490,-614.758180
0.156000,0.220460,0.738280,1.743160,141.044750,-350.823490,75486.101560,,3.254330,-614.758180
0.158000,0.220460,0.753660,1.722660,141.078090,-350.823460,75912.195310,,3.256900,-614.758180
0.160000,0.220460,0.753660,1.794430,141.111420,-350.823460,75956.492190,1.000000,3.259460,-614.758240
0.162000,0.221740,0.722900,1.743160,141.144820,-350.823430,75751.882810,,3.259460,-614.758180
0.164000,0.221740,0.697270,1.374020,141.178240,-350.823430,75699.140630,,3.259460,-614.758180
0.166000,0.224300,0.660100,1.681640,141.211700,-350.823390,75698.085940,,3.259460,-614.758180
0.168000,0.226870,0.606260,1.640630,141.245220,-350.823390,76025.039060,1.000000,3.258180,-614.758180
0.168000,0.226870,0.606260,1.640630,141.245220,-350.823390,76025.039060,1.000000,3.258180,-614.758180
0.170000,0.226870,0.535770,2.173830,141.278810,-350.823390,75814.101560,,3.259460,-614.758180
0.172000,0.228150,0.462710,1.989260,141.312440,-350.823430,75920.625000,,3.260740,-614.758180
0.174000,0.228150,0.407590,2.266110,141.345980,-350.823430,75980.742190,,3.262020,-614.758180
0.176000,0.226870,0.381960,1.599610,141.379360,-350.823390,75880.554690,1.000000,3.264590,-614.758180
0.178000,0.228150,0.403750,1.691890,141.412490,-350.823390,75791.960940,,3.267150,-614.758180
0.180000,0.229430,0.452450,1.876460,141.445420,-350.823390,75945.937500,,3.271000,-614.758180
0.182000,0.229430,0.510130,1.743160,141.478150,-350.823360,76193.796880,,3.273560,-614.758180
0.184000,0.230710,0.558840,1.855960,141.510860,-350.823360,75973.359380,1.000000,3.273560,-614.758180
0.186000,0.229430,0.575500,1.743160,141.543700,-350.823360,76019.773440,,3.277400,-614.758180
0.188000,0.230710,0.594730,1.907230,141.576610,-350.823360,75909.031250,,3.274840,-614.758180
0.190000,0.231990,0.625490,1.558590,141.609540,-350.823360,75954.382810,,3.274840,-614.758180
0.192000,0.231990,0.666500,1.425290,141.642490,-350.823360,75859.453130,1.000000,3.274840,-614.758180
0.194000,0.233280,0.681880,1.640630,141.675570,-350.823360,75861.562500,,3.276120,-614.758180
0.196000,0.231990,0.704960,1.743160,141.708690,-350.823360,76151.609380,,3.277400,-614.758180
0.198000,0.231990,0.710080,2.102050,141.741940,-350.823360,75951.210940,,3.277400,-614.758180
0.200000,0.228150,0.706240,1.804690,141.775280,-350.823360,75926.953130,1.000000,3.281250,-614.758180
0.202000,0.228150,0.710080,1.968750,141.808650,-350.823360,75716.015630,,3.283810,-614.758180
0.204000,0.226870,0.730590,1.948240,141.841980,-350.823360,75926.953130,,3.286380,-614.758180
0.206000,0.225590,0.766480,1.558590,141.875270,-350.823360,75872.109380,,3.292790,-614.758180
0.208000,0.225590,0.792110,2.020020,141.908570,-350.823330,75907.968750,1.000000,3.295350,-614.758180
0.210000,0.224300,0.816470,1.896970,141.941910,-350.823330,75894.257810,,3.297910,-614.758180
0.212000,0.223020,0.828000,1.794430,141.975340,-350.823300,75847.851560,,3.300480,-614.758180
0.214000,0.221740,0.833130,1.363770,142.008870,-350.823300,75779.304690,,3.303040,-614.758180
0.216000,0.219180,0.822880,1.825200,142.042480,-350.823300,75900.593750,1.000000,3.303040,-614.758180
0.218000,0.219180,0.794680,1.681640,142.076200,-350.823300,75917.460940,,3.304320,-614.758180
0.220000,0.219180,0.758790,1.661130,142.109970,-350.823300,75916.414060,,3.305600,-614.758180
0.222000,0.219180,0.722900,1.927730,142.143770,-350.823300,76010.273440,,3.308170,-614.758180
0.224000,0.219180,0.711360,1.855960,142.177440,-350.823300,75800.398440,1.000000,3.309450,-614.758180
0.226000,0.216610,0.699830,1.989260,142.211040,-350.823300,75700.195310,,3.312010,-614.758240
0.228000,0.216610,0.735720,1.640630,142.244420,-350.823270,75956.492190,,3.315860,-614.758180
0.230000,0.216610,0.762630,1.979000,142.277690,-350.823270,75807.781250,,3.318420,-614.758180
0.232000,0.216610,0.758790,1.979000,142.310960,-350.823270,76027.156250,1.000000,3.322270,-614.758240
0.234000,0.217900,0.742130,2.071290,142.344310,-350.823240,75890.039060,,3.323550,-614.758180
0.236000,0.216610,0.706240,2.153320,142.377750,-350.823240,76171.640630,,3.324830,-614.758180
0.238000,0.219180,0.683170,1.866210,142.411210,-350.823210,75727.617190,,3.323550,-614.758180
0.240000,0.219180,0.670350,1.722660,142.444640,-350.823210,75968.093750,1.000000,3.323550,-614.758180
0.242000,0.220460,0.649840,1.456050,142.478120,-350.823210,76161.101560,,3.322270,-614.758180
0.244000,0.221740,0.626770,1.712400,142.511600,-350.823210,75735.007810,,3.323550,-614.758180
0.246000,0.223020,0.590880,1.855960,142.545120,-350.823210,76100.984380,,3.323550,-614.758180
0.248000,0.224300,0.548580,1.937990,142.578660,-350.823210,75900.593750,1.000000,3.323550,-614.758180
0.250000,0.224300,0.522950,1.722660,142.612110,-350.823210,76153.710940,,3.326110,-614.758180
0.252000,0.225590,0.542180,1.794430,142.645360,-350.823210,75865.789060,,3.328670,-614.758180
0.254000,0.225590,0.589600,1.681640,142.678390,-350.823210,75835.195310,,3.329960,-614.758180
0.256000,0.226870,0.637020,1.568850,142.711320,-350.823210,75969.148440,1.000000,3.335080,-614.758180
0.258000,0.226870,0.649840,2.081540,142.744290,-350.823210,75816.210940,,3.335080,-614.758180
0.260000,0.228150,0.663940,2.050780,142.777300,-350.823180,75813.054690,,3.336360,-614.758180
0.262000,0.226870,0.667790,1.937990,142.810350,-350.823180,75666.453130,,3.336360,-614.758180
0.264000,0.228150,0.663940,1.825200,142.843520,-350.823180,76026.093750,1.000000,3.336360,-614.758180
0.266000,0.226870,0.643430,1.681640,142.876820,-350.823180,75851.023440,,3.336360,-614.758180
0.268000,0.228150,0.616520,1.743160,142.910200,-350.823180,75843.640630,,3.337650,-614.758180
0.270000,0.226870,0.590880,1.691890,142.943630,-350.823180,75840.476560,,3.337650,-614.758180
0.272000,0.226870,0.590880,1.814940,142.977040,-350.823180,75760.312500,1.000000,3.338930,-614.758180
0.274000,0.225590,0.592160,1.804690,143.010410,-350.823180,75891.093750,,3.338930,-614.758180
0.276000,0.225590,0.625490,1.804690,143.043660,-350.823180,75543.054690,,3.341490,-614.758180
0.278000,0.225590,0.681880,1.425290,143.076780,-350.823180,75862.617190,,3.344060,-614.758180
0.280000,0.224300,0.728030,1.456050,143.109860,-350.823180,75902.695310,1.000000,3.347900,-614.758180
0.282000,0.224300,0.758790,1.855960,143.142940,-350.823150,75787.734380,,3.349180,-614.758180
0.284000,0.223020,0.788270,2.163570,143.176060,-350.823150,75727.617190,,3.350460,-614.758180
0.286000,0.223020,0.810060,2.245610,143.209240,-350.823120,75574.695310,,3.351750,-614.758180
0.288000,0.223020,0.833130,2.081540,143.242480,-350.823120,76118.914060,1.000000,3.351750,-614.758180
0.290000,0.221740,0.825440,1.804690,143.275820,-350.823120,75871.062500,,3.350460,-614.758180
0.292000,0.221740,0.817750,1.630370,143.309280,-350.823120,75814.101560,,3.351750,-614.758180
0.294000,0.221740,0.783140,1.794430,143.342880,-350.823120,75913.250000,,3.353030,-614.758180
0.296000,0.221740,0.731870,2.009770,143.376570,-350.823120,76144.226560,1.000000,3.353030,-614.758180
0.298000,0.221740,0.679320,1.958500,143.410320,-350.823150,75787.734380,,3.355590,-614.758180
0.300000,0.221740,0.651120,1.999510,143.443980,-350.823120,75935.390630,,3.358150,-614.758180
0.302000,0.221740,0.658810,1.753420,143.477490,-350.823120,76144.226560,,3.360720,-614.758180
0.304000,0.223020,0.690860,1.620120,143.510830,-350.823120,75906.914060,1.000000,3.363280,-614.758180
0.306000,0.223020,0.707520,1.466310,143.544110,-350.823090,76094.648440,,3.365840,-614.758180
0.308000,0.224300,0.729310,1.558590,143.577330,-350.823090,75819.375000,,3.367130,-614.758180
0.310000,0.225590,0.739560,2.030270,143.610580,-350.823090,76157.929690,,3.365840,-614.758180
0.312000,0.225590,0.737000,2.163570,143.643910,-350.823090,75880.554690,1.000000,3.367130,-614.758180
0.314000,0.228150,0.725460,2.184080,143.677310,-350.823090,75746.601560,,3.367130,-614.758180
0.316000,0.226870,0.698550,1.773930,143.710770,-350.823090,75859.453130,,3.367130,-614.758180
0.318000,0.228150,0.672910,1.855960,143.744290,-350.823090,75954.382810,,3.367130,-614.758180
0.320000,0.229430,0.619080,1.599610,143.777890,-350.823090,75870.007810,1.000000,3.368410,-614.758180
0.322000,0.229430,0.580630,1.917480,143.811430,-350.823090,75622.148440,,3.368410,-614.758180
0.324000,0.229430,0.570370,2.040530,143.844850,-350.823090,75965.976560,,3.369690,-614.758180
0.326000,0.229430,0.579350,1.702150,143.878110,-350.823090,75862.617190,,3.370970,-614.758180
0.326000,0.229430,0.579350,1.702150,143.878110,-350.823090,75862.617190,,3.370970,-614.758180
0.328000,0.230710,0.597290,1.691890,143.911300,-350.823090,75909.031250,1.000000,3.373540,-614.758180
0.330000,0.229430,0.606260,1.579100,143.944430,-350.823060,75939.617190,,3.376100,-614.758180
0.332000,0.230710,0.612670,1.702150,143.977490,-350.823060,75825.710940,,3.376100,-614.758180
0.334000,0.230710,0.646000,1.620120,144.010470,-350.823060,75878.437500,,3.377380,-614.758180
0.336000,0.230710,0.675480,1.691890,144.043520,-350.823030,75498.750000,1.000000,3.374820,-614.758180
0.338000,0.231990,0.688290,2.020020,144.076640,-350.823030,76044.031250,,3.373540,-614.758180
0.340000,0.230710,0.694700,1.784180,144.109860,-350.823030,75806.726560,,3.373540,-614.758180
0.342000,0.230710,0.687010,1.937990,144.143190,-350.823030,75771.914060,,3.372250,-614.758180
0.344000,0.230710,0.667790,1.722660,144.176590,-350.823060,75826.757810,1.000000,3.373540,-614.758180
0.346000,0.230710,0.648560,2.091800,144.210050,-350.823060,75682.265630,,3.372250,-614.758180
0.348000,0.230710,0.649840,1.989260,144.243420,-350.823060,76151.609380,,3.374820,-614.758180
0.350000,0.228150,0.684450,1.896970,144.276660,-350.823060,75670.664060,,3.376100,-614.758180
0.352000,0.226870,0.712650,1.999510,144.309830,-350.823060,76090.437500,1.000000,3.379940,-614.758180
0.354000,0.225590,0.756230,1.620120,144.342910,-350.823030,75932.226560,,3.382510,-614.758180
0.356000,0.224300,0.789550,1.599610,144.375990,-350.823030,75888.992190,,3.382510,-614.758180
0.358000,0.225590,0.807500,1.486820,144.409120,-350.823000,75778.250000,,3.385070,-614.758180
0.360000,0.224300,0.804930,1.958500,144.442370,-350.823000,75931.179690,1.000000,3.383790,-614.758180
0.362000,0.224300,0.776730,1.845700,144.475810,-350.823000,76272.890630,,3.383790,-614.758180
0.364000,0.224300,0.743410,1.773930,144.509370,-350.823000,75802.500000,,3.383790,-614.758180
0.366000,0.221740,0.712650,1.794430,144.543000,-350.823000,76096.757810,,3.382510,-614.758180
0.368000,0.223020,0.683170,1.876460,144.576660,-350.823000,75897.429690,1.000000,3.381230,-614.758180
0.370000,0.223020,0.654970,1.630370,144.610350,-350.823000,75865.789060,,3.382510,-614.758180
0.372000,0.223020,0.644710,1.927730,144.643940,-350.823030,75868.945310,,3.382510,-614.758180
0.374000,0.223020,0.652400,1.948240,144.677380,-350.823030,75830.984380,,3.385070,-614.758180
0.376000,0.221740,0.662660,1.835450,144.710770,-350.823030,76220.156250,1.000000,3.386350,-614.758180
0.378000,0.220460,0.689580,1.999510,144.744000,-350.823000,75989.187500,,3.390200,-614.758180
0.380000,0.219180,0.729310,1.722660,144.777100,-350.823000,75886.875000,,3.394040,-614.758180
0.382000,0.219180,0.771610,1.681640,144.810120,-350.822970,75683.320310,,3.395320,-614.758180
0.384000,0.221740,0.808780,1.671390,144.843110,-350.822940,75891.093750,1.000000,3.396610,-614.758180
0.386000,0.221740,0.821590,1.548340,144.876220,-350.822940,75956.492190,,3.395320,-614.758180
0.388000,0.221740,0.799800,1.825200,144.909530,-350.822940,75720.242190,,3.394040,-614.758180
0.390000,0.221740,0.753660,1.784180,144.943020,-350.822940,76008.164060,,3.391480,-614.758180
0.392000,0.223020,0.690860,1.527830,144.976680,-350.822940,75976.523440,1.000000,3.391480,-614.758180
0.394000,0.223020,0.624210,1.476560,145.010410,-350.822970,75883.718750,,3.390200,-614.758180
0.396000,0.225590,0.593440,1.702150,145.044040,-350.822970,75658.007810,,3.388920,-614.758180
0.398000,0.225590,0.587040,1.989260,145.077530,-350.822970,75912.195310,,3.391480,-614.758180
0.400000,0.226870,0.587040,1.907230,145.110950,-350.822970,75896.375000,1.000000,3.392760,-614.758180
0.402000,0.225590,0.593440,2.204590,145.144260,-350.822970,75808.835940,,3.395320,-614.758180
0.404000,0.226870,0.613950,1.650880,145.177490,-350.822970,75735.007810,,3.397890,-614.758180
0.406000,0.224300,0.633180,1.917480,145.210630,-350.822940,75627.421880,,3.400450,-614.758180
0.408000,0.228150,0.656250,1.702150,145.243680,-350.822940,76074.617190,1.000000,3.401730,-614.758180
0.410000,0.228150,0.679320,1.794430,145.276760,-350.822940,75617.937500,,3.400450,-614.758180
0.412000,0.229430,0.689580,1.927730,145.309860,-350.822940,75922.734380,,3.400450,-614.758180
0.414000,0.230710,0.684450,1.866210,145.343080,-350.822940,75956.492190,,3.400450,-614.758180
0.416000,0.229430,0.674190,1.876460,145.376340,-350.822940,76129.460940,1.000000,3.397890,-614.758180
0.418000,0.230710,0.657530,1.579100,145.409670,-350.822940,75826.757810,,3.396610,-614.758180
0.420000,0.231990,0.639590,1.599610,145.443040,-350.822940,75917.460940,,3.396610,-614.758180
0.422000,0.231990,0.626770,1.353520,145.476390,-350.822940,76080.937500,,3.397890,-614.758180
0.424000,0.234560,0.607540,1.855960,145.509780,-350.822940,75828.867190,1.000000,3.397890,-614.758180
0.426000,0.233280,0.596010,2.194340,145.543140,-350.822940,76055.632810,,3.399170,-614.758180
0.428000,0.233280,0.625490,2.194340,145.576350,-350.822940,75839.421880,,3.403020,-614.758180
0.428000,0.233280,0.625490,2.194340,145.576350,-350.822940,75839.421880,,3.403020,-614.758180
0.430000,0.231990,0.669070,1.917480,145.609480,-350.822940,76137.890630,,3.404300,-614.758180
0.432000,0.233280,0.708800,1.712400,145.642550,-350.822940,75816.210940,1.000000,3.405580,-614.758180
0.434000,0.231990,0.739560,1.568850,145.675640,-350.822940,75839.421880,,3.406860,-614.758180
0.436000,0.233280,0.748540,1.886720,145.708880,-350.822940,75888.992190,,3.406860,-614.758180
0.438000,0.233280,0.733150,1.948240,145.742230,-350.822940,75907.968750,,3.405580,-614.758180
0.440000,0.231990,0.713930,1.794430,145.775700,-350.822940,75919.578130,1.000000,3.405580,-614.758180
0.442000,0.231990,0.710080,1.763670,145.809140,-350.822940,75750.828130,,3.406860,-614.758180
0.444000,0.230710,0.721620,1.579100,145.842530,-350.822940,75941.726560,,3.405580,-614.758180
0.446000,0.230710,0.716490,1.558590,145.875930,-350.822940,75916.414060,,3.405580,-614.758180
0.448000,0.230710,0.710080,1.507320,145.909350,-350.822940,75846.796880,1.000000,3.406860,-614.758180
0.450000,0.230710,0.697270,1.743160,145.942760,-350.822940,75779.304690,,3.408140,-614.758180
0.452000,0.230710,0.690860,2.081540,145.976120,-350.822940,75709.687500,,3.409420,-614.758180
0.454000,0.229430,0.694700,1.917480,146.009480,-350.822940,75848.906250,,3.410710,-614.758180
0.456000,0.229430,0.679320,1.814940,146.042800,-350.822910,75772.976560,1.000000,3.411990,-614.758180
0.458000,0.229430,0.670350,1.825200,146.076160,-350.822910,75964.921880,,3.413270,-614.758180
0.460000,0.229430,0.670350,1.691890,146.109500,-350.822910,75939.617190,,3.414550,-614.758180
0.462000,0.229430,0.658810,1.968750,146.142900,-350.822910,75794.070310,,3.411990,-614.758180
0.464000,0.229430,0.638310,2.050780,146.176390,-350.822910,75700.195310,1.000000,3.411990,-614.758180
0.466000,0.226870,0.615230,2.143070,146.209900,-350.822910,75775.078130,,3.413270,-614.758180
0.468000,0.228150,0.606260,1.568850,146.243380,-350.822910,75962.812500,,3.413270,-614.758180
0.470000,0.226870,0.588320,1.661130,146.276860,-350.822910,75880.554690,,3.413270,-614.758180
0.472000,0.226870,0.565250,1.435550,146.310300,-350.822910,75967.031250,1.000000,3.414550,-614.758180
0.474000,0.226870,0.561400,1.835450,146.343660,-350.822910,76022.929690,,3.414550,-614.758180
0.476000,0.225590,0.584470,1.989260,146.376860,-350.822910,76109.414060,,3.414550,-614.758180
0.478000,0.226870,0.610110,1.927730,146.409970,-350.822910,75759.257810,,3.417110,-614.758180
0.480000,0.226870,0.647280,1.968750,146.442990,-350.822880,75900.593750,1.000000,3.418400,-614.758180
0.482000,0.226870,0.670350,1.630370,146.475980,-350.822880,76123.125000,,3.417110,-614.758180
0.484000,0.228150,0.672910,1.589360,146.509060,-350.822880,75818.320310,,3.415830,-614.758180
0.486000,0.228150,0.649840,1.907230,146.542310,-350.822880,76133.679690,,3.417110,-614.758180
0.488000,0.229430,0.603700,2.071290,146.575710,-350.822880,75986.023440,1.000000,3.414550,-614.758180
0.488000,0.229430,0.603700,2.071290,146.575710,-350.822880,75986.023440,1.000000,3.414550,-614.758180
0.490000,0.229430,0.570370,2.081540,146.609150,-350.822880,76150.546880,,3.415830,-614.758180
0.492000,0.229430,0.566530,2.153320,146.642530,-350.822880,75895.320310,,3.415830,-614.758180
0.494000,0.229430,0.579350,1.804690,146.675870,-350.822880,75900.593750,,3.415830,-614.758180
0.496000,0.229430,0.584470,1.415040,146.709200,-350.822910,75932.226560,1.000000,3.415830,-614.758180
0.498000,0.229430,0.590880,1.558590,146.742510,-350.822910,76065.117190,,3.417110,-614.758180
0.500000,0.230710,0.604980,1.486820,146.775770,-350.822910,75997.625000,,3.418400,-614.758180
0.502000,0.230710,0.628050,1.896970,146.808960,-350.822880,75709.687500,,3.419680,-614.758180
0.504000,0.230710,0.657530,1.753420,146.842130,-350.822880,75922.734380,1.000000,3.419680,-614.758180
0.506000,0.231990,0.690860,1.620120,146.875230,-350.822850,75956.492190,,3.422240,-614.758180
0.508000,0.233280,0.717770,1.712400,146.908360,-350.822850,75842.585940,,3.420960,-614.758180
0.510000,0.231990,0.726750,1.497070,146.941540,-350.822850,75859.453130,,3.420960,-614.758180
0.512000,0.233280,0.704960,1.886720,146.974910,-350.822850,75804.609380,1.000000,3.420960,-614.758180
0.514000,0.233280,0.676760,1.927730,147.008390,-350.822850,75913.250000,,3.419680,-614.758180
0.516000,0.233280,0.651120,2.173830,147.041900,-350.822850,75605.281250,,3.418400,-614.758180
0.518000,0.233280,0.619080,1.743160,147.075450,-350.822880,75847.851560,,3.418400,-614.758180
0.520000,0.231990,0.574220,1.712400,147.109070,-350.822880,75916.414060,1.000000,3.419680,-614.758180
0.522000,0.231990,0.543460,1.907230,147.142610,-350.822880,75897.429690,,3.420960,-614.758180
0.524000,0.231990,0.549870,1.661130,147.176010,-350.822880,75833.085940,,3.422240,-614.758180
0.526000,0.230710,0.583190,1.866210,147.209240,-350.822850,75694.921880,,3.422240,-614.758180
0.528000,0.229430,0.635740,1.825200,147.242400,-350.822850,75980.742190,1.000000,3.426090,-614.758180
0.530000,0.229430,0.678040,1.825200,147.275500,-350.822850,75750.828130,,3.426090,-614.758180
0.532000,0.229430,0.693420,1.671390,147.308640,-350.822850,75951.210940,,3.426090,-614.758180
0.534000,0.228150,0.695980,1.486820,147.341860,-350.822850,75937.500000,,3.427370,-614.758180
0.536000,0.228150,0.679320,1.538090,147.375200,-350.822850,75906.914060,1.000000,3.426090,-614.758180
0.538000,0.229430,0.667790,1.722660,147.408580,-350.822810,75782.468750,,3.424800,-614.758180
0.540000,0.229430,0.656250,2.337890,147.442020,-350.822810,75996.562500,,3.423520,-614.758180
0.542000,0.229430,0.665220,1.989260,147.475360,-350.822850,76148.445310,,3.426090,-614.758180
0.544000,0.229430,0.651120,2.071290,147.508760,-350.822850,75797.234380,1.000000,3.423520,-614.758180
0.546000,0.228150,0.620360,1.661130,147.542210,-350.822850,76106.257810,,3.423520,-614.758180
0.548000,0.228150,0.590880,1.620120,147.575640,-350.822850,75844.687500,,3.424800,-614.758180
0.550000,0.228150,0.570370,1.835450,147.609070,-350.822850,76111.523440,,3.424800,-614.758180
0.552000,0.228150,0.561400,1.773930,147.642430,-350.822850,75805.664060,1.000000,3.427370,-614.758180
0.554000,0.226870,0.576780,1.917480,147.675690,-350.822810,75935.390630,,3.427370,-614.758180
0.556000,0.226870,0.597290,1.753420,147.708860,-350.822810,76330.898440,,3.428650,-614.758180
0.558000,0.226870,0.615230,1.753420,147.742030,-350.822810,75984.960940,,3.428650,-614.758180
0.560000,0.228150,0.616520,1.527830,147.775280,-350.822810,75836.257810,1.000000,3.427370,-614.758180
0.562000,0.229430,0.606260,1.445800,147.808610,-350.822810,75699.140630,,3.426090,-614.758180
0.564000,0.230710,0.597290,1.722660,147.841960,-350.822810,76107.304690,,3.426090,-614.758180
0.566000,0.230710,0.592160,1.763670,147.875320,-350.822810,75858.406250,,3.424800,-614.758180
0.568000,0.231990,0.584470,2.020020,147.908710,-350.822810,75830.984380,1.000000,3.424800,-614.758180
0.570000,0.233280,0.585750,1.835450,147.942030,-350.822850,76036.640630,,3.424800,-614.758180
0.572000,0.233280,0.583190,1.917480,147.975340,-350.822850,75842.585940,,3.426090,-614.758180
0.574000,0.234560,0.601140,1.753420,148.008560,-350.822850,75936.445310,,3.427370,-614.758180
0.576000,0.234560,0.622920,1.712400,148.041730,-350.822810,75339.500000,1.000000,3.428650,-614.758180
0.578000,0.234560,0.647280,2.081540,148.074860,-350.822810,75996.562500,,3.429930,-614.758180
0.580000,0.235840,0.670350,1.896970,148.107970,-350.822810,75932.226560,,3.431210,-614.758180
0.582000,0.235840,0.674190,1.773930,148.141140,-350.822810,75776.132810,,3.431210,-614.758180
0.584000,0.235840,0.665220,1.466310,148.174410,-350.822810,75772.976560,1.000000,3.431210,-614.758180
0.586000,0.237120,0.662660,1.784180,148.207720,-350.822810,75662.234380,,3.431210,-614.758180
0.588000,0.237120,0.674190,1.753420,148.241010,-350.822810,76115.750000,,3.429930,-614.758180
0.590000,0.238400,0.687010,1.712400,148.274340,-350.822810,75568.359380,,3.426090,-614.758180
0.592000,0.238400,0.684450,1.958500,148.307750,-350.822810,76119.960940,1.000000,3.429930,-614.758180
0.594000,0.237120,0.670350,1.845700,148.341230,-350.822810,75915.351560,,3.427370,-614.758180
0.596000,0.235840,0.649840,1.948240,148.374760,-350.822810,76148.445310,,3.427370,-614.758180
0.598000,0.235840,0.630620,1.497070,148.408280,-350.822810,75697.039060,,3.429930,-614.758180
0.600000,0.235840,0.630620,2.132810,148.441700,-350.822810,75945.937500,1.000000,3.429930,-614.758180
0.602000,0.235840,0.642150,1.845700,148.475070,-350.822810,76290.828130,,3.431210,-614.758180
0.604000,0.234560,0.660100,2.040530,148.508330,-350.822810,75823.601560,,3.433780,-614.758180
0.606000,0.234560,0.669070,2.091800,148.541580,-350.822810,76146.335940,,3.435060,-614.758180
0.608000,0.231990,0.670350,1.917480,148.574830,-350.822810,75900.593750,1.000000,3.435060,-614.758180
0.610000,0.231990,0.666500,1.476560,148.608090,-350.822810,75892.148440,,3.435060,-614.758180
0.612000,0.231990,0.662660,1.558590,148.641370,-350.822810,75822.546880,,3.436340,-614.758180
0.614000,0.233280,0.649840,1.630370,148.674710,-350.822810,75838.359380,,3.435060,-614.758180
0.616000,0.231990,0.615230,1.681640,148.708160,-350.822810,76009.218750,1.000000,3.433780,-614.758180
0.618000,0.231990,0.593440,1.948240,148.741620,-350.822810,75986.023440,,3.432500,-614.758180
0.620000,0.231990,0.579350,1.640630,148.775100,-350.822810,75924.851560,,3.432500,-614.758180
0.622000,0.230710,0.575500,1.814940,148.808520,-350.822810,75724.460940,,3.431210,-614.758180
0.624000,0.230710,0.578060,1.650880,148.841870,-350.822810,75861.562500,1.000000,3.432500,-614.758180
0.626000,0.230710,0.581910,1.671390,148.875210,-350.822810,75892.148440,,3.432500,-614.758180
0.628000,0.231990,0.592160,2.009770,148.908490,-350.822810,75821.492190,,3.433780,-614.758180
0.630000,0.230710,0.604980,2.173830,148.941740,-350.822810,75755.046880,,3.433780,-614.758180
0.632000,0.229430,0.616520,2.061040,148.974930,-350.822810,75819.375000,1.000000,3.435060,-614.758180
0.634000,0.229430,0.619080,1.640630,149.008120,-350.822810,75838.359380,,3.436340,-614.758180
0.636000,0.229430,0.638310,2.040530,149.041240,-350.822780,75898.484380,,3.437620,-614.758180
0.638000,0.229430,0.646000,1.599610,149.074430,-350.822780,75864.726560,,3.436340,-614.758180
0.640000,0.229430,0.639590,1.609860,149.107680,-350.822780,75896.375000,1.000000,3.435060,-614.758180
0.642000,0.229430,0.626770,1.855960,149.141010,-350.822810,75791.960940,,3.435060,-614.758180
0.644000,0.229430,0.613950,1.958500,149.174330,-350.822810,75724.460940,,3.432500,-614.758180
0.646000,0.229430,0.599850,1.825200,149.207690,-350.822810,75717.070310,,3.431210,-614.758180
0.648000,0.229430,0.584470,1.425290,149.241060,-350.822810,75971.257810,1.000000,3.433780,-614.758180
0.648000,0.229430,0.584470,1.425290,149.241060,-350.822810,75971.257810,1.000000,3.433780,-614.758180
0.650000,0.229430,0.576780,1.445800,149.274410,-350.822810,75871.062500,,3.432500,-614.758180
0.652000,0.229430,0.601140,1.763670,149.307660,-350.822810,76032.429690,,3.433780,-614.758180
0.654000,0.230710,0.637020,2.091800,149.340850,-350.822810,75935.390630,,3.433780,-614.758180
0.656000,0.230710,0.654970,2.368650,149.374050,-350.822810,75907.968750,1.000000,3.435060,-614.758180
0.658000,0.230710,0.669070,2.040530,149.407270,-350.822810,75702.304690,,3.436340,-614.758180
0.660000,0.230710,0.683170,1.968750,149.440520,-350.822810,75968.093750,,3.436340,-614.758180
0.662000,0.230710,0.680600,1.497070,149.473860,-350.822810,76065.117190,,3.436340,-614.758180
0.664000,0.230710,0.678040,1.763670,149.507250,-350.822810,75902.695310,1.000000,3.437620,-614.758180
0.666000,0.230710,0.654970,1.794430,149.540710,-350.822780,76199.062500,,3.436340,-614.758180
0.668000,0.230710,0.642150,1.999510,149.574170,-350.822780,75858.406250,,3.435060,-614.758180
0.670000,0.230710,0.624210,1.855960,149.607650,-350.822780,76080.937500,,3.436340,-614.758180
0.672000,0.231990,0.603700,1.794430,149.641140,-350.822810,75838.359380,1.000000,3.435060,-614.758180
0.674000,0.231990,0.589600,1.630370,149.674590,-350.822810,75875.273440,,3.435060,-614.758180
0.676000,0.231990,0.580630,1.302250,149.707990,-350.822810,75984.960940,,3.435060,-614.758180
0.678000,0.233280,0.580630,1.630370,149.741350,-350.822810,75853.132810,,3.437620,-614.758180
0.680000,0.233280,0.592160,1.794430,149.774640,-350.822780,75961.757810,1.000000,3.436340,-614.758180
0.682000,0.233280,0.611390,2.122560,149.807830,-350.822780,75729.726560,,3.437620,-614.758180
0.684000,0.234560,0.648560,1.968750,149.840960,-350.822780,75882.664060,,3.438900,-614.758180
0.686000,0.234560,0.672910,1.896970,149.874130,-350.822780,75909.031250,,3.437620,-614.758180
0.688000,0.234560,0.667790,1.650880,149.907460,-350.822780,75799.335940,1.000000,3.438900,-614.758180
0.690000,0.234560,0.649840,1.579100,149.940860,-350.822780,75921.679690,,3.438900,-614.758180
0.692000,0.234560,0.637020,1.896970,149.974300,-350.822780,75891.093750,,3.437620,-614.758180
0.694000,0.234560,0.625490,1.917480,150.007740,-350.822780,75870.007810,,3.438900,-614.758180
0.696000,0.234560,0.615230,1.814940,150.041180,-350.822780,75587.351560,1.000000,3.436340,-614.758180
0.698000,0.234560,0.604980,1.568850,150.074620,-350.822810,75919.578130,,3.438900,-614.758180
0.700000,0.233280,0.603700,1.609860,150.108000,-350.822810,76038.750000,,3.437620,-614.758180
0.702000,0.234560,0.602420,1.794430,150.141360,-350.822780,75750.828130,,3.437620,-614.758180
0.704000,0.234560,0.603700,1.579100,150.174680,-350.822780,75868.945310,1.000000,3.438900,-614.758180
0.706000,0.234560,0.592160,2.050780,150.207990,-350.822780,75702.304690,,3.438900,-614.758180
0.708000,0.235840,0.601140,1.825200,150.241240,-350.822780,75981.796880,,3.440190,-614.758180
0.710000,0.234560,0.597290,2.040530,150.274520,-350.822780,75612.656250,,3.436340,-614.758180
0.712000,0.235840,0.581910,1.640630,150.307890,-350.822780,75843.640630,1.000000,3.437620,-614.758180
0.714000,0.234560,0.578060,1.896970,150.341230,-350.822780,75950.156250,,3.437620,-614.758180
0.716000,0.234560,0.579350,2.102050,150.374570,-350.822780,76293.992190,,3.436340,-614.758180
0.718000,0.234560,0.589600,1.876460,150.407900,-350.822780,75817.265630,,3.436340,-614.758180
0.720000,0.234560,0.584470,2.348140,150.441270,-350.822780,75952.265630,1.000000,3.436340,-614.758180
0.722000,0.233280,0.575500,1.763670,150.474670,-350.822810,76226.484380,,3.437620,-614.758180
0.724000,0.233280,0.576780,1.661130,150.508060,-350.822810,75885.828130,,3.436340,-614.758180
0.726000,0.231990,0.588320,1.517580,150.541340,-350.822780,76077.781250,,3.438900,-614.758180
0.728000,0.231990,0.613950,1.589360,150.574570,-350.822780,75865.789060,1.000000,3.438900,-614.758180
0.730000,0.231990,0.654970,1.804690,150.607680,-350.822780,76170.585940,,3.440190,-614.758180
0.732000,0.231990,0.695980,1.855960,150.640720,-350.822780,75897.429690,,3.440190,-614.758180
0.734000,0.231990,0.722900,1.876460,150.673810,-350.822750,75898.484380,,3.441470,-614.758180
0.736000,0.231990,0.716490,1.640630,150.707050,-350.822750,75967.031250,1.000000,3.438900,-614.758180
0.738000,0.231990,0.699830,1.804690,150.740400,-350.822750,75964.921880,,3.438900,-614.758180
0.740000,0.231990,0.679320,1.681640,150.773830,-350.822750,75862.617190,,3.436340,-614.758180
0.742000,0.231990,0.662660,1.917480,150.807330,-350.822750,75620.046880,,3.435060,-614.758180
0.744000,0.231990,0.643430,2.235350,150.840870,-350.822780,76051.406250,1.000000,3.436340,-614.758180
0.746000,0.231990,0.634460,1.763670,150.874390,-350.822780,75887.929690,,3.435060,-614.758180
0.748000,0.230710,0.616520,1.927730,150.907940,-350.822810,75865.789060,,3.436340,-614.758180
0.750000,0.229430,0.601140,1.825200,150.941500,-350.822810,75898.484380,,3.436340,-614.758180
0.752000,0.229430,0.598570,1.722660,150.974980,-350.822780,75824.656250,1.000000,3.436340,-614.758180
0.754000,0.230710,0.620360,1.517580,151.008330,-350.822780,75791.960940,,3.440190,-614.758180
0.756000,0.230710,0.658810,1.712400,151.041520,-350.822780,75667.500000,,3.441470,-614.758180
0.758000,0.231990,0.698550,1.896970,151.074630,-350.822780,75881.609380,,3.442750,-614.758180
0.760000,0.230710,0.712650,1.773930,151.107820,-350.822750,75978.632810,1.000000,3.442750,-614.758180
0.762000,0.230710,0.715210,1.456050,151.141050,-350.822750,75766.648440,,3.442750,-614.758180
0.764000,0.231990,0.707520,1.579100,151.174380,-350.822750,75873.171880,,3.441470,-614.758180
0.766000,0.233280,0.689580,1.845700,151.207790,-350.822750,75667.500000,,3.437620,-614.758180
0.768000,0.234560,0.658810,2.061040,151.241320,-350.822750,75948.046880,1.000000,3.436340,-614.758180
0.770000,0.234560,0.617800,2.173830,151.274920,-350.822780,75661.179690,,3.436340,-614.758180
0.772000,0.234560,0.569090,2.009770,151.308590,-350.822780,75912.195310,,3.436340,-614.758180
0.774000,0.234560,0.530640,1.896970,151.342210,-350.822780,75963.867190,,3.435060,-614.758180
0.776000,0.233280,0.511410,1.609860,151.375750,-350.822780,75899.531250,1.000000,3.436340,-614.758180
0.778000,0.233280,0.535770,1.794430,151.409070,-350.822780,75798.281250,,3.438900,-614.758180
0.780000,0.234560,0.592160,1.907230,151.442180,-350.822750,75935.390630,,3.438900,-614.758180
0.782000,0.233280,0.649840,1.989260,151.475200,-350.822750,76162.148440,,3.441470,-614.758180
0.784000,0.234560,0.688290,1.773930,151.508220,-350.822750,75827.820310,1.000000,3.442750,-614.758180
0.786000,0.233280,0.695980,1.866210,151.541380,-350.822750,76036.640630,,3.442750,-614.758180
0.788000,0.233280,0.687010,1.702150,151.574630,-350.822750,75963.867190,,3.440190,-614.758180
0.790000,0.233280,0.681880,1.353520,151.607960,-350.822720,76018.710940,,3.438900,-614.758180
0.792000,0.234560,0.675480,1.538090,151.641360,-350.822750,75844.687500,1.000000,3.437620,-614.758180
0.792000,0.234560,0.675480,1.538090,151.641360,-350.822750,75844.687500,1.000000,3.437620,-614.758180
0.794000,0.234560,0.672910,1.794430,151.674740,-350.822750,75867.898440,,3.436340,-614.758180
0.796000,0.234560,0.654970,2.143070,151.708190,-350.822750,75982.859380,,3.435060,-614.758180
0.798000,0.233280,0.626770,2.122560,151.741680,-350.822780,75820.429690,,3.435060,-614.758180
0.800000,0.231990,0.598570,1.937990,151.775180,-350.822780,75885.828130,1.000000,3.436340,-614.758180
0.802000,0.233280,0.597290,1.630370,151.808550,-350.822780,75666.453130,,3.437620,-614.758180
0.804000,0.233280,0.621640,1.712400,151.841810,-350.822780,76025.039060,,3.437620,-614.758180
0.806000,0.231990,0.652400,1.722660,151.874970,-350.822750,75829.921880,,3.441470,-614.758180
0.808000,0.233280,0.683170,1.948240,151.908100,-350.822750,75862.617190,1.000000,3.441470,-614.758180
0.810000,0.231990,0.703670,1.835450,151.941270,-350.822750,75791.960940,,3.441470,-614.758180
0.812000,0.231990,0.713930,1.794430,151.974530,-350.822750,75799.335940,,3.441470,-614.758180
0.814000,0.231990,0.717770,1.558590,152.007890,-350.822750,75903.750000,,3.440190,-614.758180
0.816000,0.231990,0.704960,1.681640,152.041340,-350.822720,75740.273440,1.000000,3.438900,-614.758180
0.818000,0.233280,0.679320,1.579100,152.074890,-350.822750,76073.554690,,3.436340,-614.758180
0.820000,0.233280,0.635740,1.568850,152.108540,-350.822750,75883.718750,,3.437620,-614.758180
0.822000,0.233280,0.602420,2.122560,152.142170,-350.822750,75819.375000,,3.435060,-614.758180
0.824000,0.233280,0.580630,1.927730,152.175740,-350.822780,75714.960940,1.000000,3.436340,-614.758180
0.826000,0.231990,0.589600,1.866210,152.209170,-350.822750,75658.007810,,3.436340,-614.758180
0.828000,0.231990,0.631900,1.907230,152.242390,-350.822750,76011.328130,,3.438900,-614.758180
0.830000,0.233280,0.678040,1.732910,152.275480,-350.822750,75794.070310,,3.441470,-614.758180
0.832000,0.234560,0.694700,1.886720,152.308560,-350.822750,75983.914060,1.000000,3.441470,-614.758180
0.834000,0.233280,0.699830,2.040530,152.341710,-350.822750,75954.382810,,3.444030,-614.758180
0.836000,0.233280,0.692140,2.071290,152.374940,-350.822720,75879.492190,,3.441470,-614.758180
0.838000,0.234560,0.678040,1.630370,152.408280,-350.822720,75800.398440,,3.441470,-614.758180
0.840000,0.234560,0.684450,1.712400,152.441620,-350.822720,75690.710940,1.000000,3.440190,-614.758180
0.842000,0.235840,0.683170,1.507320,152.475020,-350.822720,76305.593750,,3.438900,-614.758180
0.844000,0.235840,0.675480,1.558590,152.508480,-350.822750,75829.921880,,3.436340,-614.758180
0.846000,0.235840,0.653690,1.958500,152.542010,-350.822750,76172.703130,,3.436340,-614.758180
0.848000,0.235840,0.620360,1.784180,152.575610,-350.822780,75974.421880,1.000000,3.436340,-614.758180
0.850000,0.235840,0.590880,1.753420,152.609180,-350.822780,75913.250000,,3.436340,-614.758180
0.852000,0.235840,0.598570,1.763670,152.642590,-350.822750,75779.304690,,3.438900,-614.758180
0.854000,0.235840,0.639590,1.732910,152.675840,-350.822750,75863.671880,,3.441470,-614.758180
0.856000,0.235840,0.667790,1.681640,152.709000,-350.822750,76221.218750,1.000000,3.442750,-614.758180
0.858000,0.237120,0.684450,1.968750,152.742140,-350.822750,75904.804690,,3.444030,-614.758180
0.860000,0.235840,0.689580,1.948240,152.775310,-350.822720,76016.609380,,3.442750,-614.758180
0.862000,0.237120,0.685730,1.989260,152.808560,-350.822720,75786.679690,,3.442750,-614.758180
0.864000,0.235840,0.665220,1.845700,152.841920,-350.822720,76002.890630,1.000000,3.441470,-614.758180
0.866000,0.235840,0.639590,1.445800,152.875310,-350.822720,75932.226560,,3.440190,-614.758180
0.868000,0.235840,0.606260,1.589360,152.908800,-350.822720,75910.085940,,3.437620,-614.758180
0.870000,0.237120,0.572940,1.363770,152.942310,-350.822750,75961.757810,,3.437620,-614.758180
0.872000,0.235840,0.553710,1.876460,152.975810,-350.822750,75809.890630,1.000000,3.437620,-614.758180
0.874000,0.237120,0.552430,1.640630,153.009230,-350.822750,75725.507810,,3.436340,-614.758180
0.876000,0.235840,0.579350,1.732910,153.042510,-350.822750,75636.914060,,3.437620,-614.758180
0.878000,0.235840,0.622920,1.527830,153.075650,-350.822750,75860.507810,,3.438900,-614.758180
0.880000,0.235840,0.666500,1.589360,153.108720,-350.822750,75942.781250,1.000000,3.440190,-614.758180
0.882000,0.235840,0.690860,1.866210,153.141770,-350.822750,75821.492190,,3.441470,-614.758180
0.884000,0.235840,0.717770,2.071290,153.174840,-350.822720,75846.796880,,3.442750,-614.758180
0.886000,0.235840,0.738280,2.194340,153.207960,-350.822720,75631.648440,,3.441470,-614.758180
0.888000,0.235840,0.757510,1.835450,153.241120,-350.822720,75888.992190,1.000000,3.441470,-614.758180
0.890000,0.234560,0.753660,1.743160,153.274400,-350.822720,75787.734380,,3.440190,-614.758180
0.892000,0.234560,0.745970,1.794430,153.307770,-350.822720,75938.562500,,3.440190,-614.758180
0.894000,0.234560,0.715210,1.773930,153.341260,-350.822750,76013.445310,,3.438900,-614.758180
0.896000,0.234560,0.662660,1.937990,153.374890,-350.822750,76169.531250,1.000000,3.437620,-614.758180
0.898000,0.233280,0.615230,1.794430,153.408570,-350.822750,75774.023440,,3.438900,-614.758180
0.900000,0.233280,0.594730,2.071290,153.442120,-350.822750,75992.343750,,3.437620,-614.758180
0.902000,0.233280,0.612670,1.589360,153.475510,-350.822750,76060.898440,,3.438900,-614.758180
0.904000,0.233280,0.652400,1.527830,153.508740,-350.822750,75839.421880,1.000000,3.440190,-614.758180
0.906000,0.231990,0.676760,1.445800,153.541930,-350.822750,76092.539060,,3.442750,-614.758180
0.908000,0.233280,0.699830,1.835450,153.575100,-350.822720,75864.726560,,3.442750,-614.758180
0.910000,0.233280,0.722900,2.235350,153.608280,-350.822720,76182.195310,,3.442750,-614.758180
0.912000,0.233280,0.725460,2.050780,153.641560,-350.822720,75894.257810,1.000000,3.441470,-614.758180
0.914000,0.233280,0.711360,1.979000,153.674910,-350.822720,75807.781250,,3.441470,-614.758180
0.916000,0.233280,0.701110,1.538090,153.708340,-350.822720,75923.796880,,3.440190,-614.758180
0.918000,0.233280,0.678040,1.732910,153.741820,-350.822720,75913.250000,,3.438900,-614.758180
0.920000,0.234560,0.651120,1.825200,153.775360,-350.822750,75886.875000,1.000000,3.440190,-614.758180
0.922000,0.233280,0.624210,1.896970,153.808880,-350.822750,75722.343750,,3.440190,-614.758180
0.924000,0.233280,0.620360,1.896970,153.842320,-350.822750,76108.359380,,3.440190,-614.758180
0.926000,0.231990,0.635740,1.753420,153.875610,-350.822750,75921.679690,,3.441470,-614.758180
0.928000,0.233280,0.652400,1.702150,153.908840,-350.822750,75821.492190,1.000000,3.444030,-614.758180
0.930000,0.233280,0.662660,1.671390,153.942030,-350.822720,75833.085940,,3.444030,-614.758180
0.932000,0.234560,0.669070,1.548340,153.975220,-350.822720,75729.726560,,3.444030,-614.758180
0.934000,0.234560,0.689580,1.609860,154.008350,-350.822720,75854.187500,,3.445310,-614.758180
0.936000,0.235840,0.711360,2.071290,154.041520,-350.822690,75566.250000,1.000000,3.442750,-614.758180
0.938000,0.235840,0.711360,1.968750,154.074770,-350.822690,75968.093750,,3.441470,-614.758180
0.940000,0.235840,0.707520,1.866210,154.108120,-350.822720,76017.664060,,3.440190,-614.758180
0.942000,0.235840,0.690860,1.927730,154.141560,-350.822720,75802.500000,,3.438900,-614.758180
0.944000,0.235840,0.663940,1.876460,154.175080,-350.822750,75829.921880,1.000000,3.437620,-614.758180
0.946000,0.237120,0.640870,1.866210,154.208560,-350.822750,75583.125000,,3.438900,-614.758180
0.948000,0.237120,0.638310,2.050780,154.241970,-350.822750,76028.210940,,3.440190,-614.758180
0.950000,0.237120,0.658810,1.907230,154.275250,-350.822750,75640.078130,,3.440190,-614.758180
0.952000,0.237120,0.692140,1.712400,154.308410,-350.822720,75849.960940,1.000000,3.441470,-614.758180
0.954000,0.234560,0.731870,1.589360,154.341510,-350.822720,75932.226560,,3.442750,-614.758180
0.956000,0.237120,0.754940,1.743160,154.374560,-350.822720,75924.851560,,3.444030,-614.758180
0.958000,0.237120,0.771610,1.794430,154.407670,-350.822720,75897.429690,,3.444030,-614.758180
0.960000,0.238400,0.769040,1.896970,154.440870,-350.822690,75680.156250,1.000000,3.442750,-614.758180
0.962000,0.239690,0.740840,1.886720,154.474260,-350.822690,76289.765630,,3.441470,-614.758180
0.964000,0.238400,0.704960,1.794430,154.507780,-350.822720,75813.054690,,3.440190,-614.758180
0.966000,0.238400,0.667790,1.804690,154.541370,-350.822720,76118.914060,,3.437620,-614.758180
0.968000,0.239690,0.635740,1.712400,154.574980,-350.822720,75897.429690,1.000000,3.437620,-614.758180
0.968000,0.239690,0.635740,1.712400,154.574980,-350.822720,75897.429690,1.000000,3.437620,-614.758180
0.970000,0.239690,0.607540,1.999510,154.608600,-350.822720,75941.726560,,3.437620,-614.758180
0.972000,0.239690,0.598570,1.999510,154.642120,-350.822750,75926.953130,,3.438900,-614.758180
0.974000,0.239690,0.610110,2.050780,154.675510,-350.822750,75903.750000,,3.440190,-614.758180
0.976000,0.238400,0.626770,1.999510,154.708790,-350.822750,75943.835940,1.000000,3.441470,-614.758180
0.978000,0.237120,0.662660,1.927730,154.741940,-350.822750,75959.656250,,3.444030,-614.758180
0.980000,0.237120,0.710080,1.476560,154.774960,-350.822720,75777.195310,,3.444030,-614.758180
0.982000,0.237120,0.766480,1.486820,154.807880,-350.822690,75662.234380,,3.446590,-614.758180
0.984000,0.238400,0.804930,1.732910,154.840810,-350.822690,76015.546880,1.000000,3.445310,-614.758180
0.986000,0.238400,0.828000,1.661130,154.873870,-350.822690,75885.828130,,3.445310,-614.758180
0.988000,0.238400,0.812620,1.845700,154.907150,-350.822690,75868.945310,,3.442750,-614.758180
0.990000,0.238400,0.771610,1.722660,154.940610,-350.822690,75922.734380,,3.441470,-614.758180
0.992000,0.238400,0.715210,1.702150,154.974270,-350.822720,75892.148440,1.000000,3.440190,-614.758180
0.994000,0.238400,0.651120,1.671390,155.008000,-350.822720,75805.664060,,3.437620,-614.758180
0.996000,0.238400,0.616520,1.763670,155.041660,-350.822720,75710.742190,,3.437620,-614.758180
0.998000,0.238400,0.613950,2.050780,155.075180,-350.822750,75894.257810,,3.438900,-614.758180
1.000000,0.237120,0.616520,1.979000,155.108640,-350.822750,75794.070310,1.000000,3.440190,-614.758180
1.002000,0.237120,0.624210,1.989260,155.142000,-350.822750,75877.382810,,3.442750,-614.758180
1.004000,0.235840,0.648560,1.773930,155.175250,-350.822720,75789.843750,,3.444030,-614.758180
1.006000,0.234560,0.671630,1.989260,155.208420,-350.822720,75760.312500,,3.446590,-614.758180
1.008000,0.235840,0.699830,1.650880,155.241500,-350.822690,75856.289060,1.000000,3.446590,-614.758180
1.010000,0.235840,0.720340,1.753420,155.274630,-350.822690,75659.062500,,3.446590,-614.758180
1.012000,0.237120,0.729310,1.702150,155.307800,-350.822690,75977.585940,,3.445310,-614.758180
1.014000,0.235840,0.729310,1.999510,155.341030,-350.822690,75981.796880,,3.444030,-614.758180
1.016000,0.234560,0.710080,1.814940,155.374370,-350.822690,75873.171880,1.000000,3.441470,-614.758180
1.018000,0.235840,0.693420,1.486820,155.407760,-350.822720,75787.734380,,3.440190,-614.758180
1.020000,0.235840,0.671630,1.732910,155.441190,-350.822720,75705.476560,,3.438900,-614.758180
1.022000,0.237120,0.647280,1.681640,155.474620,-350.822720,76189.578130,,3.438900,-614.758180
1.024000,0.237120,0.622920,1.989260,155.508090,-350.822750,75815.156250,1.000000,3.438900,-614.758180
1.026000,0.235840,0.601140,2.112300,155.541520,-350.822750,76174.812500,,3.441470,-614.758180
1.028000,0.234560,0.611390,2.132810,155.574840,-350.822720,75858.406250,,3.442750,-614.758180
1.030000,0.234560,0.653690,1.579100,155.607970,-350.822720,75979.687500,,3.444030,-614.758180
1.032000,0.235840,0.690860,1.712400,155.641070,-350.822690,75784.578130,1.000000,3.445310,-614.758180
1.034000,0.235840,0.719060,1.835450,155.674180,-350.822690,75779.304690,,3.446590,-614.758180
1.036000,0.235840,0.728030,1.732910,155.707370,-350.822690,76260.234380,,3.446590,-614.758180
1.038000,0.235840,0.713930,1.886720,155.740690,-350.822690,75951.210940,,3.444030,-614.758180
1.040000,0.235840,0.694700,1.825200,155.774090,-350.822690,76138.945310,1.000000,3.444030,-614.758180
1.042000,0.235840,0.684450,1.722660,155.807510,-350.822690,75772.976560,,3.442750,-614.758180
1.044000,0.235840,0.687010,1.722660,155.840880,-350.822720,75900.593750,,3.441470,-614.758180
1.046000,0.237120,0.701110,1.353520,155.874190,-350.822720,75932.226560,,3.442750,-614.758180
1.048000,0.237120,0.684450,1.599610,155.907560,-350.822720,75777.195310,1.000000,3.442750,-614.758180
1.050000,0.237120,0.667790,1.753420,155.940930,-350.822720,75933.281250,,3.441470,-614.758180
1.052000,0.237120,0.661380,2.184080,155.974260,-350.822720,75906.914060,,3.442750,-614.758180
1.054000,0.237120,0.666500,1.876460,156.007550,-350.822720,75860.507810,,3.445310,-614.758180
1.056000,0.237120,0.663940,2.214840,156.040850,-350.822690,75775.078130,1.000000,3.445310,-614.758180
1.058000,0.237120,0.658810,1.671390,156.074100,-350.822690,75909.031250,,3.446590,-614.758180
1.060000,0.238400,0.661380,1.599610,156.107390,-350.822690,75958.601560,,3.446590,-614.758180
1.062000,0.238400,0.653690,2.020020,156.140730,-350.822690,75818.320310,,3.446590,-614.758180
1.064000,0.238400,0.642150,1.968750,156.174160,-350.822690,75724.460940,1.000000,3.446590,-614.758180
1.066000,0.238400,0.628050,1.855960,156.207630,-350.822690,75624.257810,,3.445310,-614.758180
1.068000,0.238400,0.621640,1.640630,156.241070,-350.822690,76022.929690,,3.445310,-614.758180
1.070000,0.238400,0.615230,1.804690,156.274510,-350.822720,75912.195310,,3.444030,-614.758180
1.072000,0.238400,0.603700,1.743160,156.307910,-350.822720,75867.898440,1.000000,3.445310,-614.758180
1.074000,0.239690,0.597290,1.712400,156.341280,-350.822720,76021.875000,,3.444030,-614.758180
1.076000,0.238400,0.610110,1.917480,156.374510,-350.822690,76072.507810,,3.446590,-614.758180
1.078000,0.237120,0.646000,1.907230,156.407670,-350.822690,75837.312500,,3.447880,-614.758180
1.080000,0.238400,0.685730,2.091800,156.440720,-350.822690,75620.046880,1.000000,3.446590,-614.758180
1.082000,0.238400,0.706240,1.650880,156.473770,-350.822690,76133.679690,,3.447880,-614.758180
1.084000,0.239690,0.708800,1.999510,156.506900,-350.822690,75931.179690,,3.447880,-614.758180
1.086000,0.239690,0.681880,1.989260,156.540210,-350.822690,76137.890630,,3.446590,-614.758180
1.088000,0.239690,0.633180,1.999510,156.573670,-350.822690,75922.734380,1.000000,3.446590,-614.758180
1.090000,0.238400,0.597290,2.091800,156.607190,-350.822690,76207.500000,,3.445310,-614.758180
1.092000,0.238400,0.589600,1.896970,156.640660,-350.822690,75858.406250,,3.446590,-614.758180
1.094000,0.238400,0.596010,1.589360,156.674040,-350.822690,75840.476560,,3.445310,-614.758180
1.096000,0.238400,0.596010,1.404790,156.707440,-350.822690,75923.796880,1.000000,3.445310,-614.758180
1.098000,0.238400,0.597290,1.763670,156.740780,-350.822720,75852.078130,,3.445310,-614.758180
1.100000,0.238400,0.606260,1.722660,156.774090,-350.822720,75978.632810,,3.447880,-614.758180
1.102000,0.238400,0.626770,1.917480,156.807310,-350.822690,75730.781250,,3.446590,-614.758180
1.104000,0.238400,0.661380,1.743160,156.840440,-350.822690,76113.632810,1.000000,3.447880,-614.758180
1.104000,0.238400,0.661380,1.743160,156.840440,-350.822690,76113.632810,1.000000,3.447880,-614.758180
1.106000,0.239690,0.697270,1.661130,156.873520,-350.822690,75874.218750,,3.449160,-614.758180
1.108000,0.239690,0.726750,1.753420,156.906560,-350.822690,75888.992190,,3.449160,-614.758180
1.110000,0.239690,0.729310,1.671390,156.939760,-350.822690,75857.343750,,3.449160,-614.758180
1.112000,0.239690,0.711360,2.050780,156.973110,-350.822690,75688.593750,1.000000,3.449160,-614.758180
1.114000,0.240970,0.684450,2.112300,157.006550,-350.822690,75808.835940,,3.446590,-614.758180
1.116000,0.239690,0.662660,1.927730,157.040010,-350.822690,75544.109380,,3.446590,-614.758180
1.118000,0.240970,0.633180,1.917480,157.073530,-350.822690,75997.625000,,3.445310,-614.758180
1.120000,0.239690,0.581910,1.712400,157.107150,-350.822720,75959.656250,1.000000,3.446590,-614.758180
1.122000,0.239690,0.546020,1.743160,157.140730,-350.822720,75846.796880,,3.445310,-614.758180
1.124000,0.239690,0.542180,1.773930,157.174190,-350.822720,75765.593750,,3.446590,-614.758180
1.126000,0.239690,0.571660,1.845700,157.207470,-350.822690,75663.289060,,3.446590,-614.758180
1.128000,0.238400,0.617800,1.917480,157.240630,-350.822690,75919.578130,1.000000,3.447880,-614.758180
1.130000,0.238400,0.660100,1.835450,157.273730,-350.822690,75500.867190,,3.447880,-614.758180
1.132000,0.239690,0.684450,1.507320,157.306820,-350.822690,75915.351560,,3.449160,-614.758180
1.134000,0.239690,0.698550,1.558590,157.339980,-350.822690,75992.343750,,3.449160,-614.758180
1.136000,0.239690,0.694700,1.907230,157.373230,-350.822690,75980.742190,1.000000,3.447880,-614.758180
1.138000,0.240970,0.687010,1.989260,157.406560,-350.822660,75685.429690,,3.447880,-614.758180
1.140000,0.240970,0.703670,2.317380,157.439830,-350.822690,75654.843750,,3.447880,-614.758180
1.142000,0.239690,0.706240,2.061040,157.473140,-350.822690,76210.664060,,3.446590,-614.758180
1.144000,0.239690,0.693420,1.794430,157.506530,-350.822690,75759.257810,1.000000,3.446590,-614.758180
1.146000,0.239690,0.660100,1.691890,157.540020,-350.822720,76204.343750,,3.447880,-614.758180
1.148000,0.239690,0.630620,1.732910,157.573520,-350.822720,75859.453130,,3.446590,-614.758180
1.150000,0.239690,0.602420,2.071290,157.607010,-350.822690,76283.437500,,3.446590,-614.758180
1.152000,0.239690,0.587040,1.886720,157.640460,-350.822690,75929.070310,1.000000,3.447880,-614.758180
1.154000,0.239690,0.602420,1.866210,157.673780,-350.822690,75756.093750,,3.450440,-614.758180
1.156000,0.238400,0.622920,1.753420,157.707050,-350.822690,75947.000000,,3.449160,-614.758180
1.158000,0.239690,0.639590,1.753420,157.740280,-350.822690,75980.742190,,3.449160,-614.758180
1.160000,0.239690,0.639590,1.374020,157.773590,-350.822660,75841.523440,1.000000,3.447880,-614.758180
1.162000,0.240970,0.624210,1.609860,157.806980,-350.822690,75757.148440,,3.447880,-614.758180
1.164000,0.239690,0.612670,1.876460,157.840380,-350.822690,76048.250000,,3.446590,-614.758180
1.166000,0.239690,0.607540,2.184080,157.873750,-350.822690,75967.031250,,3.446590,-614.758180
1.168000,0.239690,0.597290,1.979000,157.907150,-350.822690,75758.203130,1.000000,3.445310,-614.758180
1.170000,0.238400,0.597290,1.979000,157.940510,-350.822690,75892.148440,,3.446590,-614.758180
1.172000,0.239690,0.589600,1.681640,157.973830,-350.822690,75883.718750,,3.445310,-614.758180
1.174000,0.239690,0.602420,1.517580,158.007080,-350.822690,75948.046880,,3.447880,-614.758180
1.176000,0.239690,0.626770,1.907230,158.040250,-350.822690,75442.859380,1.000000,3.447880,-614.758180
1.178000,0.238400,0.651120,1.958500,158.073380,-350.822690,75954.382810,,3.449160,-614.758180
1.180000,0.238400,0.674190,1.691890,158.106510,-350.822690,75794.070310,,3.450440,-614.758180
1.182000,0.237120,0.669070,1.773930,158.139690,-350.822690,75815.156250,,3.449160,-614.758180
1.184000,0.238400,0.653690,1.732910,158.172970,-350.822690,75882.664060,1.000000,3.451720,-614.758180
1.186000,0.239690,0.653690,1.712400,158.206280,-350.822660,75675.945310,,3.449160,-614.758180
1.188000,0.240970,0.658810,1.681640,158.239610,-350.822660,76009.218750,,3.446590,-614.758180
1.190000,0.240970,0.669070,1.691890,158.272960,-350.822690,75853.132810,,3.446590,-614.758180
1.192000,0.240970,0.662660,1.968750,158.306400,-350.822690,75830.984380,1.000000,3.446590,-614.758180
1.194000,0.238400,0.639590,2.050780,158.339900,-350.822690,75925.906250,,3.444030,-614.758180
1.196000,0.238400,0.625490,1.835450,158.373380,-350.822720,75877.382810,,3.444030,-614.758180
1.198000,0.238400,0.620360,1.927730,158.406810,-350.822690,75859.453130,,3.445310,-614.758180
1.200000,0.239690,0.620360,2.071290,158.440190,-350.822690,75682.265630,1.000000,3.446590,-614.758180
1.202000,0.239690,0.652400,1.825200,158.473420,-350.822690,76205.398440,,3.447880,-614.758180
1.204000,0.239690,0.666500,1.999510,158.506670,-350.822690,75798.281250,,3.449160,-614.758180
1.206000,0.238400,0.684450,1.917480,158.539860,-350.822690,76098.867190,,3.450440,-614.758180
1.208000,0.238400,0.688290,1.671390,158.573040,-350.822660,75810.937500,1.000000,3.450440,-614.758180
1.210000,0.238400,0.679320,1.579100,158.606320,-350.822660,75888.992190,,3.449160,-614.758180
1.212000,0.240970,0.665220,1.507320,158.639660,-350.822660,75854.187500,,3.450440,-614.758180
1.214000,0.240970,0.642150,1.814940,158.673080,-350.822660,75911.140630,,3.447880,-614.758180
1.216000,0.239690,0.604980,1.814940,158.706590,-350.822690,76258.125000,1.000000,3.447880,-614.758180
1.218000,0.240970,0.576780,1.825200,158.740110,-350.822690,75940.671880,,3.447880,-614.758180
1.220000,0.240970,0.561400,1.763670,158.773610,-350.822690,75762.421880,,3.446590,-614.758180
1.222000,0.240970,0.557560,1.763670,158.807050,-350.822690,75691.765630,,3.446590,-614.758180
1.224000,0.240970,0.561400,1.866210,158.840420,-350.822690,75891.093750,1.000000,3.446590,-614.758180
1.226000,0.240970,0.565250,1.743160,158.873750,-350.822690,75838.359380,,3.449160,-614.758180
1.228000,0.242250,0.581910,2.071290,158.907010,-350.822690,75873.171880,,3.449160,-614.758180
1.230000,0.242250,0.607540,1.876460,158.940200,-350.822690,76070.398440,,3.449160,-614.758180
1.232000,0.240970,0.624210,2.122560,158.973330,-350.822690,76052.460940,1.000000,3.451720,-614.758180
1.234000,0.242250,0.657530,1.661130,159.006390,-350.822660,75900.593750,,3.453000,-614.758180
1.236000,0.242250,0.663940,1.599610,159.039540,-350.822660,75682.265630,,3.450440,-614.758180
1.238000,0.242250,0.680600,1.743160,159.072710,-350.822660,75981.796880,,3.451720,-614.758180
1.240000,0.243530,0.675480,1.425290,159.105970,-350.822660,75835.195310,1.000000,3.449160,-614.758180
1.242000,0.243530,0.656250,2.040530,159.139340,-350.822660,75937.500000,,3.449160,-614.758180
1.244000,0.243530,0.628050,1.784180,159.172790,-350.822690,75798.281250,,3.447880,-614.758180
1.246000,0.243530,0.592160,1.722660,159.206300,-350.822690,75694.921880,,3.447880,-614.758180
1.248000,0.243530,0.570370,1.599610,159.239810,-350.822690,75921.679690,1.000000,3.447880,-614.758180
1.250000,0.243530,0.569090,1.732910,159.273220,-350.822690,75650.632810,,3.446590,-614.758180
1.252000,0.243530,0.588320,1.907230,159.306530,-350.822690,75922.734380,,3.447880,-614.758180
1.254000,0.242250,0.628050,2.112300,159.339750,-350.822690,76016.609380,,3.449160,-614.758180
1.256000,0.243530,0.653690,2.225100,159.372940,-350.822690,76189.578130,1.000000,3.450440,-614.758180
1.258000,0.243530,0.670350,1.732910,159.406140,-350.822690,75800.398440,,3.451720,-614.758180
1.260000,0.243530,0.687010,1.855960,159.439380,-350.822660,75702.304690,,3.451720,-614.758180
1.262000,0.242250,0.702390,1.722660,159.472640,-350.822660,76213.828130,,3.451720,-614.758180
1.264000,0.240970,0.704960,1.866210,159.505950,-350.822660,75800.398440,1.000000,3.450440,-614.758180
1.266000,0.242250,0.684450,1.855960,159.539400,-350.822660,76134.726560,,3.450440,-614.758180
1.268000,0.242250,0.671630,1.989260,159.572860,-350.822660,75884.773440,,3.450440,-614.758180
1.270000,0.242250,0.653690,1.732910,159.606370,-350.822690,76233.875000,,3.449160,-614.758180
1.272000,0.242250,0.630620,1.753420,159.639890,-350.822690,75825.710940,1.000000,3.447880,-614.758180
1.272000,0.242250,0.630620,1.753420,159.639890,-350.822690,75825.710940,1.000000,3.447880,-614.758180
1.274000,0.240970,0.610110,1.384280,159.673420,-350.822690,75788.789060,,3.449160,-614.758180
1.276000,0.240970,0.589600,1.384280,159.706890,-350.822690,75962.812500,,3.449160,-614.758180
1.278000,0.240970,0.575500,1.845700,159.740360,-350.822690,75924.851560,,3.450440,-614.758180
1.280000,0.240970,0.583190,2.184080,159.773740,-350.822660,76191.687500,1.000000,3.450440,-614.758180
1.282000,0.240970,0.601140,2.050780,159.806990,-350.822660,75724.460940,,3.453000,-614.758180
1.284000,0.239690,0.639590,1.937990,159.840120,-350.822660,75993.398440,,3.453000,-614.758180
1.286000,0.239690,0.666500,1.579100,159.873310,-350.822660,75886.875000,,3.451720,-614.758180
1.288000,0.240970,0.662660,1.681640,159.906620,-350.822660,75882.664060,1.000000,3.453000,-614.758180
1.290000,0.240970,0.648560,1.784180,159.940000,-350.822660,75737.117190,,3.451720,-614.758180
1.292000,0.239690,0.638310,2.020020,159.973420,-350.822660,75830.984380,,3.450440,-614.758180
1.294000,0.239690,0.635740,1.712400,160.006810,-350.822660,75906.914060,,3.450440,-614.758180
1.296000,0.239690,0.640870,1.866210,160.040190,-350.822660,75667.500000,1.000000,3.449160,-614.758180
1.298000,0.239690,0.616520,1.620120,160.073650,-350.822690,75832.031250,,3.451720,-614.758180
1.300000,0.239690,0.612670,1.507320,160.107060,-350.822690,75903.750000,,3.449160,-614.758180
1.302000,0.239690,0.620360,1.609860,160.140380,-350.822690,75848.906250,,3.450440,-614.758180
1.304000,0.239690,0.625490,1.671390,160.173710,-350.822690,75680.156250,1.000000,3.451720,-614.758180
1.306000,0.240970,0.613950,2.276370,160.207030,-350.822660,75646.414060,,3.453000,-614.758180
1.308000,0.240970,0.613950,2.040530,160.240310,-350.822660,75950.156250,,3.453000,-614.758180
1.310000,0.240970,0.603700,1.948240,160.273650,-350.822660,75824.656250,,3.453000,-614.758180
1.312000,0.242250,0.589600,1.927730,160.307010,-350.822660,75857.343750,1.000000,3.454280,-614.758180
1.314000,0.240970,0.588320,1.794430,160.340360,-350.822660,75886.875000,,3.451720,-614.758180
1.316000,0.240970,0.590880,2.050780,160.373720,-350.822660,75988.125000,,3.451720,-614.758180
1.318000,0.242250,0.597290,2.061040,160.407060,-350.822660,75791.960940,,3.450440,-614.758180
1.318000,0.242250,0.597290,2.061040,160.407060,-350.822660,75791.960940,,3.450440,-614.758180
1.320000,0.240970,0.596010,2.061040,160.440440,-350.822660,75698.085940,1.000000,3.450440,-614.758180
1.322000,0.242250,0.588320,1.712400,160.473830,-350.822690,76110.468750,,3.450440,-614.758180
1.324000,0.242250,0.596010,1.568850,160.507160,-350.822690,75884.773440,,3.450440,-614.758180
1.326000,0.240970,0.615230,1.568850,160.540410,-350.822690,76109.414060,,3.451720,-614.758180
1.328000,0.242250,0.660100,1.886720,160.573550,-350.822660,75896.375000,1.000000,3.453000,-614.758180
1.330000,0.242250,0.695980,1.937990,160.606640,-350.822660,76213.828130,,3.453000,-614.758180
1.332000,0.243530,0.737000,1.917480,160.639710,-350.822660,75730.781250,,3.455570,-614.758180
1.334000,0.243530,0.767760,1.876460,160.672790,-350.822660,75947.000000,,3.454280,-614.758180
1.336000,0.243530,0.756230,1.702150,160.706070,-350.822660,75904.804690,1.000000,3.454280,-614.758180
1.338000,0.243530,0.721620,1.773930,160.739500,-350.822660,75973.359380,,3.454280,-614.758180
1.340000,0.243530,0.689580,1.804690,160.773040,-350.822660,75755.046880,,3.453000,-614.758180
1.342000,0.244810,0.654970,2.132810,160.806640,-350.822660,75777.195310,,3.451720,-614.758180
1.344000,0.243530,0.639590,2.050780,160.840230,-350.822660,76052.460940,1.000000,3.451720,-614.758180
1.346000,0.243530,0.630620,2.122560,160.873760,-350.822660,75915.351560,,3.451720,-614.758180
1.348000,0.243530,0.615230,1.794430,160.907300,-350.822660,75875.273440,,3.451720,-614.758180
1.350000,0.242250,0.606260,1.507320,160.940800,-350.822690,75876.328130,,3.453000,-614.758180
1.352000,0.242250,0.607540,1.579100,160.974240,-350.822660,75932.226560,1.000000,3.453000,-614.758180
1.354000,0.243530,0.628050,1.486820,161.007550,-350.822660,75813.054690,,3.454280,-614.758180
1.356000,0.243530,0.665220,1.917480,161.040740,-350.822660,75420.703130,,3.455570,-614.758180
1.358000,0.243530,0.708800,1.804690,161.073810,-350.822660,75931.179690,,3.455570,-614.758180
1.360000,0.243530,0.734440,1.661130,161.106930,-350.822660,75881.609380,1.000000,3.456850,-614.758180
1.362000,0.243530,0.731870,1.763670,161.140180,-350.822660,75835.195310,,3.456850,-614.758180
1.364000,0.242250,0.722900,1.661130,161.173490,-350.822660,75790.898440,,3.454280,-614.758180
1.366000,0.243530,0.710080,1.835450,161.206890,-350.822660,75689.656250,,3.453000,-614.758180
1.368000,0.243530,0.680600,2.071290,161.240420,-350.822660,75995.507810,1.000000,3.451720,-614.758180
1.370000,0.243530,0.637020,2.071290,161.274000,-350.822660,75636.914060,,3.451720,-614.758180
1.372000,0.243530,0.587040,1.804690,161.307680,-350.822660,75886.875000,,3.451720,-614.758180
1.374000,0.242250,0.547300,1.927730,161.341290,-350.822690,76041.921880,,3.453000,-614.758180
1.376000,0.242250,0.542180,1.835450,161.374790,-350.822660,75974.421880,1.000000,3.453000,-614.758180
1.378000,0.242250,0.569090,1.773930,161.408100,-350.822660,75819.375000,,3.454280,-614.758180
1.380000,0.242250,0.617800,1.855960,161.441270,-350.822660,75648.523440,,3.455570,-614.758180
1.382000,0.242250,0.667790,1.835450,161.474300,-350.822660,76168.476560,,3.458130,-614.758180
1.384000,0.243530,0.701110,1.784180,161.507370,-350.822660,75742.390630,1.000000,3.456850,-614.758180
1.386000,0.242250,0.706240,1.804690,161.540540,-350.822660,76118.914060,,3.455570,-614.758180
1.388000,0.243530,0.701110,1.517580,161.573810,-350.822660,75977.585940,,3.454280,-614.758180
1.390000,0.243530,0.710080,1.527830,161.607070,-350.822660,76019.773440,,3.453000,-614.758180
1.392000,0.243530,0.710080,1.763670,161.640430,-350.822660,75883.718750,1.000000,3.454280,-614.758180
1.394000,0.243530,0.710080,2.132810,161.673780,-350.822660,75820.429690,,3.453000,-614.758180
1.396000,0.243530,0.698550,1.927730,161.707200,-350.822660,76121.023440,,3.451720,-614.758180
1.398000,0.243530,0.670350,2.040530,161.740680,-350.822660,75906.914060,,3.451720,-614.758180
1.400000,0.242250,0.640870,1.558590,161.774190,-350.822690,76064.062500,1.000000,3.453000,-614.758180
1.402000,0.242250,0.625490,1.620120,161.807630,-350.822660,75699.140630,,3.454280,-614.758180
1.404000,0.242250,0.635740,1.979000,161.840990,-350.822660,76016.609380,,3.455570,-614.758180
1.406000,0.243530,0.660100,1.681640,161.874210,-350.822660,75868.945310,,3.456850,-614.758180
1.408000,0.242250,0.688290,1.989260,161.907350,-350.822660,75857.343750,1.000000,3.458130,-614.758180
1.410000,0.242250,0.711360,1.743160,161.940550,-350.822660,76052.460940,,3.458130,-614.758180
1.412000,0.242250,0.713930,1.825200,161.973850,-350.822660,75990.234380,,3.458130,-614.758180
1.414000,0.242250,0.712650,1.497070,162.007220,-350.822660,75907.968750,,3.456850,-614.758180
1.416000,0.242250,0.698550,1.507320,162.040680,-350.822660,75628.476560,1.000000,3.453000,-614.758180
1.418000,0.244810,0.670350,1.743160,162.074200,-350.822660,76042.976560,,3.453000,-614.758180
1.420000,0.244810,0.637020,1.794430,162.107790,-350.822660,75855.242190,,3.453000,-614.758180
1.422000,0.243530,0.616520,2.204590,162.141310,-350.822660,75771.914060,,3.451720,-614.758180
1.424000,0.242250,0.593440,1.979000,162.174850,-350.822660,75881.609380,1.000000,3.454280,-614.758180
1.426000,0.243530,0.607540,2.061040,162.208210,-350.822660,75633.750000,,3.455570,-614.758180
1.428000,0.242250,0.654970,1.732910,162.241380,-350.822660,76034.531250,,3.456850,-614.758180
1.430000,0.242250,0.702390,1.712400,162.274410,-350.822660,75427.039060,,3.458130,-614.758180
1.432000,0.242250,0.717770,2.091800,162.307500,-350.822660,75836.257810,1.000000,3.459410,-614.758180
1.434000,0.242250,0.716490,1.917480,162.340650,-350.822660,75864.726560,,3.460690,-614.758180
1.436000,0.242250,0.699830,1.896970,162.373930,-350.822660,76183.242190,,3.458130,-614.758180
1.438000,0.240970,0.692140,1.476560,162.407290,-350.822630,75834.140630,,3.458130,-614.758180
1.440000,0.242250,0.688290,1.917480,162.440670,-350.822660,75776.132810,1.000000,3.456850,-614.758180
1.442000,0.243530,0.680600,1.671390,162.474110,-350.822660,76110.468750,,3.454280,-614.758180
1.444000,0.243530,0.662660,1.743160,162.507630,-350.822660,75753.992190,,3.453000,-614.758180
1.446000,0.243530,0.634460,1.907230,162.541200,-350.822660,76119.960940,,3.453000,-614.758180
1.448000,0.243530,0.594730,1.896970,162.574830,-350.822660,75944.882810,1.000000,3.454280,-614.758180
1.448000,0.243530,0.594730,1.896970,162.574830,-350.822660,75944.882810,1.000000,3.454280,-614.758180
1.450000,0.242250,0.561400,1.937990,162.608410,-350.822660,76166.375000,,3.454280,-614.758180
1.452000,0.242250,0.576780,1.650880,162.641780,-350.822660,75749.773440,,3.455570,-614.758180
1.454000,0.242250,0.633180,2.091800,162.674910,-350.822660,75913.250000,,3.458130,-614.758180
1.456000,0.240970,0.661380,1.876460,162.708010,-350.822660,76019.773440,1.000000,3.459410,-614.758180
1.458000,0.240970,0.693420,2.112300,162.741040,-350.822660,75854.187500,,3.460690,-614.758180
1.460000,0.242250,0.707520,2.102050,162.774150,-350.822660,76241.250000,,3.460690,-614.758180
1.462000,0.242250,0.703670,1.907230,162.807340,-350.822660,75648.523440,,3.459410,-614.758180
1.464000,0.242250,0.688290,1.568850,162.840640,-350.822630,76016.609380,1.000000,3.458130,-614.758180
1.466000,0.242250,0.660100,1.425290,162.874050,-350.822660,75856.289060,,3.456850,-614.758180
1.468000,0.242250,0.625490,1.558590,162.907530,-350.822660,75828.867190,,3.456850,-614.758180
1.470000,0.243530,0.599850,1.845700,162.941060,-350.822660,75885.828130,,3.455570,-614.758180
1.472000,0.243530,0.585750,1.886720,162.974560,-350.822660,75824.656250,1.000000,3.453000,-614.758180
1.474000,0.242250,0.581910,1.753420,163.008000,-350.822660,75870.007810,,3.453000,-614.758180
1.476000,0.243530,0.604980,1.763670,163.041320,-350.822660,75645.359380,,3.455570,-614.758180
1.478000,0.243530,0.648560,1.732910,163.074510,-350.822660,75942.781250,,3.456850,-614.758180
1.480000,0.243530,0.681880,1.527830,163.107640,-350.822660,75922.734380,1.000000,3.459410,-614.758180
1.482000,0.243530,0.708800,2.153320,163.140730,-350.822660,75854.187500,,3.460690,-614.758180
1.484000,0.243530,0.737000,2.173830,163.173800,-350.822660,75731.835940,,3.461980,-614.758180
1.486000,0.243530,0.760070,2.040530,163.206920,-350.822630,75605.281250,,3.461980,-614.758180
1.488000,0.244810,0.761350,1.917480,163.240140,-350.822630,75958.601560,1.000000,3.460690,-614.758180
1.490000,0.243530,0.766480,1.886720,163.273410,-350.822630,75752.929690,,3.460690,-614.758180
1.492000,0.243530,0.757510,1.732910,163.306780,-350.822630,75910.085940,,3.459410,-614.758180
1.494000,0.244810,0.722900,1.620120,163.340270,-350.822660,75949.101560,,3.458130,-614.758180
1.496000,0.244810,0.675480,1.979000,163.373870,-350.822660,75968.093750,1.000000,3.456850,-614.758180
1.498000,0.244810,0.626770,1.958500,163.407520,-350.822660,75782.468750,,3.456850,-614.758180
1.500000,0.243530,0.601140,1.866210,163.441070,-350.822660,75630.585940,,3.456850,-614.758180
1.502000,0.243530,0.626770,1.507320,163.474440,-350.822660,76152.656250,,3.458130,-614.758180
1.504000,0.244810,0.667790,1.445800,163.507640,-350.822660,75916.414060,1.000000,3.461980,-614.758180
1.506000,0.244810,0.695980,1.763670,163.540830,-350.822660,76171.640630,,3.460690,-614.758180
1.508000,0.246090,0.713930,2.122560,163.574010,-350.822630,75897.429690,,3.461980,-614.758180
1.510000,0.244810,0.728030,2.296880,163.607210,-350.822630,75979.687500,,3.463260,-614.758180
1.512000,0.244810,0.724180,2.081540,163.640520,-350.822630,75872.109380,1.000000,3.461980,-614.758180
1.514000,0.244810,0.712650,1.804690,163.673870,-350.822630,75828.867190,,3.460690,-614.758180
1.516000,0.244810,0.695980,1.486820,163.707310,-350.822630,75866.843750,,3.459410,-614.758180
1.518000,0.246090,0.681880,1.835450,163.740770,-350.822660,76007.109380,,3.460690,-614.758180
1.520000,0.244810,0.630620,1.784180,163.774350,-350.822660,76190.632810,1.000000,3.459410,-614.758180
1.522000,0.244810,0.603700,1.958500,163.807860,-350.822660,75767.703130,,3.459410,-614.758180
1.524000,0.244810,0.599850,1.855960,163.841280,-350.822660,75975.468750,,3.459410,-614.758180
1.526000,0.243530,0.615230,1.753420,163.874540,-350.822660,75878.437500,,3.460690,-614.758180
1.528000,0.244810,0.638310,1.548340,163.907710,-350.822660,75879.492190,1.000000,3.461980,-614.758180
1.530000,0.244810,0.648560,1.404790,163.940920,-350.822660,75859.453130,,3.461980,-614.758180
1.532000,0.244810,0.665220,1.548340,163.974030,-350.822630,75964.921880,,3.463260,-614.758180
1.534000,0.244810,0.693420,1.804690,164.007100,-350.822630,75883.718750,,3.463260,-614.758180
1.536000,0.244810,0.716490,2.163570,164.040220,-350.822630,75531.453130,1.000000,3.460690,-614.758180
1.538000,0.244810,0.724180,2.091800,164.073470,-350.822630,75775.078130,,3.461980,-614.758180
1.540000,0.243530,0.719060,1.825200,164.106840,-350.822630,75854.187500,,3.460690,-614.758180
1.542000,0.243530,0.702390,1.825200,164.140270,-350.822660,75788.789060,,3.459410,-614.758180
1.544000,0.243530,0.679320,1.456050,164.173780,-350.822660,75805.664060,1.000000,3.458130,-614.758180
1.546000,0.243530,0.658810,1.989260,164.207260,-350.822660,75707.585940,,3.459410,-614.758180
1.548000,0.243530,0.656250,1.937990,164.240690,-350.822660,75953.328130,,3.460690,-614.758180
1.550000,0.242250,0.680600,1.886720,164.273970,-350.822660,75695.984380,,3.461980,-614.758180
1.552000,0.242250,0.703670,1.579100,164.307210,-350.822660,75841.523440,1.000000,3.464540,-614.758180
1.554000,0.240970,0.731870,1.937990,164.340350,-350.822630,76009.218750,,3.463260,-614.758180
1.556000,0.246090,0.752380,1.886720,164.373470,-350.822660,75978.632810,,3.468380,-614.758180
1.558000,0.247380,0.770320,1.630370,164.406600,-350.822600,75813.054690,,3.458130,-614.758180
1.560000,0.243530,0.767760,2.020020,164.439850,-350.822570,75841.523440,1.000000,3.463260,-614.758180
1.562000,0.243530,0.733150,1.937990,164.473280,-350.822630,76066.179690,,3.468380,-614.758120
1.564000,0.248660,0.695980,2.614750,164.506850,-350.822660,75756.093750,,3.474790,-614.758180
1.566000,0.270450,0.676760,2.020020,164.540370,-350.822630,75953.328130,,3.451720,-614.758240
1.568000,0.261470,0.683170,2.296880,164.573840,-350.822510,75895.320310,1.000000,3.431210,-614.758240
1.570000,0.251220,0.651120,2.071290,164.607440,-350.822570,76227.539060,,3.461980,-614.758120
1.572000,0.246090,0.612670,2.358400,164.641070,-350.822660,75839.421880,,3.461980,-614.758000
1.574000,0.266600,0.610110,2.850590,164.674580,-350.822720,75832.031250,,3.486330,-614.758120
1.576000,0.315310,0.666500,2.430180,164.707750,-350.822600,76126.289060,1.000000,3.428650,-614.758300
1.578000,0.283260,0.712650,1.866210,164.740810,-350.822480,75938.562500,,3.453000,-614.758300
1.580000,0.261470,0.744690,1.691890,164.773900,-350.822570,76146.335940,,3.487610,-614.758000
1.582000,0.249940,0.751100,2.061040,164.807110,-350.822600,75497.695310,,3.472230,-614.757870
1.584000,0.288390,0.775450,2.953130,164.840160,-350.822660,76023.984380,1.000000,3.509400,-614.758000
1.586000,0.364010,0.833130,2.522460,164.873170,-350.822480,75930.117190,,3.423520,-614.758420
1.588000,0.320430,0.853640,2.153320,164.906270,-350.822360,75929.070310,,3.437620,-614.758360
1.590000,0.280700,0.771610,2.091800,164.939850,-350.822450,75731.835940,,3.478640,-614.758000
1.592000,0.258910,0.667790,3.035160,164.973750,-350.822630,75833.085940,1.000000,3.491460,-614.757750
1.594000,0.338380,0.616520,2.737790,165.007460,-350.822660,75858.406250,,3.488890,-614.758060
1.596000,0.383240,0.665220,2.666020,165.040790,-350.822240,75498.750000,,3.358150,-614.758360
1.598000,0.315310,0.681880,2.573730,165.074190,-350.822390,76021.875000,,3.478640,-614.758120
1.600000,0.280700,0.611390,2.553220,165.107890,-350.822540,75659.062500,1.000000,3.456850,-614.757690
1.602000,0.283260,0.576780,3.568360,165.141480,-350.822690,76025.039060,,3.499150,-614.757630
1.604000,0.405030,0.667790,2.881350,165.174530,-350.822510,75963.867190,,3.435060,-614.758120
1.606000,0.402470,0.739560,2.358400,165.207410,-350.822200,75743.437500,,3.382510,-614.758300
1.608000,0.338380,0.776730,2.030270,165.240460,-350.822390,75911.140630,1.000000,3.504270,-614.757870
1.608000,0.338380,0.776730,2.030270,165.240460,-350.822390,75911.140630,1.000000,3.504270,-614.757870
1.610000,0.288390,0.695980,2.491700,165.273960,-350.822450,75570.468750,,3.417110,-614.757450
1.612000,0.312740,0.715210,3.578610,165.307270,-350.822690,76001.843750,,3.528630,-614.757450
1.614000,0.448610,0.726750,3.045410,165.340420,-350.822450,75829.921880,,3.403020,-614.758060
1.616000,0.424260,0.820310,2.204590,165.373430,-350.822140,75847.851560,1.000000,3.382510,-614.758180
1.618000,0.355040,0.744690,1.968750,165.406890,-350.822330,75971.257810,,3.458130,-614.757690
1.620000,0.294800,0.635740,3.465820,165.440770,-350.822570,75913.250000,,3.454280,-614.757260
1.622000,0.380680,0.631900,3.404300,165.474290,-350.822850,75808.835940,,3.529910,-614.757510
1.624000,0.488340,0.687010,3.096680,165.507420,-350.822170,75790.898440,1.000000,3.294070,-614.758060
1.626000,0.405030,0.713930,2.604490,165.540700,-350.822240,76155.820310,,3.454280,-614.757870
1.628000,0.324280,0.621640,2.450680,165.574340,-350.822510,75865.789060,,3.454280,-614.757260
1.630000,0.303770,0.598570,3.445310,165.607890,-350.822720,75791.960940,,3.485050,-614.757020
1.632000,0.430660,0.703670,3.240230,165.640790,-350.822600,75806.726560,1.000000,3.444030,-614.757510
1.634000,0.481930,0.789550,2.563480,165.673550,-350.822050,75894.257810,,3.319700,-614.757930
1.636000,0.388370,0.854920,2.296880,165.706540,-350.822360,75725.507810,,3.490170,-614.757570
1.638000,0.311460,0.702390,2.378910,165.740280,-350.822390,75751.882810,,3.392760,-614.756960
1.638000,0.311460,0.702390,2.378910,165.740280,-350.822390,75751.882810,,3.392760,-614.756960
1.640000,0.308900,0.688290,3.486330,165.773830,-350.822720,75945.937500,1.000000,3.509400,-614.756840
1.642000,0.458860,0.711360,3.291500,165.807140,-350.822570,75808.835940,,3.409420,-614.757450
1.644000,0.485780,0.831850,2.143070,165.840040,-350.822110,75898.484380,,3.326110,-614.757870
1.646000,0.393490,0.813900,2.122560,165.873370,-350.822270,75478.710940,,3.449160,-614.757390
1.648000,0.298650,0.676760,3.291500,165.907260,-350.822510,75806.726560,1.000000,3.424800,-614.756710
1.650000,0.367860,0.675480,4.122070,165.940770,-350.823030,75675.945310,,3.555540,-614.756840
1.652000,0.503720,0.747250,3.363280,165.973770,-350.822270,76093.601560,,3.273560,-614.757570
1.654000,0.457580,0.815190,2.748050,166.006870,-350.822110,75911.140630,,3.379940,-614.757570
1.656000,0.353760,0.703670,2.337890,166.040530,-350.822510,75742.390630,1.000000,3.453000,-614.756900
1.658000,0.283260,0.585750,3.537600,166.074360,-350.822750,75901.648440,,3.460690,-614.756350
1.660000,0.396060,0.661380,3.609380,166.107560,-350.822750,75557.820310,,3.455570,-614.756770
1.662000,0.498600,0.711360,3.055660,166.140500,-350.822110,76065.117190,,3.276120,-614.757450
1.664000,0.425540,0.784420,2.337890,166.173570,-350.822300,75686.484380,1.000000,3.460690,-614.757260
1.666000,0.306340,0.644710,2.450680,166.207430,-350.822420,76177.976560,,3.386350,-614.756530
1.668000,0.276860,0.583190,3.732420,166.241130,-350.822780,75945.937500,,3.501710,-614.756230
1.670000,0.425540,0.634460,3.517090,166.274440,-350.822780,75903.750000,,3.446590,-614.756900
1.672000,0.508850,0.710080,2.491700,166.307390,-350.822170,76009.218750,1.000000,3.268430,-614.757570
1.674000,0.420410,0.757510,2.348140,166.340470,-350.822240,75949.101560,,3.446590,-614.757260
1.676000,0.283260,0.612670,3.435060,166.374240,-350.822510,76183.242190,,3.406860,-614.756470
1.678000,0.315310,0.635740,4.306640,166.407640,-350.823090,75719.187500,,3.585020,-614.756410
1.680000,0.481930,0.760070,3.435060,166.440340,-350.822390,75993.398440,1.000000,3.292790,-614.757140
1.682000,0.471680,0.866460,2.707030,166.473050,-350.821930,75912.195310,,3.306880,-614.757320
1.684000,0.361450,0.806210,2.481450,166.506420,-350.822450,75999.734380,,3.450440,-614.756770
1.686000,0.255070,0.601140,3.455570,166.540390,-350.822780,75864.726560,,3.431210,-614.756100
1.688000,0.353760,0.646000,4.091310,166.573750,-350.822880,75810.937500,1.000000,3.491460,-614.756410
1.690000,0.492190,0.681880,3.127440,166.606830,-350.822170,76186.406250,,3.241520,-614.757200
1.692000,0.446040,0.770320,2.368650,166.639830,-350.822240,75851.023440,,3.417110,-614.757200
1.694000,0.312740,0.672910,1.979000,166.673480,-350.822450,75857.343750,,3.381230,-614.756470
1.696000,0.246090,0.576780,3.281250,166.707340,-350.822780,75665.398440,1.000000,3.464540,-614.755980
1.698000,0.384520,0.631900,4.019530,166.740590,-350.822970,76039.804690,,3.500430,-614.756530
1.700000,0.513980,0.726750,2.942870,166.773480,-350.822200,76006.054690,,3.231260,-614.757320
1.702000,0.451170,0.839540,2.625000,166.806300,-350.822170,75787.734380,,3.386350,-614.757260
1.704000,0.296080,0.692140,3.229980,166.840010,-350.822390,75830.984380,1.000000,3.391480,-614.756410
1.706000,0.284550,0.687010,4.265630,166.873520,-350.823180,75665.398440,,3.568360,-614.756100
1.708000,0.451170,0.797240,3.445310,166.906360,-350.822660,75899.531250,,3.350460,-614.756770
1.710000,0.489620,0.874150,2.953130,166.939210,-350.821870,75651.679690,,3.236390,-614.757200
1.712000,0.372990,0.826720,2.614750,166.972700,-350.822420,75829.921880,1.000000,3.446590,-614.756710
1.714000,0.256350,0.596010,3.691410,167.006940,-350.822780,75856.289060,,3.399170,-614.755980
1.716000,0.317870,0.616520,4.480960,167.040480,-350.823030,76130.515630,,3.517090,-614.756160
1.718000,0.475520,0.692140,3.455570,167.073560,-350.822300,75778.250000,,3.247920,-614.757020
1.720000,0.469120,0.748540,2.512210,167.106660,-350.822170,75742.390630,1.000000,3.354310,-614.757260
1.722000,0.335820,0.639590,2.091800,167.140340,-350.822480,76195.898440,,3.391480,-614.756530
1.724000,0.238400,0.489620,3.322270,167.174380,-350.822810,75634.812500,,3.406860,-614.755920
1.726000,0.337100,0.570370,4.204100,167.207630,-350.823150,75988.125000,,3.528630,-614.756230
1.728000,0.498600,0.690860,3.599120,167.240360,-350.822360,75840.476560,1.000000,3.233830,-614.757140
1.730000,0.475520,0.874150,2.553220,167.272920,-350.822080,76302.421880,,3.319700,-614.757320
1.732000,0.324280,0.734440,2.860840,167.306410,-350.822390,75768.750000,,3.360720,-614.756470
1.734000,0.267880,0.653690,4.296390,167.340100,-350.823210,75846.796880,,3.529910,-614.755980
1.736000,0.419130,0.740840,3.711910,167.373170,-350.823060,75981.796880,1.000000,3.410710,-614.756530
1.738000,0.501160,0.825440,3.322270,167.405990,-350.821960,76047.195310,,3.174870,-614.757140
1.740000,0.397340,0.830570,2.645510,167.439350,-350.822360,76108.359380,,3.436340,-614.756770
1.742000,0.258910,0.624210,3.476070,167.473460,-350.822810,75609.492190,,3.370970,-614.755920
1.744000,0.281980,0.604980,4.224610,167.507130,-350.823210,75938.562500,1.000000,3.529910,-614.755920
1.746000,0.461430,0.693420,3.701660,167.540080,-350.822570,75935.390630,,3.287660,-614.756770
1.748000,0.488340,0.781860,2.625000,167.573010,-350.822200,75980.742190,,3.279970,-614.757260
1.750000,0.357600,0.742130,2.348140,167.606430,-350.822540,75704.421880,,3.424800,-614.756650
1.752000,0.234560,0.538330,3.188960,167.640490,-350.822780,75823.601560,1.000000,3.351750,-614.755920
1.754000,0.298650,0.597290,4.255370,167.673830,-350.823270,75920.625000,,3.542720,-614.756040
1.756000,0.476810,0.692140,3.742680,167.706680,-350.822600,75530.398440,,3.249210,-614.756960
1.758000,0.493470,0.876710,2.419920,167.739260,-350.822050,75868.945310,,3.272280,-614.757320
1.760000,0.355040,0.744690,2.532710,167.772800,-350.822360,75896.375000,1.000000,3.340210,-614.756590
1.762000,0.260190,0.601140,4.214360,167.806820,-350.823120,75972.312500,,3.469670,-614.755920
1.764000,0.384520,0.670350,4.439940,167.840070,-350.823330,75763.484380,,3.465820,-614.756290
1.766000,0.508850,0.756230,3.732420,167.873030,-350.822170,75588.406250,,3.128720,-614.757080
1.768000,0.424260,0.789550,2.789060,167.906330,-350.822360,76031.375000,1.000000,3.396610,-614.756840
1.768000,0.424260,0.789550,2.789060,167.906330,-350.822360,76031.375000,1.000000,3.396610,-614.756840
1.770000,0.287110,0.571660,3.127440,167.940480,-350.822910,75808.835940,,3.372250,-614.755980
1.772000,0.262760,0.496030,4.173340,167.974380,-350.823360,75801.445310,,3.511960,-614.755680
1.774000,0.431950,0.629330,3.947750,168.007220,-350.822910,75819.375000,,3.351750,-614.756470
1.776000,0.513980,0.767760,3.188960,168.039810,-350.822170,76242.304690,1.000000,3.232540,-614.757200
1.778000,0.396060,0.833130,2.471190,168.072770,-350.822510,75808.835940,,3.423520,-614.756770
1.780000,0.242250,0.637020,3.517090,168.106610,-350.822690,75742.390630,,3.363280,-614.755920
1.782000,0.269170,0.629330,4.234860,168.140030,-350.823360,75949.101560,,3.552980,-614.755860
1.784000,0.446040,0.703670,3.916990,168.172970,-350.822810,75962.812500,1.000000,3.309450,-614.756710
1.786000,0.508850,0.854920,2.481450,168.205600,-350.822080,76323.523440,,3.233830,-614.757260
1.788000,0.383240,0.816470,2.614750,168.238950,-350.822200,75650.632810,,3.362000,-614.756770
1.790000,0.248660,0.633180,4.265630,168.273040,-350.822940,76186.406250,,3.438900,-614.755920
1.792000,0.339660,0.678040,4.706540,168.306500,-350.823460,75737.117190,1.000000,3.538880,-614.756160
1.794000,0.497310,0.780580,3.845210,168.339450,-350.822300,76030.320310,,3.149230,-614.756960
1.796000,0.442200,0.819030,2.799320,168.372670,-350.822240,75988.125000,,3.336360,-614.757020
1.798000,0.301210,0.643430,2.973630,168.406810,-350.822810,75992.343750,,3.415830,-614.756230
1.800000,0.234560,0.487060,4.040040,168.440900,-350.823360,76221.218750,1.000000,3.476070,-614.755680
1.802000,0.394780,0.640870,4.429690,168.473880,-350.823090,75805.664060,,3.436340,-614.756290
1.804000,0.513980,0.770320,3.476070,168.506480,-350.822170,75860.507810,,3.197940,-614.757140
1.806000,0.422970,0.872860,2.563480,168.539310,-350.822360,75918.515630,,3.419680,-614.756960
1.808000,0.270450,0.667790,2.635250,168.573150,-350.822600,75865.789060,1.000000,3.372250,-614.756040
1.810000,0.243530,0.608830,3.906740,168.606860,-350.823240,75730.781250,,3.544010,-614.755740
1.812000,0.402470,0.675480,4.193850,168.639850,-350.822970,75884.773440,,3.411990,-614.756470
1.814000,0.516540,0.813900,2.871090,168.672580,-350.822080,76061.953130,,3.204350,-614.757200
1.816000,0.410160,0.804930,2.799320,168.705840,-350.822080,75658.007810,1.000000,3.374820,-614.756900
1.818000,0.260190,0.552430,3.927250,168.740100,-350.822690,75795.125000,,3.422240,-614.756100
1.820000,0.310180,0.558840,4.737300,168.773790,-350.823490,75554.648440,,3.592710,-614.756040
1.822000,0.479370,0.684450,3.793950,168.806660,-350.822420,75982.859380,,3.221010,-614.756840
1.824000,0.470400,0.770320,2.727540,168.839650,-350.821960,75858.406250,1.000000,3.264590,-614.757080
1.826000,0.324280,0.669070,3.188960,168.873440,-350.822630,75799.335940,,3.446590,-614.756350
1.828000,0.230710,0.457580,4.122070,168.907670,-350.823180,75784.578130,,3.454280,-614.755680
1.830000,0.355040,0.579350,4.757810,168.940720,-350.823210,75949.101560,,3.497860,-614.756100
1.832000,0.505000,0.729310,3.640140,168.973210,-350.822170,76081.992190,1.000000,3.214600,-614.756960
1.834000,0.457580,0.861330,2.563480,169.005870,-350.822200,75854.187500,,3.373540,-614.757020
1.836000,0.302490,0.697270,2.614750,169.039510,-350.822510,75919.578130,,3.383790,-614.756160
1.838000,0.237120,0.606260,3.711910,169.073270,-350.823090,75803.554690,,3.515810,-614.755680
1.840000,0.371700,0.669070,4.583500,169.106340,-350.823150,75877.382810,1.000000,3.468380,-614.756230
1.842000,0.516540,0.799800,3.506840,169.139050,-350.822110,75981.796880,,3.206910,-614.757080
1.844000,0.449890,0.862610,2.686520,169.172040,-350.821960,76011.328130,,3.323550,-614.757020
1.846000,0.290950,0.619080,3.660640,169.206180,-350.822510,76160.046880,,3.397890,-614.756160
1.848000,0.287110,0.552430,4.624510,169.240050,-350.823490,75759.257810,1.000000,3.596560,-614.755920
1.850000,0.446040,0.695980,4.152830,169.272930,-350.822690,75894.257810,,3.300480,-614.756590
1.852000,0.496030,0.817750,3.117190,169.305730,-350.821840,75822.546880,,3.197940,-614.757080
1.854000,0.361450,0.772890,3.178710,169.339250,-350.822480,75930.117190,,3.431210,-614.756470
1.856000,0.238400,0.542180,3.958010,169.373520,-350.823060,75829.921880,1.000000,3.450440,-614.755680
1.858000,0.324280,0.608830,4.809080,169.406850,-350.823330,75785.625000,,3.506840,-614.755920
1.860000,0.490910,0.754940,3.804200,169.439470,-350.822360,76221.218750,,3.227420,-614.756770
1.862000,0.481930,0.886960,2.655760,169.472170,-350.822110,75780.351560,,3.308170,-614.757080
1.864000,0.329410,0.765200,2.748050,169.505840,-350.822510,75906.914060,1.000000,3.383790,-614.756350
1.866000,0.226870,0.562680,3.486330,169.539990,-350.823030,75644.296880,,3.459410,-614.755680
1.868000,0.333250,0.635740,4.747560,169.573330,-350.823360,75839.421880,,3.496580,-614.755980
1.870000,0.506290,0.749820,3.711910,169.606140,-350.822390,75835.195310,,3.206910,-614.756900
1.872000,0.475520,0.875430,2.655760,169.639010,-350.821930,75858.406250,1.000000,3.271000,-614.757080
1.874000,0.320430,0.662660,3.127440,169.672990,-350.822420,75810.937500,,3.356870,-614.756290
1.876000,0.269170,0.530640,4.706540,169.707050,-350.823490,75588.406250,,3.567080,-614.755860
1.878000,0.426820,0.672910,4.696290,169.739970,-350.823120,76085.164060,,3.365840,-614.756470
1.880000,0.517820,0.803650,3.629880,169.772690,-350.821960,75549.382810,1.000000,3.144100,-614.757020
1.882000,0.398620,0.811340,3.106930,169.806030,-350.822420,76125.234380,,3.392760,-614.756590
1.884000,0.258910,0.552430,3.732420,169.840240,-350.823090,75793.015630,,3.431210,-614.755740
1.886000,0.294800,0.590880,4.768070,169.873790,-350.823490,75724.460940,,3.510680,-614.755680
1.888000,0.458860,0.735720,3.968260,169.906450,-350.822660,75790.898440,1.000000,3.256900,-614.756530
1.890000,0.512700,0.861330,3.271000,169.939150,-350.822110,75784.578130,,3.258180,-614.757080
1.892000,0.366580,0.807500,2.635250,169.972690,-350.822540,76051.406250,,3.379940,-614.756470
1.894000,0.235840,0.560120,3.783690,170.006940,-350.823000,75778.250000,,3.422240,-614.755680
1.896000,0.314030,0.629330,4.829590,170.040340,-350.823490,76008.164060,1.000000,3.535030,-614.755800
1.898000,0.481930,0.748540,3.968260,170.073170,-350.822660,76042.976560,,3.229980,-614.756710
1.900000,0.505000,0.903630,2.707030,170.105820,-350.822020,75924.851560,,3.229980,-614.757080
1.902000,0.356320,0.778020,3.086430,170.139500,-350.822360,75763.484380,,3.345340,-614.756410
1.904000,0.270450,0.592160,4.542480,170.173660,-350.823360,75665.398440,1.000000,3.527340,-614.755800
1.906000,0.398620,0.708800,4.973140,170.206740,-350.823430,76188.523440,,3.444030,-614.756160
1.908000,0.520390,0.845950,3.988770,170.239410,-350.822110,75873.171880,,3.124880,-614.756840
1.910000,0.430660,0.867740,2.973630,170.272660,-350.822240,76138.945310,,3.338930,-614.756710
1.912000,0.283260,0.572940,3.517090,170.307140,-350.823060,75861.562500,1.000000,3.418400,-614.755860
1.912000,0.283260,0.572940,3.517090,170.307140,-350.823060,75861.562500,1.000000,3.418400,-614.755860
1.914000,0.273010,0.487060,4.614260,170.341130,-350.823520,75842.585940,,3.527340,-614.755620
1.916000,0.434510,0.652400,4.183590,170.373990,-350.822910,75883.718750,,3.318420,-614.756350
1.918000,0.529360,0.803650,3.558110,170.406650,-350.822140,75920.625000,,3.215880,-614.757080
1.920000,0.402470,0.803650,2.450680,170.439900,-350.822450,76127.343750,1.000000,3.376100,-614.756590
1.922000,0.258910,0.561400,3.414550,170.474170,-350.822940,75810.937500,,3.406860,-614.755740
1.924000,0.285830,0.557560,4.645020,170.507770,-350.823580,75871.062500,,3.564510,-614.755680
1.926000,0.447330,0.698550,4.173340,170.540530,-350.822970,75596.835940,,3.317140,-614.756470
1.928000,0.538330,0.908750,3.024900,170.572920,-350.822080,75997.625000,1.000000,3.188960,-614.757080
1.930000,0.393490,0.877990,2.963380,170.606120,-350.822200,75666.453130,,3.328670,-614.756590
1.932000,0.280700,0.670350,4.593750,170.640140,-350.823180,75723.406250,,3.501710,-614.755800
1.934000,0.361450,0.780580,5.044920,170.673230,-350.823550,75730.781250,,3.513240,-614.755920
1.936000,0.497310,0.907470,3.968260,170.705800,-350.822270,75633.750000,1.000000,3.159480,-614.756710
1.938000,0.466550,0.952330,3.004390,170.738920,-350.822080,76032.429690,,3.291500,-614.756770
1.940000,0.316590,0.711360,3.527340,170.773220,-350.822850,75492.429690,,3.410710,-614.755920
1.942000,0.265320,0.517820,4.501460,170.807560,-350.823490,75825.710940,,3.511960,-614.755490
1.944000,0.405030,0.669070,4.829590,170.840650,-350.823120,75829.921880,1.000000,3.387630,-614.756040
1.946000,0.531920,0.815190,3.916990,170.873380,-350.822240,76123.125000,,3.188960,-614.756900
1.948000,0.444760,0.862610,2.748050,170.906560,-350.822390,75848.906250,,3.364560,-614.756770
1.950000,0.280700,0.619080,3.127440,170.940800,-350.822850,75882.664060,,3.378660,-614.755800
1.952000,0.269170,0.551150,4.255370,170.974700,-350.823550,75858.406250,1.000000,3.560670,-614.755490
1.954000,0.414000,0.688290,4.583500,171.007570,-350.823210,75899.531250,,3.383790,-614.756160
1.956000,0.544740,0.919010,3.588870,171.039950,-350.822110,76177.976560,,3.182560,-614.756960
1.958000,0.434510,0.940800,3.168460,171.072920,-350.822080,75857.343750,,3.281250,-614.756650
1.960000,0.294800,0.692140,4.327150,171.107070,-350.822940,75957.539060,1.000000,3.458130,-614.755860
1.962000,0.333250,0.703670,5.188480,171.140560,-350.823640,75952.265630,,3.556820,-614.755740
1.964000,0.484500,0.856200,3.937500,171.173230,-350.822540,75818.320310,,3.201780,-614.756470
1.966000,0.499880,0.949770,3.086430,171.206150,-350.821960,76138.945310,,3.232540,-614.756770
1.968000,0.347350,0.754940,3.414550,171.240220,-350.822690,75900.593750,1.000000,3.400450,-614.756100
1.970000,0.269170,0.502440,4.450200,171.274830,-350.823490,76142.109380,,3.488890,-614.755430
1.972000,0.374270,0.576780,5.096190,171.308140,-350.823360,75639.031250,,3.447880,-614.755800
1.974000,0.519100,0.729310,4.029790,171.340840,-350.822360,76018.710940,,3.195370,-614.756710
1.976000,0.479370,0.835690,2.614750,171.373790,-350.822270,75953.328130,1.000000,3.315860,-614.756770
1.978000,0.312740,0.638310,3.014650,171.407730,-350.822690,75800.398440,,3.374820,-614.755920
1.980000,0.260190,0.553710,3.845210,171.441570,-350.823490,76005.007810,,3.519650,-614.755370
1.982000,0.372990,0.721620,4.829590,171.474320,-350.823390,75692.820310,,3.432500,-614.755920
1.984000,0.530640,0.936950,3.906740,171.506550,-350.822300,76207.500000,1.000000,3.195370,-614.756770
1.986000,0.462710,1.006160,2.953130,171.539400,-350.821930,75629.531250,,3.249210,-614.756770
1.988000,0.316590,0.733150,3.927250,171.573550,-350.822690,75806.726560,,3.392760,-614.755920
1.990000,0.302490,0.660100,4.891110,171.607420,-350.823640,75918.515630,,3.570920,-614.755680
1.992000,0.460140,0.836980,4.501460,171.640230,-350.822850,75941.726560,1.000000,3.258180,-614.756290
1.994000,0.520390,0.956180,3.291500,171.673020,-350.821990,75800.398440,,3.167180,-614.756770
1.996000,0.376830,0.840820,3.588870,171.706860,-350.822570,75705.476560,,3.400450,-614.756230
1.998000,0.267880,0.534480,4.337400,171.741500,-350.823430,75979.687500,,3.459410,-614.755490
2.000000,0.339660,0.576780,5.208980,171.775040,-350.823610,75594.726560,1.000000,3.501710,-614.755620
2.002000,0.502440,0.753660,4.173340,171.807570,-350.822570,76017.664060,,3.228700,-614.756470
2.004000,0.516540,0.927980,2.922360,171.840130,-350.822240,76080.937500,,3.267150,-614.756840
2.006000,0.347350,0.802370,2.922360,171.873760,-350.822630,75928.015630,,3.374820,-614.756100
2.008000,0.264040,0.617800,4.234860,171.907780,-350.823360,75807.781250,1.000000,3.483760,-614.755370
2.010000,0.337100,0.716490,4.921880,171.940840,-350.823520,75893.203130,,3.491460,-614.755680
2.012000,0.502440,0.902340,4.152830,171.973310,-350.822510,76019.773440,,3.194090,-614.756530
2.014000,0.493470,1.031800,2.799320,172.006040,-350.821930,75995.507810,,3.231260,-614.756840
2.016000,0.340940,0.801090,3.424800,172.040130,-350.822510,75839.421880,1.000000,3.345340,-614.756100
2.018000,0.294800,0.642150,4.829590,172.074370,-350.823640,75800.398440,,3.551700,-614.755620
2.020000,0.422970,0.760070,4.962890,172.107480,-350.823180,75987.078130,,3.341490,-614.756100
2.022000,0.526790,0.879270,4.091310,172.140400,-350.822110,75974.421880,,3.127440,-614.756710
2.024000,0.411440,0.821590,3.250490,172.174090,-350.822510,75932.226560,1.000000,3.364560,-614.756410
2.026000,0.284550,0.524230,4.111820,172.208690,-350.823360,75942.781250,,3.454280,-614.755620
2.028000,0.310180,0.563960,4.942380,172.242230,-350.823760,75938.562500,,3.518370,-614.755430
2.030000,0.470400,0.797240,4.480960,172.274540,-350.822810,75931.179690,,3.279970,-614.756230
2.032000,0.538330,0.994630,3.301760,172.306780,-350.822200,75766.648440,1.000000,3.224850,-614.756840
2.034000,0.387080,0.908750,2.942870,172.340070,-350.822510,75891.093750,,3.370970,-614.756290
2.036000,0.262760,0.644710,3.927250,172.374270,-350.823180,75871.062500,,3.464540,-614.755430
2.038000,0.306340,0.665220,4.942380,172.407680,-350.823610,75998.679690,,3.519650,-614.755490
2.040000,0.472960,0.851070,4.111820,172.440280,-350.822660,75937.500000,1.000000,3.250490,-614.756350
2.042000,0.525510,1.008730,2.912110,172.472870,-350.821990,75859.453130,,3.179990,-614.756840
2.044000,0.370420,0.854920,3.547850,172.506730,-350.822300,75901.648440,,3.341490,-614.756230
2.046000,0.285830,0.617800,4.880860,172.541120,-350.823460,75524.062500,,3.529910,-614.755680
2.048000,0.385800,0.728030,5.167970,172.574420,-350.823460,75778.250000,1.000000,3.432500,-614.755920
2.050000,0.516540,0.865170,4.132320,172.607210,-350.822240,75772.976560,,3.145390,-614.756650
2.052000,0.449890,0.892090,3.291500,172.640550,-350.822360,75991.289060,,3.301760,-614.756530
2.054000,0.298650,0.643430,3.845210,172.674940,-350.823210,75760.312500,,3.460690,-614.755740
2.056000,0.284550,0.571660,5.096190,172.708740,-350.823760,75646.414060,1.000000,3.510680,-614.755370
2.058000,0.429380,0.786990,4.788570,172.741260,-350.823090,75824.656250,,3.335080,-614.756040
2.060000,0.540890,0.971560,3.978520,172.773540,-350.822200,75751.882810,,3.191530,-614.756770
2.062000,0.420410,0.945920,2.860840,172.806730,-350.822390,75954.382810,,3.335080,-614.756470
2.064000,0.270450,0.667790,3.742680,172.840970,-350.823030,75750.828130,1.000000,3.433780,-614.755620
2.066000,0.283260,0.642150,4.593750,172.874690,-350.823640,75990.234380,,3.522220,-614.755370
2.068000,0.433230,0.765200,4.593750,172.907500,-350.823030,75978.632810,,3.327390,-614.756100
2.070000,0.539610,0.927980,3.578610,172.940160,-350.822050,75926.953130,,3.159480,-614.756770
2.072000,0.406310,0.840820,3.486330,172.973710,-350.822200,75768.750000,1.000000,3.299190,-614.756470
2.074000,0.294800,0.584470,4.942380,173.008120,-350.823270,75853.132810,,3.511960,-614.755680
2.076000,0.361450,0.706240,5.250000,173.041380,-350.823640,76121.023440,,3.487610,-614.755800
2.078000,0.497310,0.915160,4.214360,173.073760,-350.822420,75780.351560,,3.187680,-614.756470
2.080000,0.481930,1.035640,3.219730,173.106610,-350.822110,76029.265630,1.000000,3.241520,-614.756650
2.082000,0.316590,0.788270,3.886230,173.140750,-350.823000,76026.093750,,3.442750,-614.755920
2.084000,0.278140,0.615230,4.696290,173.174930,-350.823700,75826.757810,,3.527340,-614.755370
2.086000,0.384520,0.785710,5.485840,173.207700,-350.823270,75952.265630,,3.372250,-614.755800
2.088000,0.521670,0.995910,3.978520,173.240020,-350.822240,75941.726560,1.000000,3.206910,-614.756650
2.088000,0.521670,0.995910,3.978520,173.240020,-350.822240,75941.726560,1.000000,3.206910,-614.756650
2.090000,0.457580,1.043330,2.727540,173.273010,-350.822240,76145.281250,,3.283810,-614.756650
2.092000,0.299930,0.774170,3.435060,173.307210,-350.822910,75893.203130,,3.399170,-614.755740
2.094000,0.266600,0.674190,4.040040,173.341190,-350.823610,75706.531250,,3.532470,-614.755370
2.096000,0.388370,0.783140,4.798830,173.374210,-350.823300,75898.484380,1.000000,3.358150,-614.755920
2.098000,0.530640,0.948490,3.681150,173.406860,-350.822240,75989.187500,,3.186400,-614.756770
2.100000,0.439640,0.926700,3.394040,173.440220,-350.822110,75858.406250,,3.233830,-614.756590
2.102000,0.316590,0.665220,4.583500,173.474560,-350.823120,75694.921880,,3.467100,-614.755860
2.104000,0.329410,0.713930,5.178220,173.508030,-350.823760,75874.218750,1.000000,3.515810,-614.755680
2.106000,0.469120,0.915160,4.470700,173.540530,-350.822720,75694.921880,,3.224850,-614.756290
2.108000,0.512700,1.049740,3.291500,173.573260,-350.822050,75916.414060,,3.203060,-614.756710
2.110000,0.357600,0.854920,3.722170,173.607270,-350.822810,75662.234380,,3.390200,-614.756040
2.112000,0.274290,0.608830,4.819340,173.641710,-350.823640,75851.023440,1.000000,3.522220,-614.755370
2.114000,0.352480,0.713930,5.178220,173.674910,-350.823460,75841.523440,,3.405580,-614.755620
2.116000,0.507570,0.908750,4.327150,173.707380,-350.822510,75823.601560,,3.205630,-614.756470
2.118000,0.490910,1.002320,2.922360,173.740250,-350.822240,75942.781250,,3.264590,-614.756710
2.120000,0.315310,0.769040,3.363280,173.774410,-350.822810,75632.703130,1.000000,3.370970,-614.755920
2.122000,0.265320,0.584470,4.173340,173.808590,-350.823610,75897.429690,,3.515810,-614.755370
2.124000,0.352480,0.716490,5.126950,173.841610,-350.823490,75847.851560,,3.406860,-614.755740
2.126000,0.521670,0.933110,4.173340,173.873950,-350.822510,76026.093750,,3.186400,-614.756590
2.128000,0.478090,1.020260,3.322270,173.906750,-350.822020,75896.375000,1.000000,3.214600,-614.756770
2.130000,0.333250,0.763920,3.978520,173.940840,-350.822910,75787.734380,,3.405580,-614.755980
2.132000,0.310180,0.692140,5.075680,173.974590,-350.823760,75709.687500,,3.536320,-614.755620
2.134000,0.443480,0.889530,5.014160,174.007160,-350.823060,76056.687500,,3.268430,-614.756100
2.136000,0.529360,1.053590,3.711910,174.039660,-350.822110,76240.203130,1.000000,3.155640,-614.756650
2.138000,0.392210,0.938230,3.834960,174.073410,-350.822600,75819.375000,,3.346620,-614.756230
2.140000,0.290950,0.634460,4.368160,174.108020,-350.823640,75993.398440,,3.481200,-614.755430
2.142000,0.323000,0.678040,5.198730,174.141570,-350.823670,75812.000000,,3.461980,-614.755430
2.144000,0.483220,0.851070,4.368160,174.174210,-350.822810,75951.210940,1.000000,3.238950,-614.756290
2.146000,0.528080,0.985660,3.137700,174.206950,-350.822330,76013.445310,,3.249210,-614.756770
2.148000,0.360170,0.821590,3.137700,174.240800,-350.822720,75923.796880,,3.367130,-614.756160
2.150000,0.266600,0.635740,4.316890,174.274960,-350.823520,76212.773440,,3.500430,-614.755430
2.152000,0.320430,0.747250,5.332030,174.307970,-350.823640,75859.453130,1.000000,3.470950,-614.755550
2.154000,0.490910,1.008730,4.214360,174.340120,-350.822660,75791.960940,,3.224850,-614.756410
2.156000,0.505000,1.145870,3.106930,174.372540,-350.821960,75905.859380,,3.182560,-614.756770
2.158000,0.355040,0.945920,3.875980,174.406390,-350.822570,75964.921880,,3.376100,-614.756230
2.160000,0.287110,0.763920,4.778320,174.440440,-350.823640,75809.890630,1.000000,3.535030,-614.755620
2.162000,0.401180,0.894650,5.157710,174.473430,-350.823210,75719.187500,,3.327390,-614.755920
2.164000,0.508850,1.015140,4.214360,174.506230,-350.822170,76226.484380,,3.146670,-614.756590
2.166000,0.420410,0.926700,3.640140,174.539990,-350.822480,75803.554690,,3.320980,-614.756410
2.168000,0.294800,0.611390,4.255370,174.574830,-350.823430,75867.898440,1.000000,3.460690,-614.755680
2.170000,0.296080,0.547300,5.157710,174.608780,-350.823760,75743.437500,,3.492740,-614.755430
2.172000,0.444760,0.753660,4.655270,174.641490,-350.822970,75951.210940,,3.295350,-614.756160
2.174000,0.539610,0.960020,3.486330,174.673980,-350.822330,75994.453130,,3.208190,-614.756770
2.176000,0.397340,0.861330,3.465820,174.707460,-350.822570,75876.328130,1.000000,3.347900,-614.756350
2.178000,0.278140,0.653690,4.060550,174.741590,-350.823360,75812.000000,,3.487610,-614.755550
2.180000,0.288390,0.706240,5.332030,174.774780,-350.823700,75595.789060,,3.504270,-614.755430
2.182000,0.440920,0.974120,4.521970,174.806850,-350.822850,76112.578130,,3.285100,-614.756230
2.184000,0.528080,1.180480,3.271000,174.839040,-350.821960,75820.429690,1.000000,3.159480,-614.756770
2.186000,0.381960,1.033080,3.906740,174.872510,-350.822300,76035.593750,,3.322270,-614.756350
2.188000,0.290950,0.779300,4.901370,174.906770,-350.823430,75924.851560,,3.532470,-614.755680
2.190000,0.355040,0.867740,5.557620,174.940020,-350.823330,76165.312500,,3.391480,-614.755800
2.192000,0.494750,0.976680,4.142580,174.972870,-350.822300,75755.046880,1.000000,3.165890,-614.756530
2.194000,0.461430,0.947200,3.588870,175.006450,-350.822240,75915.351560,,3.271000,-614.756590
2.196000,0.307620,0.642150,3.978520,175.041120,-350.823180,76130.515630,,3.447880,-614.755860
2.198000,0.281980,0.538330,5.239750,175.075320,-350.823820,75803.554690,,3.504270,-614.755370
2.200000,0.398620,0.728030,4.973140,175.108060,-350.823210,76013.445310,1.000000,3.335080,-614.755920
2.202000,0.530640,0.958740,4.245120,175.140400,-350.822360,75940.671880,,3.197940,-614.756770
2.204000,0.437070,0.942080,3.004390,175.173600,-350.822450,76169.531250,,3.297910,-614.756530
2.206000,0.297360,0.704960,3.752930,175.207690,-350.823210,75809.890630,,3.446590,-614.755740
2.208000,0.270450,0.687010,4.706540,175.241210,-350.823730,75799.335940,1.000000,3.506840,-614.755370
2.210000,0.405030,0.902340,4.583500,175.273650,-350.823090,75865.789060,,3.308170,-614.755920
2.212000,0.526790,1.095890,3.599120,175.305920,-350.822110,75915.351560,,3.158200,-614.756770
2.214000,0.415280,1.017700,3.732420,175.339310,-350.822170,75836.257810,,3.255620,-614.756470
2.216000,0.303770,0.733150,4.932130,175.373670,-350.823300,75653.796880,1.000000,3.479920,-614.755800
2.218000,0.329410,0.778020,5.424320,175.407120,-350.823580,75948.046880,,3.438900,-614.755680
2.220000,0.476810,0.938230,4.245120,175.439820,-350.822540,76002.890630,,3.188960,-614.756350
2.222000,0.498600,0.997190,3.506840,175.472930,-350.822200,75772.976560,,3.199220,-614.756710
2.224000,0.337100,0.719060,4.152830,175.507350,-350.823060,75776.132810,1.000000,3.423520,-614.756040
2.226000,0.273010,0.533200,4.983400,175.541720,-350.823880,75584.179690,,3.505550,-614.755370
2.228000,0.358890,0.685730,5.465330,175.574630,-350.823460,75887.929690,,3.359440,-614.755680
2.230000,0.512700,0.956180,4.409180,175.606720,-350.822510,75598.945310,,3.201780,-614.756590
2.232000,0.472960,1.047180,3.106930,175.639500,-350.822360,75975.468750,1.000000,3.240230,-614.756710
2.234000,0.310180,0.812620,3.424800,175.673490,-350.823060,75950.156250,,3.406860,-614.755920
2.236000,0.264040,0.701110,4.583500,175.707310,-350.823730,75801.445310,,3.485050,-614.755370
2.238000,0.358890,0.869020,4.983400,175.740070,-350.823360,75750.828130,,3.337650,-614.755800
2.240000,0.513980,1.052310,4.193850,175.772490,-350.822390,75690.710940,1.000000,3.151790,-614.756590
2.240000,0.513980,1.052310,4.193850,175.772490,-350.822390,75690.710940,1.000000,3.151790,-614.756590
2.242000,0.447330,1.054870,3.640140,175.805740,-350.822140,76046.132810,,3.208190,-614.756650
2.244000,0.320430,0.775450,4.480960,175.840060,-350.823180,75832.031250,,3.429930,-614.755920
2.246000,0.306340,0.784420,5.270510,175.873720,-350.823820,75843.640630,,3.461980,-614.755680
2.248000,0.448610,0.948490,4.901370,175.906420,-350.822970,75944.882810,1.000000,3.231260,-614.756230
2.250000,0.517820,1.058720,3.793950,175.939270,-350.822330,76032.429690,,3.147950,-614.756710
2.252000,0.364010,0.854920,4.009280,175.973420,-350.822970,75690.710940,,3.373540,-614.756230
2.254000,0.284550,0.598570,5.096190,176.007860,-350.823880,75885.828130,,3.497860,-614.755490
2.256000,0.326840,0.701110,5.342290,176.041110,-350.823700,75895.320310,1.000000,3.383790,-614.755550
2.258000,0.483220,0.908750,4.450200,176.073460,-350.822750,75999.734380,,3.222290,-614.756410
2.260000,0.506290,1.002320,3.076170,176.106190,-350.822360,76150.546880,,3.213320,-614.756770
2.262000,0.340940,0.794680,3.465820,176.140230,-350.822940,75842.585940,,3.374820,-614.756100
2.264000,0.261470,0.598570,4.521970,176.174450,-350.823700,76055.632810,1.000000,3.479920,-614.755370
2.266000,0.323000,0.704960,5.301270,176.207550,-350.823580,75887.929690,,3.385070,-614.755620
2.268000,0.494750,0.939510,4.398930,176.239940,-350.822660,75924.851560,,3.177430,-614.756470
2.270000,0.487060,1.002320,3.301760,176.272830,-350.822240,75973.359380,,3.169740,-614.756770
2.272000,0.348630,0.762630,4.245120,176.306990,-350.823060,75814.101560,1.000000,3.413270,-614.756100
2.274000,0.294800,0.662660,4.942380,176.340870,-350.823910,75757.148440,,3.485050,-614.755620
2.276000,0.412720,0.848510,5.137210,176.373520,-350.823300,75601.054690,,3.283810,-614.755980
2.278000,0.521670,1.045900,4.234860,176.405930,-350.822300,76030.320310,,3.135130,-614.756650
2.280000,0.403750,0.958740,3.875980,176.439450,-350.822750,75836.257810,1.000000,3.309450,-614.756350
2.282000,0.298650,0.692140,4.788570,176.473830,-350.823760,75832.031250,,3.497860,-614.755620
2.284000,0.297360,0.693420,5.106450,176.507220,-350.823820,75750.828130,,3.432500,-614.755370
2.286000,0.451170,0.892090,4.696290,176.539700,-350.822970,75813.054690,,3.256900,-614.756160
2.288000,0.533200,0.993350,3.250490,176.572420,-350.822390,75983.914060,1.000000,3.199220,-614.756770
2.290000,0.372990,0.803650,3.260740,176.606310,-350.822780,75535.664060,,3.346620,-614.756230
2.292000,0.274290,0.592160,4.378420,176.640660,-350.823580,75991.289060,,3.488890,-614.755490
2.294000,0.296080,0.660100,5.250000,176.673950,-350.823700,75915.351560,,3.440190,-614.755430
2.296000,0.461430,0.898500,4.747560,176.706310,-350.822850,75925.906250,1.000000,3.260740,-614.756230
2.298000,0.522950,1.026670,3.240230,176.738950,-350.822140,75764.539060,,3.142820,-614.756770
2.300000,0.369140,0.854920,4.173340,176.772780,-350.822720,75524.062500,,3.379940,-614.756290
2.302000,0.290950,0.680600,5.014160,176.806820,-350.823700,76040.867190,,3.513240,-614.755680
2.304000,0.376830,0.862610,5.506350,176.839630,-350.823390,75675.945310,1.000000,3.341490,-614.755860
2.306000,0.510130,1.065120,4.388670,176.871950,-350.822390,76162.148440,,3.164610,-614.756530
2.308000,0.448610,1.052310,3.814450,176.905210,-350.822450,75972.312500,,3.263310,-614.756470
2.310000,0.314030,0.760070,4.552730,176.939640,-350.823490,75979.687500,,3.467100,-614.755740
2.312000,0.281980,0.649840,4.952640,176.973570,-350.823880,75756.093750,1.000000,3.468380,-614.755370
2.314000,0.407590,0.829280,5.188480,177.006300,-350.823150,75873.171880,,3.292790,-614.755920
2.316000,0.531920,1.010010,3.691410,177.038850,-350.822390,76256.015630,,3.187680,-614.756710
2.318000,0.419130,0.892090,3.240230,177.072480,-350.822600,75979.687500,,3.305600,-614.756470
2.320000,0.297360,0.612670,4.183590,177.106950,-350.823460,76000.789060,1.000000,3.459410,-614.755680
2.322000,0.276860,0.571660,4.911620,177.140730,-350.823790,75745.546880,,3.477360,-614.755370
2.324000,0.421690,0.788270,4.788570,177.173260,-350.823120,75975.468750,,3.296630,-614.755980
2.326000,0.528080,1.001040,3.435060,177.205640,-350.822140,75977.585940,,3.151790,-614.756770
2.328000,0.402470,0.921570,3.968260,177.239040,-350.822450,75805.664060,1.000000,3.287660,-614.756470
2.330000,0.301210,0.715210,4.839840,177.273150,-350.823520,75937.500000,,3.501710,-614.755680
2.332000,0.340940,0.824160,5.793460,177.306180,-350.823550,75989.187500,,3.396610,-614.755680
2.334000,0.479370,1.016420,4.193850,177.338640,-350.822570,75945.937500,,3.185120,-614.756410
2.336000,0.481930,1.047180,3.650390,177.371750,-350.822300,75685.429690,1.000000,3.227420,-614.756590
2.338000,0.331970,0.760070,4.255370,177.406140,-350.823210,75870.007810,,3.432500,-614.755920
2.340000,0.279420,0.629330,4.686040,177.440340,-350.823880,75760.312500,,3.490170,-614.755370
2.342000,0.376830,0.780580,5.506350,177.473190,-350.823330,75893.203130,,3.324830,-614.755680
2.344000,0.521670,1.004880,4.245120,177.505520,-350.822480,75912.195310,1.000000,3.194090,-614.756590
2.346000,0.458860,0.983090,3.373540,177.538770,-350.822450,75795.125000,,3.258180,-614.756590
2.348000,0.312740,0.708800,3.670900,177.573070,-350.823210,75863.671880,,3.428650,-614.755800
2.350000,0.261470,0.590880,4.552730,177.607030,-350.823820,75863.671880,,3.486330,-614.755370
2.352000,0.376830,0.784420,5.014160,177.639760,-350.823330,75795.125000,1.000000,3.314580,-614.755800
2.354000,0.526790,0.993350,3.804200,177.672060,-350.822390,75958.601560,,3.158200,-614.756650
2.356000,0.442200,0.984380,3.875980,177.705310,-350.822240,76060.898440,,3.222290,-614.756590
2.358000,0.321720,0.710080,4.798830,177.739580,-350.823330,75682.265630,,3.451720,-614.755860
2.360000,0.311460,0.710080,5.711430,177.773160,-350.823730,75646.414060,1.000000,3.438900,-614.755620
2.362000,0.458860,0.888240,4.768070,177.805830,-350.822880,76092.539060,,3.210750,-614.756230
2.364000,0.517820,0.988220,3.629880,177.838760,-350.822330,75888.992190,,3.162050,-614.756650
2.366000,0.361450,0.765200,4.081050,177.872990,-350.823060,75987.078130,,3.390200,-614.756100
2.368000,0.281980,0.544740,4.983400,177.907380,-350.823910,75765.593750,1.000000,3.482480,-614.755370
2.370000,0.335820,0.665220,5.608890,177.940510,-350.823640,76256.015630,,3.363280,-614.755550
2.372000,0.501160,0.893370,4.480960,177.972780,-350.822750,75860.507810,,3.206910,-614.756410
2.374000,0.502440,0.989500,3.414550,178.005480,-350.822420,75987.078130,,3.210750,-614.756710
2.376000,0.337100,0.798520,3.465820,178.039380,-350.823090,76123.125000,1.000000,3.394040,-614.755980
2.378000,0.273010,0.647280,4.511720,178.073320,-350.823820,75797.234380,,3.474790,-614.755370
2.380000,0.340940,0.808780,5.208980,178.106020,-350.823550,76150.546880,,3.365840,-614.755620
2.382000,0.510130,1.035640,4.398930,178.138240,-350.822600,75864.726560,,3.156920,-614.756470
2.384000,0.474240,1.058720,3.506840,178.171200,-350.822240,76102.039060,1.000000,3.185120,-614.756650
2.384000,0.474240,1.058720,3.506840,178.171200,-350.822240,76102.039060,1.000000,3.185120,-614.756650
2.386000,0.344790,0.776730,4.337400,178.205490,-350.823150,75842.585940,,3.414550,-614.755980
2.388000,0.308900,0.708800,5.167970,178.239380,-350.823850,75782.468750,,3.451720,-614.755550
2.390000,0.428100,0.884400,5.024410,178.272160,-350.823150,75830.984380,,3.260740,-614.755920
2.392000,0.526790,1.034360,3.886230,178.304980,-350.822360,75873.171880,1.000000,3.124880,-614.756590
2.394000,0.396060,0.870300,4.111820,178.338970,-350.822880,75969.148440,,3.338930,-614.756230
2.396000,0.298650,0.583190,4.850100,178.373660,-350.823850,75524.062500,,3.496580,-614.755490
2.398000,0.315310,0.622920,5.424320,178.407180,-350.823850,75943.835940,,3.417110,-614.755370
2.400000,0.467830,0.852360,4.583500,178.439640,-350.822970,75940.671880,1.000000,3.249210,-614.756160
2.402000,0.531920,0.999760,3.178710,178.472200,-350.822420,75826.757810,,3.196660,-614.756770
2.404000,0.370420,0.843380,3.537600,178.505920,-350.822910,75805.664060,,3.370970,-614.756230
2.406000,0.279420,0.656250,4.470700,178.539990,-350.823670,75731.835940,,3.492740,-614.755430
2.408000,0.310180,0.743410,5.465330,178.572980,-350.823700,75974.421880,1.000000,3.419680,-614.755430
2.410000,0.475520,0.985660,4.686040,178.605190,-350.822750,75538.828130,,3.229980,-614.756230
2.412000,0.511410,1.067690,3.342770,178.637860,-350.822170,75848.906250,,3.140260,-614.756710
2.414000,0.362730,0.845950,3.988770,178.671910,-350.822850,76057.742190,,3.399170,-614.756160
2.416000,0.296080,0.643430,5.096190,178.706130,-350.823760,75778.250000,1.000000,3.487610,-614.755550
2.418000,0.392210,0.779300,5.475590,178.739210,-350.823360,75726.562500,,3.318420,-614.755860
2.420000,0.519100,0.938230,4.429690,178.771880,-350.822390,75640.078130,,3.154360,-614.756530
2.422000,0.438350,0.867740,4.081050,178.805560,-350.822630,76133.679690,,3.271000,-614.756410
2.424000,0.312740,0.599850,4.686040,178.840190,-350.823640,75818.320310,1.000000,3.482480,-614.755680
2.426000,0.294800,0.529360,5.208980,178.874010,-350.823940,75943.835940,,3.456850,-614.755370
2.428000,0.435790,0.758790,4.962890,178.906560,-350.823210,75883.718750,,3.287660,-614.755920
2.430000,0.539610,0.966430,3.763180,178.938900,-350.822420,76290.828130,,3.186400,-614.756710
2.432000,0.406310,0.871580,3.312010,178.972270,-350.822690,75705.476560,1.000000,3.327390,-614.756350
2.434000,0.294800,0.656250,4.542480,179.006330,-350.823520,75873.171880,,3.478640,-614.755550
2.436000,0.288390,0.680600,4.860350,179.039630,-350.823760,75990.234380,,3.456850,-614.755370
2.438000,0.437070,0.917720,4.880860,179.071870,-350.823030,76036.640630,,3.292790,-614.755980
2.440000,0.524230,1.083070,3.250490,179.104280,-350.822110,76153.710940,1.000000,3.144100,-614.756650
2.442000,0.393490,0.925420,4.009280,179.137890,-350.822540,75817.265630,,3.318420,-614.756290
2.444000,0.298650,0.672910,5.024410,179.172260,-350.823580,75941.726560,,3.509400,-614.755680
2.446000,0.361450,0.760070,5.557620,179.205510,-350.823520,75878.437500,,3.376100,-614.755680
2.448000,0.496030,0.916440,4.614260,179.238200,-350.822570,75890.039060,1.000000,3.182560,-614.756410
2.450000,0.470400,0.942080,3.465820,179.271480,-350.822360,75774.023440,,3.237670,-614.756530
2.452000,0.324280,0.689580,4.480960,179.305860,-350.823360,76016.609380,,3.446590,-614.755860
2.454000,0.287110,0.590880,4.727050,179.339920,-350.823910,75873.171880,,3.492740,-614.755370
2.456000,0.393490,0.781860,5.362790,179.372560,-350.823300,75632.703130,1.000000,3.326110,-614.755740
2.458000,0.533200,1.025390,4.234860,179.404830,-350.822450,76007.109380,,3.188960,-614.756530
2.460000,0.447330,0.999760,3.219730,179.438030,-350.822480,75884.773440,,3.271000,-614.756470
2.462000,0.317870,0.756230,3.968260,179.472230,-350.823300,75905.859380,,3.438900,-614.755680
2.464000,0.266600,0.684450,4.562990,179.506000,-350.823790,75713.906250,1.000000,3.483760,-614.755250
2.466000,0.393490,0.876710,4.880860,179.538710,-350.823240,75804.609380,,3.305600,-614.755800
2.468000,0.529360,1.058720,3.547850,179.571200,-350.822300,75911.140630,,3.156920,-614.756590
2.470000,0.429380,0.990780,3.752930,179.604710,-350.822330,75596.835940,,3.242800,-614.756470
2.472000,0.321720,0.699830,5.044920,179.639210,-350.823430,75863.671880,1.000000,3.465820,-614.755740
2.474000,0.324280,0.710080,5.608890,179.672820,-350.823730,75795.125000,,3.433780,-614.755620
2.476000,0.476810,0.892090,4.932130,179.705550,-350.822810,76054.570310,,3.204350,-614.756230
2.478000,0.511410,0.970280,3.640140,179.738570,-350.822330,75920.625000,,3.178710,-614.756650
2.480000,0.356320,0.726750,4.183590,179.772890,-350.823120,75621.101560,1.000000,3.414550,-614.755980
2.482000,0.281980,0.546020,4.870610,179.807170,-350.823940,75920.625000,,3.487610,-614.755370
2.484000,0.349910,0.699830,5.465330,179.840120,-350.823520,75860.507810,,3.351750,-614.755550
2.486000,0.510130,0.958740,4.480960,179.872270,-350.822630,76060.898440,,3.192810,-614.756410
2.488000,0.487060,1.016420,3.578610,179.905150,-350.822420,76104.140630,1.000000,3.222290,-614.756650
2.490000,0.325560,0.774170,3.517090,179.939290,-350.823120,75970.203130,,3.401730,-614.755920
2.492000,0.270450,0.616520,4.470700,179.973370,-350.823850,75770.859380,,3.469670,-614.755370
2.494000,0.355040,0.790830,5.106450,180.006240,-350.823490,75907.968750,,3.351750,-614.755680
2.496000,0.516540,1.013850,4.070800,180.038560,-350.822570,76179.031250,1.000000,3.144100,-614.756470
2.498000,0.461430,1.031800,3.670900,180.071700,-350.822240,75915.351560,,3.203060,-614.756590
2.500000,0.331970,0.756230,4.429690,180.106000,-350.823240,76016.609380,,3.426090,-614.755920
2.502000,0.315310,0.710080,5.588380,180.139830,-350.823910,75709.687500,,3.460690,-614.755550
2.504000,0.447330,0.880550,5.034670,180.172530,-350.823120,75945.937500,1.000000,3.249210,-614.756040
2.506000,0.525510,1.016420,3.732420,180.205310,-350.822390,75916.414060,,3.133850,-614.756590
2.508000,0.380680,0.839540,4.132320,180.239330,-350.822940,75843.640630,,3.367130,-614.756160
2.510000,0.289670,0.543460,4.604000,180.273930,-350.823880,75994.453130,,3.490170,-614.755430
2.512000,0.319150,0.599850,5.578130,180.307370,-350.823730,75900.593750,1.000000,3.390200,-614.755370
2.514000,0.472960,0.817750,4.357910,180.339800,-350.822850,75972.312500,,3.232540,-614.756230
2.516000,0.513980,0.939510,3.240230,180.372480,-350.822390,75685.429690,,3.201780,-614.756710
2.518000,0.353760,0.772890,3.547850,180.406360,-350.822940,75890.039060,,3.374820,-614.756100
2.520000,0.269170,0.583190,4.101560,180.440540,-350.823730,75863.671880,1.000000,3.478640,-614.755370
2.522000,0.317870,0.671630,5.414060,180.473650,-350.823700,75882.664060,,3.406860,-614.755490
2.524000,0.485780,0.921570,4.491210,180.505950,-350.822780,75930.117190,,3.206910,-614.756350
2.526000,0.493470,1.020260,3.568360,180.538600,-350.822270,75866.843750,,3.158200,-614.756710
2.528000,0.355040,0.845950,4.070800,180.572490,-350.823030,75937.500000,1.000000,3.419680,-614.756100
2.530000,0.292240,0.731870,5.239750,180.606290,-350.823850,75692.820310,,3.479920,-614.755620
2.532000,0.399900,0.940800,5.229490,180.638890,-350.823330,75799.335940,,3.301760,-614.755920
2.534000,0.515260,1.133060,3.978520,180.671280,-350.822360,75904.804690,,3.144100,-614.756530
2.536000,0.414000,1.011290,4.234860,180.704910,-350.822720,76022.929690,1.000000,3.299190,-614.756350
2.538000,0.301210,0.701110,4.686040,180.739620,-350.823730,75736.062500,,3.491460,-614.755620
2.540000,0.290950,0.631900,5.547360,180.773510,-350.823850,75602.117190,,3.428650,-614.755370
2.542000,0.440920,0.817750,4.665530,180.806320,-350.823090,76125.234380,,3.273560,-614.756040
2.544000,0.529360,0.975400,3.588870,180.839020,-350.822420,75872.109380,1.000000,3.192810,-614.756710
2.544000,0.529360,0.975400,3.588870,180.839020,-350.822420,75872.109380,1.000000,3.192810,-614.756710
2.546000,0.381960,0.840820,3.260740,180.872800,-350.822750,76013.445310,,3.341490,-614.756290
2.548000,0.278140,0.612670,4.368160,180.907200,-350.823580,75800.398440,,3.492740,-614.755550
2.550000,0.287110,0.634460,5.434570,180.940720,-350.823760,76193.796880,,3.456850,-614.755430
2.552000,0.449890,0.870300,4.829590,180.973140,-350.822970,75897.429690,1.000000,3.287660,-614.756160
2.554000,0.516540,1.030520,3.691410,181.005720,-350.822110,75978.632810,,3.142820,-614.756770
2.556000,0.372990,0.906190,3.752930,181.039340,-350.822660,76039.804690,,3.364560,-614.756290
2.558000,0.287110,0.717770,5.034670,181.073380,-350.823640,75884.773440,,3.517090,-614.755680
2.560000,0.362730,0.875430,5.455080,181.106290,-350.823430,76090.437500,1.000000,3.358150,-614.755800
2.562000,0.497310,1.039490,4.521970,181.138760,-350.822450,75776.132810,,3.181270,-614.756470
2.564000,0.453740,1.026670,3.824710,181.172100,-350.822390,76191.687500,,3.253050,-614.756470
2.566000,0.310180,0.744690,4.439940,181.206570,-350.823390,75922.734380,,3.459410,-614.755800
2.568000,0.279420,0.608830,5.065430,181.240740,-350.823850,75808.835940,1.000000,3.473510,-614.755370
2.570000,0.394780,0.751100,5.137210,181.273680,-350.823210,75824.656250,,3.312010,-614.755860
2.572000,0.526790,0.917720,3.855470,181.306350,-350.822450,75915.351560,,3.192810,-614.756650
2.574000,0.424260,0.821590,3.260740,181.339980,-350.822570,75935.390630,,3.299190,-614.756470
2.576000,0.301210,0.576780,4.224610,181.374340,-350.823430,75634.812500,1.000000,3.455570,-614.755680
2.576000,0.301210,0.576780,4.224610,181.374340,-350.823430,75634.812500,1.000000,3.455570,-614.755680
2.578000,0.267880,0.544740,4.880860,181.408040,-350.823790,75859.453130,,3.483760,-614.755370
2.580000,0.406310,0.808780,4.686040,181.440370,-350.823210,75932.226560,,3.306880,-614.755920
2.582000,0.519100,1.057430,3.476070,181.472490,-350.822170,75849.960940,,3.155640,-614.756710
2.584000,0.406310,0.998470,3.937500,181.505710,-350.822390,75805.664060,1.000000,3.273560,-614.756470
2.586000,0.305050,0.724180,5.085940,181.539950,-350.823490,75719.187500,,3.494020,-614.755740
2.588000,0.324280,0.776730,5.629390,181.573260,-350.823610,75809.890630,,3.411990,-614.755680
2.590000,0.470400,0.976680,4.788570,181.605820,-350.822660,75662.234380,,3.194090,-614.756350
2.592000,0.489620,1.054870,3.578610,181.638790,-350.822240,75835.195310,1.000000,3.204350,-614.756650
2.594000,0.334530,0.799800,4.029790,181.673110,-350.823150,75857.343750,,3.426090,-614.755920
2.596000,0.271730,0.626770,4.962890,181.707440,-350.823880,75945.937500,,3.487610,-614.755370
2.598000,0.358890,0.728030,5.424320,181.740540,-350.823460,75712.851560,,3.344060,-614.755680
2.600000,0.512700,0.936950,4.696290,181.772990,-350.822630,75701.250000,1.000000,3.200500,-614.756530
2.602000,0.461430,0.951050,3.506840,181.806140,-350.822480,76165.312500,,3.242800,-614.756650
2.604000,0.308900,0.722900,3.845210,181.840290,-350.823210,75870.007810,,3.423520,-614.755920
2.606000,0.257630,0.617800,4.480960,181.874130,-350.823850,75933.281250,,3.477360,-614.755370
2.608000,0.361450,0.835690,5.024410,181.906710,-350.823390,75919.578130,1.000000,3.335080,-614.755740
2.610000,0.512700,1.054870,4.040040,181.938900,-350.822450,76381.531250,,3.147950,-614.756590
2.612000,0.440920,1.066410,3.629880,181.972030,-350.822240,75663.289060,,3.215880,-614.756590
2.614000,0.316590,0.779300,4.911620,182.006330,-350.823270,75830.984380,,3.438900,-614.755920
2.616000,0.301210,0.749820,5.424320,182.040160,-350.823760,75995.507810,1.000000,3.438900,-614.755620
2.618000,0.443480,0.906190,4.983400,182.073030,-350.823000,76001.843750,,3.227420,-614.756160
2.620000,0.511410,0.989500,3.506840,182.106090,-350.822390,76213.828130,,3.150510,-614.756650
2.622000,0.358890,0.780580,3.988770,182.140380,-350.823060,75742.390630,,3.381230,-614.756160
2.624000,0.280700,0.525510,4.942380,182.174940,-350.823910,76037.695310,1.000000,3.479920,-614.755430
2.626000,0.325560,0.629330,5.639650,182.208240,-350.823700,75642.187500,,3.379940,-614.755550
2.628000,0.483220,0.904910,4.686040,182.240390,-350.822850,75922.734380,,3.227420,-614.756410
2.630000,0.498600,1.049740,3.178710,182.272830,-350.822420,75886.875000,,3.205630,-614.756770
2.632000,0.337100,0.875430,3.527340,182.306530,-350.823060,75968.093750,1.000000,3.392760,-614.756040
2.634000,0.257630,0.671630,4.337400,182.340530,-350.823790,76003.945310,,3.485050,-614.755370
2.636000,0.321720,0.775450,5.137210,182.373500,-350.823640,75563.093750,,3.387630,-614.755550
2.638000,0.489620,1.010010,4.511720,182.405790,-350.822660,76106.257810,,3.171020,-614.756470
2.640000,0.475520,1.080510,3.476070,182.438600,-350.822200,75970.203130,1.000000,3.162050,-614.756710
2.642000,0.343510,0.844670,4.388670,182.472790,-350.823030,75739.226560,,3.405580,-614.756100
2.644000,0.287110,0.725460,5.126950,182.506880,-350.823850,75695.984380,,3.459410,-614.755620
2.646000,0.408870,0.866460,5.106450,182.539890,-350.823300,75809.890630,,3.283810,-614.755980
2.648000,0.516540,0.994630,3.896480,182.572810,-350.822420,76002.890630,1.000000,3.138980,-614.756650
2.650000,0.396060,0.843380,4.091310,182.606830,-350.822880,75654.843750,,3.323550,-614.756350
2.652000,0.292240,0.575500,4.880860,182.641490,-350.823820,75751.882810,,3.495300,-614.755550
2.654000,0.296080,0.615230,5.537110,182.674960,-350.823880,75821.492190,,3.420960,-614.755370
2.656000,0.452450,0.877990,4.860350,182.707260,-350.823030,75992.343750,1.000000,3.265870,-614.756160
2.658000,0.526790,1.053590,3.332520,182.739620,-350.822390,75837.312500,,3.191530,-614.756770
2.660000,0.365300,0.898500,3.322270,182.773210,-350.822810,75629.531250,,3.355590,-614.756230
2.662000,0.269170,0.671630,4.224610,182.807370,-350.823640,76079.882810,,3.494020,-614.755490
2.664000,0.288390,0.707520,5.229490,182.840670,-350.823760,75821.492190,1.000000,3.436340,-614.755430
2.666000,0.453740,0.920290,4.870610,182.873060,-350.822880,76058.796880,,3.258180,-614.756230
2.668000,0.510130,1.004880,3.537600,182.905840,-350.822140,75917.460940,,3.136410,-614.756770
2.670000,0.360170,0.810060,4.091310,182.939830,-350.822780,75963.867190,,3.383790,-614.756230
2.672000,0.285830,0.603700,4.870610,182.974110,-350.823730,75777.195310,1.000000,3.499150,-614.755680
2.674000,0.378110,0.758790,5.598630,183.007160,-350.823460,75825.710940,,3.338930,-614.755860
2.676000,0.506290,0.960020,4.152830,183.039610,-350.822480,76181.132810,,3.171020,-614.756530
2.678000,0.435790,0.962590,3.958010,183.072940,-350.822570,75967.031250,,3.272280,-614.756470
2.680000,0.303770,0.715210,4.706540,183.107270,-350.823580,76020.820310,1.000000,3.474790,-614.755680
2.682000,0.276860,0.634460,5.239750,183.141040,-350.823910,75721.296880,,3.459410,-614.755370
2.684000,0.406310,0.858760,5.219240,183.173510,-350.823210,75989.187500,,3.299190,-614.755920
2.686000,0.525510,1.077940,3.578610,183.205750,-350.822420,76029.265630,,3.192810,-614.756710
2.688000,0.408870,0.997190,3.106930,183.239110,-350.822600,75924.851560,1.000000,3.300480,-614.756410
2.690000,0.289670,0.765200,4.050290,183.273270,-350.823430,76050.351560,,3.459410,-614.755620
2.692000,0.269170,0.729310,5.003910,183.306930,-350.823760,75870.007810,,3.465820,-614.755370
2.694000,0.415280,0.913880,4.634770,183.339570,-350.823150,75933.281250,,3.295350,-614.755980
2.696000,0.516540,1.056150,3.547850,183.372240,-350.822200,75759.257810,1.000000,3.154360,-614.756710
2.698000,0.390930,0.898500,3.875980,183.406040,-350.822570,75828.867190,,3.300480,-614.756410
2.700000,0.294800,0.637020,4.911620,183.440550,-350.823640,75805.664060,,3.506840,-614.755740
2.702000,0.343510,0.749820,5.588380,183.473790,-350.823610,75891.093750,,3.391480,-614.755740
2.704000,0.481930,0.965150,4.737300,183.506260,-350.822630,75987.078130,1.000000,3.188960,-614.756410
2.706000,0.471680,1.034360,3.855470,183.539310,-350.822330,75817.265630,,3.233830,-614.756590
2.708000,0.323000,0.776730,4.265630,183.573550,-350.823270,75810.937500,,3.442750,-614.755920
2.710000,0.274290,0.639590,4.942380,183.607680,-350.823880,75757.148440,,3.487610,-614.755370
2.712000,0.369140,0.774170,5.342290,183.640550,-350.823330,75827.820310,1.000000,3.327390,-614.755680
2.712000,0.369140,0.774170,5.342290,183.640550,-350.823330,75827.820310,1.000000,3.327390,-614.755680
2.714000,0.515260,1.001040,4.122070,183.672900,-350.822510,75922.734380,,3.197940,-614.756530
2.716000,0.447330,0.990780,3.465820,183.706100,-350.822480,75969.148440,,3.255620,-614.756530
2.718000,0.303770,0.747250,3.958010,183.740300,-350.823210,75771.914060,,3.428650,-614.755800
2.720000,0.257630,0.613950,4.716800,183.774310,-350.823820,75654.843750,1.000000,3.481200,-614.755370
2.722000,0.375550,0.797240,5.034670,183.807110,-350.823360,76079.882810,,3.318420,-614.755800
2.724000,0.521670,0.993350,3.558110,183.839480,-350.822420,75916.414060,,3.156920,-614.756650
2.726000,0.429380,0.984380,3.691410,183.872710,-350.822330,75876.328130,,3.240230,-614.756530
2.728000,0.314030,0.720340,5.034670,183.906950,-350.823430,75887.929690,1.000000,3.463260,-614.755860
2.730000,0.311460,0.725460,5.721680,183.940440,-350.823760,76174.812500,,3.440190,-614.755620
2.732000,0.455020,0.926700,5.034670,183.972950,-350.822880,75884.773440,,3.214600,-614.756230
2.734000,0.506290,1.042050,3.722170,184.005690,-350.822360,75851.023440,,3.169740,-614.756650
2.736000,0.348630,0.831850,3.896480,184.039780,-350.823090,76156.875000,1.000000,3.401730,-614.756040
2.738000,0.278140,0.611390,4.757810,184.074130,-350.823880,75756.093750,,3.476070,-614.755370
2.740000,0.334530,0.706240,5.373050,184.107380,-350.823550,76223.320310,,3.351750,-614.755550
2.742000,0.493470,0.919010,4.614260,184.139800,-350.822750,75803.554690,,3.214600,-614.756410
2.744000,0.488340,0.980530,3.394040,184.172740,-350.822480,76242.304690,1.000000,3.218440,-614.756710
2.746000,0.323000,0.767760,3.701660,184.206830,-350.823150,75959.656250,,3.399170,-614.755980
2.748000,0.265320,0.616520,4.470700,184.240880,-350.823880,75785.625000,,3.478640,-614.755370
2.750000,0.339660,0.802370,4.993650,184.273610,-350.823610,75852.078130,,3.372250,-614.755680
2.752000,0.505000,1.052310,4.111820,184.305730,-350.822630,75943.835940,1.000000,3.155640,-614.756470
2.754000,0.462710,1.129210,3.691410,184.338420,-350.822240,75939.617190,,3.190250,-614.756650
2.756000,0.334530,0.894650,4.562990,184.372420,-350.823180,75600.000000,,3.429930,-614.755980
2.758000,0.301210,0.825440,5.403810,184.406160,-350.823910,75867.898440,,3.459410,-614.755550
2.760000,0.424260,0.966430,4.962890,184.438950,-350.823180,75907.968750,1.000000,3.265870,-614.755980
2.762000,0.515260,1.080510,3.886230,184.471820,-350.822390,75844.687500,,3.138980,-614.756590
2.764000,0.383240,0.889530,3.988770,184.505940,-350.822880,75703.359380,,3.344060,-614.756230
2.766000,0.289670,0.585750,4.829590,184.540760,-350.823790,75652.734380,,3.494020,-614.755490
2.768000,0.307620,0.588320,5.557620,184.574520,-350.823760,76002.890630,1.000000,3.400450,-614.755370
2.770000,0.463990,0.780580,4.829590,184.607270,-350.822940,75629.531250,,3.253050,-614.756230
2.772000,0.521670,0.911320,3.332520,184.640030,-350.822420,75807.781250,,3.203060,-614.756770
2.774000,0.355040,0.774170,3.158200,184.673810,-350.822940,75993.398440,,3.370970,-614.756160
2.776000,0.267880,0.585750,4.470700,184.707930,-350.823730,75892.148440,1.000000,3.504270,-614.755430
2.778000,0.306340,0.693420,5.465330,184.740890,-350.823760,75717.070310,,3.431210,-614.755490
2.780000,0.475520,0.990780,4.880860,184.772830,-350.822810,75606.328130,,3.240230,-614.756290
2.782000,0.505000,1.153560,3.752930,184.805080,-350.822140,76165.312500,,3.138980,-614.756710
2.784000,0.356320,0.979250,4.142580,184.838710,-350.822810,75934.335940,1.000000,3.408140,-614.756160
2.786000,0.288390,0.810060,5.126950,184.872570,-350.823700,75826.757810,,3.492740,-614.755620
2.788000,0.387080,0.948490,5.239750,184.905500,-350.823330,75855.242190,,3.318420,-614.755860
2.790000,0.512700,1.075380,4.204100,184.938170,-350.822390,76121.023440,,3.164610,-614.756530
2.792000,0.428100,0.951050,4.081050,184.972030,-350.822630,75809.890630,1.000000,3.281250,-614.756410
2.794000,0.305050,0.620360,4.911620,185.006940,-350.823640,75732.890630,,3.483760,-614.755620
2.796000,0.287110,0.524230,5.393550,185.041030,-350.823850,75993.398440,,3.442750,-614.755370
2.798000,0.428100,0.739560,4.993650,185.073790,-350.823180,76023.984380,,3.288940,-614.755980
2.800000,0.534480,0.929260,3.465820,185.106310,-350.822450,76205.398440,1.000000,3.196660,-614.756710
2.802000,0.396060,0.831850,3.158200,185.139830,-350.822690,75784.578130,,3.328670,-614.756350
2.804000,0.288390,0.629330,4.275880,185.173970,-350.823550,75962.812500,,3.485050,-614.755550
2.806000,0.284550,0.654970,5.332030,185.207280,-350.823790,75863.671880,,3.467100,-614.755370
2.808000,0.437070,0.907470,4.870610,185.239460,-350.823060,75895.320310,1.000000,3.295350,-614.756040
2.810000,0.517820,1.095890,3.568360,185.271760,-350.822080,75938.562500,,3.140260,-614.756650
2.812000,0.381960,0.956180,3.834960,185.305250,-350.822540,75964.921880,,3.328670,-614.756290
2.814000,0.292240,0.728030,4.737300,185.339450,-350.823550,75774.023440,,3.510680,-614.755680
2.816000,0.355040,0.822880,5.485840,185.372620,-350.823460,75614.765630,1.000000,3.370970,-614.755680
2.818000,0.490910,0.976680,4.521970,185.405240,-350.822540,75903.750000,,3.183840,-614.756410
2.820000,0.463990,0.980530,3.886230,185.438580,-350.822390,75862.617190,,3.247920,-614.756530
2.822000,0.316590,0.693420,4.491210,185.473070,-350.823360,75896.375000,,3.449160,-614.755860
2.824000,0.285830,0.542180,5.034670,185.507310,-350.823880,75744.492190,1.000000,3.487610,-614.755370
2.826000,0.392210,0.681880,5.321780,185.540190,-350.823300,75856.289060,,3.326110,-614.755740
2.828000,0.529360,0.922850,3.855470,185.572490,-350.822480,76017.664060,,3.197940,-614.756590
2.830000,0.439640,0.929260,3.394040,185.605610,-350.822480,75646.414060,,3.273560,-614.756470
2.832000,0.308900,0.716490,3.968260,185.639570,-350.823300,75914.296880,1.000000,3.442750,-614.755680
2.834000,0.264040,0.656250,4.839840,185.673160,-350.823790,75724.460940,,3.482480,-614.755250
2.836000,0.389650,0.874150,4.911620,185.705640,-350.823270,75956.492190,,3.308170,-614.755800
2.838000,0.521670,1.057430,3.537600,185.737980,-350.822300,75832.031250,,3.156920,-614.756590
2.840000,0.422970,0.986940,3.722170,185.771380,-350.822360,75665.398440,1.000000,3.251770,-614.756470
2.842000,0.315310,0.719060,4.747560,185.805690,-350.823460,76002.890630,,3.473510,-614.755740
2.844000,0.320430,0.767760,5.690920,185.839110,-350.823670,75816.210940,,3.423520,-614.755620
2.846000,0.472960,0.965150,4.942380,185.871690,-350.822810,76079.882810,,3.206910,-614.756230
2.848000,0.506290,1.045900,3.763180,185.904650,-350.822360,76034.531250,1.000000,3.187680,-614.756590
2.850000,0.346070,0.794680,4.163090,185.938950,-350.823150,75925.906250,,3.420960,-614.755980
2.852000,0.276860,0.593440,4.860350,185.973300,-350.823910,75787.734380,,3.485050,-614.755310
2.854000,0.348630,0.707520,5.537110,186.006390,-350.823490,75841.523440,,3.347900,-614.755550
2.856000,0.511410,0.927980,4.419430,186.038710,-350.822660,76102.039060,1.000000,3.208190,-614.756470
2.858000,0.481930,0.962590,3.404300,186.071660,-350.822420,75999.734380,,3.223570,-614.756650
2.860000,0.320430,0.724180,3.875980,186.105790,-350.823120,76206.453130,,3.410710,-614.755920
2.862000,0.267880,0.563960,4.542480,186.139850,-350.823820,75776.132810,,3.472230,-614.755310
2.864000,0.349910,0.720340,5.034670,186.172760,-350.823490,75915.351560,1.000000,3.350460,-614.755620
2.866000,0.508850,0.921570,3.855470,186.205170,-350.822540,75912.195310,,3.150510,-614.756470
2.868000,0.453740,0.953610,3.619630,186.238240,-350.822240,75802.500000,,3.206910,-614.756530
2.870000,0.326840,0.683170,4.347660,186.272490,-350.823270,75956.492190,,3.437620,-614.755920
2.872000,0.307620,0.634460,5.783200,186.306290,-350.823910,75930.117190,1.000000,3.458130,-614.755550
2.874000,0.442200,0.811340,4.901370,186.338940,-350.823150,75971.257810,,3.258180,-614.756040
2.876000,0.519100,0.976680,3.947750,186.371570,-350.822390,75598.945310,,3.137700,-614.756590
2.878000,0.371700,0.822880,4.019530,186.405380,-350.822940,75828.867190,,3.368410,-614.756160
2.880000,0.288390,0.590880,4.542480,186.439620,-350.823850,75828.867190,1.000000,3.495300,-614.755430
2.880000,0.288390,0.590880,4.542480,186.439620,-350.823850,75828.867190,1.000000,3.495300,-614.755430
2.882000,0.316590,0.669070,5.608890,186.472790,-350.823700,75878.437500,,3.386350,-614.755370
2.884000,0.475520,0.894650,4.727050,186.505000,-350.822850,75873.171880,,3.245360,-614.756230
2.886000,0.512700,0.988220,3.496580,186.537640,-350.822390,75922.734380,,3.201780,-614.756710
2.888000,0.349910,0.771610,3.271000,186.571590,-350.822940,75976.523440,1.000000,3.385070,-614.756040
2.890000,0.262760,0.544740,4.368160,186.605880,-350.823700,75800.398440,,3.485050,-614.755370
2.892000,0.311460,0.638310,5.260250,186.639010,-350.823670,75748.718750,,3.404300,-614.755490
2.894000,0.484500,0.903630,4.286130,186.671280,-350.822720,75924.851560,,3.206910,-614.756350
2.896000,0.493470,0.998470,3.732420,186.703990,-350.822240,75997.625000,1.000000,3.150510,-614.756710
2.898000,0.351200,0.792110,4.316890,186.738020,-350.823000,75710.742190,,3.423520,-614.756100
2.900000,0.288390,0.649840,5.506350,186.772020,-350.823850,75595.789060,,3.486330,-614.755550
2.902000,0.397340,0.822880,5.096190,186.804860,-350.823360,75959.656250,,3.313290,-614.755920
2.904000,0.517820,1.016420,4.286130,186.837330,-350.822390,75917.460940,1.000000,3.153080,-614.756590
2.906000,0.414000,0.947200,3.865720,186.870830,-350.822750,75930.117190,,3.303040,-614.756350
2.908000,0.299930,0.688290,4.911620,186.905260,-350.823730,75879.492190,,3.499150,-614.755550
2.910000,0.289670,0.634460,5.701170,186.938920,-350.823790,76196.953130,,3.423520,-614.755370
2.912000,0.438350,0.834410,4.860350,186.971540,-350.823030,75885.828130,1.000000,3.276120,-614.755980
2.914000,0.526790,0.976680,3.619630,187.004140,-350.822390,75972.312500,,3.195370,-614.756710
2.916000,0.376830,0.825440,2.963380,187.037860,-350.822720,76147.390630,,3.341490,-614.756230
2.918000,0.274290,0.589600,4.152830,187.072220,-350.823580,75844.687500,,3.490170,-614.755490
2.920000,0.287110,0.570370,5.260250,187.105820,-350.823760,76035.593750,1.000000,3.454280,-614.755370
2.922000,0.451170,0.766480,4.983400,187.138370,-350.823000,75817.265630,,3.291500,-614.756160
2.924000,0.519100,0.916440,3.660640,187.170940,-350.822110,76214.882810,,3.137700,-614.756770
2.926000,0.369140,0.799800,4.060550,187.204540,-350.822660,75827.820310,,3.368410,-614.756290
2.928000,0.285830,0.622920,4.952640,187.238560,-350.823640,75878.437500,1.000000,3.522220,-614.755680
2.930000,0.362730,0.797240,5.188480,187.271390,-350.823430,75801.445310,,3.358150,-614.755740
2.932000,0.494750,1.002320,4.460450,187.303680,-350.822480,75859.453130,,3.187680,-614.756470
2.934000,0.449890,0.998470,3.845210,187.336880,-350.822450,75987.078130,,3.264590,-614.756470
2.936000,0.306340,0.703670,4.716800,187.371310,-350.823430,75587.351560,1.000000,3.468380,-614.755800
2.938000,0.279420,0.581910,5.250000,187.405380,-350.823820,75861.562500,,3.469670,-614.755370
2.940000,0.396060,0.752380,5.075680,187.438160,-350.823150,75890.039060,,3.305600,-614.755860
2.942000,0.522950,0.979250,3.773440,187.470540,-350.822390,76017.664060,,3.199220,-614.756650
2.944000,0.421690,0.915160,3.065920,187.503910,-350.822510,75825.710940,1.000000,3.292790,-614.756470
2.946000,0.298650,0.656250,4.152830,187.538160,-350.823360,75758.203130,,3.458130,-614.755680
2.948000,0.264040,0.570370,4.962890,187.571990,-350.823820,75783.515630,,3.488890,-614.755370
2.950000,0.408870,0.766480,5.116700,187.604610,-350.823240,75502.976560,,3.312010,-614.755920
2.952000,0.521670,0.949770,3.578610,187.637010,-350.822240,75910.085940,1.000000,3.154360,-614.756710
2.954000,0.406310,0.879270,3.558110,187.670410,-350.822390,75987.078130,,3.271000,-614.756470
2.956000,0.306340,0.651120,4.932130,187.704610,-350.823490,75988.125000,,3.497860,-614.755740
2.958000,0.325560,0.711360,5.526860,187.737870,-350.823610,75635.867190,,3.410710,-614.755680
2.960000,0.474240,0.895940,5.055180,187.770430,-350.822660,75751.882810,1.000000,3.203060,-614.756290
2.962000,0.489620,0.945920,4.019530,187.803530,-350.822300,76097.812500,,3.213320,-614.756590
2.964000,0.334530,0.681880,4.296390,187.837890,-350.823180,75913.250000,,3.436340,-614.755920
2.966000,0.271730,0.511410,4.809080,187.872220,-350.823880,75760.312500,,3.487610,-614.755370
2.968000,0.357600,0.628050,5.485840,187.905270,-350.823360,75878.437500,1.000000,3.333800,-614.755680
2.970000,0.512700,0.866460,4.286130,187.937580,-350.822570,76268.671880,,3.206910,-614.756470
2.972000,0.463990,0.885680,3.465820,187.970610,-350.822450,75834.140630,,3.246640,-614.756590
2.974000,0.306340,0.675480,4.142580,188.004620,-350.823180,75702.304690,,3.427370,-614.755860
2.976000,0.256350,0.571660,4.665530,188.038390,-350.823820,76075.671880,1.000000,3.478640,-614.755370
2.978000,0.358890,0.772890,4.983400,188.070970,-350.823430,75981.796880,,3.341490,-614.755740
2.980000,0.512700,0.998470,3.773440,188.103070,-350.822480,76233.875000,,3.153080,-614.756530
2.982000,0.439640,1.004880,3.506840,188.136090,-350.822240,75789.843750,,3.224850,-614.756590
2.984000,0.319150,0.703670,4.686040,188.170330,-350.823300,75972.312500,1.000000,3.454280,-614.755920
2.986000,0.306340,0.665220,5.731930,188.204060,-350.823790,75835.195310,,3.447880,-614.755620
2.988000,0.444760,0.862610,5.096190,188.236690,-350.822940,75867.898440,,3.235110,-614.756160
2.990000,0.510130,0.998470,3.732420,188.269470,-350.822330,75794.070310,,3.146670,-614.756590
2.992000,0.353760,0.803650,3.968260,188.303620,-350.823000,75968.093750,1.000000,3.382510,-614.756100
2.994000,0.278140,0.543460,4.480960,188.338150,-350.823880,75888.992190,,3.487610,-614.755370
2.996000,0.321720,0.606260,5.537110,188.371610,-350.823640,75553.593750,,3.368410,-614.755490
2.998000,0.481930,0.812620,4.737300,188.404130,-350.822810,75980.742190,,3.237670,-614.756350
3.000000,0.499880,0.908750,3.445310,188.436920,-350.822450,75925.906250,1.000000,3.212040,-614.756770
3.002000,0.335820,0.744690,3.722170,188.470790,-350.823060,75893.203130,,3.390200,-614.756040
3.004000,0.257630,0.576780,4.357910,188.504840,-350.823760,75801.445310,,3.482480,-614.755370
3.006000,0.321720,0.707520,5.280760,188.537690,-350.823640,75800.398440,,3.390200,-614.755550
3.008000,0.493470,0.957460,4.060550,188.569870,-350.822660,76068.281250,1.000000,3.178710,-614.756470
3.010000,0.476810,1.011290,3.537600,188.602600,-350.822200,75722.343750,,3.164610,-614.756710
3.012000,0.342220,0.772890,4.521970,188.636690,-350.823090,75751.882810,,3.428650,-614.756040
3.014000,0.285830,0.652400,5.332030,188.670640,-350.823850,75736.062500,,3.465820,-614.755550
3.016000,0.405030,0.785710,5.373050,188.703540,-350.823240,76025.039060,1.000000,3.282530,-614.755920
3.018000,0.515260,0.929260,3.886230,188.736310,-350.822390,75943.835940,,3.141540,-614.756590
3.020000,0.396060,0.786990,4.050290,188.770220,-350.822810,75721.296880,,3.317140,-614.756290
3.022000,0.290950,0.506290,4.604000,188.804930,-350.823790,75958.601560,,3.501710,-614.755550
3.024000,0.294800,0.492190,5.557620,188.838620,-350.823790,75842.585940,1.000000,3.405580,-614.755370
3.026000,0.451170,0.724180,5.167970,188.871170,-350.823000,76085.164060,,3.267150,-614.756160
3.028000,0.524230,0.888240,3.599120,188.903670,-350.822450,75878.437500,,3.204350,-614.756770
3.030000,0.362730,0.767760,3.291500,188.937240,-350.822850,75949.101560,,3.360720,-614.756230
3.032000,0.270450,0.578060,4.142580,188.971270,-350.823640,75855.242190,1.000000,3.497860,-614.755490
3.034000,0.292240,0.637020,5.414060,189.004390,-350.823730,75911.140630,,3.433780,-614.755430
3.036000,0.453740,0.899780,4.655270,189.036510,-350.822880,76157.929690,,3.264590,-614.756230
3.038000,0.508850,1.040770,3.599120,189.068950,-350.822110,75892.148440,,3.128720,-614.756710
3.040000,0.356320,0.871580,4.193850,189.102660,-350.822720,76026.093750,1.000000,3.383790,-614.756230
3.040000,0.356320,0.871580,4.193850,189.102660,-350.822720,76026.093750,1.000000,3.383790,-614.756230
3.042000,0.281980,0.658810,5.034670,189.136830,-350.823700,75730.781250,,3.506840,-614.755620
3.044000,0.369140,0.786990,5.352540,189.169920,-350.823430,75865.789060,,3.336360,-614.755860
3.046000,0.503720,0.933110,4.081050,189.202580,-350.822480,75978.632810,,3.177430,-614.756530
3.048000,0.437070,0.881840,3.875980,189.236160,-350.822540,75909.031250,1.000000,3.265870,-614.756470
3.050000,0.301210,0.592160,4.747560,189.270780,-350.823580,76001.843750,,3.474790,-614.755680
3.052000,0.280700,0.506290,5.567870,189.304780,-350.823850,75843.640630,,3.451720,-614.755370
3.054000,0.410160,0.735720,5.167970,189.337370,-350.823180,75960.703130,,3.290220,-614.755920
3.056000,0.525510,0.957460,3.773440,189.369720,-350.822450,75647.468750,1.000000,3.201780,-614.756710
3.058000,0.403750,0.890810,3.117190,189.403110,-350.822660,75992.343750,,3.306880,-614.756410
3.060000,0.290950,0.661380,3.886230,189.437270,-350.823490,75825.710940,,3.464540,-614.755620
3.062000,0.269170,0.625490,4.993650,189.470920,-350.823760,75791.960940,,3.472230,-614.755370
3.064000,0.412720,0.839540,5.003910,189.503430,-350.823180,75976.523440,1.000000,3.299190,-614.755980
3.066000,0.516540,0.997190,3.650390,189.535980,-350.822170,75947.000000,,3.150510,-614.756710
3.068000,0.390930,0.876710,3.814450,189.569600,-350.822510,75896.375000,,3.292790,-614.756410
3.070000,0.294800,0.631900,4.891110,189.603990,-350.823580,75666.453130,,3.509400,-614.755680
3.072000,0.338380,0.699830,5.547360,189.637330,-350.823580,75852.078130,1.000000,3.394040,-614.755680
3.074000,0.481930,0.880550,4.532230,189.669940,-350.822630,75953.328130,,3.194090,-614.756410
3.076000,0.475520,0.930540,4.142580,189.703080,-350.822330,75993.398440,,3.232540,-614.756590
3.078000,0.320430,0.663940,4.429690,189.737440,-350.823270,75742.390630,,3.447880,-614.755920
3.080000,0.273010,0.510130,5.352540,189.771700,-350.823880,75551.484380,1.000000,3.492740,-614.755310
3.082000,0.369140,0.656250,5.291020,189.804550,-350.823300,75961.757810,,3.322270,-614.755680
3.084000,0.517820,0.922850,4.296390,189.836720,-350.822510,75910.085940,,3.203060,-614.756530
3.086000,0.447330,0.945920,3.209470,189.869720,-350.822480,75987.078130,,3.258180,-614.756530
3.088000,0.306340,0.704960,4.070800,189.903850,-350.823210,75923.796880,1.000000,3.429930,-614.755800
3.090000,0.257630,0.587040,4.809080,189.937790,-350.823790,76243.359380,,3.474790,-614.755310
3.092000,0.371700,0.771610,5.167970,189.970580,-350.823360,75849.960940,,3.322270,-614.755800
3.094000,0.519100,0.966430,3.783690,190.002990,-350.822420,75909.031250,,3.158200,-614.756590
3.096000,0.429380,0.953610,3.353030,190.036250,-350.822300,76044.031250,1.000000,3.235110,-614.756530
3.098000,0.314030,0.679320,4.747560,190.070570,-350.823430,75838.359380,,3.463260,-614.755800
3.100000,0.310180,0.678040,5.434570,190.104190,-350.823790,76039.804690,,3.445310,-614.755620
3.102000,0.458860,0.883120,5.393550,190.136800,-350.822910,75826.757810,,3.217160,-614.756230
3.104000,0.511410,0.989500,3.732420,190.169650,-350.822360,76158.992190,1.000000,3.168460,-614.756650
3.106000,0.347350,0.775450,4.183590,190.203840,-350.823090,76027.156250,,3.409420,-614.756040
3.108000,0.278140,0.540890,4.665530,190.238240,-350.823910,75786.679690,,3.490170,-614.755370
3.110000,0.334530,0.626770,5.291020,190.271480,-350.823550,75800.398440,,3.349180,-614.755490
3.112000,0.492190,0.831850,4.491210,190.303960,-350.822690,75945.937500,1.000000,3.218440,-614.756410
3.114000,0.490910,0.901060,3.414550,190.336870,-350.822450,76001.843750,,3.221010,-614.756650
3.116000,0.324280,0.694700,3.845210,190.370960,-350.823090,75671.718750,,3.396610,-614.755920
3.118000,0.264040,0.542180,4.532230,190.405030,-350.823760,75876.328130,,3.469670,-614.755370
3.120000,0.337100,0.675480,5.044920,190.438020,-350.823550,75916.414060,1.000000,3.368410,-614.755620
3.122000,0.503720,0.906190,3.927250,190.470370,-350.822660,76016.609380,,3.165890,-614.756470
3.124000,0.461430,0.967710,3.547850,190.503280,-350.822270,75748.718750,,3.188960,-614.756590
3.126000,0.335820,0.726750,4.614260,190.537430,-350.823210,75733.953130,,3.437620,-614.755980
3.128000,0.303770,0.669070,5.526860,190.571210,-350.823910,75866.843750,1.000000,3.468380,-614.755550
3.130000,0.425540,0.872860,5.444820,190.603780,-350.823210,75573.640630,,3.269710,-614.755980
3.132000,0.520390,1.067690,3.937500,190.636250,-350.822390,75725.507810,,3.138980,-614.756590
3.134000,0.381960,0.938230,3.752930,190.669970,-350.822880,75891.093750,,3.347900,-614.756230
3.136000,0.292240,0.631900,4.583500,190.704540,-350.823820,75921.679690,1.000000,3.506840,-614.755490
3.138000,0.307620,0.629330,5.506350,190.738200,-350.823730,75768.750000,,3.392760,-614.755370
3.140000,0.457580,0.819030,5.116700,190.770890,-350.822910,75675.945310,,3.251770,-614.756160
3.142000,0.519100,0.935670,3.599120,190.803700,-350.822390,76083.046880,,3.210750,-614.756710
3.144000,0.353760,0.761350,3.353030,190.837630,-350.822910,75875.273440,1.000000,3.368410,-614.756100
3.146000,0.269170,0.561400,4.224610,190.871980,-350.823640,75806.726560,,3.497860,-614.755430
3.148000,0.308900,0.616520,5.260250,190.905320,-350.823730,75922.734380,,3.424800,-614.755490
3.150000,0.472960,0.860050,4.511720,190.937740,-350.822810,76247.585940,,3.247920,-614.756290
3.152000,0.503720,0.963870,3.752930,190.970470,-350.822200,75855.242190,1.000000,3.146670,-614.756710
3.154000,0.353760,0.801090,4.532230,191.004390,-350.822880,75827.820310,,3.419680,-614.756160
3.156000,0.287110,0.660100,5.270510,191.038330,-350.823760,75960.703130,,3.510680,-614.755620
3.158000,0.384520,0.856200,5.342290,191.071080,-350.823360,75981.796880,,3.323550,-614.755860
3.160000,0.508850,1.035640,3.999020,191.103520,-350.822390,76166.375000,1.000000,3.172300,-614.756470
3.162000,0.426820,0.961300,3.875980,191.137010,-350.822600,75795.125000,,3.286380,-614.756350
3.164000,0.305050,0.671630,4.747560,191.171600,-350.823640,76282.390630,,3.491460,-614.755620
3.166000,0.290950,0.584470,5.567870,191.205510,-350.823790,75856.289060,,3.436340,-614.755310
3.168000,0.422970,0.776730,5.208980,191.238300,-350.823090,75931.179690,1.000000,3.279970,-614.755920
3.170000,0.528080,0.933110,3.619630,191.270970,-350.822420,75986.023440,,3.203060,-614.756650
3.172000,0.389650,0.784420,3.035160,191.304760,-350.822720,75870.007810,,3.329960,-614.756290
3.174000,0.284550,0.531920,3.999020,191.339220,-350.823550,75880.554690,,3.483760,-614.755550
3.176000,0.285830,0.512700,4.983400,191.372910,-350.823790,75506.132810,1.000000,3.465820,-614.755370
3.178000,0.438350,0.753660,5.055180,191.405360,-350.823090,76100.984380,,3.296630,-614.756040
3.180000,0.517820,0.974120,3.783690,191.437670,-350.822110,76067.226560,,3.150510,-614.756710
3.182000,0.380680,0.906190,3.988770,191.470980,-350.822540,75862.617190,,3.331240,-614.756350
3.184000,0.290950,0.693420,4.942380,191.505040,-350.823610,75698.085940,1.000000,3.523500,-614.755680
3.186000,0.355040,0.802370,5.342290,191.538070,-350.823490,75852.078130,,3.378660,-614.755680
3.188000,0.488340,0.976680,4.286130,191.570600,-350.822510,75865.789060,,3.187680,-614.756410
3.190000,0.462710,1.007450,3.999020,191.603810,-350.822330,75506.132810,,3.249210,-614.756470
3.192000,0.314030,0.726750,4.542480,191.638230,-350.823300,75943.835940,1.000000,3.454280,-614.755800
3.194000,0.281980,0.593440,5.198730,191.672450,-350.823820,75820.429690,,3.485050,-614.755310
3.196000,0.388370,0.737000,5.383300,191.705370,-350.823210,76092.539060,,3.310730,-614.755740
3.198000,0.524230,0.936950,3.937500,191.737880,-350.822480,75897.429690,,3.204350,-614.756530
3.200000,0.435790,0.888240,3.332520,191.771270,-350.822540,75685.429690,1.000000,3.283810,-614.756470
3.200000,0.435790,0.888240,3.332520,191.771270,-350.822540,75685.429690,1.000000,3.283810,-614.756470
3.202000,0.308900,0.649840,3.855470,191.805500,-350.823360,76027.156250,,3.444030,-614.755680
3.204000,0.266600,0.583190,5.055180,191.839230,-350.823820,75750.828130,,3.481200,-614.755310
3.206000,0.396060,0.821590,5.126950,191.871690,-350.823270,76084.101560,,3.304320,-614.755800
3.208000,0.524230,1.047180,3.793950,191.903870,-350.822300,75991.289060,1.000000,3.162050,-614.756590
3.210000,0.419130,1.008730,3.650390,191.937100,-350.822360,75957.539060,,3.254330,-614.756470
3.212000,0.316590,0.749820,4.593750,191.971330,-350.823460,75796.179690,,3.479920,-614.755740
3.214000,0.320430,0.783140,5.649900,192.004790,-350.823670,75802.500000,,3.423520,-614.755620
3.216000,0.467830,0.968990,4.778320,192.037510,-350.822780,76085.164060,1.000000,3.201780,-614.756230
3.216000,0.467830,0.968990,4.778320,192.037510,-350.822780,76085.164060,1.000000,3.201780,-614.756230
3.218000,0.505000,1.034360,3.927250,192.070630,-350.822360,76013.445310,,3.191530,-614.756530
3.220000,0.343510,0.753660,4.224610,192.105180,-350.823150,76086.218750,,3.419680,-614.755920
3.222000,0.280700,0.524230,5.024410,192.139800,-350.823910,75756.093750,,3.485050,-614.755310
3.224000,0.352480,0.603700,5.465330,192.173190,-350.823460,75810.937500,1.000000,3.333800,-614.755550
3.226000,0.506290,0.836980,4.316890,192.205610,-350.822660,75980.742190,,3.206910,-614.756410
3.228000,0.472960,0.926700,3.455570,192.238430,-350.822510,76002.890630,,3.238950,-614.756590
3.230000,0.315310,0.761350,3.824710,192.272230,-350.823180,76003.945310,,3.408140,-614.755920
3.232000,0.269170,0.646000,4.850100,192.305910,-350.823820,75864.726560,1.000000,3.470950,-614.755370
3.234000,0.352480,0.811340,5.044920,192.338520,-350.823490,75962.812500,,3.347900,-614.755680
3.236000,0.508850,1.021550,3.988770,192.370700,-350.822570,75687.539060,,3.151790,-614.756470
3.238000,0.448610,1.052310,3.496580,192.403640,-350.822240,75923.796880,,3.196660,-614.756530
3.240000,0.326840,0.786990,4.296390,192.437810,-350.823210,75868.945310,1.000000,3.433780,-614.755920
3.242000,0.311460,0.751100,5.352540,192.471620,-350.823850,75787.734380,,3.445310,-614.755550
3.244000,0.440920,0.910030,5.342290,192.504440,-350.823090,76022.929690,,3.242800,-614.756040
3.246000,0.516540,1.035640,3.916990,192.537370,-350.822420,75891.093750,,3.146670,-614.756530
3.248000,0.369140,0.835690,4.009280,192.571610,-350.823030,75881.609380,1.000000,3.365840,-614.756160
3.250000,0.287110,0.542180,4.634770,192.606370,-350.823910,75878.437500,,3.497860,-614.755430
3.252000,0.324280,0.601140,5.670410,192.639920,-350.823700,75633.750000,,3.373540,-614.755430
3.254000,0.476810,0.844670,4.768070,192.672300,-350.822850,75851.023440,,3.235110,-614.756230
3.256000,0.507570,0.986940,3.681150,192.704880,-350.822450,76160.046880,1.000000,3.221010,-614.756710
3.258000,0.347350,0.833130,3.722170,192.738560,-350.823000,75890.039060,,3.382510,-614.756040
3.260000,0.265320,0.643430,4.562990,192.772550,-350.823700,75661.179690,,3.487610,-614.755370
3.262000,0.315310,0.728030,5.291020,192.805560,-350.823640,75931.179690,,3.395320,-614.755490
3.264000,0.483220,0.962590,4.234860,192.837830,-350.822750,75856.289060,1.000000,3.209470,-614.756290
3.266000,0.489620,1.035640,3.496580,192.870530,-350.822240,75905.859380,,3.145390,-614.756650
3.268000,0.348630,0.815190,4.398930,192.904590,-350.822970,75816.210940,,3.411990,-614.756100
3.270000,0.290950,0.654970,5.567870,192.938670,-350.823850,76186.406250,,3.491460,-614.755550
3.272000,0.399900,0.803650,5.362790,192.971660,-350.823390,75915.351560,1.000000,3.300480,-614.755920
3.274000,0.517820,0.980530,4.337400,193.004320,-350.822450,75886.875000,,3.154360,-614.756530
3.276000,0.412720,0.907470,3.752930,193.037960,-350.822810,76033.476560,,3.300480,-614.756350
3.278000,0.298650,0.665220,4.747560,193.072460,-350.823760,75815.156250,,3.501710,-614.755550
3.280000,0.294800,0.649840,5.649900,193.106060,-350.823820,76023.984380,1.000000,3.418400,-614.755310
3.282000,0.442200,0.877990,5.403810,193.138550,-350.823030,75839.421880,,3.265870,-614.755980
3.284000,0.522950,1.043330,3.732420,193.170990,-350.822450,76291.882810,,3.208190,-614.756650
3.286000,0.372990,0.925420,3.322270,193.204500,-350.822810,75943.835940,,3.346620,-614.756230
3.288000,0.276860,0.725460,3.896480,193.238590,-350.823550,75815.156250,1.000000,3.478640,-614.755490
3.290000,0.285830,0.740840,5.014160,193.271990,-350.823730,75819.375000,,3.435060,-614.755370
3.292000,0.444760,0.945920,4.645020,193.304440,-350.823000,75894.257810,,3.286380,-614.756160
3.294000,0.512700,1.076660,3.711910,193.337080,-350.822170,76006.054690,,3.136410,-614.756710
3.296000,0.367860,0.899780,4.245120,193.370900,-350.822690,75571.523440,1.000000,3.359440,-614.756230
3.298000,0.288390,0.660100,5.014160,193.405260,-350.823730,75905.859380,,3.526060,-614.755680
3.300000,0.365300,0.788270,5.393550,193.438450,-350.823520,75901.648440,,3.359440,-614.755800
3.302000,0.497310,0.981810,4.183590,193.470980,-350.822540,75948.046880,,3.182560,-614.756470
3.304000,0.448610,1.006160,3.814450,193.504240,-350.822480,75717.070310,1.000000,3.263310,-614.756470
3.306000,0.305050,0.749820,4.645020,193.538590,-350.823490,75764.539060,,3.470950,-614.755740
3.308000,0.281980,0.644710,5.485840,193.572590,-350.823880,75842.585940,,3.473510,-614.755310
3.310000,0.394780,0.826720,5.496090,193.605300,-350.823120,75589.460940,,3.295350,-614.755800
3.312000,0.516540,1.025390,3.947750,193.637760,-350.822390,75892.148440,1.000000,3.197940,-614.756590
3.314000,0.414000,0.947200,2.840330,193.671220,-350.822600,75930.117190,,3.297910,-614.756410
3.316000,0.296080,0.703670,4.081050,193.705490,-350.823390,76011.328130,,3.445310,-614.755680
3.318000,0.265320,0.637020,4.850100,193.739290,-350.823760,75618.992190,,3.467100,-614.755370
3.320000,0.405030,0.819030,5.332030,193.771990,-350.823210,75595.789060,1.000000,3.295350,-614.755920
3.322000,0.515260,0.989500,3.814450,193.804520,-350.822270,76005.007810,,3.162050,-614.756710
3.324000,0.397340,0.908750,3.865720,193.837980,-350.822480,75891.093750,,3.267150,-614.756470
3.326000,0.302490,0.674190,4.819340,193.872190,-350.823580,75866.843750,,3.497860,-614.755740
3.328000,0.328130,0.754940,5.414060,193.905360,-350.823730,75768.750000,1.000000,3.418400,-614.755680
3.330000,0.474240,0.966430,4.798830,193.937740,-350.822750,76152.656250,,3.194090,-614.756290
3.332000,0.485780,1.044620,3.916990,193.970600,-350.822390,75774.023440,,3.214600,-614.756590
3.334000,0.330690,0.799800,4.737300,194.004760,-350.823210,75667.500000,,3.436340,-614.755920
3.336000,0.271730,0.652400,4.901370,194.038890,-350.823910,76048.250000,1.000000,3.483760,-614.755310
3.338000,0.356320,0.775450,5.219240,194.071870,-350.823360,75862.617190,,3.319700,-614.755620
3.340000,0.503720,0.998470,4.193850,194.104250,-350.822510,76436.375000,,3.194090,-614.756470
3.342000,0.451170,1.004880,3.106930,194.137440,-350.822510,75853.132810,,3.250490,-614.756530
3.344000,0.299930,0.743410,4.050290,194.171750,-350.823240,75975.468750,1.000000,3.420960,-614.755800
3.346000,0.260190,0.599850,4.788570,194.205860,-350.823880,75897.429690,,3.474790,-614.755370
3.348000,0.362730,0.781860,5.321780,194.238710,-350.823460,75860.507810,,3.336360,-614.755800
3.350000,0.506290,1.008730,3.947750,194.270950,-350.822510,75936.445310,,3.150510,-614.756590
3.352000,0.429380,1.047180,3.383790,194.303920,-350.822270,75934.335940,1.000000,3.229980,-614.756530
3.354000,0.308900,0.808780,4.521970,194.337910,-350.823330,75843.640630,,3.450440,-614.755920
3.356000,0.305050,0.824160,5.393550,194.371320,-350.823850,75528.289060,,3.451720,-614.755680
3.358000,0.443480,1.020260,5.383300,194.403780,-350.822970,75979.687500,,3.229980,-614.756160
3.360000,0.503720,1.125370,3.988770,194.436510,-350.822390,75887.929690,1.000000,3.154360,-614.756590
3.362000,0.347350,0.898500,3.937500,194.470670,-350.823030,75874.218750,,3.387630,-614.756100
3.364000,0.274290,0.628050,4.696290,194.505250,-350.823880,75767.703130,,3.483760,-614.755430
3.366000,0.319150,0.690860,5.270510,194.538760,-350.823640,75804.609380,,3.363280,-614.755490
3.368000,0.475520,0.879270,4.347660,194.571400,-350.822750,75999.734380,1.000000,3.219730,-614.756350
3.370000,0.487060,0.940800,3.445310,194.604450,-350.822450,75584.179690,,3.218440,-614.756710
3.372000,0.324280,0.751100,3.763180,194.638550,-350.823090,75821.492190,,3.395320,-614.755980
3.374000,0.256350,0.588320,4.604000,194.672670,-350.823820,75718.125000,,3.483760,-614.755370
3.376000,0.323000,0.729310,5.403810,194.705570,-350.823670,75947.000000,1.000000,3.390200,-614.755680
3.378000,0.484500,0.995910,4.101560,194.737690,-350.822690,75770.859380,,3.176150,-614.756470
3.380000,0.462710,1.101010,3.588870,194.770220,-350.822270,75829.921880,,3.178710,-614.756710
3.382000,0.331970,0.924130,4.101560,194.803940,-350.823090,75863.671880,,3.429930,-614.756040
3.384000,0.288390,0.858760,5.680660,194.837460,-350.823880,75810.937500,1.000000,3.472230,-614.755620
3.384000,0.288390,0.858760,5.680660,194.837460,-350.823880,75810.937500,1.000000,3.472230,-614.755620
3.386000,0.402470,1.034360,5.250000,194.870040,-350.823240,76002.890630,,3.279970,-614.755980
3.388000,0.505000,1.170230,4.193850,194.902680,-350.822390,76112.578130,,3.145390,-614.756590
3.390000,0.385800,0.998470,3.886230,194.936570,-350.822810,76027.156250,,3.320980,-614.756290
3.392000,0.283260,0.670350,4.429690,194.971440,-350.823790,75802.500000,1.000000,3.500430,-614.755550
3.394000,0.293520,0.611390,5.670410,195.005390,-350.823820,75799.335940,,3.413270,-614.755430
3.396000,0.446040,0.806210,4.942380,195.038190,-350.822970,76066.179690,,3.247920,-614.756160
3.398000,0.507570,0.951050,3.742680,195.070920,-350.822420,75989.187500,,3.204350,-614.756770
3.400000,0.348630,0.811340,3.394040,195.104710,-350.822910,76099.929690,1.000000,3.367130,-614.756230
3.402000,0.262760,0.619080,4.347660,195.138890,-350.823700,75723.406250,,3.500430,-614.755490
3.404000,0.293520,0.693420,5.352540,195.172060,-350.823760,76032.429690,,3.433780,-614.755490
3.406000,0.452450,0.951050,4.562990,195.204240,-350.822910,76007.109380,,3.263310,-614.756290
3.408000,0.498600,1.104860,3.588870,195.236650,-350.822140,75820.429690,1.000000,3.140260,-614.756770
3.410000,0.348630,0.947200,4.204100,195.270260,-350.822750,76046.132810,,3.379940,-614.756230
3.412000,0.276860,0.754940,5.239750,195.304280,-350.823700,75822.546880,,3.511960,-614.755680
3.414000,0.365300,0.910030,5.455080,195.337200,-350.823460,75902.695310,,3.333800,-614.755860
3.416000,0.496030,1.056150,4.091310,195.369780,-350.822480,75630.585940,1.000000,3.173580,-614.756530
3.418000,0.429380,1.002320,3.783690,195.403290,-350.822540,75918.515630,,3.267150,-614.756470
3.420000,0.292240,0.707520,4.511720,195.437880,-350.823580,75953.328130,,3.468380,-614.755740
3.422000,0.276860,0.597290,5.424320,195.471910,-350.823910,75779.304690,,3.464540,-614.755370
3.424000,0.403750,0.771610,5.588380,195.504680,-350.823150,75829.921880,1.000000,3.276120,-614.755920
3.426000,0.513980,0.952330,4.029790,195.537230,-350.822420,75893.203130,,3.194090,-614.756710
3.428000,0.390930,0.875430,3.076170,195.570690,-350.822720,76042.976560,,3.324830,-614.756410
3.430000,0.281980,0.687010,3.968260,195.604720,-350.823520,75627.421880,,3.461980,-614.755620
3.432000,0.266600,0.703670,4.962890,195.638080,-350.823760,75800.398440,1.000000,3.460690,-614.755370
3.434000,0.411440,0.936950,4.798830,195.670380,-350.823150,75918.515630,,3.287660,-614.756040
3.436000,0.502440,1.116390,3.927250,195.702740,-350.822240,76218.054690,,3.163330,-614.756710
3.438000,0.378110,0.997190,4.009280,195.736240,-350.822510,75776.132810,,3.288940,-614.756410
3.440000,0.285830,0.748540,5.096190,195.770550,-350.823610,75535.664060,1.000000,3.500430,-614.755740
3.442000,0.333250,0.831850,5.332030,195.803820,-350.823640,75979.687500,,3.400450,-614.755740
3.444000,0.474240,1.027950,4.604000,195.836400,-350.822660,75953.328130,,3.182560,-614.756470
3.446000,0.467830,1.086910,3.804200,195.869490,-350.822360,75841.523440,,3.231260,-614.756590
3.448000,0.314030,0.810060,4.552730,195.903880,-350.823300,75839.421880,1.000000,3.444030,-614.755920
3.450000,0.267880,0.651120,5.424320,195.938170,-350.823970,76117.859380,,3.495300,-614.755370
3.452000,0.367860,0.776730,5.680660,195.971130,-350.823330,75863.671880,,3.312010,-614.755740
3.454000,0.506290,0.994630,4.480960,196.003540,-350.822480,75830.984380,,3.185120,-614.756530
3.456000,0.430660,0.972840,3.045410,196.036790,-350.822540,76090.437500,1.000000,3.273560,-614.756530
3.458000,0.294800,0.726750,3.906740,196.070970,-350.823300,75880.554690,,3.426090,-614.755800
3.460000,0.256350,0.625490,4.665530,196.104780,-350.823820,76136.835940,,3.464540,-614.755370
3.462000,0.369140,0.815190,5.383300,196.137510,-350.823330,75855.242190,,3.315860,-614.755860
3.464000,0.506290,0.984380,3.886230,196.169970,-350.822450,76162.148440,1.000000,3.154360,-614.756650
3.466000,0.415280,0.963870,3.619630,196.203280,-350.822330,75910.085940,,3.240230,-614.756530
3.468000,0.302490,0.702390,4.439940,196.237520,-350.823430,75795.125000,,3.456850,-614.755860
3.470000,0.306340,0.725460,5.414060,196.271040,-350.823850,75835.195310,,3.450440,-614.755680
3.472000,0.452450,0.913880,5.014160,196.303620,-350.822940,75924.851560,1.000000,3.215880,-614.756230
3.474000,0.499880,1.011290,3.886230,196.336490,-350.822420,76221.218750,,3.172300,-614.756650
3.476000,0.338380,0.812620,4.501460,196.370570,-350.823120,75788.789060,,3.409420,-614.756040
3.478000,0.273010,0.610110,4.727050,196.404800,-350.823940,75709.687500,,3.487610,-614.755370
3.480000,0.331970,0.743410,5.660160,196.437790,-350.823520,75906.914060,1.000000,3.346620,-614.755550
3.482000,0.484500,0.985660,4.265630,196.469920,-350.822630,75931.179690,,3.199220,-614.756410
3.484000,0.471680,1.048460,3.332520,196.502690,-350.822450,75700.195310,,3.232540,-614.756650
3.486000,0.311460,0.811340,3.875980,196.536710,-350.823150,75866.843750,,3.401730,-614.755920
3.488000,0.261470,0.603700,4.624510,196.570880,-350.823820,75830.984380,1.000000,3.467100,-614.755370
3.490000,0.335820,0.717770,5.455080,196.603900,-350.823580,75616.882810,,3.367130,-614.755680
3.492000,0.494750,0.944640,3.999020,196.636310,-350.822630,75796.179690,,3.151790,-614.756470
3.494000,0.451170,1.004880,3.342770,196.669220,-350.822270,75890.039060,,3.186400,-614.756650
3.496000,0.326840,0.770320,4.193850,196.703340,-350.823210,75885.828130,1.000000,3.428650,-614.755980
3.498000,0.298650,0.706240,5.496090,196.737170,-350.823970,75655.898440,,3.468380,-614.755620
3.500000,0.420410,0.883120,5.619140,196.769840,-350.823270,75706.531250,,3.269710,-614.756040
3.502000,0.507570,1.047180,4.296390,196.802490,-350.822420,75883.718750,,3.140260,-614.756590
3.504000,0.374270,0.917720,4.081050,196.836240,-350.822940,75825.710940,1.000000,3.349180,-614.756230
3.506000,0.285830,0.669070,4.562990,196.870650,-350.823850,75770.859380,,3.505550,-614.755490
3.508000,0.308900,0.726750,5.465330,196.903960,-350.823730,75839.421880,,3.396610,-614.755430
3.510000,0.460140,0.936950,4.983400,196.936370,-350.822850,76192.734380,,3.231260,-614.756230
3.512000,0.499880,1.024110,3.558110,196.969130,-350.822390,75818.320310,1.000000,3.209470,-614.756650
3.514000,0.339660,0.829280,3.834960,197.003050,-350.822940,75741.328130,,3.377380,-614.756100
3.516000,0.260190,0.621640,4.337400,197.037320,-350.823670,76068.281250,,3.490170,-614.755430
3.518000,0.302490,0.670350,5.373050,197.070630,-350.823700,75997.625000,,3.414550,-614.755490
3.520000,0.466550,0.867740,4.286130,197.103160,-350.822810,76158.992190,1.000000,3.235110,-614.756350
3.522000,0.490910,0.940800,3.547850,197.135970,-350.822240,75851.023440,,3.146670,-614.756710
3.524000,0.343510,0.778020,4.337400,197.169850,-350.822940,76207.500000,,3.408140,-614.756160
3.526000,0.285830,0.646000,5.414060,197.203720,-350.823820,75880.554690,,3.504270,-614.755680
3.528000,0.384520,0.857480,5.619140,197.236420,-350.823430,75868.945310,1.000000,3.317140,-614.755920
3.530000,0.505000,1.060000,4.060550,197.268740,-350.822420,75860.507810,,3.158200,-614.756530
3.532000,0.416560,1.007450,3.958010,197.302140,-350.822660,75984.960940,,3.287660,-614.756410
3.534000,0.299930,0.724180,4.337400,197.336590,-350.823700,75918.515630,,3.488890,-614.755680
3.536000,0.287110,0.637020,5.608890,197.370420,-350.823880,75588.406250,1.000000,3.440190,-614.755370
3.538000,0.421690,0.843380,5.362790,197.403090,-350.823090,75975.468750,,3.263310,-614.755980
3.540000,0.511410,1.018980,4.009280,197.435620,-350.822360,76005.007810,,3.181270,-614.756650
3.542000,0.374270,0.901060,3.127440,197.469240,-350.822720,75922.734380,,3.332520,-614.756230
3.544000,0.278140,0.679320,4.009280,197.503450,-350.823610,75717.070310,1.000000,3.469670,-614.755550
3.544000,0.278140,0.679320,4.009280,197.503450,-350.823610,75717.070310,1.000000,3.469670,-614.755550
3.546000,0.283260,0.661380,4.952640,197.537000,-350.823820,75822.546880,,3.458130,-614.755370
3.548000,0.435790,0.861330,4.604000,197.569490,-350.823120,75976.523440,,3.278690,-614.756100
3.550000,0.503720,0.998470,3.896480,197.602100,-350.822200,75644.296880,,3.145390,-614.756710
3.552000,0.366580,0.869020,4.193850,197.635700,-350.822660,75901.648440,1.000000,3.328670,-614.756350
3.554000,0.285830,0.666500,5.034670,197.669860,-350.823700,75650.632810,,3.510680,-614.755680
3.556000,0.352480,0.808780,5.608890,197.702820,-350.823580,76041.921880,,3.381230,-614.755800
3.558000,0.481930,1.008730,4.183590,197.735260,-350.822600,75794.070310,,3.169740,-614.756470
3.560000,0.451170,1.012570,3.834960,197.768540,-350.822420,75558.875000,1.000000,3.250490,-614.756530
3.562000,0.311460,0.712650,4.388670,197.803010,-350.823360,76092.539060,,3.449160,-614.755860
3.564000,0.279420,0.580630,5.157710,197.837270,-350.823910,75750.828130,,3.481200,-614.755370
3.566000,0.385800,0.733150,5.680660,197.870150,-350.823240,76063.015630,,3.305600,-614.755740
3.568000,0.512700,0.945920,4.316890,197.902620,-350.822390,75912.195310,1.000000,3.172300,-614.756530
3.570000,0.417850,0.892090,3.219730,197.936020,-350.822540,76000.789060,,3.282530,-614.756410
3.572000,0.296080,0.649840,3.711910,197.970210,-350.823390,75915.351560,,3.438900,-614.755680
3.574000,0.266600,0.589600,4.993650,198.003910,-350.823880,75653.796880,,3.472230,-614.755370
3.576000,0.394780,0.820310,5.147460,198.036380,-350.823330,76027.156250,1.000000,3.295350,-614.755920
3.578000,0.513980,1.029240,3.958010,198.068540,-350.822360,75917.460940,,3.146670,-614.756650
3.580000,0.406310,0.997190,3.793950,198.101700,-350.822390,76158.992190,,3.255620,-614.756470
3.582000,0.307620,0.743410,4.778320,198.135770,-350.823490,75751.882810,,3.467100,-614.755740
3.584000,0.319150,0.766480,5.639650,198.169130,-350.823760,75794.070310,1.000000,3.432500,-614.755680
3.586000,0.465270,0.958740,4.675780,198.201690,-350.822850,75950.156250,,3.197940,-614.756230
3.588000,0.496030,1.038210,3.988770,198.234630,-350.822390,76074.617190,,3.178710,-614.756590
3.590000,0.339660,0.808780,4.152830,198.268910,-350.823180,75911.140630,,3.417110,-614.755920
3.592000,0.273010,0.619080,5.147460,198.303280,-350.823910,75890.039060,1.000000,3.470950,-614.755370
3.594000,0.348630,0.715210,5.321780,198.336530,-350.823490,75825.710940,,3.335080,-614.755620
3.596000,0.498600,0.926700,4.552730,198.369020,-350.822600,75704.421880,,3.181270,-614.756470
3.598000,0.455020,0.939510,3.342770,198.402210,-350.822510,75978.632810,,3.232540,-614.756530
3.600000,0.301210,0.720340,3.691410,198.436400,-350.823270,75813.054690,1.000000,3.417110,-614.755800
3.602000,0.267880,0.602420,4.798830,198.470320,-350.823880,75859.453130,,3.455570,-614.755370
3.604000,0.355040,0.776730,5.208980,198.503070,-350.823520,75868.945310,,3.340210,-614.755680
3.606000,0.503720,1.011290,4.286130,198.535230,-350.822570,75995.507810,,3.131290,-614.756530
3.608000,0.435790,1.042050,3.312010,198.568160,-350.822330,75929.070310,1.000000,3.214600,-614.756590
3.610000,0.317870,0.770320,4.378420,198.602280,-350.823300,75659.062500,,3.427370,-614.755920
3.612000,0.308900,0.728030,5.465330,198.635960,-350.823940,75700.195310,,3.450440,-614.755620
3.614000,0.435790,0.889530,5.044920,198.668620,-350.823180,75793.015630,,3.245360,-614.756040
3.616000,0.507570,0.998470,4.296390,198.701510,-350.822420,76187.468750,1.000000,3.128720,-614.756590
3.618000,0.362730,0.788270,4.204100,198.735670,-350.823030,75743.437500,,3.369690,-614.756160
3.620000,0.281980,0.520390,4.768070,198.770290,-350.823910,75615.820310,,3.491460,-614.755430
3.622000,0.319150,0.579350,5.496090,198.803800,-350.823730,75845.742190,,3.376100,-614.755430
3.624000,0.471680,0.798520,4.829590,198.836300,-350.822810,75779.304690,1.000000,3.214600,-614.756230
3.626000,0.490910,0.903630,3.537600,198.869050,-350.822420,75970.203130,,3.203060,-614.756650
3.628000,0.329410,0.731870,3.804200,198.902940,-350.823090,75928.015630,,3.394040,-614.755980
3.630000,0.261470,0.570370,4.675780,198.936920,-350.823790,76214.882810,,3.485050,-614.755370
3.632000,0.316590,0.684450,5.537110,198.969820,-350.823730,75924.851560,1.000000,3.395320,-614.755550
3.634000,0.479370,0.961300,4.470700,199.001860,-350.822750,75742.390630,,3.200500,-614.756410
3.636000,0.478090,1.052310,3.373540,199.034390,-350.822240,76162.148440,,3.147950,-614.756710
3.638000,0.338380,0.861330,4.101560,199.068210,-350.823030,75798.281250,,3.413270,-614.756100
3.640000,0.283260,0.737000,5.332030,199.102010,-350.823850,76005.007810,1.000000,3.483760,-614.755620
3.642000,0.393490,0.890810,5.608890,199.134860,-350.823390,75802.500000,,3.297910,-614.755920
3.644000,0.506290,1.034360,4.234860,199.167510,-350.822450,76287.656250,,3.146670,-614.756590
3.646000,0.401180,0.895940,4.029790,199.201350,-350.822810,76016.609380,,3.297910,-614.756350
3.648000,0.293520,0.593440,4.470700,199.236160,-350.823790,75798.281250,1.000000,3.497860,-614.755620
3.650000,0.292240,0.538330,5.475590,199.270020,-350.823880,75766.648440,,3.423520,-614.755370
3.652000,0.439640,0.770320,5.106450,199.302640,-350.823060,75816.210940,,3.251770,-614.756040
3.654000,0.505000,0.963870,3.978520,199.335130,-350.822360,76368.875000,,3.176150,-614.756650
3.656000,0.351200,0.835690,3.486330,199.368740,-350.822850,75664.335940,1.000000,3.353030,-614.756230
3.658000,0.265320,0.646000,4.173340,199.402830,-350.823670,75969.148440,,3.479920,-614.755490
3.660000,0.288390,0.692140,5.065430,199.436080,-350.823790,75934.335940,,3.435060,-614.755490
3.662000,0.442200,0.933110,4.562990,199.468370,-350.823030,75931.179690,,3.271000,-614.756230
3.664000,0.494750,1.083070,3.691410,199.500890,-350.822170,75780.351560,1.000000,3.133850,-614.756770
3.666000,0.355040,0.933110,4.204100,199.534560,-350.822720,75730.781250,,3.353030,-614.756290
3.668000,0.278140,0.720340,5.106450,199.568790,-350.823700,75872.109380,,3.506840,-614.755680
3.670000,0.358890,0.847230,5.762700,199.601940,-350.823550,75598.945310,,3.360720,-614.755860
3.672000,0.489620,0.999760,4.234860,199.634640,-350.822570,75826.757810,1.000000,3.168460,-614.756470
3.674000,0.438350,0.967710,3.650390,199.668180,-350.822510,75872.109380,,3.256900,-614.756470
3.676000,0.299930,0.657530,4.562990,199.702870,-350.823520,76060.898440,,3.463260,-614.755800
3.678000,0.278140,0.528080,5.352540,199.737110,-350.823940,75654.843750,,3.474790,-614.755370
3.680000,0.393490,0.699830,5.947270,199.769940,-350.823210,75648.523440,1.000000,3.288940,-614.755860
3.682000,0.507570,0.933110,4.357910,199.802320,-350.822360,75915.351560,,3.165890,-614.756590
3.684000,0.390930,0.885680,3.240230,199.835630,-350.822600,76021.875000,,3.294070,-614.756350
3.686000,0.284550,0.674190,3.958010,199.869720,-350.823460,75793.015630,,3.442750,-614.755620
3.688000,0.262760,0.629330,4.696290,199.903350,-350.823820,75819.375000,1.000000,3.454280,-614.755370
3.688000,0.262760,0.629330,4.696290,199.903350,-350.823820,75819.375000,1.000000,3.454280,-614.755370
3.690000,0.399900,0.820310,4.983400,199.935960,-350.823240,76067.226560,,3.287660,-614.755980
3.692000,0.505000,0.999760,3.896480,199.968400,-350.822330,75810.937500,,3.144100,-614.756770
3.694000,0.387080,0.924130,4.122070,200.001830,-350.822510,75717.070310,,3.265870,-614.756470
3.696000,0.294800,0.694700,5.003910,200.036060,-350.823610,76009.218750,1.000000,3.478640,-614.755800
3.698000,0.323000,0.758790,5.506350,200.069370,-350.823760,75881.609380,,3.413270,-614.755680
3.700000,0.470400,0.951050,4.634770,200.101990,-350.822810,76281.328130,,3.186400,-614.756410
3.702000,0.480650,1.017700,3.824710,200.135010,-350.822390,75945.937500,,3.194090,-614.756650
3.704000,0.321720,0.749820,4.368160,200.169420,-350.823300,76083.046880,1.000000,3.435060,-614.755920
3.706000,0.267880,0.572940,5.301270,200.203770,-350.824010,75684.382810,,3.483760,-614.755370
3.708000,0.351200,0.685730,5.670410,200.236830,-350.823430,75891.093750,,3.318420,-614.755680
3.710000,0.497310,0.884400,4.398930,200.269320,-350.822510,75895.320310,,3.168460,-614.756470
3.712000,0.434510,0.872860,3.373540,200.302610,-350.822480,76142.109380,1.000000,3.235110,-614.756530
3.714000,0.288390,0.616520,3.547850,200.336910,-350.823270,75842.585940,,3.417110,-614.755800
3.716000,0.256350,0.503720,4.675780,200.370880,-350.823880,75617.937500,,3.445310,-614.755370
3.718000,0.358890,0.692140,5.301270,200.403660,-350.823460,75997.625000,,3.322270,-614.755860
3.720000,0.503720,0.898500,4.193850,200.436000,-350.822570,75882.664060,1.000000,3.128720,-614.756650
3.722000,0.421690,0.920290,3.558110,200.469100,-350.822390,75924.851560,,3.222290,-614.756590
3.724000,0.303770,0.662660,4.429690,200.503230,-350.823460,75733.953130,,3.440190,-614.755920
3.726000,0.302490,0.689580,5.465330,200.536700,-350.824010,75841.523440,,3.445310,-614.755680
3.728000,0.442200,0.922850,4.880860,200.569050,-350.823120,76031.375000,1.000000,3.226140,-614.756230
3.730000,0.502440,1.074100,4.173340,200.601650,-350.822420,75505.078130,,3.128720,-614.756650
3.732000,0.340940,0.906190,4.193850,200.635540,-350.823090,75840.476560,,3.385070,-614.756100
3.734000,0.271730,0.663940,4.891110,200.669860,-350.823970,75629.531250,,3.487610,-614.755430
3.736000,0.317870,0.740840,5.526860,200.703170,-350.823670,75957.539060,1.000000,3.354310,-614.755550
3.738000,0.467830,0.913880,4.501460,200.735750,-350.822750,75899.531250,,3.203060,-614.756350
3.740000,0.472960,0.957460,3.414550,200.768810,-350.822420,75732.890630,,3.192810,-614.756650
3.742000,0.310180,0.721620,3.742680,200.803100,-350.823120,76029.265630,,3.390200,-614.755920
3.744000,0.251220,0.542180,4.573240,200.837370,-350.823820,75774.023440,1.000000,3.459410,-614.755370
3.746000,0.323000,0.665220,5.444820,200.870470,-350.823670,75935.390630,,3.370970,-614.755680
3.748000,0.484500,0.897220,4.491210,200.902890,-350.822750,75950.156250,,3.165890,-614.756470
3.750000,0.453740,0.951050,3.332520,200.935840,-350.822390,75959.656250,,3.163330,-614.756710
3.752000,0.324280,0.726750,4.224610,200.970000,-350.823210,75752.929690,1.000000,3.424800,-614.756100
3.754000,0.281980,0.660100,5.352540,201.003780,-350.824010,75624.257810,,3.465820,-614.755680
3.756000,0.401180,0.880550,5.465330,201.036330,-350.823390,76025.039060,,3.278690,-614.756040
3.758000,0.502440,1.083070,4.327150,201.068760,-350.822450,76207.500000,,3.130000,-614.756650
3.760000,0.378110,0.967710,4.132320,201.102400,-350.822910,76187.468750,1.000000,3.313290,-614.756290
3.762000,0.280700,0.667790,4.747560,201.136990,-350.823880,75770.859380,,3.502990,-614.755550
3.764000,0.289670,0.667790,5.506350,201.170590,-350.823820,75961.757810,,3.397890,-614.755430
3.766000,0.440920,0.876710,4.809080,201.203230,-350.822970,75952.265630,,3.240230,-614.756160
3.768000,0.497310,0.993350,3.804200,201.236010,-350.822390,75885.828130,1.000000,3.173580,-614.756710
3.770000,0.329410,0.785710,3.424800,201.270080,-350.822910,76110.468750,,3.356870,-614.756160
3.772000,0.255070,0.526790,4.439940,201.304640,-350.823760,75859.453130,,3.485050,-614.755490
3.774000,0.290950,0.542180,5.167970,201.338230,-350.823850,76063.015630,,3.420960,-614.755550
3.776000,0.449890,0.769040,4.727050,201.370730,-350.823000,75763.484380,1.000000,3.255620,-614.756350
3.778000,0.490910,0.916440,3.619630,201.403340,-350.822240,75899.531250,,3.119750,-614.756770
3.780000,0.338380,0.798520,4.070800,201.436980,-350.822880,75915.351560,,3.390200,-614.756230
3.782000,0.274290,0.660100,5.250000,201.470790,-350.823820,75854.187500,,3.504270,-614.755680
3.784000,0.364010,0.865170,5.537110,201.503450,-350.823550,75835.195310,1.000000,3.336360,-614.755920
3.786000,0.493470,1.039490,4.439940,201.535780,-350.822540,75954.382810,,3.164610,-614.756590
3.788000,0.421690,1.001040,3.537600,201.569170,-350.822570,75970.203130,,3.258180,-614.756470
3.790000,0.284550,0.711360,4.593750,201.603680,-350.823610,75772.976560,,3.468380,-614.755740
3.792000,0.267880,0.640870,5.291020,201.637600,-350.823910,75799.335940,1.000000,3.441470,-614.755370
3.794000,0.394780,0.831850,5.239750,201.670350,-350.823180,75717.070310,,3.273560,-614.755920
3.796000,0.503720,1.002320,4.316890,201.702960,-350.822390,76075.671880,,3.163330,-614.756710
3.798000,0.372990,0.884400,3.332520,201.736620,-350.822720,75846.796880,,3.306880,-614.756350
3.800000,0.267880,0.617800,4.286130,201.771090,-350.823640,75602.117190,1.000000,3.463260,-614.755620
3.802000,0.265320,0.576780,4.809080,201.804790,-350.823910,75909.031250,,3.450440,-614.755430
3.804000,0.414000,0.815190,4.891110,201.837220,-350.823210,75962.812500,,3.279970,-614.756160
3.806000,0.503720,1.017700,3.855470,201.869570,-350.822240,75926.953130,,3.127440,-614.756770
3.808000,0.370420,0.942080,4.009280,201.902890,-350.822600,75920.625000,1.000000,3.291500,-614.756470
3.810000,0.279420,0.713930,5.352540,201.937060,-350.823670,76099.929690,,3.490170,-614.755740
3.812000,0.324280,0.821590,5.475590,201.970170,-350.823670,75807.781250,,3.383790,-614.755740
3.814000,0.465270,0.998470,4.809080,202.002790,-350.822720,75795.125000,,3.181270,-614.756470
3.816000,0.462710,1.024110,3.599120,202.036040,-350.822390,76097.812500,1.000000,3.212040,-614.756650
3.818000,0.307620,0.724180,4.286130,202.070600,-350.823360,75741.328130,,3.435060,-614.755920
3.820000,0.265320,0.546020,5.219240,202.105100,-350.824010,76110.468750,,3.482480,-614.755370
3.822000,0.365300,0.663940,5.803710,202.138230,-350.823360,75720.242190,,3.305600,-614.755800
3.824000,0.499880,0.874150,4.583500,202.170750,-350.822510,76228.593750,1.000000,3.167180,-614.756590
3.826000,0.414000,0.860050,3.322270,202.204060,-350.822510,75879.492190,,3.249210,-614.756470
3.828000,0.275570,0.656250,3.927250,202.238100,-350.823360,75913.250000,,3.435060,-614.755740
3.830000,0.251220,0.617800,4.409180,202.271610,-350.823910,75870.007810,,3.454280,-614.755370
3.832000,0.367860,0.853640,5.157710,202.303960,-350.823390,75896.375000,1.000000,3.303040,-614.755920
3.832000,0.367860,0.853640,5.157710,202.303960,-350.823390,75896.375000,1.000000,3.303040,-614.755920
3.834000,0.507570,1.040770,3.968260,202.336090,-350.822510,76309.812500,,3.146670,-614.756770
3.836000,0.410160,1.004880,3.773440,202.369230,-350.822390,75660.125000,,3.231260,-614.756590
3.838000,0.297360,0.725460,4.624510,202.403430,-350.823490,75902.695310,,3.445310,-614.755920
3.840000,0.297360,0.752380,5.383300,202.436940,-350.823850,75829.921880,1.000000,3.424800,-614.755680
3.842000,0.442200,0.951050,4.829590,202.469560,-350.823000,75913.250000,,3.206910,-614.756230
3.844000,0.496030,1.038210,3.783690,202.502550,-350.822450,75650.632810,,3.149230,-614.756710
3.846000,0.331970,0.797240,4.265630,202.536960,-350.823180,75878.437500,,3.392760,-614.756100
3.848000,0.267880,0.533200,5.055180,202.571610,-350.824040,75856.289060,1.000000,3.491460,-614.755430
3.850000,0.329410,0.604980,5.762700,202.605070,-350.823670,75549.382810,,3.337650,-614.755620
3.852000,0.480650,0.840820,4.675780,202.637530,-350.822720,75832.031250,,3.191530,-614.756470
3.854000,0.458860,0.930540,3.240230,202.670360,-350.822450,75799.335940,,3.196660,-614.756650
3.856000,0.298650,0.763920,3.793950,202.704240,-350.823210,76083.046880,1.000000,3.406860,-614.755920
3.858000,0.252500,0.608830,4.737300,202.738110,-350.823910,75616.882810,,3.463260,-614.755370
3.860000,0.334530,0.766480,5.506350,202.770800,-350.823640,75673.828130,,3.353030,-614.755680
3.862000,0.494750,0.989500,4.357910,202.802990,-350.822720,76031.375000,,3.151790,-614.756530
3.864000,0.448610,1.022830,3.547850,202.835850,-350.822360,75891.093750,1.000000,3.179990,-614.756710
3.866000,0.320430,0.761350,4.050290,202.870000,-350.823240,75820.429690,,3.418400,-614.756040
3.868000,0.289670,0.671630,5.332030,202.903880,-350.823970,75829.921880,,3.451720,-614.755680
3.870000,0.416560,0.829280,5.239750,202.936710,-350.823330,76138.945310,,3.265870,-614.756100
3.872000,0.508850,0.975400,4.316890,202.969510,-350.822480,75702.304690,1.000000,3.123600,-614.756650
3.874000,0.365300,0.813900,4.480960,203.003520,-350.822970,75687.539060,,3.336360,-614.756230
3.876000,0.275570,0.554990,4.798830,203.038150,-350.823940,75940.671880,,3.511960,-614.755490
3.878000,0.299930,0.608830,5.496090,203.071610,-350.823850,75901.648440,,3.392760,-614.755430
3.880000,0.455020,0.863890,4.778320,203.103940,-350.822940,76198.007810,1.000000,3.231260,-614.756230
3.882000,0.499880,1.002320,3.640140,203.136490,-350.822390,75929.070310,,3.186400,-614.756710
3.884000,0.328130,0.836980,3.609380,203.170200,-350.823000,76098.867190,,3.378660,-614.756100
3.886000,0.257630,0.643430,4.665530,203.204270,-350.823760,75937.500000,,3.483760,-614.755430
3.888000,0.299930,0.743410,5.352540,203.237300,-350.823730,75893.203130,1.000000,3.397890,-614.755550
3.890000,0.462710,0.983090,4.521970,203.269530,-350.822880,75865.789060,,3.231260,-614.756410
3.892000,0.490910,1.074100,3.394040,203.302190,-350.822270,75955.437500,,3.135130,-614.756770
3.894000,0.340940,0.879270,3.814450,203.336110,-350.822970,76187.468750,,3.401730,-614.756230
3.896000,0.279420,0.685730,5.219240,203.370220,-350.823880,75602.117190,1.000000,3.496580,-614.755680
3.898000,0.381960,0.821590,5.526860,203.403310,-350.823550,75887.929690,,3.326110,-614.755920
3.900000,0.507570,0.975400,4.501460,203.435970,-350.822540,75929.070310,,3.158200,-614.756590
3.902000,0.416560,0.920290,3.937500,203.469570,-350.822690,75948.046880,,3.271000,-614.756470
3.904000,0.292240,0.665220,4.593750,203.504120,-350.823760,75677.000000,1.000000,3.491460,-614.755680
3.906000,0.278140,0.619080,5.403810,203.537860,-350.823940,75857.343750,,3.438900,-614.755370
3.908000,0.415280,0.844670,4.870610,203.570420,-350.823120,75915.351560,,3.259460,-614.755920
3.910000,0.511410,1.018980,4.111820,203.602920,-350.822390,75602.117190,,3.176150,-614.756650
3.912000,0.366580,0.881840,3.373540,203.636580,-350.822780,75856.289060,1.000000,3.326110,-614.756230
3.914000,0.271730,0.649840,4.224610,203.670870,-350.823640,75688.593750,,3.465820,-614.755550
3.916000,0.278140,0.644710,4.993650,203.704420,-350.823790,75916.414060,,3.433780,-614.755430
3.918000,0.431950,0.858760,4.562990,203.736890,-350.823150,75815.156250,,3.277400,-614.756160
3.920000,0.508850,1.004880,3.670900,203.769520,-350.822240,75768.750000,1.000000,3.137700,-614.756770
3.922000,0.366580,0.857480,4.029790,203.803190,-350.822690,76020.820310,,3.320980,-614.756350
3.924000,0.281980,0.643430,5.116700,203.837400,-350.823760,75740.273440,,3.511960,-614.755680
3.926000,0.349910,0.784420,5.731930,203.870390,-350.823670,75937.500000,,3.381230,-614.755800
3.928000,0.484500,0.984380,4.645020,203.902770,-350.822690,75853.132810,1.000000,3.177430,-614.756470
3.930000,0.456300,1.003600,3.927250,203.935940,-350.822420,76002.890630,,3.235110,-614.756530
3.932000,0.303770,0.707520,4.132320,203.970320,-350.823430,75798.281250,,3.458130,-614.755860
3.934000,0.275570,0.588320,5.414060,204.004390,-350.823970,75710.742190,,3.483760,-614.755370
3.936000,0.380680,0.772890,5.321780,204.037060,-350.823270,75987.078130,1.000000,3.300480,-614.755740
3.938000,0.511410,1.007450,4.388670,204.069380,-350.822420,75982.859380,,3.169740,-614.756530
3.940000,0.414000,0.956180,3.301760,204.102720,-350.822510,76119.960940,,3.262020,-614.756410
3.942000,0.287110,0.694700,3.916990,204.137050,-350.823390,75883.718750,,3.445310,-614.755680
3.944000,0.261470,0.599850,4.604000,204.170970,-350.823910,75810.937500,1.000000,3.464540,-614.755370
3.946000,0.393490,0.806210,4.993650,204.203660,-350.823360,75899.531250,,3.300480,-614.755920
3.948000,0.517820,1.004880,3.824710,204.236010,-350.822390,75880.554690,,3.144100,-614.756710
3.950000,0.403750,0.983090,3.906740,204.269260,-350.822450,76040.867190,,3.250490,-614.756470
3.952000,0.302490,0.740840,4.983400,204.303360,-350.823580,75978.632810,1.000000,3.472230,-614.755800
3.954000,0.315310,0.819030,5.537110,204.336560,-350.823820,76007.109380,,3.429930,-614.755680
3.956000,0.463990,1.056150,4.829590,204.368880,-350.822910,75691.765630,,3.199220,-614.756290
3.958000,0.497310,1.135620,3.855470,204.401690,-350.822390,75968.093750,,3.172300,-614.756590
3.960000,0.333250,0.866460,4.060550,204.435970,-350.823210,75868.945310,1.000000,3.419680,-614.755920
3.962000,0.273010,0.622920,4.993650,204.470470,-350.823970,75865.789060,,3.479920,-614.755370
3.964000,0.344790,0.713930,5.516600,204.503770,-350.823520,75879.492190,,3.331240,-614.755620
3.966000,0.498600,0.911320,4.634770,204.536380,-350.822660,75904.804690,,3.186400,-614.756470
3.968000,0.455020,0.915160,3.076170,204.569660,-350.822450,76009.218750,1.000000,3.208190,-614.756530
3.970000,0.294800,0.657530,3.834960,204.604080,-350.823240,75608.445310,,3.418400,-614.755800
3.972000,0.264040,0.503720,4.614260,204.638260,-350.823940,75800.398440,,3.463260,-614.755370
3.974000,0.357600,0.701110,5.178220,204.671050,-350.823580,75751.882810,,3.344060,-614.755740
3.976000,0.511410,0.944640,4.562990,204.703220,-350.822630,76204.343750,1.000000,3.133850,-614.756590
3.978000,0.438350,1.006160,3.609380,204.736020,-350.822360,75764.539060,,3.210750,-614.756590
3.980000,0.315310,0.783140,4.645020,204.769910,-350.823360,75672.773440,,3.442750,-614.755920
3.982000,0.307620,0.803650,5.239750,204.803250,-350.823970,75807.781250,,3.451720,-614.755620
3.984000,0.437070,1.021550,5.373050,204.835490,-350.823210,75878.437500,1.000000,3.250490,-614.756040
3.986000,0.513980,1.174070,4.070800,204.868030,-350.822420,75949.101560,,3.126160,-614.756590
3.988000,0.365300,0.970280,4.214360,204.901990,-350.822970,75810.937500,,3.362000,-614.756160
3.990000,0.283260,0.662660,4.952640,204.936630,-350.823910,76185.351560,,3.496580,-614.755430
3.992000,0.312740,0.672910,5.567870,204.970320,-350.823760,75872.109380,1.000000,3.381230,-614.755430
3.992000,0.312740,0.672910,5.567870,204.970320,-350.823760,75872.109380,1.000000,3.381230,-614.755430
3.994000,0.470400,0.836980,4.952640,205.003110,-350.822850,75788.789060,,3.222290,-614.756230
3.996000,0.494750,0.904910,3.271000,205.036160,-350.822390,76097.812500,,3.185120,-614.756650
3.998000,0.323000,0.713930,3.691410,205.070270,-350.823090,75843.640630,,3.391480,-614.755920
4.000000,0.257630,0.529360,4.562990,205.104510,-350.823820,76085.164060,1.000000,3.488890,-614.755370
4.002000,0.319150,0.647280,5.731930,205.137540,-350.823760,75760.312500,,3.394040,-614.755620
4.004000,0.485780,0.910030,4.604000,205.169720,-350.822810,76213.828130,,3.203060,-614.756470
4.006000,0.481930,1.020260,3.537600,205.202270,-350.822300,75999.734380,,3.150510,-614.756770
4.008000,0.338380,0.840820,4.142580,205.236070,-350.823090,75852.078130,1.000000,3.427370,-614.756100
4.010000,0.284550,0.722900,5.106450,205.269790,-350.823880,75862.617190,,3.482480,-614.755620
4.012000,0.396060,0.913880,5.321780,205.302440,-350.823430,75832.031250,,3.300480,-614.755920
4.014000,0.512700,1.079220,4.470700,205.334920,-350.822450,76440.593750,,3.146670,-614.756530
4.016000,0.405030,0.954900,4.009280,205.368620,-350.822780,75746.601560,1.000000,3.287660,-614.756290
4.018000,0.289670,0.656250,4.778320,205.403310,-350.823760,75892.148440,,3.492740,-614.755550
4.020000,0.289670,0.594730,5.444820,205.437130,-350.823910,75800.398440,,3.423520,-614.755370
4.022000,0.438350,0.801090,4.942380,205.469820,-350.823090,75960.703130,,3.253050,-614.756040
4.024000,0.511410,0.931820,3.681150,205.502520,-350.822390,75704.421880,1.000000,3.168460,-614.756650
4.026000,0.351200,0.772890,3.486330,205.536330,-350.822850,75727.617190,,3.347900,-614.756230
4.028000,0.265320,0.552430,4.368160,205.570590,-350.823760,75914.296880,,3.490170,-614.755490
4.030000,0.288390,0.620360,5.321780,205.603810,-350.823850,75618.992190,,3.432500,-614.755430
4.032000,0.447330,0.901060,4.747560,205.635910,-350.823060,75880.554690,1.000000,3.265870,-614.756230
4.034000,0.501160,1.074100,3.486330,205.668240,-350.822200,75917.460940,,3.135130,-614.756770
4.036000,0.356320,0.929260,3.916990,205.701780,-350.822750,75872.109380,,3.354310,-614.756290
4.038000,0.278140,0.708800,5.229490,205.735930,-350.823730,75623.210940,,3.505550,-614.755680
4.040000,0.357600,0.843380,5.854980,205.768980,-350.823580,75604.226560,1.000000,3.358150,-614.755800
4.042000,0.490910,1.008730,4.655270,205.801560,-350.822630,75962.812500,,3.168460,-614.756470
4.044000,0.443480,1.011290,3.978520,205.834900,-350.822510,75899.531250,,3.242800,-614.756470
4.046000,0.296080,0.720340,4.306640,205.869420,-350.823490,75815.156250,,3.454280,-614.755740
4.048000,0.275570,0.604980,5.250000,205.903530,-350.824010,75772.976560,1.000000,3.478640,-614.755370
4.050000,0.394780,0.765200,5.629390,205.936360,-350.823270,76179.031250,,3.286380,-614.755860
4.052000,0.516540,0.962590,4.347660,205.968810,-350.822420,75842.585940,,3.160770,-614.756650
4.054000,0.397340,0.883120,3.742680,206.002260,-350.822630,75822.546880,,3.290220,-614.756410
4.056000,0.283260,0.633180,4.152830,206.036480,-350.823520,75954.382810,1.000000,3.451720,-614.755620
4.058000,0.262760,0.589600,4.860350,206.070100,-350.823850,75853.132810,,3.450440,-614.755370
4.060000,0.403750,0.806210,4.686040,206.102570,-350.823240,76129.460940,,3.282530,-614.755980
4.062000,0.512700,0.975400,3.681150,206.134960,-350.822390,75874.218750,,3.151790,-614.756770
4.064000,0.392210,0.897220,3.896480,206.168400,-350.822540,76297.148440,1.000000,3.269710,-614.756470
4.066000,0.297360,0.642150,4.993650,206.202700,-350.823610,75779.304690,,3.470950,-614.755740
4.068000,0.319150,0.712650,5.813960,206.236010,-350.823760,75808.835940,,3.413270,-614.755680
4.070000,0.469120,0.916440,4.645020,206.268590,-350.822880,75881.609380,,3.192810,-614.756350
4.072000,0.487060,0.968990,3.896480,206.301650,-350.822450,76044.031250,1.000000,3.194090,-614.756590
4.074000,0.321720,0.693420,3.968260,206.336040,-350.823270,76138.945310,,3.429930,-614.755920
4.076000,0.269170,0.530640,5.239750,206.370320,-350.824040,75598.945310,,3.492740,-614.755370
4.078000,0.355040,0.672910,5.680660,206.403230,-350.823490,75923.796880,,3.317140,-614.755680
4.080000,0.503720,0.942080,4.809080,206.435330,-350.822510,75978.632810,1.000000,3.167180,-614.756470
4.082000,0.434510,0.979250,3.322270,206.468230,-350.822450,76027.156250,,3.228700,-614.756530
4.084000,0.281980,0.730590,3.670900,206.502240,-350.823330,75713.906250,,3.427370,-614.755800
4.086000,0.258910,0.572940,4.552730,206.536150,-350.823910,75928.015630,,3.450440,-614.755370
4.088000,0.360170,0.728030,4.675780,206.568940,-350.823490,75958.601560,1.000000,3.323550,-614.755800
4.090000,0.506290,0.911320,4.316890,206.601330,-350.822600,75475.546880,,3.136410,-614.756650
4.092000,0.426820,0.929260,3.599120,206.634450,-350.822390,75919.578130,,3.218440,-614.756590
4.094000,0.303770,0.679320,4.655270,206.668590,-350.823390,75697.039060,,3.438900,-614.755920
4.096000,0.302490,0.689580,5.465330,206.702180,-350.823970,76057.742190,1.000000,3.445310,-614.755680
4.098000,0.440920,0.886960,4.932130,206.734730,-350.823180,75836.257810,,3.236390,-614.756230
4.100000,0.506290,1.013850,4.019530,206.767530,-350.822480,75647.468750,,3.131290,-614.756650
4.102000,0.343510,0.813900,4.050290,206.801650,-350.823090,75906.914060,,3.379940,-614.756100
4.104000,0.267880,0.569090,4.983400,206.836070,-350.824010,75838.359380,1.000000,3.501710,-614.755430
4.106000,0.317870,0.685730,5.742190,206.869250,-350.823730,75999.734380,,3.356870,-614.755490
4.108000,0.471680,0.929260,4.829590,206.901500,-350.822750,75861.562500,,3.205630,-614.756350
4.110000,0.475520,1.004880,3.465820,206.934280,-350.822390,76039.804690,,3.191530,-614.756650
4.112000,0.310180,0.769040,3.455570,206.968370,-350.823150,75905.859380,1.000000,3.399170,-614.755920
4.114000,0.248660,0.563960,4.768070,207.002590,-350.823850,75709.687500,,3.469670,-614.755370
4.116000,0.320430,0.674190,5.270510,207.035640,-350.823670,75980.742190,,3.368410,-614.755680
4.118000,0.485780,0.902340,4.470700,207.067990,-350.822750,75956.492190,,3.173580,-614.756470
4.120000,0.461430,0.926700,3.547850,207.100970,-350.822390,76181.132810,1.000000,3.160770,-614.756770
4.120000,0.461430,0.926700,3.547850,207.100970,-350.822390,76181.132810,1.000000,3.160770,-614.756770
4.122000,0.324280,0.675480,4.368160,207.135190,-350.823210,75690.710940,,3.429930,-614.756100
4.124000,0.280700,0.575500,5.219240,207.169070,-350.824040,75866.843750,,3.473510,-614.755620
4.126000,0.403750,0.789550,5.188480,207.201710,-350.823460,75862.617190,,3.283810,-614.756040
4.128000,0.506290,1.001040,4.460450,207.234070,-350.822450,76145.281250,1.000000,3.130000,-614.756650
4.130000,0.379390,0.908750,4.070800,207.267670,-350.822880,76014.500000,,3.305600,-614.756290
4.132000,0.274290,0.639590,5.034670,207.302120,-350.823910,75907.968750,,3.510680,-614.755550
4.134000,0.285830,0.630620,5.239750,207.335650,-350.823910,76161.101560,,3.411990,-614.755370
4.136000,0.443480,0.848510,5.034670,207.368180,-350.823000,75804.609380,1.000000,3.236390,-614.756160
4.138000,0.498600,0.974120,3.578610,207.400830,-350.822390,75761.367190,,3.174870,-614.756710
4.140000,0.330690,0.790830,3.404300,207.434720,-350.822910,75972.312500,,3.356870,-614.756160
4.142000,0.253780,0.594730,4.368160,207.468980,-350.823730,75876.328130,,3.487610,-614.755490
4.144000,0.287110,0.646000,5.260250,207.502240,-350.823760,75883.718750,1.000000,3.411990,-614.755550
4.146000,0.448610,0.867740,4.850100,207.534620,-350.823000,76025.039060,,3.256900,-614.756350
4.148000,0.489620,0.971560,3.342770,207.567310,-350.822300,75941.726560,,3.137700,-614.756770
4.150000,0.335820,0.790830,4.101560,207.601120,-350.822940,75661.179690,,3.388920,-614.756230
4.152000,0.270450,0.596010,5.106450,207.635210,-350.823850,75712.851560,1.000000,3.518370,-614.755680
4.154000,0.365300,0.783140,5.414060,207.668050,-350.823580,75647.468750,,3.336360,-614.755920
4.156000,0.490910,0.985660,4.645020,207.700410,-350.822570,76075.671880,,3.165890,-614.756590
4.158000,0.420410,0.965150,3.958010,207.733780,-350.822570,75860.507810,,3.260740,-614.756470
4.160000,0.279420,0.653690,4.604000,207.768360,-350.823640,75785.625000,1.000000,3.469670,-614.755680
4.162000,0.264040,0.537050,5.229490,207.802440,-350.823940,75829.921880,,3.461980,-614.755370
4.164000,0.393490,0.728030,5.270510,207.835220,-350.823180,75841.523440,,3.268430,-614.755920
4.166000,0.503720,0.908750,4.060550,207.867810,-350.822420,75828.867190,,3.167180,-614.756710
4.168000,0.371700,0.786990,3.312010,207.901490,-350.822690,75877.382810,1.000000,3.308170,-614.756350
4.168000,0.371700,0.786990,3.312010,207.901490,-350.822690,75877.382810,1.000000,3.308170,-614.756350
4.170000,0.265320,0.549870,4.501460,207.935810,-350.823640,76233.875000,,3.463260,-614.755620
4.172000,0.261470,0.524230,4.942380,207.969410,-350.823910,75829.921880,,3.455570,-614.755430
4.174000,0.412720,0.778020,5.075680,208.001720,-350.823210,75736.062500,,3.281250,-614.756160
4.176000,0.503720,0.985660,3.568360,208.033940,-350.822270,76171.640630,1.000000,3.142820,-614.756840
4.178000,0.366580,0.908750,3.824710,208.067210,-350.822630,75801.445310,,3.297910,-614.756470
4.180000,0.278140,0.690860,5.044920,208.101260,-350.823700,75978.632810,,3.500430,-614.755740
4.182000,0.324280,0.785710,5.752440,208.134250,-350.823700,75665.398440,,3.400450,-614.755740
4.184000,0.465270,0.971560,4.819340,208.166700,-350.822720,76308.750000,1.000000,3.185120,-614.756470
4.186000,0.460140,0.990780,3.886230,208.199840,-350.822390,75960.703130,,3.222290,-614.756650
4.188000,0.303770,0.711360,4.255370,208.234270,-350.823300,75873.171880,,3.436340,-614.755920
4.190000,0.258910,0.571660,4.778320,208.268550,-350.823940,75814.101560,,3.483760,-614.755370
4.192000,0.357600,0.707520,5.455080,208.301540,-350.823360,75885.828130,1.000000,3.310730,-614.755740
4.194000,0.499880,0.926700,4.439940,208.334030,-350.822510,76327.734380,,3.173580,-614.756590
4.196000,0.414000,0.888240,3.537600,208.367420,-350.822510,75686.484380,,3.254330,-614.756530
4.198000,0.271730,0.625490,3.916990,208.401780,-350.823390,76113.632810,,3.445310,-614.755740
4.200000,0.248660,0.528080,4.521970,208.435670,-350.823940,75816.210940,1.000000,3.465820,-614.755370
4.202000,0.369140,0.767760,5.065430,208.468200,-350.823390,75920.625000,,3.310730,-614.755920
4.204000,0.506290,0.986940,3.763180,208.500370,-350.822450,75735.007810,,3.137700,-614.756770
4.206000,0.406310,0.995910,3.722170,208.533420,-350.822390,75809.890630,,3.242800,-614.756590
4.208000,0.293520,0.722900,4.798830,208.567500,-350.823490,75909.031250,1.000000,3.456850,-614.755920
4.210000,0.297360,0.731870,5.639650,208.600970,-350.823880,75540.937500,,3.437620,-614.755680
4.212000,0.442200,0.930540,4.993650,208.633480,-350.823000,75804.609380,,3.218440,-614.756290
4.214000,0.493470,1.011290,3.619630,208.666400,-350.822420,75808.835940,,3.154360,-614.756710
4.216000,0.329410,0.762630,4.019530,208.700710,-350.823120,75984.960940,1.000000,3.397890,-614.756100
4.218000,0.261470,0.502440,5.034670,208.735310,-350.823970,75622.148440,,3.487610,-614.755430
4.220000,0.323000,0.585750,5.772950,208.768710,-350.823640,75594.726560,,3.349180,-614.755620
4.222000,0.479370,0.807500,4.798830,208.801180,-350.822690,75949.101560,,3.196660,-614.756470
4.224000,0.461430,0.870300,3.588870,208.834150,-350.822420,76006.054690,1.000000,3.201780,-614.756710
4.226000,0.292240,0.662660,3.629880,208.868260,-350.823210,75922.734380,,3.413270,-614.755920
4.228000,0.247380,0.501160,4.573240,208.902330,-350.823910,75828.867190,,3.473510,-614.755370
4.230000,0.331970,0.666500,5.311520,208.935090,-350.823640,76003.945310,,3.359440,-614.755740
4.232000,0.494750,0.931820,4.398930,208.967130,-350.822660,75901.648440,1.000000,3.153080,-614.756590
4.234000,0.446040,1.002320,3.886230,208.999830,-350.822360,75718.125000,,3.186400,-614.756770
4.236000,0.315310,0.766480,4.296390,209.033770,-350.823240,75906.914060,,3.431210,-614.756040
4.238000,0.284550,0.708800,5.465330,209.067430,-350.823970,75957.539060,,3.460690,-614.755680
4.240000,0.411440,0.895940,5.003910,209.100010,-350.823300,76157.929690,1.000000,3.271000,-614.756100
4.242000,0.511410,1.042050,4.275880,209.132640,-350.822420,75739.226560,,3.127440,-614.756710
4.244000,0.371700,0.867740,4.214360,209.166580,-350.822910,76214.882810,,3.329960,-614.756230
4.246000,0.273010,0.565250,4.870610,209.201290,-350.823910,75768.750000,,3.511960,-614.755490
4.248000,0.294800,0.569090,5.844730,209.234970,-350.823850,75867.898440,1.000000,3.397890,-614.755430
4.250000,0.453740,0.783140,4.870610,209.267580,-350.822940,75846.796880,,3.229980,-614.756230
4.252000,0.494750,0.915160,3.711910,209.300280,-350.822390,76059.851560,,3.178710,-614.756710
4.254000,0.323000,0.762630,3.188960,209.334110,-350.822970,76260.234380,,3.378660,-614.756100
4.256000,0.255070,0.571660,4.470700,209.368240,-350.823790,75667.500000,1.000000,3.494020,-614.755430
4.258000,0.306340,0.667790,5.475590,209.401310,-350.823760,75973.359380,,3.400450,-614.755620
4.260000,0.467830,0.929260,4.870610,209.433500,-350.822880,75910.085940,,3.232540,-614.756410
4.262000,0.492190,1.033080,3.527340,209.466090,-350.822270,75936.445310,,3.138980,-614.756770
4.264000,0.335820,0.852360,4.101560,209.499970,-350.822970,75840.476560,1.000000,3.406860,-614.756230
4.266000,0.275570,0.663940,4.993650,209.534060,-350.823880,75841.523440,,3.501710,-614.755620
4.268000,0.378110,0.829280,5.208980,209.567030,-350.823520,75864.726560,,3.323550,-614.755920
4.270000,0.507570,0.988220,4.450200,209.599660,-350.822510,75559.929690,,3.162050,-614.756590
4.272000,0.419130,0.908750,4.163090,209.633320,-350.822660,75854.187500,1.000000,3.264590,-614.756410
4.274000,0.285830,0.601140,4.809080,209.668050,-350.823700,75632.703130,,3.486330,-614.755680
4.276000,0.276860,0.512700,5.516600,209.702000,-350.823940,75952.265630,,3.446590,-614.755370
4.278000,0.415280,0.734440,5.024410,209.734650,-350.823150,75878.437500,,3.256900,-614.755980
4.280000,0.511410,0.921570,3.958010,209.767150,-350.822390,75864.726560,1.000000,3.167180,-614.756710
4.282000,0.362730,0.799800,3.250490,209.800750,-350.822780,75947.000000,,3.326110,-614.756290
4.284000,0.266600,0.594730,4.419430,209.834870,-350.823670,75808.835940,,3.474790,-614.755550
4.286000,0.276860,0.624210,5.085940,209.868230,-350.823820,75795.125000,,3.431210,-614.755430
4.288000,0.429380,0.865170,4.962890,209.900540,-350.823150,75870.007810,1.000000,3.276120,-614.756160
4.290000,0.507570,1.016420,3.558110,209.933070,-350.822270,76132.625000,,3.142820,-614.756770
4.292000,0.364010,0.885680,3.804200,209.966710,-350.822720,75822.546880,,3.323550,-614.756350
4.294000,0.279420,0.656250,5.126950,210.001010,-350.823760,75680.156250,,3.506840,-614.755680
4.296000,0.347350,0.778020,5.526860,210.034150,-350.823670,75911.140630,1.000000,3.382510,-614.755800
4.298000,0.484500,0.963870,4.850100,210.066730,-350.822690,75912.195310,,3.176150,-614.756470
4.300000,0.457580,0.977970,4.009280,210.100020,-350.822420,76132.625000,,3.227420,-614.756530
4.302000,0.297360,0.680600,4.521970,210.134580,-350.823390,75779.304690,,3.453000,-614.755800
4.304000,0.266600,0.535770,5.065430,210.168850,-350.824010,75842.585940,1.000000,3.490170,-614.755310
4.306000,0.375550,0.695980,5.291020,210.201680,-350.823300,75981.796880,,3.296630,-614.755740
4.308000,0.513980,0.922850,4.470700,210.234050,-350.822450,75979.687500,,3.172300,-614.756590
4.310000,0.412720,0.870300,3.394040,210.267400,-350.822540,75983.914060,,3.263310,-614.756470
4.312000,0.285830,0.598570,4.111820,210.301730,-350.823430,75915.351560,1.000000,3.445310,-614.755680
4.314000,0.257630,0.515260,4.675780,210.335570,-350.823880,76116.804690,,3.455570,-614.755370
4.316000,0.385800,0.743410,4.829590,210.368150,-350.823330,75656.953130,,3.295350,-614.755920
4.318000,0.517820,0.953610,3.855470,210.400450,-350.822420,76013.445310,,3.145390,-614.756770
4.320000,0.405030,0.919010,3.506840,210.433750,-350.822480,75902.695310,1.000000,3.254330,-614.756470
4.320000,0.405030,0.919010,3.506840,210.433750,-350.822480,75902.695310,1.000000,3.254330,-614.756470
4.322000,0.299930,0.654970,4.932130,210.468020,-350.823580,75890.039060,,3.470950,-614.755800
4.324000,0.314030,0.689580,5.578130,210.501500,-350.823910,75836.257810,,3.437620,-614.755680
4.326000,0.462710,0.916440,5.157710,210.534030,-350.822970,75920.625000,,3.209470,-614.756290
4.328000,0.499880,1.022830,3.711910,210.566880,-350.822420,76011.328130,1.000000,3.163330,-614.756650
4.330000,0.326840,0.804930,4.214360,210.601040,-350.823150,75550.437500,,3.414550,-614.755920
4.332000,0.262760,0.612670,5.075680,210.635330,-350.823970,75823.601560,,3.491460,-614.755310
4.334000,0.338380,0.735720,5.362790,210.668320,-350.823550,75670.664060,,3.332520,-614.755550
4.336000,0.497310,0.962590,4.850100,210.700650,-350.822630,76064.062500,1.000000,3.185120,-614.756470
4.338000,0.457580,0.967710,3.537600,210.733780,-350.822450,76016.609380,,3.208190,-614.756590
4.340000,0.293520,0.704960,3.845210,210.768080,-350.823270,75660.125000,,3.419680,-614.755860
4.342000,0.257630,0.542180,4.573240,210.802250,-350.823910,75915.351560,,3.458130,-614.755370
4.344000,0.351200,0.704960,5.034670,210.835210,-350.823550,75881.609380,1.000000,3.340210,-614.755740
4.346000,0.511410,0.940800,4.255370,210.867490,-350.822660,75860.507810,,3.144100,-614.756590
4.348000,0.442200,0.981810,3.578610,210.900530,-350.822390,75829.921880,,3.206910,-614.756650
4.350000,0.315310,0.721620,4.737300,210.934770,-350.823360,75941.726560,,3.441470,-614.755920
4.352000,0.302490,0.671630,5.557620,210.968630,-350.824040,75810.937500,1.000000,3.461980,-614.755550
4.354000,0.433230,0.875430,5.455080,211.001280,-350.823270,75777.195310,,3.260740,-614.756040
4.356000,0.517820,1.057430,4.091310,211.033920,-350.822420,76087.273440,,3.123600,-614.756650
4.358000,0.366580,0.910030,4.122070,211.067790,-350.822940,75793.015630,,3.353030,-614.756160
4.360000,0.275570,0.617800,4.788570,211.102360,-350.823910,75962.812500,1.000000,3.514530,-614.755370
4.362000,0.307620,0.663940,5.916500,211.135850,-350.823760,75774.023440,,3.383790,-614.755370
4.364000,0.469120,0.879270,4.901370,211.168320,-350.822850,76131.562500,,3.224850,-614.756230
4.366000,0.498600,0.967710,3.506840,211.201200,-350.822390,75997.625000,,3.187680,-614.756650
4.368000,0.328130,0.747250,3.527340,211.235310,-350.823030,75904.804690,1.000000,3.390200,-614.755980
4.370000,0.256350,0.525510,4.296390,211.269650,-350.823790,75993.398440,,3.488890,-614.755370
4.372000,0.315310,0.592160,5.424320,211.302900,-350.823730,75893.203130,,3.395320,-614.755550
4.374000,0.487060,0.828000,4.655270,211.335300,-350.822810,76339.335940,,3.213320,-614.756470
4.376000,0.485780,0.911320,3.670900,211.368070,-350.822300,75761.367190,1.000000,3.147950,-614.756770
4.378000,0.337100,0.738280,4.296390,211.401990,-350.823090,75890.039060,,3.429930,-614.756100
4.380000,0.283260,0.624210,5.208980,211.435820,-350.823910,75799.335940,,3.496580,-614.755550
4.382000,0.394780,0.856200,5.229490,211.468370,-350.823460,75934.335940,,3.309450,-614.755920
4.384000,0.516540,1.066410,4.245120,211.500670,-350.822480,75632.703130,1.000000,3.155640,-614.756530
4.386000,0.408870,0.966430,4.081050,211.534260,-350.822750,75897.429690,,3.288940,-614.756350
4.388000,0.288390,0.661380,4.880860,211.568880,-350.823760,75979.687500,,3.504270,-614.755550
4.390000,0.285830,0.612670,5.588380,211.602650,-350.823850,75515.632810,,3.423520,-614.755310
4.392000,0.435790,0.840820,5.085940,211.635270,-350.823060,75835.195310,1.000000,3.258180,-614.755980
4.394000,0.517820,1.010010,3.465820,211.667880,-350.822390,75784.578130,,3.177430,-614.756650
4.396000,0.360170,0.847230,3.086430,211.701640,-350.822810,75906.914060,,3.345340,-614.756230
4.398000,0.265320,0.602420,4.419430,211.736070,-350.823700,75674.890630,,3.491460,-614.755430
4.400000,0.287110,0.597290,5.465330,211.769620,-350.823820,75719.187500,1.000000,3.440190,-614.755430
4.402000,0.451170,0.843380,4.973140,211.802000,-350.823090,75935.390630,,3.281250,-614.756230
4.404000,0.508850,1.007450,3.834960,211.834470,-350.822170,76114.695310,,3.130000,-614.756770
4.406000,0.360170,0.898500,3.773440,211.867980,-350.822750,75583.125000,,3.364560,-614.756290
4.408000,0.280700,0.692140,5.167970,211.902020,-350.823730,75790.898440,1.000000,3.522220,-614.755680
4.410000,0.362730,0.854920,5.485840,211.934950,-350.823550,75998.679690,,3.363280,-614.755800
4.412000,0.493470,1.040770,4.727050,211.967410,-350.822570,75819.375000,,3.179990,-614.756470
4.414000,0.447330,1.033080,4.245120,212.000780,-350.822420,75704.421880,,3.247920,-614.756470
4.416000,0.293520,0.726750,4.604000,212.035400,-350.823430,75958.601560,1.000000,3.461980,-614.755680
4.418000,0.270450,0.576780,5.137210,212.069750,-350.823910,75938.562500,,3.478640,-614.755250
4.420000,0.392210,0.720340,5.291020,212.102800,-350.823210,76069.335940,,3.295350,-614.755800
4.422000,0.517820,0.899780,4.204100,212.135470,-350.822420,75905.859380,,3.172300,-614.756590
4.424000,0.403750,0.810060,3.394040,212.169100,-350.822600,76203.289060,1.000000,3.288940,-614.756410
4.426000,0.284550,0.569090,4.316890,212.203430,-350.823520,75871.062500,,3.464540,-614.755620
4.428000,0.265320,0.556270,5.147460,212.236970,-350.823880,75716.015630,,3.460690,-614.755370
4.430000,0.410160,0.858760,4.962890,212.269070,-350.823240,75848.906250,,3.290220,-614.755980
4.432000,0.521670,1.089480,3.660640,212.301070,-350.822300,75990.234380,1.000000,3.147950,-614.756770
4.434000,0.398620,1.025390,3.547850,212.334230,-350.822510,76296.093750,,3.278690,-614.756470
4.436000,0.299930,0.748540,4.880860,212.368390,-350.823610,75624.257810,,3.487610,-614.755680
4.438000,0.320430,0.786990,5.731930,212.401720,-350.823730,75950.156250,,3.414550,-614.755620
4.440000,0.470400,0.999760,4.952640,212.434300,-350.822810,75876.328130,1.000000,3.192810,-614.756290
4.442000,0.490910,1.060000,3.927250,212.467410,-350.822390,75962.812500,,3.195370,-614.756590
4.444000,0.326840,0.776730,3.968260,212.501920,-350.823210,75691.765630,,3.426090,-614.755920
4.446000,0.266600,0.570370,5.024410,212.536530,-350.823970,75813.054690,,3.490170,-614.755310
4.448000,0.356320,0.656250,5.188480,212.569850,-350.823490,75948.046880,1.000000,3.328670,-614.755680
4.450000,0.507570,0.867740,4.716800,212.602450,-350.822570,75724.460940,,3.182560,-614.756470
4.452000,0.439640,0.888240,3.763180,212.635650,-350.822450,75993.398440,,3.231260,-614.756530
4.454000,0.285830,0.688290,3.937500,212.669750,-350.823300,75706.531250,,3.437620,-614.755740
4.456000,0.257630,0.607540,4.747560,212.703480,-350.823910,75883.718750,1.000000,3.464540,-614.755370
4.458000,0.365300,0.828000,4.911620,212.735930,-350.823460,75835.195310,,3.327390,-614.755800
4.460000,0.515260,1.045900,3.937500,212.768020,-350.822540,75702.304690,,3.140260,-614.756650
4.462000,0.433230,1.060000,3.476070,212.800990,-350.822360,75974.421880,,3.228700,-614.756590
4.464000,0.308900,0.769040,4.645020,212.835170,-350.823360,75803.554690,1.000000,3.442750,-614.755920
4.466000,0.302490,0.743410,5.506350,212.868880,-350.823910,75940.671880,,3.449160,-614.755620
4.468000,0.443480,0.912600,5.321780,212.901600,-350.823120,75997.625000,,3.240230,-614.756100
4.470000,0.511410,1.010010,3.978520,212.934560,-350.822450,75910.085940,,3.135130,-614.756590
4.472000,0.348630,0.798520,3.824710,212.968830,-350.823060,75787.734380,1.000000,3.378660,-614.756100
4.472000,0.348630,0.798520,3.824710,212.968830,-350.823060,75787.734380,1.000000,3.378660,-614.756100
4.474000,0.270450,0.528080,4.983400,213.003490,-350.823970,75695.984380,,3.502990,-614.755370
4.476000,0.317870,0.612670,5.639650,213.036960,-350.823730,75847.851560,,3.365840,-614.755430
4.478000,0.478090,0.877990,4.952640,213.069240,-350.822810,76077.781250,,3.217160,-614.756350
4.480000,0.485780,0.997190,3.517090,213.101940,-350.822390,76234.929690,1.000000,3.194090,-614.756650
4.482000,0.317870,0.803650,3.752930,213.135850,-350.823120,75900.593750,,3.408140,-614.755920
4.484000,0.252500,0.616520,4.398930,213.169880,-350.823850,75856.289060,,3.485050,-614.755370
4.486000,0.323000,0.751100,5.116700,213.202740,-350.823670,75922.734380,,3.379940,-614.755620
4.488000,0.490910,1.018980,4.429690,213.234850,-350.822720,75921.679690,1.000000,3.183840,-614.756470
4.490000,0.470400,1.093320,3.599120,213.267500,-350.822300,76076.718750,,3.159480,-614.756710
4.492000,0.329410,0.869020,4.398930,213.301500,-350.823120,75900.593750,,3.428650,-614.756040
4.494000,0.280700,0.745970,5.188480,213.335420,-350.823910,76184.296880,,3.479920,-614.755550
4.496000,0.403750,0.889530,5.270510,213.368330,-350.823430,75717.070310,1.000000,3.294070,-614.755980
4.498000,0.515260,1.026670,4.214360,213.401090,-350.822480,75965.976560,,3.144100,-614.756590
4.500000,0.388370,0.885680,4.060550,213.435030,-350.822850,75961.757810,,3.306880,-614.756290
4.502000,0.279420,0.607540,4.798830,213.469730,-350.823850,75807.781250,,3.514530,-614.755490
4.504000,0.288390,0.617800,5.526860,213.503360,-350.823880,75833.085940,1.000000,3.414550,-614.755370
4.506000,0.443480,0.872860,5.157710,213.535780,-350.823000,76026.093750,,3.246640,-614.756100
4.508000,0.506290,1.030520,3.332520,213.568330,-350.822390,75911.140630,,3.183840,-614.756710
4.510000,0.339660,0.865170,3.394040,213.602080,-350.822880,75702.304690,,3.364560,-614.756160
4.512000,0.256350,0.637020,4.419430,213.636370,-350.823730,75832.031250,1.000000,3.495300,-614.755490
4.514000,0.290950,0.674190,5.044920,213.669720,-350.823760,75726.562500,,3.420960,-614.755490
4.516000,0.453740,0.912600,4.962890,213.702100,-350.822940,76106.257810,,3.263310,-614.756290
4.518000,0.501160,1.035640,3.722170,213.734760,-350.822240,75892.148440,,3.133850,-614.756770
4.520000,0.344790,0.867740,4.091310,213.768550,-350.822850,75787.734380,1.000000,3.386350,-614.756230
4.522000,0.273010,0.642150,4.983400,213.802780,-350.823820,75883.718750,,3.524780,-614.755680
4.524000,0.366580,0.806210,5.506350,213.835750,-350.823580,75793.015630,,3.354310,-614.755860
4.526000,0.498600,1.002320,4.542480,213.868150,-350.822570,75835.195310,,3.176150,-614.756530
4.528000,0.431950,0.986940,3.958010,213.901470,-350.822510,75736.062500,1.000000,3.258180,-614.756470
4.530000,0.284550,0.702390,4.993650,213.935930,-350.823580,76096.757810,,3.482480,-614.755680
4.532000,0.266600,0.592160,5.342290,213.969850,-350.823910,75819.375000,,3.470950,-614.755310
4.534000,0.394780,0.811340,5.506350,214.002400,-350.823180,75710.742190,,3.286380,-614.755920
4.536000,0.513980,1.033080,3.783690,214.034670,-350.822390,76109.414060,1.000000,3.174870,-614.756710
4.538000,0.385800,0.936950,3.188960,214.068150,-350.822630,75765.593750,,3.301760,-614.756350
4.540000,0.273010,0.694700,4.265630,214.102430,-350.823520,76085.164060,,3.467100,-614.755620
4.542000,0.262760,0.646000,5.044920,214.136150,-350.823820,75701.250000,,3.451720,-614.755370
4.544000,0.412720,0.861330,5.075680,214.168730,-350.823210,76297.148440,1.000000,3.294070,-614.756100
4.546000,0.510130,1.033080,3.568360,214.201220,-350.822270,76030.320310,,3.146670,-614.756770
4.548000,0.375550,0.934390,3.896480,214.234760,-350.822630,75882.664060,,3.304320,-614.756410
4.550000,0.283260,0.712650,4.798830,214.268980,-350.823700,75840.476560,,3.509400,-614.755680
4.552000,0.329410,0.824160,5.619140,214.302080,-350.823730,75736.062500,1.000000,3.409420,-614.755740
4.554000,0.474240,1.057430,4.962890,214.334400,-350.822750,76450.078130,,3.195370,-614.756410
4.556000,0.470400,1.112550,3.999020,214.367320,-350.822360,75701.250000,,3.215880,-614.756590
4.558000,0.308900,0.835690,4.460450,214.401660,-350.823270,76073.554690,,3.447880,-614.755920
4.560000,0.261470,0.658810,4.850100,214.435930,-350.823940,75843.640630,1.000000,3.497860,-614.755310
4.562000,0.358890,0.769040,5.383300,214.468950,-350.823360,75895.320310,,3.315860,-614.755680
4.564000,0.507570,0.967710,4.183590,214.501480,-350.822510,75775.078130,,3.182560,-614.756530
4.566000,0.428100,0.925420,3.394040,214.534880,-350.822480,75805.664060,,3.246640,-614.756530
4.568000,0.281980,0.658810,4.050290,214.569310,-350.823300,76065.117190,1.000000,3.445310,-614.755740
4.570000,0.252500,0.529360,4.716800,214.603390,-350.823880,75579.960940,,3.461980,-614.755370
4.572000,0.370420,0.740840,5.188480,214.636150,-350.823390,75893.203130,,3.322270,-614.755920
4.574000,0.512700,0.958740,3.547850,214.668430,-350.822480,75843.640630,,3.142820,-614.756710
4.576000,0.412720,0.967710,3.722170,214.701570,-350.822390,75942.781250,1.000000,3.249210,-614.756530
4.578000,0.297360,0.719060,4.624510,214.735630,-350.823490,75543.054690,,3.472230,-614.755860
4.580000,0.305050,0.775450,6.019040,214.768910,-350.823910,75699.140630,,3.450440,-614.755680
4.582000,0.449890,1.040770,5.301270,214.801060,-350.823000,75992.343750,,3.224850,-614.756230
4.584000,0.501160,1.171510,3.978520,214.833600,-350.822390,75738.171880,1.000000,3.154360,-614.756650
4.586000,0.334530,0.956180,4.009280,214.867600,-350.823060,75873.171880,,3.399170,-614.756040
4.588000,0.265320,0.693420,4.604000,214.901990,-350.823910,75738.171880,,3.494020,-614.755370
4.590000,0.321720,0.754940,5.526860,214.935420,-350.823610,76001.843750,,3.353030,-614.755490
4.592000,0.479370,0.920290,4.655270,214.968080,-350.822690,75820.429690,1.000000,3.204350,-614.756410
4.594000,0.470400,0.921570,3.886230,215.001370,-350.822420,75819.375000,,3.208190,-614.756650
4.596000,0.301210,0.676760,3.886230,215.035750,-350.823210,76110.468750,,3.417110,-614.755920
4.598000,0.252500,0.526790,4.645020,215.069930,-350.823910,75926.953130,,3.476070,-614.755370
4.600000,0.337100,0.701110,5.188480,215.102770,-350.823640,76096.757810,1.000000,3.364560,-614.755680
4.602000,0.498600,0.962590,4.183590,215.134920,-350.822660,75953.328130,,3.156920,-614.756530
4.604000,0.448610,1.034360,3.742680,215.167650,-350.822330,76338.289060,,3.188960,-614.756710
4.606000,0.321720,0.813900,4.480960,215.201640,-350.823240,75718.125000,,3.444030,-614.755980
4.608000,0.289670,0.765200,5.680660,215.235240,-350.823970,75694.921880,1.000000,3.470950,-614.755620
4.610000,0.411440,0.962590,5.342290,215.267810,-350.823300,75976.523440,,3.272280,-614.756040
4.612000,0.508850,1.118960,4.019530,215.300370,-350.822390,75935.390630,,3.136410,-614.756590
4.614000,0.372990,0.952330,3.834960,215.334240,-350.822880,76224.382810,,3.331240,-614.756230
4.616000,0.275570,0.649840,4.696290,215.368930,-350.823850,75724.460940,1.000000,3.511960,-614.755490
4.618000,0.296080,0.657530,5.619140,215.402570,-350.823790,75904.804690,,3.401730,-614.755370
4.620000,0.455020,0.860050,5.250000,215.435230,-350.822940,75845.742190,,3.237670,-614.756230
4.622000,0.501160,0.956180,3.629880,215.468050,-350.822390,76006.054690,,3.183840,-614.756710
4.624000,0.324280,0.756230,3.322270,215.502040,-350.822940,75762.421880,1.000000,3.377380,-614.756100
4.624000,0.324280,0.756230,3.322270,215.502040,-350.822940,75762.421880,1.000000,3.377380,-614.756100
4.626000,0.253780,0.538330,4.419430,215.536350,-350.823790,75934.335940,,3.504270,-614.755430
4.628000,0.306340,0.638310,5.065430,215.569430,-350.823760,76016.609380,,3.410710,-614.755550
4.630000,0.467830,0.931820,4.768070,215.601470,-350.822880,75644.296880,,3.236390,-614.756410
4.632000,0.493470,1.076660,3.773440,215.633880,-350.822240,75861.562500,1.000000,3.136410,-614.756770
4.634000,0.337100,0.913880,4.214360,215.667560,-350.822940,75821.492190,,3.409420,-614.756230
4.636000,0.279420,0.747250,5.198730,215.701450,-350.823850,75907.968750,,3.508120,-614.755620
4.638000,0.376830,0.912600,5.239750,215.734330,-350.823520,75823.601560,,3.329960,-614.755920
4.640000,0.505000,1.063840,4.255370,215.766910,-350.822510,75769.812500,1.000000,3.163330,-614.756530
4.642000,0.420410,0.985660,3.896480,215.800550,-350.822630,75967.031250,,3.264590,-614.756410
4.644000,0.284550,0.708800,4.870610,215.835130,-350.823640,75771.914060,,3.483760,-614.755620
4.646000,0.275570,0.660100,5.639650,215.868930,-350.823910,75816.210940,,3.446590,-614.755370
4.648000,0.415280,0.872860,5.414060,215.901580,-350.823150,75822.546880,1.000000,3.263310,-614.755980
4.650000,0.513980,1.031800,3.906740,215.934130,-350.822390,76182.195310,,3.168460,-614.756710
4.652000,0.365300,0.890810,3.158200,215.967820,-350.822780,75960.703130,,3.327390,-614.756290
4.654000,0.265320,0.656250,4.357910,216.002120,-350.823670,75654.843750,,3.477360,-614.755550
4.656000,0.278140,0.651120,5.096190,216.035600,-350.823850,75843.640630,1.000000,3.440190,-614.755430
4.658000,0.431950,0.883120,5.024410,216.067980,-350.823150,75912.195310,,3.278690,-614.756160
4.660000,0.510130,1.042050,3.742680,216.100450,-350.822240,76226.484380,,3.136410,-614.756770
4.662000,0.364010,0.904910,4.019530,216.134050,-350.822660,75778.250000,,3.318420,-614.756350
4.664000,0.280700,0.672910,4.829590,216.168350,-350.823730,75888.992190,1.000000,3.506840,-614.755680
4.666000,0.344790,0.775450,5.383300,216.201570,-350.823670,76003.945310,,3.383790,-614.755740
4.668000,0.484500,0.961300,4.839840,216.234180,-350.822690,75866.843750,,3.179990,-614.756470
4.670000,0.458860,0.983090,4.050290,216.267430,-350.822420,75923.796880,,3.226140,-614.756530
4.672000,0.298650,0.683170,4.593750,216.301960,-350.823390,75858.406250,1.000000,3.449160,-614.755800
4.674000,0.266600,0.543460,5.198730,216.336200,-350.824010,76155.820310,,3.495300,-614.755310
4.676000,0.379390,0.708800,5.465330,216.368970,-350.823330,75774.023440,,3.297910,-614.755740
4.678000,0.517820,0.966430,4.347660,216.401200,-350.822450,75929.070310,,3.164610,-614.756590
4.680000,0.415280,0.948490,3.229980,216.434300,-350.822510,75913.250000,1.000000,3.260740,-614.756470
4.682000,0.287110,0.725460,4.152830,216.468310,-350.823430,75887.929690,,3.450440,-614.755680
4.684000,0.260190,0.651120,4.768070,216.501850,-350.823880,75918.515630,,3.455570,-614.755370
4.686000,0.384520,0.861330,5.085940,216.534330,-350.823360,75836.257810,,3.301760,-614.755920
4.688000,0.520390,1.021550,3.517090,216.566700,-350.822450,76020.820310,1.000000,3.144100,-614.756710
4.690000,0.405030,0.952330,3.517090,216.600100,-350.822450,75620.046880,,3.250490,-614.756470
4.692000,0.299930,0.679320,4.839840,216.634430,-350.823520,75865.789060,,3.464540,-614.755740
4.694000,0.315310,0.722900,5.424320,216.667880,-350.823880,75704.421880,,3.435060,-614.755680
4.696000,0.463990,0.936950,5.260250,216.700470,-350.822970,76029.265630,1.000000,3.208190,-614.756230
4.698000,0.501160,1.010010,4.111820,216.733470,-350.822420,75881.609380,,3.162050,-614.756590
4.700000,0.326840,0.761350,4.316890,216.767820,-350.823180,75695.984380,,3.414550,-614.755920
4.702000,0.262760,0.553710,4.880860,216.802250,-350.824040,75894.257810,,3.500430,-614.755310
4.704000,0.338380,0.688290,5.444820,216.835280,-350.823580,75845.742190,1.000000,3.329960,-614.755550
4.706000,0.499880,0.958740,4.716800,216.867400,-350.822630,75885.828130,,3.182560,-614.756470
4.708000,0.460140,1.016420,3.486330,216.900220,-350.822450,75855.242190,,3.209470,-614.756590
4.710000,0.297360,0.784420,4.173340,216.934220,-350.823240,75952.265630,,3.420960,-614.755860
4.712000,0.261470,0.630620,4.645020,216.968170,-350.823880,75823.601560,1.000000,3.453000,-614.755370
4.714000,0.349910,0.786990,5.116700,217.000980,-350.823550,75677.000000,,3.341490,-614.755680
4.716000,0.507570,0.998470,4.050290,217.033290,-350.822660,76100.984380,,3.145390,-614.756530
4.718000,0.440920,1.016420,3.394040,217.066350,-350.822390,75769.812500,,3.200500,-614.756590
4.720000,0.316590,0.716490,4.491210,217.100690,-350.823360,75854.187500,1.000000,3.438900,-614.755920
4.722000,0.305050,0.644710,5.731930,217.134630,-350.824040,75748.718750,,3.465820,-614.755550
4.724000,0.435790,0.824160,5.455080,217.167340,-350.823300,76187.468750,,3.262020,-614.756040
4.726000,0.516540,0.993350,4.214360,217.200040,-350.822450,75959.656250,,3.123600,-614.756590
4.728000,0.358890,0.842100,4.122070,217.233980,-350.822940,75862.617190,1.000000,3.350460,-614.756160
4.730000,0.270450,0.588320,4.604000,217.268430,-350.823910,75881.609380,,3.514530,-614.755370
4.732000,0.306340,0.666500,5.567870,217.301730,-350.823760,75822.546880,,3.383790,-614.755370
4.734000,0.469120,0.897220,4.901370,217.334050,-350.822850,76248.640630,,3.224850,-614.756230
4.736000,0.498600,0.989500,3.722170,217.366740,-350.822390,75788.789060,1.000000,3.188960,-614.756650
4.738000,0.326840,0.774170,3.517090,217.400760,-350.823060,76072.507810,,3.390200,-614.755980
4.740000,0.258910,0.589600,4.480960,217.434910,-350.823760,75973.359380,,3.487610,-614.755370
4.742000,0.314030,0.698550,5.178220,217.467900,-350.823700,75954.382810,,3.390200,-614.755620
4.744000,0.484500,0.967710,4.460450,217.500080,-350.822810,75675.945310,1.000000,3.214600,-614.756470
4.746000,0.485780,1.044620,3.547850,217.532700,-350.822300,75942.781250,,3.149230,-614.756770
4.748000,0.334530,0.829280,4.296390,217.566680,-350.823090,75825.710940,,3.431210,-614.756100
4.750000,0.280700,0.667790,5.455080,217.600680,-350.823940,75535.664060,,3.504270,-614.755550
4.752000,0.394780,0.834410,5.332030,217.633530,-350.823490,75771.914060,1.000000,3.315860,-614.755920
4.754000,0.515260,1.006160,4.204100,217.666080,-350.822480,75790.898440,,3.154360,-614.756530
4.756000,0.411440,0.921570,3.896480,217.699720,-350.822690,76045.085940,,3.279970,-614.756350
4.758000,0.287110,0.638310,4.809080,217.734330,-350.823730,75643.242190,,3.504270,-614.755550
4.760000,0.283260,0.579350,5.711430,217.768140,-350.823880,75662.234380,1.000000,3.427370,-614.755310
4.762000,0.430660,0.789550,5.270510,217.800830,-350.823090,75886.875000,,3.256900,-614.755980
4.764000,0.513980,0.934390,3.896480,217.833500,-350.822390,75920.625000,,3.172300,-614.756650
4.766000,0.355040,0.772890,3.086430,217.867360,-350.822810,75746.601560,,3.347900,-614.756230
4.768000,0.265320,0.544740,4.163090,217.901670,-350.823700,75838.359380,1.000000,3.486330,-614.755490
4.770000,0.288390,0.575500,5.116700,217.935040,-350.823820,76102.039060,,3.431210,-614.755430
4.772000,0.453740,0.839540,4.942380,217.967270,-350.823090,75907.968750,,3.276120,-614.756230
4.774000,0.507570,1.007450,4.122070,217.999620,-350.822200,75784.578130,,3.131290,-614.756770
4.776000,0.355040,0.890810,4.255370,218.033100,-350.822780,75932.226560,1.000000,3.364560,-614.756230
4.778000,0.278140,0.698550,5.055180,218.067080,-350.823760,75851.023440,,3.524780,-614.755620
4.780000,0.358890,0.857480,5.321780,218.099870,-350.823640,76112.578130,,3.376100,-614.755740
4.782000,0.492190,1.045900,4.542480,218.132220,-350.822630,75812.000000,,3.179990,-614.756470
4.784000,0.447330,1.018980,4.009280,218.165540,-350.822420,76225.429690,1.000000,3.245360,-614.756470
4.784000,0.447330,1.018980,4.009280,218.165540,-350.822420,76225.429690,1.000000,3.245360,-614.756470
4.786000,0.297360,0.698550,4.706540,218.200120,-350.823430,75914.296880,,3.465820,-614.755740
4.788000,0.276860,0.581910,5.455080,218.234300,-350.823910,75882.664060,,3.481200,-614.755310
4.790000,0.390930,0.778020,5.332030,218.267110,-350.823180,75874.218750,,3.291500,-614.755800
4.792000,0.515260,0.977970,4.132320,218.299650,-350.822390,76003.945310,1.000000,3.167180,-614.756590
4.794000,0.402470,0.876710,2.922360,218.333280,-350.822600,76327.734380,,3.288940,-614.756350
4.796000,0.283260,0.613950,4.152830,218.367710,-350.823520,75793.015630,,3.463260,-614.755620
4.798000,0.266600,0.560120,4.983400,218.401440,-350.823910,76006.054690,,3.461980,-614.755370
4.800000,0.410160,0.816470,5.393550,218.433870,-350.823300,75930.117190,1.000000,3.292790,-614.755980
4.802000,0.519100,1.036930,3.793950,218.466080,-350.822300,75890.039060,,3.137700,-614.756770
4.804000,0.393490,0.976680,3.588870,218.499340,-350.822510,75797.234380,,3.272280,-614.756470
4.806000,0.297360,0.748540,4.932130,218.533430,-350.823610,75853.132810,,3.486330,-614.755680
4.808000,0.324280,0.813900,5.291020,218.566600,-350.823760,75907.968750,1.000000,3.423520,-614.755680
4.810000,0.472960,1.008730,5.024410,218.599110,-350.822810,75703.359380,,3.192810,-614.756290
4.812000,0.489620,1.039490,4.132320,218.632170,-350.822390,75896.375000,,3.187680,-614.756530
4.814000,0.323000,0.747250,4.296390,218.666660,-350.823210,75723.406250,,3.426090,-614.755860
4.816000,0.267880,0.528080,5.003910,218.701170,-350.823940,75837.312500,1.000000,3.483760,-614.755310
4.818000,0.355040,0.626770,5.280760,218.734410,-350.823460,75795.125000,,3.319700,-614.755620
4.820000,0.506290,0.839540,4.470700,218.766910,-350.822570,75858.406250,,3.176150,-614.756470
4.822000,0.442200,0.844670,3.394040,218.800130,-350.822480,76077.781250,,3.224850,-614.756470
4.824000,0.285830,0.619080,4.091310,218.834300,-350.823330,75728.671880,1.000000,3.431210,-614.755740
4.826000,0.260190,0.511410,4.809080,218.868180,-350.823940,75868.945310,,3.460690,-614.755370
4.828000,0.366580,0.730590,5.137210,218.900760,-350.823520,75895.320310,,3.326110,-614.755800
4.830000,0.512700,0.967710,4.101560,218.932830,-350.822570,75990.234380,,3.136410,-614.756590
4.832000,0.426820,1.010010,3.281250,218.965670,-350.822390,75829.921880,1.000000,3.224850,-614.756530
4.834000,0.308900,0.767760,4.665530,218.999620,-350.823390,75570.468750,,3.445310,-614.755860
4.836000,0.307620,0.758790,5.475590,219.033100,-350.823940,75868.945310,,3.449160,-614.755620
4.838000,0.442200,0.972840,5.403810,219.065520,-350.823120,76031.375000,,3.237670,-614.756100
4.840000,0.508850,1.092040,4.193850,219.098250,-350.822420,76153.710940,1.000000,3.128720,-614.756590
4.842000,0.346070,0.867740,3.988770,219.132400,-350.823030,75824.656250,,3.374820,-614.756040
4.844000,0.269170,0.575500,4.737300,219.167070,-350.823940,75903.750000,,3.499150,-614.755370
4.846000,0.316590,0.620360,5.362790,219.200620,-350.823700,75797.234380,,3.362000,-614.755430
4.848000,0.479370,0.812620,5.178220,219.233250,-350.822810,76026.093750,1.000000,3.214600,-614.756350
4.850000,0.483220,0.881840,3.558110,219.266200,-350.822390,75954.382810,,3.188960,-614.756650
4.852000,0.314030,0.698550,3.865720,219.300230,-350.823120,75980.742190,,3.399170,-614.755920
4.854000,0.251220,0.548580,4.583500,219.334240,-350.823850,76179.031250,,3.479920,-614.755370
4.856000,0.324280,0.708800,5.239750,219.367020,-350.823700,75702.304690,1.000000,3.373540,-614.755620
4.858000,0.492190,0.981810,4.347660,219.399120,-350.822750,75947.000000,,3.181270,-614.756470
4.860000,0.467830,1.061280,3.322270,219.431750,-350.822360,75970.203130,,3.165890,-614.756710
4.862000,0.328130,0.851070,4.347660,219.465700,-350.823180,75921.679690,,3.433780,-614.756040
4.864000,0.280700,0.752380,5.291020,219.499500,-350.823970,75856.289060,1.000000,3.479920,-614.755550
4.866000,0.401180,0.935670,5.516600,219.532270,-350.823430,75872.109380,,3.292790,-614.755920
4.868000,0.511410,1.079220,4.040040,219.565000,-350.822450,76115.750000,,3.141540,-614.756590
4.870000,0.388370,0.930540,4.040040,219.598920,-350.822810,75711.804690,,3.301760,-614.756290
4.872000,0.276860,0.625490,4.757810,219.633770,-350.823820,75801.445310,1.000000,3.509400,-614.755490
4.874000,0.288390,0.578060,5.567870,219.667680,-350.823850,75632.703130,,3.408140,-614.755370
4.876000,0.444760,0.770320,5.229490,219.700450,-350.823000,76087.273440,,3.246640,-614.756100
4.878000,0.502440,0.892090,3.906740,219.733250,-350.822390,75910.085940,,3.183840,-614.756710
4.880000,0.334530,0.721620,3.455570,219.767150,-350.822910,75849.960940,1.000000,3.363280,-614.756160
4.882000,0.255070,0.528080,4.193850,219.801380,-350.823760,75848.906250,,3.496580,-614.755430
4.884000,0.290950,0.612670,5.157710,219.834500,-350.823760,75898.484380,,3.415830,-614.755490
4.886000,0.453740,0.898500,4.716800,219.866590,-350.822970,76000.789060,,3.262020,-614.756350
4.888000,0.498600,1.036930,3.742680,219.899050,-350.822240,75818.320310,1.000000,3.136410,-614.756770
4.890000,0.343510,0.874150,4.316890,219.932750,-350.822850,76073.554690,,3.385070,-614.756230
4.892000,0.273010,0.671630,5.116700,219.966870,-350.823790,75825.710940,,3.522220,-614.755680
4.894000,0.360170,0.834410,5.742190,219.999880,-350.823580,75706.531250,,3.349180,-614.755860
4.896000,0.497310,1.015140,4.214360,220.032380,-350.822600,75923.796880,1.000000,3.178710,-614.756530
4.898000,0.431950,0.977970,3.999020,220.065870,-350.822510,75735.007810,,3.249210,-614.756470
4.900000,0.281980,0.674190,4.706540,220.100520,-350.823550,76012.390630,,3.477360,-614.755680
4.902000,0.266600,0.565250,5.762700,220.134630,-350.823910,75785.625000,,3.469670,-614.755370
4.904000,0.396060,0.765200,5.680660,220.167370,-350.823180,76171.640630,1.000000,3.274840,-614.755920
4.906000,0.511410,0.952330,4.050290,220.199910,-350.822390,76045.085940,,3.171020,-614.756650
4.908000,0.379390,0.836980,3.301760,220.233510,-350.822660,75926.953130,,3.306880,-614.756350
4.910000,0.271730,0.574220,3.988770,220.267870,-350.823580,75945.937500,,3.465820,-614.755620
4.912000,0.262760,0.520390,4.901370,220.301570,-350.823850,75800.398440,1.000000,3.447880,-614.755370
4.914000,0.412720,0.760070,5.065430,220.334050,-350.823210,76256.015630,,3.288940,-614.756100
4.916000,0.512700,0.949770,3.834960,220.366470,-350.822270,75818.320310,,3.137700,-614.756770
4.918000,0.376830,0.863890,3.896480,220.399900,-350.822570,76152.656250,,3.287660,-614.756470
4.920000,0.284550,0.638310,4.891110,220.434140,-350.823670,75899.531250,1.000000,3.499150,-614.755680
4.922000,0.328130,0.719060,5.465330,220.467380,-350.823760,75883.718750,,3.411990,-614.755680
4.924000,0.476810,0.929260,4.573240,220.499880,-350.822810,75584.179690,,3.194090,-614.756410
4.926000,0.474240,0.985660,4.204100,220.532940,-350.822390,75867.898440,,3.208190,-614.756590
4.928000,0.306340,0.731870,4.409180,220.567280,-350.823270,75901.648440,1.000000,3.441470,-614.755860
4.930000,0.257630,0.588320,5.342290,220.601470,-350.823970,75597.890630,,3.496580,-614.755310
4.932000,0.357600,0.771610,5.414060,220.634230,-350.823360,75829.921880,,3.306880,-614.755680
4.934000,0.505000,1.025390,4.214360,220.666430,-350.822480,75853.132810,,3.173580,-614.756530
4.936000,0.424260,0.980530,3.353030,220.699650,-350.822510,76056.687500,1.000000,3.246640,-614.756470
4.938000,0.278140,0.695980,3.886230,220.733980,-350.823360,75637.976560,,3.442750,-614.755740
4.940000,0.252500,0.567810,5.034670,220.768020,-350.823880,75690.710940,,3.450440,-614.755370
4.942000,0.370420,0.756230,5.167970,220.800860,-350.823390,75909.031250,,3.313290,-614.755920
4.944000,0.511410,0.958740,3.999020,220.833250,-350.822510,75871.062500,1.000000,3.137700,-614.756710
4.946000,0.410160,0.953610,3.363280,220.866530,-350.822390,75690.710940,,3.236390,-614.756530
4.948000,0.296080,0.680600,4.511720,220.900820,-350.823490,75874.218750,,3.459410,-614.755860
4.950000,0.302490,0.693420,5.475590,220.934490,-350.823970,75937.500000,,3.453000,-614.755680
4.952000,0.448610,0.899780,5.485840,220.967130,-350.823090,75873.171880,1.000000,3.221010,-614.756230
4.952000,0.448610,0.899780,5.485840,220.967130,-350.823090,75873.171880,1.000000,3.221010,-614.756230
4.954000,0.503720,1.010010,4.316890,221.000030,-350.822450,75641.132810,,3.145390,-614.756650
4.956000,0.330690,0.806210,4.357910,221.034190,-350.823090,75937.500000,,3.392760,-614.756040
4.958000,0.260190,0.593440,4.962890,221.068540,-350.823970,75954.382810,,3.496580,-614.755370
4.960000,0.319150,0.722900,5.342290,221.101670,-350.823640,75924.851560,1.000000,3.340210,-614.755490
4.962000,0.479370,0.933110,4.645020,221.134050,-350.822660,75899.531250,,3.196660,-614.756410
4.964000,0.467830,0.971560,3.517090,221.167050,-350.822420,76162.148440,,3.199220,-614.756650
4.966000,0.302490,0.744690,3.978520,221.201200,-350.823210,75875.273440,,3.409420,-614.755920
4.968000,0.251220,0.567810,4.829590,221.235380,-350.823880,75876.328130,1.000000,3.461980,-614.755370
4.970000,0.333250,0.692140,5.239750,221.268400,-350.823640,75916.414060,,3.356870,-614.755680
4.972000,0.497310,0.903630,4.173340,221.300830,-350.822720,76075.671880,,3.159480,-614.756530
4.974000,0.448610,0.930540,3.188960,221.333880,-350.822390,76250.742190,,3.177430,-614.756710
4.976000,0.317870,0.690860,4.398930,221.368100,-350.823300,75662.234380,1.000000,3.441470,-614.755980
4.978000,0.287110,0.634460,5.578130,221.401930,-350.824040,75852.078130,,3.473510,-614.755620
4.980000,0.414000,0.862610,5.639650,221.434480,-350.823360,75918.515630,,3.273560,-614.756040
4.982000,0.508850,1.067690,4.286130,221.466920,-350.822420,75856.289060,,3.130000,-614.756650
4.982000,0.508850,1.067690,4.286130,221.466920,-350.822420,75856.289060,,3.130000,-614.756650
4.984000,0.369140,0.927980,3.999020,221.500670,-350.822910,75753.992190,1.000000,3.327390,-614.756230
4.986000,0.269170,0.630620,4.583500,221.535280,-350.823910,75836.257810,,3.522220,-614.755430
4.988000,0.293520,0.638310,5.188480,221.568850,-350.823820,75959.656250,,3.395320,-614.755370
4.990000,0.451170,0.871580,4.993650,221.601380,-350.822940,75663.289060,,3.235110,-614.756230
4.992000,0.499880,1.004880,3.793950,221.634090,-350.822390,75963.867190,1.000000,3.179990,-614.756710
4.994000,0.326840,0.810060,3.527340,221.668050,-350.822970,75760.312500,,3.373540,-614.756100
4.996000,0.253780,0.601140,4.327150,221.702350,-350.823790,75943.835940,,3.496580,-614.755430
4.998000,0.301210,0.674190,5.147460,221.735580,-350.823790,75882.664060,,3.411990,-614.755620
5.000000,0.465270,0.916440,4.583500,221.767900,-350.822940,75777.195310,1.000000,3.240230,-614.756410
5.002000,0.488340,1.011290,3.527340,221.800600,-350.822240,76000.789060,,3.130000,-614.756770
5.004000,0.331970,0.838260,4.316890,221.834460,-350.822970,75614.765630,,3.414550,-614.756160
5.006000,0.274290,0.676760,5.414060,221.868420,-350.823910,75838.359380,,3.513240,-614.755620
5.008000,0.375550,0.885680,5.496090,221.901150,-350.823550,75740.273440,1.000000,3.328670,-614.755920
5.010000,0.501160,1.063840,4.378420,221.933620,-350.822510,76119.960940,,3.164610,-614.756530
5.012000,0.416560,0.992070,3.640140,221.967190,-350.822630,75883.718750,,3.263310,-614.756410
5.014000,0.280700,0.701110,4.798830,222.001830,-350.823640,75641.132810,,3.485050,-614.755680
5.016000,0.273010,0.616520,5.578130,222.035840,-350.823910,75903.750000,1.000000,3.442750,-614.755370
5.018000,0.410160,0.813900,5.362790,222.068680,-350.823120,75932.226560,,3.259460,-614.755980
5.020000,0.511410,0.961300,4.081050,222.101430,-350.822390,76364.656250,,3.164610,-614.756710
5.022000,0.361450,0.801090,3.260740,222.135330,-350.822780,75907.968750,,3.322270,-614.756290
5.024000,0.264040,0.558840,4.152830,222.169800,-350.823700,75893.203130,1.000000,3.477360,-614.755550
5.026000,0.275570,0.551150,4.891110,222.203370,-350.823880,75910.085940,,3.444030,-614.755430
5.028000,0.433230,0.847230,5.260250,222.235580,-350.823180,75940.671880,,3.276120,-614.756230
5.030000,0.508850,1.074100,3.834960,222.267730,-350.822240,76075.671880,,3.127440,-614.756770
5.032000,0.362730,0.977970,4.204100,222.301030,-350.822690,75894.257810,1.000000,3.323550,-614.756350
5.034000,0.278140,0.737000,4.973140,222.335130,-350.823760,76117.859380,,3.514530,-614.755680
5.036000,0.340940,0.834410,5.567870,222.368190,-350.823700,75776.132810,,3.387630,-614.755740
5.038000,0.480650,1.011290,4.706540,222.400760,-350.822690,75955.437500,,3.179990,-614.756410
5.040000,0.461430,1.029240,3.670900,222.434050,-350.822390,75834.140630,1.000000,3.218440,-614.756530
5.042000,0.302490,0.729310,4.583500,222.468630,-350.823360,75830.984380,,3.442750,-614.755800
5.044000,0.267880,0.580630,5.085940,222.503020,-350.823940,75825.710940,,3.487610,-614.755310
5.046000,0.376830,0.719060,5.608890,222.536100,-350.823330,75926.953130,,3.299190,-614.755740
5.048000,0.513980,0.911320,4.193850,222.568760,-350.822480,75987.078130,1.000000,3.165890,-614.756530
5.050000,0.410160,0.834410,3.353030,222.602330,-350.822570,75669.609380,,3.264590,-614.756410
5.052000,0.280700,0.602420,4.081050,222.636630,-350.823490,75820.429690,,3.453000,-614.755680
5.054000,0.261470,0.567810,4.819340,222.670260,-350.823910,75777.195310,,3.458130,-614.755370
5.056000,0.390930,0.847230,5.178220,222.702530,-350.823360,75963.867190,1.000000,3.300480,-614.755920
5.058000,0.522950,1.071530,4.009280,222.734570,-350.822420,75860.507810,,3.135130,-614.756770
5.060000,0.407590,1.030520,3.660640,222.767730,-350.822450,75771.914060,,3.254330,-614.756470
5.062000,0.299930,0.752380,4.593750,222.801880,-350.823550,75931.179690,,3.468380,-614.755740
5.064000,0.312740,0.772890,5.578130,222.835340,-350.823850,75782.468750,1.000000,3.433780,-614.755620
5.066000,0.460140,0.957460,5.075680,222.867950,-350.822940,75945.937500,,3.203060,-614.756230
5.068000,0.503720,1.001040,4.029790,222.901090,-350.822420,75769.812500,,3.162050,-614.756590
5.070000,0.330690,0.719060,4.511720,222.935650,-350.823180,76095.703130,,3.406860,-614.755920
5.072000,0.269170,0.472960,4.952640,222.970310,-350.824040,75751.882810,1.000000,3.488890,-614.755310
5.074000,0.344790,0.575500,5.701170,223.003630,-350.823580,75732.890630,,3.329960,-614.755550
5.076000,0.497310,0.833130,4.460450,223.035980,-350.822660,75834.140630,,3.179990,-614.756470
5.078000,0.456300,0.907470,3.742680,223.068850,-350.822480,75930.117190,,3.205630,-614.756530
5.080000,0.294800,0.717770,3.906740,223.102770,-350.823300,75888.992190,1.000000,3.423520,-614.755800
5.082000,0.265320,0.602420,5.024410,223.136520,-350.823940,75781.414060,,3.460690,-614.755370
5.084000,0.355040,0.807500,5.332030,223.169020,-350.823610,76208.554690,,3.337650,-614.755680
5.086000,0.512700,1.057430,4.091310,223.201050,-350.822660,75998.679690,,3.144100,-614.756530
5.088000,0.442200,1.112550,3.465820,223.233800,-350.822360,75851.023440,1.000000,3.191530,-614.756590
5.090000,0.317870,0.843380,4.091310,223.267870,-350.823330,75933.281250,,3.429930,-614.755920
5.092000,0.305050,0.802370,5.506350,223.301620,-350.824040,75740.273440,,3.459410,-614.755550
5.094000,0.433230,0.963870,5.434570,223.334380,-350.823300,76247.585940,,3.253050,-614.756040
5.096000,0.519100,1.072810,4.398930,223.367320,-350.822480,75771.914060,1.000000,3.124880,-614.756590
5.098000,0.365300,0.843380,4.173340,223.401630,-350.822970,76113.632810,,3.342770,-614.756100
5.100000,0.275570,0.531920,4.798830,223.436490,-350.823940,75789.843750,,3.513240,-614.755370
5.102000,0.312740,0.593440,5.537110,223.470080,-350.823790,75959.656250,,3.378660,-614.755370
5.104000,0.472960,0.852360,4.655270,223.502470,-350.822850,75686.484380,1.000000,3.215880,-614.756230
5.106000,0.496030,0.971560,3.793950,223.535170,-350.822390,75919.578130,,3.181270,-614.756590
5.108000,0.325560,0.784420,3.681150,223.569050,-350.823090,76007.109380,,3.390200,-614.755980
5.110000,0.260190,0.597290,4.634770,223.603120,-350.823820,75665.398440,,3.486330,-614.755370
5.112000,0.319150,0.711360,5.311520,223.636090,-350.823730,75826.757810,1.000000,3.385070,-614.755550
5.114000,0.484500,0.967710,4.357910,223.668300,-350.822850,75816.210940,,3.213320,-614.756410
5.116000,0.489620,1.054870,3.250490,223.700940,-350.822300,75980.742190,,3.141540,-614.756710
5.118000,0.337100,0.860050,4.234860,223.734880,-350.823060,75643.242190,,3.417110,-614.756100
5.120000,0.285830,0.697270,5.537110,223.768910,-350.823940,75661.179690,1.000000,3.502990,-614.755550
5.120000,0.285830,0.697270,5.537110,223.768910,-350.823940,75661.179690,1.000000,3.502990,-614.755550
5.122000,0.397340,0.870300,5.578130,223.801820,-350.823520,75875.273440,,3.315860,-614.755920
5.124000,0.519100,1.035640,4.552730,223.834400,-350.822510,75937.500000,,3.145390,-614.756530
5.126000,0.408870,0.944640,3.834960,223.868070,-350.822720,75812.000000,,3.274840,-614.756290
5.128000,0.287110,0.648560,4.757810,223.902760,-350.823760,75842.585940,1.000000,3.505550,-614.755490
5.130000,0.288390,0.581910,5.424320,223.936570,-350.823910,75875.273440,,3.429930,-614.755310
5.132000,0.435790,0.802370,5.383300,223.969150,-350.823090,75858.406250,,3.250490,-614.755980
5.134000,0.513980,0.971560,4.173340,224.001650,-350.822390,75786.679690,,3.164610,-614.756650
5.136000,0.355040,0.830570,3.558110,224.035320,-350.822810,76007.109380,1.000000,3.341490,-614.756160
5.138000,0.265320,0.608830,4.214360,224.069550,-350.823700,75961.757810,,3.473510,-614.755430
5.140000,0.288390,0.638310,4.819340,224.102920,-350.823790,75951.210940,,3.422240,-614.755430
5.142000,0.449890,0.885680,4.798830,224.135250,-350.823090,75886.875000,,3.272280,-614.756230
5.144000,0.507570,1.030520,3.752930,224.167770,-350.822270,76194.851560,1.000000,3.131290,-614.756770
5.146000,0.357600,0.890810,4.163090,224.201400,-350.822810,75822.546880,,3.355590,-614.756230
5.148000,0.280700,0.693420,5.424320,224.235520,-350.823850,75797.234380,,3.522220,-614.755620
5.150000,0.362730,0.871580,5.537110,224.268400,-350.823670,75904.804690,,3.373540,-614.755740
5.152000,0.496030,1.071530,4.542480,224.300750,-350.822660,75959.656250,1.000000,3.173580,-614.756470
5.154000,0.448610,1.089480,3.722170,224.333920,-350.822420,76254.960940,,3.231260,-614.756470
5.156000,0.293520,0.797240,4.573240,224.368330,-350.823460,75742.390630,,3.464540,-614.755680
5.158000,0.275570,0.674190,5.383300,224.402420,-350.823970,75962.812500,,3.485050,-614.755250
5.160000,0.392210,0.835690,5.783200,224.435230,-350.823210,75970.203130,1.000000,3.286380,-614.755740
5.162000,0.519100,0.998470,4.173340,224.467850,-350.822390,75956.492190,,3.160770,-614.756530
5.164000,0.399900,0.875430,3.086430,224.501560,-350.822600,75819.375000,,3.282530,-614.756350
5.166000,0.285830,0.610110,4.050290,224.536030,-350.823490,76016.609380,,3.453000,-614.755550
5.168000,0.267880,0.531920,4.306640,224.569930,-350.823880,75800.398440,1.000000,3.446590,-614.755370
5.170000,0.407590,0.760070,5.280760,224.602550,-350.823300,75726.562500,,3.291500,-614.755920
5.172000,0.519100,0.952330,3.896480,224.634950,-350.822390,75844.687500,,3.133850,-614.756710
5.174000,0.389650,0.907470,3.896480,224.668270,-350.822570,75886.875000,,3.276120,-614.756410
5.176000,0.298650,0.681880,4.809080,224.702380,-350.823670,75916.414060,1.000000,3.488890,-614.755680
5.178000,0.325560,0.785710,5.434570,224.735400,-350.823880,75688.593750,,3.428650,-614.755680
5.180000,0.472960,1.045900,4.839840,224.767590,-350.822910,75855.242190,,3.190250,-614.756290
5.182000,0.492190,1.151000,3.773440,224.800280,-350.822390,76009.218750,,3.178710,-614.756530
5.184000,0.320430,0.893370,4.583500,224.834430,-350.823210,75814.101560,1.000000,3.423520,-614.755860
5.186000,0.266600,0.710080,5.055180,224.868620,-350.823970,75794.070310,,3.488890,-614.755250
5.188000,0.351200,0.820310,5.526860,224.901700,-350.823460,75704.421880,,3.317140,-614.755620
5.190000,0.503720,1.011290,4.327150,224.934220,-350.822570,76135.789060,,3.169740,-614.756470
5.192000,0.442200,0.943360,3.250490,224.967730,-350.822510,76000.789060,1.000000,3.218440,-614.756470
5.194000,0.285830,0.637020,3.947750,225.002320,-350.823360,75650.632810,,3.435060,-614.755740
5.196000,0.264040,0.487060,4.778320,225.036580,-350.823970,75878.437500,,3.453000,-614.755370
5.198000,0.370420,0.710080,5.301270,225.069310,-350.823550,75979.687500,,3.331240,-614.755800
5.200000,0.515260,0.953610,4.296390,225.101500,-350.822570,76116.804690,1.000000,3.122310,-614.756650
5.202000,0.424260,0.983090,3.568360,225.134480,-350.822390,75839.421880,,3.217160,-614.756530
5.204000,0.305050,0.731870,4.419430,225.168550,-350.823460,75844.687500,,3.453000,-614.755860
5.206000,0.308900,0.749820,5.383300,225.202030,-350.824040,75904.804690,,3.455570,-614.755550
5.208000,0.444760,0.976680,5.567870,225.234380,-350.823180,75982.859380,1.000000,3.233830,-614.756100
5.210000,0.510130,1.107420,4.183590,225.267030,-350.822420,75942.781250,,3.126160,-614.756590
5.212000,0.348630,0.897220,4.163090,225.301070,-350.823030,75866.843750,,3.369690,-614.756100
5.214000,0.269170,0.613950,4.809080,225.335630,-350.823910,76244.414060,,3.495300,-614.755370
5.216000,0.316590,0.688290,5.383300,225.369020,-350.823700,75705.476560,1.000000,3.362000,-614.755430
5.218000,0.474240,0.890810,4.819340,225.401520,-350.822810,75949.101560,,3.204350,-614.756290
5.220000,0.480650,0.936950,3.373540,225.434520,-350.822420,75903.750000,,3.187680,-614.756590
5.222000,0.311460,0.706240,3.916990,225.468670,-350.823180,75928.015630,,3.404300,-614.755920
5.224000,0.255070,0.511410,4.716800,225.502850,-350.823910,75884.773440,1.000000,3.486330,-614.755370
5.226000,0.328130,0.647280,5.496090,225.535780,-350.823730,75865.789060,,3.373540,-614.755680
5.228000,0.490910,0.924130,4.183590,225.567860,-350.822780,76012.390630,,3.177430,-614.756470
5.230000,0.462710,1.033080,3.394040,225.600370,-350.822330,75693.875000,,3.160770,-614.756710
5.232000,0.325560,0.848510,4.234860,225.634170,-350.823180,75858.406250,1.000000,3.429930,-614.756040
5.234000,0.284550,0.761350,5.198730,225.667830,-350.823970,75736.062500,,3.483760,-614.755550
5.236000,0.401180,0.954900,5.649900,225.700470,-350.823430,75971.257810,,3.288940,-614.755920
5.238000,0.508850,1.098450,4.378420,225.733120,-350.822510,76003.945310,,3.141540,-614.756590
5.240000,0.385800,0.938230,4.111820,225.767030,-350.822810,75855.242190,1.000000,3.297910,-614.756230
5.242000,0.275570,0.640870,4.532230,225.801800,-350.823820,75843.640630,,3.502990,-614.755490
5.244000,0.287110,0.631900,5.496090,225.835490,-350.823850,75685.429690,,3.408140,-614.755370
5.246000,0.444760,0.854920,5.188480,225.868100,-350.823000,76063.015630,,3.233830,-614.756160
5.248000,0.499880,0.986940,3.875980,225.900770,-350.822390,75655.898440,1.000000,3.172300,-614.756710
5.250000,0.330690,0.795960,3.916990,225.934680,-350.822940,76175.867190,,3.362000,-614.756160
5.252000,0.251220,0.567810,4.316890,225.968950,-350.823820,75752.929690,,3.497860,-614.755430
5.254000,0.293520,0.635740,5.362790,226.002120,-350.823820,75727.617190,,3.417110,-614.755550
5.256000,0.457580,0.903630,4.655270,226.034270,-350.823000,75980.742190,1.000000,3.253050,-614.756350
5.258000,0.497310,1.043330,3.670900,226.066680,-350.822240,75735.007810,,3.128720,-614.756770
5.260000,0.342220,0.880550,4.152830,226.100330,-350.822850,75894.257810,,3.374820,-614.756230
5.262000,0.273010,0.675480,5.301270,226.134400,-350.823820,75737.117190,,3.517090,-614.755680
5.264000,0.361450,0.830570,5.824220,226.167400,-350.823610,76181.132810,1.000000,3.350460,-614.755860
5.266000,0.493470,0.995910,4.388670,226.200000,-350.822600,76013.445310,,3.167180,-614.756470
5.268000,0.429380,0.957460,3.999020,226.233520,-350.822510,75800.398440,,3.242800,-614.756470
5.270000,0.278140,0.651120,4.470700,226.268170,-350.823580,75994.453130,,3.470950,-614.755680
5.272000,0.266600,0.534480,5.403810,226.302350,-350.823970,75749.773440,1.000000,3.467100,-614.755310
5.274000,0.396060,0.720340,5.803710,226.335100,-350.823210,76263.406250,,3.267150,-614.755920
5.276000,0.508850,0.925420,4.347660,226.367550,-350.822390,75818.320310,,3.158200,-614.756710
5.278000,0.374270,0.839540,3.404300,226.400970,-350.822660,76088.328130,,3.296630,-614.756350
5.280000,0.265320,0.633180,4.173340,226.435040,-350.823610,75938.562500,1.000000,3.459410,-614.755550
5.280000,0.265320,0.633180,4.173340,226.435040,-350.823610,75938.562500,1.000000,3.459410,-614.755550
5.282000,0.258910,0.621640,4.675780,226.468370,-350.823850,75802.500000,,3.441470,-614.755370
5.284000,0.411440,0.877990,4.839840,226.500520,-350.823240,75668.554690,,3.279970,-614.756100
5.286000,0.510130,1.045900,3.691410,226.532810,-350.822360,75884.773440,,3.135130,-614.756770
5.288000,0.375550,0.915160,3.947750,226.566250,-350.822630,76012.390630,1.000000,3.286380,-614.756470
5.290000,0.283260,0.649840,5.178220,226.600560,-350.823700,75640.078130,,3.490170,-614.755740
5.292000,0.324280,0.743410,5.485840,226.633730,-350.823760,75764.539060,,3.405580,-614.755740
5.294000,0.469120,0.972840,4.614260,226.666200,-350.822810,75812.000000,,3.183840,-614.756410
5.296000,0.471680,1.021550,3.814450,226.699280,-350.822390,75992.343750,1.000000,3.191530,-614.756590
5.298000,0.299930,0.726750,4.439940,226.733800,-350.823300,75520.898440,,3.435060,-614.755860
5.300000,0.256350,0.552430,5.444820,226.768200,-350.824040,75692.820310,,3.497860,-614.755310
5.302000,0.356320,0.687010,5.690920,226.801220,-350.823430,75878.437500,,3.297910,-614.755680
5.304000,0.499880,0.927980,4.686040,226.833570,-350.822510,75819.375000,1.000000,3.164610,-614.756530
5.306000,0.415280,0.926700,3.373540,226.866700,-350.822510,75852.078130,,3.233830,-614.756470
5.308000,0.274290,0.697270,3.773440,226.900770,-350.823360,75686.484380,,3.437620,-614.755740
5.310000,0.253780,0.602420,4.747560,226.934520,-350.823910,76059.851560,,3.440190,-614.755370
5.312000,0.369140,0.810060,5.219240,226.967060,-350.823430,75820.429690,1.000000,3.308170,-614.755920
5.314000,0.508850,0.993350,4.204100,226.999330,-350.822540,75727.617190,,3.131290,-614.756770
5.316000,0.406310,0.979250,3.732420,227.032530,-350.822420,75892.148440,,3.226140,-614.756530
5.318000,0.289670,0.698550,4.562990,227.066730,-350.823520,75928.015630,,3.453000,-614.755860
5.320000,0.298650,0.684450,5.403810,227.100400,-350.824040,75953.328130,1.000000,3.447880,-614.755680
5.322000,0.449890,0.854920,5.147460,227.133070,-350.823150,75786.679690,,3.217160,-614.756230
5.324000,0.506290,0.957460,4.214360,227.165970,-350.822450,76261.296880,,3.130000,-614.756710
5.326000,0.326840,0.752380,4.337400,227.200200,-350.823090,75846.796880,,3.378660,-614.756040
5.328000,0.253780,0.521670,5.362790,227.234620,-350.824040,75785.625000,1.000000,3.497860,-614.755370
5.330000,0.314030,0.651120,5.516600,227.267750,-350.823670,75823.601560,,3.335080,-614.755490
5.332000,0.476810,0.907470,4.696290,227.300000,-350.822750,75941.726560,,3.190250,-614.756410
5.334000,0.463990,0.957460,3.291500,227.332860,-350.822480,76445.859380,,3.191530,-614.756650
5.336000,0.296080,0.712650,3.783690,227.366940,-350.823270,75732.890630,1.000000,3.409420,-614.755920
5.338000,0.247380,0.547300,4.880860,227.401000,-350.823910,76250.742190,,3.456850,-614.755370
5.340000,0.329410,0.702390,5.414060,227.433820,-350.823640,75936.445310,,3.344060,-614.755740
5.342000,0.496030,0.980530,4.357910,227.465900,-350.822720,76002.890630,,3.156920,-614.756590
5.344000,0.448610,1.036930,3.178710,227.498660,-350.822390,75796.179690,1.000000,3.167180,-614.756710
5.346000,0.315310,0.781860,4.296390,227.532730,-350.823330,75818.320310,,3.433780,-614.755980
5.348000,0.284550,0.685730,5.044920,227.566570,-350.824100,75903.750000,,3.479920,-614.755620
5.350000,0.412720,0.857480,5.557620,227.599320,-350.823460,75679.109380,,3.273560,-614.756040
5.352000,0.512700,1.015140,4.552730,227.631970,-350.822480,76012.390630,1.000000,3.121030,-614.756650
5.354000,0.367860,0.866460,4.316890,227.665880,-350.822850,75760.312500,,3.309450,-614.756230
5.356000,0.264040,0.590880,4.696290,227.700500,-350.823910,75878.437500,,3.514530,-614.755430
5.358000,0.288390,0.606260,5.311520,227.734070,-350.823850,75842.585940,,3.391480,-614.755370
5.360000,0.448610,0.822880,4.850100,227.766650,-350.822970,75770.859380,1.000000,3.231260,-614.756230
5.362000,0.494750,0.915160,3.517090,227.799500,-350.822390,75963.867190,,3.172300,-614.756710
5.364000,0.321720,0.708800,3.742680,227.833530,-350.823000,75687.539060,,3.370970,-614.756100
5.366000,0.249940,0.496030,4.562990,227.867840,-350.823820,75885.828130,,3.492740,-614.755430
5.368000,0.299930,0.578060,5.321780,227.901030,-350.823790,75839.421880,1.000000,3.400450,-614.755620
5.370000,0.465270,0.860050,4.665530,227.933180,-350.822940,75963.867190,,3.235110,-614.756470
5.372000,0.489620,0.975400,3.281250,227.965650,-350.822270,75838.359380,,3.128720,-614.756770
5.374000,0.329410,0.825440,4.275880,227.999300,-350.823000,75677.000000,,3.404300,-614.756230
5.376000,0.273010,0.662660,5.178220,228.033160,-350.823940,75874.218750,1.000000,3.515810,-614.755620
5.378000,0.374270,0.872860,5.762700,228.065800,-350.823640,75905.859380,,3.336360,-614.755920
5.380000,0.501160,1.070250,4.501460,228.098070,-350.822570,76155.820310,,3.158200,-614.756590
5.382000,0.415280,1.006160,3.968260,228.131500,-350.822630,75840.476560,,3.255620,-614.756410
5.384000,0.276860,0.675480,4.614260,228.166110,-350.823670,75857.343750,1.000000,3.485050,-614.755680
5.386000,0.267880,0.565250,5.250000,228.200120,-350.823940,75901.648440,,3.446590,-614.755370
5.388000,0.405030,0.788270,5.455080,228.232850,-350.823150,75957.539060,,3.259460,-614.755980
5.390000,0.508850,0.972840,4.050290,228.265400,-350.822390,75995.507810,,3.158200,-614.756710
5.392000,0.362730,0.831850,3.537600,228.299180,-350.822750,76029.265630,1.000000,3.314580,-614.756290
5.394000,0.260190,0.581910,4.111820,228.333600,-350.823700,76138.945310,,3.472230,-614.755550
5.396000,0.271730,0.557560,5.106450,228.367220,-350.823910,75753.992190,,3.440190,-614.755430
5.398000,0.429380,0.813900,4.798830,228.399630,-350.823210,75852.078130,,3.276120,-614.756230
5.400000,0.506290,0.990780,3.742680,228.432020,-350.822270,76027.156250,1.000000,3.128720,-614.756770
5.402000,0.360170,0.892090,4.019530,228.465450,-350.822690,75844.687500,,3.318420,-614.756350
5.404000,0.276860,0.678040,5.075680,228.499570,-350.823760,75860.507810,,3.511960,-614.755680
5.406000,0.339660,0.812620,5.783200,228.532500,-350.823760,75943.835940,,3.392760,-614.755740
5.408000,0.479370,1.017700,4.470700,228.564900,-350.822750,75950.156250,1.000000,3.182560,-614.756470
5.410000,0.458860,1.021550,3.814450,228.598070,-350.822390,75668.554690,,3.218440,-614.756530
5.412000,0.294800,0.703670,4.604000,228.632570,-350.823360,75782.468750,,3.447880,-614.755800
5.414000,0.261470,0.549870,5.003910,228.666850,-350.823970,75622.148440,,3.492740,-614.755310
5.416000,0.370420,0.689580,5.670410,228.699830,-350.823330,76003.945310,1.000000,3.294070,-614.755740
5.416000,0.370420,0.689580,5.670410,228.699830,-350.823330,76003.945310,1.000000,3.294070,-614.755740
5.418000,0.512700,0.893370,4.409180,228.732330,-350.822450,75920.625000,,3.164610,-614.756590
5.420000,0.411440,0.826720,3.435060,228.765790,-350.822510,75866.843750,,3.254330,-614.756470
5.422000,0.276860,0.570370,3.834960,228.800170,-350.823430,75914.296880,,3.450440,-614.755680
5.424000,0.255070,0.487060,4.716800,228.834030,-350.823910,75812.000000,1.000000,3.458130,-614.755370
5.426000,0.385800,0.733150,5.178220,228.866550,-350.823390,75884.773440,,3.300480,-614.755920
5.428000,0.519100,0.961300,3.999020,228.898700,-350.822450,75758.203130,,3.131290,-614.756770
5.430000,0.401180,0.951050,3.968260,228.931790,-350.822450,76033.476560,,3.250490,-614.756470
5.432000,0.296080,0.695980,4.839840,228.965880,-350.823580,75859.453130,1.000000,3.473510,-614.755800
5.434000,0.312740,0.734440,5.772950,228.999180,-350.823910,75683.320310,,3.438900,-614.755680
5.436000,0.458860,0.972840,4.973140,229.031520,-350.822970,75872.109380,,3.204350,-614.756230
5.438000,0.501160,1.060000,3.927250,229.064330,-350.822390,75839.421880,,3.154360,-614.756590
5.440000,0.325560,0.801090,4.296390,229.098600,-350.823120,75901.648440,1.000000,3.405580,-614.755920
5.442000,0.261470,0.558840,5.270510,229.133070,-350.824010,75789.843750,,3.491460,-614.755310
5.444000,0.334530,0.653690,5.742190,229.166320,-350.823580,76173.757810,,3.331240,-614.755550
5.446000,0.497310,0.874150,4.737300,229.198810,-350.822660,76012.390630,,3.178710,-614.756470
5.448000,0.457580,0.875430,3.599120,229.231950,-350.822480,75998.679690,1.000000,3.200500,-614.756530
5.450000,0.289670,0.637020,3.783690,229.266200,-350.823300,75926.953130,,3.423520,-614.755800
5.452000,0.260190,0.501160,4.686040,229.300200,-350.823940,75786.679690,,3.459410,-614.755370
5.454000,0.353760,0.715210,5.291020,229.332820,-350.823610,76175.867190,,3.340210,-614.755740
5.456000,0.510130,0.990780,4.532230,229.364850,-350.822660,75893.203130,1.000000,3.136410,-614.756590
5.458000,0.439640,1.045900,3.424800,229.397640,-350.822390,76104.140630,,3.192810,-614.756590
5.460000,0.314030,0.786990,4.337400,229.431730,-350.823360,75950.156250,,3.438900,-614.755920
5.462000,0.299930,0.747250,5.342290,229.465450,-350.824040,75899.531250,,3.464540,-614.755550
5.464000,0.430660,0.931820,5.147460,229.498120,-350.823300,75810.937500,1.000000,3.258180,-614.756040
5.466000,0.517820,1.054870,4.368160,229.530940,-350.822450,75841.523440,,3.122310,-614.756590
5.468000,0.364010,0.853640,4.316890,229.565120,-350.822940,76040.867190,,3.338930,-614.756100
5.470000,0.271730,0.543460,4.901370,229.599950,-350.823910,75547.273440,,3.515810,-614.755370
5.472000,0.306340,0.567810,5.670410,229.633620,-350.823790,75933.281250,1.000000,3.381230,-614.755370
5.474000,0.469120,0.783140,4.665530,229.666200,-350.822880,75702.304690,,3.217160,-614.756230
5.476000,0.497310,0.871580,3.619630,229.699080,-350.822390,75989.187500,,3.181270,-614.756650
5.478000,0.321720,0.667790,3.640140,229.733080,-350.823090,75668.554690,,3.390200,-614.755980
5.480000,0.257630,0.472960,4.716800,229.767230,-350.823850,75735.007810,1.000000,3.494020,-614.755370
5.482000,0.316590,0.613950,5.567870,229.800090,-350.823760,75965.976560,,3.386350,-614.755550
5.484000,0.484500,0.930540,4.614260,229.832000,-350.822850,75693.875000,,3.212040,-614.756470
5.486000,0.485780,1.065120,3.322270,229.864350,-350.822300,75853.132810,,3.137700,-614.756770
5.488000,0.335820,0.885680,3.906740,229.898130,-350.823060,75708.640630,1.000000,3.415830,-614.756100
5.490000,0.281980,0.715210,5.311520,229.932100,-350.823940,75974.421880,,3.504270,-614.755550
5.492000,0.392210,0.895940,5.444820,229.965030,-350.823550,75714.960940,,3.318420,-614.755920
5.494000,0.517820,1.058720,4.757810,229.997680,-350.822510,75749.773440,,3.146670,-614.756530
5.496000,0.412720,0.954900,4.163090,230.031480,-350.822720,75919.578130,1.000000,3.268430,-614.756290
5.498000,0.284550,0.638310,4.839840,230.066350,-350.823760,75943.835940,,3.504270,-614.755490
5.500000,0.283260,0.554990,5.332030,230.100400,-350.823910,75891.093750,,3.427370,-614.755310
5.502000,0.431950,0.776730,5.219240,230.133120,-350.823090,75871.062500,,3.249210,-614.755980
5.504000,0.515260,0.930540,4.009280,230.165830,-350.822390,76098.867190,1.000000,3.165890,-614.756650
5.506000,0.356320,0.763920,3.619630,230.199650,-350.822850,75871.062500,,3.340210,-614.756230
5.508000,0.265320,0.530640,4.562990,230.233980,-350.823730,75787.734380,,3.483760,-614.755430
5.510000,0.288390,0.549870,5.024410,230.267380,-350.823820,75854.187500,,3.427370,-614.755430
5.512000,0.448610,0.802370,4.716800,230.299650,-350.823120,76099.929690,1.000000,3.272280,-614.756230
5.514000,0.512700,0.954900,3.445310,230.332150,-350.822240,76314.023440,,3.128720,-614.756770
5.516000,0.361450,0.825440,4.009280,230.365680,-350.822750,75779.304690,,3.345340,-614.756230
5.518000,0.283260,0.621640,5.188480,230.399830,-350.823760,75839.421880,,3.517090,-614.755620
5.520000,0.357600,0.770320,5.854980,230.432850,-350.823670,75866.843750,1.000000,3.377380,-614.755740
5.522000,0.497310,0.965150,4.655270,230.465350,-350.822690,75911.140630,,3.177430,-614.756470
5.524000,0.452450,0.970280,3.824710,230.498670,-350.822450,75817.265630,,3.229980,-614.756470
5.526000,0.290950,0.663940,4.460450,230.533250,-350.823490,75890.039060,,3.468380,-614.755680
5.528000,0.274290,0.546020,5.034670,230.567440,-350.823970,75895.320310,1.000000,3.487610,-614.755250
5.530000,0.392210,0.748540,5.639650,230.600130,-350.823210,75785.625000,,3.279970,-614.755740
5.532000,0.519100,0.992070,4.521970,230.632400,-350.822390,75947.000000,,3.162050,-614.756530
5.534000,0.402470,0.920290,3.486330,230.665760,-350.822600,75757.148440,,3.282530,-614.756350
5.536000,0.287110,0.651120,4.019530,230.700040,-350.823520,75989.187500,1.000000,3.454280,-614.755550
5.538000,0.269170,0.560120,4.480960,230.733830,-350.823880,75742.390630,,3.446590,-614.755370
5.540000,0.406310,0.788270,4.942380,230.766400,-350.823300,75815.156250,,3.291500,-614.755920
5.542000,0.522950,0.976680,3.527340,230.798750,-350.822390,75997.625000,,3.133850,-614.756710
5.544000,0.396060,0.908750,3.947750,230.832170,-350.822510,75694.921880,1.000000,3.260740,-614.756410
5.546000,0.299930,0.656250,4.973140,230.866470,-350.823640,75740.273440,,3.482480,-614.755680
5.548000,0.325560,0.703670,5.701170,230.899900,-350.823910,75514.578130,,3.433780,-614.755620
5.550000,0.475520,0.925420,4.993650,230.932480,-350.822940,76061.953130,,3.197940,-614.756230
5.552000,0.498600,0.992070,3.763180,230.965550,-350.822390,75999.734380,1.000000,3.164610,-614.756530
5.554000,0.321720,0.728030,4.337400,231.000000,-350.823210,75660.125000,,3.424800,-614.755860
5.556000,0.265320,0.547300,5.239750,231.034380,-350.824040,75820.429690,,3.499150,-614.755190
5.558000,0.351200,0.699830,5.608890,231.067370,-350.823490,75838.359380,,3.314580,-614.755550
5.560000,0.507570,0.951050,4.778320,231.099620,-350.822540,76254.960940,1.000000,3.167180,-614.756470
5.562000,0.443480,0.926700,3.527340,231.132830,-350.822480,75964.921880,,3.217160,-614.756470
5.564000,0.288390,0.669070,3.855470,231.167100,-350.823360,75886.875000,,3.433780,-614.755740
5.566000,0.262760,0.539610,4.419430,231.201100,-350.823910,75858.406250,,3.438900,-614.755370
5.568000,0.366580,0.729310,5.311520,231.233830,-350.823490,75919.578130,1.000000,3.324830,-614.755800
5.570000,0.519100,0.938230,4.224610,231.266130,-350.822630,75998.679690,,3.128720,-614.756590
5.572000,0.430660,0.940800,3.619630,231.299300,-350.822420,75881.609380,,3.212040,-614.756530
5.574000,0.308900,0.649840,4.511720,231.333600,-350.823460,76169.531250,,3.447880,-614.755860
5.576000,0.312740,0.622920,5.485840,231.367400,-350.824070,75772.976560,1.000000,3.460690,-614.755550
5.576000,0.312740,0.622920,5.485840,231.367400,-350.824070,75772.976560,1.000000,3.460690,-614.755550
5.578000,0.448610,0.842100,5.455080,231.399950,-350.823240,75956.492190,,3.238950,-614.756100
5.580000,0.517820,1.020260,3.988770,231.432570,-350.822420,75909.031250,,3.114620,-614.756590
5.582000,0.349910,0.863890,4.419430,231.466520,-350.823000,75881.609380,,3.360720,-614.756040
5.584000,0.269170,0.592160,4.809080,231.501020,-350.823970,75875.273440,1.000000,3.510680,-614.755310
5.586000,0.311460,0.657530,5.772950,231.534390,-350.823760,75822.546880,,3.360720,-614.755370
5.588000,0.474240,0.880550,4.552730,231.566880,-350.822810,76194.851560,,3.206910,-614.756230
5.590000,0.485780,0.939510,3.486330,231.599820,-350.822390,75709.687500,,3.177430,-614.756590
5.592000,0.315310,0.726750,3.793950,231.633930,-350.823150,75910.085940,1.000000,3.399170,-614.755920
5.594000,0.257630,0.542180,4.460450,231.668110,-350.823850,75757.148440,,3.474790,-614.755370
5.596000,0.328130,0.680600,5.475590,231.701080,-350.823730,75867.898440,,3.369690,-614.755680
5.598000,0.494750,0.940800,4.634770,231.733280,-350.822810,75947.000000,,3.183840,-614.756470
5.600000,0.469120,1.003600,3.527340,231.766020,-350.822360,75903.750000,1.000000,3.147950,-614.756710
5.602000,0.326840,0.780580,3.988770,231.800080,-350.823210,75884.773440,,3.432500,-614.755980
5.604000,0.285830,0.670350,5.434570,231.833920,-350.824040,75681.218750,,3.491460,-614.755550
5.606000,0.406310,0.889530,5.598630,231.866550,-350.823490,75945.937500,,3.292790,-614.755920
5.608000,0.519100,1.079220,4.357910,231.899030,-350.822480,75722.343750,1.000000,3.132570,-614.756590
5.610000,0.390930,0.954900,4.439940,231.932750,-350.822810,76050.351560,,3.286380,-614.756230
5.612000,0.275570,0.648560,4.757810,231.967500,-350.823820,75816.210940,,3.509400,-614.755430
5.614000,0.285830,0.615230,5.526860,232.001330,-350.823910,75686.484380,,3.408140,-614.755310
5.616000,0.443480,0.836980,5.003910,232.034030,-350.823030,75923.796880,1.000000,3.238950,-614.756040
5.618000,0.507570,0.954900,3.968260,232.066880,-350.822390,75870.007810,,3.159480,-614.756650
5.620000,0.335820,0.734440,3.517090,232.101030,-350.822940,75925.906250,,3.354310,-614.756100
5.622000,0.255070,0.480650,4.645020,232.135570,-350.823790,75824.656250,,3.496580,-614.755430
5.624000,0.292240,0.525510,5.434570,232.169020,-350.823880,76063.015630,1.000000,3.417110,-614.755490
5.626000,0.460140,0.810060,4.911620,232.201250,-350.823060,76022.929690,,3.253050,-614.756290
5.628000,0.498600,0.994630,3.752930,232.233550,-350.822240,75891.093750,,3.119750,-614.756770
5.630000,0.343510,0.899780,3.906740,232.266910,-350.822850,75827.820310,,3.374820,-614.756230
5.632000,0.274290,0.715210,5.280760,232.300720,-350.823880,75861.562500,1.000000,3.523500,-614.755620
5.634000,0.365300,0.902340,5.711430,232.333400,-350.823640,76160.046880,,3.355590,-614.755860
5.636000,0.497310,1.072810,4.891110,232.365770,-350.822660,75867.898440,,3.168460,-614.756470
5.638000,0.434510,1.022830,3.886230,232.399200,-350.822510,76085.164060,,3.235110,-614.756470
5.640000,0.280700,0.711360,4.593750,232.433870,-350.823520,75981.796880,1.000000,3.463260,-614.755680
5.642000,0.266600,0.597290,5.219240,232.468080,-350.823940,75926.953130,,3.463260,-614.755250
5.644000,0.394780,0.779300,5.229490,232.501010,-350.823210,75834.140630,,3.265870,-614.755860
5.646000,0.512700,0.943360,4.368160,232.533750,-350.822390,75876.328130,,3.147950,-614.756590
5.648000,0.378110,0.799800,3.465820,232.567660,-350.822720,76306.648440,1.000000,3.297910,-614.756290
5.650000,0.267880,0.519100,4.398930,232.602250,-350.823670,75675.945310,,3.464540,-614.755550
5.652000,0.267880,0.489620,4.932130,232.635960,-350.823940,75728.671880,,3.446590,-614.755370
5.654000,0.417850,0.803650,4.932130,232.668120,-350.823270,75694.921880,,3.272280,-614.756100
5.656000,0.515260,1.040770,3.547850,232.700180,-350.822300,76057.742190,1.000000,3.126160,-614.756770
5.658000,0.378110,0.965150,3.937500,232.733370,-350.822630,75674.890630,,3.283810,-614.756470
5.660000,0.287110,0.728030,5.096190,232.767460,-350.823730,75719.187500,,3.488890,-614.755680
5.662000,0.325560,0.807500,5.783200,232.800510,-350.823820,75814.101560,,3.411990,-614.755680
5.664000,0.472960,1.008730,4.942380,232.832990,-350.822850,75739.226560,1.000000,3.181270,-614.756350
5.666000,0.479370,1.036930,3.804200,232.866120,-350.822390,75830.984380,,3.185120,-614.756530
5.668000,0.306340,0.712650,4.214360,232.900700,-350.823270,75572.585940,,3.426090,-614.755800
5.670000,0.260190,0.513980,5.116700,232.935260,-350.824040,75984.960940,,3.495300,-614.755250
5.672000,0.360170,0.631900,5.629390,232.968430,-350.823430,75836.257810,1.000000,3.291500,-614.755680
5.674000,0.507570,0.857480,4.983400,233.000930,-350.822510,75882.664060,,3.159480,-614.756530
5.676000,0.419130,0.839540,3.681150,233.034270,-350.822540,75906.914060,,3.233830,-614.756470
5.678000,0.270450,0.625490,4.040040,233.068420,-350.823460,75970.203130,,3.440190,-614.755680
5.680000,0.255070,0.556270,4.562990,233.102130,-350.823970,75870.007810,1.000000,3.446590,-614.755370
5.682000,0.374270,0.797240,5.106450,233.134520,-350.823490,75791.960940,,3.304320,-614.755920
5.684000,0.512700,1.033080,4.091310,233.166520,-350.822540,76183.242190,,3.128720,-614.756710
5.686000,0.411440,1.044620,3.763180,233.199480,-350.822420,75851.023440,,3.223570,-614.756530
5.688000,0.294800,0.779300,4.860350,233.233520,-350.823490,75774.023440,1.000000,3.447880,-614.755860
5.690000,0.301210,0.798520,5.547360,233.267000,-350.823970,75851.023440,,3.440190,-614.755620
5.692000,0.446040,1.003600,5.178220,233.299470,-350.823120,75920.625000,,3.212040,-614.756230
5.694000,0.505000,1.095890,3.742680,233.332380,-350.822480,76228.593750,,3.128720,-614.756590
5.696000,0.330690,0.826720,4.234860,233.366810,-350.823120,75832.031250,1.000000,3.374820,-614.755980
5.698000,0.258910,0.537050,5.024410,233.401550,-350.824040,76080.937500,,3.499150,-614.755370
5.700000,0.319150,0.612670,5.957520,233.435040,-350.823700,75939.617190,,3.335080,-614.755490
5.702000,0.476810,0.856200,4.870610,233.467500,-350.822720,75963.867190,,3.178710,-614.756410
5.704000,0.462710,0.929260,3.465820,233.500440,-350.822480,75905.859380,1.000000,3.188960,-614.756650
5.706000,0.294800,0.716490,3.824710,233.534530,-350.823300,75900.593750,,3.406860,-614.755920
5.708000,0.249940,0.565250,4.347660,233.568500,-350.823970,75998.679690,,3.461980,-614.755370
5.710000,0.334530,0.739560,5.475590,233.601260,-350.823700,75714.960940,,3.345340,-614.755740
5.712000,0.493470,0.986940,4.521970,233.633410,-350.822750,76005.007810,1.000000,3.151790,-614.756590
5.714000,0.447330,1.045900,3.578610,233.666170,-350.822390,75907.968750,,3.164610,-614.756710
5.716000,0.315310,0.798520,4.296390,233.700270,-350.823300,75932.226560,,3.420960,-614.755980
5.718000,0.283260,0.716490,5.167970,233.734130,-350.824100,75763.484380,,3.473510,-614.755620
5.720000,0.412720,0.885680,5.424320,233.766910,-350.823460,75859.453130,1.000000,3.267150,-614.756040
5.722000,0.512700,1.022830,4.122070,233.799680,-350.822510,76006.054690,,3.117190,-614.756650
5.724000,0.367860,0.860050,4.378420,233.833650,-350.822910,75658.007810,,3.306880,-614.756230
5.726000,0.262760,0.579350,4.983400,233.868350,-350.823940,75827.820310,,3.515810,-614.755430
5.728000,0.283260,0.593440,5.680660,233.901900,-350.823910,75544.109380,1.000000,3.390200,-614.755370
5.730000,0.448610,0.830570,5.116700,233.934330,-350.822970,75940.671880,,3.219730,-614.756160
5.732000,0.494750,0.949770,3.506840,233.966980,-350.822420,75965.976560,,3.165890,-614.756710
5.734000,0.321720,0.761350,3.619630,234.000790,-350.823060,75728.671880,,3.370970,-614.756100
5.736000,0.252500,0.570370,4.347660,234.034880,-350.823820,75957.539060,1.000000,3.483760,-614.755430
5.736000,0.252500,0.570370,4.347660,234.034880,-350.823820,75957.539060,1.000000,3.483760,-614.755430
5.738000,0.297360,0.667790,5.373050,234.067930,-350.823760,75930.117190,,3.386350,-614.755620
5.740000,0.458860,0.940800,4.798830,234.100100,-350.822970,76050.351560,,3.233830,-614.756410
5.742000,0.485780,1.058720,3.568360,234.132630,-350.822330,75840.476560,,3.123600,-614.756770
5.744000,0.329410,0.883120,4.060550,234.166430,-350.823030,75893.203130,1.000000,3.395320,-614.756230
5.746000,0.271730,0.693420,5.003910,234.200500,-350.824010,75903.750000,,3.517090,-614.755620
5.746000,0.271730,0.693420,5.003910,234.200500,-350.824010,75903.750000,,3.517090,-614.755620
5.748000,0.374270,0.881840,5.813960,234.233400,-350.823670,75878.437500,,3.335080,-614.755920
5.750000,0.501160,1.063840,4.624510,234.265900,-350.822600,75909.031250,,3.150510,-614.756590
5.752000,0.412720,1.021550,4.091310,234.299350,-350.822600,75970.203130,1.000000,3.241520,-614.756410
5.754000,0.269170,0.735720,4.850100,234.333890,-350.823700,76126.289060,,3.487610,-614.755620
5.756000,0.264040,0.662660,5.496090,234.367720,-350.824010,75836.257810,,3.446590,-614.755310
5.758000,0.402470,0.889530,5.219240,234.400270,-350.823180,75739.226560,,3.251770,-614.755920
5.760000,0.505000,1.040770,3.978520,234.432830,-350.822390,75871.062500,1.000000,3.153080,-614.756710
5.762000,0.358890,0.861330,3.445310,234.466640,-350.822810,75972.312500,,3.310730,-614.756290
5.764000,0.260190,0.594730,4.306640,234.501130,-350.823700,75915.351560,,3.465820,-614.755550
5.766000,0.270450,0.562680,5.055180,234.534820,-350.823910,75847.851560,,3.429930,-614.755490
5.768000,0.425540,0.813900,4.747560,234.567280,-350.823210,76086.218750,1.000000,3.269710,-614.756230
5.770000,0.503720,0.974120,3.578610,234.599820,-350.822300,75839.421880,,3.118470,-614.756770
5.772000,0.355040,0.858760,3.937500,234.633410,-350.822720,75690.710940,,3.309450,-614.756350
5.774000,0.275570,0.648560,5.075680,234.667600,-350.823820,75679.109380,,3.506840,-614.755680
5.776000,0.340940,0.785710,5.885740,234.700550,-350.823820,76020.820310,1.000000,3.400450,-614.755800
5.778000,0.483220,1.017700,4.901370,234.732880,-350.822810,75940.671880,,3.171020,-614.756470
5.780000,0.460140,1.067690,4.101560,234.765870,-350.822390,75821.492190,,3.203060,-614.756590
5.782000,0.290950,0.801090,4.214360,234.800080,-350.823360,75784.578130,,3.442750,-614.755800
5.784000,0.257630,0.693420,5.096190,234.834050,-350.824040,75635.867190,1.000000,3.490170,-614.755250
5.786000,0.366580,0.865170,5.629390,234.866730,-350.823330,76010.273440,,3.287660,-614.755680
5.788000,0.507570,1.057430,4.429690,234.899090,-350.822510,75623.210940,,3.155640,-614.756530
5.790000,0.407590,0.956180,3.793950,234.932650,-350.822570,76181.132810,,3.247920,-614.756470
5.792000,0.273010,0.651120,3.988770,234.967180,-350.823460,75887.929690,1.000000,3.440190,-614.755680
5.794000,0.255070,0.519100,4.757810,235.001280,-350.823940,75669.609380,,3.446590,-614.755370
5.796000,0.383240,0.738280,5.055180,235.033980,-350.823430,75847.851560,,3.299190,-614.755980
5.798000,0.515260,0.965150,3.916990,235.066250,-350.822480,75685.429690,,3.117190,-614.756770
5.800000,0.394780,0.945920,3.804200,235.099460,-350.822510,75868.945310,1.000000,3.245360,-614.756470
5.802000,0.292240,0.693420,4.962890,235.133610,-350.823640,75799.335940,,3.467100,-614.755800
5.804000,0.311460,0.756230,5.957520,235.166900,-350.824010,76218.054690,,3.437620,-614.755680
5.806000,0.457580,1.004880,5.178220,235.199170,-350.823060,75957.539060,,3.203060,-614.756290
5.808000,0.497310,1.112550,4.060550,235.231920,-350.822420,75797.234380,1.000000,3.142820,-614.756650
5.810000,0.319150,0.862610,4.152830,235.266130,-350.823150,75960.703130,,3.395320,-614.755920
5.812000,0.258910,0.628050,4.880860,235.300510,-350.824040,75700.195310,,3.490170,-614.755310
5.814000,0.331970,0.744690,5.629390,235.333650,-350.823610,76183.242190,,3.324830,-614.755550
5.816000,0.490910,0.960020,4.993650,235.366070,-350.822660,75884.773440,1.000000,3.172300,-614.756470
5.818000,0.455020,0.956180,3.547850,235.399250,-350.822480,76252.859380,,3.190250,-614.756590
5.820000,0.284550,0.694700,3.916990,235.433580,-350.823330,76053.515630,,3.419680,-614.755800
5.822000,0.256350,0.533200,4.439940,235.467700,-350.824010,75812.000000,,3.458130,-614.755370
5.824000,0.349910,0.711360,5.229490,235.500440,-350.823670,75813.054690,1.000000,3.345340,-614.755740
5.826000,0.510130,0.951050,4.398930,235.532620,-350.822690,75949.101560,,3.130000,-614.756590
5.828000,0.435790,1.006160,3.691410,235.565440,-350.822390,76314.023440,,3.185120,-614.756650
5.830000,0.310180,0.784420,4.665530,235.599400,-350.823360,75716.015630,,3.444030,-614.755920
5.832000,0.297360,0.779300,5.362790,235.632900,-350.824070,75759.257810,1.000000,3.458130,-614.755550
5.834000,0.425540,0.999760,5.311520,235.665330,-350.823360,75800.398440,,3.259460,-614.756040
5.836000,0.515260,1.144590,4.081050,235.697970,-350.822450,75906.914060,,3.117190,-614.756590
5.838000,0.358890,0.936950,4.152830,235.732060,-350.822940,75643.242190,,3.329960,-614.756160
5.840000,0.266600,0.622920,4.952640,235.766830,-350.823910,75694.921880,1.000000,3.511960,-614.755370
5.842000,0.299930,0.654970,5.701170,235.800450,-350.823790,75840.476560,,3.379940,-614.755370
5.844000,0.465270,0.894650,5.147460,235.832980,-350.822910,75663.289060,,3.213320,-614.756230
5.846000,0.496030,1.003600,3.547850,235.865750,-350.822390,75890.039060,,3.164610,-614.756650
5.848000,0.316590,0.785710,3.486330,235.899780,-350.823090,75686.484380,1.000000,3.388920,-614.755980
5.850000,0.251220,0.583190,4.388670,235.933940,-350.823910,75968.093750,,3.496580,-614.755370
5.852000,0.312740,0.703670,5.824220,235.966950,-350.823820,75913.250000,,3.390200,-614.755620
5.854000,0.480650,0.983090,4.747560,235.998990,-350.822880,75661.179690,,3.208190,-614.756470
5.856000,0.480650,1.079220,3.793950,236.031560,-350.822300,75929.070310,1.000000,3.127440,-614.756770
5.858000,0.328130,0.871580,4.183590,236.065440,-350.823090,76028.210940,,3.420960,-614.756100
5.860000,0.279420,0.704960,5.137210,236.099400,-350.823940,75789.843750,,3.500430,-614.755550
5.862000,0.387080,0.897220,5.475590,236.132220,-350.823550,75825.710940,,3.314580,-614.755920
5.864000,0.508850,1.043330,4.419430,236.164870,-350.822540,76076.718750,1.000000,3.147950,-614.756530
5.866000,0.405030,0.920290,4.193850,236.198730,-350.822720,75959.656250,,3.263310,-614.756290
5.868000,0.275570,0.624210,5.126950,236.233520,-350.823760,75882.664060,,3.494020,-614.755490
5.870000,0.278140,0.560120,5.516600,236.267460,-350.823940,75800.398440,,3.427370,-614.755310
5.872000,0.425540,0.778020,5.352540,236.300160,-350.823120,75909.031250,1.000000,3.244080,-614.755980
5.874000,0.508850,0.926700,3.804200,236.332780,-350.822390,76280.281250,,3.149230,-614.756650
5.876000,0.344790,0.774170,3.445310,236.366530,-350.822850,75849.960940,,3.329960,-614.756230
5.878000,0.256350,0.578060,4.501460,236.400650,-350.823790,76153.710940,,3.485050,-614.755430
5.880000,0.283260,0.644710,5.280760,236.433730,-350.823880,75719.187500,1.000000,3.415830,-614.755430
5.882000,0.447330,0.948490,4.952640,236.465650,-350.823150,76071.453130,,3.260740,-614.756230
5.884000,0.507570,1.115110,3.496580,236.497850,-350.822270,75939.617190,,3.119750,-614.756770
5.886000,0.353760,0.957460,3.865720,236.531330,-350.822810,75839.421880,,3.338930,-614.756290
5.888000,0.276860,0.701110,4.839840,236.565550,-350.823850,76091.484380,1.000000,3.514530,-614.755680
5.890000,0.353760,0.812620,5.649900,236.598680,-350.823730,75733.953130,,3.373540,-614.755800
5.892000,0.490910,1.007450,4.839840,236.631260,-350.822720,75997.625000,,3.168460,-614.756470
5.894000,0.452450,1.002320,4.142580,236.664660,-350.822450,75749.773440,,3.215880,-614.756470
5.896000,0.287110,0.697270,4.460450,236.699280,-350.823460,76041.921880,1.000000,3.456850,-614.755680
5.898000,0.267880,0.570370,5.106450,236.733580,-350.824040,75791.960940,,3.485050,-614.755250
5.900000,0.385800,0.735720,5.619140,236.766480,-350.823300,75874.218750,,3.277400,-614.755740
5.902000,0.512700,0.947200,4.111820,236.798920,-350.822450,75900.593750,,3.153080,-614.756530
5.904000,0.392210,0.877990,3.804200,236.832380,-350.822600,75581.015630,1.000000,3.265870,-614.756350
5.906000,0.278140,0.654970,4.245120,236.866550,-350.823550,75964.921880,,3.455570,-614.755620
5.908000,0.264040,0.620360,4.850100,236.900020,-350.823910,75531.453130,,3.441470,-614.755370
5.910000,0.403750,0.875430,5.003910,236.932330,-350.823360,76080.937500,,3.287660,-614.755980
5.912000,0.519100,1.058720,3.465820,236.964520,-350.822420,75963.867190,1.000000,3.126160,-614.756770
5.914000,0.390930,0.972840,3.670900,236.997880,-350.822540,75660.125000,,3.258180,-614.756470
5.916000,0.296080,0.711360,4.891110,237.032100,-350.823640,75851.023440,,3.474790,-614.755680
5.918000,0.319150,0.758790,5.803710,237.065440,-350.823910,75794.070310,,3.423520,-614.755620
5.920000,0.471680,0.949770,5.239750,237.098070,-350.823000,76142.109380,1.000000,3.194090,-614.756290
5.920000,0.471680,0.949770,5.239750,237.098070,-350.823000,76142.109380,1.000000,3.194090,-614.756290
5.922000,0.498600,0.976680,4.009280,237.131260,-350.822420,75932.226560,,3.151790,-614.756590
5.924000,0.319150,0.690860,4.286130,237.165800,-350.823210,75884.773440,,3.415830,-614.755860
5.926000,0.260190,0.502440,4.880860,237.200230,-350.824040,75903.750000,,3.492740,-614.755190
5.928000,0.347350,0.658810,5.762700,237.233230,-350.823520,75805.664060,1.000000,3.308170,-614.755550
5.930000,0.507570,0.935670,4.747560,237.265430,-350.822600,75967.031250,,3.159480,-614.756470
5.932000,0.442200,0.949770,3.793950,237.298450,-350.822510,76018.710940,,3.204350,-614.756470
5.934000,0.283260,0.703670,3.988770,237.332550,-350.823390,76206.453130,,3.435060,-614.755740
5.936000,0.260190,0.560120,4.665530,237.366470,-350.824010,75821.492190,1.000000,3.444030,-614.755370
5.938000,0.362730,0.760070,5.137210,237.399090,-350.823580,75862.617190,,3.326110,-614.755800
5.940000,0.516540,1.013850,4.019530,237.431170,-350.822630,76006.054690,,3.122310,-614.756590
5.942000,0.426820,1.045900,3.650390,237.464100,-350.822390,75921.679690,,3.197940,-614.756530
5.944000,0.307620,0.780580,4.501460,237.498170,-350.823430,75795.125000,1.000000,3.444030,-614.755860
5.946000,0.305050,0.762630,5.660160,237.531800,-350.824100,75898.484380,,3.458130,-614.755550
5.948000,0.443480,0.936950,5.188480,237.564410,-350.823330,76253.906250,,3.245360,-614.756100
5.950000,0.513980,1.045900,4.101560,237.597270,-350.822480,75770.859380,,3.112060,-614.756590
5.952000,0.346070,0.816470,4.234860,237.631530,-350.823000,75791.960940,1.000000,3.350460,-614.756040
5.954000,0.266600,0.531920,4.850100,237.666170,-350.824010,75738.171880,,3.514530,-614.755310
5.956000,0.314030,0.621640,5.649900,237.699570,-350.823760,75804.609380,,3.362000,-614.755370
5.958000,0.478090,0.874150,4.891110,237.731900,-350.822810,75924.851560,,3.201780,-614.756290
5.960000,0.485780,0.935670,3.681150,237.764830,-350.822390,75843.640630,1.000000,3.171020,-614.756650
5.962000,0.311460,0.690860,3.435060,237.799000,-350.823180,76000.789060,,3.401730,-614.755920
5.964000,0.251220,0.498600,4.439940,237.833220,-350.823910,75710.742190,,3.479920,-614.755370
5.966000,0.321720,0.642150,5.619140,237.866150,-350.823760,75924.851560,,3.372250,-614.755620
5.968000,0.493470,0.915160,4.337400,237.898270,-350.822810,75694.921880,1.000000,3.187680,-614.756470
5.970000,0.470400,0.992070,3.763180,237.930920,-350.822360,76013.445310,,3.140260,-614.756710
5.972000,0.325560,0.794680,4.368160,237.964830,-350.823210,75776.132810,,3.431210,-614.756040
5.974000,0.283260,0.689580,5.506350,237.998580,-350.824040,75717.070310,,3.495300,-614.755550
5.976000,0.403750,0.912600,5.424320,238.031140,-350.823550,75801.445310,1.000000,3.303040,-614.755920
5.978000,0.517820,1.099730,4.480960,238.063510,-350.822480,76026.093750,,3.130000,-614.756590
5.980000,0.390930,0.981810,4.183590,238.097150,-350.822750,75868.945310,,3.279970,-614.756230
5.982000,0.271730,0.666500,5.085940,238.131850,-350.823850,75795.125000,,3.515810,-614.755430
5.984000,0.279420,0.602420,5.670410,238.165620,-350.823910,76100.984380,1.000000,3.417110,-614.755250
5.986000,0.438350,0.824160,5.167970,238.198270,-350.823060,75982.859380,,3.240230,-614.756040
5.988000,0.502440,0.951050,3.906740,238.231050,-350.822360,75990.234380,,3.151790,-614.756650
5.990000,0.331970,0.770320,3.301760,238.264970,-350.822880,75871.062500,,3.351750,-614.756100
5.992000,0.255070,0.544740,4.388670,238.299350,-350.823790,75847.851560,1.000000,3.490170,-614.755430
5.994000,0.293520,0.596010,5.167970,238.332700,-350.823850,76053.515630,,3.418400,-614.755550
5.996000,0.458860,0.875430,5.342290,238.364900,-350.823090,75904.804690,,3.259460,-614.756350
5.998000,0.493470,1.025390,3.650390,238.397350,-350.822240,76172.703130,,3.115910,-614.756770
6.000000,0.335820,0.892090,4.193850,238.430950,-350.822880,75953.328130,1.000000,3.377380,-614.756230
6.002000,0.269170,0.716490,5.014160,238.464870,-350.823880,75913.250000,,3.527340,-614.755620
6.004000,0.364010,0.910030,5.506350,238.497620,-350.823670,75844.687500,,3.363280,-614.755860
6.006000,0.501160,1.117680,4.655270,238.529950,-350.822630,75880.554690,,3.160770,-614.756530
6.008000,0.437070,1.070250,4.081050,238.563350,-350.822480,76243.359380,1.000000,3.236390,-614.756470
6.010000,0.279420,0.733150,4.757810,238.598010,-350.823520,75805.664060,,3.473510,-614.755680
6.012000,0.261470,0.603700,5.321780,238.632200,-350.823970,75820.429690,,3.470950,-614.755250
6.014000,0.392210,0.785710,5.362790,238.665050,-350.823210,75718.125000,,3.274840,-614.755860
6.016000,0.515260,0.931820,4.019530,238.697770,-350.822390,76067.226560,1.000000,3.150510,-614.756650
6.018000,0.381960,0.785710,3.322270,238.731630,-350.822660,75701.250000,,3.292790,-614.756290
6.020000,0.269170,0.526790,4.306640,238.766100,-350.823640,75760.312500,,3.464540,-614.755550
6.022000,0.261470,0.497310,4.973140,238.799800,-350.823910,75827.820310,,3.445310,-614.755370
6.024000,0.414000,0.778020,5.137210,238.832120,-350.823270,75635.867190,1.000000,3.279970,-614.756100
6.026000,0.510130,0.984380,3.558110,238.864380,-350.822330,75925.906250,,3.122310,-614.756770
6.028000,0.371700,0.913880,3.670900,238.897640,-350.822630,75727.617190,,3.291500,-614.756410
6.030000,0.285830,0.693420,4.973140,238.931750,-350.823730,76076.718750,,3.496580,-614.755680
6.032000,0.325560,0.790830,5.690920,238.964750,-350.823850,75737.117190,1.000000,3.414550,-614.755680
6.034000,0.474240,1.047180,5.301270,238.996990,-350.822850,75807.781250,,3.186400,-614.756410
6.036000,0.476810,1.084350,4.081050,239.029970,-350.822390,75809.890630,,3.183840,-614.756590
6.038000,0.301210,0.795960,4.470700,239.064350,-350.823240,75909.031250,,3.431210,-614.755800
6.040000,0.251220,0.621640,4.809080,239.098680,-350.824010,75839.421880,1.000000,3.496580,-614.755250
6.042000,0.352480,0.745970,5.598630,239.131730,-350.823460,75876.328130,,3.304320,-614.755680
6.044000,0.505000,0.954900,4.562990,239.164230,-350.822510,76290.828130,,3.158200,-614.756530
6.046000,0.419130,0.890810,3.752930,239.197650,-350.822480,75888.992190,,3.222290,-614.756470
6.048000,0.267880,0.606260,4.419430,239.232130,-350.823430,75790.898440,1.000000,3.447880,-614.755680
6.050000,0.251220,0.487060,4.706540,239.266140,-350.824010,75790.898440,,3.451720,-614.755370
6.052000,0.372990,0.735720,5.219240,239.298650,-350.823490,75913.250000,,3.314580,-614.755920
6.054000,0.512700,0.992070,3.793950,239.330720,-350.822510,76335.125000,,3.112060,-614.756770
6.056000,0.408870,1.020260,3.640140,239.363690,-350.822390,75878.437500,1.000000,3.226140,-614.756590
6.058000,0.292240,0.758790,4.655270,239.397780,-350.823490,75998.679690,,3.453000,-614.755860
6.060000,0.301210,0.780580,5.896000,239.431230,-350.824040,75905.859380,,3.450440,-614.755620
6.062000,0.443480,1.007450,5.342290,239.463650,-350.823180,75935.390630,,3.226140,-614.756230
6.064000,0.502440,1.117680,3.916990,239.496480,-350.822420,75789.843750,1.000000,3.119750,-614.756590
6.066000,0.326840,0.876710,4.152830,239.530780,-350.823060,75851.023440,,3.370970,-614.755980
6.068000,0.255070,0.603700,4.521970,239.565400,-350.824010,76156.875000,,3.502990,-614.755370
6.070000,0.316590,0.687010,5.803710,239.598850,-350.823700,75840.476560,,3.344060,-614.755490
6.072000,0.479370,0.901060,4.870610,239.631390,-350.822750,75922.734380,1.000000,3.185120,-614.756410
6.074000,0.465270,0.919010,3.916990,239.664550,-350.822420,75890.039060,,3.176150,-614.756650
6.076000,0.293520,0.669070,3.752930,239.698870,-350.823270,75945.937500,,3.413270,-614.755920
6.078000,0.244810,0.483220,4.501460,239.733080,-350.823970,75763.484380,,3.469670,-614.755370
6.080000,0.330690,0.648560,5.239750,239.765930,-350.823730,75768.750000,1.000000,3.353030,-614.755680
6.082000,0.497310,0.943360,4.152830,239.797930,-350.822750,75950.156250,,3.150510,-614.756590
6.084000,0.446040,1.038210,3.722170,239.830510,-350.822360,75724.460940,,3.153080,-614.756710
6.086000,0.314030,0.828000,4.378420,239.864380,-350.823270,75819.375000,,3.429930,-614.755980
6.088000,0.279420,0.751100,5.660160,239.898100,-350.824070,75586.289060,1.000000,3.470950,-614.755620
6.088000,0.279420,0.751100,5.660160,239.898100,-350.824070,75586.289060,1.000000,3.470950,-614.755620
6.090000,0.407590,0.934390,5.301270,239.930830,-350.823490,76009.218750,,3.278690,-614.756040
6.092000,0.508850,1.080510,4.163090,239.963500,-350.822510,76058.796880,,3.118470,-614.756650
6.094000,0.366580,0.913880,4.173340,239.997530,-350.822880,75797.234380,,3.296630,-614.756230
6.096000,0.258910,0.615230,4.778320,240.032320,-350.823910,75822.546880,1.000000,3.514530,-614.755370
6.098000,0.285830,0.613950,5.926760,240.066060,-350.823910,75959.656250,,3.395320,-614.755370
6.100000,0.451170,0.852360,5.157710,240.098650,-350.822970,76017.664060,,3.215880,-614.756230
6.102000,0.493470,0.956180,4.040040,240.131450,-350.822360,75866.843750,,3.154360,-614.756710
6.104000,0.316590,0.747250,3.465820,240.165500,-350.823030,75864.726560,1.000000,3.373540,-614.756100
6.106000,0.244810,0.528080,4.152830,240.199800,-350.823910,75896.375000,,3.497860,-614.755430
6.108000,0.293520,0.613950,5.547360,240.232930,-350.823820,75891.093750,,3.395320,-614.755620
6.110000,0.460140,0.881840,4.798830,240.265080,-350.822970,75820.429690,,3.235110,-614.756410
6.112000,0.484500,0.992070,3.824710,240.297650,-350.822300,76068.281250,1.000000,3.121030,-614.756770
6.114000,0.326840,0.812620,4.060550,240.331450,-350.822970,76103.093750,,3.391480,-614.756230
6.116000,0.270450,0.634460,5.250000,240.365480,-350.823910,75795.125000,,3.511960,-614.755680
6.118000,0.369140,0.838260,5.383300,240.398330,-350.823640,75818.320310,,3.329960,-614.755920
6.120000,0.498600,1.007450,4.337400,240.430850,-350.822630,75877.382810,1.000000,3.154360,-614.756590
6.122000,0.411440,0.931820,4.245120,240.464490,-350.822600,76026.093750,,3.237670,-614.756410
6.124000,0.262760,0.617800,4.809080,240.499220,-350.823700,75873.171880,,3.479920,-614.755620
6.126000,0.258910,0.540890,5.783200,240.533220,-350.824040,75778.250000,,3.450440,-614.755310
6.128000,0.401180,0.793400,5.250000,240.565750,-350.823210,76072.507810,1.000000,3.241520,-614.755980
6.130000,0.502440,0.983090,4.091310,240.598180,-350.822390,75848.906250,,3.144100,-614.756710
6.132000,0.353760,0.874150,3.383790,240.631730,-350.822810,75925.906250,,3.308170,-614.756290
6.134000,0.256350,0.651120,4.163090,240.665850,-350.823760,75739.226560,,3.472230,-614.755550
6.136000,0.267880,0.652400,5.065430,240.699220,-350.823910,75903.750000,1.000000,3.428650,-614.755490
6.138000,0.417850,0.906190,4.962890,240.731520,-350.823240,75886.875000,,3.264590,-614.756230
6.140000,0.498600,1.048460,3.681150,240.764010,-350.822330,75906.914060,,3.117190,-614.756770
6.142000,0.352480,0.912600,3.619630,240.797610,-350.822720,75891.093750,,3.300480,-614.756350
6.144000,0.270450,0.678040,5.034670,240.831920,-350.823790,75557.820310,1.000000,3.497860,-614.755680
6.146000,0.334530,0.799800,5.608890,240.865080,-350.823850,75948.046880,,3.396610,-614.755800
6.148000,0.472960,1.011290,4.809080,240.897670,-350.822850,75703.359380,,3.174870,-614.756470
6.150000,0.452450,1.016420,4.306640,240.931030,-350.822420,76086.218750,,3.192810,-614.756530
6.152000,0.280700,0.706240,4.675780,240.965700,-350.823360,75880.554690,1.000000,3.437620,-614.755740
6.154000,0.248660,0.563960,5.188480,241.000110,-350.824070,75776.132810,,3.494020,-614.755250
6.156000,0.364010,0.749820,5.455080,241.032940,-350.823360,75694.921880,,3.278690,-614.755740
6.158000,0.502440,1.003600,4.778320,241.065280,-350.822480,75944.882810,,3.146670,-614.756590
6.160000,0.402470,0.947200,3.394040,241.098620,-350.822570,75922.734380,1.000000,3.241520,-614.756470
6.162000,0.265320,0.667790,4.255370,241.132980,-350.823490,75804.609380,,3.446590,-614.755680
6.164000,0.248660,0.584470,4.973140,241.166780,-350.823970,76233.875000,,3.436340,-614.755370
6.166000,0.376830,0.834410,5.085940,241.199250,-350.823430,75989.187500,,3.294070,-614.755980
6.168000,0.508850,1.034360,3.927250,241.231510,-350.822510,75782.468750,1.000000,3.113340,-614.756770
6.170000,0.394780,0.977970,3.486330,241.264850,-350.822480,75899.531250,,3.236390,-614.756530
6.172000,0.287110,0.680600,4.809080,241.299220,-350.823640,75728.671880,,3.460690,-614.755800
6.174000,0.306340,0.678040,5.752440,241.332870,-350.824040,76093.601560,,3.440190,-614.755680
6.176000,0.453740,0.902340,5.424320,241.365480,-350.823120,75814.101560,1.000000,3.201780,-614.756290
6.178000,0.492190,0.997190,4.101560,241.398420,-350.822450,76179.031250,,3.128720,-614.756650
6.180000,0.311460,0.771610,4.286130,241.432720,-350.823150,76020.820310,,3.386350,-614.755920
6.182000,0.248660,0.576780,4.860350,241.467060,-350.824040,75830.984380,,3.495300,-614.755310
6.184000,0.323000,0.716490,5.373050,241.500110,-350.823640,75788.789060,1.000000,3.322270,-614.755550
6.186000,0.484500,0.954900,4.880860,241.532420,-350.822690,75870.007810,,3.167180,-614.756470
6.188000,0.449890,0.953610,3.660640,241.565520,-350.822480,76402.617190,,3.186400,-614.756590
6.190000,0.279420,0.702390,4.040040,241.599780,-350.823360,75833.085940,,3.415830,-614.755860
6.192000,0.247380,0.575500,4.573240,241.633770,-350.824010,75884.773440,1.000000,3.449160,-614.755370
6.194000,0.340940,0.771610,5.167970,241.666440,-350.823640,75776.132810,,3.332520,-614.755800
6.196000,0.503720,1.033080,4.070800,241.698550,-350.822720,76037.695310,,3.128720,-614.756650
6.198000,0.429380,1.067690,3.383790,241.731450,-350.822420,75635.867190,,3.177430,-614.756650
6.200000,0.305050,0.790830,4.665530,241.765660,-350.823430,75687.539060,1.000000,3.435060,-614.755920
6.202000,0.293520,0.724180,5.567870,241.799470,-350.824160,75815.156250,,3.467100,-614.755620
6.204000,0.424260,0.925420,5.680660,241.832110,-350.823430,75774.023440,,3.256900,-614.756100
6.206000,0.511410,1.092040,4.204100,241.864750,-350.822450,75793.015630,,3.104370,-614.756650
6.208000,0.352480,0.924130,4.091310,241.898740,-350.822910,75576.804690,1.000000,3.319700,-614.756160
6.210000,0.255070,0.628050,4.706540,241.933400,-350.823940,75935.390630,,3.515810,-614.755370
6.212000,0.288390,0.671630,5.608890,241.966950,-350.823850,75693.875000,,3.382510,-614.755370
6.214000,0.455020,0.903630,5.342290,241.999500,-350.822940,75853.132810,,3.209470,-614.756230
6.216000,0.487060,0.983090,3.875980,242.032460,-350.822390,75843.640630,1.000000,3.156920,-614.756650
6.218000,0.307620,0.753660,3.670900,242.066650,-350.823090,76031.375000,,3.379940,-614.755980
6.220000,0.244810,0.530640,4.255370,242.101030,-350.823910,75860.507810,,3.490170,-614.755370
6.222000,0.306340,0.629330,5.444820,242.134250,-350.823850,75828.867190,,3.386350,-614.755680
6.224000,0.475520,0.912600,4.696290,242.166430,-350.822940,76108.359380,1.000000,3.206910,-614.756470
6.224000,0.475520,0.912600,4.696290,242.166430,-350.822940,76108.359380,1.000000,3.206910,-614.756470
6.226000,0.475520,1.018980,3.681150,242.198970,-350.822330,75864.726560,,3.118470,-614.756770
6.228000,0.319150,0.870300,4.573240,242.232730,-350.823120,75814.101560,,3.417110,-614.756100
6.230000,0.274290,0.754940,5.434570,242.266420,-350.824040,75782.468750,,3.506840,-614.755620
6.232000,0.383240,0.983090,5.526860,242.298980,-350.823640,75873.171880,1.000000,3.318420,-614.755920
6.234000,0.508850,1.144590,4.255370,242.331340,-350.822570,76221.218750,,3.142820,-614.756590
6.236000,0.402470,1.020260,4.040040,242.365020,-350.822690,75891.093750,,3.256900,-614.756350
6.238000,0.270450,0.690860,4.962890,242.399800,-350.823760,76365.710940,,3.490170,-614.755490
6.240000,0.269170,0.622920,5.639650,242.433750,-350.823940,75711.804690,1.000000,3.424800,-614.755310
6.242000,0.416560,0.848510,5.403810,242.466520,-350.823120,75942.781250,,3.244080,-614.755980
6.244000,0.506290,0.986940,3.855470,242.499330,-350.822390,75970.203130,,3.144100,-614.756710
6.246000,0.344790,0.797240,3.260740,242.533360,-350.822880,75914.296880,,3.327390,-614.756230
6.248000,0.253780,0.535770,4.019530,242.567930,-350.823850,76231.765630,1.000000,3.486330,-614.755490
6.250000,0.283260,0.538330,5.137210,242.601500,-350.823940,75670.664060,,3.426090,-614.755490
6.252000,0.442200,0.845950,5.219240,242.633700,-350.823180,76133.679690,,3.253050,-614.756230
6.254000,0.498600,1.051030,3.886230,242.665950,-350.822240,75918.515630,,3.109500,-614.756770
6.256000,0.344790,0.963870,4.070800,242.699280,-350.822810,76030.320310,1.000000,3.338930,-614.756290
6.258000,0.273010,0.756230,4.880860,242.733250,-350.823880,75704.421880,,3.514530,-614.755680
6.260000,0.351200,0.913880,5.690920,242.766020,-350.823760,75813.054690,,3.373540,-614.755800
6.262000,0.485780,1.099730,4.357910,242.798480,-350.822750,75915.351560,,3.163330,-614.756470
6.264000,0.443480,1.065120,4.173340,242.831820,-350.822480,75532.507810,1.000000,3.215880,-614.756470
6.266000,0.279420,0.729310,4.675780,242.866500,-350.823460,76000.789060,,3.441470,-614.755680
6.268000,0.261470,0.567810,5.260250,242.900920,-350.824010,75570.468750,,3.478640,-614.755250
6.270000,0.381960,0.703670,5.567870,242.934010,-350.823330,76054.570310,,3.274840,-614.755800
6.272000,0.510130,0.885680,4.132320,242.966710,-350.822450,76045.085940,1.000000,3.144100,-614.756590
6.274000,0.388370,0.783140,3.496580,243.000400,-350.822630,75743.437500,,3.259460,-614.756350
6.276000,0.267880,0.551150,4.091310,243.034740,-350.823610,75867.898440,,3.458130,-614.755620
6.278000,0.257630,0.526790,5.085940,243.068330,-350.824010,75855.242190,,3.444030,-614.755370
6.280000,0.399900,0.836980,5.239750,243.100480,-350.823360,76014.500000,1.000000,3.276120,-614.756040
6.282000,0.515260,1.081790,3.999020,243.132450,-350.822420,75893.203130,,3.118470,-614.756770
6.284000,0.385800,1.035640,3.619630,243.165500,-350.822570,75992.343750,,3.262020,-614.756470
6.286000,0.293520,0.795960,4.614260,243.199490,-350.823670,75876.328130,,3.472230,-614.755740
6.288000,0.316590,0.869020,5.916500,243.232680,-350.823910,75794.070310,1.000000,3.419680,-614.755680
6.290000,0.465270,1.090760,5.024410,243.265110,-350.822970,75897.429690,,3.186400,-614.756290
6.292000,0.492190,1.134340,4.101560,243.298160,-350.822450,75987.078130,,3.151790,-614.756590
6.294000,0.314030,0.831850,4.316890,243.332700,-350.823210,76117.859380,,3.405580,-614.755860
6.296000,0.256350,0.593440,5.137210,243.367320,-350.824070,75810.937500,1.000000,3.491460,-614.755250
6.298000,0.343510,0.666500,5.403810,243.400760,-350.823580,75747.656250,,3.308170,-614.755620
6.300000,0.499880,0.874150,4.706540,243.433380,-350.822630,75960.703130,,3.155640,-614.756470
6.302000,0.435790,0.875430,3.865720,243.466640,-350.822510,76119.960940,,3.197940,-614.756470
6.304000,0.274290,0.657530,4.019530,243.500870,-350.823430,75802.500000,1.000000,3.428650,-614.755740
6.306000,0.257630,0.556270,4.932130,243.534730,-350.824040,75874.218750,,3.446590,-614.755370
6.308000,0.358890,0.778020,5.044920,243.567230,-350.823610,76129.460940,,3.319700,-614.755800
6.310000,0.513980,1.025390,4.152830,243.599270,-350.822660,75842.585940,,3.115910,-614.756650
6.312000,0.422970,1.043330,3.424800,243.632200,-350.822420,75732.890630,1.000000,3.196660,-614.756590
6.314000,0.305050,0.769040,4.532230,243.666320,-350.823460,75781.414060,,3.440190,-614.755920
6.316000,0.303770,0.766480,5.557620,243.699950,-350.824100,75851.023440,,3.450440,-614.755620
6.318000,0.435790,0.966430,5.506350,243.732450,-350.823300,75856.289060,,3.237670,-614.756100
6.320000,0.510130,1.081790,4.224610,243.765320,-350.822480,75888.992190,1.000000,3.106930,-614.756590
6.322000,0.340940,0.848510,3.906740,243.799610,-350.823000,75750.828130,,3.344060,-614.756040
6.324000,0.256350,0.552430,4.993650,243.834300,-350.824010,75709.687500,,3.510680,-614.755310
6.326000,0.306340,0.631900,5.690920,243.867750,-350.823790,75857.343750,,3.355590,-614.755370
6.328000,0.471680,0.872860,5.055180,243.900150,-350.822810,75490.312500,1.000000,3.191530,-614.756290
6.330000,0.479370,0.934390,4.050290,243.933030,-350.822450,76177.976560,,3.167180,-614.756650
6.332000,0.305050,0.706240,3.763180,243.967070,-350.823210,75870.007810,,3.396610,-614.755920
6.334000,0.243530,0.540890,4.727050,244.001050,-350.823940,75922.734380,,3.478640,-614.755370
6.336000,0.316590,0.712650,5.147460,244.033800,-350.823760,75759.257810,1.000000,3.358150,-614.755680
6.338000,0.483220,1.001040,4.521970,244.065780,-350.822850,75956.492190,,3.181270,-614.756470
6.340000,0.462710,1.083070,3.373540,244.098370,-350.822390,75893.203130,,3.133850,-614.756710
6.342000,0.319150,0.865170,4.419430,244.132350,-350.823210,75578.906250,,3.422240,-614.756040
6.344000,0.278140,0.733150,5.701170,244.166280,-350.824070,76076.718750,1.000000,3.494020,-614.755620
6.346000,0.398620,0.925420,5.537110,244.199100,-350.823610,75928.015630,,3.294070,-614.755980
6.348000,0.510130,1.089480,4.542480,244.231700,-350.822540,75955.437500,,3.131290,-614.756590
6.350000,0.380680,0.968990,4.070800,244.265500,-350.822780,75848.906250,,3.267150,-614.756230
6.352000,0.257630,0.674190,5.065430,244.300250,-350.823880,75780.351560,1.000000,3.508120,-614.755370
6.354000,0.273010,0.658810,5.629390,244.333890,-350.823970,75972.312500,,3.414550,-614.755310
6.356000,0.434510,0.913880,5.619140,244.366320,-350.823060,75778.250000,,3.227420,-614.756100
6.358000,0.499880,1.056150,3.999020,244.398900,-350.822390,76256.015630,,3.145390,-614.756710
6.360000,0.328130,0.845950,3.517090,244.432800,-350.822940,75976.523440,1.000000,3.345340,-614.756230
6.362000,0.244810,0.590880,4.132320,244.467180,-350.823850,75901.648440,,3.490170,-614.755490
6.364000,0.281980,0.628050,5.167970,244.500550,-350.823880,75902.695310,,3.406860,-614.755550
6.366000,0.446040,0.894650,4.757810,244.532820,-350.823090,75828.867190,,3.251770,-614.756350
6.368000,0.487060,1.022830,3.773440,244.565400,-350.822240,76308.750000,1.000000,3.108220,-614.756770
6.370000,0.330690,0.858760,4.275880,244.599200,-350.822880,75760.312500,,3.362000,-614.756230
6.372000,0.265320,0.649840,5.219240,244.633420,-350.823910,75939.617190,,3.523500,-614.755680
6.374000,0.360170,0.838260,5.608890,244.666320,-350.823760,75747.656250,,3.359440,-614.755920
6.376000,0.492190,1.040770,4.460450,244.698750,-350.822690,76013.445310,1.000000,3.160770,-614.756530
6.376000,0.492190,1.040770,4.460450,244.698750,-350.822690,76013.445310,1.000000,3.160770,-614.756530
6.378000,0.425540,1.016420,3.968260,244.732130,-350.822510,75634.812500,,3.222290,-614.756470
6.380000,0.264040,0.737000,4.942380,244.766570,-350.823550,75829.921880,,3.465820,-614.755680
6.382000,0.248660,0.669070,5.373050,244.800430,-350.824040,75803.554690,,3.469670,-614.755250
6.384000,0.381960,0.880550,5.783200,244.832950,-350.823240,75633.750000,1.000000,3.262020,-614.755860
6.386000,0.503720,1.080510,3.927250,244.865300,-350.822420,75894.257810,,3.142820,-614.756650
6.388000,0.375550,0.934390,3.229980,244.898930,-350.822690,75690.710940,,3.283810,-614.756410
6.390000,0.264040,0.647280,3.988770,244.933380,-350.823640,76085.164060,,3.459410,-614.755620
6.392000,0.255070,0.557560,4.932130,244.967220,-350.823940,75665.398440,1.000000,3.437620,-614.755430
6.394000,0.406310,0.783140,5.383300,244.999830,-350.823330,75787.734380,,3.277400,-614.756160
6.396000,0.505000,0.966430,3.906740,245.032260,-350.822360,75867.898440,,3.113340,-614.756770
6.398000,0.360170,0.890810,3.999020,245.065630,-350.822630,76000.789060,,3.281250,-614.756410
6.400000,0.278140,0.671630,4.727050,245.099790,-350.823760,75819.375000,1.000000,3.494020,-614.755680
6.402000,0.321720,0.770320,5.772950,245.132900,-350.823910,75779.304690,,3.415830,-614.755680
6.404000,0.471680,1.018980,4.901370,245.165250,-350.822910,76032.429690,,3.181270,-614.756410
6.406000,0.472960,1.074100,4.234860,245.198230,-350.822390,75939.617190,,3.173580,-614.756650
6.408000,0.292240,0.793400,4.819340,245.232570,-350.823270,75775.078130,1.000000,3.426090,-614.755860
6.410000,0.242250,0.628050,5.188480,245.266830,-350.824040,75748.718750,,3.488890,-614.755250
6.412000,0.342220,0.771610,5.444820,245.299740,-350.823460,75888.992190,,3.297910,-614.755680
6.414000,0.498600,0.995910,4.275880,245.332150,-350.822540,76353.054690,,3.153080,-614.756530
6.416000,0.417850,0.922850,3.640140,245.365550,-350.822510,76013.445310,1.000000,3.214600,-614.756530
6.418000,0.262760,0.644710,3.978520,245.399980,-350.823460,76141.054690,,3.438900,-614.755740
6.420000,0.244810,0.519100,4.932130,245.433980,-350.824040,75876.328130,,3.445310,-614.755370
6.422000,0.362730,0.743410,5.219240,245.466520,-350.823550,75834.140630,,3.312010,-614.755920
6.424000,0.506290,0.963870,4.193850,245.498700,-350.822570,75916.414060,1.000000,3.106930,-614.756770
6.426000,0.399900,0.949770,3.383790,245.531830,-350.822450,75881.609380,,3.222290,-614.756590
6.428000,0.285830,0.687010,4.337400,245.565900,-350.823580,76202.234380,,3.459410,-614.755860
6.430000,0.298650,0.738280,5.793460,245.599270,-350.824070,75860.507810,,3.446590,-614.755680
6.432000,0.438350,0.999760,5.383300,245.631450,-350.823180,76032.429690,1.000000,3.221010,-614.756230
6.434000,0.496030,1.135620,4.378420,245.664090,-350.822450,75836.257810,,3.117190,-614.756650
6.436000,0.319150,0.897220,4.101560,245.698270,-350.823090,75881.609380,,3.372250,-614.756040
6.438000,0.244810,0.611390,4.737300,245.732850,-350.824040,75845.742190,,3.501710,-614.755370
6.440000,0.306340,0.689580,5.496090,245.766300,-350.823730,75766.648440,1.000000,3.345340,-614.755490
6.442000,0.470400,0.910030,4.501460,245.798830,-350.822780,75902.695310,,3.185120,-614.756410
6.444000,0.462710,0.940800,3.886230,245.831890,-350.822420,75798.281250,,3.168460,-614.756650
6.446000,0.287110,0.719060,3.937500,245.866100,-350.823240,75929.070310,,3.409420,-614.755920
6.448000,0.235840,0.560120,4.798830,245.900180,-350.824010,75617.937500,1.000000,3.472230,-614.755370
6.450000,0.323000,0.719060,5.342290,245.932970,-350.823760,75994.453130,,3.359440,-614.755740
6.452000,0.489620,0.985660,4.224610,245.965030,-350.822810,75934.335940,,3.153080,-614.756590
6.454000,0.440920,1.045900,3.455570,245.997730,-350.822390,75880.554690,,3.150510,-614.756770
6.456000,0.308900,0.798520,4.173340,246.031750,-350.823300,75772.976560,1.000000,3.433780,-614.756040
6.458000,0.276860,0.701110,5.916500,246.065550,-350.824100,75854.187500,,3.474790,-614.755620
6.460000,0.403750,0.898500,5.537110,246.098210,-350.823490,76036.640630,,3.278690,-614.756100
6.462000,0.505000,1.043330,4.398930,246.130840,-350.822510,76038.750000,,3.117190,-614.756650
6.464000,0.361450,0.865170,4.091310,246.164870,-350.822850,75949.101560,1.000000,3.291500,-614.756230
6.466000,0.252500,0.552430,4.501460,246.199750,-350.823910,75837.312500,,3.514530,-614.755430
6.468000,0.274290,0.544740,5.762700,246.233510,-350.823910,75906.914060,,3.399170,-614.755370
6.470000,0.443480,0.783140,5.239750,246.266070,-350.823030,75840.476560,,3.223570,-614.756230
6.472000,0.492190,0.885680,4.163090,246.298900,-350.822390,76002.890630,1.000000,3.149230,-614.756770
6.474000,0.310180,0.680600,3.691410,246.332900,-350.823000,76237.039060,,3.369690,-614.756160
6.476000,0.237120,0.485780,4.409180,246.367080,-350.823910,75817.265630,,3.502990,-614.755490
6.478000,0.289670,0.604980,5.270510,246.400020,-350.823850,75897.429690,,3.397890,-614.755620
6.480000,0.456300,0.933110,4.614260,246.431820,-350.823000,75930.117190,1.000000,3.233830,-614.756470
6.482000,0.483220,1.088200,3.875980,246.464020,-350.822240,75975.468750,,3.112060,-614.756840
6.484000,0.324280,0.913880,4.224610,246.497600,-350.822940,75905.859380,,3.392760,-614.756230
6.486000,0.266600,0.687010,5.352540,246.531600,-350.823940,75864.726560,,3.517090,-614.755680
6.488000,0.365300,0.848510,5.496090,246.564530,-350.823670,76174.812500,1.000000,3.340210,-614.755920
6.490000,0.494750,0.997190,4.316890,246.597120,-350.822660,75834.140630,,3.156920,-614.756590
6.492000,0.412720,0.921570,4.029790,246.630750,-350.822570,75913.250000,,3.232540,-614.756470
6.494000,0.257630,0.620360,4.624510,246.665480,-350.823640,75809.890630,,3.477360,-614.755620
6.496000,0.252500,0.529360,5.578130,246.699550,-350.824040,75878.437500,1.000000,3.453000,-614.755310
6.498000,0.392210,0.738280,5.506350,246.732300,-350.823210,75878.437500,,3.255620,-614.755980
6.500000,0.501160,0.916440,4.347660,246.764880,-350.822390,75870.007810,,3.140260,-614.756770
6.502000,0.351200,0.776730,3.137700,246.798600,-350.822750,76049.296880,,3.299190,-614.756350
6.504000,0.246090,0.549870,4.152830,246.832870,-350.823760,75717.070310,1.000000,3.478640,-614.755550
6.506000,0.260190,0.575500,5.178220,246.866150,-350.823910,75932.226560,,3.431210,-614.755490
6.508000,0.417850,0.897220,4.880860,246.898180,-350.823240,75625.312500,,3.269710,-614.756230
6.510000,0.499880,1.072810,4.019530,246.930340,-350.822300,76105.203130,,3.115910,-614.756840
6.512000,0.349910,0.940800,4.019530,246.963780,-350.822690,75891.093750,1.000000,3.303040,-614.756410
6.514000,0.266600,0.692140,5.024410,246.998030,-350.823790,75627.421880,,3.502990,-614.755680
6.516000,0.329410,0.785710,5.547360,247.031140,-350.823820,75793.015630,,3.400450,-614.755800
6.518000,0.475520,0.994630,4.655270,247.063710,-350.822810,75989.187500,,3.178710,-614.756470
6.520000,0.461430,0.972840,4.306640,247.097050,-350.822390,75963.867190,1.000000,3.187680,-614.756590
6.520000,0.461430,0.972840,4.306640,247.097050,-350.822390,75963.867190,1.000000,3.187680,-614.756590
6.522000,0.280700,0.620360,4.542480,247.131810,-350.823330,75628.476560,,3.442750,-614.755800
6.524000,0.242250,0.451170,5.424320,247.166310,-350.824070,75899.531250,,3.504270,-614.755250
6.526000,0.355040,0.612670,5.711430,247.199280,-350.823390,75988.125000,,3.288940,-614.755680
6.528000,0.505000,0.876710,4.675780,247.231570,-350.822480,75937.500000,1.000000,3.149230,-614.756590
6.530000,0.406310,0.849790,3.424800,247.264800,-350.822510,75940.671880,,3.232540,-614.756470
6.532000,0.262760,0.616520,3.896480,247.298920,-350.823490,75720.242190,,3.455570,-614.755680
6.534000,0.246090,0.526790,4.952640,247.332600,-350.824010,76074.617190,,3.447880,-614.755370
6.536000,0.372990,0.776730,5.373050,247.364940,-350.823490,75933.281250,1.000000,3.306880,-614.755980
6.538000,0.507570,0.997190,3.999020,247.397050,-350.822510,76151.609380,,3.118470,-614.756770
6.540000,0.390930,0.976680,3.599120,247.430130,-350.822450,75986.023440,,3.235110,-614.756530
6.542000,0.284550,0.731870,4.696290,247.464170,-350.823550,75922.734380,,3.461980,-614.755800
6.544000,0.301210,0.770320,5.485840,247.497540,-350.824010,75768.750000,1.000000,3.445310,-614.755680
6.546000,0.452450,0.981810,5.219240,247.530030,-350.823090,75849.960940,,3.213320,-614.756290
6.548000,0.498600,1.045900,4.173340,247.563000,-350.822450,76290.828130,,3.133850,-614.756650
6.550000,0.311460,0.762630,4.388670,247.597470,-350.823120,75807.781250,,3.390200,-614.755920
6.552000,0.246090,0.499880,5.024410,247.632100,-350.824040,75949.101560,1.000000,3.506840,-614.755250
6.554000,0.320430,0.610110,5.537110,247.665420,-350.823640,75707.585940,,3.331240,-614.755490
6.556000,0.484500,0.861330,4.583500,247.697750,-350.822690,75978.632810,,3.172300,-614.756470
6.558000,0.455020,0.893370,3.465820,247.730800,-350.822420,75718.125000,,3.182560,-614.756650
6.560000,0.281980,0.631900,3.978520,247.765080,-350.823330,75810.937500,1.000000,3.423520,-614.755860
6.562000,0.246090,0.462710,4.727050,247.799220,-350.824010,75928.015630,,3.459410,-614.755370
6.564000,0.338380,0.644710,5.393550,247.831970,-350.823670,75714.960940,,3.344060,-614.755740
6.566000,0.503720,0.910030,4.183590,247.864070,-350.822690,75944.882810,,3.137700,-614.756650
6.568000,0.434510,0.953610,3.219730,247.896930,-350.822390,75629.531250,1.000000,3.173580,-614.756650
6.570000,0.307620,0.699830,4.398930,247.930970,-350.823360,75957.539060,,3.440190,-614.755920
6.572000,0.290950,0.652400,5.516600,247.964680,-350.824130,75598.945310,,3.470950,-614.755620
6.574000,0.422970,0.872860,5.731930,247.997130,-350.823460,75829.921880,,3.268430,-614.756100
6.576000,0.512700,1.056150,4.491210,248.029600,-350.822480,75835.195310,1.000000,3.112060,-614.756650
6.578000,0.353760,0.894650,4.286130,248.063450,-350.822910,75954.382810,,3.320980,-614.756160
6.580000,0.255070,0.603700,4.583500,248.098010,-350.823970,75829.921880,,3.527340,-614.755370
6.582000,0.289670,0.633180,5.588380,248.131470,-350.823880,75797.234380,,3.391480,-614.755370
6.584000,0.460140,0.856200,4.993650,248.163960,-350.822940,76069.335940,1.000000,3.215880,-614.756230
6.586000,0.493470,0.925420,3.968260,248.196820,-350.822360,75905.859380,,3.158200,-614.756710
6.588000,0.311460,0.702390,3.886230,248.230930,-350.823060,75838.359380,,3.385070,-614.756040
6.590000,0.243530,0.515260,4.542480,248.265150,-350.823850,75901.648440,,3.495300,-614.755370
6.592000,0.302490,0.626770,5.250000,248.298280,-350.823790,75954.382810,1.000000,3.387630,-614.755620
6.594000,0.472960,0.899780,4.470700,248.330440,-350.822940,76218.054690,,3.222290,-614.756470
6.596000,0.480650,0.994630,3.404300,248.363070,-350.822330,75828.867190,,3.131290,-614.756770
6.598000,0.323000,0.802370,4.337400,248.396970,-350.823090,76091.484380,,3.422240,-614.756100
6.600000,0.274290,0.642150,5.506350,248.430920,-350.824040,75788.789060,1.000000,3.518370,-614.755620
6.602000,0.385800,0.883120,5.793460,248.463590,-350.823640,75833.085940,,3.327390,-614.755920
6.604000,0.507570,1.062560,4.398930,248.495970,-350.822510,75926.953130,,3.146670,-614.756590
6.606000,0.403750,0.981810,4.040040,248.529530,-350.822630,75971.257810,,3.255620,-614.756350
6.608000,0.266600,0.665220,4.450200,248.564180,-350.823730,76214.882810,1.000000,3.506840,-614.755490
6.610000,0.266600,0.576780,5.516600,248.598070,-350.823970,75829.921880,,3.441470,-614.755250
6.612000,0.415280,0.792110,5.362790,248.630750,-350.823120,75974.421880,,3.251770,-614.755980
6.614000,0.508850,0.924130,4.316890,248.663450,-350.822390,75897.429690,,3.151790,-614.756710
6.616000,0.346070,0.725460,3.342770,248.697420,-350.822850,75965.976560,1.000000,3.333800,-614.756230
6.618000,0.255070,0.465270,4.111820,248.731900,-350.823760,75794.070310,,3.487610,-614.755490
6.620000,0.276860,0.483220,4.901370,248.765350,-350.823880,75733.953130,,3.429930,-614.755490
6.622000,0.439640,0.779300,4.675780,248.797550,-350.823180,76058.796880,,3.267150,-614.756230
6.624000,0.498600,0.951050,3.793950,248.829900,-350.822240,75784.578130,1.000000,3.121030,-614.756770
6.626000,0.343510,0.838260,4.255370,248.863370,-350.822780,75906.914060,,3.344060,-614.756230
6.628000,0.273010,0.624210,5.229490,248.897480,-350.823880,75529.343750,,3.523500,-614.755680
6.630000,0.351200,0.781860,5.629390,248.930330,-350.823760,75882.664060,,3.392760,-614.755800
6.632000,0.485780,1.006160,4.398930,248.962650,-350.822720,75920.625000,1.000000,3.171020,-614.756470
6.634000,0.446040,1.016420,3.978520,248.995800,-350.822390,75794.070310,,3.218440,-614.756470
6.636000,0.279420,0.695980,4.419430,249.030270,-350.823390,75782.468750,,3.458130,-614.755680
6.638000,0.258910,0.567810,5.506350,249.064420,-350.824010,75910.085940,,3.497860,-614.755250
6.640000,0.375550,0.742130,5.578130,249.097200,-350.823270,76039.804690,1.000000,3.286380,-614.755740
6.642000,0.511410,0.943360,4.521970,249.129670,-350.822390,75922.734380,,3.153080,-614.756590
6.644000,0.397340,0.825440,3.322270,249.163270,-350.822570,75995.507810,,3.264590,-614.756410
6.646000,0.267880,0.549870,3.886230,249.197720,-350.823550,75962.812500,,3.469670,-614.755620
6.648000,0.258910,0.463990,4.829590,249.231520,-350.823970,75660.125000,1.000000,3.458130,-614.755370
6.650000,0.398620,0.730590,5.393550,249.263930,-350.823360,75872.109380,,3.292790,-614.755980
6.652000,0.516540,0.954900,3.886230,249.296080,-350.822390,75971.257810,,3.117190,-614.756770
6.654000,0.384520,0.927980,3.814450,249.329220,-350.822510,76190.632810,,3.262020,-614.756470
6.656000,0.292240,0.685730,4.952640,249.363360,-350.823640,75865.789060,1.000000,3.483760,-614.755680
6.658000,0.317870,0.744690,5.526860,249.396580,-350.823910,75672.773440,,3.436340,-614.755680
6.660000,0.467830,0.992070,4.932130,249.428970,-350.822940,76020.820310,,3.200500,-614.756290
6.662000,0.497310,1.047180,4.224610,249.461980,-350.822390,76011.328130,,3.153080,-614.756590
6.664000,0.312740,0.760070,4.450200,249.496430,-350.823180,75839.421880,1.000000,3.414550,-614.755860
6.666000,0.255070,0.540890,5.157710,249.530980,-350.824040,75845.742190,,3.504270,-614.755190
6.668000,0.340940,0.652400,5.455080,249.564220,-350.823520,76141.054690,,3.318420,-614.755550
6.670000,0.498600,0.879270,4.645020,249.596690,-350.822570,75920.625000,,3.163330,-614.756470
6.672000,0.440920,0.840820,3.619630,249.630050,-350.822450,75928.015630,1.000000,3.199220,-614.756470
6.674000,0.274290,0.567810,3.845210,249.664470,-350.823360,75741.328130,,3.440190,-614.755740
6.676000,0.258910,0.429380,4.850100,249.698530,-350.824040,75917.460940,,3.461980,-614.755370
6.678000,0.361450,0.643430,5.219240,249.731160,-350.823610,75852.078130,,3.331240,-614.755800
6.680000,0.513980,0.907470,4.347660,249.763170,-350.822630,75959.656250,1.000000,3.123600,-614.756650
6.680000,0.513980,0.907470,4.347660,249.763170,-350.822630,75959.656250,1.000000,3.123600,-614.756650
6.682000,0.424260,0.951050,3.188960,249.796020,-350.822390,75880.554690,,3.203060,-614.756590
6.684000,0.305050,0.708800,4.532230,249.829970,-350.823430,75656.953130,,3.451720,-614.755860
6.686000,0.303770,0.721620,5.588380,249.863450,-350.824070,75837.312500,,3.464540,-614.755550
6.688000,0.437070,0.933110,5.424320,249.895900,-350.823270,75591.562500,1.000000,3.250490,-614.756100
6.690000,0.513980,1.060000,4.337400,249.928680,-350.822420,76116.804690,,3.112060,-614.756590
6.692000,0.346070,0.833130,4.347660,249.962920,-350.822940,75780.351560,,3.346620,-614.756040
6.694000,0.260190,0.526790,4.819340,249.997700,-350.823970,75768.750000,,3.519650,-614.755310
6.694000,0.260190,0.526790,4.819340,249.997700,-350.823970,75768.750000,,3.519650,-614.755310
6.696000,0.306340,0.592160,5.465330,250.031280,-350.823760,75764.539060,1.000000,3.376100,-614.755370
6.698000,0.474240,0.822880,5.096190,250.063830,-350.822810,75942.781250,,3.200500,-614.756230
6.700000,0.483220,0.881840,3.722170,250.096800,-350.822390,75981.796880,,3.169740,-614.756650
6.702000,0.305050,0.654970,3.865720,250.130980,-350.823150,75702.304690,,3.408140,-614.755920
6.704000,0.246090,0.470400,4.891110,250.165130,-350.823910,76042.976560,1.000000,3.494020,-614.755370
6.706000,0.323000,0.615230,5.434570,250.198000,-350.823760,75876.328130,,3.377380,-614.755620
6.708000,0.489620,0.912600,4.552730,250.229980,-350.822810,75892.148440,,3.194090,-614.756470
6.710000,0.471680,0.994630,3.312010,250.262540,-350.822330,75923.796880,,3.141540,-614.756770
6.712000,0.325560,0.760070,4.388670,250.296550,-350.823150,75759.257810,1.000000,3.431210,-614.756040
6.714000,0.281980,0.606260,5.424320,250.330510,-350.824010,75963.867190,,3.505550,-614.755550
6.716000,0.398620,0.817750,5.844730,250.363280,-350.823520,75827.820310,,3.308170,-614.755920
6.718000,0.515260,0.999760,4.398930,250.395800,-350.822510,76223.320310,,3.135130,-614.756590
6.720000,0.392210,0.875430,4.173340,250.429630,-350.822720,76005.007810,1.000000,3.274840,-614.756230
6.722000,0.266600,0.558840,4.706540,250.464480,-350.823820,75909.031250,,3.517090,-614.755370
6.724000,0.278140,0.508850,5.434570,250.498380,-350.823940,75839.421880,,3.427370,-614.755250
6.726000,0.438350,0.744690,5.362790,250.531010,-350.823060,75756.093750,,3.238950,-614.756040
6.728000,0.502440,0.908750,4.163090,250.563630,-350.822360,76345.664060,1.000000,3.151790,-614.756650
6.730000,0.330690,0.749820,3.691410,250.597400,-350.822910,75779.304690,,3.353030,-614.756160
6.732000,0.249940,0.560120,4.296390,250.631470,-350.823820,75974.421880,,3.500430,-614.755430
6.734000,0.288390,0.653690,5.167970,250.664510,-350.823850,75900.593750,,3.415830,-614.755490
6.736000,0.449890,0.939510,4.532230,250.696520,-350.823090,76010.273440,1.000000,3.262020,-614.756290
6.738000,0.493470,1.060000,3.476070,250.728970,-350.822240,75755.046880,,3.128720,-614.756770
6.740000,0.339660,0.889530,4.163090,250.762680,-350.822850,75777.195310,,3.368410,-614.756230
6.742000,0.271730,0.661380,5.198730,250.796920,-350.823850,75842.585940,,3.526060,-614.755620
6.744000,0.361450,0.821590,5.803710,250.830000,-350.823670,75685.429690,1.000000,3.367130,-614.755860
6.746000,0.490910,1.002320,4.429690,250.862630,-350.822660,75902.695310,,3.167180,-614.756470
6.748000,0.430660,0.965150,3.824710,250.896190,-350.822480,75667.500000,,3.236390,-614.756470
6.750000,0.266600,0.637020,4.583500,250.931030,-350.823520,75956.492190,,3.472230,-614.755620
6.752000,0.255070,0.498600,5.424320,250.965390,-350.824010,75691.765630,1.000000,3.485050,-614.755250
6.754000,0.385800,0.698550,5.690920,250.998250,-350.823210,75753.992190,,3.268430,-614.755860
6.756000,0.506290,0.929260,4.542480,251.030700,-350.822390,75892.148440,,3.151790,-614.756650
6.758000,0.376830,0.835690,3.506840,251.064250,-350.822660,76054.570310,,3.288940,-614.756350
6.760000,0.262760,0.592160,3.855470,251.098500,-350.823640,75765.593750,1.000000,3.476070,-614.755620
6.762000,0.257630,0.548580,4.880860,251.132020,-350.823910,75768.750000,,3.447880,-614.755370
6.764000,0.407590,0.835690,4.809080,251.164250,-350.823270,75974.421880,,3.282530,-614.756100
6.766000,0.507570,1.033080,3.916990,251.196460,-350.822330,75941.726560,,3.122310,-614.756770
6.768000,0.369140,0.947200,4.204100,251.229780,-350.822540,75787.734380,1.000000,3.278690,-614.756410
6.770000,0.281980,0.687010,5.044920,251.264070,-350.823700,75846.796880,,3.495300,-614.755680
6.772000,0.320430,0.728030,5.690920,251.297450,-350.823910,75893.203130,,3.431210,-614.755680
6.774000,0.471680,0.936950,4.634770,251.330120,-350.822940,76053.515630,,3.194090,-614.756410
6.776000,0.478090,0.965150,4.132320,251.363360,-350.822390,75955.437500,1.000000,3.173580,-614.756590
6.778000,0.296080,0.674190,4.480960,251.397950,-350.823210,76069.335940,,3.433780,-614.755800
6.780000,0.247380,0.515260,5.362790,251.432370,-350.824040,75702.304690,,3.505550,-614.755190
6.782000,0.343510,0.697270,5.844730,251.465270,-350.823460,75964.921880,,3.306880,-614.755620
6.784000,0.497310,0.958740,4.521970,251.497530,-350.822510,75921.679690,1.000000,3.158200,-614.756530
6.786000,0.420410,0.912600,3.517090,251.530810,-350.822480,75994.453130,,3.221010,-614.756470
6.788000,0.266600,0.629330,3.670900,251.565200,-350.823390,76266.562500,,3.450440,-614.755740
6.790000,0.251220,0.497310,4.665530,251.599200,-350.823970,75761.367190,,3.450440,-614.755370
6.792000,0.364010,0.745970,5.321780,251.631730,-350.823490,76107.304690,1.000000,3.318420,-614.755920
6.794000,0.510130,0.994630,4.316890,251.663850,-350.822540,75860.507810,,3.115910,-614.756770
6.796000,0.407590,1.013850,3.537600,251.696820,-350.822390,75867.898440,,3.223570,-614.756590
6.798000,0.290950,0.738280,4.521970,251.730960,-350.823490,75842.585940,,3.459410,-614.755860
6.800000,0.298650,0.728030,5.496090,251.764570,-350.824070,75742.390630,1.000000,3.464540,-614.755620
6.802000,0.443480,0.938230,5.044920,251.797100,-350.823210,75988.125000,,3.235110,-614.756230
6.804000,0.505000,1.062560,4.234860,251.829930,-350.822420,75744.492190,,3.115910,-614.756650
6.806000,0.325560,0.845950,4.521970,251.864110,-350.823000,75887.929690,,3.370970,-614.755980
6.808000,0.251220,0.587040,5.034670,251.898620,-350.824010,75624.257810,1.000000,3.515810,-614.755310
6.810000,0.308900,0.685730,5.506350,251.931980,-350.823700,75860.507810,,3.353030,-614.755430
6.812000,0.472960,0.922850,4.655270,251.964400,-350.822750,75959.656250,,3.191530,-614.756350
6.814000,0.463990,0.953610,3.558110,251.997500,-350.822390,75865.789060,,3.176150,-614.756650
6.816000,0.292240,0.702390,3.742680,252.031850,-350.823210,75955.437500,1.000000,3.417110,-614.755920
6.818000,0.240970,0.516540,4.839840,252.066180,-350.823940,75919.578130,,3.474790,-614.755370
6.820000,0.324280,0.648560,5.547360,252.099230,-350.823730,75992.343750,,3.363280,-614.755680
6.822000,0.493470,0.894650,4.532230,252.131530,-350.822780,75816.210940,,3.162050,-614.756590
6.824000,0.444760,0.945920,3.363280,252.164430,-350.822390,76016.609380,1.000000,3.159480,-614.756710
6.826000,0.310180,0.715210,4.204100,252.198530,-350.823270,75801.445310,,3.442750,-614.755980
6.828000,0.279420,0.657530,5.660160,252.232190,-350.824100,75769.812500,,3.490170,-614.755620
6.830000,0.408870,0.917720,5.578130,252.264560,-350.823490,75846.796880,,3.286380,-614.756040
6.832000,0.511410,1.120240,4.532230,252.296840,-350.822450,76222.273440,1.000000,3.121030,-614.756650
6.834000,0.367860,0.966430,4.286130,252.330550,-350.822810,76288.710940,,3.299190,-614.756230
6.836000,0.253780,0.639590,4.829590,252.365200,-350.823880,75814.101560,,3.524780,-614.755370
6.838000,0.271730,0.621640,5.321780,252.398900,-350.823880,75724.460940,,3.408140,-614.755310
6.840000,0.439640,0.858760,5.014160,252.431470,-350.822970,76021.875000,1.000000,3.226140,-614.756160
6.842000,0.490910,0.974120,4.029790,252.464320,-350.822330,75986.023440,,3.155640,-614.756710
6.844000,0.315310,0.748540,3.537600,252.498470,-350.822940,75892.148440,,3.368410,-614.756100
6.846000,0.240970,0.516540,4.480960,252.532970,-350.823880,75930.117190,,3.509400,-614.755490
6.848000,0.290950,0.578060,5.291020,252.566380,-350.823880,76271.835940,1.000000,3.413270,-614.755680
6.850000,0.455020,0.852360,4.809080,252.598680,-350.823000,75923.796880,,3.241520,-614.756470
6.852000,0.475520,0.977970,3.752930,252.631260,-350.822200,75896.375000,,3.114620,-614.756770
6.854000,0.320430,0.847230,4.009280,252.664950,-350.822940,75765.593750,,3.400450,-614.756160
6.856000,0.265320,0.690860,5.567870,252.698810,-350.823940,75929.070310,1.000000,3.529910,-614.755620
6.856000,0.265320,0.690860,5.567870,252.698810,-350.823940,75929.070310,1.000000,3.529910,-614.755620
6.858000,0.366580,0.902340,5.639650,252.731480,-350.823640,75836.257810,,3.344060,-614.755920
6.860000,0.494750,1.083070,4.521970,252.763820,-350.822600,75858.406250,,3.155640,-614.756590
6.862000,0.412720,1.008730,3.752930,252.797320,-350.822540,76039.804690,,3.249210,-614.756470
6.864000,0.261470,0.674190,4.532230,252.832030,-350.823610,75810.937500,1.000000,3.477360,-614.755620
6.866000,0.255070,0.567810,5.485840,252.866120,-350.823970,75807.781250,,3.460690,-614.755310
6.868000,0.393490,0.758790,5.229490,252.898960,-350.823210,75539.882810,,3.260740,-614.755920
6.870000,0.501160,0.901060,4.429690,252.931700,-350.822390,75928.015630,,3.147950,-614.756710
6.872000,0.351200,0.735720,3.527340,252.965620,-350.822750,75968.093750,1.000000,3.309450,-614.756290
6.874000,0.248660,0.478090,4.204100,253.000120,-350.823730,75722.343750,,3.483760,-614.755550
6.876000,0.264040,0.493470,4.921880,253.033630,-350.823940,75759.257810,,3.450440,-614.755490
6.878000,0.420410,0.834410,5.003910,253.065670,-350.823210,75988.125000,,3.265870,-614.756230
6.880000,0.496030,1.063840,3.783690,253.097700,-350.822240,76030.320310,1.000000,3.118470,-614.756840
6.882000,0.349910,0.975400,4.060550,253.130950,-350.822660,75656.953130,,3.309450,-614.756410
6.884000,0.269170,0.739560,5.393550,253.165020,-350.823790,75997.625000,,3.513240,-614.755680
6.886000,0.328130,0.858760,5.711430,253.197970,-350.823820,75800.398440,,3.410710,-614.755800
6.888000,0.471680,1.094600,4.901370,253.230380,-350.822810,75930.117190,1.000000,3.179990,-614.756470
6.890000,0.460140,1.102290,3.845210,253.263500,-350.822360,75866.843750,,3.195370,-614.756590
6.892000,0.285830,0.802370,4.511720,253.298020,-350.823270,75682.265630,,3.440190,-614.755800
6.894000,0.248660,0.624210,5.157710,253.332470,-350.824010,75993.398440,,3.502990,-614.755310
6.896000,0.360170,0.734440,5.762700,253.365680,-350.823390,75826.757810,1.000000,3.301760,-614.755740
6.898000,0.506290,0.917720,4.809080,253.398380,-350.822510,76153.710940,,3.155640,-614.756590
6.900000,0.399900,0.821590,3.578610,253.432050,-350.822510,75947.000000,,3.237670,-614.756470
6.902000,0.253780,0.560120,4.081050,253.466520,-350.823490,75940.671880,,3.460690,-614.755680
6.904000,0.244810,0.502440,4.573240,253.500310,-350.824010,75824.656250,1.000000,3.459410,-614.755370
6.906000,0.374270,0.792110,5.167970,253.532550,-350.823460,75818.320310,,3.309450,-614.755980
6.908000,0.516540,1.042050,4.081050,253.564540,-350.822450,76293.992190,,3.117190,-614.756770
6.910000,0.398620,1.030520,3.783690,253.597580,-350.822420,75742.390630,,3.246640,-614.756590
6.912000,0.287110,0.754940,4.798830,253.631730,-350.823520,75995.507810,1.000000,3.470950,-614.755860
6.914000,0.301210,0.778020,5.567870,253.665180,-350.823940,75817.265630,,3.451720,-614.755680
6.916000,0.447330,1.003600,4.973140,253.697680,-350.823060,75972.312500,,3.219730,-614.756290
6.918000,0.497310,1.084350,3.752930,253.730650,-350.822390,75608.445310,,3.140260,-614.756650
6.920000,0.315310,0.807500,4.337400,253.765120,-350.823090,75847.851560,1.000000,3.392760,-614.755920
6.922000,0.249940,0.535770,5.044920,253.799820,-350.824040,75779.304690,,3.514530,-614.755310
6.924000,0.323000,0.631900,5.885740,253.833220,-350.823640,75641.132810,,3.340210,-614.755550
6.926000,0.484500,0.886960,4.737300,253.865630,-350.822660,75960.703130,,3.182560,-614.756470
6.928000,0.452450,0.913880,3.527340,253.898650,-350.822390,75717.070310,1.000000,3.185120,-614.756590
6.930000,0.279420,0.672910,3.793950,253.932830,-350.823270,76036.640630,,3.431210,-614.755860
6.932000,0.247380,0.519100,4.675780,253.966840,-350.823970,75631.648440,,3.477360,-614.755370
6.934000,0.338380,0.712650,5.547360,253.999480,-350.823670,75735.007810,,3.353030,-614.755740
6.936000,0.505000,1.002320,4.450200,254.031420,-350.822660,76028.210940,1.000000,3.141540,-614.756650
6.938000,0.438350,1.052310,3.486330,254.064180,-350.822330,75819.375000,,3.173580,-614.756710
6.940000,0.306340,0.799800,4.234860,254.098250,-350.823300,75895.320310,,3.444030,-614.755920
6.942000,0.288390,0.748540,5.321780,254.132020,-350.824040,75536.718750,,3.474790,-614.755550
6.944000,0.421690,0.930540,5.301270,254.164700,-350.823390,76116.804690,1.000000,3.276120,-614.756040
6.946000,0.513980,1.081790,4.439940,254.197450,-350.822480,75761.367190,,3.121030,-614.756590
6.948000,0.357600,0.897220,4.593750,254.231520,-350.822910,75765.593750,,3.326110,-614.756160
6.950000,0.257630,0.613950,4.973140,254.266200,-350.823910,75741.328130,,3.528630,-614.755370
6.952000,0.292240,0.675480,5.608890,254.299650,-350.823820,75877.382810,1.000000,3.392760,-614.755370
6.954000,0.458860,0.944640,4.850100,254.332000,-350.822880,76093.601560,,3.219730,-614.756230
6.956000,0.492190,1.053590,3.773440,254.364670,-350.822360,75864.726560,,3.171020,-614.756710
6.958000,0.315310,0.838260,3.619630,254.398620,-350.823060,76237.039060,,3.391480,-614.756040
6.960000,0.249940,0.616520,4.501460,254.432850,-350.823880,75905.859380,1.000000,3.505550,-614.755430
6.962000,0.306340,0.703670,5.690920,254.466020,-350.823760,75977.585940,,3.395320,-614.755620
6.964000,0.470400,0.956180,4.480960,254.498280,-350.822910,75900.593750,,3.228700,-614.756470
6.966000,0.476810,1.034360,3.455570,254.531050,-350.822240,75874.218750,,3.130000,-614.756710
6.968000,0.320430,0.831850,3.865720,254.565090,-350.823030,76330.898440,1.000000,3.418400,-614.756100
6.970000,0.274290,0.644710,5.311520,254.599240,-350.823940,75753.992190,,3.522220,-614.755550
6.972000,0.385800,0.840820,5.721680,254.632220,-350.823610,76070.398440,,3.333800,-614.755920
6.974000,0.510130,1.021550,4.665530,254.664750,-350.822540,75757.148440,,3.155640,-614.756590
6.976000,0.403750,0.942080,4.204100,254.698390,-350.822630,76027.156250,1.000000,3.259460,-614.756350
6.978000,0.264040,0.651120,4.521970,254.733030,-350.823730,75795.125000,,3.509400,-614.755490
6.980000,0.265320,0.622920,5.608890,254.766690,-350.823970,75851.023440,,3.449160,-614.755250
6.982000,0.414000,0.899780,4.809080,254.799000,-350.823090,75810.937500,,3.253050,-614.755980
6.984000,0.507570,1.094600,4.357910,254.831270,-350.822330,75917.460940,1.000000,3.151790,-614.756710
6.986000,0.349910,0.933110,3.455570,254.864930,-350.822780,75922.734380,,3.332520,-614.756230
6.988000,0.257630,0.676760,4.337400,254.899200,-350.823730,75679.109380,,3.490170,-614.755490
6.990000,0.276860,0.665220,4.778320,254.932690,-350.823850,75857.343750,,3.433780,-614.755490
6.992000,0.435790,0.904910,4.737300,254.965150,-350.823150,75922.734380,1.000000,3.273560,-614.756230
6.992000,0.435790,0.904910,4.737300,254.965150,-350.823150,75922.734380,1.000000,3.273560,-614.756230
6.994000,0.498600,1.017700,3.547850,254.997800,-350.822240,75914.296880,,3.127440,-614.756770
6.996000,0.346070,0.861330,3.875980,255.031560,-350.822750,75865.789060,,3.342770,-614.756230
6.998000,0.273010,0.651120,5.455080,255.065830,-350.823820,75666.453130,,3.528630,-614.755680
7.000000,0.351200,0.810060,5.926760,255.098830,-350.823760,75937.500000,1.000000,3.400450,-614.755800
7.002000,0.489620,1.029240,4.747560,255.131270,-350.822690,75797.234380,,3.174870,-614.756470
7.004000,0.449890,1.033080,4.050290,255.164510,-350.822360,75999.734380,,3.215880,-614.756470
7.006000,0.278140,0.744690,4.265630,255.198970,-350.823360,75935.390630,,3.467100,-614.755680
7.008000,0.258910,0.631900,5.321780,255.233050,-350.824010,75805.664060,1.000000,3.506840,-614.755190
7.010000,0.378110,0.820310,5.547360,255.265750,-350.823270,75852.078130,,3.290220,-614.755680
7.012000,0.513980,1.033080,4.573240,255.298160,-350.822390,75996.562500,,3.158200,-614.756530
7.014000,0.398620,0.919010,3.465820,255.331730,-350.822540,76091.484380,,3.267150,-614.756350
7.016000,0.274290,0.639590,4.029790,255.366120,-350.823490,75876.328130,1.000000,3.472230,-614.755620
7.018000,0.262760,0.567810,4.655270,255.399900,-350.823910,75791.960940,,3.459410,-614.755370
7.020000,0.399900,0.830570,4.973140,255.432300,-350.823360,75981.796880,,3.303040,-614.755980
7.022000,0.524230,1.029240,4.060550,255.464550,-350.822390,76006.054690,,3.122310,-614.756770
7.024000,0.389650,0.958740,3.804200,255.497850,-350.822450,75879.492190,1.000000,3.269710,-614.756410
7.026000,0.293520,0.685730,5.167970,255.532100,-350.823640,75935.390630,,3.496580,-614.755680
7.028000,0.317870,0.751100,5.649900,255.565370,-350.823910,76069.335940,,3.451720,-614.755620
7.030000,0.467830,1.022830,5.055180,255.597660,-350.822940,75882.664060,,3.205630,-614.756230
7.032000,0.498600,1.121520,3.916990,255.630450,-350.822330,75938.562500,1.000000,3.158200,-614.756530
7.034000,0.316590,0.858760,4.122070,255.664720,-350.823120,75744.492190,,3.422240,-614.755860
7.036000,0.264040,0.648560,5.157710,255.699100,-350.824010,75923.796880,,3.513240,-614.755190
7.038000,0.346070,0.756230,5.475590,255.732300,-350.823520,75871.062500,,3.332520,-614.755550
7.040000,0.502440,0.968990,4.880860,255.764830,-350.822570,76003.945310,1.000000,3.171020,-614.756470
7.042000,0.444760,0.931820,3.394040,255.798170,-350.822390,76039.804690,,3.208190,-614.756470
7.044000,0.278140,0.683170,3.783690,255.832500,-350.823300,75672.773440,,3.444030,-614.755680
7.046000,0.261470,0.580630,4.839840,255.866420,-350.823970,75849.960940,,3.469670,-614.755310
7.048000,0.365300,0.802370,5.167970,255.898960,-350.823580,75618.992190,1.000000,3.347900,-614.755800
7.050000,0.519100,1.051030,4.388670,255.931000,-350.822570,76091.484380,,3.126160,-614.756590
7.052000,0.428100,1.066410,3.629880,255.963900,-350.822360,75848.906250,,3.209470,-614.756530
7.054000,0.307620,0.797240,4.665530,255.998000,-350.823360,75764.539060,,3.463260,-614.755860
7.056000,0.308900,0.769040,5.342290,256.031650,-350.824040,75746.601560,1.000000,3.474790,-614.755550
7.058000,0.442200,0.966430,5.444820,256.064180,-350.823240,75896.375000,,3.259460,-614.756040
7.060000,0.517820,1.094600,4.214360,256.096980,-350.822390,76074.617190,,3.122310,-614.756530
7.062000,0.352480,0.860050,4.224610,256.131200,-350.822940,75583.125000,,3.360720,-614.755980
7.064000,0.266600,0.558840,5.003910,256.165950,-350.823910,76125.234380,1.000000,3.528630,-614.755310
7.066000,0.310180,0.615230,5.578130,256.199550,-350.823730,75899.531250,,3.383790,-614.755370
7.068000,0.479370,0.851070,5.055180,256.232060,-350.822810,75860.507810,,3.214600,-614.756230
7.070000,0.490910,0.917720,3.578610,256.265010,-350.822330,75929.070310,,3.174870,-614.756590
7.072000,0.314030,0.683170,3.691410,256.299160,-350.823090,75917.460940,1.000000,3.415830,-614.755920
7.074000,0.253780,0.499880,4.686040,256.333310,-350.823910,76059.851560,,3.511960,-614.755310
7.076000,0.326840,0.661380,5.670410,256.366150,-350.823760,75782.468750,,3.395320,-614.755620
7.078000,0.496030,0.977970,4.778320,256.398010,-350.822750,76194.851560,,3.199220,-614.756470
7.080000,0.474240,1.098450,3.486330,256.430390,-350.822240,75996.562500,1.000000,3.144100,-614.756710
7.082000,0.329410,0.903630,4.368160,256.464110,-350.823090,75873.171880,,3.442750,-614.755980
7.084000,0.285830,0.761350,5.157710,256.497860,-350.823970,75762.421880,,3.517090,-614.755490
7.086000,0.405030,0.939510,5.567870,256.530580,-350.823490,75815.156250,,3.318420,-614.755920
7.088000,0.520390,1.070250,4.470700,256.563200,-350.822450,76312.976560,1.000000,3.145390,-614.756530
7.090000,0.399900,0.912600,4.316890,256.597140,-350.822660,75898.484380,,3.279970,-614.756230
7.092000,0.275570,0.601140,4.778320,256.631960,-350.823760,75982.859380,,3.518370,-614.755370
7.094000,0.283260,0.574220,5.619140,256.665770,-350.823910,75836.257810,,3.438900,-614.755250
7.096000,0.442200,0.816470,4.973140,256.698390,-350.823030,75915.351560,1.000000,3.250490,-614.755980
7.098000,0.510130,0.945920,3.865720,256.731140,-350.822300,75887.929690,,3.156920,-614.756590
7.100000,0.338380,0.758790,3.527340,256.765050,-350.822850,75750.828130,,3.364560,-614.756100
7.102000,0.257630,0.538330,4.419430,256.799320,-350.823790,75859.453130,,3.511960,-614.755370
7.104000,0.293520,0.628050,5.424320,256.832460,-350.823820,75787.734380,1.000000,3.433780,-614.755490
7.106000,0.456300,0.954900,4.706540,256.864380,-350.823030,75878.437500,,3.264590,-614.756290
7.108000,0.497310,1.129210,3.496580,256.896550,-350.822170,75801.445310,,3.131290,-614.756770
7.110000,0.344790,0.968990,3.855470,256.930110,-350.822780,75917.460940,,3.374820,-614.756230
7.112000,0.276860,0.734440,5.188480,256.964230,-350.823820,75620.046880,1.000000,3.536320,-614.755550
7.114000,0.365300,0.886960,5.813960,256.997190,-350.823640,75853.132810,,3.382510,-614.755800
7.116000,0.498600,1.062560,4.675780,257.029750,-350.822630,75766.648440,,3.171020,-614.756470
7.118000,0.440920,1.008730,4.111820,257.063260,-350.822390,75813.054690,,3.238950,-614.756410
7.120000,0.278140,0.658810,4.398930,257.098110,-350.823490,75852.078130,1.000000,3.482480,-614.755620
7.122000,0.269170,0.502440,5.239750,257.132510,-350.823970,75465.000000,,3.500430,-614.755250
7.124000,0.399900,0.681880,5.547360,257.165410,-350.823210,76112.578130,,3.283810,-614.755800
7.126000,0.516540,0.893370,4.439940,257.197940,-350.822300,75844.687500,,3.150510,-614.756590
7.128000,0.379390,0.807500,3.845210,257.231510,-350.822540,75851.023440,1.000000,3.290220,-614.756230
7.130000,0.270450,0.585750,4.224610,257.265690,-350.823550,75865.789060,,3.481200,-614.755490
7.132000,0.265320,0.563960,4.911620,257.299130,-350.823910,75821.492190,,3.459410,-614.755370
7.134000,0.415280,0.858760,4.901370,257.331270,-350.823270,75963.867190,,3.294070,-614.756040
7.136000,0.516540,1.051030,3.599120,257.363430,-350.822330,75868.945310,1.000000,3.132570,-614.756770
7.136000,0.516540,1.051030,3.599120,257.363430,-350.822330,75868.945310,1.000000,3.132570,-614.756770
7.138000,0.379390,0.965150,3.927250,257.396670,-350.822510,76076.718750,,3.288940,-614.756410
7.140000,0.292240,0.738280,5.137210,257.430790,-350.823640,75812.000000,,3.499150,-614.755680
7.142000,0.325560,0.836980,6.008790,257.463840,-350.823820,75954.382810,,3.436340,-614.755680
7.144000,0.476810,1.074100,4.860350,257.496220,-350.822850,75849.960940,1.000000,3.196660,-614.756350
7.146000,0.484500,1.092040,3.886230,257.529330,-350.822360,75923.796880,,3.182560,-614.756530
7.148000,0.305050,0.770320,4.193850,257.563900,-350.823210,76225.429690,,3.441470,-614.755740
7.150000,0.257630,0.557560,5.003910,257.598450,-350.824010,75726.562500,,3.515810,-614.755190
7.152000,0.356320,0.671630,5.721680,257.631650,-350.823430,76136.835940,1.000000,3.317140,-614.755620
7.154000,0.508850,0.913880,4.829590,257.664090,-350.822480,75934.335940,,3.163330,-614.756470
7.156000,0.426820,0.892090,3.619630,257.697390,-350.822420,76048.250000,,3.228700,-614.756470
7.158000,0.274290,0.640870,3.670900,257.731690,-350.823360,75764.539060,,3.459410,-614.755680
7.160000,0.257630,0.519100,4.655270,257.765630,-350.823940,75805.664060,1.000000,3.461980,-614.755370
7.162000,0.370420,0.747250,4.737300,257.798190,-350.823490,75926.953130,,3.335080,-614.755860
7.164000,0.512700,0.983090,4.193850,257.830320,-350.822510,75763.484380,,3.123600,-614.756650
7.166000,0.411440,0.994630,3.711910,257.863310,-350.822360,75901.648440,,3.232540,-614.756470
7.168000,0.294800,0.724180,4.809080,257.897430,-350.823430,75645.359380,1.000000,3.467100,-614.755800
7.170000,0.305050,0.742130,5.557620,257.930940,-350.824010,75972.312500,,3.470950,-614.755620
7.172000,0.448610,0.953610,5.198730,257.963350,-350.823150,75917.460940,,3.240230,-614.756160
7.174000,0.510130,1.088200,3.886230,257.996060,-350.822390,75853.132810,,3.124880,-614.756590
7.176000,0.331970,0.867740,4.029790,258.030210,-350.822970,75798.281250,1.000000,3.381230,-614.755980
7.178000,0.258910,0.615230,5.188480,258.064640,-350.823970,75779.304690,,3.522220,-614.755310
7.180000,0.316590,0.715210,5.701170,258.097870,-350.823670,75949.101560,,3.369690,-614.755430
7.182000,0.480650,0.957460,5.065430,258.130190,-350.822720,75562.039060,,3.199220,-614.756350
7.184000,0.470400,0.971560,3.537600,258.163210,-350.822360,76092.539060,1.000000,3.185120,-614.756590
7.186000,0.298650,0.702390,3.517090,258.197480,-350.823180,75996.562500,,3.427370,-614.755860
7.188000,0.249940,0.528080,4.624510,258.231690,-350.823910,75770.859380,,3.488890,-614.755370
7.190000,0.330690,0.704960,5.383300,258.264470,-350.823670,75833.085940,,3.372250,-614.755680
7.192000,0.497310,0.986940,4.511720,258.296600,-350.822690,76034.531250,1.000000,3.169740,-614.756530
7.194000,0.451170,1.047180,3.476070,258.329380,-350.822300,76140.000000,,3.164610,-614.756650
7.196000,0.316590,0.806210,4.511720,258.363460,-350.823210,75739.226560,,3.449160,-614.755920
7.198000,0.283260,0.712650,5.270510,258.397310,-350.824040,75716.015630,,3.505550,-614.755550
7.200000,0.414000,0.919010,5.485840,258.429960,-350.823490,76016.609380,1.000000,3.301760,-614.755980
7.202000,0.519100,1.117680,4.480960,258.462430,-350.822420,76167.421880,,3.130000,-614.756590
7.204000,0.378110,0.968990,4.316890,258.496220,-350.822720,75913.250000,,3.299190,-614.756230
7.206000,0.265320,0.687010,4.942380,258.530850,-350.823820,75896.375000,,3.536320,-614.755370
7.208000,0.283260,0.676760,5.588380,258.564480,-350.823880,76202.234380,1.000000,3.423520,-614.755310
7.210000,0.449890,0.895940,5.106450,258.597020,-350.822940,76046.132810,,3.242800,-614.756100
7.212000,0.497310,0.979250,3.711910,258.629880,-350.822270,75744.492190,,3.159480,-614.756650
7.214000,0.320430,0.740840,3.588870,258.663970,-350.822910,75906.914060,,3.381230,-614.756040
7.216000,0.251220,0.497310,4.296390,258.698430,-350.823790,75885.828130,1.000000,3.513240,-614.755370
7.218000,0.298650,0.569090,5.434570,258.731690,-350.823760,75918.515630,,3.414550,-614.755550
7.220000,0.462710,0.849790,4.860350,258.763890,-350.822940,75991.289060,,3.255620,-614.756410
7.222000,0.488340,0.976680,3.373540,258.796420,-350.822200,76015.546880,,3.131290,-614.756770
7.224000,0.330690,0.810060,4.142580,258.830170,-350.822910,75765.593750,1.000000,3.405580,-614.756160
7.226000,0.271730,0.626770,5.239750,258.864170,-350.823910,75710.742190,,3.540160,-614.755620
7.228000,0.372990,0.836980,5.649900,258.896940,-350.823640,75571.523440,,3.367130,-614.755860
7.230000,0.501160,1.034360,4.604000,258.929260,-350.822570,75830.984380,,3.168460,-614.756530
7.232000,0.420410,0.998470,4.234860,258.962620,-350.822450,75919.578130,1.000000,3.246640,-614.756410
7.234000,0.270450,0.697270,4.665530,258.997130,-350.823520,75861.562500,,3.497860,-614.755550
7.236000,0.265320,0.599850,5.229490,259.031040,-350.823940,75777.195310,,3.482480,-614.755250
7.238000,0.399900,0.828000,5.373050,259.063600,-350.823150,75721.296880,,3.273560,-614.755920
7.240000,0.508850,1.004880,4.255370,259.096070,-350.822300,76016.609380,1.000000,3.154360,-614.756650
7.242000,0.362730,0.836980,3.394040,259.129850,-350.822660,75695.984380,,3.313290,-614.756230
7.244000,0.258910,0.569090,4.532230,259.164280,-350.823640,76248.640630,,3.495300,-614.755490
7.246000,0.270450,0.542180,4.962890,259.197880,-350.823880,75826.757810,,3.456850,-614.755430
7.248000,0.426820,0.822880,5.096190,259.230160,-350.823210,75854.187500,1.000000,3.286380,-614.756230
7.250000,0.508850,1.006160,3.599120,259.262510,-350.822200,75981.796880,,3.127440,-614.756770
7.252000,0.358890,0.920290,4.091310,259.295900,-350.822570,75781.414060,,3.312010,-614.756350
7.254000,0.276860,0.702390,5.147460,259.330050,-350.823700,75918.515630,,3.515810,-614.755680
7.256000,0.334530,0.828000,5.988280,259.363040,-350.823760,75741.328130,1.000000,3.428650,-614.755680
7.258000,0.484500,1.071530,5.034670,259.395450,-350.822750,76158.992190,,3.188960,-614.756410
7.260000,0.470400,1.085630,4.081050,259.428590,-350.822300,75941.726560,,3.197940,-614.756530
7.262000,0.290950,0.778020,4.480960,259.463130,-350.823210,75932.226560,,3.453000,-614.755740
7.264000,0.253780,0.626770,4.829590,259.497470,-350.823970,75784.578130,1.000000,3.519650,-614.755190
7.266000,0.362730,0.774170,5.752440,259.530490,-350.823360,75801.445310,,3.308170,-614.755680
7.268000,0.512700,0.988220,4.614260,259.563020,-350.822420,76256.015630,,3.160770,-614.756530
7.270000,0.412720,0.895940,3.834960,259.596590,-350.822450,75912.195310,,3.245360,-614.756410
7.272000,0.266600,0.607540,3.988770,259.631160,-350.823430,76094.648440,1.000000,3.470950,-614.755680
7.274000,0.256350,0.496030,4.727050,259.665160,-350.823910,75846.796880,,3.464540,-614.755370
7.276000,0.384520,0.748540,5.034670,259.697660,-350.823390,75940.671880,,3.322270,-614.755920
7.278000,0.520390,0.965150,3.681150,259.729890,-350.822390,75917.460940,,3.117190,-614.756770
7.280000,0.399900,0.947200,3.814450,259.763030,-350.822390,75833.085940,1.000000,3.254330,-614.756470
7.282000,0.290950,0.688290,4.839840,259.797150,-350.823490,76123.125000,,3.481200,-614.755740
7.284000,0.308900,0.744690,5.824220,259.830440,-350.823970,75749.773440,,3.467100,-614.755620
7.286000,0.453740,1.012570,5.126950,259.862730,-350.823060,75956.492190,,3.228700,-614.756230
7.288000,0.503720,1.111270,3.865720,259.895540,-350.822360,75628.476560,1.000000,3.138980,-614.756590
7.290000,0.325560,0.840820,3.988770,259.929870,-350.823030,75963.867190,,3.401730,-614.755920
7.292000,0.260190,0.585750,4.839840,259.964510,-350.823970,75572.585940,,3.520940,-614.755250
7.294000,0.329410,0.687010,5.772950,259.997860,-350.823610,75744.492190,,3.353030,-614.755490
7.296000,0.488340,0.926700,4.932130,260.030360,-350.822630,75847.851560,1.000000,3.186400,-614.756410
7.298000,0.453740,0.917720,3.855470,260.063600,-350.822360,75853.132810,,3.195370,-614.756530
7.300000,0.284550,0.661380,3.711910,260.097960,-350.823240,75935.390630,,3.441470,-614.755740
7.302000,0.252500,0.503720,4.552730,260.132110,-350.823940,75546.218750,,3.487610,-614.755310
7.304000,0.348630,0.694700,5.280760,260.164830,-350.823640,75924.851560,1.000000,3.362000,-614.755740
7.306000,0.512700,0.970280,4.327150,260.196840,-350.822630,75919.578130,,3.153080,-614.756590
7.308000,0.443480,1.018980,3.814450,260.229640,-350.822300,75729.726560,,3.185120,-614.756650
7.310000,0.315310,0.748540,4.604000,260.263760,-350.823270,75825.710940,,3.458130,-614.755920
7.312000,0.293520,0.674190,5.496090,260.297550,-350.824040,75897.429690,1.000000,3.490170,-614.755550
7.312000,0.293520,0.674190,5.496090,260.297550,-350.824040,75897.429690,1.000000,3.490170,-614.755550
7.314000,0.425540,0.876710,5.270510,260.330170,-350.823360,76030.320310,,3.285100,-614.756040
7.316000,0.519100,1.045900,4.234860,260.362790,-350.822390,75764.539060,,3.124880,-614.756590
7.318000,0.364010,0.862610,4.142580,260.396850,-350.822810,75978.632810,,3.324830,-614.756100
7.320000,0.264040,0.563960,4.962890,260.431610,-350.823880,75853.132810,1.000000,3.541440,-614.755370
7.322000,0.298650,0.587040,5.803710,260.465300,-350.823820,75898.484380,,3.409420,-614.755370
7.324000,0.471680,0.826720,5.229490,260.497860,-350.822880,75872.109380,,3.229980,-614.756230
7.326000,0.497310,0.930540,3.773440,260.530670,-350.822300,76000.789060,,3.169740,-614.756590
7.328000,0.315310,0.748540,3.312010,260.564610,-350.822970,76306.648440,1.000000,3.400450,-614.755920
7.330000,0.252500,0.563960,4.501460,260.598690,-350.823820,75965.976560,,3.518370,-614.755370
7.332000,0.312740,0.726750,5.414060,260.631470,-350.823730,76098.867190,,3.405580,-614.755550
7.334000,0.481930,1.049740,4.921880,260.663330,-350.822850,75941.726560,,3.236390,-614.756410
7.336000,0.489620,1.145870,3.599120,260.695770,-350.822240,75899.531250,1.000000,3.144100,-614.756770
7.338000,0.330690,0.917720,3.958010,260.729740,-350.822970,75871.062500,,3.426090,-614.756100
7.340000,0.279420,0.717770,5.219240,260.763820,-350.823910,75813.054690,,3.531190,-614.755550
7.342000,0.387080,0.892090,5.157710,260.796880,-350.823520,75904.804690,,3.341490,-614.755860
7.344000,0.511410,1.052310,4.511720,260.829530,-350.822510,75879.492190,1.000000,3.162050,-614.756530
7.346000,0.414000,0.960020,4.142580,260.863310,-350.822540,75909.031250,,3.263310,-614.756290
7.348000,0.275570,0.642150,5.024410,260.898160,-350.823640,75714.960940,,3.514530,-614.755490
7.350000,0.279420,0.565250,5.332030,260.932250,-350.823910,75826.757810,,3.461980,-614.755250
7.352000,0.420410,0.792110,5.332030,260.965030,-350.823090,75948.046880,1.000000,3.262020,-614.755920
7.354000,0.512700,0.961300,3.978520,260.997680,-350.822300,75936.445310,,3.158200,-614.756650
7.356000,0.351200,0.812620,3.229980,261.031460,-350.822750,75865.789060,,3.337650,-614.756160
7.358000,0.261470,0.607540,4.573240,261.065640,-350.823730,75837.312500,,3.506840,-614.755430
7.360000,0.288390,0.663940,5.055180,261.098910,-350.823820,75833.085940,1.000000,3.440190,-614.755430
7.362000,0.446040,0.936950,4.983400,261.131040,-350.823120,75577.859380,,3.281250,-614.756230
7.364000,0.511410,1.095890,3.588870,261.163360,-350.822170,76026.093750,,3.132570,-614.756770
7.366000,0.357600,0.962590,3.886230,261.196900,-350.822660,75952.265630,,3.337650,-614.756230
7.368000,0.280700,0.728030,5.034670,261.231140,-350.823760,75675.945310,1.000000,3.527340,-614.755620
7.370000,0.355040,0.842100,5.578130,261.264280,-350.823700,75824.656250,,3.409420,-614.755680
7.372000,0.493470,1.015140,4.819340,261.296970,-350.822720,76003.945310,,3.187680,-614.756410
7.374000,0.460140,0.970280,4.152830,261.330510,-350.822360,76100.984380,,3.222290,-614.756470
7.376000,0.287110,0.643430,4.552730,261.365300,-350.823330,75794.070310,1.000000,3.470950,-614.755680
7.378000,0.269170,0.508850,5.137210,261.399690,-350.823970,75759.257810,,3.517090,-614.755190
7.380000,0.385800,0.719060,5.444820,261.432460,-350.823240,75857.343750,,3.297910,-614.755680
7.382000,0.520390,0.992070,4.757810,261.464660,-350.822360,76158.992190,,3.159480,-614.756530
7.384000,0.405030,0.924130,3.342770,261.498050,-350.822480,75820.429690,1.000000,3.268430,-614.756350
7.386000,0.278140,0.651120,4.101560,261.532350,-350.823490,75916.414060,,3.486330,-614.755550
7.388000,0.266600,0.565250,4.696290,261.566130,-350.823910,76208.554690,,3.464540,-614.755310
7.390000,0.401180,0.847230,5.014160,261.598480,-350.823300,75857.343750,,3.308170,-614.755920
7.392000,0.526790,1.071530,3.691410,261.630620,-350.822360,75915.351560,1.000000,3.127440,-614.756710
7.394000,0.397340,1.018980,3.568360,261.663850,-350.822420,75840.476560,,3.271000,-614.756410
7.396000,0.301210,0.769040,5.096190,261.698030,-350.823550,75962.812500,,3.491460,-614.755680
7.398000,0.325560,0.810060,5.660160,261.731380,-350.823910,75848.906250,,3.461980,-614.755550
7.400000,0.476810,1.031800,5.250000,261.763890,-350.822970,75876.328130,1.000000,3.217160,-614.756230
7.402000,0.505000,1.077940,3.793950,261.796970,-350.822330,76170.585940,,3.155640,-614.756530
7.404000,0.320430,0.799800,4.173340,261.831450,-350.823090,75653.796880,,3.422240,-614.755800
7.406000,0.265320,0.596010,5.116700,261.865910,-350.823970,75834.140630,,3.522220,-614.755130
7.408000,0.349910,0.737000,5.393550,261.898990,-350.823490,75544.109380,1.000000,3.337650,-614.755490
7.410000,0.511410,0.983090,4.850100,261.931370,-350.822540,75969.148440,,3.176150,-614.756410
7.412000,0.453740,0.948490,3.629880,261.964660,-350.822390,75968.093750,,3.210750,-614.756470
7.414000,0.287110,0.689580,3.896480,261.999050,-350.823300,75823.601560,,3.454280,-614.755680
7.416000,0.269170,0.544740,4.501460,262.033200,-350.823910,75833.085940,1.000000,3.473510,-614.755310
7.418000,0.367860,0.748540,5.147460,262.065980,-350.823520,75665.398440,,3.350460,-614.755740
7.420000,0.524230,0.980530,4.234860,262.098240,-350.822510,76117.859380,,3.131290,-614.756530
7.422000,0.437070,0.989500,3.506840,262.131290,-350.822330,75596.835940,,3.214600,-614.756470
7.424000,0.314030,0.719060,4.850100,262.165560,-350.823360,76040.867190,1.000000,3.467100,-614.755800
7.426000,0.314030,0.694700,5.619140,262.199280,-350.824040,75839.421880,,3.485050,-614.755490
7.428000,0.448610,0.938230,5.485840,262.231660,-350.823270,75835.195310,,3.271000,-614.755980
7.430000,0.526790,1.134340,4.122070,262.264130,-350.822360,75834.140630,,3.122310,-614.756530
7.432000,0.360170,0.940800,4.132320,262.298030,-350.822880,75819.375000,1.000000,3.362000,-614.755980
7.434000,0.276860,0.638310,4.880860,262.332580,-350.823910,75948.046880,,3.544010,-614.755250
7.436000,0.321720,0.687010,5.711430,262.366000,-350.823730,75817.265630,,3.400450,-614.755370
7.438000,0.485780,0.917720,5.198730,262.398470,-350.822750,76193.796880,,3.219730,-614.756230
7.440000,0.497310,0.976680,3.599120,262.431430,-350.822240,76064.062500,1.000000,3.178710,-614.756530
7.442000,0.320430,0.744690,3.609380,262.465640,-350.823000,75875.273440,,3.418400,-614.755860
7.444000,0.265320,0.542180,4.337400,262.500000,-350.823790,75921.679690,,3.513240,-614.755310
7.446000,0.335820,0.656250,5.403810,262.533140,-350.823730,75762.421880,,3.404300,-614.755550
7.448000,0.505000,0.917720,4.696290,262.565460,-350.822750,76242.304690,1.000000,3.217160,-614.756410
7.450000,0.481930,0.974120,3.783690,262.598270,-350.822240,75859.453130,,3.154360,-614.756590
7.452000,0.330690,0.770320,4.398930,262.632320,-350.823090,76013.445310,,3.453000,-614.755920
7.454000,0.292240,0.671630,5.424320,262.666110,-350.823940,75820.429690,,3.532470,-614.755430
7.456000,0.411440,0.930540,5.321780,262.698580,-350.823490,75929.070310,1.000000,3.331240,-614.755860
7.458000,0.525510,1.109990,4.193850,262.730900,-350.822390,75930.117190,,3.155640,-614.756470
7.460000,0.406310,0.992070,4.152830,262.764590,-350.822630,75854.187500,,3.291500,-614.756230
7.462000,0.285830,0.671630,4.727050,262.799220,-350.823700,76114.695310,,3.531190,-614.755370
7.464000,0.290950,0.629330,5.608890,262.832980,-350.823820,75664.335940,1.000000,3.446590,-614.755190
7.464000,0.290950,0.629330,5.608890,262.832980,-350.823820,75664.335940,1.000000,3.446590,-614.755190
7.466000,0.447330,0.849790,5.075680,262.865630,-350.822970,75890.039060,,3.263310,-614.755980
7.468000,0.521670,0.957460,3.763180,262.898440,-350.822240,75816.210940,,3.164610,-614.756590
7.470000,0.349910,0.721620,3.188960,262.932590,-350.822780,75955.437500,,3.365840,-614.756040
7.472000,0.266600,0.466550,4.265630,262.967160,-350.823730,75633.750000,1.000000,3.522220,-614.755370
7.474000,0.302490,0.513980,5.321780,263.000610,-350.823820,75781.414060,,3.450440,-614.755370
7.476000,0.467830,0.839540,4.973140,263.032710,-350.823000,75873.171880,,3.276120,-614.756230
7.478000,0.506290,1.031800,3.804200,263.065000,-350.822110,75748.718750,,3.136410,-614.756710
7.480000,0.351200,0.922850,4.029790,263.098420,-350.822720,75731.835940,1.000000,3.390200,-614.756160
7.482000,0.284550,0.715210,4.921880,263.132390,-350.823760,75447.070310,,3.552980,-614.755490
7.484000,0.372990,0.908750,5.690920,263.165130,-350.823610,76049.296880,,3.399170,-614.755740
7.486000,0.506290,1.116390,4.532230,263.197450,-350.822540,75735.007810,,3.182560,-614.756410
7.488000,0.448610,1.097170,4.347660,263.230710,-350.822330,75844.687500,1.000000,3.244080,-614.756350
7.490000,0.288390,0.767760,4.552730,263.265350,-350.823360,75810.937500,,3.488890,-614.755550
7.492000,0.279420,0.643430,5.362790,263.299560,-350.823880,75879.492190,,3.505550,-614.755190
7.494000,0.403750,0.813900,5.229490,263.332460,-350.823180,75986.023440,,3.306880,-614.755740
7.496000,0.529360,0.979250,4.347660,263.365140,-350.822300,75933.281250,1.000000,3.165890,-614.756530
7.498000,0.392210,0.816470,3.394040,263.399080,-350.822510,76129.460940,,3.296630,-614.756230
7.500000,0.278140,0.528080,4.286130,263.433690,-350.823520,75914.296880,,3.500430,-614.755430
7.502000,0.275570,0.501160,5.270510,263.467380,-350.823880,75826.757810,,3.477360,-614.755310
7.504000,0.426820,0.824160,5.055180,263.499570,-350.823210,75783.515630,1.000000,3.299190,-614.755980
7.506000,0.529360,1.044620,3.660640,263.531680,-350.822200,75975.468750,,3.135130,-614.756710
7.508000,0.387080,0.974120,3.558110,263.564940,-350.822450,76307.703130,,3.306880,-614.756350
7.510000,0.302490,0.720340,5.178220,263.599120,-350.823580,75874.218750,,3.511960,-614.755620
7.512000,0.334530,0.793400,5.608890,263.632290,-350.823760,76089.382810,1.000000,3.447880,-614.755620
7.514000,0.485780,1.036930,5.178220,263.664730,-350.822780,75788.789060,,3.205630,-614.756230
7.516000,0.494750,1.061280,3.793950,263.697810,-350.822270,75963.867190,,3.190250,-614.756470
7.518000,0.317870,0.753660,4.255370,263.732360,-350.823120,75809.890630,,3.451720,-614.755680
7.520000,0.273010,0.554990,4.880860,263.766910,-350.823940,75776.132810,1.000000,3.523500,-614.755130
7.522000,0.367860,0.663940,5.250000,263.800110,-350.823390,76070.398440,,3.333800,-614.755550
7.524000,0.519100,0.898500,4.901370,263.832580,-350.822450,75981.796880,,3.173580,-614.756410
7.526000,0.431950,0.874150,3.640140,263.865810,-350.822390,75975.468750,,3.232540,-614.756350
7.528000,0.278140,0.629330,4.296390,263.900090,-350.823330,75733.953130,1.000000,3.473510,-614.755620
7.530000,0.269170,0.517820,4.562990,263.933930,-350.823910,75817.265630,,3.482480,-614.755310
7.532000,0.383240,0.752380,5.106450,263.966340,-350.823460,76010.273440,,3.341490,-614.755800
7.534000,0.526790,1.006160,3.793950,263.998320,-350.822450,75806.726560,,3.130000,-614.756590
7.536000,0.424260,1.022830,3.404300,264.031220,-350.822270,75955.437500,1.000000,3.240230,-614.756470
7.538000,0.306340,0.752380,4.788570,264.065310,-350.823330,75623.210940,,3.472230,-614.755740
7.540000,0.312740,0.774170,5.690920,264.098820,-350.823910,75951.210940,,3.478640,-614.755490
7.542000,0.453740,0.988220,5.362790,264.131290,-350.823090,75670.664060,,3.250490,-614.756100
7.544000,0.515260,1.102290,3.988770,264.164220,-350.822360,75900.593750,1.000000,3.137700,-614.756470
7.546000,0.339660,0.845950,3.906740,264.198550,-350.822940,75857.343750,,3.387630,-614.755920
7.548000,0.270450,0.576780,4.932130,264.233180,-350.823940,75816.210940,,3.538880,-614.755250
7.550000,0.329410,0.684450,5.578130,264.266540,-350.823640,75745.546880,,3.377380,-614.755370
7.552000,0.492190,0.952330,5.198730,264.298860,-350.822660,76054.570310,1.000000,3.205630,-614.756290
7.554000,0.475520,1.008730,3.629880,264.331760,-350.822270,76183.242190,,3.194090,-614.756530
7.556000,0.306340,0.786990,3.814450,264.365810,-350.823120,75848.906250,,3.440190,-614.755800
7.558000,0.255070,0.615230,4.419430,264.399810,-350.823850,75862.617190,,3.506840,-614.755250
7.560000,0.337100,0.770320,5.147460,264.432650,-350.823640,75892.148440,1.000000,3.383790,-614.755620
7.562000,0.505000,1.016420,4.439940,264.464810,-350.822660,75991.289060,,3.187680,-614.756470
7.564000,0.462710,1.047180,3.506840,264.497680,-350.822240,75903.750000,,3.172300,-614.756590
7.566000,0.325560,0.793400,4.532230,264.531860,-350.823120,75883.718750,,3.453000,-614.755920
7.568000,0.288390,0.684450,5.434570,264.565890,-350.823940,76153.710940,1.000000,3.514530,-614.755490
7.570000,0.419130,0.862610,5.424320,264.598790,-350.823430,75938.562500,,3.310730,-614.755920
7.572000,0.522950,1.022830,4.316890,264.631500,-350.822390,75962.812500,,3.138980,-614.756530
7.574000,0.381960,0.877990,4.040040,264.665470,-350.822720,75875.273440,,3.310730,-614.756160
7.576000,0.271730,0.585750,4.921880,264.700200,-350.823820,75876.328130,1.000000,3.549130,-614.755370
7.578000,0.293520,0.602420,5.660160,264.733760,-350.823850,75822.546880,,3.435060,-614.755250
7.580000,0.458860,0.885680,5.332030,264.766020,-350.822910,75999.734380,,3.246640,-614.756100
7.582000,0.502440,1.056150,3.701660,264.798460,-350.822240,76104.140630,,3.168460,-614.756590
7.584000,0.329410,0.860050,3.312010,264.832180,-350.822810,75780.351560,1.000000,3.386350,-614.756040
7.586000,0.257630,0.656250,4.357910,264.866240,-350.823730,75775.078130,,3.522220,-614.755370
7.588000,0.302490,0.730590,5.137210,264.899380,-350.823730,75643.242190,,3.429930,-614.755490
7.590000,0.465270,0.974120,4.798830,264.931610,-350.822940,76060.898440,,3.269710,-614.756350
7.592000,0.493470,1.048460,3.558110,264.964390,-350.822170,75947.000000,1.000000,3.145390,-614.756710
7.594000,0.335820,0.815190,4.245120,264.998410,-350.822810,75891.093750,,3.409420,-614.756100
7.596000,0.276860,0.597290,4.932130,265.032710,-350.823820,75812.000000,,3.552980,-614.755550
7.598000,0.376830,0.802370,5.649900,265.065640,-350.823610,75639.031250,,3.381230,-614.755860
7.600000,0.507570,0.998470,4.593750,265.098110,-350.822510,75983.914060,1.000000,3.173580,-614.756470
7.602000,0.424260,0.947200,3.958010,265.131620,-350.822390,75586.289060,,3.256900,-614.756350
7.604000,0.270450,0.646000,4.983400,265.166230,-350.823490,76113.632810,,3.511960,-614.755550
7.606000,0.270450,0.574220,5.475590,265.200130,-350.823910,75861.562500,,3.496580,-614.755250
7.608000,0.407590,0.811340,5.537110,265.232640,-350.823090,75843.640630,1.000000,3.287660,-614.755920
7.610000,0.515260,1.007450,4.050290,265.265010,-350.822240,75837.312500,,3.164610,-614.756650
7.612000,0.369140,0.852360,3.291500,265.298680,-350.822600,75969.148440,,3.323550,-614.756230
7.614000,0.266600,0.601140,4.173340,265.332980,-350.823580,75930.117190,,3.501710,-614.755490
7.616000,0.275570,0.563960,5.085940,265.366520,-350.823790,75764.539060,1.000000,3.465820,-614.755370
7.618000,0.426820,0.858760,5.096190,265.398770,-350.823150,76265.507810,,3.299190,-614.756100
7.620000,0.512700,1.021550,3.670900,265.431090,-350.822170,76023.984380,,3.141540,-614.756770
7.622000,0.362730,0.895940,4.029790,265.464600,-350.822540,75898.484380,,3.327390,-614.756290
7.624000,0.281980,0.638310,4.901370,265.498870,-350.823670,75724.460940,1.000000,3.532470,-614.755620
7.624000,0.281980,0.638310,4.901370,265.498870,-350.823670,75724.460940,1.000000,3.532470,-614.755620
7.626000,0.339660,0.733150,5.803710,265.531980,-350.823760,75721.296880,,3.447880,-614.755680
7.628000,0.487060,0.979250,4.850100,265.564360,-350.822720,76258.125000,,3.199220,-614.756410
7.630000,0.474240,1.030520,4.327150,265.597350,-350.822240,75868.945310,,3.209470,-614.756470
7.632000,0.294800,0.751100,4.409180,265.631710,-350.823150,76017.664060,1.000000,3.468380,-614.755680
7.634000,0.260190,0.611390,4.973140,265.665860,-350.823910,75874.218750,,3.535030,-614.755190
7.636000,0.367860,0.772890,5.444820,265.698730,-350.823300,75990.234380,,3.323550,-614.755680
7.638000,0.517820,0.989500,4.275880,265.731140,-350.822390,75978.632810,,3.178710,-614.756470
7.640000,0.417850,0.889530,3.629880,265.764680,-350.822390,75853.132810,1.000000,3.251770,-614.756410
7.642000,0.271730,0.604980,4.029790,265.799160,-350.823330,76269.726560,,3.483760,-614.755620
7.644000,0.260190,0.508850,4.829590,265.833100,-350.823850,75704.421880,,3.476070,-614.755370
7.646000,0.384520,0.797240,5.167970,265.865450,-350.823360,75916.414060,,3.335080,-614.755920
7.648000,0.524230,1.027950,3.824710,265.897520,-350.822390,75821.492190,1.000000,3.130000,-614.756710
7.650000,0.403750,0.997190,3.486330,265.930630,-350.822330,75955.437500,,3.265870,-614.756470
7.652000,0.294800,0.713930,4.788570,265.964780,-350.823490,75608.445310,,3.499150,-614.755680
7.654000,0.312740,0.749820,5.824220,265.998170,-350.823910,75769.812500,,3.481200,-614.755550
7.656000,0.460140,0.980530,5.301270,266.030490,-350.822970,75838.359380,1.000000,3.237670,-614.756230
7.658000,0.510130,1.065120,4.173340,266.063390,-350.822270,75637.976560,,3.147950,-614.756590
7.660000,0.328130,0.785710,3.999020,266.097750,-350.822940,75796.179690,,3.413270,-614.755920
7.662000,0.265320,0.515260,4.706540,266.132350,-350.823910,75540.937500,,3.532470,-614.755250
7.664000,0.329410,0.608830,5.383300,266.165740,-350.823550,75843.640630,1.000000,3.367130,-614.755430
7.666000,0.493470,0.831850,4.860350,266.198270,-350.822570,75849.960940,,3.199220,-614.756350
7.668000,0.463990,0.826720,3.947750,266.231540,-350.822300,75887.929690,,3.203060,-614.756470
7.670000,0.288390,0.575500,4.009280,266.265840,-350.823180,75888.992190,,3.454280,-614.755740
7.672000,0.258910,0.417850,4.686040,266.299960,-350.823910,75978.632810,1.000000,3.496580,-614.755310
7.674000,0.352480,0.621640,5.178220,266.332580,-350.823610,75925.906250,,3.378660,-614.755680
7.676000,0.513980,0.921570,4.142580,266.364410,-350.822540,75942.781250,,3.155640,-614.756590
7.678000,0.444760,0.992070,3.619630,266.397000,-350.822240,76099.929690,,3.195370,-614.756590
7.680000,0.315310,0.780580,4.542480,266.430790,-350.823210,75767.703130,1.000000,3.470950,-614.755860
7.682000,0.297360,0.744690,5.947270,266.464260,-350.823970,75915.351560,,3.501710,-614.755490
7.684000,0.426820,0.958740,5.373050,266.496610,-350.823300,75860.507810,,3.290220,-614.755980
7.686000,0.519100,1.097170,4.234860,266.529170,-350.822330,75824.656250,,3.137700,-614.756530
7.688000,0.367860,0.862610,3.875980,266.563290,-350.822780,76214.882810,1.000000,3.338930,-614.756100
7.690000,0.271730,0.525510,4.645020,266.598180,-350.823820,75832.031250,,3.545290,-614.755310
7.692000,0.303770,0.547300,5.608890,266.631840,-350.823760,76080.937500,,3.418400,-614.755370
7.694000,0.470400,0.801090,5.126950,266.664400,-350.822810,75736.062500,,3.241520,-614.756160
7.696000,0.497310,0.897220,3.958010,266.697270,-350.822240,76058.796880,1.000000,3.177430,-614.756590
7.698000,0.315310,0.676760,3.271000,266.731350,-350.822940,75840.476560,,3.411990,-614.755920
7.700000,0.255070,0.476810,4.378420,266.765590,-350.823790,75862.617190,,3.532470,-614.755370
7.702000,0.319150,0.604980,5.044920,266.798580,-350.823730,76218.054690,,3.422240,-614.755550
7.704000,0.483220,0.919010,4.593750,266.830510,-350.822810,75762.421880,1.000000,3.246640,-614.756410
7.706000,0.489620,1.054870,3.773440,266.862880,-350.822110,75871.062500,,3.145390,-614.756710
7.708000,0.330690,0.886960,4.316890,266.896510,-350.822910,75724.460940,,3.432500,-614.756040
7.710000,0.281980,0.702390,5.373050,266.930390,-350.823820,75984.960940,,3.544010,-614.755490
7.712000,0.388370,0.904910,5.332030,266.963170,-350.823490,75783.515630,1.000000,3.354310,-614.755860
7.714000,0.513980,1.056150,4.337400,266.995700,-350.822450,75860.507810,,3.167180,-614.756470
7.716000,0.416560,0.951050,3.742680,267.029390,-350.822510,75948.046880,,3.274840,-614.756230
7.718000,0.278140,0.621640,4.891110,267.064210,-350.823610,75610.546880,,3.518370,-614.755430
7.720000,0.281980,0.519100,5.711430,267.098300,-350.823880,75937.500000,1.000000,3.473510,-614.755250
7.722000,0.426820,0.711360,5.516600,267.131100,-350.823060,75442.859380,,3.269710,-614.755920
7.724000,0.515260,0.862610,4.009280,267.163820,-350.822240,76097.812500,,3.164610,-614.756650
7.726000,0.353760,0.711360,3.199220,267.197660,-350.822660,75936.445310,,3.345340,-614.756160
7.728000,0.265320,0.499880,4.286130,267.231900,-350.823640,75834.140630,1.000000,3.508120,-614.755370
7.730000,0.289670,0.557560,4.901370,267.265140,-350.823760,75747.656250,,3.453000,-614.755370
7.732000,0.447330,0.876710,5.096190,267.297120,-350.823090,76067.226560,,3.285100,-614.756160
7.734000,0.510130,1.044620,3.537600,267.329350,-350.822170,76138.945310,,3.151790,-614.756710
7.736000,0.356320,0.903630,4.173340,267.362820,-350.822660,75775.078130,1.000000,3.351750,-614.756230
7.738000,0.281980,0.665220,5.055180,267.396970,-350.823730,75878.437500,,3.540160,-614.755550
7.740000,0.353760,0.819030,5.311520,267.429900,-350.823640,75953.328130,,3.413270,-614.755680
7.742000,0.493470,1.049740,4.860350,267.462280,-350.822630,76034.531250,,3.187680,-614.756410
7.744000,0.462710,1.040770,3.978520,267.495510,-350.822270,75800.398440,1.000000,3.228700,-614.756470
7.746000,0.289670,0.702390,4.655270,267.530150,-350.823300,75923.796880,,3.479920,-614.755680
7.748000,0.275570,0.543460,5.147460,267.564510,-350.823970,76153.710940,,3.533750,-614.755190
7.750000,0.389650,0.683170,5.701170,267.597500,-350.823240,75920.625000,,3.306880,-614.755680
7.752000,0.522950,0.885680,4.316890,267.630040,-350.822300,75877.382810,1.000000,3.168460,-614.756530
7.754000,0.405030,0.794680,3.353030,267.663600,-350.822420,75914.296880,,3.272280,-614.756290
7.756000,0.281980,0.549870,4.193850,267.697910,-350.823390,76012.390630,,3.491460,-614.755490
7.758000,0.274290,0.496030,4.747560,267.731540,-350.823820,75870.007810,,3.469670,-614.755310
7.760000,0.406310,0.776730,5.208980,267.763850,-350.823240,75882.664060,1.000000,3.317140,-614.755920
7.762000,0.529360,0.971560,3.558110,267.796050,-350.822360,76183.242190,,3.140260,-614.756650
7.764000,0.397340,0.921570,3.629880,267.829280,-350.822390,75726.562500,,3.282530,-614.756350
7.766000,0.301210,0.653690,4.932130,267.863460,-350.823490,75765.593750,,3.499150,-614.755620
7.768000,0.328130,0.708800,5.629390,267.896820,-350.823850,75688.593750,1.000000,3.468380,-614.755550
7.770000,0.476810,0.951050,5.137210,267.929230,-350.822910,75952.265630,,3.219730,-614.756230
7.772000,0.510130,1.010010,4.009280,267.962220,-350.822300,75884.773440,,3.168460,-614.756470
7.774000,0.324280,0.737000,4.327150,267.996610,-350.823060,75866.843750,,3.429930,-614.755740
7.776000,0.274290,0.543460,4.604000,268.030940,-350.823970,75758.203130,1.000000,3.538880,-614.755130
7.778000,0.353760,0.679320,5.588380,268.063960,-350.823490,75601.054690,,3.344060,-614.755430
7.780000,0.511410,0.940800,4.829590,268.096190,-350.822510,75987.078130,,3.186400,-614.756350
7.782000,0.455020,0.927980,3.599120,268.129270,-350.822330,75674.890630,,3.219730,-614.756470
7.784000,0.290950,0.643430,4.091310,268.163570,-350.823240,76044.031250,1.000000,3.464540,-614.755680
7.784000,0.290950,0.643430,4.091310,268.163570,-350.823240,76044.031250,1.000000,3.464540,-614.755680
7.786000,0.275570,0.481930,4.757810,268.197660,-350.823880,75860.507810,,3.481200,-614.755310
7.788000,0.369140,0.701110,5.116700,268.230290,-350.823490,75744.492190,,3.356870,-614.755680
7.790000,0.524230,0.970280,4.019530,268.262390,-350.822510,75934.335940,,3.142820,-614.756530
7.792000,0.442200,0.992070,3.527340,268.295320,-350.822270,75857.343750,1.000000,3.218440,-614.756470
7.794000,0.317870,0.721620,4.532230,268.329500,-350.823270,75791.960940,,3.474790,-614.755740
7.796000,0.317870,0.694700,5.731930,268.363250,-350.824040,75746.601560,,3.500430,-614.755430
7.798000,0.452450,0.897220,5.578130,268.395810,-350.823270,76222.273440,,3.281250,-614.755980
7.800000,0.528080,1.065120,4.275880,268.428470,-350.822330,75987.078130,1.000000,3.133850,-614.756470
7.802000,0.361450,0.876710,4.183590,268.462520,-350.822810,75876.328130,,3.362000,-614.755920
7.804000,0.279420,0.588320,4.634770,268.497130,-350.823850,75771.914060,,3.556820,-614.755190
7.806000,0.324280,0.665220,5.619140,268.530520,-350.823700,75673.828130,,3.406860,-614.755310
7.808000,0.492190,0.910030,5.106450,268.562900,-350.822720,76146.335940,1.000000,3.232540,-614.756160
7.810000,0.502440,0.957460,3.916990,268.595830,-350.822240,75933.281250,,3.188960,-614.756470
7.812000,0.323000,0.698550,3.588870,268.630040,-350.823000,76143.164060,,3.428650,-614.755800
7.814000,0.267880,0.485780,4.521970,268.664340,-350.823760,75991.289060,,3.526060,-614.755250
7.816000,0.337100,0.593440,5.126950,268.697390,-350.823640,75973.359380,1.000000,3.410710,-614.755490
7.818000,0.507570,0.869020,4.296390,268.729550,-350.822690,75887.929690,,3.226140,-614.756410
7.820000,0.490910,0.949770,3.568360,268.762240,-350.822170,75897.429690,,3.158200,-614.756590
7.822000,0.338380,0.739560,4.347660,268.796200,-350.822970,76088.328130,,3.455570,-614.755920
7.824000,0.294800,0.599850,5.619140,268.830140,-350.823880,75677.000000,1.000000,3.540160,-614.755430
7.826000,0.411440,0.825440,5.424320,268.862850,-350.823490,75929.070310,,3.346620,-614.755800
7.828000,0.531920,1.011290,4.306640,268.895260,-350.822390,75796.179690,,3.160770,-614.756470
7.830000,0.411440,0.910030,3.875980,268.928920,-350.822570,76010.273440,,3.292790,-614.756160
7.832000,0.288390,0.601140,4.593750,268.963560,-350.823670,75590.515630,1.000000,3.544010,-614.755370
7.834000,0.297360,0.557560,5.721680,268.997310,-350.823850,75745.546880,,3.459410,-614.755190
7.836000,0.452450,0.812620,5.239750,269.029750,-350.822940,75768.750000,,3.272280,-614.755920
7.838000,0.525510,0.972840,4.214360,269.062260,-350.822200,75819.375000,,3.168460,-614.756530
7.840000,0.352480,0.775450,3.188960,269.096100,-350.822690,75823.601560,1.000000,3.369690,-614.756040
7.842000,0.271730,0.530640,4.111820,269.130430,-350.823640,75556.757810,,3.522220,-614.755370
7.844000,0.302490,0.561400,4.973140,269.163790,-350.823760,76044.031250,,3.450440,-614.755370
7.846000,0.469120,0.842100,4.798830,269.195950,-350.823000,75804.609380,,3.287660,-614.756230
7.848000,0.516540,0.977970,3.999020,269.228420,-350.822110,75837.312500,1.000000,3.146670,-614.756650
7.850000,0.356320,0.821590,4.224610,269.262080,-350.822690,75810.937500,,3.388920,-614.756100
7.852000,0.290950,0.608830,5.188480,269.296230,-350.823760,75786.679690,,3.552980,-614.755490
7.854000,0.374270,0.799800,5.444820,269.329040,-350.823610,75999.734380,,3.409420,-614.755680
7.856000,0.508850,1.031800,4.429690,269.361390,-350.822570,75774.023440,1.000000,3.190250,-614.756350
7.858000,0.455020,1.018980,4.009280,269.394650,-350.822300,76104.140630,,3.249210,-614.756350
7.860000,0.290950,0.697270,4.532230,269.429260,-350.823360,75863.671880,,3.502990,-614.755550
7.862000,0.287110,0.575500,5.649900,269.463440,-350.823880,75866.843750,,3.520940,-614.755130
7.864000,0.408870,0.767760,5.516600,269.496220,-350.823120,75871.062500,1.000000,3.308170,-614.755740
7.866000,0.534480,0.960020,4.306640,269.528780,-350.822240,75965.976560,,3.171020,-614.756470
7.868000,0.402470,0.825440,3.045410,269.562530,-350.822450,76224.382810,,3.305600,-614.756230
7.870000,0.285830,0.547300,4.029790,269.597050,-350.823490,75846.796880,,3.504270,-614.755370
7.872000,0.280700,0.480650,5.003910,269.630860,-350.823790,76205.398440,1.000000,3.482480,-614.755250
7.874000,0.430660,0.761350,5.116700,269.663240,-350.823210,75862.617190,,3.312010,-614.755920
7.876000,0.534480,0.947200,3.906740,269.695500,-350.822240,75962.812500,,3.144100,-614.756650
7.878000,0.389650,0.877990,3.681150,269.728820,-350.822420,75944.882810,,3.312010,-614.756230
7.880000,0.305050,0.626770,4.901370,269.763030,-350.823550,75764.539060,1.000000,3.518370,-614.755550
7.882000,0.339660,0.711360,5.475590,269.796140,-350.823760,76124.187500,,3.464540,-614.755550
7.884000,0.492190,0.995910,4.880860,269.828340,-350.822750,75825.710940,,3.206910,-614.756230
7.886000,0.502440,1.071530,4.101560,269.861210,-350.822240,76021.875000,,3.192810,-614.756470
7.888000,0.321720,0.786990,4.429690,269.895570,-350.823090,75729.726560,1.000000,3.456850,-614.755680
7.890000,0.276860,0.589600,4.911620,269.929990,-350.823910,75849.960940,,3.535030,-614.755130
7.892000,0.369140,0.711360,5.311520,269.963170,-350.823360,75912.195310,,3.340210,-614.755490
7.894000,0.524230,0.940800,4.398930,269.995700,-350.822420,75881.609380,,3.183840,-614.756410
7.896000,0.440920,0.894650,3.383790,270.029110,-350.822330,76040.867190,1.000000,3.238950,-614.756350
7.898000,0.284550,0.619080,3.999020,270.063570,-350.823270,75586.289060,,3.479920,-614.755550
7.900000,0.276860,0.489620,4.839840,270.097660,-350.823880,75764.539060,,3.487610,-614.755250
7.902000,0.388370,0.731870,5.342290,270.130220,-350.823430,75697.039060,,3.353030,-614.755800
7.904000,0.531920,0.972840,3.916990,270.162320,-350.822390,75912.195310,1.000000,3.131290,-614.756590
7.906000,0.428100,0.984380,3.435060,270.195340,-350.822240,75930.117190,,3.249210,-614.756470
7.908000,0.311460,0.707520,4.542480,270.229460,-350.823330,75694.921880,,3.488890,-614.755680
7.910000,0.319150,0.707520,5.660160,270.263030,-350.823940,75764.539060,,3.495300,-614.755430
7.912000,0.460140,0.913880,5.393550,270.295500,-350.823090,76045.085940,1.000000,3.262020,-614.756040
7.914000,0.521670,1.038210,4.183590,270.328340,-350.822300,75989.187500,,3.138980,-614.756470
7.916000,0.349910,0.803650,4.173340,270.362550,-350.822880,75777.195310,,3.392760,-614.755920
7.918000,0.276860,0.535770,4.686040,270.397190,-350.823880,75947.000000,,3.545290,-614.755190
7.920000,0.330690,0.613950,5.362790,270.430660,-350.823640,75888.992190,1.000000,3.388920,-614.755370
7.922000,0.498600,0.860050,5.034670,270.463170,-350.822660,76041.921880,,3.221010,-614.756230
7.924000,0.484500,0.906190,3.660640,270.496190,-350.822270,75913.250000,,3.200500,-614.756470
7.926000,0.310180,0.674190,3.783690,270.530430,-350.823090,75913.250000,,3.447880,-614.755740
7.928000,0.262760,0.506290,4.675780,270.564540,-350.823850,76153.710940,1.000000,3.522220,-614.755250
7.930000,0.346070,0.697270,5.311520,270.597260,-350.823640,75820.429690,,3.397890,-614.755620
7.932000,0.515260,1.025390,4.091310,270.629090,-350.822600,75851.023440,,3.194090,-614.756470
7.934000,0.469120,1.109990,3.394040,270.661620,-350.822200,76025.039060,,3.181270,-614.756590
7.936000,0.331970,0.865170,4.439940,270.695590,-350.823090,75943.835940,1.000000,3.470950,-614.755920
7.938000,0.294800,0.734440,5.526860,270.729460,-350.823910,75900.593750,,3.524780,-614.755430
7.940000,0.419130,0.919010,5.455080,270.762300,-350.823360,75897.429690,,3.320980,-614.755920
7.942000,0.525510,1.075380,4.152830,270.794950,-350.822330,76263.406250,,3.150510,-614.756470
7.944000,0.390930,0.916440,3.988770,270.828950,-350.822660,75872.109380,1.000000,3.314580,-614.756100
7.944000,0.390930,0.916440,3.988770,270.828950,-350.822660,75872.109380,1.000000,3.314580,-614.756100
7.946000,0.280700,0.602420,4.593750,270.863860,-350.823760,75760.312500,,3.552980,-614.755370
7.948000,0.305050,0.578060,5.567870,270.897740,-350.823790,75607.390630,,3.441470,-614.755310
7.950000,0.465270,0.816470,5.219240,270.930390,-350.822910,76002.890630,,3.264590,-614.756040
7.952000,0.508850,0.938230,4.029790,270.963260,-350.822200,75870.007810,1.000000,3.178710,-614.756530
7.954000,0.331970,0.734440,3.424800,270.997310,-350.822810,75780.351560,,3.395320,-614.755920
7.956000,0.260190,0.543460,4.193850,271.031560,-350.823730,75860.507810,,3.538880,-614.755310
7.958000,0.310180,0.656250,5.137210,271.064640,-350.823700,75670.664060,,3.440190,-614.755430
7.960000,0.474240,0.961300,4.809080,271.096590,-350.822880,76005.007810,1.000000,3.276120,-614.756290
7.962000,0.503720,1.081790,3.681150,271.129060,-350.822080,75663.289060,,3.147950,-614.756710
7.964000,0.344790,0.904910,4.337400,271.162780,-350.822720,75905.859380,,3.411990,-614.756100
7.966000,0.281980,0.692140,5.444820,271.196900,-350.823760,75906.914060,,3.559390,-614.755490
7.968000,0.378110,0.874150,5.496090,271.229860,-350.823490,75780.351560,1.000000,3.382510,-614.755740
7.970000,0.512700,1.036930,4.439940,271.262420,-350.822480,75833.085940,,3.185120,-614.756470
7.972000,0.438350,0.957460,3.947750,271.296110,-350.822390,75987.078130,,3.264590,-614.756290
7.974000,0.283260,0.610110,4.604000,271.330960,-350.823490,75942.781250,,3.518370,-614.755490
7.976000,0.281980,0.480650,5.557620,271.365260,-350.823880,75637.976560,1.000000,3.506840,-614.755190
7.978000,0.415280,0.702390,5.752440,271.398010,-350.823090,76060.898440,,3.296630,-614.755860
7.980000,0.525510,0.940800,4.286130,271.430420,-350.822240,76010.273440,,3.174870,-614.756590
7.982000,0.379390,0.839540,3.322270,271.463990,-350.822510,75942.781250,,3.324830,-614.756230
7.984000,0.275570,0.607540,3.988770,271.498170,-350.823520,75814.101560,1.000000,3.513240,-614.755370
7.986000,0.281980,0.579350,4.952640,271.531650,-350.823760,75659.062500,,3.474790,-614.755310
7.988000,0.435790,0.872860,4.973140,271.563840,-350.823120,76253.906250,,3.306880,-614.756040
7.990000,0.525510,1.052310,3.886230,271.596130,-350.822140,75820.429690,,3.151790,-614.756710
7.992000,0.374270,0.962590,3.968260,271.629490,-350.822450,76172.703130,1.000000,3.324830,-614.756230
7.994000,0.292240,0.726750,5.024410,271.663730,-350.823580,75937.500000,,3.531190,-614.755550
7.996000,0.342220,0.829280,5.578130,271.696840,-350.823700,75898.484380,,3.449160,-614.755620
7.998000,0.493470,1.054870,4.573240,271.729340,-350.822720,75963.867190,,3.210750,-614.756290
8.000000,0.485780,1.056150,4.029790,271.762510,-350.822240,75845.742190,1.000000,3.215880,-614.756470
8.000000,0.485780,1.056150,4.029790,271.762510,-350.822240,75845.742190,1.000000,3.215880,-614.756470
8.002000,0.306340,0.740840,4.521970,271.797150,-350.823180,76144.226560,,3.478640,-614.755680
8.004000,0.273010,0.574220,5.178220,271.831540,-350.823910,75775.078130,,3.540160,-614.755130
8.006000,0.379390,0.747250,5.537110,271.864470,-350.823270,75900.593750,,3.327390,-614.755620
8.008000,0.529360,1.013850,4.480960,271.896730,-350.822360,75813.054690,1.000000,3.190250,-614.756470
8.010000,0.430660,0.954900,3.229980,271.930110,-350.822330,76048.250000,,3.260740,-614.756350
8.012000,0.281980,0.680600,3.793950,271.964480,-350.823270,75577.859380,,3.494020,-614.755550
8.014000,0.270450,0.571660,4.778320,271.998470,-350.823790,75793.015630,,3.479920,-614.755250
8.016000,0.388370,0.815190,5.106450,272.031070,-350.823300,75853.132810,1.000000,3.346620,-614.755860
8.018000,0.530640,1.026670,4.122070,272.063390,-350.822360,75762.421880,,3.140260,-614.756590
8.020000,0.416560,0.989500,3.383790,272.096710,-350.822270,75765.593750,,3.268430,-614.756410
8.022000,0.305050,0.681880,4.686040,272.131130,-350.823360,75649.578130,,3.501710,-614.755680
8.024000,0.320430,0.684450,5.444820,272.164790,-350.823880,75929.070310,1.000000,3.488890,-614.755490
8.026000,0.469120,0.919010,5.383300,272.197330,-350.823000,75795.125000,,3.251770,-614.756160
8.028000,0.521670,1.056150,4.357910,272.230070,-350.822270,75767.703130,,3.155640,-614.756470
8.030000,0.338380,0.849790,4.316890,272.264100,-350.822940,75791.960940,,3.417110,-614.755860
8.032000,0.275570,0.625490,4.942380,272.298400,-350.823880,75878.437500,1.000000,3.550420,-614.755190
8.034000,0.338380,0.735720,5.373050,272.331480,-350.823520,75829.921880,,3.372250,-614.755370
8.036000,0.503720,0.980530,4.675780,272.363740,-350.822570,75860.507810,,3.221010,-614.756290
8.038000,0.481930,0.988220,3.588870,272.396760,-350.822240,76233.875000,,3.210750,-614.756470
8.040000,0.310180,0.734440,3.824710,272.431030,-350.823090,75873.171880,1.000000,3.454280,-614.755680
8.042000,0.267880,0.561400,4.942380,272.465210,-350.823760,75893.203130,,3.500430,-614.755250
8.044000,0.355040,0.720340,5.270510,272.498200,-350.823520,75778.250000,,3.386350,-614.755620
8.046000,0.522950,0.977970,4.183590,272.530460,-350.822570,76019.773440,,3.183840,-614.756470
8.048000,0.461430,0.997190,3.271000,272.563510,-350.822240,76250.742190,1.000000,3.200500,-614.756470
8.050000,0.328130,0.729310,4.562990,272.597780,-350.823210,75750.828130,,3.487610,-614.755800
8.052000,0.305050,0.656250,5.496090,272.631650,-350.823940,76091.484380,,3.515810,-614.755430
8.054000,0.437070,0.901060,5.813960,272.664150,-350.823300,75833.085940,,3.309450,-614.755920
8.056000,0.535770,1.124080,4.388670,272.696500,-350.822270,75902.695310,1.000000,3.145390,-614.756470
8.058000,0.383240,0.963870,4.101560,272.730290,-350.822660,75910.085940,,3.340210,-614.756040
8.060000,0.281980,0.666500,4.480960,272.764830,-350.823760,75730.781250,,3.569640,-614.755310
8.062000,0.311460,0.676760,5.291020,272.798340,-350.823700,76210.664060,,3.428650,-614.755250
8.064000,0.478090,0.915160,4.921880,272.830810,-350.822810,75841.523440,1.000000,3.259460,-614.756100
8.066000,0.516540,1.001040,3.927250,272.863650,-350.822200,76119.960940,,3.190250,-614.756530
8.068000,0.334530,0.752380,3.640140,272.897830,-350.822850,75835.195310,,3.414550,-614.755920
8.070000,0.269170,0.501160,4.316890,272.932310,-350.823700,75959.656250,,3.541440,-614.755310
8.072000,0.324280,0.579350,5.198730,272.965640,-350.823670,75977.585940,1.000000,3.440190,-614.755430
8.074000,0.490910,0.881840,4.532230,272.997830,-350.822810,75749.773440,,3.265870,-614.756290
8.076000,0.505000,1.013850,3.445310,273.030360,-350.822080,75906.914060,,3.153080,-614.756650
8.078000,0.346070,0.867740,4.419430,273.064060,-350.822810,75685.429690,,3.444030,-614.755980
8.080000,0.292240,0.720340,5.506350,273.097900,-350.823790,75914.296880,1.000000,3.564510,-614.755430
8.082000,0.396060,0.943360,5.844730,273.130580,-350.823460,75504.031250,,3.369690,-614.755740
8.084000,0.522950,1.134340,4.296390,273.162870,-350.822390,76057.742190,,3.187680,-614.756470
8.086000,0.433230,1.061280,3.783690,273.196380,-350.822420,75914.296880,,3.285100,-614.756230
8.088000,0.287110,0.753660,4.614260,273.230960,-350.823490,75825.710940,1.000000,3.528630,-614.755370
8.090000,0.294800,0.678040,5.137210,273.264860,-350.823760,75686.484380,,3.482480,-614.755190
8.092000,0.429380,0.895940,5.731930,273.297550,-350.822970,75915.351560,,3.288940,-614.755920
8.094000,0.529360,1.060000,4.070800,273.330200,-350.822240,76181.132810,,3.187680,-614.756530
8.096000,0.375550,0.854920,3.383790,273.364200,-350.822630,75855.242190,1.000000,3.349180,-614.756100
8.098000,0.275570,0.572940,4.122070,273.398800,-350.823610,75826.757810,,3.528630,-614.755370
8.100000,0.297360,0.549870,4.839840,273.432460,-350.823760,75910.085940,,3.478640,-614.755370
8.102000,0.456300,0.870300,5.178220,273.464690,-350.823060,75940.671880,,3.300480,-614.756100
8.104000,0.525510,1.061280,3.855470,273.497010,-350.822050,75961.757810,1.000000,3.153080,-614.756650
8.106000,0.370420,0.956180,4.193850,273.530430,-350.822510,75939.617190,,3.354310,-614.756160
8.108000,0.293520,0.737000,5.311520,273.564540,-350.823640,76162.148440,,3.552980,-614.755490
8.110000,0.361450,0.874150,5.660160,273.597500,-350.823580,75893.203130,,3.429930,-614.755680
8.112000,0.502440,1.088200,4.552730,273.629970,-350.822540,75893.203130,1.000000,3.199220,-614.756290
8.114000,0.479370,1.063840,3.742680,273.663270,-350.822240,75892.148440,,3.247920,-614.756410
8.116000,0.308900,0.749820,4.634770,273.697910,-350.823210,75986.023440,,3.488890,-614.755620
8.118000,0.285830,0.602420,4.983400,273.732240,-350.823820,75720.242190,,3.537600,-614.755130
8.120000,0.397340,0.756230,5.885740,273.765230,-350.823150,75935.390630,1.000000,3.320980,-614.755680
8.122000,0.535770,0.956180,4.224610,273.797760,-350.822300,76152.656250,,3.194090,-614.756470
8.124000,0.422970,0.871580,3.445310,273.831270,-350.822390,75860.507810,,3.285100,-614.756230
8.126000,0.288390,0.624210,3.968260,273.865570,-350.823360,75818.320310,,3.509400,-614.755490
8.128000,0.283260,0.562680,4.624510,273.899230,-350.823790,75663.289060,1.000000,3.492740,-614.755250
8.130000,0.411440,0.845950,5.301270,273.931490,-350.823210,75943.835940,,3.336360,-614.755860
8.132000,0.540890,1.067690,3.804200,273.963560,-350.822270,75924.851560,,3.149230,-614.756590
8.134000,0.416560,1.034360,3.722170,273.996640,-350.822270,75798.281250,,3.291500,-614.756350
8.136000,0.311460,0.778020,4.634770,274.030700,-350.823360,75950.156250,1.000000,3.510680,-614.755620
8.138000,0.330690,0.831850,5.455080,274.064060,-350.823730,75788.789060,,3.472230,-614.755430
8.140000,0.476810,1.054870,5.167970,274.096560,-350.822810,75928.015630,,3.236390,-614.756100
8.142000,0.520390,1.120240,3.886230,274.129610,-350.822270,75569.414060,,3.185120,-614.756470
8.144000,0.340940,0.828000,4.450200,274.164120,-350.823000,75994.453130,1.000000,3.440190,-614.755740
8.146000,0.288390,0.597290,5.085940,274.198700,-350.823910,75826.757810,,3.547850,-614.755130
8.148000,0.364010,0.719060,5.608890,274.231960,-350.823430,75822.546880,,3.356870,-614.755430
8.150000,0.522950,0.984380,4.819340,274.264310,-350.822480,75798.281250,,3.206910,-614.756350
8.152000,0.476810,1.010010,3.599120,274.297360,-350.822240,76073.554690,1.000000,3.228700,-614.756410
8.154000,0.307620,0.785710,3.958010,274.331480,-350.823150,75852.078130,,3.474790,-614.755680
8.156000,0.281980,0.652400,4.768070,274.365390,-350.823820,75582.070310,,3.505550,-614.755190
8.158000,0.376830,0.867740,5.475590,274.397920,-350.823460,75997.625000,,3.377380,-614.755620
8.160000,0.538330,1.111270,4.306640,274.429990,-350.822480,76093.601560,1.000000,3.163330,-614.756470
8.162000,0.463990,1.106140,3.670900,274.462980,-350.822200,75833.085940,,3.218440,-614.756470
8.164000,0.333250,0.811340,4.327150,274.497250,-350.823180,75812.000000,,3.487610,-614.755680
8.166000,0.319150,0.766480,5.567870,274.531100,-350.823910,75664.335940,,3.509400,-614.755370
8.168000,0.455020,0.949770,5.567870,274.563870,-350.823180,76092.539060,1.000000,3.294070,-614.755920
8.170000,0.547300,1.076660,4.583500,274.596770,-350.822270,75923.796880,,3.150510,-614.756470
8.172000,0.385800,0.860050,4.193850,274.631040,-350.822750,76102.039060,,3.360720,-614.755920
8.174000,0.293520,0.585750,4.839840,274.665800,-350.823820,75844.687500,,3.576050,-614.755190
8.176000,0.333250,0.633180,5.526860,274.699310,-350.823640,75872.109380,1.000000,3.414550,-614.755250
8.178000,0.498600,0.913880,5.065430,274.731690,-350.822660,75860.507810,,3.247920,-614.756040
8.180000,0.520390,1.016420,3.773440,274.764370,-350.822170,75903.750000,,3.199220,-614.756470
8.182000,0.340940,0.824160,3.732420,274.798190,-350.822910,76251.804690,,3.433780,-614.755800
8.184000,0.284550,0.654970,4.696290,274.832120,-350.823700,75894.257810,1.000000,3.535030,-614.755190
8.186000,0.344790,0.799800,5.260250,274.864930,-350.823580,76037.695310,,3.414550,-614.755370
8.188000,0.507570,1.075380,4.583500,274.896940,-350.822690,75766.648440,,3.258180,-614.756290
8.190000,0.516540,1.133060,3.332520,274.929570,-350.822110,75996.562500,,3.160770,-614.756530
8.192000,0.353760,0.886960,4.224610,274.963620,-350.822880,75616.882810,1.000000,3.453000,-614.755920
8.194000,0.307620,0.695980,5.547360,274.997770,-350.823790,75699.140630,,3.552980,-614.755370
8.196000,0.416560,0.885680,5.588380,275.030730,-350.823390,75776.132810,,3.353030,-614.755740
8.198000,0.547300,1.060000,4.747560,275.063320,-350.822390,75757.148440,,3.185120,-614.756410
8.200000,0.442200,0.956180,3.916990,275.097110,-350.822480,75894.257810,1.000000,3.285100,-614.756160
8.202000,0.299930,0.651120,4.798830,275.131840,-350.823640,75643.242190,,3.555540,-614.755310
8.204000,0.314030,0.616520,5.219240,275.165620,-350.823790,75801.445310,,3.467100,-614.755130
8.206000,0.456300,0.872860,5.567870,275.198090,-350.822940,75783.515630,,3.276120,-614.755860
8.208000,0.542180,1.065120,4.245120,275.230560,-350.822170,75914.296880,1.000000,3.187680,-614.756470
8.210000,0.379390,0.877990,3.609380,275.264310,-350.822660,75814.101560,,3.364560,-614.755980
8.212000,0.289670,0.635740,4.286130,275.298610,-350.823640,75960.703130,,3.531190,-614.755250
8.214000,0.315310,0.661380,4.850100,275.331970,-350.823670,75898.484380,,3.450440,-614.755250
8.216000,0.479370,0.949770,4.891110,275.364140,-350.822970,75957.539060,1.000000,3.301760,-614.756040
8.218000,0.543460,1.085630,3.691410,275.396610,-350.822080,76118.914060,,3.153080,-614.756590
8.220000,0.383240,0.917720,4.306640,275.430240,-350.822570,75888.992190,,3.368410,-614.756040
8.222000,0.306340,0.693420,5.547360,275.464480,-350.823670,75789.843750,,3.558110,-614.755370
8.224000,0.387080,0.828000,5.834470,275.497470,-350.823580,75789.843750,1.000000,3.415830,-614.755550
8.226000,0.528080,1.031800,4.757810,275.529970,-350.822570,75921.679690,,3.203060,-614.756230
8.228000,0.490910,1.008730,3.763180,275.563260,-350.822240,76213.828130,,3.249210,-614.756290
8.230000,0.317870,0.729310,4.624510,275.597720,-350.823270,75962.812500,,3.508120,-614.755430
8.232000,0.302490,0.646000,5.219240,275.631680,-350.823820,76110.468750,1.000000,3.533750,-614.755000
8.234000,0.422970,0.848510,5.803710,275.664340,-350.823060,75824.656250,,3.306880,-614.755550
8.236000,0.558840,1.077940,4.634770,275.696660,-350.822240,75980.742190,,3.191530,-614.756350
8.238000,0.437070,0.943360,3.240230,275.730290,-350.822390,75892.148440,,3.294070,-614.756160
8.240000,0.306340,0.657530,4.009280,275.764740,-350.823390,75938.562500,1.000000,3.514530,-614.755370
8.242000,0.298650,0.571660,4.450200,275.798610,-350.823730,76081.992190,,3.474790,-614.755130
8.244000,0.434510,0.861330,5.065430,275.830990,-350.823180,75870.007810,,3.326110,-614.755740
8.246000,0.565250,1.084350,4.009280,275.863160,-350.822240,75996.562500,,3.146670,-614.756530
8.248000,0.429380,1.013850,4.152830,275.896420,-350.822360,75812.000000,1.000000,3.300480,-614.756230
8.250000,0.328130,0.753660,4.973140,275.930570,-350.823490,75884.773440,,3.523500,-614.755430
8.250000,0.328130,0.753660,4.973140,275.930570,-350.823490,75884.773440,,3.523500,-614.755430
8.252000,0.356320,0.831850,5.762700,275.963780,-350.823760,75774.023440,,3.467100,-614.755370
8.254000,0.506290,1.071530,4.962890,275.996150,-350.822810,75848.906250,,3.229980,-614.756040
8.256000,0.542180,1.113830,3.742680,276.029170,-350.822240,75918.515630,1.000000,3.182560,-614.756350
8.258000,0.357600,0.810060,4.450200,276.063630,-350.823030,75641.132810,,3.455570,-614.755620
8.260000,0.307620,0.597290,5.198730,276.098080,-350.823910,75923.796880,,3.549130,-614.755000
8.262000,0.384520,0.719060,5.844730,276.131290,-350.823330,75534.617190,,3.341490,-614.755310
8.264000,0.546020,0.934390,4.716800,276.163790,-350.822420,75980.742190,1.000000,3.204350,-614.756230
8.266000,0.493470,0.883120,3.404300,276.197200,-350.822270,76072.507810,,3.233830,-614.756230
8.268000,0.323000,0.633180,3.845210,276.231600,-350.823210,75781.414060,,3.482480,-614.755430
8.270000,0.299930,0.490910,4.706540,276.265690,-350.823790,75719.187500,,3.494020,-614.755070
8.272000,0.406310,0.715210,5.557620,276.298340,-350.823390,76000.789060,1.000000,3.369690,-614.755490
8.274000,0.567810,0.971560,4.470700,276.330380,-350.822420,76034.531250,,3.149230,-614.756410
8.276000,0.476810,0.992070,3.834960,276.363220,-350.822240,75861.562500,,3.235110,-614.756350
8.278000,0.343510,0.765200,4.511720,276.397190,-350.823240,75796.179690,,3.506840,-614.755550
8.280000,0.340940,0.788270,5.526860,276.430480,-350.823850,75812.000000,1.000000,3.491460,-614.755250
8.282000,0.479370,1.034360,5.537110,276.462710,-350.823090,76087.273440,,3.282530,-614.755800
8.284000,0.565250,1.159970,4.327150,276.495300,-350.822240,75787.734380,,3.154360,-614.756350
8.286000,0.394780,0.903630,4.316890,276.529450,-350.822810,75961.757810,,3.379940,-614.755800
8.288000,0.311460,0.602420,4.686040,276.564090,-350.823820,76077.781250,1.000000,3.570920,-614.755070
8.290000,0.357600,0.631900,5.865230,276.597660,-350.823550,75976.523440,,3.397890,-614.755130
8.292000,0.524230,0.890810,4.757810,276.630190,-350.822630,75802.500000,,3.247920,-614.755980
8.294000,0.538330,0.945920,3.804200,276.663150,-350.822200,76038.750000,,3.194090,-614.756350
8.296000,0.353760,0.724180,3.640140,276.697300,-350.822970,75986.023440,1.000000,3.453000,-614.755680
8.298000,0.297360,0.535770,4.839840,276.731540,-350.823760,75919.578130,,3.540160,-614.755070
8.300000,0.367860,0.679320,5.475590,276.764470,-350.823580,75800.398440,,3.410710,-614.755310
8.302000,0.535770,0.981810,4.655270,276.796540,-350.822630,76112.578130,,3.236390,-614.756230
8.304000,0.529360,1.062560,3.640140,276.829160,-350.822110,75936.445310,1.000000,3.165890,-614.756470
8.306000,0.369140,0.867740,4.357910,276.862980,-350.822970,75822.546880,,3.477360,-614.755740
8.308000,0.329410,0.772890,5.434570,276.896610,-350.823760,75650.632810,,3.538880,-614.755190
8.310000,0.440920,1.004880,5.711430,276.929140,-350.823270,75818.320310,,3.332520,-614.755620
8.312000,0.562680,1.149720,4.604000,276.961700,-350.822360,76034.531250,1.000000,3.186400,-614.756290
8.314000,0.452450,0.972840,4.111820,276.995610,-350.822540,75827.820310,,3.303040,-614.755920
8.316000,0.316590,0.671630,4.532230,277.030330,-350.823640,75776.132810,,3.559390,-614.755130
8.318000,0.334530,0.643430,5.414060,277.064120,-350.823700,75631.648440,,3.442750,-614.755000
8.320000,0.480650,0.847230,5.485840,277.096830,-350.822850,76089.382810,1.000000,3.269710,-614.755740
8.322000,0.560120,0.940800,3.999020,277.129760,-350.822200,75557.820310,,3.194090,-614.756350
8.324000,0.387080,0.721620,3.670900,277.163880,-350.822750,75916.414060,,3.379940,-614.755800
8.326000,0.301210,0.516540,4.562990,277.198180,-350.823670,75901.648440,,3.545290,-614.755130
8.328000,0.338380,0.603700,5.137210,277.231380,-350.823640,75783.515630,1.000000,3.433780,-614.755130
8.330000,0.503720,0.951050,4.952640,277.263280,-350.822880,75936.445310,,3.290220,-614.755920
8.332000,0.558840,1.106140,3.783690,277.295560,-350.822050,75969.148440,,3.163330,-614.756470
8.334000,0.396060,0.944640,4.327150,277.329130,-350.822660,75967.031250,,3.397890,-614.755920
8.336000,0.321720,0.733150,5.434570,277.363190,-350.823670,75634.812500,1.000000,3.558110,-614.755250
8.338000,0.407590,0.895940,5.998540,277.396090,-350.823430,75890.039060,,3.382510,-614.755430
8.340000,0.547300,1.121520,4.798830,277.428470,-350.822510,76021.875000,,3.201780,-614.756160
8.342000,0.503720,1.056150,4.009280,277.461910,-350.822300,75935.390630,,3.260740,-614.756160
8.344000,0.330690,0.738280,4.532230,277.496580,-350.823360,75875.273440,1.000000,3.519650,-614.755310
8.346000,0.321720,0.630620,5.393550,277.530700,-350.823820,75691.765630,,3.522220,-614.754880
8.348000,0.446040,0.781860,5.885740,277.563630,-350.823060,76030.320310,,3.304320,-614.755430
8.350000,0.572940,0.958740,4.686040,277.596220,-350.822240,75980.742190,,3.196660,-614.756230
8.352000,0.437070,0.804930,3.517090,277.630000,-350.822450,76121.023440,1.000000,3.303040,-614.755920
8.354000,0.315310,0.567810,4.173340,277.664340,-350.823490,75913.250000,,3.533750,-614.755190
8.356000,0.317870,0.543460,4.778320,277.697910,-350.823700,75858.406250,,3.467100,-614.755000
8.358000,0.453740,0.862610,4.942380,277.730010,-350.823090,75905.859380,,3.317140,-614.755680
8.360000,0.574220,1.048460,3.958010,277.762270,-350.822200,75808.835940,1.000000,3.156920,-614.756470
8.362000,0.437070,0.943360,4.142580,277.795680,-350.822390,76154.765630,,3.318420,-614.756100
8.364000,0.335820,0.678040,5.373050,277.829900,-350.823490,75902.695310,,3.531190,-614.755370
8.366000,0.369140,0.779300,5.711430,277.863130,-350.823640,75881.609380,,3.445310,-614.755310
8.368000,0.522950,1.010010,5.003910,277.895540,-350.822720,75750.828130,1.000000,3.224850,-614.755920
8.370000,0.551150,1.036930,3.916990,277.928710,-350.822240,75913.250000,,3.200500,-614.756230
8.372000,0.365300,0.734440,4.193850,277.963260,-350.823090,75699.140630,,3.467100,-614.755490
8.374000,0.320430,0.567810,5.147460,277.997530,-350.823910,75745.546880,,3.555540,-614.754820
8.376000,0.405030,0.726750,5.854980,278.030490,-350.823270,75764.539060,1.000000,3.326110,-614.755250
8.378000,0.562680,0.986940,5.085940,278.062710,-350.822390,75842.585940,,3.204350,-614.756160
8.380000,0.499880,0.939510,3.537600,278.095920,-350.822300,75979.687500,,3.247920,-614.756160
8.382000,0.330690,0.687010,3.978520,278.130160,-350.823270,75659.062500,,3.505550,-614.755310
8.384000,0.311460,0.547300,4.439940,278.164060,-350.823760,75877.382810,1.000000,3.486330,-614.754880
8.386000,0.424260,0.778020,5.424320,278.196590,-350.823270,75765.593750,,3.347900,-614.755370
8.388000,0.579350,1.017700,4.439940,278.228730,-350.822390,75932.226560,,3.159480,-614.756230
8.390000,0.488340,1.016420,3.978520,278.261780,-350.822240,75748.718750,,3.245360,-614.756230
8.392000,0.352480,0.758790,4.962890,278.295990,-350.823270,75944.882810,1.000000,3.515810,-614.755370
8.392000,0.352480,0.758790,4.962890,278.295990,-350.823270,75944.882810,1.000000,3.515810,-614.755370
8.394000,0.351200,0.756230,5.342290,278.329560,-350.823790,75875.273440,,3.483760,-614.755130
8.396000,0.499880,0.971560,5.537110,278.362150,-350.823030,75841.523440,,3.279970,-614.755740
8.398000,0.580630,1.079220,4.234860,278.394990,-350.822270,76135.789060,,3.163330,-614.756230
8.400000,0.399900,0.831850,4.265630,278.429290,-350.822850,75760.312500,1.000000,3.396610,-614.755680
8.402000,0.319150,0.611390,5.362790,278.463750,-350.823850,76035.593750,,3.582460,-614.754880
8.404000,0.372990,0.704960,5.854980,278.496980,-350.823490,75703.359380,,3.374820,-614.755070
8.406000,0.538330,0.998470,5.157710,278.529240,-350.822540,75867.898440,,3.244080,-614.755920
8.408000,0.544740,1.012570,3.424800,278.562230,-350.822200,76143.164060,1.000000,3.208190,-614.756230
8.410000,0.360170,0.744690,3.886230,278.596440,-350.823000,76035.593750,,3.464540,-614.755490
8.412000,0.307620,0.552430,4.573240,278.630620,-350.823730,76215.937500,,3.535030,-614.754880
8.414000,0.378110,0.683170,5.526860,278.663640,-350.823460,75777.195310,,3.392760,-614.755130
8.416000,0.548580,0.935670,4.809080,278.695860,-350.822600,76009.218750,1.000000,3.238950,-614.756040
8.418000,0.540890,0.954900,3.681150,278.728820,-350.822110,75893.203130,,3.173580,-614.756290
8.420000,0.375550,0.724180,4.542480,278.762940,-350.823030,75782.468750,,3.490170,-614.755620
8.422000,0.339660,0.620360,5.106450,278.796780,-350.823790,76040.867190,,3.538880,-614.755130
8.424000,0.456300,0.844670,5.824220,278.829440,-350.823210,75898.484380,1.000000,3.327390,-614.755490
8.426000,0.576780,1.021550,4.573240,278.862000,-350.822330,76138.945310,,3.195370,-614.756230
8.428000,0.457580,0.866460,4.542480,278.895870,-350.822570,75671.718750,,3.318420,-614.755860
8.430000,0.320430,0.599850,4.829590,278.930390,-350.823730,75829.921880,,3.591430,-614.755000
8.432000,0.344790,0.606260,5.373050,278.963870,-350.823640,75912.195310,1.000000,3.429930,-614.754820
8.434000,0.490910,0.893370,5.455080,278.996120,-350.822780,75907.968750,,3.274840,-614.755680
8.436000,0.571660,1.011290,3.588870,279.028720,-350.822170,75882.664060,,3.197940,-614.756290
8.438000,0.399900,0.803650,3.619630,279.062560,-350.822720,75681.218750,,3.388920,-614.755680
8.440000,0.310180,0.594730,4.716800,279.096740,-350.823640,76052.460940,1.000000,3.547850,-614.754940
8.442000,0.344790,0.642150,5.414060,279.130000,-350.823550,75598.945310,,3.419680,-614.755000
8.444000,0.516540,0.947200,5.003910,279.162140,-350.822810,75926.953130,,3.296630,-614.755860
8.446000,0.569090,1.025390,3.752930,279.194760,-350.822050,75984.960940,,3.158200,-614.756350
8.448000,0.398620,0.835690,4.296390,279.228640,-350.822720,75814.101560,1.000000,3.420960,-614.755740
8.450000,0.329410,0.644710,5.167970,279.262790,-350.823700,75733.953130,,3.556820,-614.755130
8.452000,0.419130,0.821590,6.162600,279.295650,-350.823390,75873.171880,,3.378660,-614.755310
8.454000,0.565250,1.066410,4.962890,279.328060,-350.822450,76091.484380,,3.206910,-614.756040
8.456000,0.511410,1.001040,4.337400,279.361510,-350.822270,75937.500000,1.000000,3.260740,-614.756040
8.458000,0.338380,0.703670,4.634770,279.396090,-350.823390,75919.578130,,3.549130,-614.755130
8.460000,0.325560,0.640870,5.362790,279.430020,-350.823760,75877.382810,,3.509400,-614.754760
8.462000,0.455020,0.849790,5.875490,279.462680,-350.822940,75994.453130,,3.297910,-614.755370
8.464000,0.585750,1.051030,4.542480,279.495180,-350.822170,75932.226560,1.000000,3.206910,-614.756160
8.466000,0.446040,0.884400,3.629880,279.528960,-350.822420,75984.960940,,3.309450,-614.755860
8.468000,0.316590,0.642150,4.409180,279.563390,-350.823490,76125.234380,,3.550420,-614.755070
8.470000,0.323000,0.606260,5.003910,279.597050,-350.823640,75931.179690,,3.451720,-614.754880
8.472000,0.463990,0.902340,5.116700,279.629390,-350.823060,75822.546880,1.000000,3.320980,-614.755620
8.474000,0.583190,1.044620,3.999020,279.661870,-350.822140,75940.671880,,3.155640,-614.756350
8.476000,0.440920,0.917720,4.347660,279.695530,-350.822450,75959.656250,,3.341490,-614.755920
8.478000,0.343510,0.663940,5.321780,279.729800,-350.823580,75813.054690,,3.545290,-614.755190
8.480000,0.384520,0.774170,6.070310,279.762970,-350.823580,75913.250000,1.000000,3.420960,-614.755130
8.482000,0.534480,1.024110,5.147460,279.795320,-350.822660,75931.179690,,3.226140,-614.755860
8.484000,0.557560,1.065120,4.234860,279.828460,-350.822240,75934.335940,,3.203060,-614.756160
8.486000,0.369140,0.775450,4.378420,279.862880,-350.823120,75819.375000,,3.483760,-614.755370
8.488000,0.326840,0.620360,5.157710,279.897090,-350.823880,75495.585940,1.000000,3.551700,-614.754700
8.490000,0.412720,0.762630,5.813960,279.930180,-350.823180,75795.125000,,3.319700,-614.755070
8.492000,0.576780,0.988220,5.178220,279.962650,-350.822390,75816.210940,,3.218440,-614.755980
8.494000,0.510130,0.884400,3.568360,279.996250,-350.822360,76048.250000,,3.259460,-614.755980
8.496000,0.339660,0.643430,3.732420,280.030640,-350.823330,75751.882810,1.000000,3.519650,-614.755130
8.498000,0.312740,0.538330,4.891110,280.064510,-350.823730,75746.601560,,3.483760,-614.754760
8.500000,0.435790,0.802370,5.424320,280.097020,-350.823210,75888.992190,,3.347900,-614.755310
8.500000,0.435790,0.802370,5.424320,280.097020,-350.823210,75888.992190,,3.347900,-614.755310
8.502000,0.594730,1.033080,4.429690,280.129150,-350.822330,75575.742190,,3.168460,-614.756230
8.504000,0.498600,0.995910,4.122070,280.162290,-350.822240,75947.000000,1.000000,3.264590,-614.756100
8.506000,0.358890,0.740840,5.167970,280.196440,-350.823330,75820.429690,,3.542720,-614.755310
8.508000,0.360170,0.754940,5.865230,280.229890,-350.823700,75937.500000,,3.474790,-614.755000
8.510000,0.506290,0.986940,5.465330,280.262360,-350.822910,75761.367190,,3.277400,-614.755620
8.512000,0.592160,1.048460,4.388670,280.295290,-350.822240,75989.187500,1.000000,3.182560,-614.756100
8.514000,0.412720,0.770320,4.163090,280.329710,-350.822880,75958.601560,,3.408140,-614.755490
8.516000,0.328130,0.556270,5.229490,280.364230,-350.823820,75588.406250,,3.582460,-614.754760
8.518000,0.381960,0.638310,5.906250,280.397550,-350.823360,76128.398440,,3.362000,-614.754880
8.520000,0.552430,0.912600,5.352540,280.429990,-350.822540,75852.078130,1.000000,3.260740,-614.755800
8.522000,0.557560,0.901060,3.804200,280.463170,-350.822200,76196.953130,,3.212040,-614.756100
8.524000,0.362730,0.662660,3.916990,280.497440,-350.823060,75932.226560,,3.487610,-614.755370
8.526000,0.311460,0.513980,4.747560,280.531490,-350.823760,75705.476560,,3.536320,-614.754760
8.528000,0.393490,0.728030,5.424320,280.564090,-350.823360,75970.203130,1.000000,3.386350,-614.755070
8.530000,0.562680,1.061280,4.993650,280.595950,-350.822480,76063.015630,,3.229980,-614.755980
8.532000,0.548580,1.120240,3.988770,280.628570,-350.822080,76073.554690,,3.196660,-614.756230
8.534000,0.383240,0.920290,4.727050,280.662380,-350.823060,75918.515630,,3.508120,-614.755490
8.536000,0.346070,0.821590,5.311520,280.696040,-350.823700,75804.609380,1.000000,3.527340,-614.754940
8.538000,0.461430,1.020260,5.947270,280.728760,-350.823090,75971.257810,,3.328670,-614.755370
8.540000,0.590880,1.138180,4.542480,280.761600,-350.822300,75809.890630,,3.209470,-614.756100
8.542000,0.470400,0.912600,4.429690,280.795840,-350.822540,76042.976560,,3.333800,-614.755740
8.542000,0.470400,0.912600,4.429690,280.795840,-350.822540,76042.976560,,3.333800,-614.755740
8.544000,0.328130,0.625490,4.973140,280.830690,-350.823640,75864.726560,1.000000,3.596560,-614.754880
8.546000,0.351200,0.616520,5.680660,280.864470,-350.823550,76042.976560,,3.422240,-614.754760
8.548000,0.502440,0.874150,5.680660,280.897130,-350.822690,75783.515630,,3.285100,-614.755550
8.550000,0.583190,0.956180,3.834960,280.930110,-350.822110,75809.890630,,3.201780,-614.756160
8.552000,0.402470,0.731870,3.763180,280.964290,-350.822750,75900.593750,1.000000,3.414550,-614.755550
8.554000,0.315310,0.537050,4.470700,280.998570,-350.823640,75887.929690,,3.564510,-614.754820
8.556000,0.353760,0.637020,5.465330,281.031650,-350.823490,75777.195310,,3.415830,-614.754820
8.558000,0.525510,1.018980,5.373050,281.063510,-350.822690,75697.039060,,3.295350,-614.755680
8.560000,0.588320,1.118960,3.958010,281.095920,-350.822020,75979.687500,1.000000,3.168460,-614.756290
8.562000,0.417850,0.922850,4.429690,281.129670,-350.822690,75740.273440,,3.438900,-614.755680
8.564000,0.344790,0.754940,5.229490,281.163640,-350.823640,75662.234380,,3.542720,-614.755000
8.566000,0.428100,0.930540,5.947270,281.196470,-350.823240,75588.406250,,3.368410,-614.755190
8.568000,0.580630,1.135620,5.147460,281.229030,-350.822390,76068.281250,1.000000,3.217160,-614.755920
8.570000,0.530640,0.972840,4.419430,281.262910,-350.822360,75880.554690,,3.274840,-614.755920
8.572000,0.349910,0.625490,5.024410,281.297850,-350.823490,75747.656250,,3.572200,-614.755000
8.574000,0.338380,0.524230,5.373050,281.332090,-350.823700,75830.984380,,3.492740,-614.754580
8.576000,0.469120,0.713930,6.070310,281.364960,-350.822880,75681.218750,1.000000,3.301760,-614.755190
8.578000,0.599850,0.916440,4.378420,281.397610,-350.822170,76123.125000,,3.223570,-614.756040
8.580000,0.457580,0.761350,3.640140,281.431370,-350.822450,75753.992190,,3.324830,-614.755680
8.582000,0.323000,0.602420,4.716800,281.465420,-350.823490,76014.500000,,3.576050,-614.754880
8.584000,0.333250,0.603700,5.239750,281.498720,-350.823520,75813.054690,1.000000,3.435060,-614.754700
8.586000,0.472960,0.921570,5.342290,281.530760,-350.822940,75973.359380,,3.336360,-614.755370
8.588000,0.598570,1.065120,3.937500,281.563110,-350.822110,75992.343750,,3.168460,-614.756160
8.590000,0.457580,0.944640,4.450200,281.596590,-350.822450,76035.593750,,3.356870,-614.755800
8.592000,0.348630,0.739560,4.973140,281.630620,-350.823490,75934.335940,1.000000,3.551700,-614.755070
8.594000,0.398620,0.872860,6.193360,281.663640,-350.823430,75724.460940,,3.397890,-614.755000
8.596000,0.548580,1.112550,5.311520,281.695950,-350.822630,75854.187500,,3.249210,-614.755680
8.598000,0.572940,1.098450,4.296390,281.729310,-350.822300,75877.382810,,3.224850,-614.755920
8.600000,0.376830,0.760070,4.655270,281.763980,-350.823210,75975.468750,1.000000,3.505550,-614.755130
8.602000,0.338380,0.599850,4.952640,281.798280,-350.823820,75878.437500,,3.555540,-614.754580
8.604000,0.428100,0.763920,6.193360,281.831270,-350.823060,75940.671880,,3.315860,-614.754940
8.606000,0.590880,1.027950,4.870610,281.863650,-350.822300,76185.351560,,3.233830,-614.755860
8.608000,0.526790,0.907470,4.029790,281.897190,-350.822300,75688.593750,1.000000,3.268430,-614.755920
8.610000,0.356320,0.683170,4.070800,281.931460,-350.823330,75910.085940,,3.542720,-614.755000
8.612000,0.315310,0.579350,4.788570,281.965330,-350.823640,75900.593750,,3.481200,-614.754580
8.614000,0.438350,0.840820,5.342290,281.997860,-350.823090,75903.750000,,3.345340,-614.755130
8.616000,0.597290,1.048460,3.937500,282.030120,-350.822270,75795.125000,1.000000,3.187680,-614.755980
8.618000,0.512700,0.972840,4.419430,282.063510,-350.822270,75768.750000,,3.273560,-614.755920
8.620000,0.366580,0.722900,5.137210,282.097780,-350.823360,75944.882810,,3.560670,-614.755130
8.622000,0.362730,0.733150,6.152340,282.131260,-350.823580,75502.976560,,3.459410,-614.754820
8.624000,0.515260,0.989500,5.608890,282.163790,-350.822810,75842.585940,1.000000,3.279970,-614.755430
8.626000,0.597290,1.049740,4.388670,282.196720,-350.822240,76012.390630,,3.203060,-614.755980
8.628000,0.415280,0.808780,4.347660,282.231020,-350.822910,75964.921880,,3.428650,-614.755370
8.630000,0.329410,0.657530,4.952640,282.265230,-350.823820,75791.960940,,3.593990,-614.754580
8.632000,0.384520,0.769040,6.224120,282.298190,-350.823270,75921.679690,1.000000,3.350460,-614.754700
8.634000,0.554990,1.049740,5.506350,282.330380,-350.822480,76029.265630,,3.267150,-614.755680
8.636000,0.565250,0.983090,4.193850,282.363590,-350.822200,76038.750000,,3.228700,-614.755980
8.638000,0.370420,0.713930,3.906740,282.397890,-350.823030,76038.750000,,3.501710,-614.755250
8.640000,0.311460,0.566530,4.583500,282.432010,-350.823640,75762.421880,1.000000,3.520940,-614.754580
8.642000,0.392210,0.753660,5.383300,282.464810,-350.823210,76086.218750,,3.385070,-614.754880
8.644000,0.563960,1.026670,4.778320,282.497040,-350.822450,75947.000000,,3.237670,-614.755800
8.646000,0.558840,1.010010,4.224610,282.530150,-350.822110,75911.140630,,3.223570,-614.756100
8.648000,0.387080,0.766480,4.829590,282.564360,-350.823120,76030.320310,1.000000,3.531190,-614.755370
8.650000,0.352480,0.663940,5.721680,282.598300,-350.823640,75963.867190,,3.528630,-614.754820
8.652000,0.472960,0.904910,5.937010,282.630920,-350.822970,76021.875000,,3.329960,-614.755250
8.654000,0.598570,1.095890,4.604000,282.663510,-350.822240,75870.007810,,3.221010,-614.755920
8.656000,0.472960,0.924130,4.470700,282.697390,-350.822540,75911.140630,1.000000,3.360720,-614.755620
8.658000,0.330690,0.685730,4.952640,282.731720,-350.823640,75910.085940,,3.610660,-614.754700
8.660000,0.355040,0.708800,5.885740,282.765140,-350.823430,75909.031250,,3.411990,-614.754580
8.662000,0.502440,0.990780,5.567870,282.797450,-350.822570,75935.390630,,3.294070,-614.755370
8.664000,0.589600,1.030520,4.132320,282.830350,-350.822110,76016.609380,1.000000,3.214600,-614.755980
8.666000,0.414000,0.763920,3.742680,282.864590,-350.822750,76031.375000,,3.424800,-614.755430
8.668000,0.323000,0.544740,4.604000,282.898960,-350.823580,75627.421880,,3.560670,-614.754640
8.670000,0.360170,0.602420,5.475590,282.932250,-350.823360,75723.406250,,3.401730,-614.754700
8.672000,0.531920,0.920290,5.239750,282.964540,-350.822630,75911.140630,1.000000,3.290220,-614.755620
8.674000,0.598570,0.960020,4.255370,282.997340,-350.822050,76093.601560,,3.178710,-614.756160
8.676000,0.421690,0.798520,4.286130,283.031220,-350.822810,75630.585940,,3.464540,-614.755550
8.678000,0.361450,0.701110,5.701170,283.065030,-350.823640,75698.085940,,3.544010,-614.754820
8.680000,0.438350,0.913880,6.080570,283.097560,-350.823180,75857.343750,1.000000,3.353030,-614.755000
8.682000,0.590880,1.167660,5.342290,283.129850,-350.822360,75731.835940,,3.229980,-614.755740
8.684000,0.548580,1.029240,4.419430,283.163480,-350.822390,75886.875000,,3.292790,-614.755740
8.686000,0.364010,0.745970,5.085940,283.197940,-350.823490,75721.296880,,3.591430,-614.754820
8.688000,0.347350,0.728030,5.537110,283.231630,-350.823550,75845.742190,1.000000,3.465820,-614.754390
8.690000,0.472960,0.931820,5.844730,283.264250,-350.822750,75899.531250,,3.299190,-614.755000
8.692000,0.607540,1.097170,4.521970,283.296910,-350.822110,75957.539060,,3.240230,-614.755860
8.694000,0.471680,0.857480,3.681150,283.330960,-350.822480,75931.179690,,3.333800,-614.755550
8.696000,0.329410,0.625490,4.614260,283.365420,-350.823520,75699.140630,1.000000,3.595280,-614.754700
8.698000,0.343510,0.580630,5.485840,283.399140,-350.823490,76166.375000,,3.432500,-614.754520
8.700000,0.493470,0.889530,5.670410,283.431460,-350.822880,75796.179690,,3.335080,-614.755250
8.702000,0.615230,1.027950,4.573240,283.463990,-350.822050,76195.898440,,3.162050,-614.755980
8.704000,0.474240,0.915160,4.378420,283.497560,-350.822510,75860.507810,1.000000,3.390200,-614.755680
8.706000,0.364010,0.733150,5.444820,283.531460,-350.823490,75982.859380,,3.572200,-614.754820
8.708000,0.414000,0.889530,6.183110,283.564420,-350.823330,75761.367190,,3.379940,-614.754820
8.710000,0.561400,1.120240,5.465330,283.596740,-350.822510,75955.437500,,3.262020,-614.755430
8.712000,0.587040,1.068970,4.634770,283.630190,-350.822270,76179.031250,1.000000,3.237670,-614.755800
8.714000,0.394780,0.757510,4.727050,283.664790,-350.823210,75915.351560,,3.517090,-614.755000
8.716000,0.351200,0.626770,5.332030,283.698940,-350.823700,75782.468750,,3.544010,-614.754330
8.718000,0.443480,0.792110,6.111330,283.731930,-350.822940,75837.312500,,3.310730,-614.754760
8.720000,0.604980,1.020260,4.993650,283.764430,-350.822270,76006.054690,1.000000,3.249210,-614.755680
8.720000,0.604980,1.020260,4.993650,283.764430,-350.822270,76006.054690,1.000000,3.249210,-614.755680
8.722000,0.544740,0.843380,3.855470,283.798250,-350.822300,75970.203130,,3.281250,-614.755680
8.724000,0.370420,0.621640,4.624510,283.832580,-350.823360,75976.523440,,3.558110,-614.754820
8.726000,0.323000,0.556270,4.891110,283.866240,-350.823610,75929.070310,,3.496580,-614.754330
8.728000,0.453740,0.858760,5.762700,283.898530,-350.823060,75846.796880,1.000000,3.344060,-614.754880
8.730000,0.607540,1.072810,4.265630,283.930660,-350.822200,75847.851560,,3.204350,-614.755860
8.732000,0.533200,0.967710,4.398930,283.963960,-350.822270,75956.492190,,3.290220,-614.755800
8.734000,0.380680,0.757510,5.250000,283.997990,-350.823360,75948.046880,,3.582460,-614.754940
8.736000,0.380680,0.808780,5.896000,284.031130,-350.823390,75669.609380,1.000000,3.440190,-614.754640
8.738000,0.521670,1.075380,5.988280,284.063570,-350.822660,75795.125000,,3.279970,-614.755190
8.740000,0.612670,1.099730,4.593750,284.096620,-350.822200,75925.906250,,3.235110,-614.755800
8.742000,0.439640,0.807500,4.552730,284.131160,-350.822940,75727.617190,,3.441470,-614.755190
8.744000,0.347350,0.619080,5.055180,284.165650,-350.823790,75755.046880,1.000000,3.597840,-614.754330
8.746000,0.402470,0.698550,6.060060,284.198910,-350.823180,75588.406250,,3.342770,-614.754520
8.748000,0.565250,0.994630,5.629390,284.231260,-350.822390,76054.570310,,3.272280,-614.755370
8.750000,0.584470,0.944640,4.388670,284.264530,-350.822200,75981.796880,,3.237670,-614.755740
8.750000,0.584470,0.944640,4.388670,284.264530,-350.822200,75981.796880,,3.237670,-614.755740
8.752000,0.389650,0.738280,4.357910,284.298680,-350.823090,75703.359380,1.000000,3.518370,-614.755000
8.754000,0.325560,0.631900,4.675780,284.332460,-350.823640,75844.687500,,3.523500,-614.754330
8.756000,0.414000,0.857480,5.465330,284.364930,-350.823120,75576.804690,,3.378660,-614.754640
8.758000,0.579350,1.144590,4.757810,284.396910,-350.822390,76271.835940,,3.238950,-614.755550
8.760000,0.584470,1.089480,4.183590,284.429960,-350.822080,75736.062500,1.000000,3.238950,-614.755920
8.762000,0.403750,0.831850,5.393550,284.464110,-350.823090,76057.742190,,3.535030,-614.755130
8.764000,0.369140,0.753660,5.721680,284.497860,-350.823520,75886.875000,,3.509400,-614.754580
8.766000,0.488340,0.970280,6.306150,284.530610,-350.822850,75947.000000,,3.320980,-614.755000
8.768000,0.612670,1.088200,4.542480,284.563570,-350.822240,75785.625000,1.000000,3.231260,-614.755680
8.770000,0.499880,0.806210,4.398930,284.598020,-350.822600,75888.992190,,3.372250,-614.755370
8.772000,0.343510,0.578060,5.075680,284.632660,-350.823670,76355.156250,,3.613220,-614.754460
8.774000,0.374270,0.603700,5.844730,284.666260,-350.823360,75711.804690,,3.395320,-614.754270
8.776000,0.521670,0.907470,6.224120,284.698610,-350.822510,76118.914060,1.000000,3.291500,-614.755130
8.778000,0.607540,0.962590,4.327150,284.731480,-350.822110,75876.328130,,3.228700,-614.755740
8.780000,0.437070,0.757510,4.132320,284.765440,-350.822810,75937.500000,,3.441470,-614.755190
8.782000,0.335820,0.638310,4.532230,284.799220,-350.823610,75939.617190,,3.565800,-614.754330
8.784000,0.378110,0.767760,5.250000,284.831910,-350.823240,75759.257810,1.000000,3.379940,-614.754390
8.786000,0.538330,1.135620,5.178220,284.863680,-350.822540,76285.546880,,3.285100,-614.755250
8.788000,0.621640,1.149720,4.501460,284.896330,-350.822080,75919.578130,,3.186400,-614.755920
8.790000,0.448610,0.929260,4.696290,284.930300,-350.822810,75751.882810,,3.470950,-614.755310
8.792000,0.375550,0.754940,5.701170,284.964360,-350.823610,75818.320310,1.000000,3.526060,-614.754580
8.794000,0.455020,0.863890,6.152340,284.997470,-350.823090,75802.500000,,3.337650,-614.754760
8.796000,0.606260,1.054870,5.003910,285.030240,-350.822360,76067.226560,,3.236390,-614.755490
8.798000,0.575500,0.872860,4.696290,285.064360,-350.822450,75740.273440,,3.288940,-614.755490
8.800000,0.381960,0.601140,5.147460,285.099060,-350.823520,75907.968750,1.000000,3.602970,-614.754580
8.802000,0.364010,0.578060,5.947270,285.132840,-350.823520,75658.007810,,3.450440,-614.754090
8.804000,0.485780,0.828000,6.203610,285.165370,-350.822690,75867.898440,,3.290220,-614.754640
8.806000,0.619080,0.999760,4.491210,285.197940,-350.822170,75834.140630,,3.249210,-614.755550
8.808000,0.503720,0.783140,3.875980,285.231810,-350.822570,75940.671880,1.000000,3.349180,-614.755310
8.810000,0.347350,0.615230,4.491210,285.265840,-350.823550,75951.210940,,3.599120,-614.754390
8.812000,0.352480,0.640870,5.444820,285.299010,-350.823360,75990.234380,,3.408140,-614.754150
8.814000,0.505000,0.984380,5.844730,285.331020,-350.822780,75925.906250,,3.331240,-614.754880
8.816000,0.630620,1.072810,4.747560,285.363560,-350.822080,75606.328130,1.000000,3.177430,-614.755680
8.818000,0.501160,0.906190,4.655270,285.397250,-350.822570,76122.070310,,3.395320,-614.755370
8.820000,0.375550,0.712650,5.219240,285.431300,-350.823520,75775.078130,,3.582460,-614.754580
8.822000,0.422970,0.825440,6.101070,285.464390,-350.823240,75982.859380,,3.359440,-614.754520
8.824000,0.574220,1.044620,5.629390,285.496920,-350.822510,76009.218750,1.000000,3.276120,-614.755190
8.826000,0.604980,0.944640,4.706540,285.530520,-350.822300,76057.742190,,3.247920,-614.755490
8.828000,0.411440,0.652400,5.239750,285.565190,-350.823300,75914.296880,,3.535030,-614.754760
8.830000,0.352480,0.575500,5.629390,285.599090,-350.823670,75780.351560,,3.547850,-614.754030
8.832000,0.447330,0.789550,6.162600,285.631740,-350.822850,75950.156250,1.000000,3.304320,-614.754390
8.834000,0.601140,1.057430,4.962890,285.664000,-350.822240,75920.625000,,3.273560,-614.755370
8.836000,0.557560,0.874150,3.896480,285.697690,-350.822300,75949.101560,,3.291500,-614.755430
8.838000,0.374270,0.654970,4.450200,285.731960,-350.823360,75832.031250,,3.577330,-614.754580
8.840000,0.326840,0.576780,5.219240,285.765660,-350.823490,76076.718750,1.000000,3.481200,-614.754090
8.842000,0.453740,0.869020,5.619140,285.798030,-350.822940,75878.437500,,3.351750,-614.754640
8.844000,0.606260,1.068970,4.645020,285.830290,-350.822170,75886.875000,,3.223570,-614.755620
8.846000,0.554990,0.968990,4.521970,285.863710,-350.822300,75921.679690,,3.304320,-614.755620
8.848000,0.385800,0.778020,5.219240,285.897670,-350.823430,75592.625000,1.000000,3.596560,-614.754820
8.850000,0.388370,0.816470,6.039550,285.930910,-350.823360,75900.593750,,3.442750,-614.754460
8.852000,0.526790,1.074100,6.039550,285.963350,-350.822660,75653.796880,,3.286380,-614.755000
8.854000,0.617800,1.072810,5.106450,285.996520,-350.822200,76084.101560,,3.259460,-614.755620
8.856000,0.460140,0.767760,4.501460,286.031070,-350.822940,75877.382810,1.000000,3.459410,-614.755000
8.858000,0.343510,0.599850,5.465330,286.065370,-350.823730,75624.257810,,3.602970,-614.754150
8.860000,0.405030,0.681880,6.029300,286.098540,-350.823000,75739.226560,,3.338930,-614.754210
8.862000,0.562680,0.965150,5.721680,286.130950,-350.822330,75702.304690,,3.285100,-614.755130
8.864000,0.597290,0.844670,4.255370,286.164490,-350.822170,75936.445310,1.000000,3.253050,-614.755550
8.866000,0.407590,0.596010,4.398930,286.198910,-350.823090,75644.296880,,3.526060,-614.754820
8.868000,0.323000,0.469120,4.942380,286.232910,-350.823580,75930.117190,,3.523500,-614.754090
8.870000,0.410160,0.701110,5.414060,286.265500,-350.823060,75893.203130,,3.379940,-614.754390
8.872000,0.580630,0.986940,5.198730,286.297580,-350.822360,75875.273440,1.000000,3.250490,-614.755370
8.874000,0.598570,0.927980,4.429690,286.330660,-350.822110,75778.250000,,3.263310,-614.755680
8.876000,0.412720,0.751100,5.352540,286.364470,-350.823120,75686.484380,,3.560670,-614.754940
8.876000,0.412720,0.751100,5.352540,286.364470,-350.823120,75686.484380,,3.560670,-614.754940
8.878000,0.376830,0.749820,6.029300,286.397800,-350.823490,76317.187500,,3.500430,-614.754390
8.880000,0.492190,1.026670,6.490720,286.430020,-350.822690,75709.687500,1.000000,3.322270,-614.754820
8.882000,0.620360,1.181760,4.983400,286.462590,-350.822170,76110.468750,,3.247920,-614.755490
8.884000,0.515260,0.889530,4.542480,286.496770,-350.822600,75980.742190,,3.403020,-614.755190
8.886000,0.353760,0.651120,5.280760,286.531190,-350.823640,75888.992190,,3.628600,-614.754270
8.888000,0.372990,0.642150,5.772950,286.564790,-350.823210,75731.835940,1.000000,3.386350,-614.754030
8.890000,0.524230,0.893370,6.203610,286.597350,-350.822390,75893.203130,,3.310730,-614.754820
8.892000,0.619080,0.890810,4.542480,286.630550,-350.822050,76179.031250,,3.238950,-614.755550
8.894000,0.455020,0.653690,4.255370,286.664830,-350.822810,76016.609380,,3.454280,-614.755000
8.896000,0.328130,0.515260,4.757810,286.698910,-350.823550,75832.031250,1.000000,3.585020,-614.754150
8.898000,0.379390,0.638310,5.239750,286.731810,-350.823210,75732.890630,,3.388920,-614.754210
8.900000,0.539610,0.999760,5.516600,286.763730,-350.822480,76077.781250,,3.291500,-614.755070
8.902000,0.625490,1.016420,4.593750,286.796480,-350.822020,75912.195310,,3.197940,-614.755680
8.904000,0.463990,0.851070,5.147460,286.830260,-350.822880,75834.140630,1.000000,3.505550,-614.755130
8.906000,0.380680,0.774170,5.854980,286.863770,-350.823490,75812.000000,,3.519650,-614.754390
8.908000,0.458860,1.003600,6.357420,286.896240,-350.822910,76044.031250,,3.328670,-614.754580
8.910000,0.602420,1.193300,5.096190,286.928740,-350.822240,75732.890630,,3.259460,-614.755310
8.912000,0.576780,0.958740,4.788570,286.962830,-350.822450,75771.914060,1.000000,3.305600,-614.755370
8.914000,0.387080,0.660100,4.891110,286.997560,-350.823520,75857.343750,,3.617070,-614.754390
8.916000,0.365300,0.612670,5.978030,287.031370,-350.823390,75799.335940,,3.444030,-614.753970
8.918000,0.488340,0.849790,6.449710,287.064090,-350.822600,75797.234380,,3.296630,-614.754580
8.920000,0.622920,0.940800,4.870610,287.096980,-350.822110,75833.085940,1.000000,3.265870,-614.755370
8.922000,0.519100,0.651120,4.029790,287.131290,-350.822570,75761.367190,,3.378660,-614.755190
8.924000,0.355040,0.484500,4.511720,287.165530,-350.823550,75936.445310,,3.618350,-614.754270
8.926000,0.343510,0.538330,5.239750,287.198730,-350.823300,75632.703130,,3.415830,-614.754030
8.928000,0.506290,0.927980,5.834470,287.230590,-350.822660,75996.562500,1.000000,3.333800,-614.754700
8.930000,0.631900,1.054870,4.891110,287.262940,-350.821990,75984.960940,,3.200500,-614.755550
8.932000,0.519100,0.899780,5.167970,287.296510,-350.822600,75914.296880,,3.418400,-614.755310
8.934000,0.383240,0.749820,5.383300,287.330260,-350.823460,75689.656250,,3.597840,-614.754520
8.936000,0.422970,0.875430,6.306150,287.363160,-350.823090,75598.945310,1.000000,3.356870,-614.754330
8.938000,0.576780,1.125370,5.475590,287.395540,-350.822420,76201.171880,,3.290220,-614.755070
8.940000,0.617800,0.999760,4.768070,287.429140,-350.822240,75852.078130,,3.273560,-614.755370
8.942000,0.426820,0.719060,5.383300,287.463780,-350.823270,76124.187500,,3.555540,-614.754640
8.944000,0.353760,0.634460,5.947270,287.497710,-350.823580,75841.523440,1.000000,3.542720,-614.753910
8.946000,0.446040,0.781860,6.439450,287.530610,-350.822720,76009.218750,,3.305600,-614.754270
8.948000,0.606260,0.992070,5.250000,287.563230,-350.822200,75884.773440,,3.297910,-614.755190
8.950000,0.570370,0.753660,4.081050,287.597230,-350.822330,75909.031250,,3.315860,-614.755370
8.952000,0.383240,0.547300,4.327150,287.631530,-350.823360,76182.195310,1.000000,3.609380,-614.754520
8.954000,0.331970,0.503720,5.280760,287.665040,-350.823360,75808.835940,,3.476070,-614.753970
8.956000,0.458860,0.844670,5.803710,287.697110,-350.822810,76148.445310,,3.369690,-614.754460
8.958000,0.603700,1.058720,4.993650,287.729280,-350.822080,75863.671880,,3.246640,-614.755370
8.960000,0.570370,0.913880,4.798830,287.762790,-350.822270,76016.609380,1.000000,3.344060,-614.755490
8.962000,0.397340,0.710080,5.065430,287.796780,-350.823360,75807.781250,,3.611940,-614.754640
8.964000,0.399900,0.761350,6.121580,287.829990,-350.823180,75808.835940,,3.438900,-614.754270
8.966000,0.531920,1.030520,5.783200,287.862400,-350.822480,75847.851560,,3.304320,-614.754820
8.968000,0.628050,1.026670,5.239750,287.895660,-350.822170,75891.093750,1.000000,3.285100,-614.755430
8.970000,0.480650,0.719060,4.932130,287.930270,-350.822940,75954.382810,,3.490170,-614.754880
8.972000,0.352480,0.563960,5.690920,287.964540,-350.823640,75723.406250,,3.608090,-614.754030
8.974000,0.415280,0.666500,6.121580,287.997620,-350.822850,75843.640630,,3.336360,-614.754030
8.976000,0.571660,0.980530,5.557620,288.029880,-350.822240,76005.007810,1.000000,3.304320,-614.754880
8.978000,0.608830,0.867740,4.388670,288.063290,-350.822140,75922.734380,,3.272280,-614.755370
8.980000,0.428100,0.646000,4.450200,288.097470,-350.823090,75855.242190,,3.555540,-614.754640
8.982000,0.334530,0.530640,5.362790,288.131160,-350.823490,75664.335940,,3.529910,-614.753910
8.984000,0.425540,0.757510,5.578130,288.163640,-350.822940,75897.429690,1.000000,3.367130,-614.754150
8.986000,0.585750,1.034360,5.178220,288.195680,-350.822240,75877.382810,,3.265870,-614.755130
8.988000,0.619080,0.949770,4.614260,288.228850,-350.822080,75854.187500,,3.269710,-614.755550
8.990000,0.435790,0.781860,5.106450,288.262790,-350.823090,75916.414060,,3.577330,-614.754820
8.992000,0.394780,0.769040,6.234380,288.296170,-350.823330,76055.632810,1.000000,3.473510,-614.754210
8.994000,0.503720,1.007450,6.377930,288.328740,-350.822600,75747.656250,,3.315860,-614.754580
8.996000,0.633180,1.115110,5.742190,288.361630,-350.822170,75856.289060,,3.265870,-614.755310
8.998000,0.546020,0.802370,4.696290,288.396150,-350.822660,76099.929690,,3.415830,-614.755070
9.000000,0.371700,0.616520,5.496090,288.430630,-350.823640,75973.359380,1.000000,3.640140,-614.754090
9.000000,0.371700,0.616520,5.496090,288.430630,-350.823640,75973.359380,1.000000,3.640140,-614.754090
9.002000,0.393490,0.661380,5.906250,288.464020,-350.823060,75940.671880,,3.368410,-614.753850
9.004000,0.538330,0.968990,6.316410,288.496340,-350.822300,75888.992190,,3.312010,-614.754580
9.006000,0.631900,0.962590,4.911620,288.529450,-350.822050,76314.023440,,3.267150,-614.755310
9.008000,0.484500,0.695980,4.521970,288.563720,-350.822810,75834.140630,1.000000,3.476070,-614.754820
9.010000,0.342220,0.544740,4.993650,288.597750,-350.823520,75846.796880,,3.586300,-614.753970
9.012000,0.394780,0.662660,5.311520,288.630620,-350.823030,75934.335940,,3.377380,-614.753970
9.014000,0.553710,0.994630,5.608890,288.662630,-350.822390,76106.257810,,3.291500,-614.754820
9.016000,0.646000,0.958740,4.593750,288.695620,-350.821960,76015.546880,1.000000,3.221010,-614.755430
9.018000,0.498600,0.737000,5.198730,288.729640,-350.822880,75681.218750,,3.515810,-614.755000
9.020000,0.399900,0.656250,5.998540,288.763340,-350.823430,76015.546880,,3.537600,-614.754270
9.022000,0.483220,0.856200,6.470210,288.796020,-350.822780,75821.492190,,3.318420,-614.754270
9.024000,0.619080,1.066410,5.619140,288.828610,-350.822240,75942.781250,1.000000,3.278690,-614.755000
9.026000,0.596010,0.842100,4.706540,288.862700,-350.822450,75762.421880,,3.332520,-614.755130
9.028000,0.411440,0.597290,5.208980,288.897250,-350.823550,75809.890630,,3.632450,-614.754210
9.030000,0.388370,0.584470,5.896000,288.930820,-350.823330,75861.562500,,3.451720,-614.753720
9.032000,0.505000,0.867740,6.541990,288.963230,-350.822420,75578.906250,1.000000,3.296630,-614.754270
9.034000,0.631900,0.984380,5.250000,288.995910,-350.822080,76017.664060,,3.281250,-614.755130
9.036000,0.549870,0.721620,4.163090,289.029970,-350.822540,76002.890630,,3.403020,-614.755000
9.038000,0.375550,0.576780,4.829590,289.063930,-350.823490,75981.796880,,3.613220,-614.754030
9.040000,0.361450,0.617800,5.373050,289.097050,-350.823180,75732.890630,1.000000,3.418400,-614.753720
9.042000,0.516540,0.963870,5.731930,289.129060,-350.822540,75623.210940,,3.338930,-614.754460
9.044000,0.642150,1.027950,5.003910,289.161620,-350.821990,76027.156250,,3.224850,-614.755310
9.046000,0.557560,0.828000,5.229490,289.195470,-350.822630,75481.875000,,3.437620,-614.755130
9.048000,0.405030,0.704960,5.824220,289.229310,-350.823490,75799.335940,1.000000,3.599120,-614.754270
9.050000,0.448610,0.817750,6.275390,289.262240,-350.822940,75862.617190,,3.363280,-614.754150
9.052000,0.590880,1.108700,6.008790,289.294590,-350.822330,76017.664060,,3.296630,-614.754820
9.054000,0.630620,0.976680,4.891110,289.328250,-350.822270,75886.875000,,3.305600,-614.755130
9.056000,0.460140,0.698550,5.557620,289.362880,-350.823330,75625.312500,1.000000,3.585020,-614.754390
9.058000,0.374270,0.644710,5.844730,289.396730,-350.823490,75956.492190,,3.532470,-614.753660
9.060000,0.467830,0.820310,6.675290,289.429470,-350.822600,75859.453130,,3.308170,-614.753910
9.062000,0.610110,1.063840,5.383300,289.462010,-350.822110,76160.046880,,3.310730,-614.754820
9.064000,0.594730,0.813900,4.234860,289.496000,-350.822300,75934.335940,1.000000,3.331240,-614.755070
9.066000,0.410160,0.626770,4.604000,289.530300,-350.823330,76021.875000,,3.627320,-614.754270
9.068000,0.349910,0.574220,5.260250,289.563870,-350.823300,75896.375000,,3.468380,-614.753660
9.070000,0.478090,0.884400,6.080570,289.596160,-350.822690,75825.710940,,3.378660,-614.754150
9.072000,0.624210,1.060000,5.373050,289.628540,-350.822020,75998.679690,1.000000,3.251770,-614.755070
9.074000,0.604980,0.872860,5.250000,289.662290,-350.822300,75871.062500,,3.377380,-614.755190
9.076000,0.426820,0.694700,5.465330,289.696290,-350.823330,76106.257810,,3.622190,-614.754390
9.078000,0.425540,0.760070,6.203610,289.729460,-350.823090,75590.515630,,3.424800,-614.754030
9.080000,0.558840,1.038210,6.152340,289.761810,-350.822390,75997.625000,1.000000,3.322270,-614.754520
9.082000,0.648560,1.048460,5.393550,289.795010,-350.822110,75977.585940,,3.291500,-614.755130
9.084000,0.520390,0.733150,5.219240,289.829500,-350.822940,75905.859380,,3.517090,-614.754640
9.086000,0.376830,0.652400,5.926760,289.863460,-350.823550,75615.820310,,3.619630,-614.753720
9.088000,0.430660,0.763920,6.306150,289.896450,-350.822720,75799.335940,1.000000,3.332520,-614.753660
9.090000,0.580630,1.049740,5.742190,289.928800,-350.822110,75999.734380,,3.319700,-614.754520
9.092000,0.629330,0.884400,4.337400,289.962550,-350.822110,75861.562500,,3.292790,-614.755000
9.094000,0.463990,0.646000,4.542480,289.996950,-350.823120,75865.789060,,3.569640,-614.754390
9.096000,0.352480,0.547300,5.075680,290.030820,-350.823360,75705.476560,1.000000,3.537600,-614.753600
9.098000,0.452450,0.788270,5.988280,290.063390,-350.822810,75917.460940,,3.353030,-614.753910
9.100000,0.596010,1.070250,5.578130,290.095490,-350.822140,75724.460940,,3.283810,-614.754820
9.102000,0.639590,0.944640,5.085940,290.128880,-350.822110,75777.195310,,3.291500,-614.755250
9.104000,0.467830,0.756230,5.301270,290.162900,-350.823150,75890.039060,1.000000,3.604250,-614.754580
9.106000,0.415280,0.754940,5.978030,290.196230,-350.823210,75834.140630,,3.464540,-614.753910
9.108000,0.524230,1.011290,6.377930,290.228640,-350.822480,75930.117190,,3.308170,-614.754270
9.110000,0.644710,1.121520,5.752440,290.261440,-350.822110,75894.257810,,3.288940,-614.754880
9.112000,0.580630,0.775450,5.383300,290.296080,-350.822660,76081.992190,1.000000,3.420960,-614.754760
9.114000,0.401180,0.589600,5.455080,290.330540,-350.823610,75846.796880,,3.641420,-614.753780
9.116000,0.415280,0.628050,6.306150,290.363890,-350.822940,75648.523440,,3.367130,-614.753480
9.118000,0.549870,0.945920,5.998540,290.396330,-350.822240,76069.335940,,3.309450,-614.754210
9.120000,0.644710,0.906190,4.747560,290.429630,-350.822050,76022.929690,1.000000,3.283810,-614.754940
9.122000,0.520390,0.620360,4.655270,290.464110,-350.822850,76070.398440,,3.494020,-614.754580
9.124000,0.367860,0.505000,5.342290,290.498110,-350.823520,75861.562500,,3.592710,-614.753660
9.126000,0.412720,0.658810,5.639650,290.530910,-350.822940,75924.851560,,3.383790,-614.753660
9.128000,0.572940,1.038210,5.752440,290.562710,-350.822270,75972.312500,1.000000,3.287660,-614.754460
9.130000,0.656250,1.034360,4.850100,290.595550,-350.821960,75874.218750,,3.256900,-614.755130
9.132000,0.524230,0.852360,5.188480,290.629300,-350.822940,75995.507810,,3.536320,-614.754760
9.134000,0.415280,0.822880,5.978030,290.662690,-350.823360,75940.671880,,3.547850,-614.753970
9.136000,0.490910,1.013850,6.531740,290.695190,-350.822600,76124.187500,1.000000,3.320980,-614.754030
9.138000,0.625490,1.193300,5.957520,290.727910,-350.822170,75635.867190,,3.303040,-614.754700
9.140000,0.612670,0.893370,5.085940,290.762210,-350.822420,75882.664060,,3.363280,-614.754820
9.142000,0.434510,0.652400,5.126950,290.796940,-350.823490,75810.937500,,3.631160,-614.754030
9.144000,0.393490,0.616520,5.896000,290.830690,-350.823180,75982.859380,1.000000,3.449160,-614.753480
9.146000,0.508850,0.880550,5.998540,290.863310,-350.822300,75862.617190,,3.309450,-614.754030
9.148000,0.634460,0.976680,5.424320,290.896300,-350.822050,75983.914060,,3.300480,-614.754820
9.150000,0.566530,0.683170,4.583500,290.930690,-350.822600,75990.234380,,3.433780,-614.754760
9.152000,0.389650,0.539610,5.198730,290.964900,-350.823490,75635.867190,1.000000,3.629880,-614.753910
9.154000,0.376830,0.607540,5.465330,290.998020,-350.823090,75822.546880,,3.422240,-614.753480
9.156000,0.525510,1.010010,5.516600,291.029880,-350.822390,75763.484380,,3.344060,-614.754210
9.158000,0.638310,1.104860,5.188480,291.062380,-350.821960,76098.867190,,3.245360,-614.755070
9.160000,0.583190,0.885680,5.085940,291.096220,-350.822630,75737.117190,1.000000,3.476070,-614.754940
9.162000,0.425540,0.779300,6.265140,291.129940,-350.823430,75644.296880,,3.596560,-614.754090
9.164000,0.458860,0.892090,6.418950,291.162810,-350.822780,75875.273440,,3.370970,-614.753910
9.166000,0.592160,1.157410,6.183110,291.195280,-350.822170,76060.898440,,3.310730,-614.754520
9.168000,0.639590,0.974120,5.167970,291.229190,-350.822240,75944.882810,1.000000,3.332520,-614.754880
9.170000,0.489620,0.651120,5.352540,291.264040,-350.823270,75863.671880,,3.611940,-614.754210
9.172000,0.387080,0.578060,6.029300,291.298070,-350.823390,76165.312500,,3.524780,-614.753480
9.174000,0.485780,0.724180,6.685550,291.330990,-350.822480,75939.617190,,3.313290,-614.753720
9.176000,0.611390,0.949770,5.947270,291.363650,-350.822020,75864.726560,1.000000,3.320980,-614.754580
9.178000,0.606260,0.702390,4.614260,291.397740,-350.822360,76030.320310,,3.359440,-614.754820
9.180000,0.431950,0.572940,4.819340,291.431820,-350.823360,75991.289060,,3.643980,-614.754090
9.182000,0.369140,0.597290,5.311520,291.465000,-350.823210,76180.078130,,3.464540,-614.753480
9.184000,0.493470,0.958740,5.813960,291.496920,-350.822510,75855.242190,1.000000,3.365840,-614.753910
9.186000,0.622920,1.142030,5.578130,291.529140,-350.821930,76182.195310,,3.265870,-614.754820
9.188000,0.622920,0.922850,5.516600,291.562900,-350.822330,75948.046880,,3.399170,-614.755000
9.190000,0.443480,0.771610,5.896000,291.596830,-350.823270,75816.210940,,3.632450,-614.754270
9.192000,0.447330,0.848510,6.121580,291.629940,-350.822940,75805.664060,1.000000,3.395320,-614.753850
9.192000,0.447330,0.848510,6.121580,291.629940,-350.822940,75805.664060,1.000000,3.395320,-614.753850
9.194000,0.562680,1.113830,6.275390,291.662350,-350.822240,75838.359380,,3.324830,-614.754270
9.196000,0.647280,1.085630,5.198730,291.695740,-350.822110,76346.718750,,3.310730,-614.754820
9.198000,0.548580,0.719060,5.465330,291.730590,-350.823030,75753.992190,,3.535030,-614.754460
9.200000,0.397340,0.611390,6.377930,291.764740,-350.823520,75975.468750,1.000000,3.624760,-614.753540
9.202000,0.455020,0.713930,6.511230,291.797850,-350.822600,75690.710940,,3.320980,-614.753480
9.204000,0.598570,1.027950,6.142090,291.830140,-350.822020,75915.351560,,3.332520,-614.754330
9.206000,0.642150,0.879270,4.439940,291.863770,-350.822080,75839.421880,,3.317140,-614.754820
9.208000,0.494750,0.656250,4.696290,291.898010,-350.823120,75838.359380,1.000000,3.582460,-614.754270
9.210000,0.364010,0.602420,5.044920,291.931610,-350.823330,75984.960940,,3.549130,-614.753480
9.212000,0.462710,0.851070,5.854980,291.964020,-350.822660,75664.335940,,3.354310,-614.753660
9.214000,0.603700,1.134340,5.803710,291.996120,-350.822050,75955.437500,,3.291500,-614.754520
9.216000,0.651120,0.986940,5.465330,292.029660,-350.822080,75865.789060,1.000000,3.308170,-614.755000
9.218000,0.502440,0.795960,5.434570,292.063780,-350.823180,75801.445310,,3.614500,-614.754390
9.220000,0.433230,0.781860,6.152340,292.097260,-350.823120,75874.218750,,3.470950,-614.753780
9.222000,0.540890,0.997190,6.172850,292.130000,-350.822390,75590.515630,,3.303040,-614.754030
9.224000,0.652400,1.070250,5.998540,292.163120,-350.822080,75885.828130,1.000000,3.313290,-614.754640
9.226000,0.599850,0.731870,5.690920,292.197850,-350.822690,75645.359380,,3.438900,-614.754580
9.228000,0.430660,0.598570,5.885740,292.232150,-350.823610,75796.179690,,3.646550,-614.753660
9.230000,0.442200,0.698550,6.439450,292.265170,-350.822810,75860.507810,,3.377380,-614.753360
9.232000,0.572940,1.047180,6.285640,292.297210,-350.822110,75809.890630,1.000000,3.310730,-614.754030
9.234000,0.654970,0.997190,4.921880,292.330350,-350.822020,75983.914060,,3.312010,-614.754700
9.236000,0.556270,0.694700,4.850100,292.364690,-350.822850,75864.726560,,3.517090,-614.754390
9.238000,0.392210,0.583190,5.024410,292.398500,-350.823460,75960.703130,,3.595280,-614.753480
9.240000,0.428100,0.748540,5.813960,292.431240,-350.822780,75934.335940,1.000000,3.386350,-614.753420
9.242000,0.578060,1.102290,5.711430,292.463170,-350.822140,76127.343750,,3.300480,-614.754210
9.244000,0.658810,1.040770,5.332030,292.496340,-350.821930,75816.210940,,3.285100,-614.754820
9.246000,0.554990,0.812620,5.260250,292.530490,-350.822940,75897.429690,,3.555540,-614.754580
9.248000,0.435790,0.761350,5.978030,292.564180,-350.823330,75915.351560,1.000000,3.560670,-614.753850
9.250000,0.517820,0.930540,6.777830,292.596980,-350.822510,75870.007810,,3.333800,-614.753850
9.250000,0.517820,0.930540,6.777830,292.596980,-350.822510,75870.007810,,3.333800,-614.753850
9.252000,0.635740,1.130490,5.998540,292.629760,-350.822080,75647.468750,,3.305600,-614.754460
9.254000,0.625490,0.852360,5.865230,292.664060,-350.822420,75955.437500,,3.399170,-614.754580
9.256000,0.467830,0.685730,5.383300,292.698490,-350.823460,76211.718750,1.000000,3.652950,-614.753850
9.258000,0.417850,0.695980,6.131840,292.731810,-350.823090,75675.945310,,3.444030,-614.753230
9.260000,0.533200,0.980530,6.295900,292.764160,-350.822170,75870.007810,,3.327390,-614.753720
9.262000,0.643430,1.056150,5.291020,292.797030,-350.821930,75764.539060,,3.308170,-614.754580
9.264000,0.603700,0.730590,4.901370,292.831390,-350.822540,76040.867190,1.000000,3.451720,-614.754580
9.266000,0.421690,0.590880,5.178220,292.865540,-350.823360,75637.976560,,3.633730,-614.753720
9.268000,0.406310,0.624210,5.567870,292.898650,-350.822970,75713.906250,,3.420960,-614.753230
9.270000,0.548580,0.980530,5.701170,292.930760,-350.822270,75986.023440,,3.354310,-614.753910
9.272000,0.657530,1.018980,5.260250,292.963560,-350.821870,75798.281250,1.000000,3.255620,-614.754700
9.274000,0.617800,0.792110,5.291020,292.997620,-350.822630,75976.523440,,3.504270,-614.754700
9.276000,0.455020,0.731870,6.008790,293.031310,-350.823360,75536.718750,,3.599120,-614.753910
9.278000,0.493470,0.907470,6.736820,293.063960,-350.822690,76023.984380,,3.374820,-614.753660
9.280000,0.617800,1.220210,6.716310,293.096190,-350.822050,75608.445310,1.000000,3.329960,-614.754210
9.282000,0.657530,1.051030,5.752440,293.130000,-350.822200,75712.851560,,3.345340,-614.754580
9.284000,0.528080,0.740840,5.403810,293.164580,-350.823270,75847.851560,,3.647830,-614.754030
9.286000,0.415280,0.740840,5.824220,293.198210,-350.823240,75883.718750,,3.527340,-614.753170
9.288000,0.507570,0.948490,6.377930,293.230830,-350.822300,76169.531250,1.000000,3.313290,-614.753480
9.290000,0.629330,1.145870,5.742190,293.263430,-350.821870,75884.773440,,3.328670,-614.754270
9.292000,0.633180,0.851070,5.065430,293.297640,-350.822270,76089.382810,,3.376100,-614.754520
9.294000,0.469120,0.654970,5.034670,293.332000,-350.823330,75961.757810,,3.649110,-614.753780
9.296000,0.397340,0.611390,5.660160,293.365540,-350.823150,75779.304690,1.000000,3.472230,-614.753170
9.298000,0.528080,0.922850,5.680660,293.397860,-350.822450,75870.007810,,3.359440,-614.753660
9.300000,0.642150,1.075380,5.393550,293.430360,-350.821870,75888.992190,,3.260740,-614.754460
9.302000,0.651120,0.869020,5.557620,293.464200,-350.822330,76330.898440,,3.414550,-614.754700
9.304000,0.484500,0.772890,6.090820,293.497990,-350.823300,75839.421880,1.000000,3.645260,-614.754030
9.306000,0.479370,0.875430,6.531740,293.530910,-350.822880,76071.453130,,3.390200,-614.753540
9.308000,0.593440,1.167660,6.429200,293.563170,-350.822140,75882.664060,,3.320980,-614.753970
9.310000,0.663940,1.116390,5.731930,293.596560,-350.822020,75940.671880,,3.319700,-614.754460
9.312000,0.584470,0.758790,5.373050,293.631380,-350.823030,75919.578130,1.000000,3.545290,-614.754150
9.314000,0.430660,0.676760,5.967770,293.665410,-350.823430,75857.343750,,3.609380,-614.753230
9.316000,0.490910,0.780580,6.357420,293.698430,-350.822450,76118.914060,,3.318420,-614.753170
9.318000,0.611390,1.062560,6.347170,293.730900,-350.821960,75861.562500,,3.333800,-614.753970
9.320000,0.652400,0.840820,4.870610,293.764860,-350.822110,75868.945310,1.000000,3.342770,-614.754460
9.322000,0.531920,0.589600,4.768070,293.799380,-350.823150,75779.304690,,3.599120,-614.754030
9.324000,0.397340,0.537050,5.198730,293.833010,-350.823300,75872.109380,,3.550420,-614.753170
9.326000,0.487060,0.835690,5.619140,293.865200,-350.822570,75899.531250,,3.363280,-614.753360
9.328000,0.622920,1.139470,5.865230,293.897090,-350.821930,75903.750000,1.000000,3.290220,-614.754210
9.330000,0.665220,0.971560,5.854980,293.930540,-350.822050,75930.117190,,3.342770,-614.754700
9.332000,0.531920,0.770320,6.029300,293.964510,-350.823210,75729.726560,,3.629880,-614.754150
9.334000,0.462710,0.820310,6.203610,293.997620,-350.823060,75807.781250,,3.477360,-614.753540
9.336000,0.558840,1.077940,6.275390,294.029940,-350.822240,75532.507810,1.000000,3.303040,-614.753720
9.338000,0.660100,1.168950,5.916500,294.062900,-350.821960,76020.820310,,3.318420,-614.754330
9.340000,0.620360,0.807500,5.496090,294.097530,-350.822630,75900.593750,,3.458130,-614.754270
9.342000,0.460140,0.667790,6.090820,294.131840,-350.823520,75817.265630,,3.650390,-614.753480
9.344000,0.460140,0.703670,6.654790,294.165190,-350.822720,75757.148440,1.000000,3.381230,-614.753110
9.346000,0.588320,1.001040,6.634280,294.197630,-350.822020,75972.312500,,3.313290,-614.753720
9.348000,0.657530,0.929260,5.106450,294.231110,-350.821960,76010.273440,,3.324830,-614.754330
9.350000,0.579350,0.666500,4.962890,294.265470,-350.822850,75861.562500,,3.537600,-614.754150
9.352000,0.411440,0.622920,5.167970,294.299100,-350.823390,75988.125000,1.000000,3.600400,-614.753300
9.354000,0.456300,0.828000,5.783200,294.331510,-350.822690,75904.804690,,3.386350,-614.753170
9.356000,0.596010,1.199710,6.285640,294.363220,-350.822050,76049.296880,,3.313290,-614.754030
9.358000,0.662660,1.124080,5.578130,294.396300,-350.821900,75849.960940,,3.306880,-614.754580
9.360000,0.587040,0.872860,5.752440,294.430390,-350.822940,75958.601560,1.000000,3.577330,-614.754330
9.362000,0.456300,0.828000,6.049800,294.463930,-350.823210,75991.289060,,3.547850,-614.753600
9.364000,0.528080,0.999760,6.408690,294.496700,-350.822360,75933.281250,,3.336360,-614.753600
9.366000,0.642150,1.161250,6.162600,294.529540,-350.821960,76070.398440,,3.313290,-614.754210
9.368000,0.640870,0.828000,6.008790,294.564210,-350.822390,75870.007810,1.000000,3.422240,-614.754330
9.370000,0.499880,0.594730,5.813960,294.598970,-350.823430,75977.585940,,3.655520,-614.753660
9.372000,0.439640,0.598570,6.439450,294.632630,-350.823000,75892.148440,,3.432500,-614.753050
9.374000,0.557560,0.884400,6.336910,294.665100,-350.822080,75759.257810,,3.322270,-614.753480
9.376000,0.643430,0.963870,5.567870,294.698060,-350.821900,76293.992190,1.000000,3.309450,-614.754270
9.378000,0.612670,0.678040,4.932130,294.732360,-350.822600,75738.171880,,3.465820,-614.754270
9.380000,0.451170,0.598570,5.403810,294.766110,-350.823430,76011.328130,,3.633730,-614.753480
9.382000,0.437070,0.730590,5.865230,294.798680,-350.822880,75700.195310,,3.411990,-614.753110
9.384000,0.570370,1.161250,5.772950,294.830200,-350.822110,75905.859380,1.000000,3.319700,-614.753720
9.386000,0.656250,1.203550,5.578130,294.862730,-350.821780,75924.851560,,3.262020,-614.754460
9.388000,0.626770,0.940800,5.588380,294.896670,-350.822660,75763.484380,,3.511960,-614.754460
9.390000,0.474240,0.861330,5.701170,294.930390,-350.823300,75738.171880,,3.590150,-614.753720
9.392000,0.515260,0.940800,6.777830,294.963380,-350.822570,75710.742190,1.000000,3.346620,-614.753480
9.394000,0.622920,1.140750,6.562500,294.996220,-350.821990,75960.703130,,3.328670,-614.753970
9.396000,0.662660,0.895940,6.152340,295.030520,-350.822200,75623.210940,,3.350460,-614.754330
9.398000,0.554990,0.606260,5.680660,295.065430,-350.823240,75974.421880,,3.642700,-614.753850
9.400000,0.442200,0.601140,6.121580,295.099210,-350.823180,75917.460940,1.000000,3.514530,-614.753110
9.402000,0.528080,0.802370,6.490720,295.131960,-350.822200,75902.695310,,3.308170,-614.753300
9.404000,0.638310,1.008730,5.834470,295.164580,-350.821840,75776.132810,,3.331240,-614.754030
9.406000,0.644710,0.740840,5.506350,295.198640,-350.822300,75763.484380,,3.396610,-614.754270
9.408000,0.497310,0.592160,5.250000,295.232700,-350.823330,76083.046880,1.000000,3.646550,-614.753660
9.410000,0.416560,0.639590,5.957520,295.265720,-350.823060,75849.960940,,3.458130,-614.753050
9.412000,0.544740,0.992070,5.690920,295.297610,-350.822270,75875.273440,,3.340210,-614.753480
9.414000,0.651120,1.147160,5.526860,295.329860,-350.821810,76034.531250,,3.262020,-614.754270
9.416000,0.661380,0.906190,5.731930,295.363740,-350.822360,75892.148440,1.000000,3.418400,-614.754520
9.418000,0.515260,0.781860,5.988280,295.397550,-350.823330,75814.101560,,3.631160,-614.753850
9.420000,0.499880,0.856200,6.572750,295.430600,-350.822780,75716.015630,,3.378660,-614.753420
9.422000,0.611390,1.108700,6.716310,295.463040,-350.822110,76129.460940,,3.313290,-614.753720
9.424000,0.674190,1.004880,6.152340,295.496770,-350.822050,75971.257810,1.000000,3.324830,-614.754210
9.426000,0.606260,0.634460,5.701170,295.531680,-350.823090,75808.835940,,3.558110,-614.753910
9.428000,0.466550,0.584470,6.029300,295.565640,-350.823430,75801.445310,,3.587590,-614.753170
9.430000,0.522950,0.744690,6.593260,295.598390,-350.822390,75883.718750,,3.315860,-614.753110
9.432000,0.628050,1.088200,6.152340,295.630550,-350.821840,75727.617190,1.000000,3.319700,-614.753720
9.434000,0.656250,0.884400,5.239750,295.664280,-350.822080,75798.281250,,3.347900,-614.754210
9.436000,0.557560,0.658810,5.055180,295.698520,-350.823150,76212.773440,,3.609380,-614.753780
9.438000,0.424260,0.616520,5.229490,295.732030,-350.823270,75787.734380,,3.535030,-614.753110
9.440000,0.512700,0.879270,5.742190,295.764340,-350.822510,75860.507810,1.000000,3.363280,-614.753230
9.442000,0.637020,1.139470,5.701170,295.796540,-350.821840,75664.335940,,3.283810,-614.754030
9.444000,0.675480,0.956180,5.865230,295.830140,-350.822080,75898.484380,,3.354310,-614.754460
9.446000,0.562680,0.807500,6.131840,295.864010,-350.823210,75677.000000,,3.626040,-614.754030
9.448000,0.489620,0.876710,6.480470,295.897090,-350.823030,75753.992190,1.000000,3.461980,-614.753420
9.450000,0.583190,1.122800,6.449710,295.929470,-350.822200,75765.593750,,3.315860,-614.753600
9.452000,0.665220,1.166380,6.244630,295.962590,-350.821960,75775.078130,,3.313290,-614.754090
9.454000,0.633180,0.793400,5.793460,295.997340,-350.822690,75996.562500,,3.490170,-614.754030
9.456000,0.499880,0.656250,6.090820,296.031650,-350.823490,75557.820310,1.000000,3.647830,-614.753300
9.458000,0.497310,0.722900,6.747070,296.064820,-350.822630,75951.210940,,3.362000,-614.752930
9.460000,0.616520,1.011290,6.603520,296.097170,-350.821900,75772.976560,,3.317140,-614.753540
9.462000,0.667790,0.908750,5.424320,296.130740,-350.821930,76073.554690,,3.323550,-614.754090
9.464000,0.610110,0.593440,4.932130,296.165410,-350.822880,75770.859380,1.000000,3.546570,-614.753970
9.466000,0.447330,0.515260,5.250000,296.199280,-350.823330,75873.171880,,3.591430,-614.753170
9.468000,0.490910,0.704960,5.598630,296.231870,-350.822660,76015.546880,,3.368410,-614.753050
9.470000,0.621640,1.056150,6.019040,296.263790,-350.821960,75856.289060,,3.320980,-614.753720
9.472000,0.678040,0.958740,6.049800,296.297060,-350.821900,76011.328130,1.000000,3.301760,-614.754270
9.474000,0.616520,0.734440,6.193360,296.331120,-350.822970,75813.054690,,3.601680,-614.754090
9.476000,0.493470,0.767760,6.408690,296.364320,-350.823180,75977.585940,,3.529910,-614.753480
9.478000,0.567810,1.013850,6.357420,296.396640,-350.822300,75837.312500,,3.331240,-614.753480
9.480000,0.665220,1.206120,6.326660,296.429140,-350.821870,75877.382810,1.000000,3.310730,-614.753970
9.482000,0.658810,0.907470,5.865230,296.463440,-350.822390,76102.039060,,3.428650,-614.754030
9.484000,0.547300,0.684450,6.101070,296.497800,-350.823460,75900.593750,,3.659360,-614.753480
9.486000,0.483220,0.699830,6.624020,296.531160,-350.822910,76269.726560,,3.428650,-614.752930
9.488000,0.590880,0.936950,6.552250,296.563690,-350.821990,75862.617190,1.000000,3.306880,-614.753300
9.490000,0.671630,0.938230,5.721680,296.596890,-350.821840,76006.054690,,3.312010,-614.753970
9.492000,0.639590,0.621640,4.880860,296.631440,-350.822540,75923.796880,,3.469670,-614.753970
9.494000,0.490910,0.503720,5.188480,296.665530,-350.823390,75910.085940,,3.624760,-614.753230
9.496000,0.474240,0.629330,5.567870,296.698360,-350.822810,76137.890630,1.000000,3.413270,-614.752930
9.498000,0.610110,1.010010,6.049800,296.730190,-350.822110,75761.367190,,3.305600,-614.753480
9.500000,0.674190,1.044620,5.844730,296.762970,-350.821810,75986.023440,,3.281250,-614.754150
9.500000,0.674190,1.044620,5.844730,296.762970,-350.821810,75986.023440,,3.281250,-614.754150
9.502000,0.652400,0.802370,6.008790,296.797000,-350.822690,75648.523440,,3.515810,-614.754150
9.504000,0.516540,0.784420,5.957520,296.830440,-350.823270,75855.242190,1.000000,3.592710,-614.753480
9.506000,0.553710,0.956180,6.408690,296.862950,-350.822480,75890.039060,,3.333800,-614.753230
9.508000,0.653690,1.227910,6.439450,296.895260,-350.821930,75830.984380,,3.314580,-614.753720
9.510000,0.675480,0.999760,5.967770,296.929260,-350.822140,75783.515630,,3.364560,-614.754030
9.512000,0.593440,0.683170,6.357420,296.963990,-350.823240,75785.625000,1.000000,3.640140,-614.753600
9.514000,0.483220,0.653690,6.213870,296.997740,-350.823150,75926.953130,,3.505550,-614.752930
9.516000,0.569090,0.851070,6.685550,297.030400,-350.822110,75613.710940,,3.313290,-614.753050
9.518000,0.665220,1.020260,5.793460,297.063140,-350.821780,76048.250000,,3.305600,-614.753720
9.520000,0.666500,0.681880,5.178220,297.097560,-350.822300,75882.664060,1.000000,3.420960,-614.754030
9.522000,0.546020,0.469120,5.496090,297.132080,-350.823360,75981.796880,,3.643980,-614.753480
9.524000,0.462710,0.508850,5.978030,297.165280,-350.823090,75793.015630,,3.472230,-614.752870
9.526000,0.581910,0.893370,6.203610,297.197170,-350.822200,76006.054690,,3.331240,-614.753230
9.528000,0.678040,1.084350,5.742190,297.229370,-350.821720,75999.734380,1.000000,3.249210,-614.753970
9.530000,0.683170,0.870300,6.060060,297.263150,-350.822330,75879.492190,,3.440190,-614.754150
9.532000,0.556270,0.780580,6.049800,297.296810,-350.823300,75894.257810,,3.622190,-614.753600
9.534000,0.534480,0.877990,6.459960,297.329590,-350.822690,75714.960940,,3.385070,-614.753170
9.536000,0.640870,1.144590,6.900880,297.361940,-350.822020,76298.210940,1.000000,3.309450,-614.753480
9.538000,0.690860,1.029240,6.459960,297.395600,-350.822020,75842.585940,,3.326110,-614.753910
9.540000,0.634460,0.683170,6.193360,297.430390,-350.823030,75974.421880,,3.570920,-614.753660
9.542000,0.508850,0.644710,6.121580,297.464290,-350.823360,75963.867190,,3.570920,-614.752930
9.544000,0.554990,0.793400,6.480470,297.497040,-350.822360,76022.929690,1.000000,3.317140,-614.752930
9.546000,0.654970,1.053590,6.131840,297.529510,-350.821810,76073.554690,,3.320980,-614.753480
9.548000,0.672910,0.803650,5.516600,297.563540,-350.822110,75815.156250,,3.365840,-614.753910
9.550000,0.590880,0.531920,5.475590,297.598050,-350.823210,75884.773440,,3.632450,-614.753540
9.552000,0.466550,0.507570,5.629390,297.631590,-350.823210,75967.031250,1.000000,3.523500,-614.752930
9.554000,0.553710,0.806210,5.998540,297.663730,-350.822390,75848.906250,,3.358150,-614.753050
9.556000,0.665220,1.103580,5.629390,297.695740,-350.821750,76091.484380,,3.281250,-614.753720
9.558000,0.683170,0.908750,5.906250,297.729340,-350.822080,75917.460940,,3.382510,-614.754090
9.560000,0.594730,0.720340,6.193360,297.763370,-350.823180,75932.226560,1.000000,3.637570,-614.753720
9.562000,0.524230,0.776730,6.736820,297.796540,-350.822940,75557.820310,,3.445310,-614.753170
9.564000,0.615230,1.015140,6.562500,297.828980,-350.822110,75787.734380,,3.329960,-614.753360
9.566000,0.684450,1.056150,6.459960,297.862150,-350.821900,75880.554690,,3.320980,-614.753780
9.568000,0.656250,0.689580,6.090820,297.896970,-350.822660,76051.406250,1.000000,3.501710,-614.753720
9.570000,0.539610,0.548580,6.090820,297.931240,-350.823430,75758.203130,,3.641420,-614.753110
9.572000,0.529360,0.652400,6.829100,297.964320,-350.822510,75625.312500,,3.349180,-614.752810
9.574000,0.648560,0.952330,6.562500,297.996580,-350.821840,75933.281250,,3.310730,-614.753300
9.576000,0.679320,0.876710,5.783200,298.029940,-350.821900,75631.648440,1.000000,3.332520,-614.753780
9.578000,0.630620,0.608830,5.485840,298.064240,-350.822940,76067.226560,,3.555540,-614.753660
9.580000,0.487060,0.569090,5.270510,298.097690,-350.823330,75866.843750,,3.587590,-614.752930
9.582000,0.530640,0.778020,5.896000,298.130000,-350.822570,76033.476560,,3.358150,-614.752870
9.584000,0.646000,1.115110,5.649900,298.161800,-350.821870,75783.515630,1.000000,3.309450,-614.753540
9.586000,0.690860,0.994630,6.316410,298.195040,-350.821870,75745.546880,,3.308170,-614.754030
9.588000,0.637020,0.762630,6.265140,298.229190,-350.822940,75882.664060,,3.596560,-614.753850
9.590000,0.519100,0.810060,6.736820,298.262480,-350.823090,75975.468750,,3.513240,-614.753230
9.592000,0.596010,0.999760,6.398440,298.295100,-350.822240,75993.398440,1.000000,3.308170,-614.753170
9.594000,0.676760,1.129210,6.295900,298.328060,-350.821870,75805.664060,,3.323550,-614.753660
9.596000,0.671630,0.781860,6.398440,298.362730,-350.822420,76089.382810,,3.435060,-614.753720
9.598000,0.583190,0.571660,6.111330,298.397370,-350.823460,75880.554690,,3.650390,-614.753230
9.600000,0.522950,0.631900,6.849610,298.430690,-350.822780,75844.687500,1.000000,3.409420,-614.752750
9.602000,0.621640,0.929260,6.870120,298.462980,-350.821900,75901.648440,,3.291500,-614.753110
9.604000,0.678040,0.988220,6.060060,298.495940,-350.821780,75964.921880,,3.323550,-614.753660
9.606000,0.657530,0.698550,5.239750,298.530210,-350.822570,76046.132810,,3.477360,-614.753720
9.608000,0.524230,0.581910,5.116700,298.564090,-350.823390,75782.468750,1.000000,3.619630,-614.753110
9.610000,0.506290,0.706240,5.824220,298.596800,-350.822750,75926.953130,,3.400450,-614.752810
9.612000,0.634460,1.045900,5.834470,298.628660,-350.822050,75931.179690,,3.291500,-614.753300
9.614000,0.690860,1.052310,6.183110,298.661530,-350.821720,75780.351560,,3.276120,-614.753910
9.616000,0.670350,0.760070,6.193360,298.695740,-350.822660,75965.976560,1.000000,3.508120,-614.753910
9.618000,0.553710,0.724180,6.295900,298.729370,-350.823270,75794.070310,,3.577330,-614.753360
9.620000,0.581910,0.858760,6.521480,298.762210,-350.822390,76017.664060,,3.320980,-614.753110
9.622000,0.678040,1.085630,6.183110,298.794860,-350.821930,75589.460940,,3.299190,-614.753480
9.624000,0.685730,0.838260,6.439450,298.829100,-350.822200,75805.664060,1.000000,3.373540,-614.753720
9.626000,0.622920,0.560120,6.142090,298.863860,-350.823300,75647.468750,,3.628600,-614.753360
9.628000,0.528080,0.572940,6.808590,298.897460,-350.823120,75844.687500,,3.476070,-614.752810
9.630000,0.604980,0.822880,6.634280,298.929870,-350.822050,75756.093750,,3.305600,-614.752930
9.632000,0.678040,1.004880,6.183110,298.962430,-350.821750,75843.640630,1.000000,3.294070,-614.753480
9.634000,0.671630,0.728030,5.291020,298.996520,-350.822360,75942.781250,,3.433780,-614.753720
9.636000,0.576780,0.542180,5.557620,299.030640,-350.823330,75637.976560,,3.618350,-614.753230
9.638000,0.498600,0.635740,5.731930,299.063510,-350.823030,75939.617190,,3.455570,-614.752750
9.640000,0.608830,1.001040,6.060060,299.095280,-350.822110,75757.148440,1.000000,3.319700,-614.753110
9.642000,0.689580,1.138180,6.162600,299.127590,-350.821720,76091.484380,,3.247920,-614.753720
9.644000,0.690860,0.866460,5.967770,299.161590,-350.822390,75835.195310,,3.454280,-614.753910
9.646000,0.587040,0.762630,6.265140,299.195430,-350.823330,75857.343750,,3.602970,-614.753420
9.648000,0.562680,0.843380,6.398440,299.228390,-350.822720,75898.484380,1.000000,3.374820,-614.753050
9.648000,0.562680,0.843380,6.398440,299.228390,-350.822720,75898.484380,1.000000,3.374820,-614.753050
9.650000,0.669070,1.098450,6.829100,299.260930,-350.821960,75808.835940,,3.306880,-614.753360
9.652000,0.695980,0.983090,6.562500,299.294740,-350.822020,76017.664060,,3.319700,-614.753660
9.654000,0.649840,0.644710,6.603520,299.329620,-350.823090,75812.000000,,3.597840,-614.753480
9.656000,0.548580,0.622920,6.480470,299.363530,-350.823300,75998.679690,1.000000,3.546570,-614.752870
9.658000,0.589600,0.788270,6.665040,299.396240,-350.822300,75909.031250,,3.304320,-614.752750
9.660000,0.678040,1.038210,6.060060,299.428740,-350.821750,75923.796880,,3.313290,-614.753300
9.662000,0.683170,0.819030,5.383300,299.462680,-350.822140,75922.734380,,3.369690,-614.753660
9.664000,0.620360,0.581910,5.608890,299.497070,-350.823180,76078.828130,1.000000,3.624760,-614.753360
9.666000,0.505000,0.624210,5.783200,299.530360,-350.823180,76251.804690,,3.500430,-614.752750
9.668000,0.589600,0.912600,6.275390,299.562440,-350.822360,75782.468750,,3.347900,-614.752930
9.670000,0.687010,1.158690,5.772950,299.594640,-350.821750,75801.445310,,3.271000,-614.753540
9.672000,0.695980,0.929260,6.029300,299.628450,-350.822140,75874.218750,1.000000,3.387630,-614.753850
9.674000,0.625490,0.747250,6.306150,299.662570,-350.823210,75996.562500,,3.638850,-614.753480
9.676000,0.560120,0.813900,6.183110,299.695740,-350.822940,75810.937500,,3.424800,-614.753050
9.678000,0.652400,1.036930,6.900880,299.728300,-350.822110,75794.070310,,3.317140,-614.753170
9.680000,0.699830,1.043330,6.541990,299.761690,-350.821870,75977.585940,1.000000,3.318420,-614.753540
9.682000,0.671630,0.685730,6.890630,299.796540,-350.822780,75810.937500,,3.508120,-614.753480
9.684000,0.579350,0.580630,6.090820,299.830690,-350.823390,75736.062500,,3.620910,-614.752930
9.686000,0.572940,0.725460,6.490720,299.863590,-350.822480,75758.203130,,3.332520,-614.752690
9.688000,0.667790,1.008730,6.275390,299.895900,-350.821810,76036.640630,1.000000,3.305600,-614.753170
9.690000,0.693420,0.881840,5.547360,299.929530,-350.821960,75919.578130,,3.340210,-614.753540
9.692000,0.651120,0.583190,5.854980,299.964110,-350.822970,75763.484380,,3.550420,-614.753420
9.694000,0.526790,0.529360,5.619140,299.997830,-350.823330,75914.296880,,3.573490,-614.752870
9.696000,0.569090,0.771610,6.039550,300.030210,-350.822540,75612.656250,1.000000,3.345340,-614.752750
9.698000,0.675480,1.111270,5.824220,300.062040,-350.821840,76022.929690,,3.283810,-614.753360
9.700000,0.702390,1.004880,6.008790,300.095340,-350.821930,75793.015630,,3.317140,-614.753780
9.702000,0.658810,0.771610,6.439450,300.129490,-350.823090,76086.218750,,3.593990,-614.753600
9.704000,0.566530,0.822880,6.634280,300.162690,-350.823090,75912.195310,1.000000,3.496580,-614.753050
9.706000,0.630620,1.012570,6.757320,300.195250,-350.822240,75940.671880,,3.288940,-614.753050
9.708000,0.701110,1.143310,6.757320,300.228180,-350.821900,75842.585940,,3.315860,-614.753480
9.710000,0.690860,0.784420,6.726560,300.262850,-350.822450,75970.203130,,3.431210,-614.753480
9.712000,0.621640,0.560120,6.080570,300.297490,-350.823430,76077.781250,1.000000,3.632450,-614.753050
9.714000,0.562680,0.607540,6.654790,300.330900,-350.822720,75728.671880,,3.392760,-614.752620
9.716000,0.656250,0.879270,6.613770,300.363370,-350.821870,76093.601560,,3.290220,-614.752930
9.718000,0.702390,0.906190,6.183110,300.396610,-350.821810,75990.234380,,3.310730,-614.753420
9.720000,0.678040,0.588320,5.670410,300.431090,-350.822660,76075.671880,1.000000,3.487610,-614.753480
9.722000,0.570370,0.469120,5.424320,300.465180,-350.823430,75910.085940,,3.599120,-614.752930
9.724000,0.554990,0.633180,5.906250,300.497860,-350.822780,76005.007810,,3.394040,-614.752620
9.726000,0.663940,1.015140,5.803710,300.529600,-350.821960,75948.046880,,3.276120,-614.753170
9.728000,0.713930,1.070250,6.193360,300.562260,-350.821750,75814.101560,1.000000,3.279970,-614.753660
9.730000,0.687010,0.835690,6.439450,300.596160,-350.822750,75786.679690,,3.523500,-614.753660
9.732000,0.590880,0.867740,6.767580,300.629360,-350.823270,75866.843750,,3.554260,-614.753170
9.734000,0.613950,1.060000,6.624020,300.661770,-350.822390,75938.562500,,3.322270,-614.752930
9.736000,0.702390,1.254820,6.326660,300.694340,-350.821930,75868.945310,1.000000,3.295350,-614.753300
9.738000,0.704960,0.954900,6.418950,300.728700,-350.822240,75712.851560,,3.382510,-614.753480
9.740000,0.651120,0.643430,6.459960,300.763610,-350.823270,76009.218750,,3.611940,-614.753170
9.742000,0.571660,0.622920,6.634280,300.797450,-350.823060,75666.453130,,3.455570,-614.752620
9.744000,0.639590,0.842100,6.829100,300.830200,-350.822020,75795.125000,1.000000,3.297910,-614.752810
9.746000,0.701110,0.961300,6.316410,300.863160,-350.821750,75705.476560,,3.288940,-614.753300
9.748000,0.687010,0.679320,5.670410,300.897610,-350.822390,75892.148440,,3.433780,-614.753480
9.750000,0.606260,0.484500,5.280760,300.931980,-350.823360,75828.867190,,3.619630,-614.753050
9.750000,0.606260,0.484500,5.280760,300.931980,-350.823360,75828.867190,,3.619630,-614.753050
9.752000,0.543460,0.585750,5.967770,300.965030,-350.823030,75646.414060,1.000000,3.445310,-614.752620
9.754000,0.644710,0.949770,6.224120,300.996890,-350.822110,76046.132810,,3.294070,-614.752930
9.756000,0.710080,1.125370,6.234380,301.029240,-350.821720,75640.078130,,3.254330,-614.753540
9.758000,0.701110,0.893370,6.459960,301.063050,-350.822480,75982.859380,,3.465820,-614.753660
9.760000,0.628050,0.843380,6.470210,301.096590,-350.823300,75729.726560,1.000000,3.591430,-614.753230
9.762000,0.598570,0.942080,6.706050,301.129360,-350.822660,75940.671880,,3.359440,-614.752870
9.764000,0.692140,1.170230,6.408690,301.161900,-350.821960,75873.171880,,3.314580,-614.753170
9.766000,0.715210,1.021550,6.921390,301.195770,-350.822050,75829.921880,,3.327390,-614.753420
9.768000,0.676760,0.669070,6.459960,301.230740,-350.823060,75742.390630,1.000000,3.595280,-614.753230
9.770000,0.593440,0.601140,7.013670,301.264860,-350.823210,75989.187500,,3.526060,-614.752750
9.772000,0.622920,0.728030,6.859860,301.297820,-350.822240,75957.539060,,3.303040,-614.752690
9.774000,0.703670,0.913880,6.234380,301.330630,-350.821750,75796.179690,,3.297910,-614.753170
9.776000,0.703670,0.683170,5.762700,301.364780,-350.822200,76176.921880,1.000000,3.382510,-614.753420
9.778000,0.647280,0.458860,5.547360,301.399200,-350.823210,75943.835940,,3.611940,-614.753170
9.780000,0.552430,0.530640,6.224120,301.432340,-350.823180,75924.851560,,3.495300,-614.752620
9.782000,0.629330,0.876710,6.162600,301.464230,-350.822300,75848.906250,,3.324830,-614.752750
9.784000,0.708800,1.157410,6.234380,301.496090,-350.821720,75923.796880,1.000000,3.255620,-614.753300
9.786000,0.720340,0.943360,6.244630,301.529690,-350.822200,76033.476560,,3.399170,-614.753600
9.788000,0.656250,0.778020,6.388180,301.563630,-350.823210,75790.898440,,3.620910,-614.753300
9.790000,0.598570,0.875430,6.285640,301.596590,-350.822850,75755.046880,,3.409420,-614.752870
9.792000,0.685730,1.135620,6.531740,301.628940,-350.822080,75782.468750,1.000000,3.299190,-614.752990
9.794000,0.722900,1.120240,6.931640,301.662320,-350.821900,76013.445310,,3.317140,-614.753300
9.796000,0.698550,0.767760,6.706050,301.697140,-350.822810,75759.257810,,3.506840,-614.753170
9.798000,0.628050,0.642150,6.818850,301.731410,-350.823390,75770.859380,,3.601680,-614.752810
9.800000,0.621640,0.737000,6.695800,301.764560,-350.822480,75803.554690,1.000000,3.328670,-614.752620
9.802000,0.695980,0.977970,6.439450,301.797120,-350.821780,75921.679690,,3.292790,-614.752930
9.804000,0.710080,0.857480,5.639650,301.830810,-350.821960,75861.562500,,3.340210,-614.753300
9.806000,0.676760,0.590880,5.649900,301.865260,-350.823000,75581.015630,,3.558110,-614.753170
9.808000,0.572940,0.569090,5.916500,301.898830,-350.823330,76052.460940,1.000000,3.555540,-614.752620
9.810000,0.608830,0.819030,6.090820,301.931060,-350.822540,75833.085940,,3.346620,-614.752620
9.812000,0.702390,1.125370,6.131840,301.963010,-350.821840,75778.250000,,3.272280,-614.753170
9.814000,0.724180,1.013850,6.111330,301.996340,-350.821960,75849.960940,,3.326110,-614.753540
9.816000,0.678040,0.797240,6.439450,302.030460,-350.823060,75587.351560,1.000000,3.578610,-614.753360
9.818000,0.611390,0.856200,6.367680,302.063720,-350.823090,76059.851560,,3.478640,-614.752930
9.820000,0.665220,1.039490,6.624020,302.096340,-350.822240,75652.734380,,3.287660,-614.752930
9.822000,0.729310,1.113830,7.023930,302.129580,-350.821900,76026.093750,,3.303040,-614.753170
9.824000,0.710080,0.767760,6.931640,302.164370,-350.822510,75957.539060,1.000000,3.442750,-614.753230
9.826000,0.653690,0.561400,6.747070,302.199010,-350.823430,75915.351560,,3.613220,-614.752870
9.828000,0.613950,0.670350,6.716310,302.232210,-350.822690,75789.843750,,3.373540,-614.752560
9.830000,0.694700,0.984380,6.757320,302.264370,-350.821870,75923.796880,,3.282530,-614.752810
9.832000,0.722900,1.007450,5.916500,302.297390,-350.821840,76340.398440,1.000000,3.314580,-614.753170
9.834000,0.699830,0.699830,5.793460,302.331700,-350.822750,75857.343750,,3.497860,-614.753170
9.836000,0.606260,0.570370,5.885740,302.365600,-350.823360,76040.867190,,3.581180,-614.752750
9.838000,0.592160,0.740840,5.937010,302.398220,-350.822750,75863.671880,,3.387630,-614.752500
9.840000,0.688290,1.080510,5.824220,302.430110,-350.821960,75912.195310,1.000000,3.278690,-614.752930
9.842000,0.728030,1.085630,5.906250,302.463010,-350.821780,75884.773440,,3.279970,-614.753420
9.844000,0.699830,0.825440,6.613770,302.497250,-350.822780,75912.195310,,3.533750,-614.753360
9.846000,0.625490,0.804930,6.306150,302.530850,-350.823240,76226.484380,,3.538880,-614.752930
9.848000,0.643430,0.942080,7.003420,302.563720,-350.822420,75879.492190,1.000000,3.323550,-614.752810
9.850000,0.726750,1.098450,6.562500,302.596650,-350.821930,75796.179690,,3.294070,-614.753110
9.852000,0.716490,0.830570,6.757320,302.631100,-350.822300,75678.054690,,3.392760,-614.753170
9.854000,0.678040,0.607540,6.757320,302.665740,-350.823270,75861.562500,,3.609380,-614.752930
9.856000,0.615230,0.666500,6.367680,302.699100,-350.822940,75872.109380,1.000000,3.433780,-614.752560
9.858000,0.672910,0.933110,6.962400,302.731380,-350.821990,75933.281250,,3.290220,-614.752620
9.860000,0.721620,1.033080,6.152340,302.764130,-350.821780,76005.007810,,3.300480,-614.753050
9.862000,0.703670,0.749820,6.183110,302.798340,-350.822450,75887.929690,,3.442750,-614.753170
9.864000,0.637020,0.549870,5.342290,302.832520,-350.823360,75719.187500,1.000000,3.600400,-614.752810
9.866000,0.585750,0.657530,5.967770,302.865450,-350.822940,75979.687500,,3.429930,-614.752440
9.868000,0.676760,0.960020,5.742190,302.897430,-350.822110,75913.250000,,3.285100,-614.752810
9.870000,0.730590,1.071530,5.834470,302.930080,-350.821720,75837.312500,,3.268430,-614.753300
9.872000,0.715210,0.797240,6.654790,302.964170,-350.822510,75759.257810,1.000000,3.465820,-614.753360
9.874000,0.652400,0.730590,6.634280,302.997990,-350.823300,75824.656250,,3.590150,-614.752990
9.876000,0.637020,0.880550,7.126460,303.030760,-350.822630,75746.601560,,3.349180,-614.752690
9.878000,0.717770,1.144590,6.500980,303.063170,-350.821960,75967.031250,,3.301760,-614.752930
9.880000,0.725460,1.010010,6.859860,303.096980,-350.822110,75789.843750,1.000000,3.347900,-614.753170
9.882000,0.689580,0.702390,6.644530,303.131680,-350.823090,75980.742190,,3.602970,-614.752990
9.884000,0.631900,0.674190,6.808590,303.165410,-350.823180,75926.953130,,3.506840,-614.752620
9.886000,0.656250,0.890810,7.116210,303.197940,-350.822170,76212.773440,,3.313290,-614.752560
9.888000,0.720340,1.090760,6.316410,303.230470,-350.821690,75863.671880,1.000000,3.283810,-614.752930
9.890000,0.713930,0.863890,6.029300,303.264430,-350.822170,75955.437500,,3.403020,-614.753170
9.892000,0.662660,0.629330,5.526860,303.298830,-350.823180,76067.226560,,3.588870,-614.752930
9.894000,0.585750,0.640870,6.039550,303.332150,-350.823180,75862.617190,,3.499150,-614.752440
9.896000,0.662660,0.926700,6.101070,303.364380,-350.822270,76050.351560,1.000000,3.317140,-614.752620
9.898000,0.737000,1.104860,6.172850,303.396730,-350.821750,75914.296880,,3.241520,-614.753170
9.900000,0.733150,0.886960,6.654790,303.430600,-350.822240,76151.609380,,3.419680,-614.753360
9.902000,0.679320,0.771610,6.706050,303.464510,-350.823240,75882.664060,,3.597840,-614.753050
9.904000,0.634460,0.899780,6.613770,303.497340,-350.822810,75818.320310,1.000000,3.397890,-614.752690
9.906000,0.713930,1.153560,6.490720,303.529750,-350.822020,76016.609380,,3.300480,-614.752810
9.908000,0.739560,1.116390,7.013670,303.563200,-350.821960,75760.312500,,3.323550,-614.753050
9.910000,0.716490,0.766480,6.890630,303.597990,-350.822880,75842.585940,,3.526060,-614.752930
9.912000,0.660100,0.649840,6.849610,303.632230,-350.823270,75647.468750,1.000000,3.560670,-614.752620
9.914000,0.653690,0.765200,6.962400,303.665280,-350.822420,76073.554690,,3.331240,-614.752440
9.916000,0.721620,1.001040,6.234380,303.697850,-350.821750,75956.492190,,3.297910,-614.752810
9.918000,0.728030,0.853640,5.721680,303.731600,-350.821990,75832.031250,,3.341490,-614.753050
9.920000,0.690860,0.567810,5.772950,303.766200,-350.823030,75833.085940,1.000000,3.583740,-614.752930
9.922000,0.610110,0.517820,6.029300,303.799930,-350.823330,75738.171880,,3.529910,-614.752500
9.924000,0.648560,0.776730,6.367680,303.832180,-350.822510,75897.429690,,3.362000,-614.752500
9.926000,0.725460,1.092040,6.234380,303.864010,-350.821720,75519.851560,,3.254330,-614.752990
9.928000,0.739560,0.990780,6.500980,303.897250,-350.822020,75992.343750,1.000000,3.358150,-614.753300
9.930000,0.694700,0.786990,6.285640,303.931180,-350.823090,75969.148440,,3.595280,-614.753110
9.932000,0.644710,0.844670,6.583010,303.964260,-350.823030,75771.914060,,3.454280,-614.752690
9.934000,0.692140,1.053590,6.459960,303.996610,-350.822170,75730.781250,,3.306880,-614.752690
9.936000,0.742130,1.136900,6.962400,304.029660,-350.821900,75575.742190,1.000000,3.312010,-614.752990
9.938000,0.725460,0.811340,6.993160,304.064240,-350.822510,76129.460940,,3.450440,-614.752990
9.940000,0.679320,0.624210,7.034180,304.098690,-350.823330,75622.148440,,3.601680,-614.752690
9.942000,0.649840,0.703670,6.767580,304.132020,-350.822630,75907.968750,,3.367130,-614.752440
9.944000,0.713930,0.954900,6.459960,304.164520,-350.821870,75947.000000,1.000000,3.291500,-614.752620
9.944000,0.713930,0.954900,6.459960,304.164520,-350.821870,75947.000000,1.000000,3.291500,-614.752620
9.946000,0.729310,0.912600,5.896000,304.197940,-350.821840,75986.023440,,3.322270,-614.752930
9.948000,0.703670,0.643430,5.967770,304.232390,-350.822810,75859.453130,,3.511960,-614.752930
9.950000,0.629330,0.549870,6.203610,304.266240,-350.823360,75684.382810,,3.587590,-614.752620
9.952000,0.634460,0.781860,6.275390,304.298610,-350.822690,76223.320310,1.000000,3.367130,-614.752440
9.954000,0.712650,1.127930,6.019040,304.330320,-350.821870,75862.617190,,3.282530,-614.752930
9.956000,0.739560,1.136900,6.306150,304.363160,-350.821840,76041.921880,,3.304320,-614.753230
9.958000,0.704960,0.888240,6.562500,304.397090,-350.822880,75921.679690,,3.550420,-614.753170
9.960000,0.649840,0.897220,6.583010,304.430420,-350.823150,76006.054690,1.000000,3.519650,-614.752810
9.962000,0.675480,1.033080,6.706050,304.463170,-350.822360,75899.531250,,3.310730,-614.752690
9.964000,0.742130,1.149720,6.921390,304.496150,-350.821900,75836.257810,,3.310730,-614.752930
9.966000,0.730590,0.845950,7.044430,304.530730,-350.822300,75833.085940,,3.400450,-614.753050
9.968000,0.692140,0.601140,6.767580,304.565580,-350.823240,75957.539060,1.000000,3.597840,-614.752750
9.970000,0.648560,0.585750,6.531740,304.599330,-350.822880,75794.070310,,3.422240,-614.752440
9.972000,0.697270,0.833130,6.767580,304.631990,-350.821990,75672.773440,,3.287660,-614.752560
9.974000,0.735720,0.906190,6.234380,304.665040,-350.821780,76097.812500,,3.297910,-614.752930
9.976000,0.716490,0.666500,6.039550,304.699310,-350.822510,75941.726560,1.000000,3.461980,-614.752930
9.978000,0.657530,0.508850,6.090820,304.733340,-350.823390,75843.640630,,3.587590,-614.752620
9.980000,0.626770,0.689580,6.142090,304.765930,-350.822910,75910.085940,,3.428650,-614.752440
9.982000,0.710080,1.072810,5.916500,304.797420,-350.822020,75828.867190,,3.258180,-614.752750
9.984000,0.745970,1.198430,5.844730,304.829710,-350.821660,75723.406250,1.000000,3.282530,-614.753170
9.986000,0.722900,0.953610,6.449710,304.863530,-350.822510,75541.992190,,3.474790,-614.753170
9.988000,0.669070,0.884400,6.665040,304.897090,-350.823240,75947.000000,,3.572200,-614.752870
9.990000,0.662660,0.993350,6.726560,304.929960,-350.822510,75833.085940,,3.345340,-614.752620
9.992000,0.740840,1.138180,6.870120,304.962800,-350.821960,75820.429690,1.000000,3.295350,-614.752870
9.994000,0.735720,0.892090,6.777830,304.997160,-350.822140,75753.992190,,3.363280,-614.752990
9.996000,0.706240,0.575500,6.972660,305.032140,-350.823090,75605.281250,,3.582460,-614.752870
9.998000,0.662660,0.542180,6.552250,305.066100,-350.823090,75987.078130,,3.486330,-614.752500
10.000000,0.688290,0.769040,6.931640,305.098790,-350.822140,75665.398440,1.000000,3.314580,-614.752500
10.000000,0.688290,0.769040,6.931640,305.098790,-350.822140,75665.398440,1.000000,3.314580,-614.752500
10.002000,0.734440,0.927980,6.295900,305.131470,-350.821720,75955.437500,,3.278690,-614.752810
10.004000,0.721620,0.735720,6.480470,305.165440,-350.822270,76034.531250,,3.422240,-614.752930
10.006000,0.679320,0.535770,5.916500,305.199620,-350.823210,75992.343750,,3.587590,-614.752750
10.008000,0.622920,0.612670,6.029300,305.232600,-350.823150,75845.742190,1.000000,3.474790,-614.752380
10.010000,0.689580,0.952330,6.111330,305.264400,-350.822170,76026.093750,,3.310730,-614.752620
10.012000,0.751100,1.153560,5.721680,305.296510,-350.821690,76199.062500,,3.231260,-614.753050
10.014000,0.743410,0.965150,6.490720,305.330080,-350.822270,75729.726560,,3.435060,-614.753170
10.016000,0.692140,0.825440,6.818850,305.363890,-350.823210,76048.250000,1.000000,3.572200,-614.752930
10.018000,0.662660,0.910030,6.808590,305.396880,-350.822810,75833.085940,,3.391480,-614.752620
10.020000,0.734440,1.116390,6.695800,305.429500,-350.822050,75925.906250,,3.303040,-614.752750
10.022000,0.754940,1.007450,6.849610,305.463290,-350.822020,75860.507810,,3.314580,-614.752930
10.024000,0.725460,0.651120,6.839360,305.498230,-350.822910,75761.367190,1.000000,3.546570,-614.752810
10.026000,0.685730,0.528080,6.808590,305.532500,-350.823210,76089.382810,,3.529910,-614.752500
10.028000,0.689580,0.689580,7.126460,305.565400,-350.822390,75917.460940,,3.329960,-614.752440
10.030000,0.748540,0.961300,6.459960,305.597720,-350.821720,75894.257810,,3.295350,-614.752750
10.032000,0.738280,0.852360,6.049800,305.631260,-350.822020,75694.921880,1.000000,3.350460,-614.752930
10.034000,0.699830,0.621640,5.813960,305.665440,-350.823030,76011.328130,,3.586300,-614.752690
10.036000,0.639590,0.589600,5.690920,305.698910,-350.823240,75923.796880,,3.510680,-614.752380
10.038000,0.674190,0.861330,6.306150,305.731080,-350.822510,75820.429690,,3.363280,-614.752440
10.040000,0.744690,1.112550,5.967770,305.763120,-350.821720,75953.328130,1.000000,3.244080,-614.752930
10.042000,0.756230,0.989500,6.736820,305.796540,-350.822050,75784.578130,,3.365840,-614.753170
10.044000,0.703670,0.815190,6.716310,305.830440,-350.823060,75938.562500,,3.587590,-614.752930
10.046000,0.672910,0.907470,6.685550,305.863530,-350.822940,75755.046880,,3.432500,-614.752620
10.048000,0.722900,1.111270,6.583010,305.896000,-350.822240,75872.109380,1.000000,3.315860,-614.752620
10.050000,0.763920,1.117680,6.583010,305.929290,-350.821930,75921.679690,,3.312010,-614.752870
10.052000,0.737000,0.783140,7.444340,305.964050,-350.822660,75890.039060,,3.468380,-614.752810
10.054000,0.698550,0.606260,7.044430,305.998440,-350.823270,75776.132810,,3.586300,-614.752500
10.056000,0.685730,0.694700,7.382810,306.031680,-350.822540,75643.242190,1.000000,3.349180,-614.752380
10.058000,0.740840,0.940800,6.593260,306.064120,-350.821840,76084.101560,,3.300480,-614.752560
10.060000,0.751100,0.871580,5.752440,306.097560,-350.821870,75954.382810,,3.324830,-614.752810
10.062000,0.720340,0.601140,5.854980,306.131990,-350.822850,75949.101560,,3.523500,-614.752750
10.064000,0.654970,0.471680,5.896000,306.165990,-350.823300,76025.039060,1.000000,3.563230,-614.752380
10.066000,0.661380,0.684450,6.336910,306.198550,-350.822660,76195.898440,,3.370970,-614.752320
10.068000,0.731870,0.985660,6.234380,306.230530,-350.821870,75817.265630,,3.273560,-614.752690
10.070000,0.757510,0.972840,6.757320,306.263550,-350.821870,75890.039060,,3.317140,-614.753050
10.072000,0.716490,0.745970,6.490720,306.297610,-350.822940,76087.273440,1.000000,3.555540,-614.752930
10.074000,0.676760,0.765200,6.675290,306.330870,-350.823120,75941.726560,,3.504270,-614.752620
10.076000,0.704960,0.971560,6.521480,306.363310,-350.822330,76068.281250,,3.309450,-614.752560
10.078000,0.758790,1.099730,6.859860,306.396120,-350.821900,75744.492190,,3.309450,-614.752810
10.080000,0.739560,0.851070,7.505860,306.430360,-350.822360,76127.343750,1.000000,3.420960,-614.752810
10.082000,0.706240,0.652400,6.982910,306.464750,-350.823240,75858.406250,,3.590150,-614.752500
10.084000,0.679320,0.660100,7.085450,306.498110,-350.822780,75896.375000,,3.408140,-614.752320
10.086000,0.729310,0.908750,6.500980,306.530520,-350.822020,75883.718750,,3.303040,-614.752440
10.088000,0.753660,0.901060,6.039550,306.563660,-350.821780,76021.875000,1.000000,3.292790,-614.752750
10.090000,0.728030,0.628050,5.947270,306.598020,-350.822510,75943.835940,,3.469670,-614.752750
10.092000,0.667790,0.449890,5.885740,306.632200,-350.823300,75645.359380,,3.565800,-614.752380
10.094000,0.649840,0.619080,6.480470,306.664980,-350.822880,76077.781250,,3.423520,-614.752260
10.096000,0.729310,0.963870,5.957520,306.696810,-350.822020,75883.718750,1.000000,3.263310,-614.752620
10.098000,0.763920,1.044620,6.111330,306.729400,-350.821720,75813.054690,,3.283810,-614.752930
10.100000,0.728030,0.822880,6.541990,306.763340,-350.822660,75822.546880,,3.502990,-614.752930
10.102000,0.685730,0.769040,6.788090,306.796940,-350.823210,75782.468750,,3.544010,-614.752620
10.104000,0.690860,0.940800,6.665040,306.829590,-350.822480,75809.890630,1.000000,3.345340,-614.752440
10.106000,0.760070,1.143310,7.054690,306.862120,-350.821960,75551.484380,,3.291500,-614.752690
10.108000,0.749820,0.954900,7.085450,306.896090,-350.822200,75974.421880,,3.385070,-614.752810
10.110000,0.717770,0.669070,6.982910,306.930760,-350.823090,75911.140630,,3.572200,-614.752620
10.110000,0.717770,0.669070,6.982910,306.930760,-350.823090,75911.140630,,3.572200,-614.752620
10.112000,0.681880,0.611390,6.747070,306.964570,-350.822970,75862.617190,1.000000,3.455570,-614.752320
10.114000,0.707520,0.819030,6.818850,306.997250,-350.822110,75789.843750,,3.319700,-614.752380
10.116000,0.753660,0.926700,6.357420,307.030090,-350.821720,75718.125000,,3.281250,-614.752620
10.118000,0.735720,0.710080,6.265140,307.064180,-350.822300,76053.515630,,3.424800,-614.752750
10.120000,0.687010,0.466550,6.183110,307.098570,-350.823210,75690.710940,1.000000,3.583740,-614.752500
10.122000,0.649840,0.493470,6.316410,307.131870,-350.823090,75955.437500,,3.461980,-614.752260
10.124000,0.710080,0.813900,6.101070,307.163910,-350.822170,76000.789060,,3.300480,-614.752440
10.126000,0.757510,1.004880,6.060060,307.196140,-350.821690,75941.726560,,3.236390,-614.752870
10.128000,0.747250,0.851070,6.429200,307.229710,-350.822390,75785.625000,1.000000,3.451720,-614.752930
10.130000,0.701110,0.779300,6.859860,307.263310,-350.823210,75718.125000,,3.559390,-614.752690
10.132000,0.681880,0.899780,7.054690,307.296020,-350.822720,76201.171880,,3.372250,-614.752380
10.134000,0.744690,1.116390,6.777830,307.328460,-350.822020,75805.664060,,3.309450,-614.752620
10.136000,0.756230,0.986940,7.105960,307.362210,-350.822080,76190.632810,1.000000,3.324830,-614.752750
10.138000,0.722900,0.660100,6.962400,307.397030,-350.822940,75708.640630,,3.555540,-614.752620
10.140000,0.693420,0.583190,6.931640,307.431060,-350.823090,76074.617190,,3.494020,-614.752380
10.142000,0.702390,0.761350,6.880370,307.463840,-350.822330,75896.375000,,3.328670,-614.752380
10.144000,0.748540,0.968990,6.490720,307.496400,-350.821750,75813.054690,1.000000,3.287660,-614.752620
10.146000,0.733150,0.779300,6.162600,307.530240,-350.822110,75923.796880,,3.376100,-614.752690
10.148000,0.694700,0.524230,6.162600,307.564670,-350.823120,75938.562500,,3.586300,-614.752560
10.150000,0.649840,0.471680,6.090820,307.598270,-350.823240,75914.296880,,3.506840,-614.752260
10.152000,0.695980,0.766480,6.193360,307.630430,-350.822390,75633.750000,1.000000,3.335080,-614.752380
10.154000,0.752380,1.008730,6.152340,307.662450,-350.821690,76107.304690,,3.231260,-614.752810
10.156000,0.752380,0.917720,6.306150,307.695740,-350.822110,75859.453130,,3.395320,-614.752990
10.158000,0.699830,0.761350,7.034180,307.729490,-350.823090,75853.132810,,3.579900,-614.752750
10.160000,0.679320,0.840820,6.736820,307.762510,-350.822910,75647.468750,1.000000,3.418400,-614.752440
10.162000,0.731870,1.033080,6.644530,307.795070,-350.822170,75743.437500,,3.309450,-614.752500
10.164000,0.762630,1.008730,6.654790,307.828520,-350.821960,75996.562500,,3.313290,-614.752750
10.166000,0.737000,0.676760,7.198240,307.863340,-350.822750,75692.820310,,3.478640,-614.752620
10.168000,0.699830,0.517820,7.116210,307.897740,-350.823210,75924.851560,1.000000,3.560670,-614.752380
10.170000,0.703670,0.613950,6.993160,307.930970,-350.822510,75818.320310,,3.336360,-614.752320
10.172000,0.743410,0.852360,6.982910,307.963470,-350.821840,75978.632810,,3.299190,-614.752560
10.174000,0.743410,0.776730,5.998540,307.996920,-350.821960,75703.359380,,3.322270,-614.752690
10.176000,0.710080,0.562680,6.193360,308.031100,-350.822940,75753.992190,1.000000,3.545290,-614.752620
10.178000,0.658810,0.480650,5.854980,308.064700,-350.823300,76143.164060,,3.529910,-614.752320
10.180000,0.679320,0.735720,6.162600,308.096860,-350.822660,75851.023440,,3.373540,-614.752320
10.182000,0.744690,1.043330,6.162600,308.128600,-350.821810,75991.289060,,3.247920,-614.752690
10.184000,0.757510,1.007450,6.531740,308.161500,-350.821930,75921.679690,1.000000,3.327390,-614.752990
10.186000,0.712650,0.769040,6.952150,308.195470,-350.822940,75964.921880,,3.555540,-614.752810
10.188000,0.676760,0.820310,6.470210,308.228670,-350.823090,75786.679690,,3.478640,-614.752500
10.190000,0.707520,1.022830,6.829100,308.261200,-350.822300,75796.179690,,3.299190,-614.752500
10.192000,0.760070,1.104860,6.429200,308.294280,-350.821930,76132.625000,1.000000,3.300480,-614.752690
10.194000,0.740840,0.788270,7.136720,308.328950,-350.822480,75907.968750,,3.433780,-614.752690
10.196000,0.707520,0.565250,7.229000,308.363650,-350.823270,76141.054690,,3.576050,-614.752500
10.198000,0.697270,0.583190,7.423830,308.397220,-350.822690,75780.351560,,3.381230,-614.752320
10.200000,0.738280,0.847230,6.890630,308.429780,-350.821960,75992.343750,1.000000,3.292790,-614.752440
10.202000,0.742130,0.872860,6.008790,308.462890,-350.821840,75892.148440,,3.304320,-614.752620
10.204000,0.719060,0.654970,6.019040,308.497040,-350.822660,75923.796880,,3.481200,-614.752620
10.206000,0.666500,0.512700,5.701170,308.530940,-350.823300,76093.601560,,3.558110,-614.752380
10.208000,0.667790,0.678040,6.213870,308.563600,-350.822850,75979.687500,1.000000,3.401730,-614.752260
10.210000,0.730590,0.976680,6.152340,308.595430,-350.821990,76086.218750,,3.267150,-614.752620
10.212000,0.760070,1.017700,6.347170,308.628110,-350.821750,75653.796880,,3.274840,-614.752930
10.214000,0.728030,0.802370,6.695800,308.661990,-350.822690,75879.492190,,3.509400,-614.752930
10.216000,0.679320,0.756230,6.326660,308.695500,-350.823210,75875.273440,1.000000,3.523500,-614.752560
10.218000,0.695980,0.903630,6.500980,308.728210,-350.822480,75803.554690,,3.332520,-614.752440
10.220000,0.758790,1.054870,6.408690,308.761020,-350.821960,76008.164060,,3.276120,-614.752620
10.222000,0.743410,0.812620,7.218750,308.795350,-350.822300,75771.914060,,3.397890,-614.752750
10.224000,0.715210,0.553710,7.290530,308.830140,-350.823180,75848.906250,1.000000,3.564510,-614.752500
10.226000,0.690860,0.533200,7.126460,308.863860,-350.822940,75586.289060,,3.432500,-614.752320
10.228000,0.721620,0.795960,6.818850,308.896390,-350.822110,75827.820310,,3.304320,-614.752380
10.230000,0.745970,0.907470,6.111330,308.929200,-350.821780,75970.203130,,3.283810,-614.752620
10.232000,0.722900,0.706240,6.131840,308.963170,-350.822390,76011.328130,1.000000,3.438900,-614.752620
10.234000,0.679320,0.498600,5.998540,308.997310,-350.823270,75839.421880,,3.568360,-614.752380
10.236000,0.661380,0.590880,6.531740,309.030270,-350.823000,75743.437500,,3.444030,-614.752260
10.238000,0.717770,0.930540,6.213870,309.062100,-350.822140,76031.375000,,3.281250,-614.752500
10.240000,0.756230,1.077940,6.070310,309.094390,-350.821660,75650.632810,1.000000,3.244080,-614.752930
10.242000,0.738280,0.875430,6.244630,309.128080,-350.822420,75818.320310,,3.454280,-614.752930
10.244000,0.692140,0.775450,6.572750,309.161800,-350.823210,75921.679690,,3.556820,-614.752620
10.246000,0.690860,0.885680,6.941890,309.194640,-350.822690,76290.828130,,3.359440,-614.752380
10.248000,0.752380,1.077940,6.675290,309.227330,-350.822020,75821.492190,1.000000,3.290220,-614.752620
10.250000,0.753660,0.915160,7.372560,309.261320,-350.822140,75753.992190,,3.335080,-614.752750
10.250000,0.753660,0.915160,7.372560,309.261320,-350.822140,75753.992190,,3.335080,-614.752750
10.252000,0.717770,0.615230,7.136720,309.296140,-350.823030,76079.882810,,3.569640,-614.752620
10.254000,0.690860,0.560120,6.808590,309.330140,-350.823090,75898.484380,,3.465820,-614.752380
10.256000,0.707520,0.751100,6.880370,309.362920,-350.822240,76179.031250,1.000000,3.331240,-614.752380
10.258000,0.747250,0.940800,6.172850,309.395540,-350.821780,75813.054690,,3.278690,-614.752560
10.260000,0.729310,0.765200,6.244630,309.429410,-350.822200,76182.195310,,3.395320,-614.752620
10.262000,0.694700,0.544740,6.388180,309.463680,-350.823090,76000.789060,,3.564510,-614.752500
10.264000,0.653690,0.534480,6.336910,309.497100,-350.823180,75823.601560,1.000000,3.482480,-614.752260
10.266000,0.701110,0.828000,6.070310,309.529240,-350.822360,75914.296880,,3.327390,-614.752380
10.268000,0.754940,1.039490,5.896000,309.561400,-350.821720,76023.984380,,3.224850,-614.752810
10.270000,0.749820,0.912600,6.336910,309.594880,-350.822170,75902.695310,,3.411990,-614.752930
10.272000,0.699830,0.758790,6.665040,309.628750,-350.823150,75651.679690,1.000000,3.568360,-614.752620
10.274000,0.684450,0.828000,6.993160,309.661830,-350.822880,76009.218750,,3.405580,-614.752380
10.276000,0.739560,1.034360,6.726560,309.694400,-350.822140,75953.328130,,3.297910,-614.752560
10.278000,0.761350,0.979250,7.085450,309.727940,-350.821990,75816.210940,,3.309450,-614.752690
10.280000,0.733150,0.656250,6.993160,309.762790,-350.822880,75669.609380,1.000000,3.511960,-614.752620
10.282000,0.702390,0.524230,7.126460,309.797030,-350.823210,75761.367190,,3.532470,-614.752380
10.284000,0.707520,0.674190,6.829100,309.829990,-350.822480,76025.039060,,3.327390,-614.752320
10.286000,0.744690,0.944640,6.531740,309.862340,-350.821810,75575.742190,,3.296630,-614.752500
10.288000,0.737000,0.834410,6.285640,309.895840,-350.822020,75991.289060,1.000000,3.333800,-614.752620
10.290000,0.704960,0.594730,5.947270,309.930210,-350.822970,75991.289060,,3.554260,-614.752500
10.292000,0.660100,0.497310,6.254880,309.964020,-350.823270,75917.460940,,3.510680,-614.752260
10.294000,0.689580,0.737000,6.142090,309.996460,-350.822630,75761.367190,,3.367130,-614.752380
10.296000,0.749820,1.011290,6.152340,310.028500,-350.821780,75784.578130,1.000000,3.237670,-614.752690
10.298000,0.756230,0.963870,6.418950,310.061650,-350.821960,75992.343750,,3.341490,-614.752930
10.300000,0.708800,0.771610,6.941890,310.095580,-350.823000,75578.906250,,3.561950,-614.752750
10.302000,0.683170,0.825440,6.757320,310.128780,-350.823060,75874.218750,,3.455570,-614.752440
10.304000,0.717770,1.016420,6.767580,310.161320,-350.822270,75913.250000,1.000000,3.296630,-614.752440
10.306000,0.761350,1.065120,6.767580,310.194490,-350.821960,75882.664060,,3.303040,-614.752690
10.308000,0.739560,0.749820,7.177730,310.229160,-350.822570,75892.148440,,3.447880,-614.752690
10.310000,0.706240,0.551150,7.331540,310.263640,-350.823270,75890.039060,,3.572200,-614.752440
10.312000,0.701110,0.597290,7.136720,310.297030,-350.822630,76053.515630,1.000000,3.359440,-614.752320
10.314000,0.740840,0.856200,6.952150,310.329530,-350.821930,75923.796880,,3.291500,-614.752440
10.316000,0.745970,0.826720,6.039550,310.362850,-350.821840,76095.703130,,3.306880,-614.752620
10.318000,0.720340,0.597290,6.070310,310.397190,-350.822750,75847.851560,,3.494020,-614.752560
10.320000,0.665220,0.442200,5.916500,310.431240,-350.823300,75969.148440,1.000000,3.550420,-614.752320
10.322000,0.676760,0.615230,6.111330,310.464020,-350.822810,75872.109380,,3.382510,-614.752260
10.324000,0.738280,0.927980,6.213870,310.495970,-350.821960,75953.328130,,3.259460,-614.752620
10.326000,0.763920,0.968990,6.480470,310.528750,-350.821840,75856.289060,,3.285100,-614.752930
10.328000,0.724180,0.792110,6.962400,310.562560,-350.822810,75921.679690,1.000000,3.526060,-614.752810
10.330000,0.680600,0.812620,6.624020,310.595760,-350.823150,75764.539060,,3.501710,-614.752500
10.332000,0.703670,1.025390,6.562500,310.628140,-350.822390,75581.015630,,3.313290,-614.752380
10.334000,0.760070,1.180480,6.726560,310.660800,-350.821960,75894.257810,,3.285100,-614.752620
10.336000,0.748540,0.901060,7.064940,310.695100,-350.822390,75836.257810,1.000000,3.408140,-614.752690
10.338000,0.717770,0.640870,7.105960,310.729830,-350.823210,75896.375000,,3.561950,-614.752500
10.340000,0.692140,0.610110,7.187990,310.763550,-350.822880,75692.820310,,3.415830,-614.752320
10.342000,0.728030,0.854920,7.116210,310.796230,-350.822050,75751.882810,,3.285100,-614.752380
10.344000,0.751100,0.903630,6.019040,310.829350,-350.821780,75951.210940,1.000000,3.281250,-614.752620
10.346000,0.728030,0.669070,6.049800,310.863680,-350.822480,75829.921880,,3.440190,-614.752620
10.348000,0.678040,0.462710,5.824220,310.898040,-350.823360,75937.500000,,3.568360,-614.752380
10.350000,0.670350,0.553710,6.213870,310.931210,-350.823000,75923.796880,,3.422240,-614.752260
10.352000,0.725460,0.875430,6.480470,310.963230,-350.822110,75981.796880,1.000000,3.259460,-614.752500
10.354000,0.758790,1.012570,6.377930,310.995760,-350.821690,75680.156250,,3.250490,-614.752870
10.356000,0.735720,0.844670,6.747070,311.029420,-350.822540,75719.187500,,3.463260,-614.752870
10.358000,0.693420,0.812620,6.470210,311.062870,-350.823240,75971.257810,,3.544010,-614.752560
10.360000,0.697270,0.967710,6.634280,311.095490,-350.822660,75818.320310,1.000000,3.340210,-614.752380
10.362000,0.757510,1.135620,6.583010,311.128110,-350.822020,75934.335940,,3.281250,-614.752620
10.364000,0.756230,0.938230,7.157230,311.162200,-350.822200,75871.062500,,3.341490,-614.752750
10.366000,0.720340,0.642150,7.382810,311.196990,-350.823060,76150.546880,,3.559390,-614.752560
10.368000,0.693420,0.581910,7.044430,311.230990,-350.823090,75738.171880,1.000000,3.454280,-614.752320
10.370000,0.715210,0.763920,7.146970,311.263820,-350.822240,75858.406250,,3.315860,-614.752380
10.372000,0.753660,0.892090,6.090820,311.296720,-350.821810,76088.328130,,3.263310,-614.752560
10.374000,0.731870,0.669070,5.967770,311.330870,-350.822300,75917.460940,,3.405580,-614.752620
10.376000,0.694700,0.429380,6.234380,311.365360,-350.823210,76283.437500,1.000000,3.568360,-614.752380
10.378000,0.665220,0.462710,6.490720,311.398680,-350.823180,75800.398440,,3.469670,-614.752200
10.380000,0.715210,0.828000,6.408690,311.430570,-350.822270,76198.007810,,3.297910,-614.752380
10.382000,0.760070,1.081790,6.029300,311.462490,-350.821720,75995.507810,,3.226140,-614.752810
10.384000,0.749820,0.953610,6.531740,311.495880,-350.822300,75751.882810,1.000000,3.419680,-614.752930
10.386000,0.702390,0.808780,6.275390,311.529630,-350.823210,75905.859380,,3.558110,-614.752620
10.388000,0.689580,0.886960,6.685550,311.562590,-350.822850,75881.609380,,3.383790,-614.752380
10.390000,0.747250,1.102290,6.747070,311.595180,-350.822110,76025.039060,,3.288940,-614.752500
10.392000,0.765200,1.026670,7.239260,311.628810,-350.822050,75485.046880,1.000000,3.301760,-614.752690
10.394000,0.733150,0.710080,7.208500,311.663600,-350.822940,75929.070310,,3.519650,-614.752620
10.396000,0.704960,0.610110,6.716310,311.697780,-350.823210,75863.671880,,3.513240,-614.752380
10.398000,0.712650,0.744690,6.962400,311.730800,-350.822480,75974.421880,,3.323550,-614.752320
10.400000,0.749820,0.948490,6.060060,311.763430,-350.821840,75800.398440,1.000000,3.278690,-614.752500
10.402000,0.740840,0.801090,6.234380,311.797210,-350.822110,75858.406250,,3.347900,-614.752620
10.404000,0.706240,0.570370,6.193360,311.831570,-350.823090,76002.890630,,3.561950,-614.752500
10.406000,0.669070,0.529360,6.593260,311.865140,-350.823270,75673.828130,,3.497860,-614.752260
10.408000,0.702390,0.833130,6.213870,311.897250,-350.822510,75818.320310,1.000000,3.350460,-614.752380
10.410000,0.758790,1.101010,5.772950,311.929170,-350.821780,75941.726560,,3.229980,-614.752690
10.412000,0.758790,1.021550,6.541990,311.962400,-350.822050,75899.531250,,3.362000,-614.752930
10.414000,0.708800,0.836980,6.306150,311.996340,-350.823060,75830.984380,,3.563230,-614.752620
10.416000,0.688290,0.893370,7.044430,312.029540,-350.823000,75685.429690,1.000000,3.438900,-614.752380
10.418000,0.730590,1.079220,6.747070,312.062230,-350.822240,76042.976560,,3.292790,-614.752440
10.420000,0.770320,1.071530,7.116210,312.095730,-350.821960,75750.828130,,3.299190,-614.752690
10.422000,0.745970,0.717770,7.362300,312.130710,-350.822660,75808.835940,,3.456850,-614.752620
10.424000,0.710080,0.526790,6.972660,312.165310,-350.823300,75875.273440,1.000000,3.572200,-614.752380
10.426000,0.712650,0.611390,7.249510,312.198640,-350.822600,76187.468750,,3.342770,-614.752320
10.428000,0.745970,0.913880,6.572750,312.230990,-350.821870,75856.289060,,3.285100,-614.752440
10.430000,0.743410,0.902340,6.500980,312.264160,-350.821930,76001.843750,,3.312010,-614.752560
10.432000,0.720340,0.676760,6.172850,312.298280,-350.822880,76080.937500,1.000000,3.515810,-614.752500
10.434000,0.674190,0.546020,6.183110,312.332000,-350.823330,75885.828130,,3.535030,-614.752260
10.436000,0.690860,0.743410,6.080570,312.364410,-350.822780,76144.226560,,3.374820,-614.752260
10.438000,0.745970,1.048460,5.865230,312.396300,-350.821870,75888.992190,,3.253050,-614.752620
10.440000,0.766480,1.049740,6.398440,312.429140,-350.821840,76163.210940,1.000000,3.279970,-614.752930
10.442000,0.720340,0.854920,6.634280,312.463040,-350.822810,75838.359380,,3.532470,-614.752750
10.444000,0.685730,0.858760,6.859860,312.496460,-350.823150,75888.992190,,3.487610,-614.752440
10.446000,0.711360,1.013850,6.521480,312.529270,-350.822420,76071.453130,,3.312010,-614.752380
10.448000,0.765200,1.095890,6.952150,312.562440,-350.821960,75919.578130,1.000000,3.281250,-614.752620
10.450000,0.747250,0.775450,6.982910,312.597170,-350.822450,75971.257810,,3.417110,-614.752690
10.452000,0.719060,0.548580,7.105960,312.631990,-350.823270,75635.867190,,3.567080,-614.752440
10.454000,0.702390,0.597290,7.126460,312.665440,-350.822810,75894.257810,,3.399170,-614.752320
10.456000,0.739560,0.922850,7.075200,312.697660,-350.821990,75877.382810,1.000000,3.278690,-614.752380
10.456000,0.739560,0.922850,7.075200,312.697660,-350.821990,75877.382810,1.000000,3.278690,-614.752380
10.458000,0.748540,0.979250,6.203610,312.730530,-350.821780,75936.445310,,3.290220,-614.752620
10.460000,0.724180,0.745970,6.049800,312.764620,-350.822570,75829.921880,,3.459410,-614.752560
10.462000,0.675480,0.551150,5.916500,312.798710,-350.823330,76044.031250,,3.560670,-614.752320
10.464000,0.672910,0.663940,5.947270,312.831600,-350.822940,75788.789060,1.000000,3.406860,-614.752200
10.466000,0.731870,0.962590,6.101070,312.863590,-350.822110,75403.835940,,3.263310,-614.752500
10.468000,0.766480,1.038210,6.172850,312.896270,-350.821720,75942.781250,,3.258180,-614.752930
10.470000,0.735720,0.806210,6.859860,312.930240,-350.822630,75905.859380,,3.474790,-614.752870
10.472000,0.688290,0.745970,6.624020,312.963930,-350.823210,75888.992190,1.000000,3.538880,-614.752500
10.474000,0.695980,0.899780,6.767580,312.996730,-350.822600,75751.882810,,3.329960,-614.752380
10.476000,0.758790,1.076660,6.829100,313.029450,-350.821990,75585.234380,,3.276120,-614.752560
10.478000,0.751100,0.893370,6.993160,313.063540,-350.822270,76000.789060,,3.367130,-614.752690
10.480000,0.721620,0.649840,7.280270,313.098140,-350.823180,75452.343750,1.000000,3.572200,-614.752500
10.482000,0.698550,0.640870,7.085450,313.131740,-350.823090,75885.828130,,3.447880,-614.752320
10.484000,0.720340,0.895940,7.116210,313.164150,-350.822140,75957.539060,,3.306880,-614.752380
10.486000,0.747250,1.044620,6.213870,313.196720,-350.821750,76094.648440,,3.265870,-614.752560
10.488000,0.724180,0.851070,5.916500,313.230590,-350.822300,75893.203130,1.000000,3.417110,-614.752620
10.490000,0.688290,0.634460,6.203610,313.264860,-350.823210,75867.898440,,3.561950,-614.752380
10.492000,0.663940,0.678040,6.019040,313.298070,-350.823090,76099.929690,,3.459410,-614.752200
10.494000,0.716490,0.968990,6.285640,313.330200,-350.822270,75899.531250,,3.286380,-614.752380
10.496000,0.758790,1.107420,6.162600,313.362670,-350.821720,76081.992190,1.000000,3.236390,-614.752810
10.498000,0.745970,0.898500,6.726560,313.396550,-350.822390,75940.671880,,3.428650,-614.752930
10.500000,0.697270,0.758790,6.429200,313.430510,-350.823270,75970.203130,,3.564510,-614.752620
10.500000,0.697270,0.758790,6.429200,313.430510,-350.823270,75970.203130,,3.564510,-614.752620
10.502000,0.690860,0.877990,6.829100,313.463470,-350.822810,75895.320310,,3.373540,-614.752380
10.504000,0.749820,1.113830,6.788090,313.496030,-350.822050,75759.257810,1.000000,3.283810,-614.752560
10.506000,0.756230,1.012570,7.034180,313.529750,-350.822050,75816.210940,,3.314580,-614.752690
10.508000,0.722900,0.703670,7.423830,313.564510,-350.823000,75867.898440,,3.554260,-614.752560
10.510000,0.701110,0.625490,6.839360,313.598510,-350.823210,75940.671880,,3.504270,-614.752320
10.512000,0.712650,0.802370,7.095700,313.631290,-350.822390,75661.179690,1.000000,3.324830,-614.752320
10.514000,0.748540,0.997190,6.090820,313.663880,-350.821720,75907.968750,,3.263310,-614.752500
10.516000,0.730590,0.820310,5.793460,313.697750,-350.822110,75933.281250,,3.369690,-614.752620
10.518000,0.699830,0.570370,6.203610,313.732210,-350.823090,75935.390630,,3.568360,-614.752440
10.520000,0.661380,0.530640,6.408690,313.765810,-350.823270,75745.546880,1.000000,3.502990,-614.752200
10.522000,0.703670,0.813900,6.634280,313.798070,-350.822450,75790.898440,,3.338930,-614.752380
10.524000,0.757510,1.056150,6.070310,313.830080,-350.821720,75941.726560,,3.217160,-614.752750
10.526000,0.751100,0.977970,6.500980,313.863310,-350.822110,75917.460940,,3.390200,-614.752930
10.528000,0.704960,0.822880,6.572750,313.897060,-350.823090,75853.132810,1.000000,3.564510,-614.752620
10.530000,0.688290,0.902340,6.470210,313.930050,-350.822970,75826.757810,,3.433780,-614.752380
10.532000,0.739560,1.103580,7.064940,313.962490,-350.822200,75921.679690,,3.290220,-614.752440
10.534000,0.765200,1.083070,7.126460,313.995880,-350.821960,75697.039060,,3.297910,-614.752620
10.536000,0.740840,0.761350,7.669920,314.030580,-350.822720,75726.562500,1.000000,3.476070,-614.752620
10.538000,0.702390,0.611390,6.777830,314.064910,-350.823240,75967.031250,,3.555540,-614.752380
10.540000,0.708800,0.729310,6.798340,314.098020,-350.822600,75933.281250,,3.342770,-614.752260
10.542000,0.745970,0.986940,6.285640,314.130490,-350.821840,76068.281250,,3.278690,-614.752440
10.544000,0.742130,0.879270,5.885740,314.164090,-350.821960,75845.742190,1.000000,3.313290,-614.752620
10.546000,0.712650,0.615230,6.552250,314.198580,-350.822940,76060.898440,,3.544010,-614.752500
10.548000,0.669070,0.517820,6.388180,314.232420,-350.823360,75780.351560,,3.531190,-614.752260
10.550000,0.695980,0.785710,6.675290,314.264710,-350.822690,75913.250000,,3.365840,-614.752320
10.552000,0.747250,1.120240,5.978030,314.296510,-350.821780,76206.453130,1.000000,3.235110,-614.752620
10.554000,0.757510,1.103580,6.213870,314.329350,-350.821930,75891.093750,,3.315860,-614.752930
10.556000,0.711360,0.917720,6.562500,314.363130,-350.822940,75974.421880,,3.550420,-614.752690
10.558000,0.685730,0.954900,6.777830,314.396270,-350.823120,75855.242190,,3.474790,-614.752380
10.560000,0.716490,1.108700,7.075200,314.428890,-350.822390,76028.210940,1.000000,3.305600,-614.752380
10.562000,0.765200,1.157410,6.982910,314.462100,-350.821960,75817.265630,,3.285100,-614.752620
10.564000,0.743410,0.816470,7.413570,314.496800,-350.822450,75978.632810,,3.418400,-614.752690
10.566000,0.710080,0.596010,6.541990,314.531560,-350.823240,75786.679690,,3.570920,-614.752380
10.568000,0.697270,0.624210,7.023930,314.565120,-350.822780,75962.812500,1.000000,3.387630,-614.752260
10.570000,0.740840,0.881840,6.644530,314.597750,-350.821990,76221.218750,,3.276120,-614.752380
10.572000,0.745970,0.867740,6.213870,314.631100,-350.821810,75495.585940,,3.286380,-614.752560
10.574000,0.721620,0.635740,6.418950,314.665440,-350.822690,76092.539060,,3.476070,-614.752500
10.576000,0.675480,0.480650,5.926760,314.699460,-350.823360,75852.078130,1.000000,3.564510,-614.752320
10.578000,0.683170,0.680600,6.326660,314.732060,-350.822880,75920.625000,,3.386350,-614.752260
10.580000,0.735720,1.039490,5.649900,314.763640,-350.821990,75803.554690,,3.254330,-614.752560
10.582000,0.760070,1.148440,6.213870,314.796050,-350.821750,75890.039060,,3.262020,-614.752870
10.584000,0.725460,0.976680,6.654790,314.829590,-350.822690,75916.414060,1.000000,3.492740,-614.752750
10.586000,0.684450,0.954900,6.706050,314.862850,-350.823210,75410.156250,,3.518370,-614.752440
10.588000,0.699830,1.098450,6.859860,314.895510,-350.822540,75926.953130,,3.324830,-614.752380
10.590000,0.757510,1.209960,6.449710,314.928380,-350.822020,75935.390630,,3.276120,-614.752620
10.592000,0.752380,0.920290,7.116210,314.962860,-350.822300,75884.773440,1.000000,3.370970,-614.752690
10.594000,0.719060,0.610110,6.706050,314.997890,-350.823180,75765.593750,,3.559390,-614.752500
10.596000,0.697270,0.572940,7.003420,315.031860,-350.823030,75598.945310,,3.440190,-614.752320
10.598000,0.726750,0.835690,7.116210,315.064480,-350.822110,76060.898440,,3.287660,-614.752380
10.600000,0.748540,0.935670,6.541990,315.097410,-350.821750,75823.601560,1.000000,3.265870,-614.752560
10.602000,0.722900,0.719060,6.203610,315.131590,-350.822390,76003.945310,,3.432500,-614.752560
10.604000,0.687010,0.515260,6.090820,315.165860,-350.823360,75970.203130,,3.569640,-614.752380
10.606000,0.674190,0.624210,6.131840,315.198790,-350.823060,76015.546880,,3.441470,-614.752200
10.608000,0.725460,0.976680,6.049800,315.230560,-350.822170,75883.718750,1.000000,3.267150,-614.752440
10.610000,0.761350,1.151000,6.357420,315.262760,-350.821690,75842.585940,,3.245360,-614.752810
10.612000,0.742130,0.957460,6.634280,315.296390,-350.822420,76071.453130,,3.432500,-614.752870
10.614000,0.697270,0.869020,6.788090,315.329990,-350.823240,75834.140630,,3.555540,-614.752560
10.616000,0.694700,0.980530,6.695800,315.362820,-350.822750,76129.460940,1.000000,3.356870,-614.752380
10.618000,0.754940,1.159970,6.654790,315.395540,-350.822080,75846.796880,,3.283810,-614.752560
10.620000,0.763920,0.984380,7.085450,315.429530,-350.822110,76010.273440,,3.320980,-614.752690
10.622000,0.730590,0.661380,6.993160,315.464450,-350.823030,75977.585940,,3.552980,-614.752560
10.624000,0.703670,0.572940,7.126460,315.498540,-350.823180,75828.867190,1.000000,3.485050,-614.752320
10.626000,0.717770,0.751100,7.034180,315.531370,-350.822330,76047.195310,,3.326110,-614.752320
10.628000,0.751100,0.951050,6.388180,315.563960,-350.821750,75943.835940,,3.255620,-614.752500
10.630000,0.737000,0.794680,5.978030,315.597750,-350.822170,76106.257810,,3.388920,-614.752560
10.632000,0.701110,0.597290,6.060060,315.631960,-350.823180,75723.406250,1.000000,3.573490,-614.752380
10.634000,0.667790,0.607540,6.306150,315.665190,-350.823210,75983.914060,,3.486330,-614.752200
10.636000,0.711360,0.933110,6.224120,315.697200,-350.822360,75941.726560,,3.322270,-614.752380
10.638000,0.761350,1.140750,6.039550,315.729280,-350.821750,75849.960940,,3.223570,-614.752750
10.640000,0.753660,1.007450,6.521480,315.762760,-350.822170,75824.656250,1.000000,3.401730,-614.752870
10.642000,0.703670,0.845950,6.767580,315.796660,-350.823150,76013.445310,,3.558110,-614.752620
10.644000,0.690860,0.922850,6.316410,315.829740,-350.822940,75912.195310,,3.415830,-614.752380
10.646000,0.747250,1.147160,6.736820,315.862300,-350.822170,75520.898440,,3.291500,-614.752440
10.648000,0.770320,1.080510,7.208500,315.895840,-350.821990,75921.679690,1.000000,3.301760,-614.752620
10.650000,0.744690,0.760070,7.249510,315.930660,-350.822850,75770.859380,,3.500430,-614.752560
10.652000,0.707520,0.629330,7.403320,315.964900,-350.823240,75904.804690,,3.545290,-614.752320
10.654000,0.717770,0.763920,6.880370,315.997860,-350.822510,75788.789060,,3.333800,-614.752260
10.656000,0.752380,1.021550,6.593260,316.030270,-350.821780,75684.382810,1.000000,3.274840,-614.752440
10.658000,0.744690,0.883120,5.834470,316.063930,-350.821960,76074.617190,,3.329960,-614.752560
10.660000,0.713930,0.612670,6.131840,316.098390,-350.823000,75632.703130,,3.558110,-614.752440
10.662000,0.674190,0.510130,6.336910,316.132260,-350.823330,75808.835940,,3.517090,-614.752200
10.664000,0.699830,0.745970,6.552250,316.164700,-350.822630,75967.031250,1.000000,3.363280,-614.752260
10.666000,0.757510,1.013850,6.183110,316.196840,-350.821780,76214.882810,,3.232540,-614.752620
10.668000,0.763920,0.962590,6.316410,316.230010,-350.821960,75728.671880,,3.332520,-614.752870
10.670000,0.715210,0.775450,6.716310,316.263950,-350.822970,75917.460940,,3.556820,-614.752620
10.672000,0.692140,0.824160,6.480470,316.297180,-350.823120,76110.468750,1.000000,3.469670,-614.752380
10.674000,0.729310,1.008730,6.818850,316.329710,-350.822360,75803.554690,,3.300480,-614.752380
10.676000,0.771610,1.072810,7.075200,316.362790,-350.821960,75975.468750,,3.288940,-614.752620
10.678000,0.748540,0.797240,7.680180,316.397220,-350.822510,75832.031250,,3.441470,-614.752620
10.680000,0.715210,0.643430,6.972660,316.431490,-350.823270,76129.460940,1.000000,3.576050,-614.752380
10.682000,0.711360,0.735720,6.972660,316.464510,-350.822660,75916.414060,,3.374820,-614.752200
10.684000,0.751100,1.022830,6.521480,316.496700,-350.821930,75895.320310,,3.283810,-614.752380
10.686000,0.751100,0.962590,5.793460,316.529940,-350.821810,75957.539060,,3.297910,-614.752560
10.688000,0.728030,0.658810,6.152340,316.564450,-350.822750,75975.468750,1.000000,3.497860,-614.752440
10.690000,0.679320,0.456300,6.244630,316.598690,-350.823330,76206.453130,,3.559390,-614.752200
10.692000,0.692140,0.644710,6.357420,316.631470,-350.822810,75669.609380,,3.383790,-614.752200
10.694000,0.745970,0.970280,5.885740,316.663360,-350.821900,75893.203130,,3.251770,-614.752560
10.696000,0.766480,1.022830,6.336910,316.696140,-350.821810,76008.164060,1.000000,3.279970,-614.752870
10.698000,0.728030,0.819030,6.429200,316.730010,-350.822780,75875.273440,,3.519650,-614.752690
10.700000,0.688290,0.812620,6.726560,316.763430,-350.823210,75751.882810,,3.517090,-614.752380
10.702000,0.713930,0.997190,6.859860,316.796050,-350.822480,75782.468750,,3.320980,-614.752380
10.704000,0.765200,1.129210,6.747070,316.828860,-350.821930,75794.070310,1.000000,3.272280,-614.752620
10.706000,0.751100,0.886960,7.546880,316.863100,-350.822330,75719.187500,,3.400450,-614.752620
10.708000,0.724180,0.676760,6.593260,316.897580,-350.823210,75763.484380,,3.563230,-614.752380
10.710000,0.702390,0.695980,6.890630,316.931000,-350.822940,75824.656250,,3.429930,-614.752260
10.712000,0.738280,0.958740,6.777830,316.963440,-350.822080,76055.632810,1.000000,3.285100,-614.752380
10.714000,0.749820,0.992070,6.254880,316.996460,-350.821720,75764.539060,,3.269710,-614.752500
10.716000,0.726750,0.743410,6.531740,317.030760,-350.822450,75661.179690,,3.442750,-614.752500
10.718000,0.685730,0.508850,6.029300,317.065160,-350.823360,76041.921880,,3.572200,-614.752320
10.720000,0.679320,0.585750,6.326660,317.098360,-350.823030,75838.359380,1.000000,3.435060,-614.752200
10.722000,0.734440,0.870300,5.957520,317.130490,-350.822110,75871.062500,,3.249210,-614.752440
10.724000,0.761350,0.989500,5.967770,317.163120,-350.821690,75910.085940,,3.255620,-614.752810
10.726000,0.737000,0.804930,6.962400,317.196930,-350.822510,75998.679690,,3.454280,-614.752750
10.728000,0.694700,0.757510,6.695800,317.230500,-350.823240,75745.546880,1.000000,3.547850,-614.752440
10.730000,0.702390,0.926700,7.229000,317.263120,-350.822660,75692.820310,,3.350460,-614.752380
10.732000,0.760070,1.122800,6.583010,317.295680,-350.822020,76019.773440,,3.274840,-614.752560
10.734000,0.752380,0.948490,6.952150,317.329590,-350.822200,75899.531250,,3.344060,-614.752620
10.736000,0.722900,0.643430,6.849610,317.364290,-350.823090,76202.234380,1.000000,3.561950,-614.752500
10.738000,0.697270,0.603700,6.880370,317.398100,-350.823120,75833.085940,,3.468380,-614.752260
10.740000,0.721620,0.858760,7.105960,317.430540,-350.822240,76244.414060,,3.317140,-614.752320
10.742000,0.749820,1.031800,6.429200,317.463100,-350.821690,76006.054690,,3.240230,-614.752500
10.744000,0.725460,0.834410,6.234380,317.497010,-350.822240,75824.656250,1.000000,3.406860,-614.752560
10.746000,0.692140,0.584470,5.937010,317.531400,-350.823210,75983.914060,,3.573490,-614.752380
10.748000,0.665220,0.570370,6.203610,317.564820,-350.823240,75914.296880,,3.486330,-614.752200
10.750000,0.719060,0.870300,6.060060,317.597020,-350.822270,75859.453130,,3.291500,-614.752380
10.750000,0.719060,0.870300,6.060060,317.597020,-350.822270,75859.453130,,3.291500,-614.752380
10.752000,0.757510,1.024110,6.234380,317.629360,-350.821690,75769.812500,1.000000,3.210750,-614.752750
10.754000,0.745970,0.879270,6.726560,317.663060,-350.822240,75958.601560,,3.419680,-614.752810
10.756000,0.699830,0.757510,6.747070,317.696840,-350.823180,75928.015630,,3.550420,-614.752560
10.758000,0.687010,0.861330,6.685550,317.729770,-350.822880,75861.562500,,3.395320,-614.752320
10.760000,0.745970,1.062560,6.541990,317.762390,-350.822140,75762.421880,1.000000,3.283810,-614.752500
10.762000,0.757510,0.949770,6.900880,317.796140,-350.822080,75887.929690,,3.303040,-614.752620
10.764000,0.733150,0.621640,7.013670,317.831020,-350.822940,75929.070310,,3.515810,-614.752560
10.766000,0.703670,0.530640,7.095700,317.865110,-350.823210,75741.328130,,3.515810,-614.752320
10.768000,0.715210,0.706240,6.972660,317.897920,-350.822510,75790.898440,1.000000,3.329960,-614.752260
10.770000,0.749820,0.948490,6.449710,317.930360,-350.821780,75835.195310,,3.259460,-614.752440
10.772000,0.735720,0.817750,5.772950,317.963960,-350.822050,75819.375000,,3.338930,-614.752560
10.774000,0.702390,0.578060,6.019040,317.998260,-350.823090,75832.031250,,3.570920,-614.752380
10.776000,0.665220,0.534480,6.213870,318.031770,-350.823360,75771.914060,1.000000,3.506840,-614.752200
10.778000,0.701110,0.840820,6.388180,318.063780,-350.822570,76013.445310,,3.349180,-614.752320
10.780000,0.753660,1.113830,6.265140,318.095640,-350.821720,75789.843750,,3.212040,-614.752620
10.782000,0.752380,1.030520,6.562500,318.128810,-350.822050,75909.031250,,3.362000,-614.752870
10.784000,0.704960,0.815190,6.624020,318.162750,-350.823060,75996.562500,1.000000,3.556820,-614.752620
10.786000,0.684450,0.862610,6.521480,318.195980,-350.823060,75845.742190,,3.442750,-614.752380
10.788000,0.724180,1.051030,6.470210,318.228580,-350.822270,75807.781250,,3.295350,-614.752380
10.790000,0.760070,1.070250,7.013670,318.261960,-350.821960,75678.054690,,3.288940,-614.752620
10.792000,0.738280,0.749820,7.403320,318.296720,-350.822660,76102.039060,1.000000,3.449160,-614.752620
10.794000,0.703670,0.579350,7.064940,318.331210,-350.823270,75916.414060,,3.565800,-614.752380
10.796000,0.704960,0.666500,7.085450,318.364440,-350.822660,76111.523440,,3.354310,-614.752260
10.798000,0.740840,0.947200,6.552250,318.396850,-350.821930,75838.359380,,3.278690,-614.752440
10.800000,0.737000,0.895940,5.937010,318.430210,-350.821870,76037.695310,1.000000,3.288940,-614.752560
10.802000,0.711360,0.666500,6.008790,318.464450,-350.822880,75893.203130,,3.517090,-614.752440
10.804000,0.667790,0.547300,6.244630,318.498290,-350.823360,75899.531250,,3.545290,-614.752260
10.806000,0.684450,0.786990,6.408690,318.530640,-350.822810,76115.750000,,3.363280,-614.752260
10.808000,0.735720,1.107420,6.172850,318.562440,-350.821870,75904.804690,1.000000,3.245360,-614.752620
10.810000,0.754940,1.081790,6.316410,318.595340,-350.821870,75820.429690,,3.279970,-614.752870
10.812000,0.710080,0.845950,6.665040,318.629330,-350.822880,75611.601560,,3.532470,-614.752690
10.814000,0.676760,0.835690,6.521480,318.662780,-350.823180,75995.507810,,3.482480,-614.752380
10.814000,0.676760,0.835690,6.521480,318.662780,-350.823180,75995.507810,,3.482480,-614.752380
10.816000,0.707520,0.976680,6.439450,318.695590,-350.822450,75922.734380,1.000000,3.306880,-614.752380
10.818000,0.756230,1.054870,7.126460,318.728730,-350.821960,75835.195310,,3.272280,-614.752620
10.820000,0.737000,0.757510,7.146970,318.763340,-350.822420,75847.851560,,3.404300,-614.752620
10.822000,0.707520,0.533200,7.126460,318.798070,-350.823270,75893.203130,,3.563230,-614.752380
10.824000,0.692140,0.561400,6.736820,318.831600,-350.822850,75903.750000,1.000000,3.401730,-614.752260
10.826000,0.730590,0.860050,6.685550,318.863950,-350.822050,75617.937500,,3.277400,-614.752380
10.828000,0.739560,0.915160,6.152340,318.896880,-350.821780,75955.437500,,3.274840,-614.752560
10.830000,0.715210,0.698550,5.885740,318.931000,-350.822600,75832.031250,,3.455570,-614.752500
10.832000,0.670350,0.512700,6.429200,318.965000,-350.823360,76031.375000,1.000000,3.564510,-614.752320
10.834000,0.670350,0.680600,6.347170,318.997710,-350.822940,75794.070310,,3.405580,-614.752200
10.836000,0.726750,1.008730,6.142090,319.029390,-350.822080,75636.914060,,3.247920,-614.752500
10.838000,0.753660,1.120240,5.988280,319.061830,-350.821690,75976.523440,,3.246640,-614.752870
10.840000,0.721620,0.913880,6.552250,319.095550,-350.822600,75743.437500,1.000000,3.464540,-614.752810
10.842000,0.678040,0.839540,6.572750,319.129120,-350.823240,75836.257810,,3.532470,-614.752440
10.844000,0.692140,0.968990,6.931640,319.161990,-350.822660,75937.500000,,3.333800,-614.752380
10.846000,0.753660,1.102290,7.044430,319.194820,-350.822050,76191.687500,,3.263310,-614.752620
10.848000,0.742130,0.871580,7.085450,319.229130,-350.822270,75868.945310,1.000000,3.355590,-614.752690
10.850000,0.716490,0.594730,7.157230,319.263920,-350.823180,75646.414060,,3.559390,-614.752500
10.852000,0.689580,0.584470,6.685550,319.297670,-350.823090,76044.031250,,3.442750,-614.752320
10.854000,0.716490,0.856200,6.716310,319.330140,-350.822200,75808.835940,,3.304320,-614.752380
10.856000,0.743410,1.020260,6.336910,319.362760,-350.821780,76179.031250,1.000000,3.254330,-614.752560
10.858000,0.719060,0.817750,6.275390,319.396730,-350.822330,75863.671880,,3.417110,-614.752560
10.860000,0.684450,0.588320,6.357420,319.431030,-350.823270,76250.742190,,3.559390,-614.752380
10.862000,0.660100,0.639590,6.121580,319.464260,-350.823150,75826.757810,,3.467100,-614.752200
10.864000,0.711360,0.971560,6.131840,319.496220,-350.822240,75925.906250,1.000000,3.277400,-614.752380
10.866000,0.753660,1.139470,5.844730,319.528530,-350.821660,75950.156250,,3.212040,-614.752810
10.868000,0.739560,0.972840,6.552250,319.562190,-350.822300,75853.132810,,3.418400,-614.752870
10.870000,0.690860,0.848510,6.726560,319.596070,-350.823210,76127.343750,,3.551700,-614.752560
10.872000,0.683170,0.921570,7.013670,319.629180,-350.822850,75735.007810,1.000000,3.378660,-614.752380
10.874000,0.745970,1.094600,6.849610,319.661990,-350.822110,75919.578130,,3.276120,-614.752500
10.876000,0.752380,0.938230,7.034180,319.696010,-350.822110,75829.921880,,3.308170,-614.752690
10.878000,0.725460,0.610110,7.034180,319.730990,-350.823030,75844.687500,,3.544010,-614.752560
10.880000,0.702390,0.530640,6.767580,319.765080,-350.823210,75650.632810,1.000000,3.482480,-614.752320
10.882000,0.708800,0.733150,7.054690,319.797760,-350.822390,75839.421880,,3.329960,-614.752320
10.884000,0.747250,0.993350,6.193360,319.830080,-350.821810,75956.492190,,3.265870,-614.752500
10.886000,0.731870,0.860050,6.152340,319.863680,-350.822140,75601.054690,,3.359440,-614.752560
10.888000,0.699830,0.628050,5.957520,319.897950,-350.823090,75852.078130,1.000000,3.563230,-614.752380
10.890000,0.657530,0.567810,6.060060,319.931550,-350.823300,75900.593750,,3.495300,-614.752140
10.892000,0.697270,0.860050,6.244630,319.963780,-350.822510,75917.460940,,3.347900,-614.752320
10.894000,0.754940,1.106140,6.060060,319.995850,-350.821720,75718.125000,,3.203060,-614.752690
10.896000,0.753660,1.016420,6.808590,320.029210,-350.822080,75845.742190,1.000000,3.376100,-614.752870
10.898000,0.703670,0.829280,6.716310,320.063170,-350.823090,75864.726560,,3.564510,-614.752620
10.900000,0.681880,0.865170,6.777830,320.096470,-350.823030,75693.875000,,3.428650,-614.752380
10.902000,0.731870,1.052310,6.726560,320.129180,-350.822240,75790.898440,,3.299190,-614.752440
10.904000,0.761350,1.011290,6.870120,320.162720,-350.821990,75842.585940,1.000000,3.294070,-614.752620
10.906000,0.740840,0.697270,7.485350,320.197510,-350.822780,76181.132810,,3.482480,-614.752620
10.908000,0.704960,0.552430,6.911130,320.231750,-350.823210,75750.828130,,3.545290,-614.752380
10.910000,0.707520,0.662660,7.300780,320.264830,-350.822570,75710.742190,,3.342770,-614.752260
10.912000,0.743410,0.924130,6.439450,320.297210,-350.821870,76199.062500,1.000000,3.296630,-614.752380
10.914000,0.744690,0.830570,5.721680,320.330690,-350.821960,75912.195310,,3.308170,-614.752560
10.916000,0.713930,0.588320,5.998540,320.365020,-350.822910,76113.632810,,3.532470,-614.752440
10.918000,0.665220,0.481930,6.019040,320.398930,-350.823300,75794.070310,,3.529910,-614.752200
10.920000,0.687010,0.715210,6.521480,320.431340,-350.822720,76311.914060,1.000000,3.370970,-614.752200
10.922000,0.743410,1.025390,6.213870,320.463290,-350.821810,75912.195310,,3.241520,-614.752620
10.924000,0.760070,0.998470,6.665040,320.496310,-350.821900,75898.484380,,3.299190,-614.752870
10.926000,0.712650,0.807500,6.613770,320.530210,-350.822940,75904.804690,,3.556820,-614.752690
10.928000,0.683170,0.857480,6.593260,320.563420,-350.823150,75994.453130,1.000000,3.476070,-614.752380
10.928000,0.683170,0.857480,6.593260,320.563420,-350.823150,75994.453130,1.000000,3.476070,-614.752380
10.930000,0.712650,1.047180,6.531740,320.595950,-350.822390,75800.398440,,3.303040,-614.752380
10.932000,0.758790,1.168950,6.767580,320.628850,-350.821960,75581.015630,,3.287660,-614.752620
10.934000,0.745970,0.888240,7.362300,320.663210,-350.822510,76084.101560,,3.429930,-614.752620
10.936000,0.713930,0.689580,7.075200,320.697660,-350.823270,75858.406250,1.000000,3.567080,-614.752380
10.938000,0.698550,0.703670,6.962400,320.731110,-350.822720,75920.625000,,3.386350,-614.752200
10.940000,0.735720,0.958740,6.408690,320.763610,-350.822020,75879.492190,,3.295350,-614.752380
10.942000,0.751100,0.936950,5.772950,320.796940,-350.821810,75907.968750,,3.292790,-614.752560
10.944000,0.726750,0.678040,5.762700,320.831390,-350.822630,75989.187500,1.000000,3.464540,-614.752500
10.946000,0.672910,0.493470,6.152340,320.865660,-350.823330,75425.984380,,3.570920,-614.752260
10.948000,0.681880,0.652400,6.367680,320.898590,-350.822910,75984.960940,,3.401730,-614.752140
10.950000,0.733150,0.977970,6.090820,320.930510,-350.821990,75824.656250,,3.251770,-614.752500
10.952000,0.761350,1.060000,6.316410,320.963260,-350.821690,75862.617190,1.000000,3.258180,-614.752810
10.954000,0.726750,0.862610,6.562500,320.997160,-350.822660,75794.070310,,3.496580,-614.752750
10.956000,0.684450,0.844670,6.603520,321.030580,-350.823240,75629.531250,,3.533750,-614.752440
10.958000,0.704960,1.031800,6.757320,321.063170,-350.822540,75954.382810,,3.327390,-614.752380
10.960000,0.758790,1.198430,6.736820,321.095830,-350.821990,75694.921880,1.000000,3.276120,-614.752560
10.962000,0.753660,0.943360,7.393070,321.130070,-350.822300,75891.093750,,3.385070,-614.752620
10.964000,0.724180,0.690860,7.075200,321.164730,-350.823150,75866.843750,,3.560670,-614.752440
10.966000,0.693420,0.678040,6.808590,321.198430,-350.822940,75892.148440,,3.436340,-614.752200
10.968000,0.724180,0.924130,6.439450,321.230990,-350.822110,75926.953130,1.000000,3.305600,-614.752320
10.970000,0.754940,0.997190,6.131840,321.263950,-350.821780,75712.851560,,3.278690,-614.752500
10.972000,0.733150,0.729310,6.142090,321.298310,-350.822390,76134.726560,,3.429930,-614.752500
10.974000,0.689580,0.462710,6.162600,321.332920,-350.823300,75820.429690,,3.572200,-614.752320
10.976000,0.672910,0.529360,6.459960,321.366210,-350.823090,76123.125000,1.000000,3.461980,-614.752140
10.978000,0.725460,0.886960,6.306150,321.398130,-350.822110,75984.960940,,3.263310,-614.752380
10.980000,0.761350,1.101010,5.854980,321.430300,-350.821560,75892.148440,,3.226140,-614.752750
10.982000,0.742130,0.951050,6.439450,321.463840,-350.822360,75913.250000,,3.438900,-614.752750
10.984000,0.698550,0.861330,6.613770,321.497440,-350.823240,75774.023440,1.000000,3.564510,-614.752440
10.986000,0.693420,0.953610,6.900880,321.530300,-350.822750,76228.593750,,3.364560,-614.752320
10.988000,0.752380,1.131770,6.777830,321.562990,-350.822080,75876.328130,,3.285100,-614.752500
10.990000,0.762630,0.977970,7.044430,321.596920,-350.822140,75950.156250,,3.326110,-614.752620
10.992000,0.730590,0.704960,6.880370,321.631590,-350.822970,75741.328130,1.000000,3.550420,-614.752500
10.994000,0.699830,0.658810,6.788090,321.665470,-350.823090,75841.523440,,3.473510,-614.752260
10.996000,0.712650,0.867740,6.541990,321.698120,-350.822330,75863.671880,,3.338930,-614.752260
10.998000,0.754940,1.065120,6.131840,321.730650,-350.821840,75929.070310,,3.274840,-614.752440
11.000000,0.737000,0.866460,6.070310,321.764590,-350.822200,75994.453130,1.000000,3.388920,-614.752500
11.000000,0.737000,0.866460,6.070310,321.764590,-350.822200,75994.453130,1.000000,3.388920,-614.752500
11.002000,0.699830,0.607540,6.377930,321.799040,-350.823120,75976.523440,,3.578610,-614.752380
11.004000,0.666500,0.580630,6.285640,321.832610,-350.823210,75922.734380,,3.500430,-614.752140
11.006000,0.706240,0.922850,6.183110,321.864620,-350.822300,75816.210940,,3.326110,-614.752320
11.008000,0.760070,1.179200,5.957520,321.896610,-350.821590,75859.453130,1.000000,3.203060,-614.752620
11.010000,0.752380,1.051030,6.111330,321.930020,-350.822080,75808.835940,,3.400450,-614.752810
11.012000,0.703670,0.874150,6.880370,321.963990,-350.823090,75838.359380,,3.572200,-614.752560
11.014000,0.687010,0.917720,6.839360,321.997280,-350.822910,75852.078130,,3.414550,-614.752320
11.016000,0.739560,1.113830,6.900880,322.030000,-350.822140,75708.640630,1.000000,3.296630,-614.752380
11.018000,0.767760,1.040770,6.870120,322.063690,-350.821990,75920.625000,,3.306880,-614.752620
11.020000,0.742130,0.713930,7.095700,322.098630,-350.822810,75767.703130,,3.499150,-614.752560
11.022000,0.706240,0.576780,6.993160,322.132970,-350.823180,75740.273440,,3.535030,-614.752320
11.024000,0.716490,0.707520,6.736820,322.166020,-350.822510,75926.953130,1.000000,3.340210,-614.752200
11.026000,0.748540,0.981810,6.654790,322.198390,-350.821810,76287.656250,,3.292790,-614.752380
11.028000,0.747250,0.915160,6.029300,322.231810,-350.821960,75786.679690,,3.323550,-614.752560
11.030000,0.711360,0.702390,6.377930,322.265930,-350.822940,75674.890630,,3.555540,-614.752380
11.032000,0.666500,0.624210,6.090820,322.299530,-350.823300,76121.023440,1.000000,3.531190,-614.752140
11.034000,0.695980,0.867740,6.295900,322.331730,-350.822630,75945.937500,,3.368410,-614.752200
11.036000,0.752380,1.154850,6.121580,322.363620,-350.821690,76108.359380,,3.227420,-614.752620
11.038000,0.763920,1.084350,6.541990,322.396760,-350.821840,75791.960940,,3.314580,-614.752870
11.040000,0.711360,0.875430,6.818850,322.430790,-350.822940,76265.507810,1.000000,3.558110,-614.752620
11.042000,0.681880,0.894650,6.767580,322.464200,-350.823090,75852.078130,,3.468380,-614.752320
11.044000,0.720340,1.057430,6.675290,322.496980,-350.822330,75839.421880,,3.304320,-614.752380
11.046000,0.765200,1.094600,6.583010,322.530360,-350.821960,75895.320310,,3.295350,-614.752620
11.048000,0.751100,0.762630,7.300780,322.565190,-350.822540,75954.382810,1.000000,3.445310,-614.752620
11.050000,0.711360,0.560120,6.941890,322.599850,-350.823240,76115.750000,,3.572200,-614.752380
11.052000,0.706240,0.646000,7.362300,322.633120,-350.822630,75654.843750,,3.376100,-614.752200
11.054000,0.747250,0.983090,6.665040,322.665310,-350.821900,76042.976560,,3.291500,-614.752380
11.056000,0.753660,1.010010,5.783200,322.698270,-350.821780,75962.812500,1.000000,3.294070,-614.752500
11.058000,0.728030,0.769040,5.967770,322.732390,-350.822660,75918.515630,,3.488890,-614.752440
11.060000,0.671630,0.592160,5.885740,322.766360,-350.823300,75785.625000,,3.567080,-614.752140
11.062000,0.678040,0.757510,6.244630,322.799010,-350.822850,75812.000000,,3.394040,-614.752080
11.064000,0.735720,1.068970,6.152340,322.830900,-350.821900,75932.226560,1.000000,3.249210,-614.752440
11.066000,0.763920,1.088200,6.459960,322.863710,-350.821690,75565.203130,,3.254330,-614.752810
11.068000,0.725460,0.847230,6.747070,322.897740,-350.822690,76048.250000,,3.510680,-614.752620
11.070000,0.678040,0.785710,6.306150,322.931430,-350.823210,75873.171880,,3.518370,-614.752380
11.072000,0.704960,0.927980,6.695800,322.964360,-350.822510,75877.382810,1.000000,3.323550,-614.752320
11.074000,0.762630,1.049740,6.757320,322.997340,-350.821960,75717.070310,,3.268430,-614.752500
11.076000,0.751100,0.813900,7.403320,323.031740,-350.822360,75577.859380,,3.399170,-614.752620
11.078000,0.721620,0.620360,7.095700,323.066190,-350.823180,75997.625000,,3.560670,-614.752380
11.080000,0.694700,0.660100,7.095700,323.099580,-350.822850,75545.164060,1.000000,3.424800,-614.752140
11.082000,0.729310,0.970280,6.767580,323.131710,-350.822080,75861.562500,,3.296630,-614.752260
11.084000,0.752380,1.071530,5.957520,323.164400,-350.821750,75959.656250,,3.281250,-614.752440
11.086000,0.729310,0.847230,6.203610,323.198390,-350.822390,75959.656250,,3.437620,-614.752440
11.088000,0.680600,0.637020,5.916500,323.232570,-350.823270,75731.835940,1.000000,3.567080,-614.752200
11.090000,0.666500,0.735720,6.572750,323.265590,-350.822940,75663.289060,,3.438900,-614.752080
11.092000,0.722900,1.056150,6.234380,323.297550,-350.822080,76174.812500,,3.253050,-614.752380
11.094000,0.758790,1.175350,6.142090,323.330080,-350.821590,75900.593750,,3.236390,-614.752690
11.096000,0.735720,0.934390,6.480470,323.364040,-350.822450,76020.820310,1.000000,3.447880,-614.752690
11.098000,0.692140,0.801090,6.521480,323.398040,-350.823240,75840.476560,,3.555540,-614.752440
11.100000,0.695980,0.895940,7.044430,323.431120,-350.822690,76136.835940,,3.351750,-614.752260
11.102000,0.753660,1.090760,6.757320,323.463930,-350.822020,75774.023440,,3.269710,-614.752440
11.104000,0.753660,0.942080,7.300780,323.497890,-350.822170,75779.304690,1.000000,3.342770,-614.752620
11.106000,0.720340,0.687010,7.157230,323.532530,-350.823060,75894.257810,,3.564510,-614.752440
11.108000,0.694700,0.669070,6.870120,323.566220,-350.823060,75949.101560,,3.460690,-614.752200
11.110000,0.715210,0.902340,6.511230,323.598750,-350.822200,76169.531250,,3.327390,-614.752200
11.112000,0.748540,1.068970,5.937010,323.631320,-350.821750,75686.484380,1.000000,3.260740,-614.752380
11.114000,0.731870,0.857480,6.224120,323.665310,-350.822200,75994.453130,,3.403020,-614.752500
11.116000,0.689580,0.611390,6.203610,323.699770,-350.823120,75955.437500,,3.563230,-614.752320
11.118000,0.658810,0.597290,6.459960,323.733220,-350.823180,75804.609380,,3.490170,-614.752080
11.120000,0.708800,0.907470,6.172850,323.765440,-350.822270,75800.398440,1.000000,3.305600,-614.752320
11.122000,0.756230,1.098450,5.967770,323.797700,-350.821620,76066.179690,,3.204350,-614.752620
11.124000,0.747250,0.949770,6.121580,323.831270,-350.822170,75786.679690,,3.411990,-614.752750
11.126000,0.695980,0.820310,6.685550,323.865110,-350.823180,75782.468750,,3.567080,-614.752440
11.128000,0.684450,0.904910,6.695800,323.898040,-350.822910,75834.140630,1.000000,3.401730,-614.752260
11.130000,0.744690,1.120240,7.023930,323.930570,-350.822110,75981.796880,,3.287660,-614.752380
11.132000,0.762630,1.030520,7.177730,323.964170,-350.822020,75896.375000,,3.304320,-614.752620
11.134000,0.734440,0.720340,7.044430,323.998840,-350.822910,75692.820310,,3.522220,-614.752500
11.136000,0.697270,0.633180,6.777830,324.032840,-350.823150,75785.625000,1.000000,3.513240,-614.752200
11.138000,0.703670,0.807500,6.459960,324.065610,-350.822450,75900.593750,,3.337650,-614.752140
11.140000,0.748540,1.057430,6.183110,324.097990,-350.821780,75751.882810,,3.279970,-614.752380
11.142000,0.744690,0.919010,6.008790,324.131710,-350.822020,75949.101560,,3.337650,-614.752500
11.144000,0.703670,0.649840,6.367680,324.166170,-350.823000,75907.968750,1.000000,3.565800,-614.752380
11.146000,0.657530,0.562680,6.408690,324.200010,-350.823330,76089.382810,,3.522220,-614.752080
11.148000,0.694700,0.854920,6.316410,324.232270,-350.822540,75807.781250,,3.359440,-614.752200
11.150000,0.754940,1.161250,6.172850,324.264160,-350.821620,75628.476560,,3.206910,-614.752620
11.152000,0.753660,1.097170,6.336910,324.297300,-350.821930,76148.445310,1.000000,3.349180,-614.752810
11.154000,0.702390,0.908750,6.562500,324.331180,-350.823030,75836.257810,,3.568360,-614.752560
11.156000,0.680600,0.953610,7.003420,324.364380,-350.823060,76109.414060,,3.459410,-614.752260
11.158000,0.722900,1.145870,6.972660,324.396880,-350.822270,75897.429690,,3.299190,-614.752380
11.160000,0.762630,1.153560,6.859860,324.430180,-350.821960,75981.796880,1.000000,3.295350,-614.752620
11.162000,0.743410,0.807500,7.229000,324.464900,-350.822600,75958.601560,,3.454280,-614.752560
11.164000,0.702390,0.626770,6.993160,324.499390,-350.823210,75887.929690,,3.564510,-614.752320
11.166000,0.698550,0.702390,6.716310,324.532650,-350.822600,76009.218750,,3.362000,-614.752140
11.168000,0.742130,0.976680,6.531740,324.565120,-350.821900,76019.773440,1.000000,3.294070,-614.752320
11.170000,0.744690,0.910030,5.947270,324.598600,-350.821840,76196.953130,,3.299190,-614.752500
11.172000,0.717770,0.646000,6.244630,324.633120,-350.822810,75707.585940,,3.510680,-614.752380
11.174000,0.666500,0.512700,6.070310,324.667140,-350.823330,75933.281250,,3.559390,-614.752080
11.176000,0.683170,0.738280,6.162600,324.699650,-350.822780,75968.093750,1.000000,3.378660,-614.752080
11.178000,0.739560,1.090760,6.131840,324.731380,-350.821780,75846.796880,,3.241520,-614.752500
11.180000,0.762630,1.127930,6.316410,324.764070,-350.821750,75954.382810,,3.273560,-614.752810
11.182000,0.717770,0.942080,6.982910,324.797760,-350.822810,75926.953130,,3.533750,-614.752620
11.184000,0.676760,0.936950,6.439450,324.831020,-350.823150,75874.218750,1.000000,3.499150,-614.752320
11.186000,0.702390,1.124080,6.859860,324.863560,-350.822390,75721.296880,,3.309450,-614.752260
11.188000,0.757510,1.213810,6.736820,324.896480,-350.821960,75825.710940,,3.278690,-614.752500
11.190000,0.751100,0.901060,6.941890,324.931030,-350.822390,75807.781250,,3.406860,-614.752620
11.192000,0.717770,0.642150,7.064940,324.965790,-350.823210,75930.117190,1.000000,3.563230,-614.752380
11.194000,0.698550,0.608830,6.921390,324.999570,-350.822810,75748.718750,,3.410710,-614.752140
11.196000,0.735720,0.883120,7.044430,325.032100,-350.822050,75738.171880,,3.290220,-614.752260
11.198000,0.748540,0.942080,5.937010,325.065160,-350.821720,75967.031250,,3.282530,-614.752440
11.200000,0.724180,0.715210,6.172850,325.099400,-350.822510,75986.023440,1.000000,3.446590,-614.752380
11.202000,0.675480,0.508850,5.916500,325.133640,-350.823330,75855.242190,,3.578610,-614.752140
11.204000,0.676760,0.647280,6.234380,325.166560,-350.822940,75983.914060,,3.418400,-614.752080
11.206000,0.730590,1.003600,6.234380,325.198240,-350.822020,76118.914060,,3.250490,-614.752380
11.208000,0.761350,1.143310,6.377930,325.230590,-350.821560,75789.843750,1.000000,3.237670,-614.752750
11.210000,0.726750,0.935670,7.013670,325.264310,-350.822510,75668.554690,,3.465820,-614.752690
11.212000,0.681880,0.862610,6.398440,325.297880,-350.823210,76084.101560,,3.541440,-614.752380
11.214000,0.694700,1.002320,6.870120,325.330660,-350.822630,75880.554690,,3.336360,-614.752260
11.216000,0.754940,1.140750,6.490720,325.363430,-350.821990,76091.484380,1.000000,3.272280,-614.752500
11.218000,0.752380,0.924130,7.003420,325.397610,-350.822240,75859.453130,,3.354310,-614.752620
11.220000,0.719060,0.637020,7.311040,325.432370,-350.823090,76119.960940,,3.555540,-614.752380
11.222000,0.688290,0.599850,7.105960,325.466190,-350.823030,75936.445310,,3.450440,-614.752140
11.224000,0.715210,0.821590,6.757320,325.498810,-350.822170,75814.101560,1.000000,3.312010,-614.752200
11.226000,0.749820,0.953610,5.937010,325.531520,-350.821780,75996.562500,,3.262020,-614.752440
11.228000,0.728030,0.753660,6.121580,325.565490,-350.822300,76078.828130,,3.418400,-614.752500
11.230000,0.687010,0.544740,6.049800,325.599760,-350.823210,76013.445310,,3.564510,-614.752260
11.232000,0.658810,0.608830,6.357420,325.632810,-350.823120,75778.250000,1.000000,3.472230,-614.752080
11.234000,0.708800,0.976680,6.306150,325.664610,-350.822170,76142.109380,,3.278690,-614.752320
11.236000,0.753660,1.174070,6.152340,325.696690,-350.821590,75953.328130,,3.210750,-614.752620
11.238000,0.740840,0.984380,6.265140,325.730290,-350.822240,75822.546880,,3.419680,-614.752750
11.238000,0.740840,0.984380,6.265140,325.730290,-350.822240,75822.546880,,3.419680,-614.752750
11.240000,0.689580,0.834410,6.388180,325.764220,-350.823210,75799.335940,1.000000,3.559390,-614.752440
11.242000,0.680600,0.899780,6.808590,325.797360,-350.822810,75910.085940,,3.376100,-614.752260
11.244000,0.739560,1.103580,6.675290,325.830080,-350.822110,75828.867190,,3.279970,-614.752440
11.246000,0.753660,1.001040,7.218750,325.863830,-350.822080,75516.687500,,3.306880,-614.752620
11.248000,0.724180,0.694700,7.218750,325.898590,-350.822970,75900.593750,1.000000,3.536320,-614.752500
11.250000,0.693420,0.620360,6.788090,325.932560,-350.823180,75870.007810,,3.494020,-614.752200
11.250000,0.693420,0.620360,6.788090,325.932560,-350.823180,75870.007810,,3.494020,-614.752200
11.252000,0.704960,0.802370,6.695800,325.965300,-350.822390,75859.453130,,3.335080,-614.752140
11.254000,0.742130,1.025390,6.060060,325.997710,-350.821780,75823.601560,,3.265870,-614.752380
11.256000,0.731870,0.854920,6.039550,326.031460,-350.822110,75725.507810,1.000000,3.359440,-614.752500
11.258000,0.694700,0.596010,6.234380,326.065860,-350.823060,75997.625000,,3.569640,-614.752380
11.260000,0.654970,0.535770,6.429200,326.099490,-350.823240,75569.414060,,3.499150,-614.752080
11.262000,0.689580,0.819030,6.388180,326.131740,-350.822420,75815.156250,,3.345340,-614.752200
11.264000,0.747250,1.049740,5.896000,326.163910,-350.821660,75902.695310,1.000000,3.203060,-614.752620
11.266000,0.742130,0.929260,6.347170,326.197390,-350.822020,75967.031250,,3.368410,-614.752750
11.268000,0.693420,0.740840,6.377930,326.231450,-350.823090,75764.539060,,3.564510,-614.752560
11.270000,0.676760,0.792110,6.952150,326.264740,-350.823000,75607.390630,,3.435060,-614.752320
11.272000,0.725460,0.986940,6.952150,326.297330,-350.822240,76121.023440,1.000000,3.291500,-614.752380
11.274000,0.756230,0.970280,7.105960,326.330720,-350.821990,75782.468750,,3.294070,-614.752620
11.276000,0.734440,0.683170,7.393070,326.365330,-350.822750,76147.390630,,3.476070,-614.752560
11.278000,0.695980,0.565250,6.900880,326.399410,-350.823210,75786.679690,,3.547850,-614.752320
11.280000,0.697270,0.720340,6.849610,326.432190,-350.822540,76028.210940,1.000000,3.342770,-614.752140
11.282000,0.735720,1.022830,6.285640,326.464290,-350.821840,75969.148440,,3.295350,-614.752380
11.284000,0.740840,0.943360,6.183110,326.497590,-350.821930,75853.132810,,3.306880,-614.752500
11.286000,0.710080,0.647280,6.142090,326.531950,-350.822880,76044.031250,,3.527340,-614.752380
11.288000,0.657530,0.480650,6.295900,326.566010,-350.823300,75928.015630,1.000000,3.536320,-614.752080
11.290000,0.678040,0.670350,6.142090,326.598630,-350.822690,76227.539060,,3.367130,-614.752140
11.292000,0.733150,0.988220,5.906250,326.630620,-350.821750,75752.929690,,3.235110,-614.752500
11.294000,0.753660,0.971560,6.449710,326.663570,-350.821810,76051.406250,,3.282530,-614.752810
11.296000,0.703670,0.769040,6.562500,326.697570,-350.822910,75903.750000,1.000000,3.549130,-614.752620
11.298000,0.674190,0.771610,6.829100,326.730990,-350.823180,75818.320310,,3.486330,-614.752380
11.300000,0.704960,0.945920,6.972660,326.763640,-350.822390,75661.179690,,3.305600,-614.752320
11.302000,0.752380,1.038210,6.870120,326.796660,-350.821960,75925.906250,,3.278690,-614.752560
11.304000,0.739560,0.769040,6.952150,326.831090,-350.822450,75913.250000,1.000000,3.426090,-614.752620
11.306000,0.704960,0.606260,6.982910,326.865390,-350.823210,75750.828130,,3.564510,-614.752380
11.308000,0.689580,0.679320,6.777830,326.898560,-350.822690,75953.328130,,3.387630,-614.752140
11.310000,0.731870,0.960020,6.593260,326.930790,-350.821990,75857.343750,,3.292790,-614.752320
11.312000,0.743410,0.948490,6.111330,326.963900,-350.821780,75917.460940,1.000000,3.290220,-614.752500
11.314000,0.716490,0.683170,6.131840,326.998260,-350.822570,75713.906250,,3.458130,-614.752440
11.316000,0.661380,0.472960,6.121580,327.032470,-350.823300,75766.648440,,3.569640,-614.752140
11.318000,0.667790,0.617800,5.988280,327.065400,-350.822880,75988.125000,,3.405580,-614.752080
11.320000,0.725460,0.920290,5.885740,327.097350,-350.821960,75736.062500,1.000000,3.244080,-614.752440
11.322000,0.757510,0.970280,6.254880,327.130160,-350.821660,75939.617190,,3.250490,-614.752750
11.324000,0.717770,0.744690,6.675290,327.164120,-350.822660,75919.578130,,3.492740,-614.752690
11.326000,0.672910,0.704960,7.075200,327.197690,-350.823240,75878.437500,,3.533750,-614.752380
11.328000,0.693420,0.888240,6.777830,327.230380,-350.822540,75781.414060,1.000000,3.326110,-614.752320
11.330000,0.749820,1.074100,6.808590,327.262970,-350.821960,75708.640630,,3.267150,-614.752500
11.332000,0.745970,0.874150,6.829100,327.297030,-350.822300,75952.265630,,3.378660,-614.752620
11.334000,0.711360,0.615230,6.829100,327.331510,-350.823150,75862.617190,,3.558110,-614.752380
11.336000,0.683170,0.602420,6.921390,327.365110,-350.822940,76096.757810,1.000000,3.440190,-614.752140
11.338000,0.715210,0.857480,6.941890,327.397550,-350.822110,75928.015630,,3.304320,-614.752260
11.340000,0.744690,0.980530,6.121580,327.430270,-350.821750,76110.468750,,3.267150,-614.752440
11.342000,0.722900,0.767760,6.234380,327.464320,-350.822300,75862.617190,,3.423520,-614.752500
11.344000,0.676760,0.538330,6.008790,327.498660,-350.823210,75818.320310,1.000000,3.563230,-614.752260
11.346000,0.657530,0.583190,6.049800,327.531860,-350.823090,76219.109380,,3.463260,-614.752080
11.348000,0.713930,0.901060,6.131840,327.563900,-350.822140,75974.421880,,3.262020,-614.752320
11.350000,0.753660,1.044620,6.254880,327.596310,-350.821590,76076.718750,,3.223570,-614.752690
11.352000,0.734440,0.839540,6.726560,327.630100,-350.822390,75701.250000,1.000000,3.432500,-614.752750
11.354000,0.689580,0.728030,6.665040,327.663910,-350.823210,75896.375000,,3.558110,-614.752440
11.356000,0.684450,0.838260,6.511230,327.696810,-350.822720,75897.429690,,3.358150,-614.752260
11.358000,0.742130,1.053590,6.736820,327.729400,-350.822050,75848.906250,,3.279970,-614.752440
11.360000,0.749820,0.913880,6.572750,327.763240,-350.822110,75860.507810,1.000000,3.324830,-614.752620
11.362000,0.719060,0.606260,7.136720,327.798000,-350.823000,76016.609380,,3.547850,-614.752440
11.364000,0.689580,0.542180,6.911130,327.831940,-350.823090,75904.804690,,3.478640,-614.752200
11.366000,0.699830,0.742130,6.818850,327.864690,-350.822330,75626.375000,,3.340210,-614.752200
11.368000,0.743410,0.944640,6.080570,327.897190,-350.821810,75940.671880,1.000000,3.265870,-614.752380
11.370000,0.730590,0.763920,5.629390,327.931060,-350.822140,75845.742190,,3.379940,-614.752500
11.372000,0.687010,0.507570,6.326660,327.965480,-350.823090,76023.984380,,3.574770,-614.752320
11.374000,0.651120,0.492190,6.131840,327.998960,-350.823210,75770.859380,,3.496580,-614.752080
11.376000,0.694700,0.836980,6.654790,328.030910,-350.822330,75819.375000,1.000000,3.326110,-614.752260
11.378000,0.752380,1.093320,5.988280,328.062770,-350.821590,75900.593750,,3.199220,-614.752620
11.380000,0.742130,0.981810,6.716310,328.096070,-350.822080,75660.125000,,3.394040,-614.752810
11.382000,0.693420,0.794680,6.285640,328.129910,-350.823120,75840.476560,,3.569640,-614.752500
11.384000,0.678040,0.833130,6.613770,328.163060,-350.822910,75851.023440,1.000000,3.418400,-614.752260
11.386000,0.730590,1.027950,7.013670,328.195680,-350.822170,76006.054690,,3.291500,-614.752380
11.388000,0.758790,0.983090,6.911130,328.229190,-350.821990,75789.843750,,3.301760,-614.752620
11.390000,0.734440,0.690860,7.680180,328.263890,-350.822810,75688.593750,,3.490170,-614.752500
11.392000,0.693420,0.570370,6.890630,328.298100,-350.823150,75951.210940,1.000000,3.532470,-614.752260
11.394000,0.699830,0.687010,6.706050,328.331150,-350.822510,75883.718750,,3.341490,-614.752140
11.396000,0.735720,0.949770,6.152340,328.363590,-350.821840,76138.945310,,3.296630,-614.752380
11.398000,0.738280,0.844670,5.772950,328.397160,-350.821960,75817.265630,,3.313290,-614.752500
11.400000,0.699830,0.589600,6.347170,328.431550,-350.822940,76243.359380,1.000000,3.552980,-614.752380
11.402000,0.654970,0.506290,6.449710,328.465330,-350.823270,75935.390630,,3.529910,-614.752080
11.404000,0.684450,0.772890,6.562500,328.497590,-350.822630,75905.859380,,3.360720,-614.752200
11.406000,0.739560,1.099730,6.049800,328.529360,-350.821660,76100.984380,,3.222290,-614.752560
11.408000,0.748540,1.051030,6.285640,328.562320,-350.821870,75920.625000,1.000000,3.318420,-614.752810
11.410000,0.698550,0.810060,6.521480,328.596340,-350.822940,76183.242190,,3.561950,-614.752620
11.412000,0.671630,0.803650,6.675290,328.629760,-350.823090,75700.195310,,3.473510,-614.752320
11.414000,0.708800,0.965150,6.962400,328.662450,-350.822300,76079.882810,,3.301760,-614.752380
11.416000,0.754940,1.013850,6.890630,328.695680,-350.821930,75897.429690,1.000000,3.283810,-614.752620
11.418000,0.740840,0.685730,7.321290,328.730350,-350.822510,75919.578130,,3.436340,-614.752620
11.420000,0.699830,0.502440,6.736820,328.764890,-350.823210,75807.781250,,3.572200,-614.752380
11.422000,0.692140,0.563960,6.962400,328.798190,-350.822660,75951.210940,,3.382510,-614.752140
11.424000,0.737000,0.866460,6.234380,328.830510,-350.821960,75944.882810,1.000000,3.288940,-614.752320
11.426000,0.740840,0.877990,5.978030,328.863590,-350.821750,75639.031250,,3.292790,-614.752440
11.428000,0.717770,0.638310,6.500980,328.897830,-350.822660,76045.085940,,3.483760,-614.752380
11.430000,0.662660,0.462710,6.111330,328.931850,-350.823360,75890.039060,,3.576050,-614.752140
11.432000,0.678040,0.644710,6.326660,328.964480,-350.822810,75859.453130,1.000000,3.395320,-614.752080
11.434000,0.734440,0.989500,5.978030,328.996190,-350.821840,75790.898440,,3.241520,-614.752500
11.436000,0.757510,1.052310,6.244630,329.028780,-350.821660,75666.453130,,3.255620,-614.752810
11.438000,0.715210,0.838260,6.644530,329.062560,-350.822660,75999.734380,,3.511960,-614.752620
11.440000,0.667790,0.798520,6.726560,329.096040,-350.823180,75499.812500,1.000000,3.517090,-614.752320
11.442000,0.694700,0.943360,6.972660,329.128750,-350.822480,75789.843750,,3.320980,-614.752260
11.444000,0.754940,1.056150,6.675290,329.161650,-350.821960,75918.515630,,3.271000,-614.752560
11.446000,0.748540,0.801090,7.146970,329.196010,-350.822360,75943.835940,,3.396610,-614.752620
11.448000,0.712650,0.554990,6.716310,329.230650,-350.823180,75816.210940,1.000000,3.551700,-614.752380
11.450000,0.685730,0.556270,6.972660,329.264220,-350.822880,75611.601560,,3.431210,-614.752140
11.452000,0.720340,0.845950,6.767580,329.296600,-350.822050,76126.289060,,3.290220,-614.752260
11.454000,0.743410,0.957460,6.203610,329.329350,-350.821780,75818.320310,,3.278690,-614.752440
11.456000,0.719060,0.742130,6.357420,329.363430,-350.822390,76065.117190,1.000000,3.436340,-614.752440
11.458000,0.674190,0.525510,6.080570,329.397670,-350.823270,75990.234380,,3.567080,-614.752200
11.460000,0.662660,0.612670,5.998540,329.430760,-350.822970,75993.398440,,3.441470,-614.752080
11.462000,0.715210,0.934390,6.049800,329.462740,-350.822080,75877.382810,,3.251770,-614.752380
11.464000,0.752380,1.074100,6.121580,329.495150,-350.821560,75786.679690,1.000000,3.233830,-614.752690
11.466000,0.728030,0.866460,6.593260,329.528960,-350.822420,76091.484380,,3.445310,-614.752690
11.468000,0.680600,0.771610,6.798340,329.562740,-350.823210,75924.851560,,3.550420,-614.752380
11.470000,0.687010,0.884400,6.870120,329.595700,-350.822660,76131.562500,,3.350460,-614.752260
11.472000,0.742130,1.042050,6.675290,329.628540,-350.822020,75681.218750,1.000000,3.272280,-614.752440
11.474000,0.748540,0.857480,6.818850,329.662630,-350.822200,75880.554690,,3.345340,-614.752620
11.476000,0.716490,0.558840,7.044430,329.697420,-350.823060,75991.289060,,3.555540,-614.752440
11.478000,0.687010,0.508850,6.675290,329.731290,-350.823090,75759.257810,,3.464540,-614.752200
11.480000,0.706240,0.733150,6.941890,329.763850,-350.822240,75693.875000,1.000000,3.328670,-614.752200
11.482000,0.743410,0.945920,6.213870,329.796330,-350.821750,75882.664060,,3.259460,-614.752440
11.484000,0.725460,0.784420,5.916500,329.830050,-350.822200,75917.460940,,3.400450,-614.752500
11.486000,0.684450,0.565250,6.162600,329.864260,-350.823120,75777.195310,,3.569640,-614.752260
11.488000,0.651120,0.553710,6.060060,329.897610,-350.823180,75945.937500,1.000000,3.490170,-614.752080
11.490000,0.699830,0.876710,6.131840,329.929690,-350.822240,75951.210940,,3.306880,-614.752260
11.492000,0.753660,1.086910,6.080570,329.961850,-350.821620,75832.031250,,3.201780,-614.752620
11.494000,0.744690,0.939510,6.675290,329.995450,-350.822140,75652.734380,,3.405580,-614.752810
11.496000,0.689580,0.789550,6.788090,330.029390,-350.823150,75761.367190,1.000000,3.565800,-614.752500
11.498000,0.678040,0.840820,6.613770,330.062560,-350.822880,75865.789060,,3.404300,-614.752260
11.500000,0.737000,1.036930,6.654790,330.095310,-350.822110,76091.484380,,3.286380,-614.752380
11.500000,0.737000,1.036930,6.654790,330.095310,-350.822110,76091.484380,,3.286380,-614.752380
11.502000,0.757510,0.954900,6.911130,330.129000,-350.822050,75907.968750,,3.304320,-614.752620
11.504000,0.734440,0.648560,7.229000,330.163790,-350.822910,75871.062500,1.000000,3.519650,-614.752500
11.506000,0.695980,0.543460,7.116210,330.197910,-350.823150,76064.062500,,3.514530,-614.752200
11.508000,0.704960,0.701110,6.911130,330.230710,-350.822480,75735.007810,,3.341490,-614.752140
11.510000,0.743410,0.960020,6.326660,330.263060,-350.821780,75707.585940,,3.283810,-614.752380
11.512000,0.739560,0.820310,5.742190,330.296660,-350.822020,76100.984380,1.000000,3.333800,-614.752500
11.514000,0.701110,0.551150,5.916500,330.331090,-350.822970,75948.046880,,3.559390,-614.752380
11.516000,0.656250,0.471680,6.162600,330.364900,-350.823270,76207.500000,,3.520940,-614.752080
11.518000,0.690860,0.749820,6.470210,330.397190,-350.822510,75958.601560,,3.353030,-614.752140
11.520000,0.747250,1.034360,6.254880,330.429200,-350.821660,76169.531250,1.000000,3.217160,-614.752560
11.522000,0.749820,0.961300,6.367680,330.462460,-350.821960,75763.484380,,3.345340,-614.752750
11.524000,0.701110,0.748540,6.839360,330.496520,-350.823030,75915.351560,,3.569640,-614.752560
11.526000,0.681880,0.780580,6.295900,330.529880,-350.823060,76070.398440,,3.456850,-614.752320
11.528000,0.722900,0.990780,6.777830,330.562410,-350.822240,75953.328130,1.000000,3.299190,-614.752380
11.530000,0.757510,1.061280,6.777830,330.595550,-350.821930,76168.476560,,3.290220,-614.752560
11.532000,0.740840,0.783140,7.546880,330.629970,-350.822600,75757.148440,,3.456850,-614.752560
11.534000,0.698550,0.637020,6.952150,330.664150,-350.823210,75895.320310,,3.569640,-614.752260
11.536000,0.697270,0.730590,6.849610,330.697200,-350.822600,75903.750000,1.000000,3.365840,-614.752080
11.538000,0.738280,0.993350,6.172850,330.729550,-350.821900,75900.593750,,3.297910,-614.752320
11.540000,0.743410,0.929260,5.485840,330.762940,-350.821840,75971.257810,,3.304320,-614.752440
11.542000,0.716490,0.653690,6.172850,330.797390,-350.822750,75970.203130,,3.499150,-614.752380
11.544000,0.661380,0.484500,6.203610,330.831600,-350.823240,76016.609380,1.000000,3.558110,-614.752080
11.546000,0.678040,0.676760,6.336910,330.864350,-350.822750,75513.523440,,3.377380,-614.752080
11.548000,0.734440,1.002320,6.090820,330.896330,-350.821840,75912.195310,,3.246640,-614.752500
11.550000,0.754940,1.024110,6.039550,330.929260,-350.821780,75886.875000,,3.278690,-614.752750
11.552000,0.711360,0.790830,6.685550,330.963350,-350.822810,75762.421880,1.000000,3.533750,-614.752620
11.554000,0.675480,0.774170,6.244630,330.996890,-350.823150,75785.625000,,3.502990,-614.752320
11.556000,0.704960,0.963870,7.126460,331.029540,-350.822390,75781.414060,,3.306880,-614.752320
11.558000,0.757510,1.118960,6.808590,331.062350,-350.821930,75917.460940,,3.283810,-614.752560
11.560000,0.744690,0.858760,7.434080,331.096650,-350.822390,75669.609380,1.000000,3.413270,-614.752620
11.562000,0.712650,0.633180,6.685550,331.131200,-350.823210,75728.671880,,3.560670,-614.752380
11.564000,0.687010,0.646000,6.665040,331.164670,-350.822780,75943.835940,,3.417110,-614.752080
11.566000,0.726750,0.921570,6.624020,331.197080,-350.822020,75992.343750,,3.291500,-614.752260
11.568000,0.747250,0.972840,5.885740,331.230070,-350.821750,75829.921880,1.000000,3.285100,-614.752440
11.570000,0.725460,0.711360,6.480470,331.264400,-350.822450,75711.804690,,3.446590,-614.752440
11.572000,0.671630,0.463990,6.142090,331.298890,-350.823300,76040.867190,,3.576050,-614.752200
11.574000,0.669070,0.552430,6.326660,331.332060,-350.822940,75849.960940,,3.431210,-614.752080
11.576000,0.724180,0.879270,5.947270,331.364010,-350.821990,75925.906250,1.000000,3.247920,-614.752380
11.578000,0.757510,1.031800,6.111330,331.396510,-350.821560,75932.226560,,3.242800,-614.752690
11.580000,0.725460,0.853640,6.634280,331.430270,-350.822510,76260.234380,,3.469670,-614.752620
11.582000,0.681880,0.806210,6.726560,331.463810,-350.823210,75826.757810,,3.547850,-614.752380
11.584000,0.693420,0.961300,7.311040,331.496490,-350.822600,75805.664060,1.000000,3.340210,-614.752260
11.586000,0.751100,1.127930,6.603520,331.529170,-350.821990,76096.757810,,3.272280,-614.752440
11.588000,0.751100,0.924130,7.003420,331.563290,-350.822240,75948.046880,,3.360720,-614.752620
11.590000,0.719060,0.642150,6.952150,331.597990,-350.823060,76210.664060,,3.552980,-614.752380
11.592000,0.689580,0.625490,6.480470,331.631770,-350.823000,75633.750000,1.000000,3.453000,-614.752140
11.594000,0.715210,0.865170,6.839360,331.664340,-350.822140,76083.046880,,3.319700,-614.752200
11.596000,0.749820,1.029240,6.162600,331.696960,-350.821750,76023.984380,,3.260740,-614.752380
11.598000,0.729310,0.807500,6.254880,331.730990,-350.822270,75915.351560,,3.415830,-614.752440
11.600000,0.685730,0.552430,6.203610,331.765470,-350.823210,75801.445310,1.000000,3.574770,-614.752200
11.602000,0.662660,0.562680,6.049800,331.798830,-350.823150,75897.429690,,3.481200,-614.752080
11.604000,0.716490,0.908750,6.152340,331.830810,-350.822140,76010.273440,,3.279970,-614.752260
11.606000,0.757510,1.135620,5.854980,331.862880,-350.821560,75557.820310,,3.209470,-614.752620
11.608000,0.744690,0.986940,6.695800,331.896390,-350.822240,76066.179690,1.000000,3.418400,-614.752750
11.610000,0.693420,0.851070,6.603520,331.930240,-350.823180,75879.492190,,3.564510,-614.752440
11.612000,0.683170,0.919010,6.993160,331.963290,-350.822810,75875.273440,,3.382510,-614.752200
11.614000,0.740840,1.117680,6.695800,331.996060,-350.822080,75645.359380,,3.283810,-614.752380
11.616000,0.760070,1.006160,7.003420,332.029880,-350.822080,75702.304690,1.000000,3.312010,-614.752620
11.618000,0.733150,0.695980,6.911130,332.064790,-350.822940,75951.210940,,3.532470,-614.752440
11.620000,0.699830,0.592160,6.880370,332.098970,-350.823120,75501.921880,,3.496580,-614.752200
11.622000,0.710080,0.731870,6.890630,332.131990,-350.822390,75895.320310,,3.341490,-614.752140
11.624000,0.749820,0.953610,6.449710,332.164610,-350.821780,76022.929690,1.000000,3.276120,-614.752380
11.626000,0.740840,0.807500,6.019040,332.198360,-350.822080,75930.117190,,3.354310,-614.752440
11.628000,0.699830,0.589600,6.162600,332.232670,-350.823060,75916.414060,,3.572200,-614.752320
11.630000,0.662660,0.572940,6.234380,332.266110,-350.823240,75691.765630,,3.511960,-614.752080
11.632000,0.701110,0.890810,6.398440,332.298030,-350.822390,76076.718750,1.000000,3.340210,-614.752140
11.634000,0.760070,1.154850,6.142090,332.329860,-350.821620,75710.742190,,3.209470,-614.752560
11.636000,0.754940,1.043330,6.603520,332.363100,-350.821990,75991.289060,,3.370970,-614.752750
11.638000,0.706240,0.831850,6.747070,332.397060,-350.823060,75912.195310,,3.569640,-614.752500
11.640000,0.684450,0.876710,6.593260,332.430330,-350.822940,75852.078130,1.000000,3.435060,-614.752200
11.642000,0.731870,1.070250,6.675290,332.462980,-350.822200,75874.218750,,3.296630,-614.752320
11.644000,0.766480,1.066410,6.839360,332.496460,-350.821960,75833.085940,,3.301760,-614.752560
11.646000,0.745970,0.752380,7.331540,332.531220,-350.822720,76113.632810,,3.470950,-614.752500
11.648000,0.702390,0.579350,7.075200,332.565730,-350.823210,75832.031250,1.000000,3.560670,-614.752200
11.650000,0.708800,0.649840,7.064940,332.599060,-350.822570,76204.343750,,3.355590,-614.752080
11.652000,0.747250,0.920290,6.357420,332.631560,-350.821870,75796.179690,,3.299190,-614.752320
11.654000,0.751100,0.895940,5.752440,332.664890,-350.821870,75871.062500,,3.304320,-614.752440
11.656000,0.715210,0.680600,6.070310,332.699040,-350.822810,76002.890630,1.000000,3.526060,-614.752380
11.658000,0.665220,0.560120,5.937010,332.732790,-350.823270,75736.062500,,3.551700,-614.752080
11.660000,0.685730,0.785710,6.511230,332.765140,-350.822690,75893.203130,,3.377380,-614.752080
11.662000,0.742130,1.101010,6.162600,332.796940,-350.821720,75909.031250,,3.237670,-614.752440
11.664000,0.762630,1.071530,6.429200,332.829860,-350.821780,75892.148440,1.000000,3.287660,-614.752750
11.666000,0.711360,0.847230,6.552250,332.863860,-350.822810,75680.156250,,3.542720,-614.752560
11.668000,0.680600,0.820310,6.418950,332.897340,-350.823090,75809.890630,,3.486330,-614.752260
11.670000,0.712650,0.953610,6.593260,332.930240,-350.822390,75832.031250,,3.308170,-614.752260
11.672000,0.763920,1.025390,6.747070,332.963440,-350.821960,75823.601560,1.000000,3.290220,-614.752500
11.674000,0.749820,0.739560,7.444340,332.998050,-350.822480,75709.687500,,3.426090,-614.752560
11.676000,0.713930,0.556270,7.136720,333.032560,-350.823210,75665.398440,,3.564510,-614.752320
11.678000,0.698550,0.631900,6.859860,333.065830,-350.822690,75951.210940,,3.401730,-614.752080
11.680000,0.739560,0.970280,6.634280,333.097960,-350.821990,75949.101560,1.000000,3.294070,-614.752200
11.682000,0.752380,1.029240,5.690920,333.130770,-350.821750,75711.804690,,3.294070,-614.752380
11.684000,0.731870,0.794680,6.265140,333.164860,-350.822510,76029.265630,,3.464540,-614.752380
11.686000,0.672910,0.603700,6.121580,333.198910,-350.823270,75935.390630,,3.579900,-614.752080
11.688000,0.676760,0.765200,6.459960,333.231690,-350.822850,75746.601560,1.000000,3.409420,-614.752080
11.690000,0.733150,1.086910,6.152340,333.263490,-350.821930,75746.601560,,3.250490,-614.752380
11.692000,0.762630,1.168950,6.060060,333.296140,-350.821560,76014.500000,,3.250490,-614.752690
11.694000,0.728030,0.930540,6.265140,333.330140,-350.822600,75847.851560,,3.490170,-614.752620
11.696000,0.683170,0.833130,6.706050,333.363920,-350.823210,75955.437500,1.000000,3.544010,-614.752320
11.698000,0.703670,0.944640,6.829100,333.396970,-350.822540,75872.109380,,3.336360,-614.752200
11.700000,0.761350,1.067690,7.167480,333.429960,-350.821960,76280.281250,,3.274840,-614.752440
11.702000,0.756230,0.875430,7.208500,333.464170,-350.822240,75752.929690,,3.378660,-614.752560
11.704000,0.720340,0.653690,7.126460,333.498750,-350.823090,75892.148440,1.000000,3.559390,-614.752380
11.706000,0.690860,0.661380,6.418950,333.532290,-350.822940,75900.593750,,3.450440,-614.752080
11.708000,0.724180,0.933110,6.583010,333.564670,-350.822110,76034.531250,,3.315860,-614.752140
11.710000,0.756230,1.074100,5.885740,333.597320,-350.821720,76323.523440,,3.268430,-614.752380
11.712000,0.733150,0.845950,6.285640,333.631380,-350.822270,75691.765630,1.000000,3.427370,-614.752380
11.714000,0.685730,0.598570,6.295900,333.665800,-350.823210,76078.828130,,3.573490,-614.752140
11.716000,0.663940,0.637020,6.213870,333.699100,-350.823060,75954.382810,,3.469670,-614.752010
11.718000,0.721620,0.960020,6.080570,333.731170,-350.822110,75872.109380,,3.272280,-614.752260
11.720000,0.765200,1.126650,5.639650,333.763580,-350.821560,75846.796880,1.000000,3.222290,-614.752620
11.720000,0.765200,1.126650,5.639650,333.763580,-350.821560,75846.796880,1.000000,3.222290,-614.752620
11.722000,0.743410,0.921570,6.541990,333.797360,-350.822330,75986.023440,,3.436340,-614.752620
11.724000,0.695980,0.799800,6.521480,333.831240,-350.823210,76096.757810,,3.563230,-614.752380
11.726000,0.692140,0.906190,7.167480,333.864140,-350.822720,75419.648440,,3.374820,-614.752140
11.728000,0.752380,1.124080,6.941890,333.896730,-350.822020,75982.859380,1.000000,3.279970,-614.752380
11.730000,0.763920,0.999760,6.839360,333.930480,-350.822110,75741.328130,,3.328670,-614.752560
11.732000,0.730590,0.698550,6.972660,333.965150,-350.822940,75921.679690,,3.552980,-614.752380
11.734000,0.699830,0.642150,6.367680,333.998960,-350.823090,75799.335940,,3.482480,-614.752080
11.736000,0.713930,0.853640,6.634280,334.031560,-350.822300,75805.664060,1.000000,3.345340,-614.752080
11.738000,0.756230,1.074100,6.142090,334.064000,-350.821720,76096.757810,,3.264590,-614.752320
11.740000,0.742130,0.894650,6.172850,334.097810,-350.822110,75662.234380,,3.377380,-614.752380
11.742000,0.698550,0.642150,6.224120,334.132260,-350.823060,75905.859380,,3.577330,-614.752200
11.744000,0.663940,0.578060,6.142090,334.165990,-350.823240,75922.734380,1.000000,3.514530,-614.752010
11.746000,0.707520,0.889530,6.234380,334.198210,-350.822360,75910.085940,,3.331240,-614.752140
11.748000,0.763920,1.139470,5.752440,334.230220,-350.821590,75903.750000,,3.201780,-614.752560
11.750000,0.753660,1.049740,6.644530,334.263550,-350.822020,75669.609380,,3.395320,-614.752620
11.750000,0.753660,1.049740,6.644530,334.263550,-350.822020,75669.609380,,3.395320,-614.752620
11.752000,0.702390,0.899780,6.777830,334.297360,-350.823090,76118.914060,1.000000,3.574770,-614.752380
11.754000,0.689580,0.970280,7.003420,334.330410,-350.822940,75756.093750,,3.429930,-614.752140
11.756000,0.742130,1.172790,6.736820,334.362920,-350.822140,76015.546880,,3.299190,-614.752320
11.758000,0.769040,1.143310,6.880370,334.396330,-350.821960,75967.031250,,3.304320,-614.752500
11.760000,0.744690,0.821590,7.177730,334.430970,-350.822780,76073.554690,1.000000,3.492740,-614.752380
11.762000,0.703670,0.671630,6.839360,334.465240,-350.823120,75886.875000,,3.544010,-614.752140
11.764000,0.711360,0.774170,6.962400,334.498380,-350.822510,75848.906250,,3.349180,-614.752080
11.766000,0.748540,1.016420,6.326660,334.530910,-350.821810,76153.710940,,3.295350,-614.752260
11.768000,0.748540,0.912600,5.885740,334.564510,-350.821930,75922.734380,1.000000,3.314580,-614.752380
11.770000,0.711360,0.640870,5.998540,334.599060,-350.822910,76181.132810,,3.549130,-614.752260
11.772000,0.660100,0.526790,6.039550,334.633090,-350.823270,75825.710940,,3.540160,-614.752010
11.774000,0.693420,0.775450,6.336910,334.665500,-350.822630,76144.226560,,3.369690,-614.752080
11.776000,0.749820,1.104860,6.080570,334.697390,-350.821690,75923.796880,1.000000,3.229980,-614.752440
11.778000,0.757510,1.081790,6.665040,334.730290,-350.821870,75856.289060,,3.318420,-614.752690
11.780000,0.708800,0.903630,6.521480,334.764100,-350.822940,76023.984380,,3.561950,-614.752500
11.782000,0.680600,0.951050,6.880370,334.797210,-350.823060,75949.101560,,3.472230,-614.752200
11.784000,0.716490,1.152280,6.408690,334.829620,-350.822270,75849.960940,1.000000,3.304320,-614.752200
11.786000,0.758790,1.234310,6.685550,334.862610,-350.821900,75596.835940,,3.295350,-614.752440
11.788000,0.745970,0.922850,7.311040,334.897060,-350.822510,75930.117190,,3.435060,-614.752440
11.790000,0.706240,0.715210,6.993160,334.931520,-350.823210,75936.445310,,3.570920,-614.752200
11.792000,0.698550,0.725460,7.023930,334.965060,-350.822660,75895.320310,1.000000,3.383790,-614.752080
11.794000,0.739560,0.956180,6.490720,334.997710,-350.821960,75875.273440,,3.297910,-614.752200
11.796000,0.749820,0.933110,5.701170,335.031040,-350.821810,75742.390630,,3.300480,-614.752380
11.798000,0.724180,0.698550,6.142090,335.065430,-350.822660,76003.945310,,3.481200,-614.752320
11.800000,0.667790,0.543460,5.926760,335.099520,-350.823300,75377.460940,1.000000,3.573490,-614.752080
11.802000,0.676760,0.720340,6.490720,335.132260,-350.822780,75887.929690,,3.394040,-614.752010
11.804000,0.733150,1.058720,6.152340,335.164090,-350.821840,75976.523440,,3.249210,-614.752380
11.806000,0.760070,1.134340,6.429200,335.196720,-350.821660,75903.750000,,3.262020,-614.752620
11.808000,0.719060,0.935670,6.593260,335.230530,-350.822660,75779.304690,1.000000,3.513240,-614.752560
11.810000,0.676760,0.895940,6.695800,335.263980,-350.823150,75655.898440,,3.524780,-614.752260
11.812000,0.698550,1.042050,6.747070,335.296720,-350.822450,76070.398440,,3.323550,-614.752200
11.814000,0.757510,1.159970,6.531740,335.329590,-350.821960,75631.648440,,3.278690,-614.752440
11.816000,0.749820,0.912600,7.372560,335.363890,-350.822300,76109.414060,1.000000,3.395320,-614.752500
11.818000,0.713930,0.684450,7.044430,335.398470,-350.823120,75821.492190,,3.559390,-614.752320
11.820000,0.687010,0.674190,6.921390,335.432070,-350.822880,76260.234380,,3.441470,-614.752080
11.822000,0.724180,0.924130,6.459960,335.464570,-350.822080,75956.492190,,3.303040,-614.752140
11.824000,0.751100,0.992070,6.121580,335.497500,-350.821720,75907.968750,1.000000,3.278690,-614.752380
11.826000,0.725460,0.758790,6.070310,335.531680,-350.822360,76058.796880,,3.437620,-614.752380
11.828000,0.676760,0.540890,6.090820,335.565950,-350.823240,75919.578130,,3.578610,-614.752080
11.830000,0.663940,0.653690,6.459960,335.598940,-350.822970,76173.757810,,3.451720,-614.752010
11.832000,0.719060,1.024110,6.213870,335.630650,-350.822050,75760.312500,1.000000,3.256900,-614.752260
11.834000,0.756230,1.204830,5.998540,335.662870,-350.821560,76034.531250,,3.232540,-614.752620
11.836000,0.729310,1.002320,6.357420,335.696530,-350.822390,75915.351560,,3.450440,-614.752620
11.838000,0.684450,0.892090,6.511230,335.730290,-350.823210,75931.179690,,3.559390,-614.752320
11.840000,0.689580,0.977970,6.880370,335.763280,-350.822660,75777.195310,1.000000,3.359440,-614.752140
11.842000,0.747250,1.140750,6.849610,335.796140,-350.821990,75827.820310,,3.274840,-614.752380
11.844000,0.752380,0.979250,7.085450,335.830140,-350.822140,75960.703130,,3.333800,-614.752560
11.846000,0.716490,0.738280,7.054690,335.864780,-350.823000,75641.132810,,3.558110,-614.752380
11.848000,0.687010,0.699830,6.613770,335.898560,-350.823060,75837.312500,1.000000,3.473510,-614.752080
11.850000,0.707520,0.908750,6.418950,335.931180,-350.822240,75787.734380,,3.341490,-614.752080
11.852000,0.745970,1.079220,6.183110,335.963750,-350.821750,75967.031250,,3.259460,-614.752380
11.854000,0.728030,0.884400,6.275390,335.997650,-350.822170,75800.398440,,3.400450,-614.752380
11.856000,0.687010,0.643430,6.593260,336.032040,-350.823090,75801.445310,1.000000,3.574770,-614.752200
11.858000,0.656250,0.621640,6.265140,336.065460,-350.823150,76009.218750,,3.495300,-614.752010
11.860000,0.702390,0.939510,6.183110,336.097630,-350.822240,75796.179690,,3.309450,-614.752200
11.862000,0.751100,1.130490,5.813960,336.129820,-350.821560,75818.320310,,3.204350,-614.752560
11.864000,0.740840,0.972840,6.142090,336.163510,-350.822110,75784.578130,1.000000,3.408140,-614.752620
11.866000,0.688290,0.792110,6.788090,336.197570,-350.823120,75937.500000,,3.567080,-614.752380
11.868000,0.680600,0.843380,7.085450,336.230830,-350.822850,75763.484380,,3.405580,-614.752140
11.870000,0.737000,1.035640,7.116210,336.263610,-350.822110,75913.250000,,3.291500,-614.752380
11.872000,0.760070,0.962590,7.013670,336.297270,-350.822020,76108.359380,1.000000,3.304320,-614.752500
11.874000,0.733150,0.678040,6.982910,336.331940,-350.822880,75842.585940,,3.514530,-614.752380
11.876000,0.695980,0.602420,6.736820,336.365840,-350.823150,76176.921880,,3.520940,-614.752080
11.878000,0.706240,0.789550,6.654790,336.398500,-350.822480,75865.789060,,3.344060,-614.752080
11.880000,0.745970,1.065120,6.541990,336.430660,-350.821780,76052.460940,1.000000,3.286380,-614.752260
11.882000,0.740840,0.962590,6.183110,336.464050,-350.821990,75775.078130,,3.332520,-614.752380
11.884000,0.701110,0.711360,6.347170,336.498230,-350.822940,75911.140630,,3.561950,-614.752260
11.886000,0.656250,0.603700,5.896000,336.531980,-350.823240,76071.453130,,3.522220,-614.752010
11.888000,0.684450,0.820310,6.131840,336.564360,-350.822510,76039.804690,1.000000,3.362000,-614.752080
11.890000,0.745970,1.063840,5.824220,336.596560,-350.821660,76118.914060,,3.222290,-614.752440
11.892000,0.751100,0.990780,6.408690,336.629820,-350.821930,75812.000000,,3.340210,-614.752690
11.894000,0.698550,0.813900,6.921390,336.663790,-350.822940,76007.109380,,3.563230,-614.752500
11.896000,0.675480,0.856200,6.788090,336.697080,-350.822970,75793.015630,1.000000,3.454280,-614.752200
11.898000,0.712650,1.022830,6.777830,336.729800,-350.822240,75786.679690,,3.305600,-614.752260
11.900000,0.756230,1.057430,6.439450,336.763120,-350.821960,75829.921880,,3.308170,-614.752500
11.902000,0.740840,0.774170,7.187990,336.797670,-350.822630,76074.617190,,3.451720,-614.752500
11.904000,0.698550,0.647280,6.747070,336.831880,-350.823150,75956.492190,1.000000,3.563230,-614.752200
11.906000,0.693420,0.742130,6.900880,336.864930,-350.822540,75554.648440,,3.368410,-614.752080
11.908000,0.733150,1.039490,6.644530,336.897130,-350.821930,75916.414060,,3.308170,-614.752200
11.910000,0.743410,1.002320,5.752440,336.930300,-350.821840,75842.585940,,3.303040,-614.752380
11.912000,0.715210,0.735720,6.203610,336.964600,-350.822720,75870.007810,1.000000,3.500430,-614.752320
11.914000,0.657530,0.566530,5.670410,336.998630,-350.823240,75817.265630,,3.564510,-614.752080
11.916000,0.671630,0.740840,6.172850,337.031340,-350.822720,75866.843750,,3.382510,-614.752010
11.918000,0.730590,1.048460,5.906250,337.063260,-350.821810,75955.437500,,3.253050,-614.752380
11.920000,0.754940,1.036930,6.624020,337.096250,-350.821720,75682.265630,1.000000,3.274840,-614.752690
11.922000,0.710080,0.798520,6.695800,337.130340,-350.822780,75781.414060,,3.537600,-614.752560
11.924000,0.669070,0.769040,6.593260,337.163910,-350.823120,75883.718750,,3.508120,-614.752260
11.926000,0.695980,0.933110,6.880370,337.196690,-350.822390,75914.296880,,3.318420,-614.752200
11.928000,0.748540,1.066410,6.357420,337.229610,-350.821930,75746.601560,1.000000,3.282530,-614.752440
11.930000,0.742130,0.842100,7.341800,337.263850,-350.822360,75595.789060,,3.413270,-614.752560
11.932000,0.707520,0.666500,6.982910,337.298190,-350.823180,76041.921880,,3.565800,-614.752320
11.934000,0.681880,0.688290,6.890630,337.331510,-350.822780,75867.898440,,3.424800,-614.752080
11.936000,0.721620,0.966430,6.695800,337.363830,-350.822020,76046.132810,1.000000,3.304320,-614.752140
11.938000,0.742130,1.012570,6.008790,337.396760,-350.821690,75892.148440,,3.283810,-614.752380
11.940000,0.717770,0.802370,6.019040,337.430820,-350.822390,76013.445310,,3.445310,-614.752380
11.942000,0.663940,0.601140,5.824220,337.465000,-350.823240,75839.421880,,3.581180,-614.752080
11.944000,0.657530,0.713930,6.531740,337.497990,-350.822910,75888.992190,1.000000,3.437620,-614.752010
11.946000,0.719060,1.016420,6.131840,337.529970,-350.822020,76203.289060,,3.256900,-614.752320
11.948000,0.751100,1.112550,6.347170,337.562590,-350.821560,75819.375000,,3.253050,-614.752620
11.950000,0.724180,0.885680,6.613770,337.596530,-350.822510,76104.140630,,3.472230,-614.752620
11.952000,0.676760,0.797240,6.572750,337.630310,-350.823180,75728.671880,1.000000,3.554260,-614.752320
11.954000,0.687010,0.913880,7.003420,337.663240,-350.822540,76041.921880,,3.347900,-614.752200
11.956000,0.743410,1.084350,6.367680,337.696010,-350.821960,75888.992190,,3.281250,-614.752380
11.958000,0.744690,0.912600,7.270020,337.730070,-350.822200,75823.601560,,3.367130,-614.752560
11.960000,0.713930,0.651120,6.900880,337.764710,-350.823030,75950.156250,1.000000,3.564510,-614.752380
11.962000,0.681880,0.620360,6.839360,337.798460,-350.822970,75923.796880,,3.460690,-614.752080
11.964000,0.706240,0.838260,6.449710,337.831050,-350.822170,76022.929690,,3.342770,-614.752140
11.966000,0.744690,0.994630,5.896000,337.863740,-350.821720,75648.523440,,3.265870,-614.752380
11.968000,0.724180,0.797240,6.336910,337.897710,-350.822200,76088.328130,1.000000,3.420960,-614.752380
11.970000,0.679320,0.569090,5.947270,337.932040,-350.823120,75854.187500,,3.582460,-614.752200
11.972000,0.652400,0.589600,6.429200,337.965360,-350.823090,75802.500000,,3.494020,-614.752010
11.974000,0.703670,0.926700,6.388180,337.997340,-350.822140,75963.867190,,3.295350,-614.752200
11.976000,0.748540,1.127930,5.916500,338.029450,-350.821530,75819.375000,1.000000,3.214600,-614.752620
11.978000,0.734440,0.997190,6.275390,338.062900,-350.822170,75990.234380,,3.431210,-614.752690
11.980000,0.687010,0.877990,6.583010,338.096590,-350.823120,75673.828130,,3.569640,-614.752380
11.982000,0.675480,0.939510,6.962400,338.129550,-350.822750,75862.617190,,3.396610,-614.752140
11.984000,0.735720,1.106140,6.808590,338.162290,-350.822050,75731.835940,1.000000,3.296630,-614.752380
11.986000,0.753660,0.981810,7.280270,338.196080,-350.822020,76047.195310,,3.317140,-614.752500
11.988000,0.722900,0.701110,6.993160,338.230800,-350.822880,75820.429690,,3.538880,-614.752380
11.990000,0.688290,0.647280,6.767580,338.264740,-350.823060,75587.351560,,3.504270,-614.752080
11.992000,0.697270,0.803650,6.583010,338.297640,-350.822360,76123.125000,1.000000,3.353030,-614.752080
11.994000,0.740840,1.012570,6.172850,338.330230,-350.821750,75686.484380,,3.282530,-614.752320
11.996000,0.734440,0.856200,6.224120,338.364010,-350.822050,76006.054690,,3.362000,-614.752380
11.998000,0.690860,0.625490,6.357420,338.398410,-350.823000,75981.796880,,3.578610,-614.752260
12.000000,0.652400,0.572940,6.490720,338.432070,-350.823210,76277.117190,1.000000,3.519650,-614.752010
12.000000,0.652400,0.572940,6.490720,338.432070,-350.823210,76277.117190,1.000000,3.519650,-614.752010
12.002000,0.689580,0.877990,6.295900,338.464170,-350.822390,75840.476560,,3.354310,-614.752140
12.004000,0.748540,1.135620,6.049800,338.496150,-350.821560,75878.437500,,3.204350,-614.752500
12.006000,0.744690,1.074100,6.131840,338.529300,-350.821960,76135.789060,,3.381230,-614.752690
12.008000,0.693420,0.892090,6.777830,338.563110,-350.823000,75878.437500,1.000000,3.572200,-614.752440
12.010000,0.674190,0.926700,6.798340,338.596310,-350.822940,75973.359380,,3.447880,-614.752200
12.012000,0.717770,1.071530,7.187990,338.629030,-350.822170,75829.921880,,3.304320,-614.752260
12.014000,0.756230,1.031800,6.644530,338.662600,-350.821960,76058.796880,,3.308170,-614.752500
12.016000,0.737000,0.711360,7.341800,338.697360,-350.822660,75915.351560,1.000000,3.470950,-614.752440
12.018000,0.694700,0.569090,6.675290,338.731690,-350.823120,75914.296880,,3.558110,-614.752200
12.020000,0.697270,0.663940,6.541990,338.764860,-350.822510,75742.390630,,3.363280,-614.752080
12.022000,0.735720,0.924130,6.439450,338.797300,-350.821840,75931.179690,,3.304320,-614.752260
12.024000,0.740840,0.863890,5.947270,338.830690,-350.821840,75873.171880,1.000000,3.310730,-614.752380
12.026000,0.707520,0.634460,6.367680,338.864990,-350.822810,75659.062500,,3.529910,-614.752320
12.028000,0.658810,0.525510,6.060060,338.898830,-350.823270,75901.648440,,3.561950,-614.752080
12.030000,0.678040,0.749820,6.131840,338.931210,-350.822660,75944.882810,,3.377380,-614.752080
12.032000,0.735720,1.074100,5.916500,338.963010,-350.821690,75921.679690,1.000000,3.240230,-614.752380
12.034000,0.753660,1.083070,6.521480,338.995790,-350.821750,75650.632810,,3.291500,-614.752690
12.036000,0.704960,0.872860,6.911130,339.029630,-350.822810,75758.203130,,3.551700,-614.752560
12.038000,0.671630,0.897220,6.849610,339.062840,-350.823030,75909.031250,,3.488890,-614.752200
12.040000,0.701110,1.044620,6.839360,339.095520,-350.822300,75518.796880,1.000000,3.309450,-614.752200
12.042000,0.751100,1.099730,6.634280,339.128660,-350.821930,75772.976560,,3.292790,-614.752440
12.044000,0.744690,0.797240,6.941890,339.163240,-350.822450,75862.617190,,3.428650,-614.752500
12.046000,0.708800,0.604980,6.890630,339.197720,-350.823180,76006.054690,,3.564510,-614.752260
12.048000,0.690860,0.637020,6.921390,339.231140,-350.822690,75765.593750,1.000000,3.406860,-614.752080
12.050000,0.731870,0.907470,6.982910,339.263610,-350.821990,75691.765630,,3.301760,-614.752200
12.052000,0.742130,0.940800,6.070310,339.296630,-350.821720,76030.320310,,3.294070,-614.752380
12.054000,0.721620,0.730590,6.224120,339.330780,-350.822510,75911.140630,,3.460690,-614.752320
12.056000,0.666500,0.572940,5.742190,339.364810,-350.823270,75906.914060,1.000000,3.581180,-614.752080
12.058000,0.669070,0.724180,6.152340,339.397610,-350.822810,75891.093750,,3.413270,-614.752010
12.060000,0.724180,1.031800,6.080570,339.429500,-350.821930,76181.132810,,3.254330,-614.752320
12.062000,0.752380,1.115110,6.367680,339.462160,-350.821590,75823.601560,,3.254330,-614.752620
12.064000,0.721620,0.915160,6.941890,339.495970,-350.822570,75853.132810,1.000000,3.487610,-614.752620
12.066000,0.675480,0.883120,6.695800,339.529510,-350.823150,76052.460940,,3.535030,-614.752320
12.068000,0.690860,1.011290,6.675290,339.562410,-350.822510,75879.492190,,3.331240,-614.752140
12.070000,0.748540,1.112550,6.449710,339.595430,-350.821960,76091.484380,,3.281250,-614.752380
12.072000,0.749820,0.879270,7.013670,339.629760,-350.822300,75708.640630,1.000000,3.381230,-614.752500
12.074000,0.715210,0.625490,7.126460,339.664490,-350.823090,76206.453130,,3.556820,-614.752380
12.076000,0.685730,0.611390,7.105960,339.698240,-350.822940,75982.859380,,3.447880,-614.752080
12.078000,0.715210,0.831850,6.798340,339.730870,-350.822110,75877.382810,,3.320980,-614.752140
12.080000,0.744690,0.938230,6.008790,339.763730,-350.821720,75956.492190,1.000000,3.269710,-614.752380
12.082000,0.725460,0.734440,6.070310,339.797760,-350.822270,75916.414060,,3.429930,-614.752380
12.084000,0.683170,0.547300,5.834470,339.831940,-350.823210,75951.210940,,3.574770,-614.752140
12.086000,0.657530,0.637020,6.090820,339.864960,-350.823000,75624.257810,,3.467100,-614.751950
12.088000,0.710080,0.958740,6.347170,339.896910,-350.822110,76092.539060,1.000000,3.272280,-614.752200
12.090000,0.751100,1.109990,5.988280,339.929230,-350.821560,75883.718750,,3.228700,-614.752620
12.092000,0.735720,0.931820,6.521480,339.962920,-350.822330,75804.609380,,3.437620,-614.752620
12.094000,0.689580,0.847230,6.347170,339.996640,-350.823180,75782.468750,,3.559390,-614.752380
12.096000,0.683170,0.948490,6.911130,340.029600,-350.822690,75904.804690,1.000000,3.370970,-614.752140
12.098000,0.739560,1.108700,6.459960,340.062440,-350.822020,75947.000000,,3.288940,-614.752380
12.100000,0.751100,0.954900,7.044430,340.096440,-350.822110,75608.445310,,3.327390,-614.752500
12.102000,0.721620,0.674190,7.198240,340.131160,-350.822970,75849.960940,,3.552980,-614.752380
12.104000,0.694700,0.637020,6.798340,340.165040,-350.823090,75772.976560,1.000000,3.482480,-614.752140
12.106000,0.702390,0.817750,6.829100,340.197750,-350.822270,76008.164060,,3.345340,-614.752080
12.108000,0.742130,1.002320,5.752440,340.230350,-350.821750,75794.070310,,3.272280,-614.752320
12.110000,0.733150,0.808780,6.193360,340.264220,-350.822110,75680.156250,,3.382510,-614.752380
12.112000,0.694700,0.560120,6.101070,340.298650,-350.823060,76194.851560,1.000000,3.579900,-614.752200
12.114000,0.656250,0.538330,6.316410,340.332180,-350.823180,75825.710940,,3.501710,-614.751950
12.116000,0.693420,0.839540,6.388180,340.364350,-350.822300,76058.796880,,3.335080,-614.752080
12.118000,0.748540,1.052310,5.947270,340.396510,-350.821560,75934.335940,,3.205630,-614.752500
12.120000,0.744690,0.943360,6.295900,340.429990,-350.822050,75872.109380,1.000000,3.396610,-614.752620
12.122000,0.694700,0.786990,6.449710,340.463900,-350.823090,75840.476560,,3.576050,-614.752380
12.124000,0.680600,0.852360,6.921390,340.497040,-350.822910,75794.070310,,3.420960,-614.752200
12.126000,0.726750,1.033080,6.777830,340.529690,-350.822140,76142.109380,,3.303040,-614.752260
12.128000,0.753660,1.010010,7.013670,340.563140,-350.821990,75935.390630,1.000000,3.312010,-614.752440
12.130000,0.735720,0.744690,7.362300,340.597690,-350.822810,76130.515630,,3.494020,-614.752380
12.132000,0.701110,0.708800,6.777830,340.631440,-350.823120,75765.593750,,3.542720,-614.752200
12.134000,0.702390,0.881840,6.675290,340.664090,-350.822450,75901.648440,,3.346620,-614.752080
12.136000,0.734440,1.107420,5.988280,340.696440,-350.821810,75933.281250,1.000000,3.306880,-614.752260
12.138000,0.735720,0.963870,5.937010,340.730070,-350.821960,75794.070310,,3.326110,-614.752380
12.140000,0.704960,0.687010,6.049800,340.764590,-350.822910,76050.351560,,3.545290,-614.752260
12.142000,0.658810,0.575500,6.275390,340.798610,-350.823210,76042.976560,,3.536320,-614.752080
12.144000,0.679320,0.786990,6.101070,340.831240,-350.822540,75891.093750,1.000000,3.365840,-614.752080
12.146000,0.733150,1.049740,5.937010,340.863460,-350.821660,75747.656250,,3.237670,-614.752380
12.148000,0.745970,0.993350,6.326660,340.896760,-350.821870,75878.437500,,3.319700,-614.752620
12.150000,0.701110,0.810060,6.377930,340.930790,-350.822940,75891.093750,,3.565800,-614.752500
12.152000,0.678040,0.862610,6.911130,340.964110,-350.823030,75894.257810,1.000000,3.468380,-614.752260
12.154000,0.704960,1.021550,6.859860,340.996830,-350.822240,75808.835940,,3.303040,-614.752260
12.156000,0.747250,1.084350,6.931640,341.030060,-350.821960,75805.664060,,3.305600,-614.752440
12.158000,0.737000,0.820310,7.003420,341.064450,-350.822510,75925.906250,,3.445310,-614.752500
12.160000,0.704960,0.702390,6.921390,341.098630,-350.823180,75896.375000,1.000000,3.569640,-614.752260
12.162000,0.694700,0.779300,6.685550,341.131710,-350.822600,75809.890630,,3.386350,-614.752080
12.164000,0.729310,1.031800,6.306150,341.164150,-350.821930,75930.117190,,3.304320,-614.752200
12.166000,0.739560,0.986940,6.254880,341.197420,-350.821750,76046.132810,,3.304320,-614.752380
12.168000,0.717770,0.726750,6.162600,341.231840,-350.822630,75834.140630,1.000000,3.483760,-614.752320
12.168000,0.717770,0.726750,6.162600,341.231840,-350.822630,75834.140630,1.000000,3.483760,-614.752320
12.170000,0.667790,0.549870,6.172850,341.266020,-350.823270,75646.414060,,3.578610,-614.752080
12.172000,0.674190,0.693420,6.080570,341.299010,-350.822780,75940.671880,,3.400450,-614.752010
12.174000,0.726750,0.956180,5.885740,341.331180,-350.821840,75896.375000,,3.254330,-614.752380
12.176000,0.752380,0.985660,6.183110,341.364110,-350.821660,75895.320310,1.000000,3.269710,-614.752620
12.178000,0.717770,0.804930,6.900880,341.398010,-350.822660,75860.507810,,3.518370,-614.752560
12.180000,0.676760,0.836980,6.911130,341.431340,-350.823120,76212.773440,,3.526060,-614.752260
12.182000,0.694700,1.035640,6.900880,341.463870,-350.822390,75803.554690,,3.324830,-614.752200
12.184000,0.748540,1.144590,6.706050,341.496730,-350.821930,75825.710940,1.000000,3.283810,-614.752380
12.186000,0.743410,0.874150,6.767580,341.531070,-350.822330,75958.601560,,3.408140,-614.752500
12.188000,0.716490,0.649840,6.993160,341.565610,-350.823120,75868.945310,,3.563230,-614.752320
12.190000,0.690860,0.699830,6.552250,341.599030,-350.822810,76100.984380,,3.436340,-614.752080
12.192000,0.720340,0.981810,6.890630,341.631380,-350.821990,75815.156250,1.000000,3.306880,-614.752140
12.194000,0.742130,1.030520,6.224120,341.664340,-350.821690,76209.617190,,3.282530,-614.752380
12.196000,0.721620,0.804930,6.152340,341.698490,-350.822360,75928.015630,,3.445310,-614.752380
12.198000,0.680600,0.604980,5.854980,341.732730,-350.823270,75815.156250,,3.586300,-614.752080
12.200000,0.669070,0.704960,5.937010,341.765780,-350.822970,75870.007810,1.000000,3.458130,-614.752010
12.202000,0.717770,0.995910,6.121580,341.797850,-350.822020,75884.773440,,3.258180,-614.752260
12.204000,0.749820,1.101010,6.090820,341.830440,-350.821530,75874.218750,,3.241520,-614.752560
12.206000,0.730590,0.907470,6.829100,341.864260,-350.822390,75681.218750,,3.458130,-614.752620
12.208000,0.689580,0.871580,6.624020,341.897830,-350.823180,76021.875000,1.000000,3.561950,-614.752380
12.210000,0.689580,1.018980,6.747070,341.930540,-350.822570,75938.562500,,3.351750,-614.752140
12.212000,0.740840,1.144590,6.377930,341.963440,-350.821960,75760.312500,,3.286380,-614.752320
12.214000,0.745970,0.943360,6.890630,341.997620,-350.822170,75658.007810,,3.353030,-614.752440
12.216000,0.720340,0.666500,7.054690,342.032440,-350.823000,75815.156250,1.000000,3.563230,-614.752380
12.218000,0.697270,0.663940,6.829100,342.066220,-350.823030,76005.007810,,3.473510,-614.752140
12.220000,0.708800,0.875430,6.870120,342.098910,-350.822200,75627.421880,,3.342770,-614.752140
12.222000,0.742130,0.999760,6.019040,342.131740,-350.821720,75823.601560,,3.272280,-614.752320
12.224000,0.724180,0.779300,5.967770,342.165860,-350.822170,75970.203130,1.000000,3.406860,-614.752380
12.226000,0.692140,0.560120,6.193360,342.200260,-350.823120,75973.359380,,3.590150,-614.752200
12.228000,0.662660,0.630620,6.193360,342.233370,-350.823150,75642.187500,,3.497860,-614.752010
12.230000,0.702390,1.012570,6.459960,342.265140,-350.822140,75661.179690,,3.312010,-614.752140
12.232000,0.744690,1.189450,6.183110,342.297210,-350.821530,76127.343750,1.000000,3.209470,-614.752500
12.234000,0.738280,1.013850,6.583010,342.330780,-350.822110,75711.804690,,3.428650,-614.752620
12.236000,0.697270,0.861330,6.541990,342.364560,-350.823120,75824.656250,,3.574770,-614.752380
12.238000,0.685730,0.962590,6.706050,342.397550,-350.822780,75891.093750,,3.400450,-614.752200
12.240000,0.730590,1.144590,6.706050,342.430270,-350.822020,76299.257810,1.000000,3.294070,-614.752320
12.242000,0.751100,1.012570,6.993160,342.464110,-350.821990,75736.062500,,3.319700,-614.752440
12.244000,0.731870,0.704960,7.259770,342.499050,-350.822880,75698.085940,,3.519650,-614.752380
12.246000,0.704960,0.625490,7.023930,342.533170,-350.823150,76146.335940,,3.528630,-614.752140
12.248000,0.710080,0.785710,6.624020,342.566160,-350.822450,76053.515630,1.000000,3.350460,-614.752080
12.250000,0.740840,0.985660,6.060060,342.598790,-350.821750,76161.101560,,3.291500,-614.752260
12.250000,0.740840,0.985660,6.060060,342.598790,-350.821750,76161.101560,,3.291500,-614.752260
12.252000,0.734440,0.830570,5.978030,342.632600,-350.821960,75818.320310,,3.337650,-614.752380
12.254000,0.703670,0.621640,6.183110,342.666900,-350.822940,76157.929690,,3.574770,-614.752260
12.256000,0.666500,0.631900,6.429200,342.700320,-350.823240,75781.414060,1.000000,3.531190,-614.752010
12.258000,0.693420,0.931820,6.449710,342.732300,-350.822480,75865.789060,,3.356870,-614.752080
12.260000,0.740840,1.175350,6.060060,342.764280,-350.821560,75959.656250,,3.221010,-614.752380
12.262000,0.744690,1.052310,6.367680,342.797580,-350.821930,76110.468750,,3.351750,-614.752620
12.264000,0.703670,0.854920,6.347170,342.831510,-350.822970,75835.195310,1.000000,3.574770,-614.752440
12.266000,0.687010,0.919010,6.757320,342.864720,-350.822970,75639.031250,,3.451720,-614.752200
12.268000,0.717770,1.076660,6.583010,342.897400,-350.822170,75834.140630,,3.299190,-614.752260
12.270000,0.751100,1.026670,7.013670,342.931060,-350.821930,75896.375000,,3.312010,-614.752380
12.272000,0.737000,0.674190,7.187990,342.965970,-350.822600,75880.554690,1.000000,3.461980,-614.752380
12.274000,0.706240,0.533200,7.054690,343.000400,-350.823210,75654.843750,,3.572200,-614.752200
12.276000,0.707520,0.683170,6.747070,343.033420,-350.822570,75810.937500,,3.374820,-614.752080
12.278000,0.739560,1.006160,6.111330,343.065610,-350.821840,75886.875000,,3.297910,-614.752200
12.280000,0.735720,0.963870,5.896000,343.098790,-350.821780,75650.632810,1.000000,3.306880,-614.752380
12.282000,0.716490,0.716490,6.275390,343.132970,-350.822720,75881.609380,,3.513240,-614.752260
12.284000,0.672910,0.620360,6.121580,343.166690,-350.823300,75841.523440,,3.581180,-614.752080
12.286000,0.684450,0.881840,6.357420,343.198970,-350.822720,75993.398440,,3.382510,-614.752080
12.288000,0.730590,1.202270,5.762700,343.230710,-350.821690,75834.140630,1.000000,3.241520,-614.752380
12.290000,0.744690,1.143310,6.326660,343.263700,-350.821660,75659.062500,,3.276120,-614.752620
12.292000,0.708800,0.924130,6.449710,343.297730,-350.822750,76002.890630,,3.537600,-614.752440
12.294000,0.681880,0.922850,6.665040,343.331180,-350.823120,75662.234380,,3.511960,-614.752260
12.296000,0.708800,1.083070,6.941890,343.363980,-350.822390,76048.250000,1.000000,3.313290,-614.752260
12.298000,0.748540,1.108700,6.849610,343.397280,-350.821930,75835.195310,,3.285100,-614.752380
12.300000,0.737000,0.778020,7.146970,343.432040,-350.822390,75945.937500,,3.423520,-614.752440
12.302000,0.713930,0.588320,6.767580,343.466640,-350.823180,75861.562500,,3.564510,-614.752260
12.304000,0.698550,0.687010,6.900880,343.499940,-350.822780,75724.460940,1.000000,3.426090,-614.752080
12.306000,0.733150,1.016420,6.470210,343.532040,-350.821960,76177.976560,,3.294070,-614.752200
12.308000,0.739560,1.049740,6.090820,343.565000,-350.821690,75937.500000,,3.288940,-614.752380
12.310000,0.716490,0.779300,6.306150,343.599240,-350.822390,76268.671880,,3.456850,-614.752320
12.312000,0.678040,0.588320,6.008790,343.633450,-350.823270,75807.781250,1.000000,3.588870,-614.752080
12.314000,0.675480,0.748540,6.070310,343.666290,-350.822910,75932.226560,,3.437620,-614.752010
12.316000,0.724180,1.076660,5.824220,343.698180,-350.821960,75904.804690,,3.245360,-614.752320
12.318000,0.745970,1.126650,6.019040,343.730960,-350.821470,75790.898440,,3.246640,-614.752560
12.320000,0.722900,0.885680,6.480470,343.764950,-350.822480,76081.992190,1.000000,3.477360,-614.752560
12.322000,0.688290,0.813900,6.931640,343.798710,-350.823210,75980.742190,,3.561950,-614.752320
12.324000,0.702390,0.980530,6.952150,343.831450,-350.822570,75919.578130,,3.347900,-614.752200
12.326000,0.747250,1.149720,6.634280,343.864140,-350.821900,75704.421880,,3.268430,-614.752380
12.328000,0.738280,0.921570,7.054690,343.898280,-350.822170,75860.507810,1.000000,3.370970,-614.752440
12.330000,0.717770,0.643430,6.634280,343.932980,-350.823060,75785.625000,,3.576050,-614.752320
12.332000,0.699830,0.649840,6.839360,343.966580,-350.823000,75779.304690,,3.469670,-614.752080
12.334000,0.724180,0.925420,6.531740,343.998870,-350.822110,75873.171880,,3.329960,-614.752140
12.336000,0.744690,1.084350,6.326660,344.031430,-350.821660,75870.007810,1.000000,3.256900,-614.752320
12.338000,0.719060,0.825440,6.152340,344.065490,-350.822140,76069.335940,,3.420960,-614.752320
12.340000,0.687010,0.599850,5.947270,344.099910,-350.823120,75852.078130,,3.582460,-614.752080
12.342000,0.666500,0.644710,6.193360,344.133180,-350.823150,75807.781250,,3.497860,-614.752010
12.344000,0.716490,0.995910,5.813960,344.165190,-350.822140,76026.093750,1.000000,3.291500,-614.752200
12.346000,0.748540,1.129210,6.142090,344.197570,-350.821560,75804.609380,,3.210750,-614.752560
12.348000,0.734440,0.936950,6.583010,344.231350,-350.822200,75774.023440,,3.440190,-614.752560
12.350000,0.695980,0.860050,7.095700,344.265010,-350.823180,75651.679690,,3.573490,-614.752380
12.352000,0.694700,1.010010,6.798340,344.297760,-350.822750,76128.398440,1.000000,3.388920,-614.752200
12.354000,0.744690,1.245850,6.613770,344.330200,-350.821990,75712.851560,,3.287660,-614.752380
12.356000,0.748540,1.093320,6.982910,344.363950,-350.822020,75895.320310,,3.323550,-614.752440
12.358000,0.724180,0.763920,6.880370,344.398710,-350.822910,75863.671880,,3.549130,-614.752320
12.360000,0.706240,0.697270,7.126460,344.432680,-350.823120,76182.195310,1.000000,3.509400,-614.752080
12.362000,0.716490,0.877990,6.736820,344.465480,-350.822390,75801.445310,,3.351750,-614.752080
12.364000,0.748540,1.079220,6.500980,344.498020,-350.821690,75888.992190,,3.265870,-614.752320
12.366000,0.730590,0.843380,5.752440,344.532070,-350.821960,76052.460940,,3.355590,-614.752320
12.368000,0.694700,0.571660,5.926760,344.566710,-350.822970,76038.750000,1.000000,3.583740,-614.752140
12.370000,0.666500,0.535770,6.336910,344.600460,-350.823270,76208.554690,,3.532470,-614.751950
12.372000,0.707520,0.861330,6.295900,344.632660,-350.822420,75825.710940,,3.351750,-614.752140
12.374000,0.753660,1.117680,6.244630,344.664700,-350.821530,76115.750000,,3.196660,-614.752440
12.376000,0.739560,0.983090,6.665040,344.698120,-350.821930,75904.804690,1.000000,3.383790,-614.752560
12.378000,0.701110,0.828000,6.685550,344.731960,-350.823030,75834.140630,,3.586300,-614.752380
12.380000,0.695980,0.954900,6.613770,344.764800,-350.822940,75849.960940,,3.449160,-614.752200
12.382000,0.739560,1.216370,6.552250,344.796970,-350.822110,75915.351560,,3.295350,-614.752320
12.384000,0.758790,1.206120,6.849610,344.830200,-350.821840,75968.093750,1.000000,3.301760,-614.752440
12.386000,0.733150,0.856200,7.270020,344.864810,-350.822630,75604.226560,,3.478640,-614.752380
12.388000,0.699830,0.722900,7.136720,344.898990,-350.823150,76016.609380,,3.570920,-614.752080
12.390000,0.712650,0.836980,6.500980,344.932070,-350.822540,75809.890630,,3.364560,-614.752080
12.392000,0.749820,1.074100,6.090820,344.964570,-350.821840,75967.031250,1.000000,3.301760,-614.752260
12.394000,0.743410,0.911320,5.854980,344.998380,-350.821810,75776.132810,,3.303040,-614.752380
12.396000,0.710080,0.580630,6.080570,345.033140,-350.822780,75843.640630,,3.537600,-614.752200
12.398000,0.669070,0.492190,6.193360,345.067140,-350.823300,75910.085940,,3.572200,-614.751950
12.400000,0.694700,0.763920,6.388180,345.099520,-350.822690,75549.382810,1.000000,3.378660,-614.752080
12.402000,0.744690,1.106140,6.152340,345.131320,-350.821620,76001.843750,,3.232540,-614.752380
12.404000,0.747250,1.040770,6.183110,345.164400,-350.821690,75945.937500,,3.290220,-614.752620
12.406000,0.701110,0.828000,6.624020,345.198360,-350.822810,75861.562500,,3.565800,-614.752380
12.408000,0.684450,0.884400,6.665040,345.231480,-350.823090,75788.789060,1.000000,3.499150,-614.752200
12.410000,0.721620,1.101010,6.747070,345.263920,-350.822330,75603.171880,,3.310730,-614.752260
12.412000,0.760070,1.183040,6.921390,345.296840,-350.821840,75973.359380,,3.278690,-614.752440
12.414000,0.734440,0.857480,7.229000,345.331360,-350.822360,75615.820310,,3.431210,-614.752380
12.416000,0.704960,0.649840,6.941890,345.365880,-350.823150,75937.500000,1.000000,3.576050,-614.752140
12.418000,0.699830,0.720340,6.603520,345.399140,-350.822690,75865.789060,,3.413270,-614.752010
12.420000,0.745970,1.013850,6.634280,345.431490,-350.821990,76063.015630,,3.296630,-614.752200
12.422000,0.752380,0.992070,5.813960,345.464660,-350.821690,75698.085940,,3.287660,-614.752380
12.424000,0.715210,0.663940,6.500980,345.499240,-350.822480,75723.406250,1.000000,3.472230,-614.752260
12.426000,0.667790,0.458860,6.121580,345.533510,-350.823300,76195.898440,,3.596560,-614.752010
12.428000,0.684450,0.665220,6.244630,345.566160,-350.822850,75816.210940,,3.417110,-614.752010
12.430000,0.740840,1.045900,5.998540,345.597810,-350.821870,76154.765630,,3.238950,-614.752380
12.432000,0.754940,1.140750,5.978030,345.630310,-350.821470,75805.664060,1.000000,3.246640,-614.752620
12.434000,0.711360,0.888240,6.695800,345.664180,-350.822510,76070.398440,,3.495300,-614.752440
12.436000,0.678040,0.862610,6.726560,345.697630,-350.823180,75866.843750,,3.550420,-614.752200
12.438000,0.706240,1.022830,7.003420,345.730320,-350.822510,75846.796880,,3.332520,-614.752200
12.440000,0.763920,1.144590,6.644530,345.763210,-350.821960,75798.281250,1.000000,3.272280,-614.752440
12.442000,0.748540,0.893370,6.982910,345.797550,-350.822200,75875.273440,,3.370970,-614.752500
12.444000,0.710080,0.634460,6.757320,345.832210,-350.823030,75994.453130,,3.565800,-614.752200
12.446000,0.688290,0.694700,6.429200,345.865660,-350.822940,75558.875000,,3.453000,-614.752010
12.448000,0.729310,0.965150,6.726560,345.898010,-350.822110,76055.632810,1.000000,3.319700,-614.752140
12.450000,0.761350,1.068970,6.101070,345.930790,-350.821750,75978.632810,,3.271000,-614.752380
12.452000,0.725460,0.795960,6.429200,345.964970,-350.822240,75817.265630,,3.426090,-614.752320
12.454000,0.679320,0.560120,6.142090,345.999360,-350.823210,75743.437500,,3.590150,-614.752080
12.456000,0.666500,0.647280,6.101070,346.032380,-350.823030,75815.156250,1.000000,3.469670,-614.751890
12.458000,0.725460,0.994630,5.834470,346.064300,-350.822050,76044.031250,,3.265870,-614.752200
12.460000,0.762630,1.124080,5.834470,346.096680,-350.821470,75708.640630,,3.215880,-614.752620
12.462000,0.733150,0.867740,6.541990,346.130650,-350.822240,75813.054690,,3.442750,-614.752560
12.464000,0.687010,0.743410,6.644530,346.164610,-350.823180,75875.273440,1.000000,3.570920,-614.752260
12.466000,0.693420,0.853640,7.218750,346.197570,-350.822690,75918.515630,,3.364560,-614.752080
12.468000,0.753660,1.043330,6.665040,346.230380,-350.822020,75671.718750,,3.279970,-614.752380
12.470000,0.760070,0.881840,6.952150,346.264340,-350.822110,75663.289060,,3.322270,-614.752500
12.472000,0.720340,0.566530,6.695800,346.299160,-350.822940,75963.867190,1.000000,3.556820,-614.752320
12.474000,0.693420,0.544740,6.808590,346.332920,-350.823090,75882.664060,,3.488890,-614.752010
12.476000,0.715210,0.801090,6.593260,346.365300,-350.822330,75925.906250,,3.342770,-614.752080
12.478000,0.758790,1.033080,6.511230,346.397610,-350.821750,75875.273440,,3.269710,-614.752380
12.480000,0.739560,0.867740,6.121580,346.431240,-350.822050,75983.914060,1.000000,3.368410,-614.752380
12.482000,0.688290,0.615230,5.998540,346.465450,-350.823000,75878.437500,,3.587590,-614.752080
12.484000,0.652400,0.615230,6.326660,346.498750,-350.823210,75918.515630,,3.515810,-614.751830
12.486000,0.698550,0.927980,5.813960,346.530760,-350.822330,76179.031250,,3.332520,-614.752080
12.488000,0.756230,1.101010,5.885740,346.562990,-350.821560,75951.210940,1.000000,3.200500,-614.752500
12.490000,0.744690,0.908750,6.490720,346.596710,-350.821990,75975.468750,,3.392760,-614.752620
12.492000,0.687010,0.722900,6.993160,346.630740,-350.823030,75787.734380,,3.582460,-614.752320
12.494000,0.678040,0.840820,6.685550,346.663790,-350.822880,75898.484380,,3.423520,-614.752080
12.496000,0.733150,1.054870,6.572750,346.696350,-350.822110,75906.914060,1.000000,3.292790,-614.752260
12.496000,0.733150,1.054870,6.572750,346.696350,-350.822110,75906.914060,1.000000,3.292790,-614.752260
12.498000,0.762630,0.995910,6.747070,346.729980,-350.821960,75849.960940,,3.309450,-614.752440
12.500000,0.731870,0.663940,6.993160,346.764770,-350.822750,76032.429690,,3.496580,-614.752380
12.500000,0.731870,0.663940,6.993160,346.764770,-350.822750,76032.429690,,3.496580,-614.752380
12.502000,0.688290,0.560120,6.880370,346.798890,-350.823120,75974.421880,,3.551700,-614.752080
12.504000,0.702390,0.763920,6.829100,346.831600,-350.822480,76084.101560,1.000000,3.346620,-614.752010
12.506000,0.744690,1.053590,6.429200,346.863800,-350.821810,75692.820310,,3.292790,-614.752260
12.508000,0.742130,0.954900,5.721680,346.897190,-350.821900,75794.070310,,3.317140,-614.752380
12.510000,0.698550,0.643430,5.742190,346.931640,-350.822850,75853.132810,,3.546570,-614.752200
12.512000,0.644710,0.553710,5.947270,346.965450,-350.823240,75871.062500,1.000000,3.550420,-614.751830
12.514000,0.675480,0.816470,6.131840,346.997770,-350.822570,76059.851560,,3.358150,-614.751950
12.516000,0.740840,1.085630,6.224120,347.029850,-350.821620,75911.140630,,3.224850,-614.752380
12.518000,0.749820,0.977970,6.388180,347.063140,-350.821840,75818.320310,,3.313290,-614.752620
12.520000,0.693420,0.722900,6.777830,347.097380,-350.822910,75808.835940,1.000000,3.568360,-614.752440
12.522000,0.663940,0.753660,6.531740,347.130740,-350.823060,75819.375000,,3.479920,-614.752080
12.524000,0.702390,0.960020,6.408690,347.163360,-350.822240,75867.898440,,3.294070,-614.752140
12.526000,0.752380,1.004880,6.788090,347.196590,-350.821930,75857.343750,,3.296630,-614.752440
12.528000,0.734440,0.704960,7.198240,347.231170,-350.822510,75837.312500,1.000000,3.440190,-614.752440
12.530000,0.692140,0.562680,7.208500,347.265440,-350.823180,75701.250000,,3.573490,-614.752140
12.532000,0.681880,0.695980,6.798340,347.298340,-350.822600,76011.328130,,3.390200,-614.751950
12.534000,0.728030,1.012570,6.388180,347.330440,-350.821960,75970.203130,,3.295350,-614.752140
12.536000,0.743410,0.960020,5.762700,347.363650,-350.821780,75945.937500,1.000000,3.300480,-614.752380
12.538000,0.713930,0.663940,5.978030,347.398070,-350.822570,76022.929690,,3.477360,-614.752320
12.540000,0.647280,0.519100,6.070310,347.432070,-350.823210,76079.882810,,3.581180,-614.751950
12.542000,0.653690,0.778020,6.388180,347.464510,-350.822720,75783.515630,,3.387630,-614.751890
12.544000,0.716490,1.102290,6.203610,347.496310,-350.821840,75815.156250,1.000000,3.244080,-614.752260
12.546000,0.751100,1.065120,6.213870,347.529330,-350.821690,76201.171880,,3.267150,-614.752620
12.548000,0.710080,0.788270,6.685550,347.563540,-350.822720,75877.382810,,3.520940,-614.752560
12.550000,0.662660,0.766480,6.665040,347.597050,-350.823150,76207.500000,,3.527340,-614.752200
12.552000,0.684450,0.968990,6.654790,347.629670,-350.822390,75769.812500,1.000000,3.310730,-614.752140
12.554000,0.740840,1.076660,6.952150,347.662630,-350.821930,76146.335940,,3.273560,-614.752380
12.556000,0.739560,0.795960,7.311040,347.697110,-350.822330,75877.382810,,3.399170,-614.752440
12.558000,0.701110,0.554990,6.921390,347.731720,-350.823120,75780.351560,,3.565800,-614.752200
12.560000,0.669070,0.616520,6.357420,347.765110,-350.822810,75805.664060,1.000000,3.437620,-614.751950
12.562000,0.703670,0.915160,6.603520,347.797360,-350.822020,76136.835940,,3.304320,-614.752080
12.564000,0.737000,0.970280,5.813960,347.830320,-350.821720,76034.531250,,3.274840,-614.752380
12.566000,0.716490,0.675480,6.224120,347.864750,-350.822360,75684.382810,,3.437620,-614.752380
12.568000,0.661380,0.456300,6.203610,347.899140,-350.823240,75995.507810,1.000000,3.588870,-614.752080
12.570000,0.646000,0.608830,6.070310,347.931950,-350.822940,75892.148440,,3.453000,-614.751890
12.572000,0.701110,0.977970,6.070310,347.963710,-350.821990,75814.101560,,3.249210,-614.752200
12.574000,0.740840,1.080510,5.752440,347.996190,-350.821530,75789.843750,,3.228700,-614.752560
12.576000,0.719060,0.842100,6.552250,348.030060,-350.822390,75751.882810,1.000000,3.459410,-614.752560
12.578000,0.674190,0.779300,6.583010,348.063660,-350.823210,75959.656250,,3.565800,-614.752260
12.580000,0.672910,0.970280,7.095700,348.096160,-350.822600,75571.523440,,3.347900,-614.752080
12.582000,0.729310,1.180480,6.788090,348.128630,-350.821960,75838.359380,,3.273560,-614.752320
12.584000,0.739560,0.940800,6.900880,348.162750,-350.822140,75930.117190,1.000000,3.336360,-614.752500
12.586000,0.704960,0.584470,6.788090,348.197660,-350.823030,75951.210940,,3.567080,-614.752380
12.588000,0.671630,0.596010,6.459960,348.231410,-350.823030,75770.859380,,3.476070,-614.752080
12.590000,0.684450,0.880550,6.624020,348.263760,-350.822240,75618.992190,,3.338930,-614.752010
12.592000,0.730590,1.063840,6.193360,348.296360,-350.821720,76063.015630,1.000000,3.256900,-614.752260
12.594000,0.720340,0.771610,6.224120,348.330630,-350.822140,75665.398440,,3.392760,-614.752380
12.596000,0.676760,0.490910,6.367680,348.365330,-350.823150,75883.718750,,3.597840,-614.752140
12.598000,0.642150,0.516540,6.142090,348.398710,-350.823180,75944.882810,,3.505550,-614.751950
12.600000,0.683170,0.929260,6.193360,348.430510,-350.822170,75905.859380,1.000000,3.306880,-614.752080
12.602000,0.733150,1.138180,5.762700,348.462590,-350.821470,75804.609380,,3.185120,-614.752500
12.604000,0.724180,0.927980,6.685550,348.496340,-350.822110,75717.070310,,3.417110,-614.752620
12.606000,0.681880,0.771610,6.859860,348.530210,-350.823120,76135.789060,,3.585020,-614.752380
12.608000,0.667790,0.902340,6.982910,348.563020,-350.822810,75849.960940,1.000000,3.405580,-614.752140
12.610000,0.715210,1.143310,6.788090,348.595400,-350.822020,76307.703130,,3.285100,-614.752260
12.612000,0.742130,1.015140,6.808590,348.629120,-350.821960,75806.726560,,3.299190,-614.752440
12.614000,0.717770,0.633180,6.921390,348.664120,-350.822850,76039.804690,,3.517090,-614.752380
12.616000,0.685730,0.516540,6.788090,348.698360,-350.823150,75942.781250,1.000000,3.537600,-614.752080
12.618000,0.689580,0.706240,6.624020,348.731200,-350.822450,75886.875000,,3.345340,-614.752080
12.620000,0.721620,0.985660,6.388180,348.763520,-350.821720,75837.312500,,3.276120,-614.752200
12.622000,0.721620,0.801090,6.070310,348.797360,-350.821930,75895.320310,,3.319700,-614.752380
12.624000,0.688290,0.479370,5.947270,348.832060,-350.822970,75896.375000,1.000000,3.574770,-614.752200
12.626000,0.648560,0.430660,6.131840,348.865840,-350.823300,75712.851560,,3.545290,-614.752010
12.628000,0.676760,0.797240,6.142090,348.897740,-350.822510,76029.265630,,3.353030,-614.752080
12.630000,0.725460,1.125370,5.937010,348.929440,-350.821530,75957.539060,,3.203060,-614.752380
12.632000,0.728030,0.990780,6.562500,348.962740,-350.821870,75923.796880,1.000000,3.333800,-614.752620
12.634000,0.685730,0.728030,6.859860,348.996890,-350.823000,75678.054690,,3.583740,-614.752380
12.636000,0.666500,0.813900,6.839360,349.029970,-350.823030,75802.500000,,3.465820,-614.752200
12.638000,0.697270,1.077940,6.429200,349.062190,-350.822170,75893.203130,,3.291500,-614.752200
12.640000,0.733150,1.113830,6.634280,349.095340,-350.821840,75801.445310,1.000000,3.283810,-614.752380
12.642000,0.717770,0.724180,7.075200,349.130160,-350.822540,75970.203130,,3.447880,-614.752380
12.644000,0.687010,0.522950,6.777830,349.164700,-350.823240,75787.734380,,3.586300,-614.752140
12.646000,0.688290,0.644710,7.085450,349.197780,-350.822660,75935.390630,,3.379940,-614.752080
12.648000,0.720340,0.994630,6.541990,349.229890,-350.821870,75711.804690,1.000000,3.287660,-614.752200
12.650000,0.720340,0.935670,5.926760,349.263180,-350.821720,75738.171880,,3.285100,-614.752320
12.652000,0.697270,0.608830,5.824220,349.297790,-350.822690,75906.914060,,3.504270,-614.752260
12.654000,0.652400,0.451170,5.998540,349.331940,-350.823360,75876.328130,,3.590150,-614.752010
12.656000,0.666500,0.726750,5.978030,349.364290,-350.822750,75971.257810,1.000000,3.383790,-614.752010
12.658000,0.710080,1.122800,6.244630,349.395870,-350.821690,76065.117190,,3.229980,-614.752380
12.660000,0.729310,1.092040,6.541990,349.428860,-350.821590,76025.039060,,3.258180,-614.752620
12.662000,0.693420,0.785710,6.716310,349.463130,-350.822750,75762.421880,,3.536320,-614.752440
12.664000,0.666500,0.762630,6.900880,349.496730,-350.823180,75702.304690,1.000000,3.522220,-614.752260
12.666000,0.689580,0.984380,6.408690,349.529330,-350.822390,76143.164060,,3.306880,-614.752200
12.668000,0.730590,1.130490,6.511230,349.562130,-350.821870,75828.867190,,3.267150,-614.752380
12.670000,0.719060,0.813900,7.177730,349.596710,-350.822300,76076.718750,,3.401730,-614.752380
12.672000,0.695980,0.528080,7.075200,349.631560,-350.823210,75824.656250,1.000000,3.570920,-614.752200
12.674000,0.683170,0.551150,6.808590,349.665100,-350.822880,76042.976560,,3.440190,-614.752080
12.676000,0.712650,0.897220,6.603520,349.697300,-350.822050,76006.054690,,3.291500,-614.752200
12.678000,0.724180,0.989500,5.896000,349.730040,-350.821660,75892.148440,,3.267150,-614.752380
12.680000,0.695980,0.687010,5.844730,349.764430,-350.822360,76048.250000,1.000000,3.438900,-614.752260
12.682000,0.654970,0.438350,5.978030,349.798860,-350.823330,75945.937500,,3.600400,-614.752080
12.684000,0.657530,0.613950,6.275390,349.831630,-350.822940,76130.515630,,3.442750,-614.752010
12.686000,0.706240,1.045900,6.142090,349.863130,-350.821960,75720.242190,,3.236390,-614.752260
12.688000,0.728030,1.172790,6.039550,349.895480,-350.821440,75849.960940,1.000000,3.222290,-614.752560
12.690000,0.697270,0.883120,6.295900,349.929530,-350.822450,75867.898440,,3.463260,-614.752500
12.692000,0.666500,0.766480,6.552250,349.963440,-350.823240,75815.156250,,3.564510,-614.752260
12.694000,0.684450,0.919010,6.644530,349.996340,-350.822630,75950.156250,,3.345340,-614.752200
12.696000,0.731870,1.140750,6.634280,350.028960,-350.821960,75887.929690,1.000000,3.265870,-614.752380
12.698000,0.722900,0.940800,6.900880,350.063080,-350.822140,75875.273440,,3.340210,-614.752440
12.700000,0.689580,0.607540,7.064940,350.098020,-350.823030,75536.718750,,3.567080,-614.752260
12.702000,0.672910,0.560120,6.654790,350.131960,-350.823090,75685.429690,,3.476070,-614.752080
12.704000,0.699830,0.822880,6.336910,350.164490,-350.822240,75875.273440,1.000000,3.335080,-614.752140
12.706000,0.729310,1.039490,6.101070,350.196900,-350.821690,76001.843750,,3.247920,-614.752380
12.708000,0.701110,0.802370,6.152340,350.230900,-350.822110,75873.171880,,3.399170,-614.752320
12.710000,0.661380,0.512700,6.295900,350.265410,-350.823120,75722.343750,,3.590150,-614.752080
12.712000,0.643430,0.510130,6.367680,350.298860,-350.823180,76029.265630,1.000000,3.501710,-614.751950
12.714000,0.693420,0.889530,6.121580,350.330780,-350.822170,75828.867190,,3.290220,-614.752200
12.716000,0.733150,1.111270,5.752440,350.362850,-350.821470,75824.656250,,3.188960,-614.752560
12.718000,0.707520,0.929260,6.388180,350.396510,-350.822110,75874.218750,,3.418400,-614.752560
12.720000,0.666500,0.752380,6.798340,350.430570,-350.823150,76180.078130,1.000000,3.579900,-614.752320
12.722000,0.671630,0.826720,6.941890,350.463710,-350.822850,75882.664060,,3.400450,-614.752140
12.724000,0.726750,1.070250,7.146970,350.496310,-350.822080,75713.906250,,3.285100,-614.752380
12.726000,0.734440,0.999760,7.013670,350.529880,-350.821990,76073.554690,,3.297910,-614.752500
12.728000,0.698550,0.683170,6.952150,350.564640,-350.822850,75954.382810,1.000000,3.528630,-614.752320
12.730000,0.675480,0.607540,6.593260,350.598630,-350.823120,76106.257810,,3.518370,-614.752080
12.732000,0.693420,0.828000,6.562500,350.631200,-350.822420,75862.617190,,3.349180,-614.752080
12.734000,0.731870,1.124080,6.336910,350.663330,-350.821750,76211.718750,,3.271000,-614.752320
12.736000,0.716490,0.965150,6.111330,350.696930,-350.821960,75884.773440,1.000000,3.338930,-614.752380
12.738000,0.670350,0.654970,6.265140,350.731450,-350.822940,75917.460940,,3.574770,-614.752140
12.740000,0.634460,0.563960,6.080570,350.765320,-350.823270,75957.539060,,3.532470,-614.751890
12.742000,0.679320,0.848510,6.101070,350.797640,-350.822450,75965.976560,,3.350460,-614.752080
12.744000,0.737000,1.109990,5.824220,350.829800,-350.821560,76165.312500,1.000000,3.199220,-614.752500
12.746000,0.722900,1.001040,6.244630,350.863250,-350.821900,75616.882810,,3.356870,-614.752620
12.748000,0.671630,0.774170,6.972660,350.897460,-350.822970,76177.976560,,3.577330,-614.752380
12.750000,0.661380,0.819030,6.706050,350.930880,-350.823000,75820.429690,,3.455570,-614.752140
12.750000,0.661380,0.819030,6.706050,350.930880,-350.823000,75820.429690,,3.455570,-614.752140
12.752000,0.710080,1.006160,6.859860,350.963590,-350.822240,75925.906250,1.000000,3.297910,-614.752260
12.754000,0.739560,1.038210,6.552250,350.996980,-350.821930,75733.953130,,3.296630,-614.752500
12.756000,0.715210,0.756230,7.372560,351.031520,-350.822600,75904.804690,,3.460690,-614.752380
12.758000,0.674190,0.639590,6.511230,351.065610,-350.823120,75941.726560,,3.569640,-614.752080
12.760000,0.683170,0.772890,6.870120,351.098510,-350.822540,75548.320310,1.000000,3.364560,-614.752010
12.762000,0.729310,1.049740,6.470210,351.130800,-350.821870,75963.867190,,3.301760,-614.752260
12.764000,0.726750,0.968990,5.988280,351.164180,-350.821840,75978.632810,,3.296630,-614.752380
12.766000,0.688290,0.678040,5.998540,351.198640,-350.822690,75896.375000,,3.514530,-614.752200
12.768000,0.633180,0.543460,5.947270,351.232670,-350.823210,75806.726560,1.000000,3.563230,-614.751950
12.770000,0.661380,0.745970,6.080570,351.265290,-350.822660,75609.492190,,3.373540,-614.752010
12.772000,0.728030,1.029240,5.978030,351.297390,-350.821720,75990.234380,,3.241520,-614.752380
12.774000,0.738280,0.977970,6.521480,351.330570,-350.821750,75603.171880,,3.283810,-614.752620
12.776000,0.684450,0.753660,6.829100,351.364690,-350.822810,75904.804690,1.000000,3.550420,-614.752440
12.778000,0.652400,0.802370,6.890630,351.398010,-350.823060,76010.273440,,3.490170,-614.752140
12.780000,0.687010,1.016420,6.541990,351.430510,-350.822330,75948.046880,,3.305600,-614.752200
12.782000,0.738280,1.142030,6.654790,351.463440,-350.821930,75767.703130,,3.287660,-614.752440
12.784000,0.724180,0.856200,7.157230,351.497860,-350.822390,75686.484380,1.000000,3.422240,-614.752440
12.786000,0.685730,0.653690,6.829100,351.532320,-350.823150,76074.617190,,3.564510,-614.752200
12.788000,0.666500,0.707520,6.941890,351.565610,-350.822690,75856.289060,,3.408140,-614.752010
12.790000,0.713930,0.994630,6.634280,351.597990,-350.822020,76264.460940,,3.299190,-614.752140
12.792000,0.733150,0.999760,5.967770,351.631160,-350.821720,75904.804690,1.000000,3.281250,-614.752380
12.794000,0.699830,0.729310,5.978030,351.665560,-350.822450,76063.015630,,3.458130,-614.752320
12.796000,0.646000,0.554990,5.762700,351.699710,-350.823240,75918.515630,,3.585020,-614.752010
12.798000,0.648560,0.726750,6.265140,351.732510,-350.822810,75788.789060,,3.415830,-614.751950
12.800000,0.710080,1.035640,5.916500,351.764400,-350.821930,75934.335940,1.000000,3.244080,-614.752320
12.802000,0.739560,1.072810,6.408690,351.797240,-350.821590,75886.875000,,3.253050,-614.752620
12.804000,0.701110,0.849790,6.777830,351.831240,-350.822570,76181.132810,,3.491460,-614.752560
12.806000,0.658810,0.848510,6.603520,351.864590,-350.823120,75732.890630,,3.535030,-614.752260
12.808000,0.672910,1.057430,6.624020,351.897130,-350.822450,75920.625000,1.000000,3.328670,-614.752140
12.810000,0.731870,1.184330,6.347170,351.929930,-350.821960,75891.093750,,3.276120,-614.752380
12.812000,0.730590,0.920290,6.941890,351.964290,-350.822270,75797.234380,,3.373540,-614.752500
12.814000,0.694700,0.648560,7.146970,351.999080,-350.823060,75702.304690,,3.558110,-614.752260
12.816000,0.663940,0.693420,6.736820,352.032680,-350.822910,75674.890630,1.000000,3.445310,-614.752010
12.818000,0.694700,0.962590,6.439450,352.065160,-350.822110,75901.648440,,3.322270,-614.752080
12.820000,0.731870,1.045900,6.070310,352.098110,-350.821780,75854.187500,,3.262020,-614.752380
12.822000,0.710080,0.738280,5.978030,352.132600,-350.822300,75852.078130,,3.423520,-614.752380
12.824000,0.662660,0.483220,5.967770,352.167240,-350.823210,75799.335940,1.000000,3.587590,-614.752080
12.826000,0.642150,0.598570,6.439450,352.200290,-350.823030,75942.781250,,3.469670,-614.751890
12.828000,0.695980,1.020260,6.326660,352.231990,-350.822020,75748.718750,,3.259460,-614.752140
12.830000,0.733150,1.177920,6.121580,352.264190,-350.821500,75592.625000,,3.209470,-614.752560
12.832000,0.716490,0.938230,6.275390,352.298000,-350.822300,75895.320310,1.000000,3.446590,-614.752620
12.834000,0.674190,0.824160,6.675290,352.331670,-350.823210,75863.671880,,3.570920,-614.752320
12.836000,0.670350,0.984380,6.736820,352.364290,-350.822660,75999.734380,,3.363280,-614.752140
12.838000,0.722900,1.197140,6.593260,352.396820,-350.821960,75899.531250,,3.271000,-614.752320
12.840000,0.731870,1.016420,7.290530,352.430790,-350.822050,76095.703130,1.000000,3.314580,-614.752440
12.842000,0.699830,0.675480,6.941890,352.465730,-350.822940,75742.390630,,3.547850,-614.752320
12.844000,0.676760,0.642150,6.777830,352.499690,-350.823120,75743.437500,,3.494020,-614.752080
12.846000,0.688290,0.880550,6.244630,352.532320,-350.822390,75963.867190,,3.346620,-614.752080
12.848000,0.729310,1.089480,6.019040,352.564880,-350.821780,75996.562500,1.000000,3.259460,-614.752320
12.850000,0.712650,0.826720,5.875490,352.599060,-350.822080,76087.273440,,3.365840,-614.752380
12.852000,0.674190,0.533200,6.572750,352.633790,-350.823090,76021.875000,,3.587590,-614.752140
12.854000,0.638310,0.571660,6.224120,352.667180,-350.823240,76102.039060,,3.518370,-614.751950
12.856000,0.681880,1.004880,6.398440,352.698820,-350.822270,75905.859380,1.000000,3.320980,-614.752080
12.858000,0.733150,1.239440,5.772950,352.730710,-350.821470,75912.195310,,3.179990,-614.752500
12.860000,0.721620,1.026670,6.070310,352.764370,-350.821990,75860.507810,,3.395320,-614.752620
12.862000,0.679320,0.795960,6.808590,352.798460,-350.823090,75935.390630,,3.582460,-614.752380
12.864000,0.667790,0.910030,6.583010,352.831420,-350.822910,76037.695310,1.000000,3.423520,-614.752140
12.866000,0.713930,1.165100,6.870120,352.863770,-350.822080,75537.781250,,3.279970,-614.752260
12.868000,0.738280,1.093320,6.890630,352.897340,-350.821930,75911.140630,,3.295350,-614.752440
12.870000,0.712650,0.679320,7.177730,352.932400,-350.822780,75916.414060,,3.486330,-614.752380
12.872000,0.681880,0.517820,6.521480,352.966890,-350.823210,75868.945310,1.000000,3.560670,-614.752080
12.874000,0.694700,0.710080,6.408690,352.999790,-350.822570,75782.468750,,3.351750,-614.752080
12.876000,0.724180,1.060000,6.254880,353.031830,-350.821810,75934.335940,,3.281250,-614.752260
12.878000,0.719060,0.967710,6.029300,353.065250,-350.821840,75934.335940,,3.296630,-614.752380
12.880000,0.687010,0.653690,6.306150,353.099760,-350.822880,75571.523440,1.000000,3.551700,-614.752200
12.882000,0.646000,0.565250,6.039550,353.133540,-350.823360,75921.679690,,3.569640,-614.751950
12.884000,0.671630,0.899780,6.019040,353.165530,-350.822660,75979.687500,,3.363280,-614.752080
12.886000,0.722900,1.266360,5.875490,353.197080,-350.821560,75920.625000,,3.208190,-614.752380
12.888000,0.724180,1.167660,6.080570,353.230160,-350.821720,75854.187500,1.000000,3.291500,-614.752620
12.890000,0.676760,0.877990,6.880370,353.264400,-350.822880,75684.382810,,3.564510,-614.752380
12.892000,0.661380,0.901060,6.777830,353.297790,-350.823090,76009.218750,,3.481200,-614.752200
12.894000,0.694700,1.126650,6.777830,353.330350,-350.822270,75598.945310,,3.291500,-614.752260
12.896000,0.733150,1.188170,6.644530,353.363530,-350.821870,75834.140630,1.000000,3.276120,-614.752440
12.898000,0.712650,0.802370,6.931640,353.398410,-350.822450,75920.625000,,3.429930,-614.752380
12.900000,0.681880,0.552430,6.870120,353.433230,-350.823210,75983.914060,,3.576050,-614.752140
12.902000,0.679320,0.657530,6.706050,353.466490,-350.822720,75943.835940,,3.403020,-614.752080
12.904000,0.721620,1.048460,6.900880,353.498500,-350.821960,75757.148440,1.000000,3.287660,-614.752200
12.906000,0.725460,1.088200,6.029300,353.531400,-350.821690,76162.148440,,3.274840,-614.752380
12.908000,0.694700,0.779300,6.101070,353.565770,-350.822510,75902.695310,,3.473510,-614.752260
12.910000,0.643430,0.569090,5.865230,353.600010,-350.823330,76012.390630,,3.596560,-614.752010
12.912000,0.657530,0.770320,6.008790,353.632720,-350.822850,75947.000000,1.000000,3.408140,-614.751950
12.914000,0.710080,1.145870,5.803710,353.664400,-350.821840,76132.625000,,3.229980,-614.752380
12.916000,0.733150,1.172790,6.347170,353.697200,-350.821530,75892.148440,,3.240230,-614.752620
12.918000,0.693420,0.883120,6.849610,353.731410,-350.822600,75790.898440,,3.506840,-614.752500
12.920000,0.654970,0.811340,6.726560,353.765170,-350.823180,76165.312500,1.000000,3.536320,-614.752200
12.922000,0.683170,0.980530,6.726560,353.798000,-350.822480,75939.617190,,3.323550,-614.752200
12.924000,0.735720,1.145870,6.459960,353.830750,-350.821930,76220.156250,,3.264590,-614.752380
12.926000,0.724180,0.917720,6.870120,353.864990,-350.822240,75612.656250,,3.379940,-614.752440
12.928000,0.692140,0.646000,6.993160,353.899630,-350.823090,75971.257810,1.000000,3.563230,-614.752200
12.930000,0.670350,0.656250,6.716310,353.933140,-350.822940,75836.257810,,3.455570,-614.752010
12.932000,0.710080,0.967710,6.849610,353.965330,-350.822110,75959.656250,,3.306880,-614.752140
12.934000,0.733150,1.125370,6.019040,353.997860,-350.821690,75849.960940,,3.256900,-614.752380
12.936000,0.699830,0.874150,6.039550,354.031920,-350.822240,76045.085940,1.000000,3.418400,-614.752320
12.938000,0.652400,0.607540,5.690920,354.066380,-350.823210,75876.328130,,3.591430,-614.752010
12.940000,0.643430,0.685730,5.988280,354.099550,-350.823030,75694.921880,,3.467100,-614.751890
12.942000,0.706240,1.048460,6.060060,354.131470,-350.822080,75858.406250,,3.251770,-614.752260
12.944000,0.742130,1.190730,6.265140,354.163910,-350.821530,75922.734380,1.000000,3.217160,-614.752620
12.944000,0.742130,1.190730,6.265140,354.163910,-350.821530,75922.734380,1.000000,3.217160,-614.752620
12.946000,0.711360,0.957460,6.644530,354.197880,-350.822360,75775.078130,,3.447880,-614.752560
12.948000,0.663940,0.845950,6.767580,354.231720,-350.823210,75703.359380,,3.565800,-614.752260
12.950000,0.675480,0.989500,6.911130,354.264530,-350.822660,75689.656250,,3.363280,-614.752080
12.952000,0.731870,1.221500,6.531740,354.297090,-350.821990,75970.203130,1.000000,3.274840,-614.752380
12.954000,0.733150,1.084350,7.054690,354.330840,-350.822110,75477.656250,,3.324830,-614.752500
12.956000,0.695980,0.792110,6.952150,354.365480,-350.822940,75859.453130,,3.556820,-614.752320
12.958000,0.667790,0.754940,6.880370,354.399200,-350.823030,75840.476560,,3.479920,-614.752010
12.960000,0.689580,0.965150,6.706050,354.431790,-350.822300,75990.234380,1.000000,3.347900,-614.752080
12.962000,0.739560,1.138180,5.854980,354.464420,-350.821750,75864.726560,,3.256900,-614.752380
12.964000,0.715210,0.892090,6.111330,354.498500,-350.822080,75868.945310,,3.376100,-614.752380
12.966000,0.666500,0.622920,5.978030,354.533110,-350.823030,76118.914060,,3.581180,-614.752080
12.968000,0.629330,0.599850,6.183110,354.566740,-350.823180,75834.140630,1.000000,3.506840,-614.751890
12.970000,0.683170,0.926700,6.347170,354.598970,-350.822270,76100.984380,,3.317140,-614.752080
12.972000,0.744690,1.118960,6.029300,354.631290,-350.821560,75906.914060,,3.190250,-614.752500
12.974000,0.726750,0.970280,6.531740,354.664920,-350.822110,76056.687500,,3.409420,-614.752620
12.976000,0.675480,0.825440,6.603520,354.698790,-350.823090,75836.257810,1.000000,3.576050,-614.752380
12.978000,0.665220,0.933110,6.757320,354.731750,-350.822810,75800.398440,,3.409420,-614.752080
12.980000,0.720340,1.174070,6.726560,354.764130,-350.822110,76079.882810,,3.291500,-614.752260
12.982000,0.747250,1.122800,7.044430,354.797520,-350.821990,75886.875000,,3.301760,-614.752440
12.984000,0.715210,0.831850,7.249510,354.832000,-350.822810,76312.976560,1.000000,3.505550,-614.752380
12.986000,0.679320,0.765200,6.665040,354.865810,-350.823090,75569.414060,,3.528630,-614.752080
12.988000,0.684450,0.939510,6.470210,354.898500,-350.822450,75964.921880,,3.350460,-614.752010
12.990000,0.728030,1.162540,5.926760,354.930940,-350.821810,75891.093750,,3.288940,-614.752200
12.992000,0.728030,0.958740,5.783200,354.964810,-350.821960,75887.929690,1.000000,3.319700,-614.752380
12.994000,0.687010,0.629330,6.193360,354.999570,-350.822940,75748.718750,,3.560670,-614.752200
12.996000,0.643430,0.565250,6.377930,355.033510,-350.823240,75771.914060,,3.536320,-614.751950
12.998000,0.675480,0.880550,6.295900,355.065700,-350.822510,76038.750000,,3.355590,-614.752080
13.000000,0.731870,1.154850,5.865230,355.097780,-350.821590,75672.773440,1.000000,3.208190,-614.752380
13.000000,0.731870,1.154850,5.865230,355.097780,-350.821590,75672.773440,1.000000,3.208190,-614.752380
13.002000,0.729310,1.033080,6.347170,355.131200,-350.821900,75886.875000,,3.337650,-614.752620
13.004000,0.685730,0.826720,6.449710,355.165280,-350.822970,75948.046880,,3.574770,-614.752380
13.006000,0.669070,0.916440,6.829100,355.198360,-350.823000,75848.906250,,3.458130,-614.752140
13.008000,0.702390,1.154850,6.900880,355.230710,-350.822200,75727.617190,1.000000,3.291500,-614.752200
13.010000,0.740840,1.181760,7.013670,355.263890,-350.821930,75617.937500,,3.292790,-614.752380
13.012000,0.722900,0.829280,7.064940,355.298580,-350.822540,75984.960940,,3.445310,-614.752380
13.014000,0.687010,0.678040,6.798340,355.332860,-350.823180,75943.835940,,3.568360,-614.752140
13.016000,0.684450,0.808780,6.480470,355.365840,-350.822600,75886.875000,1.000000,3.377380,-614.752010
13.018000,0.726750,1.111270,6.357420,355.398040,-350.821960,75957.539060,,3.296630,-614.752140
13.020000,0.730590,1.015140,6.019040,355.431490,-350.821810,76040.867190,,3.292790,-614.752380
13.022000,0.703670,0.689580,6.480470,355.466130,-350.822690,75790.898440,,3.499150,-614.752260
13.024000,0.651120,0.528080,6.183110,355.500210,-350.823300,75691.765630,1.000000,3.582460,-614.751950
13.026000,0.669070,0.785710,6.131840,355.532680,-350.822720,76138.945310,,3.381230,-614.752010
13.028000,0.721620,1.138180,5.670410,355.564390,-350.821720,75915.351560,,3.228700,-614.752380
13.030000,0.735720,1.118960,6.162600,355.597320,-350.821660,76128.398440,,3.265870,-614.752620
13.032000,0.697270,0.874150,6.859860,355.631380,-350.822750,75892.148440,1.000000,3.533750,-614.752440
13.034000,0.662660,0.901060,7.054690,355.664640,-350.823120,76172.703130,,3.513240,-614.752140
13.036000,0.690860,1.139470,6.829100,355.697080,-350.822360,75926.953130,,3.306880,-614.752140
13.038000,0.738280,1.238160,6.634280,355.729950,-350.821900,75839.421880,,3.267150,-614.752380
13.040000,0.726750,0.902340,6.798340,355.764590,-350.822360,75786.679690,1.000000,3.401730,-614.752380
13.042000,0.695980,0.637020,6.654790,355.799410,-350.823180,75976.523440,,3.561950,-614.752200
13.044000,0.679320,0.704960,6.572750,355.832790,-350.822810,76166.375000,,3.432500,-614.752010
13.046000,0.717770,1.066410,6.777830,355.864900,-350.822050,75673.828130,,3.290220,-614.752140
13.048000,0.730590,1.115110,6.183110,355.897770,-350.821690,76010.273440,1.000000,3.267150,-614.752320
13.050000,0.701110,0.806210,6.203610,355.932190,-350.822390,75910.085940,,3.442750,-614.752260
13.052000,0.660100,0.563960,5.865230,355.966580,-350.823330,75900.593750,,3.599120,-614.752010
13.054000,0.658810,0.731870,5.793460,355.999360,-350.822940,75827.820310,,3.442750,-614.751950
13.056000,0.713930,1.131770,6.019040,356.030940,-350.821960,75992.343750,1.000000,3.232540,-614.752260
13.058000,0.739560,1.215090,5.824220,356.063480,-350.821440,75749.773440,,3.223570,-614.752560
13.060000,0.706240,0.906190,7.095700,356.097660,-350.822420,75552.539060,,3.465820,-614.752500
13.062000,0.669070,0.793400,6.665040,356.131560,-350.823210,75836.257810,,3.561950,-614.752200
13.064000,0.681880,0.957460,6.767580,356.164370,-350.822600,75857.343750,1.000000,3.342770,-614.752140
13.066000,0.735720,1.149720,6.511230,356.197110,-350.821930,75880.554690,,3.260740,-614.752380
13.068000,0.733150,0.934390,6.511230,356.231290,-350.822140,75722.343750,,3.338930,-614.752440
13.070000,0.698550,0.607540,6.859860,356.266240,-350.823030,75699.140630,,3.564510,-614.752260
13.072000,0.678040,0.583190,6.890630,356.300080,-350.823090,75965.976560,1.000000,3.476070,-614.752010
13.074000,0.702390,0.871580,6.767580,356.332430,-350.822240,75751.882810,,3.335080,-614.752080
13.076000,0.738280,1.089480,6.152340,356.364810,-350.821720,75954.382810,,3.241520,-614.752320
13.078000,0.712650,0.883120,6.080570,356.398620,-350.822110,75917.460940,,3.396610,-614.752320
13.080000,0.669070,0.626770,6.070310,356.432980,-350.823120,76023.984380,1.000000,3.587590,-614.752080
13.082000,0.642150,0.674190,5.885740,356.466060,-350.823180,75810.937500,,3.502990,-614.751890
13.084000,0.695980,1.079220,6.326660,356.497710,-350.822170,75820.429690,,3.287660,-614.752140
13.086000,0.742130,1.250980,5.988280,356.529820,-350.821500,76150.546880,,3.187680,-614.752500
13.088000,0.721620,0.985660,6.757320,356.563750,-350.822140,75778.250000,1.000000,3.419680,-614.752560
13.090000,0.672910,0.763920,6.634280,356.597960,-350.823150,75991.289060,,3.574770,-614.752320
13.092000,0.671630,0.861330,6.747070,356.631130,-350.822810,75856.289060,,3.394040,-614.752080
13.094000,0.725460,1.116390,6.675290,356.663700,-350.822050,76016.609380,,3.276120,-614.752320
13.096000,0.740840,1.024110,6.829100,356.697390,-350.821990,75865.789060,1.000000,3.299190,-614.752440
13.098000,0.708800,0.694700,7.157230,356.732240,-350.822880,75867.898440,,3.524780,-614.752320
13.100000,0.679320,0.603700,6.747070,356.766330,-350.823150,76125.234380,,3.519650,-614.752010
13.102000,0.693420,0.812620,6.757320,356.799010,-350.822480,75991.289060,,3.351750,-614.752010
13.104000,0.735720,1.104860,6.019040,356.831180,-350.821780,76175.867190,1.000000,3.269710,-614.752260
13.106000,0.722900,0.967710,5.731930,356.864750,-350.821960,75664.335940,,3.324830,-614.752380
13.108000,0.679320,0.692140,6.080570,356.899080,-350.822940,76077.781250,,3.572200,-614.752140
13.110000,0.638310,0.629330,5.988280,356.932740,-350.823270,75941.726560,,3.531190,-614.751890
13.112000,0.679320,0.933110,6.398440,356.964840,-350.822480,75873.171880,1.000000,3.347900,-614.752080
13.114000,0.738280,1.175350,5.834470,356.996920,-350.821560,75947.000000,,3.194090,-614.752440
13.116000,0.730590,1.030520,6.531740,357.030400,-350.821960,75955.437500,,3.354310,-614.752620
13.118000,0.679320,0.806210,6.377930,357.064510,-350.823000,75945.937500,,3.573490,-614.752380
13.120000,0.665220,0.836980,6.685550,357.097870,-350.822940,75465.000000,1.000000,3.444030,-614.752080
13.122000,0.708800,1.016420,6.747070,357.130550,-350.822240,75964.921880,,3.294070,-614.752260
13.124000,0.744690,1.020260,6.757320,357.164000,-350.821960,75845.742190,,3.296630,-614.752440
13.126000,0.720340,0.712650,7.485350,357.198640,-350.822660,75997.625000,,3.458130,-614.752380
13.128000,0.680600,0.590880,6.767580,357.232850,-350.823150,75822.546880,1.000000,3.563230,-614.752080
13.130000,0.683170,0.749820,6.839360,357.265690,-350.822540,75675.945310,,3.364560,-614.752010
13.132000,0.726750,1.076660,6.039550,357.297760,-350.821900,76065.117190,,3.297910,-614.752200
13.134000,0.730590,1.004880,5.844730,357.331020,-350.821840,75537.781250,,3.291500,-614.752380
13.136000,0.695980,0.701110,6.193360,357.365450,-350.822750,75809.890630,1.000000,3.520940,-614.752260
13.138000,0.643430,0.574220,6.193360,357.399380,-350.823270,75931.179690,,3.567080,-614.751950
13.140000,0.662660,0.842100,6.388180,357.431730,-350.822660,76226.484380,,3.368410,-614.751950
13.142000,0.719060,1.174070,5.834470,357.463500,-350.821690,75835.195310,,3.224850,-614.752380
13.144000,0.735720,1.117680,6.490720,357.496580,-350.821750,75741.328130,1.000000,3.279970,-614.752620
13.146000,0.690860,0.865170,6.480470,357.530730,-350.822850,76089.382810,,3.552980,-614.752440
13.148000,0.661380,0.860050,6.685550,357.564180,-350.823090,75779.304690,,3.494020,-614.752140
13.150000,0.692140,1.034360,6.736820,357.596860,-350.822360,76038.750000,,3.304320,-614.752200
13.152000,0.738280,1.090760,7.023930,357.630040,-350.821930,75799.335940,1.000000,3.278690,-614.752380
13.154000,0.725460,0.781860,7.157230,357.664700,-350.822390,76172.703130,,3.417110,-614.752440
13.156000,0.693420,0.585750,6.675290,357.699250,-350.823180,75858.406250,,3.565800,-614.752140
13.158000,0.676760,0.672910,6.747070,357.732450,-350.822720,75864.726560,,3.415830,-614.752010
13.160000,0.716490,0.994630,6.265140,357.764680,-350.822020,75970.203130,1.000000,3.295350,-614.752140
13.162000,0.731870,0.994630,6.111330,357.797760,-350.821720,75928.015630,,3.276120,-614.752320
13.164000,0.704960,0.695980,6.193360,357.832210,-350.822480,76241.250000,,3.456850,-614.752260
13.166000,0.652400,0.505000,6.111330,357.866460,-350.823300,75787.734380,,3.596560,-614.752010
13.168000,0.658810,0.702390,5.988280,357.899170,-350.822850,75903.750000,1.000000,3.420960,-614.751950
13.170000,0.711360,1.060000,5.793460,357.930910,-350.821900,75873.171880,,3.235110,-614.752320
13.172000,0.738280,1.112550,5.967770,357.963590,-350.821530,75876.328130,,3.242800,-614.752560
13.174000,0.702390,0.844670,6.767580,357.997650,-350.822570,75812.000000,,3.488890,-614.752440
13.176000,0.665220,0.811340,6.870120,358.031190,-350.823210,75880.554690,1.000000,3.550420,-614.752200
13.178000,0.687010,1.020260,6.982910,358.063720,-350.822510,75883.718750,,3.331240,-614.752140
13.180000,0.734440,1.195860,6.654790,358.096340,-350.821930,75590.515630,,3.265870,-614.752380
13.182000,0.729310,0.940800,6.767580,358.130550,-350.822240,75791.960940,,3.364560,-614.752440
13.184000,0.698550,0.607540,6.634280,358.165370,-350.823090,75771.914060,1.000000,3.564510,-614.752260
13.186000,0.675480,0.625490,6.613770,358.199010,-350.822970,75922.734380,,3.463260,-614.752010
13.188000,0.703670,0.930540,6.644530,358.231290,-350.822110,75687.539060,,3.317140,-614.752080
13.190000,0.734440,1.083070,6.470210,358.263950,-350.821690,75736.062500,,3.249210,-614.752320
13.192000,0.707520,0.802370,6.142090,358.298220,-350.822200,75945.937500,1.000000,3.411990,-614.752320
13.194000,0.663940,0.525510,6.090820,358.332890,-350.823210,75824.656250,,3.595280,-614.752080
13.196000,0.649840,0.592160,5.824220,358.366120,-350.823120,75780.351560,,3.490170,-614.751950
13.198000,0.706240,0.993350,6.029300,358.397950,-350.822110,76036.640630,,3.264590,-614.752200
13.200000,0.739560,1.154850,6.101070,358.430240,-350.821470,75885.828130,1.000000,3.199220,-614.752560
13.202000,0.716490,0.936950,6.757320,358.464020,-350.822240,75769.812500,,3.432500,-614.752560
13.204000,0.674190,0.810060,7.105960,358.497860,-350.823180,75716.015630,,3.572200,-614.752260
13.206000,0.676760,0.962590,6.859860,358.530610,-350.822720,76049.296880,,3.378660,-614.752080
13.208000,0.731870,1.211240,6.624020,358.563020,-350.821990,75942.781250,1.000000,3.272280,-614.752320
13.210000,0.740840,1.045900,6.818850,358.596860,-350.822050,76133.679690,,3.309450,-614.752440
13.212000,0.708800,0.670350,6.818850,358.631810,-350.822940,75780.351560,,3.541440,-614.752320
13.214000,0.681880,0.588320,6.982910,358.665860,-350.823120,76195.898440,,3.502990,-614.752010
13.216000,0.697270,0.784420,6.880370,358.698640,-350.822390,75793.015630,1.000000,3.345340,-614.752080
13.218000,0.742130,1.012570,6.275390,358.731140,-350.821750,75830.984380,,3.254330,-614.752320
13.220000,0.724180,0.798520,5.690920,358.765140,-350.822020,75916.414060,,3.353030,-614.752380
13.222000,0.676760,0.505000,6.090820,358.799770,-350.823030,76063.015630,,3.586300,-614.752080
13.224000,0.643430,0.483220,5.978030,358.833400,-350.823270,76257.070310,1.000000,3.527340,-614.751830
13.226000,0.692140,0.857480,6.183110,358.865330,-350.822360,75707.585940,,3.332520,-614.752080
13.228000,0.747250,1.130490,6.234380,358.897190,-350.821560,76016.609380,,3.182560,-614.752440
13.230000,0.734440,0.994630,6.572750,358.930600,-350.821960,75914.296880,,3.386350,-614.752560
13.232000,0.683170,0.786990,6.921390,358.964540,-350.823060,75855.242190,1.000000,3.579900,-614.752320
13.234000,0.672910,0.886960,6.470210,358.997500,-350.822940,75733.953130,,3.432500,-614.752080
13.236000,0.722900,1.133060,6.624020,359.029820,-350.822140,75904.804690,,3.288940,-614.752200
13.238000,0.751100,1.116390,6.583010,359.063140,-350.821930,76026.093750,,3.291500,-614.752380
13.240000,0.724180,0.774170,7.177730,359.097840,-350.822690,75348.984380,1.000000,3.473510,-614.752320
13.242000,0.683170,0.613950,7.095700,359.132140,-350.823150,75936.445310,,3.556820,-614.752080
13.244000,0.694700,0.745970,6.552250,359.165160,-350.822570,75772.976560,,3.358150,-614.751950
13.246000,0.735720,1.024110,6.459960,359.197510,-350.821870,76033.476560,,3.291500,-614.752200
13.248000,0.737000,0.902340,5.434570,359.231140,-350.821870,75746.601560,1.000000,3.294070,-614.752380
13.250000,0.697270,0.602420,6.172850,359.265690,-350.822810,75653.796880,,3.542720,-614.752140
13.250000,0.697270,0.602420,6.172850,359.265690,-350.822810,75653.796880,,3.542720,-614.752140
13.252000,0.648560,0.511410,5.988280,359.299590,-350.823270,76065.117190,,3.558110,-614.751890
13.254000,0.676760,0.812620,6.285640,359.331790,-350.822630,75794.070310,,3.359440,-614.751950
13.256000,0.733150,1.161250,6.080570,359.363590,-350.821620,75955.437500,1.000000,3.217160,-614.752380
13.258000,0.742130,1.081790,6.429200,359.396700,-350.821810,75940.671880,,3.299190,-614.752620
13.260000,0.693420,0.838260,6.726560,359.430820,-350.822910,75902.695310,,3.561950,-614.752380
13.262000,0.669070,0.883120,6.336910,359.464110,-350.823060,75752.929690,,3.476070,-614.752140
13.264000,0.699830,1.092040,6.747070,359.496640,-350.822270,75607.390630,1.000000,3.296630,-614.752140
13.266000,0.744690,1.166380,6.716310,359.529790,-350.821930,76105.203130,,3.281250,-614.752380
13.268000,0.730590,0.833130,7.136720,359.564450,-350.822480,75890.039060,,3.427370,-614.752380
13.270000,0.695980,0.630620,7.003420,359.599030,-350.823180,76098.867190,,3.567080,-614.752080
13.272000,0.684450,0.706240,6.726560,359.632350,-350.822660,75909.031250,1.000000,3.403020,-614.751950
13.274000,0.728030,0.998470,6.572750,359.664730,-350.822020,76023.984380,,3.291500,-614.752080
13.276000,0.739560,0.962590,5.670410,359.698030,-350.821780,75893.203130,,3.283810,-614.752320
13.278000,0.712650,0.647280,6.172850,359.732640,-350.822570,75916.414060,,3.472230,-614.752260
13.280000,0.660100,0.461430,6.152340,359.766850,-350.823300,76089.382810,1.000000,3.591430,-614.751950
13.282000,0.667790,0.689580,6.213870,359.799440,-350.822780,75973.359380,,3.397890,-614.751890
13.284000,0.721620,1.077940,5.865230,359.831020,-350.821810,76022.929690,,3.229980,-614.752260
13.286000,0.742130,1.118960,6.070310,359.863740,-350.821560,75652.734380,,3.245360,-614.752560
13.288000,0.708800,0.849790,6.798340,359.897770,-350.822660,75984.960940,1.000000,3.510680,-614.752380
13.290000,0.672910,0.816470,6.490720,359.931340,-350.823180,75871.062500,,3.531190,-614.752140
13.292000,0.695980,1.015140,6.788090,359.963960,-350.822450,75859.453130,,3.315860,-614.752140
13.294000,0.743410,1.161250,6.613770,359.996730,-350.821930,76035.593750,,3.262020,-614.752380
13.296000,0.733150,0.902340,7.105960,360.031100,-350.822300,75832.031250,1.000000,3.379940,-614.752380
13.298000,0.704960,0.634460,6.541990,360.065830,-350.823120,75891.093750,,3.559390,-614.752140
13.300000,0.683170,0.662660,6.562500,360.099400,-350.822940,75537.781250,,3.449160,-614.752010
13.302000,0.717770,0.962590,6.747070,360.131710,-350.822110,75947.000000,,3.305600,-614.752080
13.304000,0.740840,1.060000,5.834470,360.164520,-350.821720,75938.562500,1.000000,3.258180,-614.752320
13.306000,0.711360,0.771610,6.388180,360.198850,-350.822300,76017.664060,,3.423520,-614.752260
13.308000,0.671630,0.510130,6.162600,360.233340,-350.823270,75800.398440,,3.588870,-614.752010
13.310000,0.661380,0.607540,6.111330,360.266420,-350.823030,75760.312500,,3.461980,-614.751890
13.312000,0.713930,0.976680,5.896000,360.298280,-350.822020,75957.539060,1.000000,3.242800,-614.752200
13.314000,0.742130,1.092040,5.978030,360.330750,-350.821470,75815.156250,,3.206910,-614.752500
13.316000,0.717770,0.838260,6.480470,360.364780,-350.822360,75779.304690,,3.444030,-614.752440
13.318000,0.680600,0.734440,6.829100,360.398650,-350.823210,75920.625000,,3.565800,-614.752200
13.320000,0.690860,0.889530,7.105960,360.431430,-350.822690,76177.976560,1.000000,3.354310,-614.752080
13.322000,0.739560,1.111270,6.736820,360.464020,-350.821990,75830.984380,,3.265870,-614.752320
13.324000,0.738280,0.936950,6.941890,360.497990,-350.822140,75605.281250,,3.320980,-614.752380
13.326000,0.704960,0.620360,6.716310,360.532780,-350.823000,76158.992190,,3.555540,-614.752200
13.328000,0.688290,0.617800,6.685550,360.566470,-350.823090,75718.125000,1.000000,3.478640,-614.752010
13.330000,0.706240,0.893370,6.706050,360.598790,-350.822330,76075.671880,,3.342770,-614.752080
13.332000,0.744690,1.170230,6.326660,360.630950,-350.821750,75871.062500,,3.247920,-614.752260
13.334000,0.719060,0.965150,6.131840,360.664670,-350.822110,76205.398440,,3.373540,-614.752260
13.336000,0.681880,0.675480,6.131840,360.699130,-350.823090,75933.281250,1.000000,3.585020,-614.752080
13.338000,0.651120,0.649840,6.019040,360.732640,-350.823240,75814.101560,,3.511960,-614.751830
13.340000,0.698550,0.997190,5.772950,360.764710,-350.822270,76050.351560,,3.308170,-614.752080
13.342000,0.747250,1.176640,5.896000,360.797000,-350.821500,75920.625000,,3.171020,-614.752440
13.344000,0.729310,0.974120,6.624020,360.830900,-350.822050,76249.695310,1.000000,3.400450,-614.752500
13.346000,0.684450,0.772890,6.859860,360.865110,-350.823120,75726.562500,,3.573490,-614.752260
13.348000,0.680600,0.853640,6.798340,360.898380,-350.822910,76031.375000,,3.411990,-614.752080
13.350000,0.733150,1.077940,6.593260,360.931060,-350.822140,75994.453130,,3.283810,-614.752260
13.352000,0.751100,1.008730,6.716310,360.964750,-350.821990,75867.898440,1.000000,3.291500,-614.752380
13.354000,0.724180,0.689580,6.890630,360.999570,-350.822810,75701.250000,,3.496580,-614.752260
13.356000,0.689580,0.615230,6.931640,361.033570,-350.823120,75763.484380,,3.531190,-614.752010
13.358000,0.702390,0.835690,6.634280,361.066160,-350.822510,76025.039060,,3.345340,-614.751950
13.360000,0.739560,1.142030,6.439450,361.098270,-350.821840,75576.804690,1.000000,3.279970,-614.752200
13.362000,0.730590,0.976680,5.752440,361.131870,-350.821960,75857.343750,,3.308170,-614.752320
13.364000,0.693420,0.676760,5.906250,361.166380,-350.822940,75939.617190,,3.555540,-614.752080
13.366000,0.652400,0.602420,5.967770,361.200200,-350.823300,75909.031250,,3.537600,-614.751890
13.368000,0.685730,0.881840,6.162600,361.232450,-350.822570,75795.125000,1.000000,3.350460,-614.752010
13.370000,0.742130,1.143310,6.234380,361.264590,-350.821620,75751.882810,,3.200500,-614.752380
13.372000,0.739560,0.990780,6.562500,361.298130,-350.821900,75886.875000,,3.323550,-614.752560
13.374000,0.689580,0.729310,6.818850,361.332490,-350.823000,75682.265630,,3.569640,-614.752380
13.376000,0.674190,0.781860,6.583010,361.365880,-350.823060,75737.117190,1.000000,3.460690,-614.752080
13.378000,0.711360,1.010010,6.470210,361.398410,-350.822270,75921.679690,,3.287660,-614.752140
13.380000,0.748540,1.089480,6.654790,361.431550,-350.821960,76020.820310,,3.283810,-614.752380
13.382000,0.729310,0.794680,7.177730,361.466030,-350.822540,75693.875000,,3.437620,-614.752380
13.384000,0.693420,0.639590,7.352050,361.500270,-350.823210,75769.812500,1.000000,3.568360,-614.752080
13.386000,0.692140,0.760070,6.716310,361.533260,-350.822660,75987.078130,,3.379940,-614.751950
13.388000,0.733150,1.068970,6.511230,361.565430,-350.821960,75978.632810,,3.288940,-614.752140
13.390000,0.738280,1.020260,5.475590,361.598660,-350.821810,75997.625000,,3.277400,-614.752320
13.392000,0.710080,0.728030,6.152340,361.633120,-350.822660,75958.601560,1.000000,3.485050,-614.752200
13.394000,0.656250,0.579350,5.988280,361.667180,-350.823300,76133.679690,,3.577330,-614.751890
13.396000,0.672910,0.826720,6.162600,361.699650,-350.822780,75805.664060,,3.376100,-614.751890
13.398000,0.729310,1.171510,6.265140,361.731410,-350.821840,75901.648440,,3.229980,-614.752320
13.400000,0.745970,1.122800,6.213870,361.764470,-350.821690,75976.523440,1.000000,3.258180,-614.752560
13.402000,0.704960,0.843380,6.952150,361.798740,-350.822810,76079.882810,,3.529910,-614.752380
13.404000,0.671630,0.842100,6.295900,361.832210,-350.823180,75961.757810,,3.511960,-614.752140
13.406000,0.698550,1.076660,6.818850,361.864720,-350.822390,75804.609380,,3.304320,-614.752140
13.408000,0.745970,1.209960,6.603520,361.897550,-350.821930,75944.882810,1.000000,3.262020,-614.752380
13.410000,0.737000,0.901060,7.167480,361.932070,-350.822360,75795.125000,,3.397890,-614.752380
13.412000,0.704960,0.642150,6.931640,361.966800,-350.823180,75890.039060,,3.556820,-614.752140
13.414000,0.685730,0.699830,6.583010,362.000240,-350.822850,75797.234380,,3.429930,-614.751950
13.416000,0.722900,1.020260,6.511230,362.032560,-350.822110,75992.343750,1.000000,3.290220,-614.752080
13.418000,0.743410,1.072810,5.670410,362.065550,-350.821720,75924.851560,,3.260740,-614.752320
13.420000,0.715210,0.753660,6.080570,362.100100,-350.822390,75585.234380,,3.431210,-614.752260
13.422000,0.669070,0.498600,6.131840,362.134670,-350.823360,75992.343750,,3.592710,-614.752010
13.424000,0.666500,0.651120,6.183110,362.167660,-350.823000,75788.789060,1.000000,3.442750,-614.751890
13.426000,0.722900,1.052310,6.152340,362.199310,-350.822020,75928.015630,,3.227420,-614.752200
13.428000,0.747250,1.189450,5.926760,362.231720,-350.821500,75747.656250,,3.219730,-614.752500
13.430000,0.719060,0.956180,6.695800,362.265560,-350.822480,75712.851560,,3.459410,-614.752440
13.432000,0.684450,0.880550,6.562500,362.299130,-350.823240,75919.578130,1.000000,3.561950,-614.752140
13.434000,0.698550,1.052310,6.972660,362.331700,-350.822630,75668.554690,,3.342770,-614.752080
13.436000,0.748540,1.239440,6.788090,362.364290,-350.821960,75929.070310,,3.253050,-614.752320
13.438000,0.742130,1.012570,6.982910,362.398440,-350.822140,75876.328130,,3.331240,-614.752380
13.440000,0.710080,0.678040,6.911130,362.433350,-350.823000,75928.015630,1.000000,3.554260,-614.752140
13.440000,0.710080,0.678040,6.911130,362.433350,-350.823000,75928.015630,1.000000,3.554260,-614.752140
13.442000,0.687010,0.653690,6.480470,362.467250,-350.823090,75807.781250,,3.472230,-614.751950
13.444000,0.713930,0.912600,6.726560,362.499850,-350.822270,75650.632810,,3.332520,-614.752080
13.446000,0.751100,1.088200,5.988280,362.532530,-350.821780,76100.984380,,3.242800,-614.752260
13.448000,0.722900,0.822880,6.121580,362.566770,-350.822200,75921.679690,1.000000,3.391480,-614.752260
13.450000,0.681880,0.519100,6.377930,362.601530,-350.823180,76233.875000,,3.587590,-614.752010
13.452000,0.657530,0.566530,6.234380,362.634890,-350.823210,75838.359380,,3.500430,-614.751830
13.454000,0.712650,0.998470,6.019040,362.666630,-350.822170,75984.960940,,3.281250,-614.752080
13.456000,0.752380,1.236880,5.824220,362.698550,-350.821500,75847.851560,1.000000,3.178710,-614.752440
13.458000,0.733150,1.031800,6.747070,362.732180,-350.822140,75783.515630,,3.413270,-614.752500
13.460000,0.689580,0.851070,6.613770,362.766050,-350.823180,76117.859380,,3.572200,-614.752200
13.462000,0.685730,0.948490,7.013670,362.798980,-350.822850,75929.070310,,3.394040,-614.752080
13.464000,0.743410,1.176640,6.757320,362.831510,-350.822080,76110.468750,1.000000,3.272280,-614.752260
13.466000,0.757510,1.056150,6.952150,362.865200,-350.821990,75694.921880,,3.285100,-614.752380
13.468000,0.726750,0.697270,6.859860,362.900150,-350.822850,75770.859380,,3.513240,-614.752260
13.470000,0.694700,0.574220,6.531740,362.934390,-350.823180,75921.679690,,3.519650,-614.751950
13.472000,0.708800,0.742130,6.726560,362.967350,-350.822510,75878.437500,1.000000,3.349180,-614.751950
13.474000,0.753660,1.003600,6.172850,362.999790,-350.821840,75863.671880,,3.262020,-614.752200
13.476000,0.739560,0.863890,6.152340,363.033510,-350.821990,75981.796880,,3.320980,-614.752320
13.478000,0.697270,0.613950,5.937010,363.067900,-350.823000,75954.382810,,3.569640,-614.752080
13.480000,0.660100,0.594730,6.193360,363.101410,-350.823330,75719.187500,1.000000,3.533750,-614.751830
13.482000,0.699830,0.948490,6.203610,363.133240,-350.822510,75829.921880,,3.346620,-614.752010
13.484000,0.757510,1.254820,5.772950,363.165010,-350.821590,75897.429690,,3.188960,-614.752380
13.486000,0.745970,1.124080,6.695800,363.198240,-350.821930,75925.906250,,3.344060,-614.752500
13.488000,0.697270,0.921570,6.829100,363.232180,-350.823000,75849.960940,1.000000,3.569640,-614.752260
13.490000,0.684450,0.985660,6.931640,363.265350,-350.822970,75665.398440,,3.445310,-614.752080
13.492000,0.726750,1.186890,6.490720,363.297910,-350.822240,75926.953130,,3.286380,-614.752140
13.494000,0.761350,1.157410,6.890630,363.331390,-350.821960,75885.828130,,3.282530,-614.752380
13.496000,0.738280,0.778020,6.993160,363.366360,-350.822660,75775.078130,1.000000,3.447880,-614.752320
13.498000,0.702390,0.584470,6.911130,363.400940,-350.823210,75865.789060,,3.561950,-614.752080
13.500000,0.708800,0.707520,7.095700,363.434110,-350.822630,76241.250000,,3.363280,-614.751950
13.500000,0.708800,0.707520,7.095700,363.434110,-350.822630,76241.250000,,3.363280,-614.751950
13.502000,0.747250,1.030520,6.521480,363.466400,-350.821930,75871.062500,,3.283810,-614.752140
13.504000,0.743410,0.975400,6.131840,363.499760,-350.821840,75729.726560,1.000000,3.282530,-614.752260
13.506000,0.713930,0.689580,5.937010,363.534180,-350.822780,76079.882810,,3.510680,-614.752080
13.508000,0.666500,0.592160,6.029300,363.567960,-350.823330,75998.679690,,3.565800,-614.751830
13.510000,0.688290,0.869020,5.937010,363.600250,-350.822720,75933.281250,,3.365840,-614.751890
13.512000,0.740840,1.203550,6.203610,363.631990,-350.821720,75920.625000,1.000000,3.221010,-614.752320
13.514000,0.752380,1.124080,6.500980,363.665130,-350.821750,76190.632810,,3.264590,-614.752500
13.516000,0.706240,0.861330,6.952150,363.699310,-350.822810,75820.429690,,3.540160,-614.752380
13.518000,0.679320,0.874150,6.644530,363.732730,-350.823150,75906.914060,,3.495300,-614.752080
13.520000,0.711360,1.080510,6.439450,363.765380,-350.822390,75891.093750,1.000000,3.295350,-614.752080
13.522000,0.757510,1.151000,6.726560,363.798460,-350.821960,75974.421880,,3.262020,-614.752380
13.524000,0.742130,0.817750,6.900880,363.833160,-350.822420,75999.734380,,3.408140,-614.752380
13.526000,0.711360,0.604980,7.075200,363.867710,-350.823210,75609.492190,,3.559390,-614.752080
13.528000,0.697270,0.707520,6.900880,363.900850,-350.822810,76078.828130,1.000000,3.415830,-614.751890
13.530000,0.739560,1.051030,6.572750,363.932920,-350.822050,75876.328130,,3.281250,-614.752080
13.532000,0.748540,1.071530,5.813960,363.965850,-350.821750,75923.796880,,3.267150,-614.752260
13.534000,0.719060,0.758790,5.906250,364.000240,-350.822510,75774.023440,,3.451720,-614.752140
13.536000,0.670350,0.546020,5.906250,364.034480,-350.823330,75886.875000,1.000000,3.586300,-614.751890
13.538000,0.674190,0.745970,5.998540,364.067230,-350.822910,75870.007810,,3.417110,-614.751830
13.540000,0.729310,1.125370,6.090820,364.098910,-350.821930,75573.640630,,3.221010,-614.752200
13.542000,0.752380,1.179200,6.213870,364.131620,-350.821560,75974.421880,,3.228700,-614.752500
13.544000,0.716490,0.889530,6.552250,364.165770,-350.822570,75961.757810,1.000000,3.479920,-614.752380
13.546000,0.681880,0.819030,6.480470,364.199550,-350.823270,75852.078130,,3.549130,-614.752140
13.548000,0.701110,1.020260,6.921390,364.232210,-350.822600,75714.960940,,3.328670,-614.752080
13.550000,0.752380,1.222780,6.583010,364.264770,-350.821960,75645.359380,,3.250490,-614.752320
13.552000,0.744690,1.018980,7.085450,364.298830,-350.822240,75963.867190,1.000000,3.350460,-614.752380
13.554000,0.711360,0.737000,7.146970,364.333440,-350.823090,75568.359380,,3.559390,-614.752140
13.556000,0.689580,0.751100,6.644530,364.367000,-350.823060,75848.906250,,3.461980,-614.751950
13.558000,0.719060,1.038210,6.613770,364.399260,-350.822240,75915.351560,,3.315860,-614.752080
13.560000,0.751100,1.175350,5.978030,364.431920,-350.821780,76088.328130,1.000000,3.245360,-614.752260
13.562000,0.722900,0.869020,6.121580,364.466190,-350.822240,75819.375000,,3.401730,-614.752260
13.564000,0.681880,0.571660,6.224120,364.500890,-350.823210,75598.945310,,3.582460,-614.752010
13.566000,0.658810,0.610110,6.244630,364.534270,-350.823120,76088.328130,,3.481200,-614.751830
13.568000,0.715210,0.990780,6.172850,364.566280,-350.822140,75918.515630,1.000000,3.260740,-614.752080
13.570000,0.751100,1.134340,5.906250,364.598720,-350.821530,75982.859380,,3.187680,-614.752440
13.572000,0.728030,0.910030,6.603520,364.632660,-350.822270,75983.914060,,3.424800,-614.752440
13.574000,0.689580,0.778020,6.634280,364.666630,-350.823210,76094.648440,,3.569640,-614.752200
13.576000,0.694700,0.913880,7.085450,364.699460,-350.822810,75900.593750,1.000000,3.379940,-614.752080
13.578000,0.744690,1.174070,6.849610,364.731870,-350.822080,75732.890630,,3.271000,-614.752260
13.580000,0.749820,1.072810,7.116210,364.765440,-350.822080,75934.335940,,3.297910,-614.752380
13.582000,0.716490,0.795960,6.900880,364.799930,-350.822940,75917.460940,,3.536320,-614.752200
13.584000,0.693420,0.756230,6.521480,364.833590,-350.823090,76262.351560,1.000000,3.496580,-614.751950
13.586000,0.708800,0.984380,6.572750,364.866030,-350.822420,75677.000000,,3.342770,-614.751950
13.588000,0.749820,1.204830,6.193360,364.898410,-350.821810,76097.812500,,3.253050,-614.752200
13.590000,0.734440,0.961300,6.070310,364.932340,-350.822080,75958.601560,,3.345340,-614.752260
13.592000,0.690860,0.634460,6.275390,364.967100,-350.823060,75855.242190,1.000000,3.576050,-614.752080
13.594000,0.656250,0.563960,6.193360,365.000980,-350.823270,75770.859380,,3.515810,-614.751830
13.596000,0.703670,0.897220,6.142090,365.033170,-350.822390,75992.343750,,3.328670,-614.752080
13.598000,0.756230,1.140750,5.660160,365.065310,-350.821560,75964.921880,,3.178710,-614.752380
13.600000,0.739560,0.988220,6.531740,365.098940,-350.822050,75722.343750,1.000000,3.378660,-614.752440
13.602000,0.694700,0.786990,6.757320,365.133000,-350.823090,75898.484380,,3.573490,-614.752200
13.604000,0.687010,0.890810,6.839360,365.166050,-350.822970,75717.070310,,3.428650,-614.752080
13.606000,0.735720,1.135620,6.911130,365.198430,-350.822170,75907.968750,,3.281250,-614.752200
13.608000,0.760070,1.115110,6.665040,365.231780,-350.821960,75716.015630,1.000000,3.285100,-614.752380
13.610000,0.733150,0.776730,7.136720,365.266420,-350.822720,75774.023440,,3.468380,-614.752260
13.612000,0.698550,0.661380,6.470210,365.300510,-350.823180,75905.859380,,3.547850,-614.752010
13.614000,0.704960,0.849790,6.613770,365.333250,-350.822570,75771.914060,,3.345340,-614.751890
13.616000,0.743410,1.121520,6.336910,365.365510,-350.821870,75938.562500,1.000000,3.278690,-614.752140
13.618000,0.739560,0.980530,6.039550,365.399080,-350.821960,75875.273440,,3.294070,-614.752260
13.620000,0.707520,0.652400,6.213870,365.433720,-350.822910,76059.851560,,3.536320,-614.752080
13.622000,0.663940,0.547300,5.947270,365.467680,-350.823360,75770.859380,,3.552980,-614.751830
13.624000,0.692140,0.817750,6.306150,365.499970,-350.822660,75702.304690,1.000000,3.355590,-614.751950
13.626000,0.745970,1.129210,5.834470,365.531860,-350.821690,76147.390630,,3.206910,-614.752320
13.628000,0.744690,1.039490,6.408690,365.565060,-350.821840,75771.914060,,3.287660,-614.752500
13.630000,0.699830,0.808780,6.921390,365.599180,-350.822940,76033.476560,,3.558110,-614.752320
13.632000,0.679320,0.877990,6.900880,365.632290,-350.823120,75894.257810,1.000000,3.479920,-614.752080
13.634000,0.712650,1.129210,6.634280,365.664610,-350.822330,75968.093750,,3.285100,-614.752080
13.636000,0.749820,1.203550,6.511230,365.697600,-350.821930,75836.257810,,3.269710,-614.752380
13.638000,0.734440,0.852360,7.054690,365.732240,-350.822480,75823.601560,,3.420960,-614.752380
13.640000,0.704960,0.625490,6.624020,365.766850,-350.823210,76096.757810,1.000000,3.561950,-614.752080
13.642000,0.695980,0.716490,6.757320,365.800110,-350.822750,75941.726560,,3.396610,-614.751950
13.644000,0.737000,1.056150,6.716310,365.832310,-350.822020,76221.218750,,3.276120,-614.752080
13.646000,0.742130,1.056150,5.834470,365.865390,-350.821780,75630.585940,,3.269710,-614.752260
13.648000,0.712650,0.756230,6.101070,365.899840,-350.822600,76045.085940,1.000000,3.464540,-614.752140
13.650000,0.665220,0.551150,5.680660,365.934050,-350.823360,75906.914060,,3.590150,-614.751890
13.652000,0.679320,0.765200,5.957520,365.966670,-350.822910,75874.218750,,3.401730,-614.751890
13.654000,0.733150,1.144590,5.803710,365.998290,-350.821870,76066.179690,,3.219730,-614.752260
13.656000,0.752380,1.167660,6.429200,366.031040,-350.821560,75913.250000,1.000000,3.228700,-614.752500
13.658000,0.711360,0.872860,6.716310,366.065190,-350.822630,75866.843750,,3.495300,-614.752380
13.660000,0.676760,0.808780,6.788090,366.098880,-350.823210,75648.523440,,3.533750,-614.752080
13.662000,0.701110,0.986940,6.603520,366.131620,-350.822540,75875.273440,,3.319700,-614.752080
13.664000,0.752380,1.115110,6.306150,366.164520,-350.821960,75945.937500,1.000000,3.247920,-614.752320
13.666000,0.742130,0.847230,6.931640,366.198940,-350.822300,75897.429690,,3.365840,-614.752380
13.668000,0.708800,0.574220,6.859860,366.233760,-350.823120,75812.000000,,3.550420,-614.752080
13.670000,0.689580,0.593440,6.993160,366.267360,-350.823000,75702.304690,,3.446590,-614.751950
13.672000,0.725460,0.888240,6.634280,366.299680,-350.822200,75989.187500,1.000000,3.303040,-614.752080
13.674000,0.752380,1.004880,6.070310,366.332400,-350.821810,75872.109380,,3.249210,-614.752260
13.676000,0.721620,0.767760,5.998540,366.366420,-350.822330,75840.476560,,3.414550,-614.752200
13.678000,0.676760,0.543460,5.885740,366.400630,-350.823270,75998.679690,,3.578610,-614.751950
13.680000,0.665220,0.690860,6.172850,366.433410,-350.823060,76260.234380,1.000000,3.459410,-614.751770
13.682000,0.724180,1.106140,6.224120,366.464900,-350.822110,75783.515630,,3.238950,-614.752080
13.684000,0.753660,1.238160,6.470210,366.497100,-350.821530,75612.656250,,3.203060,-614.752440
13.686000,0.730590,0.960020,6.439450,366.531040,-350.822390,75987.078130,,3.438900,-614.752440
13.688000,0.687010,0.795960,6.767580,366.565000,-350.823240,75943.835940,1.000000,3.558110,-614.752200
13.690000,0.694700,0.906190,6.634280,366.597960,-350.822720,76075.671880,,3.354310,-614.752080
13.692000,0.744690,1.104860,6.562500,366.630740,-350.822020,75887.929690,,3.256900,-614.752260
13.694000,0.747250,0.939510,7.116210,366.664730,-350.822140,76145.281250,,3.309450,-614.752380
13.696000,0.715210,0.640870,7.003420,366.699520,-350.823000,75954.382810,1.000000,3.547850,-614.752200
13.698000,0.694700,0.622920,6.993160,366.733340,-350.823120,75848.906250,,3.474790,-614.751950
13.700000,0.712650,0.872860,6.439450,366.765840,-350.822390,75981.796880,,3.337650,-614.752010
13.702000,0.751100,1.085630,6.101070,366.798280,-350.821840,76000.789060,,3.244080,-614.752260
13.704000,0.731870,0.869020,5.885740,366.832180,-350.822140,76241.250000,1.000000,3.368410,-614.752260
13.706000,0.689580,0.619080,6.224120,366.866550,-350.823090,75787.734380,,3.577330,-614.752080
13.708000,0.661380,0.661380,6.449710,366.899810,-350.823210,76083.046880,,3.499150,-614.751830
13.710000,0.704960,1.030520,6.111330,366.931610,-350.822270,75949.101560,,3.303040,-614.752080
13.712000,0.753660,1.195860,5.926760,366.963840,-350.821560,75844.687500,1.000000,3.172300,-614.752380
13.714000,0.738280,0.970280,6.254880,366.997680,-350.822110,75736.062500,,3.395320,-614.752440
13.716000,0.694700,0.776730,6.818850,367.031770,-350.823150,76008.164060,,3.568360,-614.752200
13.718000,0.690860,0.880550,6.603520,367.064820,-350.822940,75867.898440,,3.404300,-614.752080
13.720000,0.739560,1.089480,6.900880,367.097410,-350.822140,75608.445310,1.000000,3.271000,-614.752200
13.722000,0.760070,0.980530,7.044430,367.131160,-350.822020,75937.500000,,3.287660,-614.752380
13.724000,0.729310,0.625490,6.941890,367.166110,-350.822880,75757.148440,,3.494020,-614.752200
13.726000,0.699830,0.540890,6.829100,367.200160,-350.823210,75942.781250,,3.531190,-614.751950
13.728000,0.710080,0.774170,6.439450,367.232790,-350.822510,75790.898440,1.000000,3.335080,-614.751890
13.730000,0.747250,1.094600,6.398440,367.264860,-350.821840,75710.742190,,3.268430,-614.752140
13.732000,0.740840,0.958740,5.937010,367.298370,-350.821990,75945.937500,,3.304320,-614.752260
13.734000,0.706240,0.630620,6.295900,367.332890,-350.823000,75438.632810,,3.551700,-614.752080
13.736000,0.662660,0.553710,6.306150,367.366640,-350.823360,75824.656250,1.000000,3.538880,-614.751830
13.738000,0.694700,0.876710,6.080570,367.398710,-350.822600,75967.031250,,3.341490,-614.751950
13.740000,0.748540,1.203550,6.101070,367.430510,-350.821590,76033.476560,,3.182560,-614.752320
13.742000,0.747250,1.088200,6.295900,367.463780,-350.821840,75744.492190,,3.303040,-614.752440
13.744000,0.699830,0.825440,6.982910,367.497990,-350.823030,75722.343750,1.000000,3.564510,-614.752260
13.746000,0.689580,0.857480,6.767580,367.531310,-350.823180,76002.890630,,3.469670,-614.752080
13.748000,0.725460,1.068970,6.900880,367.563870,-350.822360,75759.257810,,3.274840,-614.752140
13.750000,0.760070,1.102290,6.716310,367.597110,-350.821960,75947.000000,,3.267150,-614.752380
13.750000,0.760070,1.102290,6.716310,367.597110,-350.821960,75947.000000,,3.267150,-614.752380
13.752000,0.737000,0.745970,7.064940,367.631870,-350.822540,75872.109380,1.000000,3.426090,-614.752320
13.754000,0.703670,0.543460,6.818850,367.666410,-350.823240,75956.492190,,3.561950,-614.752010
13.756000,0.704960,0.678040,6.613770,367.699460,-350.822690,75846.796880,,3.376100,-614.751890
13.758000,0.745970,1.020260,6.695800,367.731570,-350.821990,75899.531250,,3.274840,-614.752080
13.760000,0.748540,0.990780,5.742190,367.764740,-350.821840,75881.609380,1.000000,3.273560,-614.752260
13.762000,0.720340,0.665220,6.470210,367.799290,-350.822690,76028.210940,,3.474790,-614.752080
13.764000,0.667790,0.490910,5.649900,367.833440,-350.823360,75979.687500,,3.576050,-614.751830
13.766000,0.685730,0.724180,6.152340,367.866030,-350.822850,75796.179690,,3.377380,-614.751890
13.768000,0.739560,1.089480,5.670410,367.897740,-350.821840,75969.148440,1.000000,3.218440,-614.752260
13.770000,0.756230,1.088200,6.531740,367.930660,-350.821690,75957.539060,,3.242800,-614.752500
13.772000,0.716490,0.803650,6.829100,367.964840,-350.822780,75830.984380,,3.517090,-614.752380
13.774000,0.680600,0.790830,6.880370,367.998320,-350.823210,75671.718750,,3.511960,-614.752080
13.776000,0.711360,1.003600,6.706050,368.030910,-350.822480,75952.265630,1.000000,3.300480,-614.752080
13.778000,0.758790,1.140750,6.336910,368.063660,-350.821960,75814.101560,,3.249210,-614.752320
13.780000,0.747250,0.880550,7.054690,368.097900,-350.822390,75620.046880,,3.385070,-614.752380
13.782000,0.717770,0.628050,6.747070,368.132450,-350.823210,75914.296880,,3.549130,-614.752080
13.784000,0.695980,0.666500,6.777830,368.165800,-350.822910,75863.671880,1.000000,3.427370,-614.751890
13.786000,0.734440,0.961300,6.624020,368.198060,-350.822110,75973.359380,,3.278690,-614.752010
13.788000,0.751100,1.039490,6.234380,368.230900,-350.821780,75732.890630,,3.254330,-614.752200
13.790000,0.721620,0.772890,5.916500,368.265140,-350.822420,75891.093750,,3.420960,-614.752140
13.792000,0.678040,0.546020,5.598630,368.299560,-350.823330,75975.468750,1.000000,3.576050,-614.751890
13.794000,0.672910,0.671630,5.875490,368.332580,-350.823030,75812.000000,,3.435060,-614.751830
13.796000,0.730590,1.030520,5.906250,368.364440,-350.822110,75979.687500,,3.228700,-614.752140
13.798000,0.757510,1.121520,6.347170,368.397090,-350.821620,75969.148440,,3.218440,-614.752440
13.800000,0.725460,0.871580,6.941890,368.431090,-350.822510,75964.921880,1.000000,3.453000,-614.752380
13.802000,0.690860,0.811340,6.624020,368.464780,-350.823270,75731.835940,,3.546570,-614.752140
13.804000,0.701110,0.998470,7.013670,368.497410,-350.822660,75605.281250,,3.336360,-614.752080
13.806000,0.751100,1.200990,6.357420,368.529970,-350.822020,75968.093750,,3.247920,-614.752260
13.808000,0.748540,0.981810,6.675290,368.564060,-350.822240,75845.742190,1.000000,3.327390,-614.752380
13.810000,0.717770,0.635740,6.982910,368.598910,-350.823090,76108.359380,,3.554260,-614.752140
13.812000,0.697270,0.629330,7.054690,368.632600,-350.823090,75898.484380,,3.461980,-614.751950
13.814000,0.716490,0.888240,6.706050,368.665040,-350.822270,76195.898440,,3.314580,-614.752010
13.816000,0.754940,1.047180,6.060060,368.697660,-350.821810,75928.015630,1.000000,3.232540,-614.752200
13.818000,0.725460,0.756230,6.029300,368.731870,-350.822240,75845.742190,,3.387630,-614.752200
13.820000,0.689580,0.479370,5.885740,368.766510,-350.823210,76208.554690,,3.577330,-614.752010
13.822000,0.665220,0.520390,6.019040,368.799840,-350.823240,75892.148440,,3.488890,-614.751830
13.824000,0.716490,0.924130,6.213870,368.831700,-350.822240,76247.585940,1.000000,3.274840,-614.752080
13.826000,0.754940,1.121520,6.172850,368.863800,-350.821560,75797.234380,,3.171020,-614.752380
13.828000,0.735720,0.926700,6.552250,368.897520,-350.822240,75917.460940,,3.411990,-614.752440
13.830000,0.695980,0.760070,6.521480,368.931460,-350.823240,75897.429690,,3.569640,-614.752200
13.832000,0.694700,0.903630,6.736820,368.964230,-350.822910,75839.421880,1.000000,3.392760,-614.752080
13.834000,0.744690,1.167660,6.316410,368.996550,-350.822110,76012.390630,,3.260740,-614.752200
13.836000,0.756230,1.067690,7.044430,369.030090,-350.822020,75979.687500,,3.281250,-614.752380
13.838000,0.724180,0.712650,6.952150,369.064910,-350.822910,75891.093750,,3.514530,-614.752140
13.840000,0.701110,0.616520,6.900880,369.098940,-350.823210,75662.234380,1.000000,3.511960,-614.751950
13.842000,0.712650,0.808780,6.634280,369.131710,-350.822540,75862.617190,,3.335080,-614.751950
13.844000,0.751100,1.070250,5.865230,369.164030,-350.821840,75856.289060,,3.253050,-614.752200
13.846000,0.739560,0.879270,5.916500,369.197810,-350.822050,75935.390630,,3.313290,-614.752260
13.848000,0.699830,0.566530,5.916500,369.232450,-350.823060,75873.171880,1.000000,3.567080,-614.752080
13.850000,0.663940,0.501160,6.439450,369.266240,-350.823360,75791.960940,,3.526060,-614.751830
13.852000,0.702390,0.863890,6.336910,369.298250,-350.822540,75890.039060,,3.337650,-614.751950
13.854000,0.757510,1.179200,6.121580,369.330080,-350.821590,75660.125000,,3.174870,-614.752380
13.856000,0.745970,1.053590,6.367680,369.363400,-350.821960,75821.492190,1.000000,3.333800,-614.752440
13.858000,0.699830,0.808780,6.572750,369.397520,-350.823060,75958.601560,,3.567080,-614.752260
13.860000,0.689580,0.879270,6.788090,369.430790,-350.823090,75900.593750,,3.445310,-614.752010
13.862000,0.730590,1.101010,6.839360,369.463290,-350.822300,75801.445310,,3.278690,-614.752140
13.864000,0.763920,1.113830,7.095700,369.496640,-350.821960,75633.750000,1.000000,3.267150,-614.752380
13.866000,0.740840,0.761350,7.208500,369.531400,-350.822660,76013.445310,,3.440190,-614.752260
13.868000,0.702390,0.598570,6.900880,369.565830,-350.823210,75930.117190,,3.558110,-614.752010
13.870000,0.706240,0.729310,6.716310,369.598910,-350.822660,75959.656250,,3.360720,-614.751890
13.872000,0.749820,1.024110,6.193360,369.631200,-350.821960,75880.554690,1.000000,3.273560,-614.752080
13.874000,0.749820,0.940800,6.008790,369.664610,-350.821900,76220.156250,,3.272280,-614.752260
13.876000,0.717770,0.617800,6.306150,369.699250,-350.822810,75883.718750,,3.506840,-614.752080
13.878000,0.670350,0.475520,6.224120,369.733310,-350.823360,75874.218750,,3.563230,-614.751830
13.880000,0.690860,0.737000,6.142090,369.765690,-350.822810,76124.187500,1.000000,3.359440,-614.751890
13.882000,0.743410,1.112550,5.824220,369.797360,-350.821780,76008.164060,,3.208190,-614.752260
13.884000,0.754940,1.095890,6.408690,369.830230,-350.821750,76153.710940,,3.251770,-614.752500
13.886000,0.710080,0.848510,6.572750,369.864260,-350.822850,75635.867190,,3.535030,-614.752320
13.888000,0.683170,0.860050,6.962400,369.897610,-350.823180,76172.703130,1.000000,3.490170,-614.752080
13.890000,0.711360,1.062560,6.706050,369.930240,-350.822420,75916.414060,,3.290220,-614.752080
13.892000,0.760070,1.152280,6.818850,369.963290,-350.821990,75839.421880,,3.253050,-614.752320
13.894000,0.743410,0.831850,6.808590,369.997920,-350.822450,75755.046880,,3.397890,-614.752320
13.896000,0.715210,0.601140,6.818850,370.032620,-350.823240,75782.468750,1.000000,3.550420,-614.752080
13.898000,0.702390,0.674190,6.685550,370.065980,-350.822850,76003.945310,,3.409420,-614.751890
13.900000,0.739560,0.992070,6.449710,370.098270,-350.822110,75630.585940,,3.271000,-614.752080
13.902000,0.749820,1.015140,6.316410,370.131290,-350.821810,75964.921880,,3.260740,-614.752200
13.904000,0.722900,0.704960,6.162600,370.165800,-350.822510,76002.890630,1.000000,3.438900,-614.752140
13.904000,0.722900,0.704960,6.162600,370.165800,-350.822510,76002.890630,1.000000,3.438900,-614.752140
13.906000,0.676760,0.490910,5.865230,370.200070,-350.823390,75912.195310,,3.581180,-614.751890
13.908000,0.680600,0.678040,6.039550,370.232790,-350.822940,75795.125000,,3.410710,-614.751830
13.910000,0.734440,1.067690,5.834470,370.264400,-350.821990,75664.335940,,3.210750,-614.752200
13.912000,0.754940,1.117680,6.244630,370.297060,-350.821560,76034.531250,1.000000,3.217160,-614.752440
13.914000,0.721620,0.822880,6.634280,370.331210,-350.822600,75475.546880,,3.467100,-614.752380
13.916000,0.687010,0.760070,6.911130,370.364930,-350.823300,75988.125000,,3.541440,-614.752080
13.918000,0.707520,0.963870,6.870120,370.397610,-350.822660,75868.945310,,3.322270,-614.752080
13.920000,0.756230,1.145870,6.521480,370.430330,-350.822020,76001.843750,1.000000,3.238950,-614.752260
13.922000,0.747250,0.904910,6.644530,370.464630,-350.822300,75770.859380,,3.340210,-614.752320
13.924000,0.715210,0.580630,7.105960,370.499510,-350.823150,75571.523440,,3.551700,-614.752080
13.926000,0.698550,0.596010,6.808590,370.533230,-350.823090,76034.531250,,3.451720,-614.751890
13.928000,0.726750,0.908750,6.829100,370.565490,-350.822240,75769.812500,1.000000,3.301760,-614.752010
13.930000,0.754940,1.103580,6.285640,370.597960,-350.821840,76042.976560,,3.235110,-614.752200
13.932000,0.725460,0.865170,6.101070,370.631900,-350.822300,75951.210940,,3.399170,-614.752200
13.934000,0.685730,0.604980,5.998540,370.666260,-350.823270,75936.445310,,3.573490,-614.751950
13.936000,0.666500,0.670350,5.844730,370.699370,-350.823180,75861.562500,1.000000,3.473510,-614.751770
13.938000,0.720340,1.058720,6.254880,370.731170,-350.822170,75923.796880,,3.249210,-614.752080
13.940000,0.756230,1.207400,6.019040,370.763460,-350.821560,76129.460940,,3.177430,-614.752380
13.942000,0.737000,0.957460,6.839360,370.797420,-350.822270,75936.445310,,3.414550,-614.752440
13.944000,0.693420,0.783140,6.716310,370.831540,-350.823270,76172.703130,1.000000,3.560670,-614.752140
13.946000,0.694700,0.910030,6.695800,370.864590,-350.822850,75800.398440,,3.369690,-614.752010
13.948000,0.748540,1.134340,6.511230,370.897310,-350.822110,75883.718750,,3.256900,-614.752200
13.950000,0.753660,0.995910,6.757320,370.931240,-350.822140,75861.562500,,3.290220,-614.752320
13.952000,0.724180,0.644710,6.900880,370.966250,-350.823000,75775.078130,1.000000,3.529910,-614.752140
13.954000,0.703670,0.594730,6.962400,371.000270,-350.823180,75705.476560,,3.486330,-614.751950
13.956000,0.713930,0.838260,6.818850,371.032840,-350.822450,75856.289060,,3.327390,-614.751950
13.958000,0.751100,1.125370,5.906250,371.065060,-350.821840,75979.687500,,3.250490,-614.752140
13.960000,0.737000,0.919010,5.926760,371.098850,-350.822110,75731.835940,1.000000,3.337650,-614.752200
13.962000,0.698550,0.620360,5.885740,371.133360,-350.823120,75890.039060,,3.572200,-614.752010
13.964000,0.665220,0.593440,6.039550,371.166960,-350.823330,75862.617190,,3.506840,-614.751770
13.966000,0.703670,0.936950,6.254880,371.198940,-350.822420,75872.109380,,3.318420,-614.752010
13.968000,0.754940,1.168950,6.234380,371.231050,-350.821590,75742.390630,1.000000,3.167180,-614.752380
13.970000,0.743410,0.984380,6.624020,371.264710,-350.822080,75893.203130,,3.365840,-614.752440
13.972000,0.701110,0.738280,6.572750,371.298980,-350.823150,75909.031250,,3.569640,-614.752200
13.974000,0.694700,0.806210,6.624020,371.332240,-350.823030,75856.289060,,3.423520,-614.752080
13.976000,0.737000,1.025390,6.562500,371.364840,-350.822240,75900.593750,1.000000,3.271000,-614.752140
13.978000,0.757510,1.026670,6.706050,371.398220,-350.822020,75853.132810,,3.276120,-614.752320
13.980000,0.734440,0.711360,7.485350,371.432920,-350.822780,76099.929690,,3.461980,-614.752200
13.982000,0.702390,0.613950,7.075200,371.466980,-350.823210,75842.585940,,3.545290,-614.751950
13.984000,0.711360,0.801090,6.583010,371.499730,-350.822630,75647.468750,1.000000,3.340210,-614.751890
13.986000,0.744690,1.092040,6.306150,371.531890,-350.821960,76079.882810,,3.278690,-614.752080
13.988000,0.743410,0.965150,5.373050,371.565400,-350.821960,75923.796880,,3.283810,-614.752260
13.990000,0.712650,0.643430,5.998540,371.600010,-350.822940,76071.453130,,3.523500,-614.752080
13.992000,0.665220,0.553710,6.254880,371.633880,-350.823330,75924.851560,1.000000,3.540160,-614.751830
13.994000,0.692140,0.845950,6.398440,371.666140,-350.822690,76172.703130,,3.344060,-614.751890
13.996000,0.742130,1.189450,6.049800,371.697940,-350.821720,75932.226560,,3.204350,-614.752260
13.998000,0.749820,1.089480,6.562500,371.731110,-350.821900,75844.687500,,3.279970,-614.752440
14.000000,0.706240,0.812620,6.367680,371.765350,-350.823000,75961.757810,1.000000,3.554260,-614.752320
14.000000,0.706240,0.812620,6.367680,371.765350,-350.823000,75961.757810,1.000000,3.554260,-614.752320
14.002000,0.688290,0.842100,6.675290,371.798740,-350.823210,75909.031250,,3.473510,-614.752080
14.004000,0.719060,1.077940,6.706050,371.831210,-350.822390,76141.054690,,3.278690,-614.752080
14.006000,0.753660,1.188170,6.880370,371.864140,-350.821960,75680.156250,,3.256900,-614.752320
14.008000,0.735720,0.863890,7.136720,371.898710,-350.822510,76061.953130,1.000000,3.413270,-614.752260
14.010000,0.708800,0.647280,6.839360,371.933260,-350.823270,75926.953130,,3.558110,-614.752010
14.012000,0.701110,0.734440,6.644530,371.966490,-350.822810,75976.523440,,3.392760,-614.751890
14.014000,0.739560,1.045900,6.090820,371.998810,-350.822080,75752.929690,,3.265870,-614.752080
14.016000,0.745970,1.035640,5.875490,372.032010,-350.821810,75948.046880,1.000000,3.262020,-614.752200
14.018000,0.719060,0.719060,6.039550,372.066620,-350.822630,76180.078130,,3.450440,-614.752080
14.020000,0.669070,0.508850,6.101070,372.101010,-350.823390,75603.171880,,3.579900,-614.751890
14.022000,0.681880,0.688290,6.111330,372.133910,-350.822940,75944.882810,,3.392760,-614.751890
14.024000,0.734440,1.052310,5.721680,372.165680,-350.821960,75948.046880,1.000000,3.213320,-614.752200
14.026000,0.751100,1.097170,6.183110,372.198490,-350.821660,75848.906250,,3.227420,-614.752440
14.028000,0.715210,0.861330,6.470210,372.232450,-350.822720,75862.617190,,3.488890,-614.752380
14.030000,0.683170,0.856200,6.839360,372.265840,-350.823270,75686.484380,,3.527340,-614.752080
14.032000,0.708800,1.080510,6.941890,372.298220,-350.822570,75940.671880,1.000000,3.310730,-614.752080
14.034000,0.754940,1.235600,6.736820,372.330810,-350.822020,75642.187500,,3.241520,-614.752320
14.036000,0.747250,0.962590,6.962400,372.365080,-350.822360,75786.679690,,3.362000,-614.752380
14.038000,0.716490,0.661380,6.665040,372.399810,-350.823150,75923.796880,,3.542720,-614.752080
14.040000,0.692140,0.692140,6.808590,372.433410,-350.823000,76005.007810,1.000000,3.435060,-614.751890
14.042000,0.725460,0.983090,6.347170,372.465850,-350.822170,75885.828130,,3.286380,-614.752010
14.044000,0.752380,1.086910,6.470210,372.498720,-350.821840,75735.007810,,3.245360,-614.752200
14.046000,0.726750,0.795960,6.388180,372.533140,-350.822390,76034.531250,,3.408140,-614.752200
14.048000,0.685730,0.522950,6.060060,372.567810,-350.823360,75853.132810,1.000000,3.574770,-614.751950
14.050000,0.672910,0.601140,5.998540,372.601100,-350.823150,75982.859380,,3.455570,-614.751830
14.052000,0.724180,0.993350,6.080570,372.632970,-350.822140,76015.546880,,3.228700,-614.752080
14.054000,0.753660,1.154850,6.008790,372.665310,-350.821590,76200.117190,,3.195370,-614.752380
14.056000,0.733150,0.947200,6.767580,372.699100,-350.822390,75799.335940,1.000000,3.428650,-614.752380
14.058000,0.695980,0.839540,6.972660,372.732790,-350.823270,75809.890630,,3.552980,-614.752140
14.060000,0.698550,0.994630,6.890630,372.765440,-350.822780,76180.078130,,3.350460,-614.752010
14.062000,0.745970,1.203550,6.685550,372.798000,-350.822080,75983.914060,,3.249210,-614.752200
14.064000,0.753660,1.010010,6.634280,372.831940,-350.822200,76108.359380,1.000000,3.300480,-614.752320
14.066000,0.725460,0.666500,6.829100,372.866790,-350.823030,75737.117190,,3.537600,-614.752140
14.068000,0.702390,0.624210,6.777830,372.900700,-350.823180,76006.054690,,3.470950,-614.751950
14.070000,0.715210,0.839540,6.665040,372.933380,-350.822390,75909.031250,,3.323550,-614.751950
14.072000,0.752380,1.043330,6.285640,372.965940,-350.821870,75950.156250,1.000000,3.241520,-614.752140
14.074000,0.731870,0.806210,5.906250,373.000060,-350.822240,75809.890630,,3.359440,-614.752140
14.076000,0.697270,0.540890,6.080570,373.034610,-350.823210,76093.601560,,3.576050,-614.752010
14.078000,0.672910,0.580630,5.988280,373.067930,-350.823300,75873.171880,,3.494020,-614.751830
14.080000,0.712650,1.001040,6.029300,373.099640,-350.822330,75644.296880,1.000000,3.300480,-614.752080
14.082000,0.757510,1.248410,6.183110,373.131500,-350.821620,75955.437500,,3.168460,-614.752380
14.084000,0.743410,1.062560,6.583010,373.165040,-350.822140,75748.718750,,3.388920,-614.752380
14.086000,0.702390,0.870300,6.911130,373.198970,-350.823210,75948.046880,,3.569640,-614.752140
14.088000,0.694700,0.993350,6.644530,373.231870,-350.822940,75746.601560,1.000000,3.401730,-614.752010
14.090000,0.742130,1.229190,6.654790,373.264310,-350.822170,75791.960940,,3.267150,-614.752140
14.092000,0.763920,1.157410,6.521480,373.297880,-350.822020,75911.140630,,3.272280,-614.752320
14.094000,0.735720,0.789550,7.239260,373.332760,-350.822850,75523.007810,,3.479920,-614.752200
14.096000,0.704960,0.637020,6.931640,373.367160,-350.823240,75890.039060,1.000000,3.529910,-614.751950
14.098000,0.716490,0.784420,6.921390,373.400210,-350.822660,75912.195310,,3.337650,-614.751890
14.100000,0.749820,1.054870,6.234380,373.432620,-350.821930,76019.773440,,3.264590,-614.752080
14.102000,0.745970,0.925420,5.783200,373.466310,-350.822020,75819.375000,,3.292790,-614.752200
14.104000,0.707520,0.640870,6.111330,373.500790,-350.823000,75648.523440,1.000000,3.544010,-614.752080
14.106000,0.670350,0.594730,6.039550,373.534480,-350.823360,76095.703130,,3.531190,-614.751770
14.108000,0.698550,0.919010,6.316410,373.566560,-350.822660,75755.046880,,3.337650,-614.751890
14.110000,0.751100,1.248410,6.275390,373.598360,-350.821690,75967.031250,,3.187680,-614.752260
14.112000,0.748540,1.112550,6.613770,373.631650,-350.821930,75904.804690,1.000000,3.297910,-614.752440
14.114000,0.704960,0.844670,6.603520,373.665890,-350.823060,76090.437500,,3.561950,-614.752260
14.116000,0.688290,0.889530,6.593260,373.699280,-350.823150,75851.023440,,3.458130,-614.752080
14.118000,0.722900,1.095890,6.726560,373.731840,-350.822390,75867.898440,,3.274840,-614.752080
14.120000,0.757510,1.139470,6.562500,373.765140,-350.821990,75918.515630,1.000000,3.264590,-614.752320
14.122000,0.740840,0.781860,7.464840,373.799900,-350.822600,75967.031250,,3.419680,-614.752260
14.124000,0.707520,0.597290,6.982910,373.834380,-350.823240,76204.343750,,3.556820,-614.752010
14.126000,0.706240,0.735720,7.064940,373.867400,-350.822720,75760.312500,,3.372250,-614.751890
14.128000,0.745970,1.068970,6.131840,373.899480,-350.822050,75930.117190,1.000000,3.271000,-614.752080
14.130000,0.748540,1.044620,5.762700,373.932590,-350.821870,75991.289060,,3.268430,-614.752200
14.132000,0.724180,0.729310,5.967770,373.967010,-350.822750,75917.460940,,3.476070,-614.752080
14.134000,0.674190,0.571660,5.978030,374.000980,-350.823390,75731.835940,,3.569640,-614.751830
14.136000,0.687010,0.828000,6.316410,374.033390,-350.822850,75833.085940,1.000000,3.367130,-614.751830
14.138000,0.737000,1.200990,5.896000,374.065060,-350.821840,75962.812500,,3.209470,-614.752200
14.140000,0.756230,1.184330,6.162600,374.097960,-350.821690,75708.640630,,3.235110,-614.752440
14.142000,0.717770,0.903630,6.654790,374.132200,-350.822810,75955.437500,,3.511960,-614.752320
14.144000,0.687010,0.865170,6.398440,374.165860,-350.823270,75867.898440,1.000000,3.511960,-614.752080
14.146000,0.716490,1.066410,6.736820,374.198580,-350.822540,75818.320310,,3.297910,-614.752080
14.148000,0.761350,1.197140,6.952150,374.231480,-350.822020,75687.539060,,3.241520,-614.752260
14.150000,0.745970,0.934390,7.157230,374.265870,-350.822390,75585.234380,,3.377380,-614.752320
14.152000,0.716490,0.708800,6.921390,374.300420,-350.823210,75942.781250,1.000000,3.542720,-614.752080
14.154000,0.703670,0.776730,6.716310,374.333710,-350.822940,75884.773440,,3.426090,-614.751890
14.156000,0.735720,1.107420,6.418950,374.365810,-350.822140,75917.460940,,3.271000,-614.752010
14.158000,0.757510,1.183040,5.998540,374.398590,-350.821840,75923.796880,,3.249210,-614.752200
14.160000,0.726750,0.861330,6.285640,374.432980,-350.822450,75998.679690,1.000000,3.415830,-614.752140
14.162000,0.684450,0.593440,6.142090,374.467470,-350.823360,75718.125000,,3.576050,-614.751890
14.164000,0.679320,0.717770,6.306150,374.500520,-350.823090,75662.234380,,3.431210,-614.751770
14.166000,0.734440,1.084350,5.906250,374.532410,-350.822080,76109.414060,,3.210750,-614.752080
14.168000,0.758790,1.172790,5.824220,374.565060,-350.821560,75883.718750,1.000000,3.199220,-614.752380
14.170000,0.730590,0.893370,6.531740,374.599240,-350.822510,76015.546880,,3.441470,-614.752380
14.172000,0.695980,0.793400,6.706050,374.633180,-350.823360,75907.968750,,3.547850,-614.752080
14.174000,0.710080,0.976680,7.300780,374.665890,-350.822780,76321.414060,,3.337650,-614.752010
14.176000,0.756230,1.198430,6.706050,374.698490,-350.822110,75680.156250,1.000000,3.241520,-614.752200
14.178000,0.754940,1.015140,7.075200,374.732480,-350.822270,75778.250000,,3.319700,-614.752320
14.180000,0.721620,0.726750,6.726560,374.767090,-350.823090,75953.328130,,3.545290,-614.752080
14.182000,0.701110,0.754940,6.439450,374.800570,-350.823120,75871.062500,,3.456850,-614.751890
14.184000,0.721620,1.053590,6.459960,374.832730,-350.822300,76251.804690,1.000000,3.312010,-614.751950
14.186000,0.757510,1.244570,6.162600,374.865110,-350.821840,75797.234380,,3.231260,-614.752140
14.188000,0.733150,0.963870,6.275390,374.899140,-350.822240,76086.218750,,3.373540,-614.752140
14.190000,0.694700,0.661380,6.142090,374.933750,-350.823210,75944.882810,,3.569640,-614.751950
14.192000,0.670350,0.654970,6.008790,374.967290,-350.823270,75812.000000,1.000000,3.486330,-614.751770
14.192000,0.670350,0.654970,6.008790,374.967290,-350.823270,75812.000000,1.000000,3.486330,-614.751770
14.194000,0.719060,0.995910,5.731930,374.999390,-350.822300,75891.093750,,3.269710,-614.752080
14.196000,0.758790,1.166380,5.947270,375.031740,-350.821620,76052.460940,,3.165890,-614.752380
14.198000,0.743410,0.970280,6.347170,375.065580,-350.822240,76033.476560,,3.397890,-614.752380
14.200000,0.701110,0.811340,7.003420,375.099580,-350.823270,75477.656250,1.000000,3.561950,-614.752140
14.202000,0.698550,0.933110,6.890630,375.132540,-350.822940,75861.562500,,3.387630,-614.752010
14.204000,0.747250,1.175350,6.521480,375.165040,-350.822170,76023.984380,,3.254330,-614.752140
14.206000,0.760070,1.084350,6.859860,375.198640,-350.822110,75914.296880,,3.282530,-614.752320
14.208000,0.734440,0.762630,6.521480,375.233370,-350.822940,75779.304690,1.000000,3.502990,-614.752140
14.210000,0.707520,0.698550,6.736820,375.267210,-350.823210,75763.484380,,3.500430,-614.751890
14.212000,0.716490,0.912600,6.562500,375.299840,-350.822510,75955.437500,,3.327390,-614.751890
14.214000,0.751100,1.167660,6.490720,375.332090,-350.821900,75733.953130,,3.251770,-614.752080
14.216000,0.742130,0.976680,5.783200,375.365840,-350.822110,75719.187500,1.000000,3.310730,-614.752200
14.218000,0.707520,0.669070,6.142090,375.400420,-350.823090,76025.039060,,3.552980,-614.752010
14.220000,0.671630,0.616520,5.916500,375.434170,-350.823360,76054.570310,,3.517090,-614.751770
14.222000,0.704960,0.925420,6.142090,375.466340,-350.822570,75820.429690,,3.327390,-614.751950
14.224000,0.757510,1.186890,6.234380,375.498380,-350.821690,75743.437500,1.000000,3.173580,-614.752320
14.226000,0.748540,1.013850,6.511230,375.531890,-350.822020,75937.500000,,3.331240,-614.752380
14.228000,0.706240,0.788270,7.064940,375.566040,-350.823120,75813.054690,,3.564510,-614.752200
14.230000,0.695980,0.889530,6.593260,375.599120,-350.823120,75990.234380,,3.438900,-614.752010
14.232000,0.731870,1.154850,6.644530,375.631410,-350.822300,75937.500000,1.000000,3.267150,-614.752080
14.234000,0.757510,1.188170,6.511230,375.664550,-350.822020,75926.953130,,3.264590,-614.752320
14.236000,0.735720,0.840820,7.105960,375.699160,-350.822690,75997.625000,,3.437620,-614.752200
14.238000,0.704960,0.676760,7.116210,375.733490,-350.823270,75816.210940,,3.549130,-614.751950
14.240000,0.708800,0.807500,6.890630,375.766510,-350.822690,76053.515630,1.000000,3.351750,-614.751890
14.242000,0.744690,1.103580,6.275390,375.798770,-350.822020,75944.882810,,3.264590,-614.752080
14.244000,0.745970,1.027950,5.762700,375.832180,-350.821960,76175.867190,,3.268430,-614.752200
14.246000,0.715210,0.733150,5.844730,375.866670,-350.822850,75730.781250,,3.494020,-614.752080
14.248000,0.670350,0.608830,6.008790,375.900630,-350.823430,76096.757810,1.000000,3.560670,-614.751830
14.250000,0.693420,0.871580,6.152340,375.933010,-350.822850,75971.257810,,3.353030,-614.751890
14.250000,0.693420,0.871580,6.152340,375.933010,-350.822850,75971.257810,,3.353030,-614.751890
14.252000,0.743410,1.221500,6.111330,375.964720,-350.821840,75865.789060,,3.203060,-614.752260
14.254000,0.752380,1.156130,6.624020,375.997770,-350.821810,76111.523440,,3.244080,-614.752440
14.256000,0.710080,0.879270,6.644530,376.031980,-350.822910,75801.445310,1.000000,3.529910,-614.752320
14.258000,0.685730,0.869020,6.624020,376.065460,-350.823240,75988.125000,,3.488890,-614.752080
14.260000,0.716490,1.072810,6.388180,376.098080,-350.822480,75571.523440,,3.282530,-614.752080
14.262000,0.758790,1.159970,6.870120,376.131130,-350.822020,76022.929690,,3.244080,-614.752260
14.264000,0.745970,0.829280,6.952150,376.165800,-350.822480,75861.562500,1.000000,3.388920,-614.752260
14.266000,0.715210,0.581910,7.085450,376.200560,-350.823240,75900.593750,,3.537600,-614.752080
14.268000,0.698550,0.651120,6.808590,376.233950,-350.822880,75779.304690,,3.401730,-614.751890
14.270000,0.738280,0.970280,6.490720,376.266240,-350.822170,75790.898440,,3.267150,-614.752080
14.272000,0.751100,1.001040,5.803710,376.299220,-350.821900,75948.046880,1.000000,3.259460,-614.752200
14.274000,0.725460,0.717770,6.029300,376.333560,-350.822600,75514.578130,,3.427370,-614.752140
14.276000,0.679320,0.531920,6.039550,376.367650,-350.823430,76001.843750,,3.570920,-614.751890
14.278000,0.680600,0.767760,6.213870,376.400090,-350.822970,75897.429690,,3.400450,-614.751830
14.280000,0.733150,1.185610,6.326660,376.431490,-350.822020,75983.914060,1.000000,3.201780,-614.752140
14.282000,0.753660,1.274050,5.998540,376.463870,-350.821660,75738.171880,,3.217160,-614.752380
14.284000,0.722900,0.993350,6.736820,376.497800,-350.822660,75677.000000,,3.460690,-614.752380
14.286000,0.690860,0.892090,6.459960,376.531520,-350.823360,75999.734380,,3.535030,-614.752080
14.288000,0.704960,1.026670,7.044430,376.564360,-350.822690,75641.132810,1.000000,3.317140,-614.752080
14.290000,0.754940,1.162540,6.408690,376.597290,-350.822080,75926.953130,,3.235110,-614.752260
14.292000,0.748540,0.913880,7.177730,376.631650,-350.822330,75904.804690,,3.327390,-614.752320
14.294000,0.716490,0.612670,6.952150,376.666560,-350.823150,76181.132810,,3.540160,-614.752080
14.296000,0.695980,0.631900,6.665040,376.700260,-350.823120,75810.937500,1.000000,3.445310,-614.751890
14.298000,0.722900,0.919010,6.685550,376.732640,-350.822300,75886.875000,,3.297910,-614.752010
14.300000,0.753660,1.074100,5.885740,376.765290,-350.821900,76112.578130,,3.233830,-614.752200
14.302000,0.726750,0.822880,6.193360,376.799380,-350.822390,75917.460940,,3.387630,-614.752200
14.304000,0.688290,0.592160,6.367680,376.833710,-350.823300,76220.156250,1.000000,3.567080,-614.751950
14.306000,0.669070,0.702390,6.183110,376.866610,-350.823210,75722.343750,,3.460690,-614.751770
14.308000,0.721620,1.136900,6.121580,376.898160,-350.822200,76086.218750,,3.241520,-614.752080
14.310000,0.753660,1.302250,5.803710,376.930240,-350.821620,75819.375000,,3.174870,-614.752380
14.312000,0.737000,1.039490,6.449710,376.964110,-350.822330,75829.921880,1.000000,3.406860,-614.752380
14.314000,0.697270,0.856200,6.572750,376.998140,-350.823300,75732.890630,,3.554260,-614.752140
14.316000,0.698550,0.967710,7.064940,377.031190,-350.822910,75978.632810,,3.362000,-614.752010
14.318000,0.749820,1.179200,6.767580,377.063870,-350.822140,75847.851560,,3.246640,-614.752200
14.320000,0.757510,1.001040,6.982910,377.097870,-350.822170,75527.226560,1.000000,3.282530,-614.752320
14.322000,0.725460,0.628050,6.736820,377.132970,-350.823030,75758.203130,,3.519650,-614.752140
14.324000,0.706240,0.562680,6.634280,377.167050,-350.823210,75813.054690,,3.487610,-614.751890
14.326000,0.720340,0.801090,6.603520,377.199650,-350.822510,75934.335940,,3.318420,-614.751890
14.328000,0.754940,1.076660,6.244630,377.231960,-350.821870,75706.531250,1.000000,3.233830,-614.752140
14.330000,0.742130,0.895940,6.265140,377.265690,-350.822140,75719.187500,,3.327390,-614.752200
14.332000,0.702390,0.613950,6.224120,377.300110,-350.823150,76011.328130,,3.564510,-614.752010
14.334000,0.670350,0.603700,6.152340,377.333590,-350.823390,75905.859380,,3.508120,-614.751770
14.336000,0.708800,0.953610,6.060060,377.365450,-350.822510,75870.007810,1.000000,3.314580,-614.751950
14.338000,0.758790,1.218930,5.742190,377.397370,-350.821660,75964.921880,,3.156920,-614.752320
14.340000,0.747250,1.067690,6.593260,377.430790,-350.822080,76003.945310,,3.350460,-614.752380
14.342000,0.704960,0.866460,6.808590,377.464780,-350.823150,75759.257810,,3.560670,-614.752200
14.344000,0.697270,0.967710,7.167480,377.497800,-350.823090,75626.375000,1.000000,3.424800,-614.752010
14.346000,0.742130,1.185610,6.706050,377.530240,-350.822300,76008.164060,,3.260740,-614.752140
14.348000,0.763920,1.130490,6.634280,377.563810,-350.822080,75879.492190,,3.269710,-614.752320
14.350000,0.742130,0.753660,7.044430,377.598690,-350.822810,76110.468750,,3.455570,-614.752200
14.352000,0.707520,0.585750,6.900880,377.633120,-350.823270,75840.476560,1.000000,3.538880,-614.751950
14.354000,0.720340,0.751100,6.931640,377.666140,-350.822660,76378.367190,,3.333800,-614.751890
14.356000,0.751100,1.051030,6.480470,377.698390,-350.821960,75882.664060,,3.259460,-614.752080
14.358000,0.745970,0.948490,6.008790,377.731930,-350.822020,75878.437500,,3.279970,-614.752200
14.360000,0.716490,0.611390,5.813960,377.766570,-350.822940,75977.585940,1.000000,3.514530,-614.752080
14.362000,0.672910,0.503720,5.834470,377.800540,-350.823430,75991.289060,,3.541440,-614.751770
14.364000,0.697270,0.793400,5.906250,377.832790,-350.822780,76257.070310,,3.340210,-614.751890
14.366000,0.748540,1.152280,6.101070,377.864500,-350.821780,75864.726560,,3.191530,-614.752260
14.368000,0.751100,1.071530,6.624020,377.897610,-350.821870,76188.523440,1.000000,3.262020,-614.752380
14.370000,0.706240,0.816470,6.941890,377.931730,-350.823000,75937.500000,,3.544010,-614.752260
14.372000,0.690860,0.862610,6.695800,377.965030,-350.823240,75845.742190,,3.476070,-614.752080
14.374000,0.724180,1.075380,6.439450,377.997500,-350.822450,75724.460940,,3.269710,-614.752080
14.376000,0.760070,1.171510,6.644530,378.030460,-350.822020,75916.414060,1.000000,3.245360,-614.752320
14.378000,0.740840,0.869020,6.726560,378.064910,-350.822540,75939.617190,,3.405580,-614.752260
14.380000,0.715210,0.661380,7.208500,378.099330,-350.823330,75721.296880,,3.546570,-614.752010
14.382000,0.706240,0.749820,6.900880,378.132450,-350.822810,75901.648440,,3.383790,-614.751830
14.384000,0.744690,1.043330,6.613770,378.164760,-350.822110,75933.281250,1.000000,3.255620,-614.752080
14.386000,0.751100,1.027950,5.660160,378.197910,-350.821900,75835.195310,,3.260740,-614.752200
14.388000,0.724180,0.721620,5.772950,378.232360,-350.822660,75796.179690,,3.444030,-614.752080
14.390000,0.674190,0.553710,5.803710,378.266540,-350.823430,75838.359380,,3.561950,-614.751830
14.392000,0.687010,0.765200,5.978030,378.299290,-350.822940,75941.726560,1.000000,3.382510,-614.751830
14.394000,0.739560,1.112550,6.295900,378.331090,-350.822020,75737.117190,,3.203060,-614.752200
14.396000,0.757510,1.136900,6.295900,378.363980,-350.821720,75807.781250,,3.224850,-614.752440
14.398000,0.722900,0.872860,6.757320,378.398100,-350.822750,75938.562500,,3.479920,-614.752320
14.400000,0.690860,0.840820,6.747070,378.431700,-350.823330,75817.265630,1.000000,3.517090,-614.752080
14.402000,0.713930,1.062560,6.521480,378.464260,-350.822630,75822.546880,,3.301760,-614.752080
14.404000,0.760070,1.212520,6.675290,378.497040,-350.822050,75647.468750,,3.228700,-614.752260
14.406000,0.752380,0.968990,7.064940,378.531250,-350.822390,75942.781250,,3.353030,-614.752260
14.408000,0.722900,0.687010,7.034180,378.565890,-350.823210,75878.437500,1.000000,3.537600,-614.752080
14.410000,0.703670,0.704960,6.931640,378.599460,-350.823090,76075.671880,,3.429930,-614.751830
14.412000,0.734440,0.984380,6.541990,378.631840,-350.822240,75905.859380,,3.274840,-614.752010
14.414000,0.760070,1.067690,6.008790,378.664700,-350.821870,76014.500000,,3.228700,-614.752200
14.416000,0.733150,0.749820,5.926760,378.699130,-350.822420,75810.937500,1.000000,3.397890,-614.752140
14.418000,0.692140,0.483220,6.193360,378.733730,-350.823360,75900.593750,,3.564510,-614.751890
14.420000,0.679320,0.580630,6.183110,378.766880,-350.823210,76191.687500,,3.445310,-614.751770
14.422000,0.733150,0.974120,6.254880,378.798740,-350.822200,75945.937500,,3.214600,-614.752080
14.424000,0.762630,1.111270,6.039550,378.831090,-350.821620,76085.164060,1.000000,3.179990,-614.752380
14.426000,0.738280,0.877990,6.541990,378.864990,-350.822450,75749.773440,,3.417110,-614.752380
14.428000,0.704960,0.772890,6.644530,378.898770,-350.823360,75967.031250,,3.549130,-614.752080
14.430000,0.712650,0.947200,6.777830,378.931430,-350.822880,75912.195310,,3.347900,-614.752010
14.432000,0.757510,1.189450,6.777830,378.963840,-350.822110,75835.195310,1.000000,3.232540,-614.752140
14.434000,0.756230,1.038210,6.829100,378.997590,-350.822240,75913.250000,,3.294070,-614.752260
14.436000,0.725460,0.694700,7.085450,379.032350,-350.823090,76058.796880,,3.529910,-614.752080
14.438000,0.707520,0.680600,6.470210,379.066070,-350.823210,75878.437500,,3.460690,-614.751830
14.440000,0.721620,0.922850,6.480470,379.098540,-350.822420,75662.234380,1.000000,3.314580,-614.751890
14.442000,0.761350,1.117680,6.049800,379.131070,-350.821900,75900.593750,,3.224850,-614.752140
14.444000,0.742130,0.854920,5.916500,379.165160,-350.822240,75846.796880,,3.347900,-614.752140
14.446000,0.703670,0.547300,6.275390,379.199830,-350.823210,76025.039060,,3.563230,-614.751950
14.448000,0.675480,0.542180,6.285640,379.233400,-350.823360,75872.109380,1.000000,3.491460,-614.751770
14.450000,0.720340,0.930540,6.193360,379.265290,-350.822390,75907.968750,,3.287660,-614.752010
14.452000,0.763920,1.172790,5.752440,379.297360,-350.821660,75945.937500,,3.150510,-614.752320
14.454000,0.744690,1.007450,6.490720,379.330900,-350.822170,75721.296880,,3.373540,-614.752380
14.456000,0.710080,0.825440,6.654790,379.364900,-350.823210,75892.148440,1.000000,3.554260,-614.752080
14.458000,0.707520,0.935670,6.788090,379.397890,-350.823060,75789.843750,,3.397890,-614.751950
14.460000,0.752380,1.175350,6.962400,379.430360,-350.822270,76034.531250,,3.253050,-614.752080
14.462000,0.767760,1.111270,6.818850,379.463900,-350.822110,75788.789060,,3.268430,-614.752260
14.464000,0.742130,0.774170,7.311040,379.498660,-350.822910,75641.132810,1.000000,3.465820,-614.752080
14.466000,0.711360,0.675480,6.572750,379.532810,-350.823210,75987.078130,,3.514530,-614.751890
14.468000,0.720340,0.851070,6.521480,379.565700,-350.822630,75738.171880,,3.317140,-614.751830
14.470000,0.754940,1.111270,6.285640,379.598110,-350.821960,76092.539060,,3.259460,-614.752080
14.472000,0.748540,0.945920,6.121580,379.631870,-350.822110,75894.257810,1.000000,3.286380,-614.752140
14.474000,0.713930,0.620360,6.265140,379.666600,-350.823090,76221.218750,,3.533750,-614.752010
14.476000,0.679320,0.530640,6.049800,379.700560,-350.823460,75909.031250,,3.523500,-614.751770
14.478000,0.706240,0.829280,6.193360,379.732790,-350.822720,75856.289060,,3.327390,-614.751890
14.480000,0.753660,1.151000,5.916500,379.764710,-350.821720,76132.625000,1.000000,3.178710,-614.752260
14.482000,0.748540,1.038210,6.357420,379.798000,-350.821960,75902.695310,,3.285100,-614.752380
14.484000,0.708800,0.806210,6.736820,379.832090,-350.823090,76098.867190,,3.550420,-614.752200
14.486000,0.697270,0.886960,6.972660,379.865260,-350.823210,75739.226560,,3.445310,-614.752010
14.488000,0.726750,1.109990,6.624020,379.897740,-350.822390,76156.875000,1.000000,3.262020,-614.752080
14.490000,0.760070,1.151000,6.572750,379.930940,-350.822080,75861.562500,,3.254330,-614.752260
14.492000,0.743410,0.804930,6.982910,379.965670,-350.822660,75860.507810,,3.414550,-614.752200
14.494000,0.713930,0.625490,6.685550,380.000180,-350.823300,75769.812500,,3.540160,-614.751950
14.496000,0.713930,0.752380,6.870120,380.033260,-350.822750,75857.343750,1.000000,3.356870,-614.751830
14.496000,0.713930,0.752380,6.870120,380.033260,-350.822750,75857.343750,1.000000,3.356870,-614.751830
14.498000,0.748540,1.065120,6.347170,380.065550,-350.822110,75990.234380,,3.258180,-614.752010
14.500000,0.749820,1.015140,6.080570,380.098880,-350.821960,75658.007810,,3.267150,-614.752140
14.500000,0.749820,1.015140,6.080570,380.098880,-350.821960,75658.007810,,3.267150,-614.752140
14.502000,0.725460,0.695980,5.978030,380.133480,-350.822810,75900.593750,,3.463260,-614.752080
14.504000,0.678040,0.525510,5.762700,380.167630,-350.823460,75896.375000,1.000000,3.558110,-614.751830
14.506000,0.693420,0.752380,5.916500,380.200230,-350.822910,75824.656250,,3.356870,-614.751830
14.508000,0.735720,1.126650,6.039550,380.231900,-350.821930,75675.945310,,3.196660,-614.752140
14.510000,0.752380,1.098450,6.449710,380.264860,-350.821780,75786.679690,,3.228700,-614.752380
14.512000,0.720340,0.794680,6.859860,380.299130,-350.822850,75953.328130,1.000000,3.500430,-614.752320
14.514000,0.688290,0.770320,6.572750,380.332730,-350.823330,75643.242190,,3.501710,-614.752080
14.516000,0.704960,0.985660,6.316410,380.365390,-350.822540,75752.929690,,3.279970,-614.752080
14.518000,0.742130,1.122800,6.152340,380.398250,-350.822080,75872.109380,,3.232540,-614.752200
14.520000,0.742130,0.849790,7.064940,380.432710,-350.822510,75972.312500,1.000000,3.368410,-614.752260
14.522000,0.717770,0.587040,6.890630,380.467410,-350.823300,75639.031250,,3.524780,-614.752080
14.524000,0.704960,0.639590,6.839360,380.500850,-350.823000,75637.976560,,3.408140,-614.751950
14.526000,0.712650,0.951050,6.398440,380.533110,-350.822200,76177.976560,,3.247920,-614.751950
14.528000,0.730590,1.060000,5.916500,380.565890,-350.821960,75976.523440,1.000000,3.264590,-614.752080
14.530000,0.716490,0.798520,5.824220,380.600070,-350.822600,75943.835940,,3.401730,-614.752140
14.532000,0.680600,0.611390,5.690920,380.634190,-350.823460,75962.812500,,3.561950,-614.752010
14.534000,0.680600,0.781860,5.598630,380.666840,-350.823060,75987.078130,,3.400450,-614.751950
14.536000,0.680600,1.147160,5.752440,380.698580,-350.822110,75744.492190,1.000000,3.199220,-614.752010
14.538000,0.706240,1.194580,6.121580,380.731260,-350.821810,75872.109380,,3.233830,-614.752260
14.540000,0.701110,0.903630,6.367680,380.765410,-350.822750,76107.304690,,3.433780,-614.752380
14.542000,0.683170,0.812620,6.101070,380.799290,-350.823390,76026.093750,,3.529910,-614.752320
14.544000,0.670350,0.952330,5.649900,380.832210,-350.822630,76103.093750,1.000000,3.273560,-614.752140
14.546000,0.653690,1.092040,5.896000,380.865200,-350.822170,75820.429690,,3.273560,-614.752080
14.548000,0.693420,0.883120,6.788090,380.899510,-350.822600,75983.914060,,3.349180,-614.752260
14.550000,0.680600,0.589600,7.095700,380.934300,-350.823210,75837.312500,,3.496580,-614.752320
14.552000,0.676760,0.637020,5.967770,380.967900,-350.823090,75847.851560,1.000000,3.422240,-614.752260
14.554000,0.633180,0.860050,5.311520,381.000400,-350.822170,75950.156250,,3.246640,-614.752080
14.556000,0.624210,1.068970,5.352540,381.032960,-350.822110,76007.109380,,3.312010,-614.752080
14.558000,0.660100,0.838260,5.526860,381.066890,-350.822600,75806.726560,,3.359440,-614.752200
14.560000,0.634460,0.625490,5.813960,381.101140,-350.823430,75814.101560,1.000000,3.545290,-614.752320
14.562000,0.630620,0.680600,5.260250,381.134190,-350.823240,76127.343750,,3.420960,-614.752260
14.564000,0.588320,1.016420,4.757810,381.166140,-350.822110,75890.039060,,3.212040,-614.752140
14.566000,0.583190,1.174070,5.301270,381.198520,-350.821930,75876.328130,,3.251770,-614.752200
14.568000,0.628050,0.911320,5.834470,381.232540,-350.822660,75905.859380,1.000000,3.382510,-614.752440
14.570000,0.615230,0.793400,5.947270,381.266480,-350.823580,75753.992190,,3.550420,-614.752620
14.572000,0.615230,0.853640,4.768070,381.299530,-350.822750,75871.062500,,3.259460,-614.752560
14.574000,0.535770,0.980530,5.260250,381.332550,-350.822200,75922.734380,,3.269710,-614.752260
14.576000,0.567810,0.857480,6.521480,381.366580,-350.822690,75980.742190,1.000000,3.370970,-614.752380
14.578000,0.612670,0.558840,6.500980,381.401340,-350.823270,75687.539060,,3.413270,-614.752620
14.580000,0.594730,0.628050,5.824220,381.434780,-350.823210,75816.210940,,3.456850,-614.752620
14.582000,0.563960,0.810060,4.347660,381.467220,-350.822270,75901.648440,,3.203060,-614.752440
14.584000,0.470400,1.065120,4.870610,381.499540,-350.822240,75591.562500,1.000000,3.363280,-614.752200
14.586000,0.544740,0.885680,5.260250,381.533290,-350.822660,75893.203130,,3.332520,-614.752380
14.588000,0.547300,0.589600,5.813960,381.567750,-350.823460,75838.359380,,3.496580,-614.752620
14.590000,0.526790,0.634460,5.044920,381.601040,-350.823430,76154.765630,,3.464540,-614.752690
14.592000,0.499880,0.877990,4.101560,381.633210,-350.822240,75862.617190,1.000000,3.195370,-614.752620
14.594000,0.420410,1.171510,4.562990,381.665310,-350.821990,75958.601560,,3.309450,-614.752380
14.596000,0.505000,0.951050,5.598630,381.699040,-350.822690,75893.203130,,3.340210,-614.752690
14.598000,0.501160,0.821590,5.690920,381.732970,-350.823700,75794.070310,,3.578610,-614.753050
14.600000,0.506290,0.908750,4.604000,381.765900,-350.822970,76086.218750,1.000000,3.296630,-614.753110
14.602000,0.421690,0.979250,4.665530,381.798830,-350.822110,75909.031250,,3.233830,-614.752750
14.604000,0.381960,1.001040,5.752440,381.832400,-350.822690,75794.070310,,3.441470,-614.752620
14.606000,0.494750,0.689580,6.593260,381.867030,-350.823180,75898.484380,,3.350460,-614.753110
14.608000,0.475520,0.698550,5.414060,381.900700,-350.823360,75929.070310,1.000000,3.486330,-614.753300
14.610000,0.453740,0.802370,4.204100,381.933500,-350.822360,76330.898440,,3.217160,-614.753110
14.612000,0.339660,0.984380,4.368160,381.966160,-350.822240,75842.585940,,3.347900,-614.752690
14.614000,0.361450,0.936950,5.178220,381.999690,-350.822660,76303.476560,,3.365840,-614.752690
14.616000,0.437070,0.611390,5.670410,382.034330,-350.823300,75795.125000,1.000000,3.396610,-614.753170
14.618000,0.408870,0.611390,4.921880,382.067960,-350.823610,76010.273440,,3.514530,-614.753360
14.620000,0.380680,0.745970,3.394040,382.100560,-350.822420,76059.851560,,3.183840,-614.753170
14.622000,0.280700,1.054870,3.834960,382.132720,-350.822080,75982.859380,,3.314580,-614.752930
14.624000,0.333250,0.934390,5.332030,382.166230,-350.822600,76179.031250,1.000000,3.322270,-614.753110
14.626000,0.384520,0.740840,5.824220,382.200350,-350.823670,75641.132810,,3.506840,-614.753540
14.628000,0.385800,0.883120,4.727050,382.233180,-350.823240,76267.625000,,3.358150,-614.753720
14.630000,0.317870,0.965150,3.875980,382.265840,-350.822110,75980.742190,,3.169740,-614.753480
14.632000,0.231990,1.065120,4.983400,382.299010,-350.822690,75817.265630,1.000000,3.442750,-614.753170
14.634000,0.346070,0.775450,5.885740,382.333340,-350.823150,75679.109380,,3.350460,-614.753540
14.636000,0.378110,0.672910,5.578130,382.367340,-350.823460,75920.625000,,3.435060,-614.753970
14.638000,0.356320,0.761350,4.091310,382.400300,-350.822510,76341.445310,,3.258180,-614.753850
14.640000,0.249940,0.884400,4.132320,382.433010,-350.822240,75585.234380,1.000000,3.296630,-614.753420
14.642000,0.207640,0.968990,4.675780,382.466250,-350.822660,76008.164060,,3.411990,-614.753170
14.644000,0.326840,0.652400,5.280760,382.500790,-350.823150,75857.343750,,3.331240,-614.753720
14.646000,0.315310,0.588320,4.552730,382.534700,-350.823670,75872.109380,,3.520940,-614.754030
14.648000,0.287110,0.663940,3.301760,382.567600,-350.822660,75962.812500,1.000000,3.227420,-614.753910
14.650000,0.192260,0.927980,3.445310,382.599790,-350.822140,75796.179690,,3.272280,-614.753540
14.652000,0.179440,0.989500,4.839840,382.632810,-350.822510,75875.273440,,3.341490,-614.753540
14.654000,0.288390,0.785710,5.813960,382.666750,-350.823490,75659.062500,,3.438900,-614.754090
14.656000,0.290950,0.922850,4.429690,382.699680,-350.823430,75975.468750,1.000000,3.397890,-614.754390
14.658000,0.257630,0.947200,3.404300,382.732420,-350.822240,75992.343750,,3.155640,-614.754150
14.660000,0.148680,1.012570,4.296390,382.765560,-350.822570,75757.148440,,3.423520,-614.753720
14.662000,0.206360,0.844670,5.506350,382.799710,-350.823120,75717.070310,,3.349180,-614.754030
14.664000,0.301210,0.660100,6.019040,382.833860,-350.823460,75761.367190,1.000000,3.405580,-614.754580
14.666000,0.290950,0.765200,4.214360,382.867000,-350.822810,76050.351560,,3.304320,-614.754640
14.668000,0.194820,0.779300,3.773440,382.900020,-350.822240,75708.640630,,3.274840,-614.754270
14.670000,0.115360,0.893370,4.019530,382.933170,-350.822780,76017.664060,,3.432500,-614.753910
14.672000,0.219180,0.634460,5.147460,382.967500,-350.823060,75912.195310,1.000000,3.337650,-614.754270
14.674000,0.265320,0.529360,4.829590,383.001590,-350.823640,75918.515630,,3.479920,-614.754760
14.676000,0.221740,0.608830,3.578610,383.034480,-350.822910,75990.234380,,3.306880,-614.754640
14.678000,0.148680,0.888240,3.517090,383.066590,-350.822140,76077.781250,,3.258180,-614.754270
14.680000,0.083310,1.049740,4.193850,383.099060,-350.822420,76095.703130,1.000000,3.356870,-614.754090
14.682000,0.206360,0.862610,5.598630,383.132840,-350.823360,75709.687500,,3.413270,-614.754580
14.684000,0.237120,0.915160,4.357910,383.165950,-350.823640,76064.062500,,3.450440,-614.755070
14.686000,0.208920,0.954900,3.363280,383.198670,-350.822390,76039.804690,,3.182560,-614.754940
14.688000,0.108950,1.020260,3.752930,383.231810,-350.822480,75921.679690,1.000000,3.397890,-614.754520
14.690000,0.101260,0.930540,5.321780,383.265590,-350.823000,75921.679690,,3.403020,-614.754580
14.692000,0.233280,0.747250,5.926760,383.299870,-350.823390,75930.117190,,3.391480,-614.755130
14.694000,0.239690,0.829280,4.337400,383.333130,-350.822970,76315.078130,,3.329960,-614.755370
14.696000,0.158940,0.779300,3.240230,383.366360,-350.822390,75880.554690,1.000000,3.300480,-614.755000
14.698000,0.074340,0.906190,3.660640,383.399540,-350.822690,75912.195310,,3.429930,-614.754580
14.700000,0.111510,0.712650,4.583500,383.433690,-350.822970,75858.406250,,3.336360,-614.754760
14.702000,0.219180,0.585750,4.993650,383.467740,-350.823490,76032.429690,,3.454280,-614.755370
14.704000,0.189700,0.657530,3.865720,383.500890,-350.823150,76132.625000,1.000000,3.329960,-614.755430
14.706000,0.112790,0.843380,3.147950,383.533110,-350.822270,75984.960940,,3.287660,-614.755130
14.708000,0.055110,1.042050,3.476070,383.565610,-350.822390,75880.554690,,3.336360,-614.754760
14.710000,0.116640,0.889530,5.065430,383.599270,-350.823120,75795.125000,,3.418400,-614.755070
14.712000,0.210210,0.863890,4.378420,383.632750,-350.823640,75868.945310,1.000000,3.428650,-614.755620
14.714000,0.180730,0.913880,3.322270,383.665710,-350.822690,75888.992190,,3.212040,-614.755620
14.716000,0.094850,0.890810,3.373540,383.698970,-350.822420,75895.320310,,3.367130,-614.755130
14.718000,0.057680,0.880550,4.798830,383.732700,-350.823030,75963.867190,,3.408140,-614.755070
14.720000,0.180730,0.679320,6.111330,383.767000,-350.823330,75728.671880,1.000000,3.374820,-614.755550
14.722000,0.226870,0.737000,4.347660,383.800380,-350.823090,76003.945310,,3.338930,-614.755920
14.724000,0.152530,0.711360,3.209470,383.833620,-350.822510,75669.609380,,3.277400,-614.755680
14.726000,0.071780,0.852360,3.117190,383.866490,-350.822690,75864.726560,,3.441470,-614.755130
14.728000,0.057680,0.802370,4.255370,383.899990,-350.822880,75864.726560,1.000000,3.326110,-614.755130
14.730000,0.196110,0.658810,5.126950,383.933960,-350.823430,75941.726560,,3.427370,-614.755740
14.732000,0.185850,0.680600,3.906740,383.967160,-350.823210,75840.476560,,3.359440,-614.755980
14.734000,0.102540,0.774170,3.014650,383.999690,-350.822540,76128.398440,,3.273560,-614.755680
14.736000,0.047420,0.993350,2.901860,384.032070,-350.822330,75855.242190,1.000000,3.354310,-614.755310
14.738000,0.048710,0.915160,4.614260,384.065520,-350.822970,75794.070310,,3.374820,-614.755370
14.740000,0.185850,0.834410,4.604000,384.099180,-350.823640,75967.031250,,3.459410,-614.755980
14.742000,0.162780,0.929260,3.701660,384.132110,-350.822850,76040.867190,,3.229980,-614.756100
14.744000,0.079470,0.847230,3.117190,384.165530,-350.822510,75726.562500,1.000000,3.327390,-614.755680
14.746000,0.041020,0.871580,4.163090,384.199100,-350.822940,75721.296880,,3.437620,-614.755430
14.748000,0.110230,0.738280,5.701170,384.233150,-350.823210,75933.281250,,3.358150,-614.755860
14.750000,0.225590,0.803650,4.439940,384.266480,-350.823150,76151.609380,,3.351750,-614.756410
14.750000,0.225590,0.803650,4.439940,384.266480,-350.823150,76151.609380,,3.351750,-614.756410
14.752000,0.166630,0.815190,3.394040,384.299530,-350.822540,75914.296880,1.000000,3.286380,-614.756230
14.754000,0.076900,0.917720,3.229980,384.332400,-350.822720,76186.406250,,3.441470,-614.755680
14.756000,0.034610,0.938230,4.009280,384.365660,-350.822810,75893.203130,,3.358150,-614.755430
14.758000,0.156370,0.797240,5.373050,384.399510,-350.823210,76029.265630,,3.406860,-614.755980
14.760000,0.206360,0.769040,3.537600,384.432980,-350.823330,75928.015630,1.000000,3.387630,-614.756410
14.762000,0.111510,0.780580,2.942870,384.466000,-350.822630,76013.445310,,3.303040,-614.756100
14.764000,0.060240,0.925420,2.471190,384.498690,-350.822420,76213.828130,,3.347900,-614.755740
14.766000,0.033330,0.877990,4.050290,384.532200,-350.822750,75700.195310,,3.399170,-614.755680
14.768000,0.169190,0.778020,5.034670,384.566130,-350.823520,76064.062500,1.000000,3.446590,-614.756230
14.770000,0.171750,0.825440,3.670900,384.599300,-350.823060,75910.085940,,3.290220,-614.756470
14.772000,0.082030,0.769040,2.932620,384.632750,-350.822450,75984.960940,,3.324830,-614.756100
14.774000,0.035890,0.810060,3.291500,384.666170,-350.822940,75751.882810,,3.435060,-614.755740
14.776000,0.061520,0.713930,5.321780,384.699980,-350.823120,75783.515630,1.000000,3.397890,-614.755980
14.778000,0.217900,0.757510,4.460450,384.733400,-350.823090,75935.390630,,3.353030,-614.756590
14.780000,0.166630,0.792110,3.650390,384.766390,-350.822660,75669.609380,,3.281250,-614.756590
14.782000,0.084590,0.851070,3.137700,384.799220,-350.822690,76051.406250,,3.459410,-614.756100
14.784000,0.034610,0.927980,3.476070,384.832150,-350.822750,75833.085940,1.000000,3.344060,-614.755680
14.786000,0.092290,0.838260,4.737300,384.865720,-350.823060,75943.835940,,3.408140,-614.756040
14.788000,0.201230,0.790830,3.599120,384.899230,-350.823270,75840.476560,,3.374820,-614.756590
14.790000,0.123050,0.774170,3.024900,384.932370,-350.822810,75766.648440,,3.318420,-614.756470
14.792000,0.065370,0.874150,2.430180,384.965210,-350.822480,75948.046880,1.000000,3.349180,-614.756040
14.794000,0.026920,0.845950,3.722170,384.998630,-350.822720,75380.625000,,3.369690,-614.755920
14.796000,0.119200,0.762630,4.614260,385.032440,-350.823360,75861.562500,,3.472230,-614.756350
14.798000,0.178160,0.825440,3.609380,385.065640,-350.823120,75994.453130,,3.264590,-614.756770
14.800000,0.087160,0.785710,3.055660,385.098940,-350.822600,76126.289060,1.000000,3.324830,-614.756410
14.802000,0.038450,0.803650,2.707030,385.132390,-350.822810,75692.820310,,3.438900,-614.756040
14.804000,0.030760,0.721620,5.014160,385.166140,-350.823090,75593.671880,,3.355590,-614.756100
14.806000,0.174320,0.743410,4.747560,385.199620,-350.823090,76006.054690,,3.405580,-614.756710
14.808000,0.171750,0.779300,3.793950,385.232760,-350.822720,75623.210940,1.000000,3.240230,-614.756840
14.810000,0.073060,0.756230,2.901860,385.265900,-350.822810,75951.210940,,3.454280,-614.756410
14.812000,0.037170,0.847230,2.942870,385.298890,-350.822780,75886.875000,,3.363280,-614.755980
14.814000,0.047420,0.765200,4.409180,385.332460,-350.822940,76015.546880,,3.377380,-614.756160
14.816000,0.184570,0.747250,3.927250,385.366000,-350.823270,75928.015630,1.000000,3.406860,-614.756710
14.818000,0.121770,0.720340,3.445310,385.399230,-350.822940,75758.203130,,3.300480,-614.756710
14.820000,0.052550,0.812620,2.553220,385.432040,-350.822570,76288.710940,,3.382510,-614.756290
14.822000,0.030760,0.851070,3.168460,385.465090,-350.822660,75776.132810,,3.326110,-614.756100
14.824000,0.060240,0.793400,4.316890,385.498720,-350.823270,76081.992190,1.000000,3.477360,-614.756410
14.826000,0.171750,0.779300,3.691410,385.532040,-350.823180,75857.343750,,3.310730,-614.756900
14.828000,0.096130,0.783140,3.065920,385.565280,-350.822630,76095.703130,,3.272280,-614.756770
14.830000,0.034610,0.792110,2.583980,385.598510,-350.822810,75955.437500,,3.458130,-614.756290
14.832000,0.023070,0.776730,4.429690,385.631990,-350.822970,75774.023440,1.000000,3.362000,-614.756230
14.834000,0.111510,0.794680,4.973140,385.665440,-350.823150,75944.882810,,3.383790,-614.756650
14.836000,0.175600,0.802370,3.763180,385.698670,-350.822720,75978.632810,,3.276120,-614.757080
14.838000,0.076900,0.728030,2.676270,385.732090,-350.822850,75885.828130,,3.414550,-614.756650
14.840000,0.028200,0.803650,2.573730,385.765230,-350.822810,75694.921880,1.000000,3.408140,-614.756230
14.842000,0.017940,0.742130,3.896480,385.798740,-350.822850,75956.492190,,3.345340,-614.756230
14.844000,0.147400,0.771610,4.091310,385.832180,-350.823180,75853.132810,,3.440190,-614.756770
14.846000,0.133300,0.734440,3.383790,385.865510,-350.822970,75896.375000,,3.295350,-614.756900
14.848000,0.052550,0.812620,2.707030,385.898380,-350.822780,76077.781250,1.000000,3.406860,-614.756530
14.850000,0.028200,0.872860,2.686520,385.931340,-350.822570,75835.195310,,3.342770,-614.756230
14.852000,0.023070,0.830570,3.824710,385.964690,-350.823150,75789.843750,,3.447880,-614.756410
14.854000,0.143550,0.858760,3.783690,385.998050,-350.823210,75823.601560,,3.358150,-614.756900
14.856000,0.107670,0.851070,3.045410,386.031190,-350.822660,75977.585940,1.000000,3.267150,-614.756960
14.858000,0.024350,0.788270,2.378910,386.064640,-350.822810,75804.609380,,3.449160,-614.756530
14.860000,0.014100,0.762630,3.978520,386.098240,-350.822970,75680.156250,,3.395320,-614.756410
14.862000,0.057680,0.708800,4.655270,386.131930,-350.823090,75815.156250,,3.387630,-614.756710
14.864000,0.161500,0.729310,4.019530,386.165440,-350.822810,75881.609380,1.000000,3.295350,-614.757140
14.866000,0.076900,0.624210,2.655760,386.199070,-350.822780,75843.640630,,3.365840,-614.756960
14.868000,0.023070,0.687010,2.614750,386.232330,-350.822940,75647.468750,,3.454280,-614.756470
14.870000,0.006410,0.665220,3.404300,386.265720,-350.822780,75949.101560,,3.304320,-614.756290
14.872000,0.089720,0.702390,4.439940,386.299130,-350.823150,75857.343750,1.000000,3.442750,-614.756770
14.874000,0.137150,0.639590,3.363280,386.332490,-350.822940,75772.976560,,3.299190,-614.757080
14.876000,0.052550,0.719060,2.440430,386.365390,-350.822880,75898.484380,,3.369690,-614.756770
14.878000,0.014100,0.803650,2.296880,386.398070,-350.822600,76034.531250,,3.367130,-614.756470
14.880000,0.003850,0.840820,3.506840,386.431150,-350.822970,76189.578130,1.000000,3.390200,-614.756470
14.882000,0.098690,0.897220,3.824710,386.464170,-350.823210,75768.750000,,3.411990,-614.756900
14.884000,0.112790,0.897220,3.373540,386.497220,-350.822750,76083.046880,,3.231260,-614.757080
14.886000,0.028200,0.799800,2.696780,386.530700,-350.822880,75933.281250,,3.438900,-614.756770
14.888000,0.012820,0.743410,3.065920,386.564330,-350.822940,75807.781250,1.000000,3.399170,-614.756530
14.890000,0.021790,0.672910,4.316890,386.598180,-350.823090,75766.648440,,3.377380,-614.756710
14.892000,0.143550,0.703670,3.916990,386.631620,-350.822810,75977.585940,,3.318420,-614.757140
14.894000,0.085880,0.635740,2.850590,386.665220,-350.822720,76396.296880,,3.336360,-614.757140
14.896000,0.019230,0.680600,2.645510,386.698490,-350.823030,75775.078130,1.000000,3.450440,-614.756650
14.898000,0.000000,0.690860,3.250490,386.731720,-350.822720,75952.265630,,3.340210,-614.756410
14.900000,0.032040,0.752380,4.081050,386.764920,-350.823000,75832.031250,,3.391480,-614.756710
14.902000,0.126890,0.713930,3.199220,386.798310,-350.823030,76001.843750,,3.338930,-614.757140
14.904000,0.053830,0.735720,2.204590,386.831390,-350.822850,75933.281250,1.000000,3.353030,-614.757020
14.906000,0.012820,0.812620,2.204590,386.864200,-350.822750,75945.937500,,3.355590,-614.756650
14.908000,0.000000,0.872860,3.035160,386.897190,-350.822780,76071.453130,,3.386350,-614.756530
14.910000,0.043580,0.897220,3.937500,386.930360,-350.823240,75637.976560,,3.401730,-614.756900
14.912000,0.111510,0.886960,3.086430,386.963590,-350.822810,75816.210940,1.000000,3.259460,-614.757260
14.914000,0.029480,0.785710,2.655760,386.997220,-350.822810,75874.218750,,3.369690,-614.756960
14.916000,0.001280,0.730590,2.460940,387.030880,-350.823000,75911.140630,,3.417110,-614.756650
14.918000,0.000000,0.685730,3.691410,387.064580,-350.823000,75720.242190,,3.355590,-614.756710
14.920000,0.091000,0.728030,4.122070,387.097990,-350.822940,75739.226560,1.000000,3.327390,-614.757200
14.922000,0.098690,0.615230,3.137700,387.131710,-350.822720,75921.679690,,3.313290,-614.757320
14.924000,0.012820,0.598570,2.891600,387.165190,-350.823030,75623.210940,,3.472230,-614.756900
14.926000,-0.010250,0.635740,2.522460,387.198430,-350.822850,75801.445310,,3.329960,-614.756590
14.928000,-0.005130,0.712650,3.845210,387.231510,-350.822910,75898.484380,1.000000,3.410710,-614.756710
14.930000,0.098690,0.758790,3.271000,387.264650,-350.823000,76113.632810,,3.342770,-614.757260
14.932000,0.052550,0.722900,2.481450,387.297820,-350.822970,75835.195310,,3.379940,-614.757260
14.934000,0.000000,0.784420,2.573730,387.330750,-350.822780,75975.468750,,3.383790,-614.756900
14.936000,-0.015380,0.774170,2.758300,387.363890,-350.822780,76001.843750,1.000000,3.365840,-614.756770
14.938000,0.001280,0.828000,3.722170,387.397060,-350.823150,75753.992190,,3.437620,-614.756960
14.940000,0.089720,0.857480,2.983890,387.430270,-350.822880,75999.734380,,3.265870,-614.757320
14.942000,0.025630,0.793400,2.532710,387.463650,-350.822810,75922.734380,,3.386350,-614.757140
14.944000,-0.011540,0.769040,2.450680,387.497160,-350.823000,75991.289060,1.000000,3.419680,-614.756840
14.946000,-0.017940,0.699830,3.814450,387.530760,-350.823000,75764.539060,,3.387630,-614.756840
14.948000,0.038450,0.774170,4.163090,387.564090,-350.822940,75963.867190,,3.360720,-614.757200
14.950000,0.091000,0.690860,3.147950,387.597690,-350.822720,76131.562500,,3.282530,-614.757510
14.952000,0.012820,0.617800,2.748050,387.631320,-350.823060,75942.781250,1.000000,3.482480,-614.757140
14.954000,-0.016660,0.651120,2.091800,387.664610,-350.822880,75739.226560,,3.363280,-614.756770
14.956000,-0.025630,0.675480,3.373540,387.697810,-350.822850,75840.476560,,3.368410,-614.756770
14.958000,0.057680,0.760070,3.435060,387.730930,-350.823000,76118.914060,,3.400450,-614.757320
14.960000,0.055110,0.667790,2.891600,387.764400,-350.822970,76014.500000,1.000000,3.329960,-614.757390
14.962000,-0.010250,0.706240,2.481450,387.797490,-350.822940,75852.078130,,3.432500,-614.757080
14.964000,-0.025630,0.710080,2.327640,387.830720,-350.822720,76099.929690,,3.347900,-614.756900
14.966000,-0.020510,0.771610,3.322270,387.863860,-350.823090,75786.679690,,3.458130,-614.757080
14.968000,0.044860,0.811340,3.199220,387.897000,-350.822910,75937.500000,1.000000,3.306880,-614.757390
14.968000,0.044860,0.811340,3.199220,387.897000,-350.822910,75937.500000,1.000000,3.306880,-614.757390
14.970000,0.024350,0.758790,2.594240,387.930510,-350.822810,75729.726560,,3.335080,-614.757390
14.972000,-0.032040,0.690860,2.337890,387.964050,-350.823000,76041.921880,,3.470950,-614.757080
14.974000,-0.034610,0.647280,3.260740,387.997620,-350.822970,75861.562500,,3.368410,-614.757020
14.976000,-0.002560,0.754940,4.255370,388.030760,-350.822940,75996.562500,1.000000,3.399170,-614.757200
14.978000,0.066650,0.747250,3.055660,388.064000,-350.822660,75839.421880,,3.273560,-614.757630
14.980000,0.014100,0.667790,2.696780,388.097560,-350.822970,75745.546880,,3.445310,-614.757390
14.982000,-0.029480,0.684450,2.337890,388.130770,-350.823000,76000.789060,,3.395320,-614.757020
14.984000,-0.039730,0.670350,2.963380,388.164000,-350.822780,75589.460940,1.000000,3.351750,-614.756900
14.986000,0.008970,0.779300,3.588870,388.197080,-350.822940,75866.843750,,3.382510,-614.757320
14.988000,0.046140,0.683170,2.799320,388.230530,-350.822940,75971.257810,,3.335080,-614.757570
14.990000,-0.010250,0.738280,2.307130,388.263700,-350.823000,75879.492190,,3.390200,-614.757320
14.992000,-0.041020,0.711360,2.071290,388.296910,-350.822780,75871.062500,1.000000,3.355590,-614.757080
14.994000,-0.034610,0.774170,3.055660,388.330170,-350.822970,75926.953130,,3.422240,-614.757080
14.996000,0.000000,0.810060,3.219730,388.363370,-350.823030,76026.093750,,3.336360,-614.757390
14.998000,0.021790,0.767760,2.881350,388.396820,-350.822780,75652.734380,,3.317140,-614.757630
15.000000,-0.037170,0.715210,2.563480,388.430390,-350.823030,76209.617190,1.000000,3.417110,-614.757320
15.000000,-0.037170,0.715210,2.563480,388.430390,-350.823030,76209.617190,1.000000,3.417110,-614.757320
15.002000,-0.048710,0.671630,2.881350,388.463930,-350.822970,75938.562500,,3.382510,-614.757080
15.004000,-0.032040,0.749820,3.804200,388.497160,-350.822940,75681.218750,,3.383790,-614.757260
15.006000,0.028200,0.792110,3.353030,388.530360,-350.822690,75886.875000,,3.267150,-614.757630
15.008000,0.014100,0.669070,2.583980,388.563960,-350.822910,75888.992190,1.000000,3.410710,-614.757630
15.010000,-0.039730,0.681880,2.625000,388.597320,-350.823060,76126.289060,,3.415830,-614.757200
15.012000,-0.052550,0.637020,2.922360,388.630620,-350.822810,75863.671880,,3.332520,-614.757080
15.014000,-0.020510,0.760070,3.486330,388.663640,-350.822880,76045.085940,,3.401730,-614.757320
15.016000,0.028200,0.658810,2.696780,388.697240,-350.822940,76016.609380,1.000000,3.303040,-614.757630
15.018000,-0.010250,0.622920,2.225100,388.730680,-350.823000,75918.515630,,3.415830,-614.757510
15.020000,-0.048710,0.608830,1.866210,388.763980,-350.822850,75871.062500,,3.312010,-614.757200
15.022000,-0.051270,0.658810,2.707030,388.797120,-350.822910,75856.289060,,3.414550,-614.757200
15.024000,-0.024350,0.761350,3.209470,388.830170,-350.822970,76254.960940,1.000000,3.354310,-614.757450
15.026000,0.016660,0.729310,2.994140,388.863460,-350.822850,75905.859380,,3.291500,-614.757690
15.028000,-0.043580,0.690860,2.430180,388.896940,-350.822940,76040.867190,,3.437620,-614.757450
15.030000,-0.056400,0.643430,2.348140,388.930480,-350.823030,75941.726560,,3.350460,-614.757260
15.032000,-0.053830,0.676760,3.209470,388.963710,-350.823000,75864.726560,1.000000,3.395320,-614.757320
15.034000,-0.010250,0.784420,3.199220,388.996730,-350.822660,75641.132810,,3.297910,-614.757630
15.036000,0.008970,0.649840,2.809570,389.030330,-350.822880,75900.593750,,3.335080,-614.757750
15.038000,-0.052550,0.660100,2.419920,389.063690,-350.823090,75941.726560,,3.479920,-614.757450
15.040000,-0.060240,0.625490,2.686520,389.096980,-350.822850,75777.195310,1.000000,3.303040,-614.757260
15.042000,-0.047420,0.742130,3.158200,389.130000,-350.822880,75755.046880,,3.410710,-614.757320
15.044000,0.000000,0.699830,2.676270,389.163330,-350.822880,75763.484380,,3.323550,-614.757630
15.046000,-0.002560,0.638310,2.143070,389.196840,-350.823090,75936.445310,,3.397890,-614.757630
15.048000,-0.066650,0.653690,2.255860,389.230040,-350.822810,75759.257810,1.000000,3.365840,-614.757320
15.050000,-0.058960,0.662660,2.583980,389.263210,-350.822880,75777.195310,,3.346620,-614.757320
15.052000,-0.044860,0.813900,2.891600,389.296110,-350.822970,75817.265630,,3.433780,-614.757450
15.054000,-0.001280,0.812620,2.922360,389.329320,-350.822810,75752.929690,,3.262020,-614.757750
15.056000,-0.033330,0.743410,2.296880,389.362850,-350.823030,75853.132810,1.000000,3.424800,-614.757630
15.058000,-0.061520,0.710080,2.050780,389.396390,-350.822940,75684.382810,,3.415830,-614.757390
15.060000,-0.065370,0.694700,3.229980,389.429870,-350.823000,75989.187500,,3.347900,-614.757390
15.062000,-0.038450,0.802370,3.476070,389.463010,-350.822810,75794.070310,,3.385070,-614.757630
15.064000,0.001280,0.690860,3.117190,389.496770,-350.822690,75760.312500,1.000000,3.303040,-614.757870
15.066000,-0.052550,0.630620,2.563480,389.530490,-350.823180,75895.320310,,3.482480,-614.757630
15.068000,-0.075620,0.598570,2.122560,389.564000,-350.822850,76001.843750,,3.346620,-614.757320
15.070000,-0.065370,0.687010,2.860840,389.597110,-350.822850,75885.828130,,3.383790,-614.757390
15.072000,-0.033330,0.733150,2.799320,389.630310,-350.822850,75900.593750,1.000000,3.364560,-614.757630
15.074000,-0.014100,0.617800,2.583980,389.663940,-350.823030,76172.703130,,3.376100,-614.757810
15.076000,-0.062810,0.637020,2.512210,389.697240,-350.823000,75964.921880,,3.405580,-614.757570
15.078000,-0.070500,0.624210,2.348140,389.730500,-350.822780,75809.890630,,3.335080,-614.757390
15.080000,-0.057680,0.757510,2.737790,389.763400,-350.823000,75930.117190,1.000000,3.422240,-614.757510
15.082000,-0.028200,0.783140,2.594240,389.796540,-350.822810,75942.781250,,3.317140,-614.757690
15.084000,-0.021790,0.724180,2.317380,389.830020,-350.822940,76230.703130,,3.365840,-614.757750
15.086000,-0.071780,0.695980,2.225100,389.863460,-350.823060,75814.101560,,3.427370,-614.757570
15.088000,-0.066650,0.680600,3.014650,389.896940,-350.822910,76087.273440,1.000000,3.379940,-614.757450
15.090000,-0.052550,0.778020,3.568360,389.930050,-350.822910,75880.554690,,3.338930,-614.757630
15.092000,-0.015380,0.720340,2.860840,389.963620,-350.822660,75928.015630,,3.346620,-614.757870
15.094000,-0.042300,0.625490,2.235350,389.997440,-350.823090,75840.476560,,3.432500,-614.757750
15.096000,-0.084590,0.612670,2.143070,390.030940,-350.822970,75939.617190,1.000000,3.392760,-614.757510
15.098000,-0.076900,0.648560,2.266110,390.064150,-350.822850,75870.007810,,3.355590,-614.757450
15.100000,-0.053830,0.761350,2.973630,390.097200,-350.822850,75629.531250,,3.388920,-614.757630
15.102000,-0.024350,0.658810,2.563480,390.130770,-350.822970,75878.437500,,3.358150,-614.757870
15.104000,-0.069210,0.663940,2.286620,390.164120,-350.823090,76012.390630,1.000000,3.423520,-614.757690
15.106000,-0.088440,0.628050,1.917480,390.197480,-350.822750,75950.156250,,3.351750,-614.757570
15.108000,-0.078190,0.735720,2.419920,390.230410,-350.822940,75756.093750,,3.400450,-614.757630
15.110000,-0.064090,0.797240,2.604490,390.263460,-350.822850,75846.796880,,3.344060,-614.757750
15.112000,-0.032040,0.690860,2.358400,390.297030,-350.822880,75957.539060,1.000000,3.362000,-614.757870
15.114000,-0.091000,0.649840,2.409670,390.330660,-350.823060,75492.429690,,3.409420,-614.757690
15.116000,-0.087160,0.603700,2.471190,390.364140,-350.822940,75802.500000,,3.381230,-614.757630
15.118000,-0.076900,0.715210,3.147950,390.397340,-350.822850,75921.679690,,3.377380,-614.757630
15.120000,-0.044860,0.717770,2.840330,390.430690,-350.822750,76048.250000,1.000000,3.296630,-614.757870
15.122000,-0.041020,0.588320,2.296880,390.464540,-350.822970,75853.132810,,3.446590,-614.757870
15.124000,-0.080750,0.587040,2.430180,390.498080,-350.823090,75684.382810,,3.400450,-614.757690
15.126000,-0.092290,0.589600,2.583980,390.531370,-350.822780,76050.351560,,3.355590,-614.757570
15.128000,-0.073060,0.765200,2.871090,390.564150,-350.822850,75830.984380,1.000000,3.381230,-614.757690
15.130000,-0.038450,0.719060,2.337890,390.597440,-350.822910,76057.742190,,3.368410,-614.757870
15.132000,-0.067930,0.722900,2.081540,390.630740,-350.823090,75989.187500,,3.406860,-614.757870
15.134000,-0.098690,0.716490,1.968750,390.663790,-350.822850,75884.773440,,3.374820,-614.757690
15.136000,-0.084590,0.802370,2.091800,390.696780,-350.822850,75857.343750,1.000000,3.396610,-614.757690
15.138000,-0.085880,0.867740,2.901860,390.729710,-350.822910,75871.062500,,3.363280,-614.757810
15.140000,-0.044860,0.792110,2.553220,390.763280,-350.822880,76111.523440,,3.353030,-614.757930
15.142000,-0.094850,0.733150,2.409670,390.796970,-350.823060,75921.679690,,3.422240,-614.757870
15.144000,-0.098690,0.637020,2.102050,390.830720,-350.822940,76123.125000,1.000000,3.377380,-614.757750
15.146000,-0.084590,0.712650,2.850590,390.864140,-350.822940,75822.546880,,3.396610,-614.757750
15.148000,-0.069210,0.734440,2.748050,390.897490,-350.822690,76017.664060,,3.309450,-614.757870
15.150000,-0.042300,0.604980,2.460940,390.931490,-350.822940,75888.992190,,3.405580,-614.758000
15.152000,-0.092290,0.580630,2.532710,390.965150,-350.823090,75863.671880,1.000000,3.410710,-614.757870
15.154000,-0.093570,0.571660,2.389160,390.998540,-350.822810,76198.007810,,3.362000,-614.757630
15.156000,-0.091000,0.765200,2.799320,391.031310,-350.822780,75979.687500,,3.360720,-614.757690
15.158000,-0.064090,0.760070,2.143070,391.064480,-350.822910,75851.023440,,3.359440,-614.757870
15.160000,-0.055110,0.715210,1.917480,391.097840,-350.823060,75750.828130,1.000000,3.413270,-614.758000
15.162000,-0.099980,0.684450,2.061040,391.131160,-350.823000,75965.976560,,3.341490,-614.757870
15.164000,-0.092290,0.721620,1.937990,391.164280,-350.822810,75832.031250,,3.406860,-614.757810
15.166000,-0.102540,0.822880,2.471190,391.197240,-350.822940,75834.140630,,3.360720,-614.757870
15.168000,-0.060240,0.783140,2.440430,391.230650,-350.822880,75949.101560,1.000000,3.359440,-614.758000
15.170000,-0.082030,0.702390,2.296880,391.264340,-350.823000,75950.156250,,3.401730,-614.757930
15.172000,-0.102540,0.610110,1.896970,391.298100,-350.823030,75863.671880,,3.390200,-614.757810
15.174000,-0.098690,0.620360,2.471190,391.331570,-350.822910,75529.343750,,3.388920,-614.757810
15.176000,-0.093570,0.678040,2.912110,391.364900,-350.822750,75988.125000,1.000000,3.337650,-614.757870
15.178000,-0.049990,0.589600,2.542970,391.398590,-350.822880,75937.500000,,3.376100,-614.758120
15.180000,-0.092290,0.596010,2.460940,391.432070,-350.823090,75842.585940,,3.447880,-614.758000
15.182000,-0.099980,0.620360,1.999510,391.465240,-350.822910,75758.203130,,3.335080,-614.757810
15.184000,-0.096130,0.776730,2.522460,391.497960,-350.822750,75647.468750,1.000000,3.405580,-614.757810
15.186000,-0.083310,0.799800,2.296880,391.531040,-350.822810,76036.640630,,3.332520,-614.757930
15.188000,-0.053830,0.688290,2.255860,391.564640,-350.823090,75583.125000,,3.424800,-614.758060
15.190000,-0.099980,0.683170,2.245610,391.598050,-350.822910,75979.687500,,3.364560,-614.757930
15.192000,-0.096130,0.676760,2.132810,391.631290,-350.822850,75994.453130,1.000000,3.351750,-614.757870
15.194000,-0.093570,0.828000,2.317380,391.664220,-350.822810,76103.093750,,3.408140,-614.757870
15.196000,-0.078190,0.802370,2.225100,391.697480,-350.822910,75816.210940,,3.329960,-614.758000
15.198000,-0.069210,0.725460,2.307130,391.731080,-350.823030,75954.382810,,3.414550,-614.758060
15.200000,-0.108950,0.676760,2.040530,391.764710,-350.822970,76335.125000,1.000000,3.368410,-614.757930
15.202000,-0.098690,0.661380,2.481450,391.798070,-350.822940,75786.679690,,3.388920,-614.757870
15.204000,-0.097410,0.779300,3.035160,391.831180,-350.822780,76111.523440,,3.359440,-614.757930
15.206000,-0.061520,0.734440,2.686520,391.864620,-350.822810,75931.179690,,3.354310,-614.758120
15.208000,-0.080750,0.669070,2.214840,391.898190,-350.823090,76166.375000,1.000000,3.453000,-614.758120
15.210000,-0.107670,0.670350,1.927730,391.931580,-350.822910,75782.468750,,3.368410,-614.757870
15.212000,-0.097410,0.734440,2.163570,391.964630,-350.822810,75881.609380,,3.369690,-614.757870
15.214000,-0.097410,0.812620,2.163570,391.997740,-350.822750,75953.328130,,3.390200,-614.757930
15.216000,-0.057680,0.711360,2.430180,392.031460,-350.823000,75868.945310,1.000000,3.382510,-614.758120
15.218000,-0.101260,0.684450,2.194340,392.064970,-350.823060,76002.890630,,3.426090,-614.758060
15.220000,-0.102540,0.651120,1.917480,392.098450,-350.822780,75877.382810,,3.341490,-614.757870
15.222000,-0.091000,0.742130,1.979000,392.131530,-350.822880,76044.031250,,3.413270,-614.757870
15.224000,-0.094850,0.758790,2.071290,392.164860,-350.822810,75931.179690,1.000000,3.362000,-614.758000
15.226000,-0.060240,0.680600,2.184080,392.198490,-350.823000,75746.601560,,3.386350,-614.758120
15.228000,-0.107670,0.679320,2.255860,392.231900,-350.822940,75902.695310,,3.424800,-614.758060
15.230000,-0.101260,0.710080,2.378910,392.265110,-350.822880,75759.257810,,3.364560,-614.757930
15.232000,-0.097410,0.822880,2.635250,392.297940,-350.822810,75794.070310,1.000000,3.400450,-614.757930
15.234000,-0.075620,0.789550,2.542970,392.331240,-350.822750,75881.609380,,3.351750,-614.758120
15.236000,-0.070500,0.675480,2.143070,392.364930,-350.823060,75969.148440,,3.431210,-614.758180
15.238000,-0.107670,0.647280,1.927730,392.398380,-350.822940,75930.117190,,3.406860,-614.758000
15.240000,-0.106380,0.690860,2.081540,392.431550,-350.822750,75744.492190,1.000000,3.363280,-614.757870
15.242000,-0.105100,0.812620,2.573730,392.464540,-350.822780,75818.320310,,3.378660,-614.757930
15.244000,-0.069210,0.731870,2.266110,392.498110,-350.822940,75573.640630,,3.411990,-614.758180
15.246000,-0.087160,0.681880,1.896970,392.531740,-350.823120,75945.937500,,3.405580,-614.758120
15.248000,-0.115360,0.638310,1.650880,392.565220,-350.822850,75925.906250,1.000000,3.385070,-614.757930
15.250000,-0.098690,0.713930,1.866210,392.598420,-350.822850,76013.445310,,3.386350,-614.758000
15.250000,-0.098690,0.713930,1.866210,392.598420,-350.822850,76013.445310,,3.386350,-614.758000
15.252000,-0.112790,0.766480,2.214840,392.631560,-350.822880,75938.562500,,3.396610,-614.758060
15.254000,-0.073060,0.739560,2.542970,392.665040,-350.822910,75761.367190,,3.386350,-614.758180
15.256000,-0.108950,0.730590,2.327640,392.698390,-350.823030,75802.500000,1.000000,3.410710,-614.758120
15.258000,-0.111510,0.707520,2.214840,392.731690,-350.822850,75951.210940,,3.415830,-614.758000
15.260000,-0.106380,0.798520,2.389160,392.764710,-350.822850,76122.070310,,3.381230,-614.758000
15.262000,-0.099980,0.803650,2.102050,392.797910,-350.822720,75776.132810,,3.376100,-614.758120
15.264000,-0.070500,0.693420,2.389160,392.831600,-350.822940,76157.929690,1.000000,3.418400,-614.758240
15.266000,-0.114070,0.662660,2.296880,392.865110,-350.823030,76040.867190,,3.417110,-614.758120
15.268000,-0.110230,0.643430,2.358400,392.898440,-350.822810,75959.656250,,3.378660,-614.758000
15.270000,-0.106380,0.743410,2.409670,392.931550,-350.822750,75878.437500,,3.388920,-614.758000
15.272000,-0.092290,0.688290,1.907230,392.965030,-350.822910,75890.039060,1.000000,3.386350,-614.758180
15.274000,-0.082030,0.631900,1.784180,392.998660,-350.823030,75978.632810,,3.431210,-614.758180
15.276000,-0.120480,0.648560,1.722660,393.031950,-350.822910,75833.085940,,3.364560,-614.758060
15.278000,-0.103820,0.738280,1.804690,393.064880,-350.822780,76040.867190,,3.406860,-614.758060
15.280000,-0.110230,0.877990,2.184080,393.097690,-350.822850,75651.679690,1.000000,3.388920,-614.758060
15.282000,-0.087160,0.839540,2.296880,393.130950,-350.822940,75901.648440,,3.396610,-614.758180
15.284000,-0.098690,0.795960,2.102050,393.164400,-350.822940,75887.929690,,3.405580,-614.758180
15.286000,-0.117920,0.758790,1.784180,393.197810,-350.822940,75925.906250,,3.394040,-614.758060
15.288000,-0.105100,0.819030,1.917480,393.230960,-350.822810,75933.281250,1.000000,3.408140,-614.758060
15.290000,-0.110230,0.860050,2.317380,393.264160,-350.822750,75904.804690,,3.359440,-614.758120
15.292000,-0.074340,0.783140,2.255860,393.297760,-350.822880,75718.125000,,3.411990,-614.758240
15.294000,-0.108950,0.721620,2.358400,393.331420,-350.823030,75558.875000,,3.433780,-614.758180
15.296000,-0.116640,0.671630,1.948240,393.364990,-350.822850,76018.710940,1.000000,3.377380,-614.758060
15.298000,-0.107670,0.739560,1.968750,393.398190,-350.822780,75847.851560,,3.400450,-614.758060
15.300000,-0.107670,0.731870,2.102050,393.431610,-350.822810,75712.851560,,3.390200,-614.758120
15.302000,-0.080750,0.672910,1.763670,393.465180,-350.823030,76063.015630,,3.426090,-614.758240
15.304000,-0.123050,0.710080,2.091800,393.498410,-350.822880,75781.414060,1.000000,3.396610,-614.758180
15.306000,-0.112790,0.748540,1.896970,393.531460,-350.822780,75802.500000,,3.377380,-614.758060
15.308000,-0.115360,0.884400,2.071290,393.564270,-350.822810,75495.585940,,3.418400,-614.758120
15.310000,-0.105100,0.865170,2.081540,393.597530,-350.822880,76002.890630,,3.378660,-614.758180
15.312000,-0.093570,0.794680,1.989260,393.631070,-350.822940,75833.085940,1.000000,3.417110,-614.758240
15.314000,-0.125610,0.745970,2.153320,393.664640,-350.822880,75710.742190,,3.391480,-614.758120
15.316000,-0.112790,0.735720,2.040530,393.698120,-350.822880,75952.265630,,3.399170,-614.758120
15.318000,-0.115360,0.785710,2.645510,393.731450,-350.822780,75759.257810,,3.386350,-614.758120
15.320000,-0.087160,0.724180,2.450680,393.765080,-350.822810,76146.335940,1.000000,3.382510,-614.758240
15.322000,-0.105100,0.635740,2.102050,393.798830,-350.823000,75726.562500,,3.442750,-614.758240
15.324000,-0.121770,0.635740,1.958500,393.832240,-350.822880,76002.890630,,3.394040,-614.758120
15.326000,-0.112790,0.720340,1.784180,393.865260,-350.822750,75851.023440,,3.386350,-614.758060
15.328000,-0.119200,0.799800,1.989260,393.898190,-350.822810,76036.640630,1.000000,3.403020,-614.758120
15.330000,-0.085880,0.753660,2.225100,393.931610,-350.822940,76057.742190,,3.423520,-614.758240
15.332000,-0.116640,0.731870,2.163570,393.964900,-350.822970,75964.921880,,3.411990,-614.758180
15.334000,-0.125610,0.740840,1.866210,393.998020,-350.822750,76282.390630,,3.390200,-614.758180
15.336000,-0.114070,0.854920,1.784180,394.030910,-350.822810,75739.226560,1.000000,3.409420,-614.758180
15.338000,-0.121770,0.867740,2.050780,394.064090,-350.822810,75943.835940,,3.405580,-614.758180
15.340000,-0.094850,0.812620,1.968750,394.097660,-350.822940,75903.750000,,3.404300,-614.758240
15.342000,-0.128170,0.760070,1.989260,394.131260,-350.822940,75950.156250,,3.420960,-614.758180
15.344000,-0.123050,0.721620,2.091800,394.164830,-350.822850,76007.109380,1.000000,3.409420,-614.758180
15.346000,-0.123050,0.775450,2.563480,394.198150,-350.822810,75981.796880,,3.399170,-614.758180
15.348000,-0.110230,0.758790,2.327640,394.231570,-350.822750,75975.468750,,3.395320,-614.758240
15.350000,-0.101260,0.721620,2.143070,394.265140,-350.822940,75915.351560,,3.436340,-614.758300
15.352000,-0.133300,0.744690,1.712400,394.298400,-350.822940,75856.289060,1.000000,3.413270,-614.758180
15.354000,-0.120480,0.795960,1.773930,394.331390,-350.822750,75894.257810,,3.399170,-614.758180
15.356000,-0.125610,0.899780,2.173830,394.364290,-350.822750,75941.726560,,3.395320,-614.758180
15.358000,-0.103820,0.860050,1.937990,394.397550,-350.822910,75909.031250,,3.422240,-614.758240
15.360000,-0.116640,0.826720,1.917480,394.430940,-350.822940,75769.812500,1.000000,3.419680,-614.758300
15.362000,-0.129460,0.776730,1.722660,394.464360,-350.822810,75980.742190,,3.379940,-614.758180
15.364000,-0.117920,0.811340,1.732910,394.497620,-350.822780,75541.992190,,3.423520,-614.758180
15.366000,-0.130740,0.821590,1.907230,394.531010,-350.822850,75835.195310,,3.396610,-614.758180
15.368000,-0.103820,0.767760,2.081540,394.564640,-350.822910,75744.492190,1.000000,3.418400,-614.758300
15.370000,-0.128170,0.722900,2.163570,394.598330,-350.822910,75967.031250,,3.409420,-614.758240
15.372000,-0.128170,0.679320,2.030270,394.631960,-350.822880,75819.375000,,3.419680,-614.758180
15.374000,-0.124330,0.740840,2.317380,394.665220,-350.822810,75737.117190,,3.420960,-614.758180
15.376000,-0.123050,0.760070,1.999510,394.698550,-350.822780,75906.914060,1.000000,3.385070,-614.758240
15.378000,-0.101260,0.720340,2.204590,394.731990,-350.822880,76012.390630,,3.445310,-614.758360
15.380000,-0.135860,0.743410,2.112300,394.765290,-350.822910,76023.984380,,3.424800,-614.758240
15.382000,-0.129460,0.774170,2.112300,394.798310,-350.822750,75838.359380,,3.394040,-614.758180
15.384000,-0.128170,0.897220,2.184080,394.831020,-350.822720,76068.281250,1.000000,3.415830,-614.758180
15.386000,-0.117920,0.889530,1.876460,394.864140,-350.822810,75915.351560,,3.409420,-614.758300
15.388000,-0.108950,0.829280,1.722660,394.897550,-350.822970,75822.546880,,3.431210,-614.758300
15.390000,-0.135860,0.803650,1.630370,394.930940,-350.822810,75901.648440,,3.391480,-614.758240
15.392000,-0.123050,0.778020,1.702150,394.964320,-350.822810,75982.859380,1.000000,3.403020,-614.758180
15.394000,-0.130740,0.802370,2.091800,394.997680,-350.822810,76132.625000,,3.420960,-614.758180
15.396000,-0.115360,0.758790,2.225100,395.031220,-350.822880,75854.187500,,3.395320,-614.758300
15.398000,-0.121770,0.737000,2.214840,395.064760,-350.822910,76036.640630,,3.426090,-614.758300
15.400000,-0.138430,0.720340,1.712400,395.098270,-350.822850,75903.750000,1.000000,3.397890,-614.758240
15.402000,-0.128170,0.737000,1.937990,395.131590,-350.822850,75898.484380,,3.418400,-614.758240
15.404000,-0.132020,0.783140,2.071290,395.164890,-350.822720,75968.093750,,3.395320,-614.758240
15.406000,-0.108950,0.756230,2.061040,395.198300,-350.822850,75891.093750,,3.413270,-614.758360
15.408000,-0.133300,0.742130,2.307130,395.231630,-350.822910,76001.843750,1.000000,3.445310,-614.758300
15.410000,-0.133300,0.753660,2.061040,395.264860,-350.822780,75688.593750,,3.397890,-614.758240
15.412000,-0.129460,0.812620,1.866210,395.297910,-350.822750,75769.812500,,3.409420,-614.758180
15.414000,-0.132020,0.819030,1.691890,395.331120,-350.822810,75988.125000,,3.422240,-614.758300
15.416000,-0.112790,0.770320,1.814940,395.364560,-350.822940,75922.734380,1.000000,3.428650,-614.758360
15.418000,-0.144840,0.760070,1.671390,395.397890,-350.822880,75938.562500,,3.410710,-614.758300
15.420000,-0.134580,0.758790,1.866210,395.431180,-350.822750,75844.687500,,3.408140,-614.758240
15.422000,-0.135860,0.807500,1.907230,395.464320,-350.822810,75952.265630,,3.420960,-614.758240
15.424000,-0.130740,0.776730,2.009770,395.497710,-350.822810,75601.054690,1.000000,3.414550,-614.758300
15.426000,-0.119200,0.722900,1.927730,395.531250,-350.822910,75829.921880,,3.413270,-614.758360
15.428000,-0.144840,0.707520,1.722660,395.564670,-350.822850,75936.445310,,3.428650,-614.758300
15.430000,-0.133300,0.744690,1.999510,395.597900,-350.822810,75951.210940,,3.404300,-614.758240
15.432000,-0.137150,0.817750,2.235350,395.630920,-350.822780,75787.734380,1.000000,3.414550,-614.758240
15.434000,-0.120480,0.811340,2.378910,395.664220,-350.822750,75636.914060,,3.408140,-614.758360
15.436000,-0.129460,0.772890,1.999510,395.697660,-350.822940,75828.867190,,3.437620,-614.758360
15.438000,-0.140990,0.752380,1.958500,395.731020,-350.822850,75941.726560,,3.413270,-614.758300
15.440000,-0.133300,0.780580,1.517580,395.764280,-350.822750,75936.445310,1.000000,3.411990,-614.758240
15.442000,-0.143550,0.808780,1.794430,395.797550,-350.822780,75958.601560,,3.405580,-614.758300
15.444000,-0.120480,0.776730,2.020020,395.830990,-350.822910,76075.671880,,3.445310,-614.758360
15.446000,-0.139710,0.790830,2.112300,395.864290,-350.822880,75855.242190,,3.409420,-614.758360
15.448000,-0.142270,0.785710,1.825200,395.897550,-350.822810,75785.625000,1.000000,3.414550,-614.758300
15.450000,-0.138430,0.840820,1.640630,395.930660,-350.822810,75855.242190,,3.424800,-614.758300
15.452000,-0.143550,0.836980,1.968750,395.963930,-350.822850,76034.531250,,3.415830,-614.758360
15.454000,-0.128170,0.812620,1.753420,395.997380,-350.822850,75912.195310,,3.426090,-614.758420
15.456000,-0.149960,0.785710,1.968750,396.030790,-350.822880,75704.421880,1.000000,3.414550,-614.758360
15.458000,-0.142270,0.756230,2.153320,396.064210,-350.822810,76133.679690,,3.444030,-614.758300
15.460000,-0.146120,0.788270,2.450680,396.097500,-350.822810,75964.921880,,3.403020,-614.758300
15.462000,-0.138430,0.761350,2.050780,396.130950,-350.822780,75801.445310,,3.424800,-614.758420
15.464000,-0.133300,0.701110,1.927730,396.164610,-350.822850,76130.515630,1.000000,3.432500,-614.758420
15.464000,-0.133300,0.701110,1.927730,396.164610,-350.822850,76130.515630,1.000000,3.432500,-614.758420
15.466000,-0.153810,0.671630,1.630370,396.198180,-350.822850,75930.117190,,3.420960,-614.758360
15.468000,-0.143550,0.674190,1.599610,396.231570,-350.822780,76299.257810,,3.406860,-614.758300
15.470000,-0.146120,0.735720,1.835450,396.264770,-350.822750,75726.562500,,3.424800,-614.758360
15.472000,-0.134580,0.710080,1.979000,396.298190,-350.822880,75879.492190,1.000000,3.411990,-614.758420
15.474000,-0.140990,0.699830,1.886720,396.331510,-350.822910,75725.507810,,3.438900,-614.758420
15.476000,-0.149960,0.724180,1.753420,396.364650,-350.822780,75865.789060,,3.385070,-614.758360
15.478000,-0.139710,0.803650,1.404790,396.397550,-350.822780,75858.406250,,3.432500,-614.758360
15.480000,-0.147400,0.872860,1.876460,396.430510,-350.822810,75697.039060,1.000000,3.411990,-614.758360
15.482000,-0.134580,0.860050,1.999510,396.463680,-350.822880,76146.335940,,3.424800,-614.758420
15.484000,-0.147400,0.840820,2.009770,396.496980,-350.822810,75477.656250,,3.422240,-614.758420
15.486000,-0.148680,0.794680,2.081540,396.530400,-350.822850,75858.406250,,3.413270,-614.758360
15.488000,-0.146120,0.778020,2.163570,396.563810,-350.822780,75834.140630,1.000000,3.437620,-614.758360
15.490000,-0.146120,0.747250,1.907230,396.597320,-350.822780,75886.875000,,3.388920,-614.758420
15.492000,-0.133300,0.697270,1.948240,396.630980,-350.822810,75846.796880,,3.449160,-614.758420
15.494000,-0.153810,0.692140,2.081540,396.664460,-350.822880,75775.078130,,3.423520,-614.758420
15.494000,-0.153810,0.692140,2.081540,396.664460,-350.822880,75775.078130,,3.423520,-614.758420
15.496000,-0.151250,0.703670,1.937990,396.697810,-350.822780,76055.632810,1.000000,3.411990,-614.758360
15.498000,-0.148680,0.753660,2.071290,396.730990,-350.822780,75574.695310,,3.417110,-614.758360
15.500000,-0.144840,0.758790,1.753420,396.764310,-350.822810,75957.539060,,3.431210,-614.758420
15.500000,-0.144840,0.758790,1.753420,396.764310,-350.822810,75957.539060,,3.431210,-614.758420
15.502000,-0.140990,0.752380,1.661130,396.797670,-350.822940,75901.648440,,3.411990,-614.758420
15.504000,-0.158940,0.780580,1.722660,396.830810,-350.822780,75932.226560,1.000000,3.422240,-614.758420
15.506000,-0.144840,0.828000,1.609860,396.863890,-350.822780,75830.984380,,3.399170,-614.758420
15.508000,-0.152530,0.888240,1.937990,396.896880,-350.822810,75887.929690,,3.435060,-614.758420
15.510000,-0.143550,0.874150,2.091800,396.930150,-350.822810,76059.851560,,3.404300,-614.758420
15.512000,-0.146120,0.824160,2.102050,396.963650,-350.822880,75905.859380,1.000000,3.427370,-614.758420
15.514000,-0.155090,0.775450,1.804690,396.997190,-350.822810,75975.468750,,3.409420,-614.758420
15.516000,-0.144840,0.761350,1.835450,397.030670,-350.822850,75876.328130,,3.415830,-614.758420
15.518000,-0.149960,0.766480,2.112300,397.064090,-350.822750,76070.398440,,3.414550,-614.758420
15.520000,-0.138430,0.708800,1.743160,397.097690,-350.822850,75862.617190,1.000000,3.413270,-614.758420
15.522000,-0.152530,0.660100,2.132810,397.131320,-350.822880,75913.250000,,3.441470,-614.758420
15.524000,-0.149960,0.653690,1.917480,397.164760,-350.822810,76111.523440,,3.413270,-614.758420
15.526000,-0.149960,0.711360,1.896970,397.197970,-350.822750,76006.054690,,3.414550,-614.758360
15.528000,-0.151250,0.743410,1.425290,397.231140,-350.822810,75836.257810,1.000000,3.424800,-614.758420
15.530000,-0.138430,0.761350,1.640630,397.264370,-350.822810,75863.671880,,3.436340,-614.758420
15.532000,-0.158940,0.775450,1.702150,397.297550,-350.822880,75916.414060,,3.405580,-614.758420
15.534000,-0.153810,0.784420,1.538090,397.330690,-350.822750,75832.031250,,3.435060,-614.758420
15.536000,-0.152530,0.824160,1.845700,397.363830,-350.822810,75895.320310,1.000000,3.411990,-614.758420
15.538000,-0.152530,0.804930,1.681640,397.397130,-350.822810,75786.679690,,3.431210,-614.758420
15.540000,-0.147400,0.801090,2.112300,397.430510,-350.822850,75802.500000,,3.409420,-614.758420
15.542000,-0.157650,0.790830,1.814940,397.463840,-350.822810,75907.968750,,3.429930,-614.758420
15.544000,-0.155090,0.788270,1.814940,397.497190,-350.822810,75555.703130,1.000000,3.415830,-614.758420
15.546000,-0.155090,0.797240,1.896970,397.530520,-350.822810,75853.132810,,3.418400,-614.758420
15.548000,-0.146120,0.763920,2.009770,397.563960,-350.822810,75645.359380,,3.420960,-614.758420
15.550000,-0.149960,0.715210,2.030270,397.597530,-350.822880,75870.007810,,3.432500,-614.758420
15.552000,-0.156370,0.689580,1.784180,397.631010,-350.822810,75768.750000,1.000000,3.415830,-614.758420
15.554000,-0.149960,0.710080,1.620120,397.664310,-350.822750,75875.273440,,3.426090,-614.758420
15.556000,-0.155090,0.747250,1.763670,397.697540,-350.822780,75954.382810,,3.413270,-614.758420
15.558000,-0.147400,0.735720,1.794430,397.730870,-350.822880,75626.375000,,3.441470,-614.758480
15.560000,-0.160220,0.733150,1.948240,397.764220,-350.822810,75974.421880,1.000000,3.414550,-614.758420
15.562000,-0.156370,0.708800,1.886720,397.797610,-350.822810,76036.640630,,3.413270,-614.758420
15.564000,-0.156370,0.735720,1.620120,397.830900,-350.822780,75913.250000,,3.436340,-614.758420
15.566000,-0.158940,0.745970,1.825200,397.864170,-350.822850,75827.820310,,3.411990,-614.758420
15.568000,-0.149960,0.745970,1.794430,397.897490,-350.822810,75829.921880,1.000000,3.433780,-614.758420
15.570000,-0.162780,0.739560,2.009770,397.930880,-350.822810,76171.640630,,3.414550,-614.758420
15.572000,-0.157650,0.733150,2.061040,397.964200,-350.822810,75940.671880,,3.440190,-614.758420
15.574000,-0.160220,0.753660,2.225100,397.997440,-350.822780,76199.062500,,3.415830,-614.758420
15.576000,-0.156370,0.758790,2.040530,398.030700,-350.822810,75873.171880,1.000000,3.423520,-614.758480
15.578000,-0.152530,0.762630,1.979000,398.063960,-350.822810,75974.421880,,3.432500,-614.758480
15.580000,-0.165340,0.771610,1.650880,398.097200,-350.822810,75924.851560,,3.423520,-614.758420
15.582000,-0.156370,0.758790,1.548340,398.130460,-350.822810,75795.125000,,3.410710,-614.758420
15.584000,-0.157650,0.766480,1.722660,398.163700,-350.822780,76086.218750,1.000000,3.432500,-614.758420
15.586000,-0.151250,0.745970,1.896970,398.197080,-350.822810,75902.695310,,3.409420,-614.758480
15.588000,-0.156370,0.748540,1.917480,398.230440,-350.822850,76059.851560,,3.435060,-614.758480
15.590000,-0.158940,0.772890,1.763670,398.263700,-350.822750,75878.437500,,3.400450,-614.758420
15.592000,-0.152530,0.778020,1.363770,398.297030,-350.822810,75904.804690,1.000000,3.426090,-614.758420
15.594000,-0.158940,0.790830,1.579100,398.330380,-350.822810,75970.203130,,3.424800,-614.758420
15.596000,-0.156370,0.762630,1.876460,398.363860,-350.822880,75839.421880,,3.417110,-614.758480
15.598000,-0.160220,0.751100,1.794430,398.397280,-350.822810,75991.289060,,3.427370,-614.758480
15.600000,-0.162780,0.740840,2.132810,398.430730,-350.822810,75763.484380,1.000000,3.414550,-614.758420
15.602000,-0.160220,0.762630,1.784180,398.464020,-350.822810,75959.656250,,3.435060,-614.758480
15.604000,-0.160220,0.778020,2.050780,398.497310,-350.822780,75694.921880,,3.411990,-614.758480
15.606000,-0.157650,0.784420,1.609860,398.530610,-350.822810,75881.609380,,3.438900,-614.758480
15.608000,-0.166630,0.780580,1.784180,398.563840,-350.822810,75747.656250,1.000000,3.426090,-614.758480
15.610000,-0.162780,0.771610,1.743160,398.597140,-350.822780,75892.148440,,3.423520,-614.758480
15.612000,-0.162780,0.767760,1.866210,398.630460,-350.822810,75766.648440,,3.415830,-614.758480
15.614000,-0.160220,0.749820,1.866210,398.663820,-350.822810,75616.882810,,3.440190,-614.758480
15.616000,-0.158940,0.715210,1.599610,398.697330,-350.822850,75961.757810,1.000000,3.409420,-614.758480
15.618000,-0.169190,0.697270,1.579100,398.730740,-350.822810,75622.148440,,3.429930,-614.758480
15.620000,-0.158940,0.692140,1.538090,398.764160,-350.822810,75990.234380,,3.409420,-614.758480
15.622000,-0.165340,0.701110,1.825200,398.797490,-350.822810,75878.437500,,3.428650,-614.758480
15.624000,-0.161500,0.702390,2.071290,398.830900,-350.822810,75941.726560,1.000000,3.419680,-614.758480
15.626000,-0.161500,0.706240,2.102050,398.864230,-350.822850,75796.179690,,3.420960,-614.758480
15.628000,-0.166630,0.721620,1.937990,398.897520,-350.822810,75888.992190,,3.427370,-614.758480
15.630000,-0.160220,0.747250,1.661130,398.930760,-350.822810,75918.515630,,3.422240,-614.758480
15.632000,-0.165340,0.766480,1.804690,398.963960,-350.822780,75888.992190,1.000000,3.426090,-614.758480
15.634000,-0.161500,0.776730,1.784180,398.997130,-350.822810,76045.085940,,3.424800,-614.758540
15.636000,-0.166630,0.762630,2.061040,399.030430,-350.822810,75914.296880,,3.432500,-614.758480
15.638000,-0.166630,0.776730,2.009770,399.063660,-350.822810,75955.437500,,3.423520,-614.758480
15.640000,-0.164060,0.792110,1.855960,399.096860,-350.822780,75916.414060,1.000000,3.426090,-614.758480
15.642000,-0.166630,0.778020,1.394530,399.130190,-350.822810,75928.015630,,3.423520,-614.758480
15.644000,-0.161500,0.753660,1.384280,399.163600,-350.822810,76137.890630,,3.437620,-614.758540
15.646000,-0.169190,0.737000,1.691890,399.197020,-350.822810,75989.187500,,3.409420,-614.758480
15.648000,-0.166630,0.717770,1.445800,399.230440,-350.822810,75993.398440,1.000000,3.436340,-614.758480
15.650000,-0.166630,0.735720,1.866210,399.263760,-350.822810,75742.390630,,3.417110,-614.758540
15.652000,-0.165340,0.753660,1.743160,399.297060,-350.822810,75937.500000,,3.432500,-614.758540
15.654000,-0.165340,0.776730,1.999510,399.330350,-350.822810,75903.750000,,3.419680,-614.758540
15.656000,-0.167910,0.790830,1.784180,399.363620,-350.822810,75872.109380,1.000000,3.427370,-614.758540
15.658000,-0.166630,0.794680,1.435550,399.396940,-350.822810,75857.343750,,3.426090,-614.758540
15.660000,-0.169190,0.803650,1.907230,399.430270,-350.822810,75790.898440,,3.423520,-614.758540
15.662000,-0.166630,0.801090,1.927730,399.463650,-350.822810,75898.484380,,3.424800,-614.758540
15.664000,-0.167910,0.793400,2.050780,399.497040,-350.822810,75521.953130,1.000000,3.428650,-614.758540
15.666000,-0.170470,0.794680,1.691890,399.530490,-350.822810,75905.859380,,3.422240,-614.758540
15.668000,-0.167910,0.783140,1.671390,399.563870,-350.822810,75925.906250,,3.424800,-614.758540
15.670000,-0.170470,0.778020,1.579100,399.597320,-350.822810,75943.835940,,3.424800,-614.758540
15.672000,-0.169190,0.751100,1.476560,399.630800,-350.822850,75830.984380,1.000000,3.426090,-614.758540
15.674000,-0.173030,0.739560,2.081540,399.664250,-350.822810,75892.148440,,3.424800,-614.758540
15.676000,-0.170470,0.728030,1.568850,399.697690,-350.822810,75948.046880,,3.419680,-614.758540
15.678000,-0.169190,0.731870,1.845700,399.731080,-350.822810,75313.125000,,3.431210,-614.758540
15.680000,-0.171750,0.737000,1.538090,399.764430,-350.822810,75965.976560,1.000000,3.422240,-614.758540
15.682000,-0.170470,0.743410,1.866210,399.797760,-350.822810,75938.562500,,3.429930,-614.758540
15.684000,-0.173030,0.762630,1.855960,399.830990,-350.822810,75800.398440,,3.420960,-614.758540
15.686000,-0.170470,0.780580,2.040530,399.864290,-350.822810,75830.984380,,3.431210,-614.758540
15.688000,-0.173030,0.783140,1.927730,399.897610,-350.822810,75993.398440,1.000000,3.423520,-614.758540
15.690000,-0.170470,0.772890,1.886720,399.930970,-350.822810,76135.789060,,3.427370,-614.758540
15.692000,-0.171750,0.761350,1.896970,399.964420,-350.822810,75922.734380,,3.424800,-614.758540
15.694000,-0.174320,0.757510,1.599610,399.997830,-350.822810,75737.117190,,3.426090,-614.758540
15.696000,-0.173030,0.757510,1.466310,400.031220,-350.822810,75910.085940,1.000000,3.422240,-614.758540
15.698000,-0.171750,0.758790,1.691890,400.064610,-350.822810,76063.015630,,3.429930,-614.758540
15.700000,-0.173030,0.761350,1.876460,400.097960,-350.822810,76003.945310,,3.423520,-614.758540
15.702000,-0.175600,0.762630,1.804690,400.131290,-350.822810,75840.476560,,3.426090,-614.758540
15.704000,-0.173030,0.767760,1.743160,400.164610,-350.822810,76251.804690,1.000000,3.424800,-614.758540
15.706000,-0.174320,0.761350,1.456050,400.197940,-350.822810,75822.546880,,3.423520,-614.758540
15.708000,-0.174320,0.758790,1.763670,400.231260,-350.822810,75924.851560,,3.427370,-614.758610
15.710000,-0.174320,0.742130,1.732910,400.264650,-350.822810,75725.507810,,3.423520,-614.758610
15.712000,-0.175600,0.717770,1.886720,400.298100,-350.822810,75914.296880,1.000000,3.428650,-614.758540
15.714000,-0.175600,0.704960,1.927730,400.331540,-350.822810,75898.484380,,3.423520,-614.758540
15.716000,-0.175600,0.703670,2.009770,400.364960,-350.822810,75973.359380,,3.428650,-614.758610
15.718000,-0.175600,0.711360,1.589360,400.398320,-350.822810,75986.023440,,3.424800,-614.758610
15.720000,-0.175600,0.716490,1.814940,400.431700,-350.822810,75794.070310,1.000000,3.428650,-614.758610
15.722000,-0.176880,0.712650,1.691890,400.465090,-350.822810,75943.835940,,3.426090,-614.758610
15.724000,-0.175600,0.710080,1.650880,400.498470,-350.822810,75583.125000,,3.429930,-614.758610
15.726000,-0.175600,0.725460,1.773930,400.531770,-350.822810,75864.726560,,3.426090,-614.758610
15.728000,-0.175600,0.766480,1.579100,400.564940,-350.822810,75925.906250,1.000000,3.428650,-614.758610
15.730000,-0.174320,0.793400,1.671390,400.598110,-350.822810,75886.875000,,3.424800,-614.758610
15.732000,-0.174320,0.836980,1.497070,400.631200,-350.822810,75883.718750,,3.428650,-614.758610
15.734000,-0.174320,0.871580,1.579100,400.664280,-350.822810,75721.296880,,3.424800,-614.758610
15.736000,-0.174320,0.866460,1.773930,400.697510,-350.822810,76060.898440,1.000000,3.427370,-614.758610
15.738000,-0.175600,0.839540,1.855960,400.730930,-350.822810,75584.179690,,3.427370,-614.758610
15.740000,-0.175600,0.802370,2.061040,400.764430,-350.822810,76040.867190,,3.423520,-614.758610
15.742000,-0.175600,0.772890,1.917480,400.798030,-350.822810,75982.859380,,3.424800,-614.758610
15.744000,-0.175600,0.753660,1.866210,400.831600,-350.822810,75772.976560,1.000000,3.428650,-614.758610
15.746000,-0.176880,0.745970,1.702150,400.865110,-350.822810,75816.210940,,3.427370,-614.758610
15.748000,-0.175600,0.742130,1.784180,400.898620,-350.822810,75793.015630,,3.427370,-614.758610
15.750000,-0.176880,0.735720,2.143070,400.932130,-350.822810,76017.664060,,3.426090,-614.758610
15.750000,-0.176880,0.735720,2.143070,400.932130,-350.822810,76017.664060,,3.426090,-614.758610
15.752000,-0.176880,0.722900,1.845700,400.965640,-350.822810,75803.554690,1.000000,3.427370,-614.758610
15.754000,-0.176880,0.722900,1.855960,400.999110,-350.822810,76144.226560,,3.427370,-614.758610
15.756000,-0.176880,0.752380,1.415040,401.032380,-350.822810,76012.390630,,3.426090,-614.758610
15.758000,-0.176880,0.794680,1.640630,401.065490,-350.822810,75971.257810,,3.427370,-614.758610
15.760000,-0.178160,0.830570,1.425290,401.098630,-350.822810,75882.664060,1.000000,3.426090,-614.758610
15.762000,-0.174320,0.819030,1.548340,401.131900,-350.822810,75750.828130,,3.426090,-614.758610
15.764000,-0.175600,0.807500,1.907230,401.165220,-350.822810,76210.664060,,3.423520,-614.758610
15.766000,-0.175600,0.802370,1.927730,401.198610,-350.822810,75919.578130,,3.426090,-614.758610
15.768000,-0.174320,0.786990,1.968750,401.231990,-350.822810,76031.375000,1.000000,3.426090,-614.758610
15.770000,-0.175600,0.752380,1.691890,401.265530,-350.822810,75892.148440,,3.426090,-614.758610
15.772000,-0.173030,0.706240,1.630370,401.299130,-350.822810,75975.468750,,3.427370,-614.758610
15.774000,-0.175600,0.671630,1.579100,401.332730,-350.822810,75846.796880,,3.428650,-614.758610
15.776000,-0.175600,0.670350,1.794430,401.366180,-350.822810,75779.304690,1.000000,3.427370,-614.758610
15.778000,-0.175600,0.693420,1.917480,401.399540,-350.822810,76080.937500,,3.427370,-614.758610
15.780000,-0.175600,0.731870,1.814940,401.432740,-350.822810,75820.429690,,3.429930,-614.758610
15.782000,-0.174320,0.772890,1.681640,401.465910,-350.822810,75776.132810,,3.429930,-614.758610
15.784000,-0.175600,0.793400,1.456050,401.499080,-350.822810,75678.054690,1.000000,3.428650,-614.758610
15.786000,-0.175600,0.789550,1.394530,401.532350,-350.822810,75910.085940,,3.428650,-614.758670
15.788000,-0.175600,0.779300,1.732910,401.565640,-350.822810,75690.710940,,3.426090,-614.758610
15.790000,-0.174320,0.785710,1.722660,401.598970,-350.822810,75755.046880,,3.427370,-614.758670
15.792000,-0.174320,0.803650,1.558590,401.632260,-350.822810,75818.320310,1.000000,3.424800,-614.758610
15.794000,-0.174320,0.808780,1.784180,401.665590,-350.822810,75705.476560,,3.427370,-614.758610
15.796000,-0.174320,0.815190,1.794430,401.698880,-350.822810,75950.156250,,3.428650,-614.758610
15.798000,-0.173030,0.808780,1.732910,401.732240,-350.822810,75476.609380,,3.424800,-614.758610
15.800000,-0.173030,0.788270,1.958500,401.765660,-350.822810,76090.437500,1.000000,3.427370,-614.758610
15.802000,-0.174320,0.771610,1.825200,401.799100,-350.822810,75815.156250,,3.427370,-614.758610
15.804000,-0.174320,0.775450,2.091800,401.832490,-350.822810,75882.664060,,3.432500,-614.758610
15.806000,-0.173030,0.793400,1.845700,401.865780,-350.822810,75693.875000,,3.429930,-614.758610
15.808000,-0.174320,0.811340,1.732910,401.899050,-350.822810,75920.625000,1.000000,3.431210,-614.758670
15.810000,-0.173030,0.815190,1.394530,401.932340,-350.822810,75961.757810,,3.432500,-614.758670
15.812000,-0.174320,0.798520,1.681640,401.965790,-350.822810,75921.679690,,3.428650,-614.758670
15.814000,-0.174320,0.781860,1.825200,401.999240,-350.822810,76104.140630,,3.429930,-614.758670
15.816000,-0.174320,0.775450,1.907230,402.032710,-350.822810,75886.875000,1.000000,3.429930,-614.758670
15.818000,-0.173030,0.769040,1.794430,402.066160,-350.822810,76001.843750,,3.429930,-614.758670
15.820000,-0.174320,0.757510,1.517580,402.099610,-350.822810,75870.007810,,3.427370,-614.758670
15.822000,-0.174320,0.742130,1.548340,402.133060,-350.822810,75844.687500,,3.428650,-614.758670
15.824000,-0.173030,0.738280,1.650880,402.166470,-350.822810,76199.062500,1.000000,3.431210,-614.758670
15.826000,-0.173030,0.740840,1.855960,402.199860,-350.822810,75888.992190,,3.427370,-614.758670
15.828000,-0.171750,0.781860,1.989260,402.233060,-350.822810,76172.703130,,3.429930,-614.758670
15.830000,-0.173030,0.830570,2.132810,402.266110,-350.822810,75919.578130,,3.431210,-614.758670
15.832000,-0.174320,0.851070,1.702150,402.299220,-350.822810,75912.195310,1.000000,3.432500,-614.758670
15.834000,-0.173030,0.836980,1.671390,402.332460,-350.822810,75899.531250,,3.432500,-614.758670
15.836000,-0.175600,0.806210,1.630370,402.365810,-350.822810,75859.453130,,3.429930,-614.758670
15.838000,-0.173030,0.779300,1.374020,402.399260,-350.822810,76109.414060,,3.431210,-614.758670
15.840000,-0.174320,0.776730,1.794430,402.432650,-350.822780,75806.726560,1.000000,3.428650,-614.758670
15.842000,-0.174320,0.781860,1.681640,402.466060,-350.822810,75943.835940,,3.429930,-614.758670
15.844000,-0.173030,0.775450,1.804690,402.499510,-350.822810,75688.593750,,3.428650,-614.758670
15.846000,-0.170470,0.761350,1.507320,402.532990,-350.822810,75943.835940,,3.431210,-614.758670
15.848000,-0.171750,0.739560,1.456050,402.566500,-350.822810,75904.804690,1.000000,3.428650,-614.758670
15.850000,-0.171750,0.717770,1.579100,402.600010,-350.822810,75799.335940,,3.429930,-614.758670
15.852000,-0.173030,0.728030,1.691890,402.633360,-350.822810,75849.960940,,3.432500,-614.758670
15.854000,-0.173030,0.767760,2.071290,402.666630,-350.822810,75684.382810,,3.432500,-614.758670
15.856000,-0.170470,0.808780,1.845700,402.699740,-350.822810,75928.015630,1.000000,3.433780,-614.758670
15.858000,-0.170470,0.822880,1.855960,402.732910,-350.822810,75641.132810,,3.435060,-614.758670
15.860000,-0.173030,0.822880,1.620120,402.766110,-350.822810,75952.265630,,3.432500,-614.758670
15.862000,-0.173030,0.811340,1.558590,402.799410,-350.822810,75938.562500,,3.433780,-614.758670
15.864000,-0.171750,0.794680,1.927730,402.832760,-350.822780,75827.820310,1.000000,3.431210,-614.758670
15.866000,-0.170470,0.771610,1.866210,402.866180,-350.822810,75865.789060,,3.433780,-614.758670
15.868000,-0.170470,0.740840,1.722660,402.899660,-350.822810,75916.414060,,3.431210,-614.758670
15.870000,-0.170470,0.715210,1.486820,402.933170,-350.822810,76095.703130,,3.431210,-614.758670
15.872000,-0.170470,0.693420,1.579100,402.966670,-350.822810,75895.320310,1.000000,3.432500,-614.758670
15.874000,-0.170470,0.690860,1.415040,403.000090,-350.822810,75740.273440,,3.429930,-614.758670
15.876000,-0.169190,0.715210,1.579100,403.033420,-350.822810,76010.273440,,3.432500,-614.758670
15.878000,-0.169190,0.765200,1.917480,403.066590,-350.822810,76056.687500,,3.432500,-614.758670
15.880000,-0.170470,0.803650,1.927730,403.099700,-350.822810,75803.554690,1.000000,3.433780,-614.758670
15.882000,-0.169190,0.826720,1.907230,403.132810,-350.822810,75920.625000,,3.433780,-614.758670
15.884000,-0.167910,0.838260,1.784180,403.165990,-350.822810,76146.335940,,3.432500,-614.758670
15.886000,-0.167910,0.852360,1.671390,403.199190,-350.822780,75930.117190,,3.435060,-614.758670
15.888000,-0.170470,0.875430,1.702150,403.232360,-350.822780,75877.382810,1.000000,3.433780,-614.758670
15.890000,-0.169190,0.863890,1.722660,403.265690,-350.822780,75793.015630,,3.433780,-614.758670
15.892000,-0.169190,0.858760,1.999510,403.299040,-350.822810,75991.289060,,3.432500,-614.758670
15.894000,-0.167910,0.828000,1.907230,403.332490,-350.822810,75964.921880,,3.433780,-614.758670
15.896000,-0.167910,0.785710,1.609860,403.366090,-350.822810,75840.476560,1.000000,3.432500,-614.758670
15.898000,-0.169190,0.742130,1.271480,403.399690,-350.822810,76127.343750,,3.431210,-614.758670
15.900000,-0.170470,0.720340,1.384280,403.433200,-350.822810,75708.640630,,3.432500,-614.758670
15.902000,-0.169190,0.739560,1.855960,403.466580,-350.822780,75942.781250,,3.433780,-614.758670
15.904000,-0.167910,0.775450,1.538090,403.499820,-350.822780,75640.078130,1.000000,3.433780,-614.758670
15.906000,-0.167910,0.802370,1.620120,403.533020,-350.822810,75878.437500,,3.433780,-614.758670
15.908000,-0.167910,0.815190,1.753420,403.566250,-350.822810,75901.648440,,3.433780,-614.758670
15.910000,-0.166630,0.821590,1.896970,403.599490,-350.822810,75913.250000,,3.433780,-614.758670
15.912000,-0.166630,0.810060,1.599610,403.632840,-350.822810,75787.734380,1.000000,3.432500,-614.758670
15.914000,-0.166630,0.801090,1.876460,403.666230,-350.822810,75633.750000,,3.433780,-614.758670
15.916000,-0.167910,0.798520,1.855960,403.699620,-350.822810,76003.945310,,3.433780,-614.758670
15.918000,-0.167910,0.788270,1.979000,403.733000,-350.822810,75563.093750,,3.433780,-614.758670
15.920000,-0.167910,0.772890,1.907230,403.766450,-350.822810,76069.335940,1.000000,3.433780,-614.758670
15.922000,-0.167910,0.747250,1.650880,403.799930,-350.822810,75949.101560,,3.433780,-614.758670
15.924000,-0.166630,0.738280,1.640630,403.833340,-350.822810,75857.343750,,3.435060,-614.758670
15.926000,-0.167910,0.754940,1.630370,403.866640,-350.822810,75821.492190,,3.433780,-614.758670
15.928000,-0.166630,0.775450,1.866210,403.899840,-350.822810,75628.476560,1.000000,3.435060,-614.758670
15.930000,-0.167910,0.784420,1.958500,403.933070,-350.822810,76052.460940,,3.436340,-614.758670
15.932000,-0.165340,0.778020,1.794430,403.966340,-350.822810,75913.250000,,3.435060,-614.758670
15.934000,-0.166630,0.784420,1.476560,403.999540,-350.822780,75893.203130,,3.432500,-614.758670
15.936000,-0.166630,0.795960,1.609860,404.032780,-350.822780,75986.023440,1.000000,3.435060,-614.758670
15.936000,-0.166630,0.795960,1.609860,404.032780,-350.822780,75986.023440,1.000000,3.435060,-614.758670
15.938000,-0.165340,0.802370,1.855960,404.066070,-350.822780,75907.968750,,3.436340,-614.758670
15.940000,-0.165340,0.797240,1.835450,404.099460,-350.822780,76014.500000,,3.432500,-614.758670
15.942000,-0.164060,0.778020,2.050780,404.132900,-350.822810,75745.546880,,3.435060,-614.758670
15.944000,-0.162780,0.760070,1.979000,404.166380,-350.822810,76123.125000,1.000000,3.433780,-614.758670
15.946000,-0.164060,0.752380,1.896970,404.199800,-350.822810,75957.539060,,3.435060,-614.758670
15.948000,-0.164060,0.769040,1.548340,404.233090,-350.822780,75842.585940,,3.435060,-614.758670
15.950000,-0.164060,0.802370,1.650880,404.266330,-350.822780,75968.093750,,3.437620,-614.758670
15.952000,-0.164060,0.819030,1.466310,404.299530,-350.822780,75950.156250,1.000000,3.438900,-614.758670
15.954000,-0.165340,0.848510,1.527830,404.332670,-350.822780,75594.726560,,3.437620,-614.758670
15.956000,-0.164060,0.867740,1.927730,404.365840,-350.822780,75872.109380,,3.437620,-614.758670
15.958000,-0.164060,0.870300,1.640630,404.399080,-350.822780,76184.296880,,3.437620,-614.758670
15.960000,-0.164060,0.849790,1.784180,404.432400,-350.822780,75832.031250,1.000000,3.437620,-614.758670
15.962000,-0.164060,0.813900,1.363770,404.465880,-350.822780,75790.898440,,3.436340,-614.758670
15.964000,-0.164060,0.779300,1.599610,404.499390,-350.822780,75728.671880,,3.436340,-614.758670
15.966000,-0.162780,0.753660,1.763670,404.532930,-350.822780,75916.414060,,3.437620,-614.758670
15.968000,-0.161500,0.735720,1.958500,404.566470,-350.822780,75730.781250,1.000000,3.435060,-614.758670
15.970000,-0.162780,0.715210,1.989260,404.600040,-350.822810,75758.203130,,3.436340,-614.758670
15.972000,-0.161500,0.707520,1.845700,404.633510,-350.822810,75864.726560,,3.438900,-614.758670
15.974000,-0.164060,0.721620,1.784180,404.666900,-350.822810,75816.210940,,3.437620,-614.758670
15.976000,-0.162780,0.743410,1.661130,404.700160,-350.822810,75935.390630,1.000000,3.438900,-614.758670
15.978000,-0.162780,0.774170,1.753420,404.733310,-350.822780,75637.976560,,3.438900,-614.758670
15.980000,-0.162780,0.810060,1.681640,404.766420,-350.822780,75870.007810,,3.440190,-614.758670
15.982000,-0.162780,0.844670,1.876460,404.799470,-350.822780,75856.289060,,3.440190,-614.758670
15.984000,-0.162780,0.853640,1.630370,404.832580,-350.822780,75830.984380,1.000000,3.440190,-614.758670
15.986000,-0.162780,0.865170,1.558590,404.865690,-350.822780,75738.171880,,3.440190,-614.758670
15.988000,-0.161500,0.854920,1.497070,404.898990,-350.822780,75931.179690,,3.438900,-614.758670
15.990000,-0.161500,0.826720,1.456050,404.932400,-350.822780,76122.070310,,3.437620,-614.758670
15.992000,-0.161500,0.779300,1.784180,404.965910,-350.822780,75803.554690,1.000000,3.436340,-614.758670
15.994000,-0.161500,0.725460,2.071290,404.999540,-350.822810,76064.062500,,3.438900,-614.758670
15.996000,-0.161500,0.704960,1.937990,405.033110,-350.822810,75878.437500,,3.438900,-614.758670
15.998000,-0.160220,0.715210,1.968750,405.066500,-350.822780,76010.273440,,3.437620,-614.758670
16.000000,-0.160220,0.724180,1.589360,405.099850,-350.822780,75789.843750,1.000000,3.440190,-614.758670
16.000000,-0.160220,0.724180,1.589360,405.099850,-350.822780,75789.843750,1.000000,3.440190,-614.758670
16.002000,-0.161500,0.728030,1.599610,405.133210,-350.822780,75875.273440,,3.440190,-614.758670
16.004000,-0.161500,0.743410,1.722660,405.166500,-350.822780,76179.031250,,3.441470,-614.758670
16.006000,-0.161500,0.760070,2.071290,405.199740,-350.822780,76001.843750,,3.442750,-614.758670
16.008000,-0.160220,0.781860,1.927730,405.232910,-350.822780,76175.867190,1.000000,3.441470,-614.758670
16.010000,-0.160220,0.801090,1.784180,405.266050,-350.822780,75913.250000,,3.441470,-614.758670
16.012000,-0.160220,0.808780,1.353520,405.299260,-350.822780,76012.390630,,3.440190,-614.758670
16.014000,-0.160220,0.817750,1.333010,405.332490,-350.822780,75858.406250,,3.440190,-614.758670
16.016000,-0.160220,0.798520,1.568850,405.365840,-350.822780,75898.484380,1.000000,3.440190,-614.758670
16.018000,-0.157650,0.786990,1.384280,405.399230,-350.822780,76118.914060,,3.438900,-614.758670
16.020000,-0.160220,0.774170,1.763670,405.432590,-350.822780,75848.906250,,3.438900,-614.758670
16.022000,-0.158940,0.757510,1.681640,405.466000,-350.822780,75899.531250,,3.440190,-614.758670
16.024000,-0.157650,0.734440,2.040530,405.499450,-350.822780,75643.242190,1.000000,3.441470,-614.758670
16.026000,-0.157650,0.717770,1.486820,405.532870,-350.822780,75957.539060,,3.441470,-614.758670
16.028000,-0.157650,0.725460,1.558590,405.566190,-350.822780,75840.476560,,3.442750,-614.758670
16.030000,-0.157650,0.751100,1.671390,405.599460,-350.822780,75810.937500,,3.442750,-614.758670
16.032000,-0.158940,0.783140,1.907230,405.632600,-350.822750,75805.664060,1.000000,3.442750,-614.758670
16.034000,-0.158940,0.802370,1.989260,405.665770,-350.822750,75723.406250,,3.444030,-614.758670
16.036000,-0.158940,0.813900,1.712400,405.699010,-350.822780,75984.960940,,3.444030,-614.758670
16.038000,-0.156370,0.804930,1.589360,405.732330,-350.822780,75567.304690,,3.442750,-614.758670
16.040000,-0.158940,0.788270,1.558590,405.765720,-350.822780,76080.937500,1.000000,3.440190,-614.758670
16.042000,-0.158940,0.779300,1.527830,405.799130,-350.822780,75952.265630,,3.441470,-614.758670
16.044000,-0.157650,0.783140,1.917480,405.832490,-350.822780,75899.531250,,3.441470,-614.758670
16.046000,-0.157650,0.806210,1.732910,405.865780,-350.822780,75856.289060,,3.441470,-614.758670
16.048000,-0.155090,0.807500,1.640630,405.899080,-350.822780,75819.375000,1.000000,3.442750,-614.758670
16.050000,-0.155090,0.799800,1.507320,405.932400,-350.822780,75949.101560,,3.442750,-614.758670
16.052000,-0.156370,0.797240,1.927730,405.965700,-350.822780,75827.820310,,3.442750,-614.758610
16.054000,-0.155090,0.793400,1.804690,405.999020,-350.822780,75914.296880,,3.444030,-614.758610
16.056000,-0.156370,0.779300,1.989260,406.032380,-350.822780,75904.804690,1.000000,3.445310,-614.758670
16.058000,-0.156370,0.763920,2.214840,406.065730,-350.822780,76177.976560,,3.445310,-614.758610
16.060000,-0.156370,0.757510,1.691890,406.099090,-350.822750,75819.375000,,3.444030,-614.758610
16.062000,-0.156370,0.744690,1.896970,406.132510,-350.822750,75943.835940,,3.445310,-614.758610
16.064000,-0.155090,0.721620,1.415040,406.165990,-350.822780,76078.828130,1.000000,3.444030,-614.758610
16.066000,-0.155090,0.697270,1.599610,406.199460,-350.822780,75876.328130,,3.445310,-614.758670
16.068000,-0.155090,0.692140,1.650880,406.232910,-350.822780,76152.656250,,3.444030,-614.758670
16.070000,-0.156370,0.694700,1.845700,406.266270,-350.822780,75887.929690,,3.444030,-614.758610
16.072000,-0.155090,0.694700,1.948240,406.299620,-350.822780,75981.796880,1.000000,3.445310,-614.758610
16.074000,-0.153810,0.699830,1.548340,406.332890,-350.822780,75909.031250,,3.444030,-614.758610
16.076000,-0.153810,0.731870,1.538090,406.366060,-350.822780,75825.710940,,3.446590,-614.758610
16.078000,-0.153810,0.761350,1.445800,406.399140,-350.822750,76191.687500,,3.445310,-614.758610
16.080000,-0.153810,0.803650,1.814940,406.432190,-350.822750,75759.257810,1.000000,3.446590,-614.758610
16.082000,-0.155090,0.824160,2.071290,406.465240,-350.822750,75969.148440,,3.447880,-614.758610
16.084000,-0.152530,0.820310,2.071290,406.498440,-350.822780,75584.179690,,3.446590,-614.758610
16.086000,-0.151250,0.797240,1.927730,406.531770,-350.822780,75981.796880,,3.446590,-614.758610
16.088000,-0.152530,0.749820,1.722660,406.565220,-350.822750,75867.898440,1.000000,3.445310,-614.758610
16.090000,-0.153810,0.710080,1.732910,406.598720,-350.822750,75859.453130,,3.446590,-614.758610
16.092000,-0.152530,0.692140,1.517580,406.632230,-350.822750,75821.492190,,3.446590,-614.758610
16.094000,-0.153810,0.693420,1.784180,406.665650,-350.822750,75703.359380,,3.446590,-614.758610
16.096000,-0.153810,0.699830,1.876460,406.699010,-350.822780,75926.953130,1.000000,3.447880,-614.758610
16.098000,-0.152530,0.711360,1.702150,406.732300,-350.822780,75624.257810,,3.446590,-614.758610
16.100000,-0.152530,0.730590,1.538090,406.765560,-350.822780,75914.296880,,3.449160,-614.758610
16.102000,-0.152530,0.740840,1.538090,406.798800,-350.822780,75951.210940,,3.445310,-614.758610
16.104000,-0.152530,0.763920,1.630370,406.831970,-350.822750,75870.007810,1.000000,3.447880,-614.758610
16.106000,-0.152530,0.794680,1.712400,406.865110,-350.822750,75736.062500,,3.447880,-614.758610
16.108000,-0.152530,0.830570,2.214840,406.898160,-350.822750,75725.507810,,3.447880,-614.758610
16.110000,-0.151250,0.820310,1.989260,406.931400,-350.822750,76053.515630,,3.447880,-614.758610
16.112000,-0.152530,0.799800,1.979000,406.964780,-350.822750,75873.171880,1.000000,3.447880,-614.758610
16.114000,-0.151250,0.762630,1.743160,406.998260,-350.822750,75829.921880,,3.447880,-614.758610
16.116000,-0.151250,0.734440,1.568850,407.031740,-350.822780,75976.523440,,3.447880,-614.758610
16.118000,-0.151250,0.712650,1.855960,407.065220,-350.822750,75965.976560,,3.447880,-614.758610
16.120000,-0.151250,0.684450,2.132810,407.098720,-350.822750,75855.242190,1.000000,3.449160,-614.758610
16.122000,-0.151250,0.651120,1.866210,407.132230,-350.822750,75771.914060,,3.449160,-614.758610
16.124000,-0.149960,0.646000,1.855960,407.165620,-350.822750,76174.812500,,3.450440,-614.758610
16.126000,-0.149960,0.672910,1.333010,407.198880,-350.822750,75976.523440,,3.449160,-614.758610
16.128000,-0.149960,0.708800,1.435550,407.232090,-350.822750,75777.195310,1.000000,3.449160,-614.758610
16.130000,-0.149960,0.737000,1.456050,407.265230,-350.822750,75903.750000,,3.451720,-614.758610
16.132000,-0.149960,0.751100,1.620120,407.298400,-350.822750,75959.656250,,3.449160,-614.758610
16.132000,-0.149960,0.751100,1.620120,407.298400,-350.822750,75959.656250,,3.449160,-614.758610
16.134000,-0.149960,0.749820,1.773930,407.331600,-350.822750,75697.039060,,3.449160,-614.758610
16.136000,-0.151250,0.751100,1.896970,407.364840,-350.822750,75760.312500,1.000000,3.449160,-614.758610
16.138000,-0.149960,0.745970,1.886720,407.398160,-350.822750,76193.796880,,3.447880,-614.758610
16.140000,-0.149960,0.754940,1.589360,407.431460,-350.822750,75733.953130,,3.447880,-614.758610
16.142000,-0.149960,0.757510,1.671390,407.464750,-350.822750,75839.421880,,3.450440,-614.758610
16.144000,-0.149960,0.754940,1.609860,407.498050,-350.822780,75633.750000,1.000000,3.450440,-614.758610
16.146000,-0.149960,0.743410,1.825200,407.531400,-350.822780,75883.718750,,3.450440,-614.758610
16.148000,-0.149960,0.728030,2.009770,407.564790,-350.822750,75669.609380,,3.450440,-614.758610
16.150000,-0.148680,0.706240,1.763670,407.598210,-350.822750,75853.132810,,3.450440,-614.758610
16.152000,-0.148680,0.681880,1.763670,407.631650,-350.822750,75895.320310,1.000000,3.451720,-614.758610
16.154000,-0.148680,0.681880,1.517580,407.665040,-350.822750,75823.601560,,3.451720,-614.758610
16.156000,-0.149960,0.695980,1.425290,407.698300,-350.822750,76001.843750,,3.453000,-614.758610
16.158000,-0.147400,0.711360,1.835450,407.731540,-350.822750,75562.039060,,3.451720,-614.758610
16.160000,-0.148680,0.712650,1.732910,407.764860,-350.822750,76014.500000,1.000000,3.450440,-614.758610
16.162000,-0.147400,0.697270,1.743160,407.798250,-350.822750,75812.000000,,3.450440,-614.758610
16.164000,-0.147400,0.685730,1.630370,407.831630,-350.822750,75868.945310,,3.450440,-614.758610
16.166000,-0.147400,0.684450,1.845700,407.864990,-350.822750,75812.000000,,3.450440,-614.758610
16.168000,-0.146120,0.689580,1.773930,407.898280,-350.822750,75909.031250,1.000000,3.450440,-614.758610
16.170000,-0.147400,0.697270,1.835450,407.931580,-350.822750,76121.023440,,3.451720,-614.758610
16.172000,-0.147400,0.692140,1.989260,407.964900,-350.822750,75824.656250,,3.453000,-614.758610
16.174000,-0.147400,0.704960,1.958500,407.998140,-350.822750,76124.187500,,3.451720,-614.758610
16.176000,-0.147400,0.728030,1.825200,408.031340,-350.822750,75783.515630,1.000000,3.454280,-614.758610
16.178000,-0.146120,0.744690,1.866210,408.064510,-350.822750,75981.796880,,3.451720,-614.758610
16.180000,-0.146120,0.756230,1.394530,408.097690,-350.822750,75874.218750,,3.454280,-614.758610
16.182000,-0.147400,0.757510,1.599610,408.130920,-350.822750,75919.578130,,3.453000,-614.758610
16.184000,-0.146120,0.738280,1.794430,408.164220,-350.822750,76208.554690,1.000000,3.454280,-614.758610
16.186000,-0.146120,0.726750,2.009770,408.197540,-350.822750,75947.000000,,3.454280,-614.758610
16.188000,-0.144840,0.729310,1.620120,408.230900,-350.822750,76009.218750,,3.451720,-614.758610
16.190000,-0.144840,0.742130,1.548340,408.264190,-350.822750,76023.984380,,3.451720,-614.758610
16.192000,-0.143550,0.744690,1.630370,408.297580,-350.822750,75993.398440,1.000000,3.453000,-614.758610
16.194000,-0.144840,0.734440,1.650880,408.330990,-350.822750,75883.718750,,3.451720,-614.758610
16.196000,-0.146120,0.726750,1.948240,408.364410,-350.822750,75844.687500,,3.453000,-614.758610
16.198000,-0.143550,0.717770,1.917480,408.397830,-350.822750,76104.140630,,3.453000,-614.758610
16.200000,-0.144840,0.716490,2.153320,408.431210,-350.822750,75839.421880,1.000000,3.454280,-614.758610
16.202000,-0.144840,0.734440,1.753420,408.464510,-350.822750,75849.960940,,3.456850,-614.758610
16.204000,-0.144840,0.748540,1.743160,408.497740,-350.822750,75647.468750,,3.456850,-614.758610
16.206000,-0.144840,0.765200,1.579100,408.531010,-350.822720,75898.484380,,3.456850,-614.758610
16.208000,-0.144840,0.767760,1.435550,408.564210,-350.822750,75883.718750,1.000000,3.455570,-614.758610
16.210000,-0.144840,0.756230,1.835450,408.597530,-350.822750,75938.562500,,3.455570,-614.758610
16.212000,-0.144840,0.735720,1.650880,408.630890,-350.822750,75805.664060,,3.454280,-614.758610
16.214000,-0.144840,0.720340,1.835450,408.664280,-350.822750,75821.492190,,3.454280,-614.758610
16.216000,-0.144840,0.695980,1.558590,408.697690,-350.822750,75888.992190,1.000000,3.454280,-614.758610
16.218000,-0.143550,0.667790,1.538090,408.731140,-350.822750,75668.554690,,3.454280,-614.758610
16.220000,-0.144840,0.662660,1.609860,408.764560,-350.822750,75839.421880,,3.453000,-614.758610
16.222000,-0.143550,0.651120,1.937990,408.797910,-350.822750,75960.703130,,3.455570,-614.758610
16.224000,-0.143550,0.621640,2.020020,408.831120,-350.822750,75847.851560,1.000000,3.455570,-614.758610
16.226000,-0.143550,0.578060,1.937990,408.864110,-350.822750,75703.359380,,3.456850,-614.758610
16.228000,-0.142270,0.513980,1.876460,408.896700,-350.822750,76006.054690,,3.456850,-614.758610
16.230000,-0.142270,0.431950,1.589360,408.928710,-350.822750,75947.000000,,3.456850,-614.758610
16.232000,-0.142270,0.346070,1.937990,408.959960,-350.822750,75891.093750,1.000000,3.459410,-614.758610
16.234000,-0.143550,0.255070,1.948240,408.990260,-350.822720,76042.976560,,3.459410,-614.758610
16.236000,-0.144840,0.152530,1.845700,409.019440,-350.822720,75881.609380,,3.460690,-614.758610
16.238000,-0.143550,0.056400,2.030270,409.047360,-350.822720,76165.312500,,3.460690,-614.758610
16.240000,-0.142270,-0.033330,1.404790,409.073760,-350.822720,75825.710940,1.000000,3.459410,-614.758610
16.242000,-0.142270,-0.140990,1.579100,409.098570,-350.822720,75842.585940,,3.460690,-614.758610
16.244000,-0.140990,-0.246090,1.415040,409.121550,-350.822720,76046.132810,,3.459410,-614.758610
16.246000,-0.140990,-0.348630,1.620120,409.142550,-350.822720,75989.187500,,3.459410,-614.758610
16.248000,-0.139710,-0.439640,1.896970,409.161440,-350.822750,76017.664060,1.000000,3.459410,-614.758610
16.250000,-0.138430,-0.515260,1.999510,409.178100,-350.822750,75762.421880,,3.460690,-614.758610
16.250000,-0.138430,-0.515260,1.999510,409.178100,-350.822750,75762.421880,,3.460690,-614.758610
16.252000,-0.137150,-0.570370,1.958500,409.192540,-350.822720,76025.039060,,3.461980,-614.758610
16.254000,-0.137150,-0.581910,1.650880,409.204710,-350.822720,75943.835940,,3.461980,-614.758610
16.256000,-0.137150,-0.552430,1.825200,409.214810,-350.822720,75809.890630,1.000000,3.464540,-614.758610
16.258000,-0.135860,-0.489620,1.445800,409.222960,-350.822720,76035.593750,,3.464540,-614.758610
16.260000,-0.135860,-0.416560,1.907230,409.229460,-350.822690,75812.000000,,3.464540,-614.758540
16.262000,-0.135860,-0.331970,2.061040,409.234500,-350.822690,76003.945310,,3.464540,-614.758540
16.264000,-0.133300,-0.242250,1.979000,409.238280,-350.822690,75644.296880,1.000000,3.461980,-614.758540
16.266000,-0.133300,-0.143550,1.538090,409.241030,-350.822720,75925.906250,,3.461980,-614.758540
16.268000,-0.133300,-0.049990,1.363770,409.242920,-350.822720,75929.070310,,3.459410,-614.758540
16.270000,-0.132020,0.029480,1.589360,409.244110,-350.822720,75912.195310,,3.460690,-614.758540
16.272000,-0.133300,0.128170,1.579100,409.244870,-350.822720,75802.500000,1.000000,3.459410,-614.758540
16.274000,-0.132020,0.208920,1.794430,409.245360,-350.822720,75720.242190,,3.458130,-614.758540
16.276000,-0.133300,0.283260,1.814940,409.245640,-350.822720,75942.781250,,3.458130,-614.758540
16.278000,-0.132020,0.357600,1.712400,409.245880,-350.822720,75596.835940,,3.459410,-614.758540
16.280000,-0.132020,0.426820,1.989260,409.246190,-350.822720,76073.554690,1.000000,3.458130,-614.758540
16.282000,-0.133300,0.478090,1.538090,409.246580,-350.822720,75924.851560,,3.458130,-614.758540
16.284000,-0.132020,0.516540,2.040530,409.247070,-350.822720,75920.625000,,3.460690,-614.758540
16.286000,-0.133300,0.551150,1.784180,409.247650,-350.822750,75835.195310,,3.459410,-614.758540
16.288000,-0.133300,0.584470,2.091800,409.248230,-350.822720,75556.757810,1.000000,3.458130,-614.758540
16.290000,-0.132020,0.625490,1.927730,409.248810,-350.822720,75968.093750,,3.459410,-614.758610
16.292000,-0.132020,0.667790,1.794430,409.249390,-350.822720,75868.945310,,3.460690,-614.758540
16.294000,-0.132020,0.707520,1.589360,409.249970,-350.822720,75956.492190,,3.459410,-614.758610
16.296000,-0.132020,0.745970,1.435550,409.250550,-350.822720,76027.156250,1.000000,3.460690,-614.758610
16.298000,-0.130740,0.779300,1.917480,409.251130,-350.822720,75974.421880,,3.461980,-614.758610
16.300000,-0.132020,0.806210,1.927730,409.251740,-350.822720,75929.070310,,3.460690,-614.758540
16.302000,-0.129460,0.824160,1.650880,409.252380,-350.822720,75757.148440,,3.460690,-614.758540
16.304000,-0.128170,0.834410,1.589360,409.253050,-350.822720,76129.460940,1.000000,3.463260,-614.758540
16.306000,-0.128170,0.836980,1.650880,409.253720,-350.822720,75875.273440,,3.463260,-614.758540
16.308000,-0.126890,0.829280,1.794430,409.254430,-350.822720,75841.523440,,3.464540,-614.758540
16.310000,-0.126890,0.807500,1.927730,409.255190,-350.822720,76018.710940,,3.464540,-614.758540
16.312000,-0.128170,0.774170,2.030270,409.255950,-350.822720,75887.929690,1.000000,3.465820,-614.758540
16.314000,-0.128170,0.740840,2.091800,409.256710,-350.822720,75794.070310,,3.467100,-614.758540
16.316000,-0.126890,0.710080,1.753420,409.257390,-350.822720,75802.500000,,3.464540,-614.758540
16.318000,-0.126890,0.676760,1.579100,409.258030,-350.822720,76108.359380,,3.467100,-614.758540
16.320000,-0.126890,0.635740,1.609860,409.258610,-350.822720,75781.414060,1.000000,3.464540,-614.758540
16.322000,-0.126890,0.589600,1.517580,409.259160,-350.822720,75997.625000,,3.464540,-614.758540
16.324000,-0.119200,0.547300,1.753420,409.259610,-350.822720,75686.484380,,3.463260,-614.758540
16.326000,-0.088440,0.513980,1.712400,409.259980,-350.822720,75957.539060,,3.464540,-614.758480
16.328000,-0.007690,0.489620,1.927730,409.260220,-350.822720,75765.593750,1.000000,3.463260,-614.758300
16.330000,0.161500,0.463990,1.568850,409.260380,-350.822720,75822.546880,,3.461980,-614.757870
16.332000,0.422970,0.438350,1.374020,409.260500,-350.822720,75786.679690,,3.461980,-614.756770
16.334000,0.783140,0.410160,1.702150,409.260590,-350.822720,75836.257810,,3.461980,-614.755070
16.336000,1.163820,0.387080,1.753420,409.260590,-350.822720,75890.039060,1.000000,3.463260,-614.751950
16.338000,1.506040,0.366580,2.009770,409.260560,-350.822720,75550.437500,,3.460690,-614.746830
16.340000,1.763670,0.342220,1.999510,409.260500,-350.822720,75906.914060,,3.461980,-614.739010
16.342000,1.916200,0.317870,1.979000,409.260440,-350.822720,75964.921880,,3.463260,-614.728030
16.344000,1.972600,0.294800,1.620120,409.260380,-350.822720,75863.671880,1.000000,3.463260,-614.713560
16.346000,1.923890,0.271730,1.804690,409.260310,-350.822720,75695.984380,,3.463260,-614.695620
16.348000,1.800840,0.248660,1.814940,409.260220,-350.822720,75987.078130,,3.463260,-614.674190
16.350000,1.636780,0.228150,1.763670,409.260160,-350.822720,76040.867190,,3.463260,-614.649840
16.352000,1.449650,0.210210,2.061040,409.260070,-350.822720,75919.578130,1.000000,3.461980,-614.622920
16.354000,1.263790,0.190980,1.517580,409.259980,-350.822720,76034.531250,,3.460690,-614.593930
16.356000,1.038210,0.178160,1.702150,409.259860,-350.822720,75902.695310,,3.459410,-614.563230
16.358000,0.915160,0.169190,1.661130,409.259700,-350.822720,76098.867190,,3.458130,-614.531620
16.360000,0.767760,0.161500,1.445800,409.259580,-350.822720,75819.375000,1.000000,3.456850,-614.499020
16.362000,0.602420,0.157650,1.814940,409.259460,-350.822720,75882.664060,,3.456850,-614.465880
16.364000,0.515260,0.161500,1.835450,409.259310,-350.822750,76094.648440,,3.458130,-614.432740
16.366000,0.457580,0.166630,2.102050,409.259160,-350.822720,76009.218750,,3.459410,-614.399780
16.368000,0.384520,0.164060,1.558590,409.259060,-350.822720,75764.539060,1.000000,3.459410,-614.366820
16.370000,0.370420,0.164060,1.784180,409.258970,-350.822720,75819.375000,,3.460690,-614.334230
16.372000,0.385800,0.162780,1.661130,409.258910,-350.822720,75919.578130,,3.463260,-614.301880
16.374000,0.425540,0.162780,1.732910,409.258880,-350.822720,75934.335940,,3.461980,-614.269650
16.376000,0.480650,0.167910,2.061040,409.258820,-350.822720,75896.375000,1.000000,3.464540,-614.237610
16.378000,0.556270,0.171750,1.825200,409.258790,-350.822720,76088.328130,,3.461980,-614.205630
16.380000,0.606260,0.175600,1.712400,409.258760,-350.822720,75860.507810,,3.461980,-614.173400
16.382000,0.607540,0.175600,1.374020,409.258730,-350.822720,75894.257810,,3.461980,-614.140990
16.384000,0.613950,0.176880,1.456050,409.258730,-350.822720,75633.750000,1.000000,3.461980,-614.108340
16.386000,0.610110,0.176880,1.568850,409.258730,-350.822720,75879.492190,,3.461980,-614.075620
16.388000,0.592160,0.175600,1.476560,409.258730,-350.822720,75780.351560,,3.461980,-614.042660
16.390000,0.588320,0.173030,1.753420,409.258760,-350.822720,75916.414060,,3.461980,-614.009640
16.392000,0.587040,0.169190,1.681640,409.258760,-350.822720,75835.195310,1.000000,3.461980,-613.976620
16.394000,0.565250,0.167910,2.081540,409.258760,-350.822720,75784.578130,,3.460690,-613.943420
16.396000,0.542180,0.162780,1.681640,409.258790,-350.822720,75950.156250,,3.461980,-613.910280
16.398000,0.525510,0.158940,1.753420,409.258790,-350.822720,75493.476560,,3.463260,-613.877080
16.400000,0.501160,0.153810,1.835450,409.258790,-350.822720,76017.664060,1.000000,3.463260,-613.843810
16.402000,0.488340,0.148680,1.907230,409.258760,-350.822720,75825.710940,,3.463260,-613.810490
16.404000,0.479370,0.140990,1.979000,409.258790,-350.822720,75817.265630,,3.464540,-613.777220
16.406000,0.493470,0.133300,1.691890,409.258790,-350.822720,75775.078130,,3.464540,-613.744080
16.408000,0.508850,0.125610,1.794430,409.258790,-350.822720,75945.937500,1.000000,3.464540,-613.711000
16.410000,0.506290,0.115360,1.558590,409.258790,-350.822720,76081.992190,,3.463260,-613.677800
16.412000,0.511410,0.107670,1.691890,409.258790,-350.822720,75852.078130,,3.463260,-613.644590
16.414000,0.517820,0.097410,1.999510,409.258760,-350.822720,76372.031250,,3.461980,-613.611390
16.416000,0.531920,0.088440,1.702150,409.258730,-350.822720,75893.203130,1.000000,3.461980,-613.578250
16.418000,0.540890,0.075620,1.804690,409.258700,-350.822720,75979.687500,,3.460690,-613.545040
16.420000,0.549870,0.065370,1.548340,409.258670,-350.822720,75745.546880,,3.459410,-613.511900
16.422000,0.553710,0.057680,1.958500,409.258640,-350.822720,75864.726560,,3.458130,-613.478700
16.424000,0.547300,0.046140,1.855960,409.258640,-350.822720,76076.718750,1.000000,3.459410,-613.445370
16.426000,0.540890,0.041020,2.081540,409.258580,-350.822720,75827.820310,,3.460690,-613.412110
16.428000,0.530640,0.033330,1.989260,409.258540,-350.822720,76117.859380,,3.460690,-613.378720
16.430000,0.522950,0.028200,1.866210,409.258510,-350.822720,75820.429690,,3.461980,-613.345280
16.430000,0.522950,0.028200,1.866210,409.258510,-350.822720,75820.429690,,3.461980,-613.345280
16.432000,0.499880,0.021790,1.855960,409.258480,-350.822720,75958.601560,1.000000,3.463260,-613.311830
16.434000,0.472960,0.016660,1.445800,409.258420,-350.822720,75830.984380,,3.461980,-613.278380
16.436000,0.461430,0.019230,1.671390,409.258360,-350.822720,75752.929690,,3.461980,-613.245000
16.438000,0.480650,0.017940,1.558590,409.258300,-350.822720,76129.460940,,3.461980,-613.211670
16.440000,0.524230,0.021790,1.845700,409.258240,-350.822720,75904.804690,1.000000,3.461980,-613.178530
16.442000,0.548580,0.025630,1.886720,409.258180,-350.822720,75935.390630,,3.461980,-613.145390
16.444000,0.569090,0.030760,1.661130,409.258090,-350.822720,75655.898440,,3.461980,-613.112240
16.446000,0.572940,0.038450,1.466310,409.258030,-350.822720,75933.281250,,3.461980,-613.079040
16.448000,0.560120,0.041020,1.538090,409.257970,-350.822720,75928.015630,1.000000,3.463260,-613.045780
16.450000,0.553710,0.044860,1.866210,409.257930,-350.822720,75800.398440,,3.461980,-613.012450
16.452000,0.560120,0.048710,1.855960,409.257900,-350.822720,75802.500000,,3.463260,-612.979130
16.454000,0.567810,0.047420,2.194340,409.257900,-350.822720,75707.585940,,3.463260,-612.945800
16.456000,0.558840,0.052550,1.968750,409.257900,-350.822720,76020.820310,1.000000,3.463260,-612.912410
16.458000,0.539610,0.051270,1.743160,409.257900,-350.822720,75605.281250,,3.463260,-612.878970
16.460000,0.513980,0.053830,1.814940,409.257900,-350.822720,75898.484380,,3.461980,-612.845460
16.462000,0.492190,0.056400,1.794430,409.257900,-350.822720,75823.601560,,3.461980,-612.811950
16.464000,0.485780,0.056400,1.732910,409.257900,-350.822720,75919.578130,1.000000,3.461980,-612.778500
16.466000,0.484500,0.058960,1.979000,409.257900,-350.822720,75746.601560,,3.461980,-612.745120
16.468000,0.490910,0.057680,1.722660,409.257930,-350.822720,75631.648440,,3.460690,-612.711730
16.470000,0.492190,0.058960,1.661130,409.257930,-350.822720,75983.914060,,3.461980,-612.678410
16.472000,0.501160,0.057680,1.691890,409.257970,-350.822720,75910.085940,1.000000,3.460690,-612.645140
16.474000,0.499880,0.057680,1.486820,409.257970,-350.822720,76029.265630,,3.460690,-612.611820
16.476000,0.508850,0.057680,1.784180,409.257970,-350.822720,75840.476560,,3.461980,-612.578550
16.478000,0.522950,0.055110,2.143070,409.257970,-350.822720,76065.117190,,3.461980,-612.545230
16.480000,0.521670,0.053830,2.030270,409.257970,-350.822720,75856.289060,1.000000,3.461980,-612.511900
16.482000,0.505000,0.052550,1.876460,409.257970,-350.822720,75771.914060,,3.461980,-612.478580
16.484000,0.498600,0.051270,1.743160,409.257970,-350.822720,75992.343750,,3.463260,-612.445190
16.486000,0.502440,0.051270,1.661130,409.257970,-350.822720,75829.921880,,3.461980,-612.411870
16.488000,0.520390,0.046140,1.866210,409.257930,-350.822720,76339.335940,1.000000,3.460690,-612.378600
16.490000,0.539610,0.042300,2.132810,409.257970,-350.822720,75784.578130,,3.461980,-612.345340
16.492000,0.553710,0.039730,1.937990,409.257970,-350.822720,75926.953130,,3.467100,-612.312070
16.494000,0.557560,0.037170,1.773930,409.257930,-350.822720,75947.000000,,3.456850,-612.278810
16.496000,0.548580,0.041020,1.589360,409.257930,-350.822690,75871.062500,1.000000,3.465820,-612.245420
16.498000,0.528080,0.029480,1.456050,409.257930,-350.822690,76072.507810,,3.451720,-612.212040
16.500000,0.530640,0.026920,1.681640,409.257930,-350.822720,75775.078130,,3.476070,-612.178650
16.500000,0.530640,0.026920,1.681640,409.257930,-350.822720,75775.078130,,3.476070,-612.178650
16.502000,0.546020,0.026920,1.650880,409.257930,-350.822750,76112.578130,,3.451720,-612.145320
16.504000,0.563960,0.028200,1.917480,409.257870,-350.822720,75685.429690,1.000000,3.467100,-612.111940
16.506000,0.548580,0.026920,1.896970,409.257870,-350.822690,75845.742190,,3.451720,-612.078550
16.508000,0.537050,0.020510,2.276370,409.257870,-350.822690,75705.476560,,3.458130,-612.045170
16.510000,0.520390,0.015380,1.825200,409.257900,-350.822720,75844.687500,,3.474790,-612.011720
16.512000,0.510130,0.016660,1.671390,409.257870,-350.822780,75812.000000,1.000000,3.453000,-611.978270
16.514000,0.517820,0.023070,1.958500,409.257810,-350.822690,75698.085940,,3.474790,-611.944950
16.516000,0.535770,0.024350,2.102050,409.257810,-350.822660,75997.625000,,3.440190,-611.911620
16.518000,0.529360,0.015380,2.317380,409.257810,-350.822660,75448.125000,,3.464540,-611.878300
16.520000,0.519100,0.011540,1.958500,409.257840,-350.822780,75958.601560,1.000000,3.478640,-611.844970
16.522000,0.520390,0.023070,1.845700,409.257810,-350.822750,75953.328130,,3.449160,-611.811580
16.524000,0.521670,0.024350,1.568850,409.257690,-350.822720,75810.937500,,3.454280,-611.778260
16.526000,0.540890,0.038450,1.917480,409.257720,-350.822630,75779.304690,,3.458130,-611.744870
16.528000,0.521670,0.011540,2.030270,409.257750,-350.822750,75963.867190,1.000000,3.442750,-611.711430
16.530000,0.483220,0.030760,1.876460,409.257750,-350.822780,76130.515630,,3.506840,-611.677860
16.532000,0.466550,0.025630,1.927730,409.257720,-350.822720,75928.015630,,3.409420,-611.644350
16.534000,0.476810,0.048710,1.661130,409.257660,-350.822690,75774.023440,,3.490170,-611.611020
16.534000,0.476810,0.048710,1.661130,409.257660,-350.822690,75774.023440,,3.490170,-611.611020
16.536000,0.483220,0.034610,2.317380,409.257690,-350.822630,75918.515630,1.000000,3.426090,-611.577640
16.538000,0.484500,0.030760,2.163570,409.257750,-350.822780,75996.562500,,3.470950,-611.544310
16.540000,0.507570,0.033330,2.204590,409.257780,-350.822750,75897.429690,,3.487610,-611.511050
16.542000,0.534480,0.041020,1.989260,409.257750,-350.822810,75883.718750,,3.433780,-611.477910
16.544000,0.543460,0.065370,2.194340,409.257630,-350.822660,76127.343750,1.000000,3.490170,-611.444760
16.546000,0.556270,0.029480,2.317380,409.257750,-350.822540,75921.679690,,3.404300,-611.411560
16.548000,0.551150,0.023070,1.866210,409.257840,-350.822750,75842.585940,,3.513240,-611.378300
16.550000,0.566530,0.038450,1.702150,409.257750,-350.822810,75890.039060,,3.464540,-611.345030
16.552000,0.584470,0.047420,1.825200,409.257750,-350.822690,75916.414060,1.000000,3.419680,-611.311770
16.554000,0.580630,0.056400,2.173830,409.257600,-350.822660,75919.578130,,3.454280,-611.278380
16.556000,0.540890,0.015380,2.327640,409.257840,-350.822540,75969.148440,,3.449160,-611.244870
16.558000,0.505000,0.020510,1.784180,409.257810,-350.822940,75950.156250,,3.478640,-611.211240
16.560000,0.479370,0.033330,1.702150,409.257750,-350.822660,75921.679690,1.000000,3.454280,-611.177670
16.562000,0.470400,0.033330,1.814940,409.257660,-350.822750,76002.890630,,3.419680,-611.144040
16.564000,0.480650,0.042300,2.266110,409.257630,-350.822600,75519.851560,,3.468380,-611.110660
16.566000,0.496030,0.005130,2.378910,409.257810,-350.822570,75726.562500,,3.420960,-611.077270
16.568000,0.475520,0.007690,2.348140,409.257810,-350.822880,75886.875000,1.000000,3.479920,-611.043820
16.570000,0.472960,0.016660,2.194340,409.257780,-350.822720,75973.359380,,3.450440,-611.010620
16.572000,0.508850,0.028200,1.896970,409.257630,-350.822810,75682.265630,,3.406860,-610.977360
16.574000,0.525510,0.028200,2.491700,409.257600,-350.822420,75717.070310,,3.435060,-610.944150
16.576000,0.520390,-0.023070,2.071290,409.257810,-350.822660,75886.875000,1.000000,3.440190,-610.910830
16.578000,0.515260,-0.001280,2.071290,409.257780,-350.822940,75671.718750,,3.508120,-610.877620
16.580000,0.529360,0.021790,1.979000,409.257570,-350.822690,75928.015630,,3.426090,-610.844420
16.582000,0.549870,0.033330,2.255860,409.257540,-350.822600,75794.070310,,3.418400,-610.811160
16.584000,0.543460,-0.005130,2.368650,409.257600,-350.822600,75976.523440,1.000000,3.419680,-610.777830
16.586000,0.519100,-0.015380,2.081540,409.257780,-350.822750,75871.062500,,3.518370,-610.744380
16.588000,0.508850,0.005130,1.948240,409.257660,-350.822940,75981.796880,,3.423520,-610.710940
16.590000,0.521670,0.021790,1.845700,409.257540,-350.822630,75747.656250,,3.455570,-610.677670
16.592000,0.542180,0.044860,2.645510,409.257350,-350.822690,75930.117190,1.000000,3.411990,-610.644290
16.594000,0.524230,0.006410,2.635250,409.257510,-350.822570,76031.375000,,3.431210,-610.610900
16.596000,0.502440,0.001280,2.471190,409.257630,-350.822780,75772.976560,,3.487610,-610.577390
16.598000,0.511410,-0.001280,2.112300,409.257600,-350.822940,76243.359380,,3.432500,-610.544010
16.600000,0.520390,0.048710,1.835450,409.257420,-350.822660,75980.742190,1.000000,3.458130,-610.510740
16.602000,0.546020,0.049990,2.758300,409.257260,-350.822600,75970.203130,,3.340210,-610.477480
16.604000,0.524230,0.008970,2.594240,409.257540,-350.822480,75836.257810,,3.451720,-610.444090
16.606000,0.496030,0.006410,2.337890,409.257600,-350.822970,75947.000000,,3.499150,-610.410640
16.608000,0.501160,0.025630,2.030270,409.257450,-350.822940,76142.109380,1.000000,3.409420,-610.377320
16.610000,0.522950,0.092290,1.825200,409.257200,-350.822660,75736.062500,,3.451720,-610.344060
16.612000,0.540890,0.041020,2.204590,409.257350,-350.822480,75793.015630,,3.360720,-610.310730
16.614000,0.507570,0.000000,2.091800,409.257600,-350.822880,75882.664060,,3.495300,-610.277280
16.616000,0.498600,0.053830,1.979000,409.257540,-350.822940,75963.867190,1.000000,3.479920,-610.243840
16.618000,0.493470,0.042300,2.020020,409.257390,-350.822810,75852.078130,,3.387630,-610.210450
16.620000,0.496030,0.117920,2.194340,409.257200,-350.822660,75666.453130,,3.477360,-610.177120
16.622000,0.503720,0.034610,2.901860,409.257390,-350.822540,75917.460940,,3.346620,-610.143800
16.624000,0.462710,0.024350,2.368650,409.257600,-350.822810,75856.289060,1.000000,3.513240,-610.110230
16.626000,0.448610,0.032040,1.999510,409.257660,-350.822940,75801.445310,,3.447880,-610.076780
16.628000,0.466550,0.052550,1.907230,409.257510,-350.822940,75601.054690,,3.463260,-610.043460
16.630000,0.496030,0.120480,2.625000,409.257260,-350.822540,75961.757810,,3.427370,-610.010190
16.632000,0.476810,0.023070,2.942870,409.257540,-350.822420,75941.726560,1.000000,3.336360,-609.976810
16.634000,0.433230,0.006410,2.573730,409.257750,-350.822910,75755.046880,,3.567080,-609.943360
16.636000,0.444760,0.055110,2.040530,409.257570,-350.823030,75845.742190,,3.414550,-609.910030
16.638000,0.488340,0.064090,1.743160,409.257320,-350.822780,75686.484380,,3.405580,-609.876890
16.640000,0.548580,0.101260,2.399410,409.257230,-350.822510,76088.328130,1.000000,3.422240,-609.843870
16.642000,0.547300,-0.011540,2.399410,409.257690,-350.822570,75764.539060,,3.379940,-609.810670
16.644000,0.538330,0.014100,2.235350,409.257660,-350.823120,75951.210940,,3.545290,-609.777340
16.646000,0.558840,0.039730,2.112300,409.257540,-350.822780,75865.789060,,3.353030,-609.744080
16.648000,0.587040,0.078190,1.917480,409.257260,-350.822780,75867.898440,1.000000,3.446590,-609.710880
16.650000,0.596010,0.065370,2.912110,409.257260,-350.822510,75782.468750,,3.388920,-609.677610
16.652000,0.548580,-0.005130,2.717290,409.257630,-350.822660,75919.578130,,3.396610,-609.644040
16.654000,0.494750,0.005130,2.204590,409.257660,-350.822970,76174.812500,,3.509400,-609.610350
16.656000,0.478090,0.016660,2.163570,409.257600,-350.822940,75907.968750,1.000000,3.383790,-609.576840
16.658000,0.497310,0.088440,2.594240,409.257170,-350.822810,76104.140630,,3.445310,-609.543460
16.660000,0.498600,0.035890,3.035160,409.257320,-350.822240,75853.132810,,3.310730,-609.510010
16.662000,0.457580,-0.042300,2.358400,409.257720,-350.822810,75937.500000,,3.479920,-609.476440
16.664000,0.435790,0.010250,1.958500,409.257540,-350.823120,75873.171880,1.000000,3.517090,-609.442990
16.666000,0.462710,0.047420,1.896970,409.257290,-350.822810,75929.070310,,3.347900,-609.409790
16.668000,0.530640,0.099980,2.522460,409.257020,-350.822630,76211.718750,,3.403020,-609.376770
16.670000,0.547300,0.000000,2.789060,409.257390,-350.822450,75918.515630,,3.365840,-609.343690
16.672000,0.526790,-0.020510,2.235350,409.257660,-350.823090,75883.718750,1.000000,3.523500,-609.310360
16.674000,0.506290,0.024350,1.855960,409.257390,-350.823000,75722.343750,,3.406860,-609.277040
16.676000,0.537050,0.062810,2.050780,409.257140,-350.822750,75984.960940,,3.395320,-609.243900
16.678000,0.579350,0.110230,2.471190,409.256900,-350.822630,75841.523440,,3.404300,-609.210630
16.680000,0.542180,0.011540,2.891600,409.257290,-350.822420,75798.281250,1.000000,3.360720,-609.177120
16.682000,0.481930,0.011540,2.666020,409.257510,-350.822970,75955.437500,,3.499150,-609.143490
16.684000,0.430660,0.017940,2.460940,409.257480,-350.822970,75736.062500,,3.413270,-609.109920
16.686000,0.440920,0.097410,2.204590,409.257110,-350.822880,75793.015630,,3.400450,-609.076480
16.688000,0.474240,0.096130,3.014650,409.257020,-350.822330,75816.210940,1.000000,3.315860,-609.043090
16.690000,0.456300,-0.008970,2.573730,409.257540,-350.822420,75880.554690,,3.410710,-609.009640
16.692000,0.447330,0.007690,2.030270,409.257570,-350.823240,75996.562500,,3.547850,-608.976320
16.694000,0.496030,0.058960,2.153320,409.257290,-350.822910,75737.117190,,3.383790,-608.943180
16.696000,0.554990,0.137150,2.460940,409.256930,-350.822660,75798.281250,1.000000,3.387630,-608.910220
16.698000,0.583190,0.051270,3.106930,409.257200,-350.822390,75630.585940,,3.333800,-608.877080
16.700000,0.539610,-0.019230,2.440430,409.257660,-350.822940,76157.929690,,3.520940,-608.843810
16.702000,0.531920,0.053830,1.927730,409.257480,-350.823180,75870.007810,,3.467100,-608.810420
16.704000,0.539610,0.065370,1.968750,409.257260,-350.822810,75991.289060,1.000000,3.377380,-608.777160
16.706000,0.563960,0.162780,2.614750,409.256930,-350.822690,75883.718750,,3.436340,-608.743900
16.708000,0.554990,0.028200,3.178710,409.257290,-350.822420,76122.070310,,3.319700,-608.710570
16.710000,0.492190,0.015380,2.809570,409.257630,-350.822880,75834.140630,,3.517090,-608.676880
16.712000,0.458860,0.015380,2.481450,409.257660,-350.823090,75902.695310,1.000000,3.450440,-608.643310
16.714000,0.466550,0.078190,1.989260,409.257350,-350.822940,76112.578130,,3.424800,-608.609920
16.716000,0.501160,0.139710,3.076170,409.257020,-350.822480,75922.734380,,3.338930,-608.576600
16.718000,0.480650,-0.001280,2.963380,409.257510,-350.822270,76233.875000,,3.323550,-608.543150
16.720000,0.438350,-0.007690,2.399410,409.257750,-350.823120,75804.609380,1.000000,3.569640,-608.509640
16.722000,0.453740,0.041020,2.337890,409.257450,-350.823180,76141.054690,,3.404300,-608.476320
16.724000,0.481930,0.108950,1.907230,409.257080,-350.822750,75830.984380,,3.386350,-608.443120
16.726000,0.531920,0.093570,2.748050,409.257050,-350.822390,75752.929690,,3.326110,-608.409970
16.728000,0.507570,-0.049990,2.389160,409.257690,-350.822720,75923.796880,1.000000,3.433780,-608.376710
16.730000,0.478090,0.020510,2.081540,409.257600,-350.823360,75840.476560,,3.528630,-608.343260
16.732000,0.492190,0.035890,2.255860,409.257390,-350.822910,75976.523440,,3.345340,-608.310000
16.734000,0.516540,0.134580,2.276370,409.256930,-350.822810,75585.234380,,3.431210,-608.276790
16.736000,0.543460,0.053830,3.383790,409.257110,-350.822420,75930.117190,1.000000,3.310730,-608.243650
16.738000,0.506290,-0.012820,2.625000,409.257540,-350.822690,75936.445310,,3.440190,-608.210210
16.740000,0.480650,0.001280,2.358400,409.257630,-350.823210,75755.046880,,3.478640,-608.176760
16.742000,0.511410,0.039730,2.071290,409.257390,-350.823060,75836.257810,,3.424800,-608.143620
16.744000,0.584470,0.137150,2.881350,409.256870,-350.822750,75626.375000,1.000000,3.367130,-608.110600
16.744000,0.584470,0.137150,2.881350,409.256870,-350.822750,75626.375000,1.000000,3.367130,-608.110600
16.746000,0.583190,0.026920,3.404300,409.257260,-350.822110,76018.710940,,3.263310,-608.077330
16.748000,0.506290,-0.049990,2.809570,409.257690,-350.822940,75525.117190,,3.546570,-608.043760
16.750000,0.476810,0.026920,2.286620,409.257480,-350.823360,75828.867190,,3.454280,-608.010310
16.750000,0.476810,0.026920,2.286620,409.257480,-350.823360,75828.867190,,3.454280,-608.010310
16.752000,0.502440,0.089720,1.589360,409.257020,-350.822880,75921.679690,1.000000,3.368410,-607.976990
16.754000,0.556270,0.134580,2.778810,409.256810,-350.822420,75965.976560,,3.338930,-607.943730
16.756000,0.515260,-0.020510,2.830080,409.257420,-350.822510,75716.015630,,3.337650,-607.910280
16.758000,0.449890,-0.011540,2.450680,409.257600,-350.823300,75582.070310,,3.561950,-607.876650
16.760000,0.429380,0.035890,2.276370,409.257320,-350.823120,76124.187500,1.000000,3.342770,-607.843140
16.762000,0.462710,0.114070,2.122560,409.256930,-350.822810,75871.062500,,3.410710,-607.809940
16.764000,0.530640,0.112790,3.199220,409.256840,-350.822510,75824.656250,,3.314580,-607.776920
16.766000,0.524230,-0.005130,2.983890,409.257390,-350.822510,75872.109380,,3.349180,-607.743590
16.768000,0.483220,0.006410,2.676270,409.257540,-350.823090,76171.640630,1.000000,3.509400,-607.710210
16.770000,0.475520,0.015380,2.266110,409.257420,-350.823270,75813.054690,,3.378660,-607.676940
16.772000,0.520390,0.148680,2.881350,409.256930,-350.822910,75633.750000,,3.406860,-607.643860
16.774000,0.538330,0.066650,3.455570,409.256990,-350.822170,75900.593750,,3.191530,-607.610720
16.776000,0.498600,-0.052550,2.737790,409.257660,-350.822690,75939.617190,1.000000,3.456850,-607.577270
16.778000,0.458860,0.014100,2.204590,409.257540,-350.823490,76270.789060,,3.536320,-607.543700
16.780000,0.457580,0.051270,1.866210,409.257140,-350.823090,75748.718750,,3.312010,-607.510310
16.782000,0.485780,0.182010,2.819820,409.256710,-350.822600,76044.031250,,3.373540,-607.477050
16.784000,0.484500,-0.003850,3.188960,409.257230,-350.822330,75944.882810,1.000000,3.245360,-607.443730
16.786000,0.426820,-0.039730,2.532710,409.257690,-350.823240,75864.726560,,3.567080,-607.410160
16.788000,0.425540,0.037170,2.030270,409.257390,-350.823240,75670.664060,,3.376100,-607.376650
16.790000,0.465270,0.070500,2.061040,409.257020,-350.822940,76035.593750,,3.374820,-607.343510
16.792000,0.546020,0.165340,2.573730,409.256710,-350.822660,75813.054690,1.000000,3.367130,-607.310550
16.794000,0.560120,-0.010250,3.322270,409.257290,-350.822360,75788.789060,,3.258180,-607.277470
16.796000,0.517820,-0.014100,2.912110,409.257600,-350.823090,75965.976560,,3.532470,-607.244080
16.798000,0.501160,-0.005130,2.471190,409.257600,-350.823240,75814.101560,,3.388920,-607.210750
16.800000,0.547300,0.089720,2.368650,409.257050,-350.823120,75955.437500,1.000000,3.411990,-607.177730
16.802000,0.611390,0.119200,3.322270,409.256840,-350.822240,75630.585940,,3.235110,-607.144650
16.804000,0.578060,-0.061520,2.953130,409.257540,-350.822360,75806.726560,,3.333800,-607.111270
16.806000,0.490910,-0.030760,2.122560,409.257660,-350.823460,75939.617190,,3.581180,-607.077580
16.808000,0.492190,0.041020,2.184080,409.257260,-350.823210,75809.890630,1.000000,3.353030,-607.044190
16.810000,0.521670,0.126890,2.542970,409.256680,-350.822780,75884.773440,,3.337650,-607.010860
16.812000,0.537050,0.062810,3.486330,409.256930,-350.822270,75862.617190,,3.282530,-606.977480
16.814000,0.489620,-0.088440,2.676270,409.257630,-350.823000,76017.664060,,3.441470,-606.943910
16.816000,0.462710,0.012820,2.173830,409.257420,-350.823490,75848.906250,1.000000,3.528630,-606.910340
16.818000,0.462710,0.035890,2.173830,409.257110,-350.822970,75701.250000,,3.301760,-606.877010
16.820000,0.524230,0.169190,2.542970,409.256560,-350.822780,75952.265630,,3.414550,-606.843870
16.822000,0.552430,0.023070,3.414550,409.256990,-350.822270,75917.460940,,3.245360,-606.810730
16.824000,0.485780,-0.028200,3.127440,409.257510,-350.822910,76092.539060,1.000000,3.461980,-606.777220
16.826000,0.442200,-0.015380,2.809570,409.257510,-350.823300,75906.914060,,3.477360,-606.743650
16.828000,0.456300,0.052550,2.153320,409.257110,-350.823210,75986.023440,,3.372250,-606.710450
16.830000,0.520390,0.158940,3.332520,409.256560,-350.822540,75824.656250,,3.317140,-606.677370
16.832000,0.497310,-0.019230,3.383790,409.257230,-350.822050,75823.601560,1.000000,3.222290,-606.643980
16.834000,0.426820,-0.061520,2.460940,409.257660,-350.823270,75984.960940,,3.586300,-606.610470
16.836000,0.420410,0.023070,2.460940,409.257260,-350.823460,76016.609380,,3.419680,-606.577090
16.838000,0.499880,0.129460,2.040530,409.256740,-350.822880,76176.921880,,3.332520,-606.544130
16.840000,0.587040,0.110230,3.353030,409.256560,-350.822390,75779.304690,1.000000,3.254330,-606.511230
16.842000,0.552430,-0.067930,2.737790,409.257450,-350.822630,75861.562500,,3.399170,-606.477970
16.844000,0.496030,-0.012820,2.245610,409.257480,-350.823610,75938.562500,,3.522220,-606.444340
16.846000,0.493470,0.034610,2.184080,409.257110,-350.823120,75930.117190,,3.344060,-606.411070
16.848000,0.544740,0.157650,2.194340,409.256560,-350.822940,75919.578130,1.000000,3.376100,-606.377930
16.850000,0.589600,0.075620,3.650390,409.256710,-350.822420,75929.070310,,3.255620,-606.344790
16.852000,0.528080,-0.030760,2.983890,409.257390,-350.822600,75912.195310,,3.395320,-606.311220
16.854000,0.451170,-0.019230,2.686520,409.257540,-350.823360,75671.718750,,3.479920,-606.277470
16.856000,0.426820,0.029480,2.194340,409.257260,-350.823270,75727.617190,1.000000,3.419680,-606.244020
16.858000,0.483220,0.160220,2.953130,409.256620,-350.822880,75711.804690,,3.310730,-606.210880
16.860000,0.506290,0.030760,3.742680,409.256990,-350.821990,75979.687500,,3.191530,-606.177610
16.862000,0.439640,-0.088440,2.983890,409.257690,-350.822910,75809.890630,,3.502990,-606.144100
16.864000,0.430660,-0.006410,2.532710,409.257450,-350.823640,75872.109380,1.000000,3.488890,-606.110780
16.866000,0.489620,0.088440,1.763670,409.256840,-350.823030,75909.031250,,3.335080,-606.077760
16.868000,0.572940,0.171750,3.147950,409.256500,-350.822420,75873.171880,,3.283810,-606.044860
16.870000,0.567810,-0.052550,3.024900,409.257230,-350.822480,75813.054690,,3.268430,-606.011720
16.872000,0.508850,-0.046140,2.337890,409.257540,-350.823430,75884.773440,1.000000,3.595280,-605.978210
16.874000,0.487060,0.017940,2.471190,409.257230,-350.823360,76117.859380,,3.323550,-605.944700
16.876000,0.506290,0.115360,2.194340,409.256680,-350.822940,75852.078130,,3.397890,-605.911440
16.878000,0.565250,0.129460,3.609380,409.256530,-350.822540,75592.625000,,3.269710,-605.878300
16.880000,0.530640,-0.042300,3.219730,409.257230,-350.822480,75948.046880,1.000000,3.297910,-605.844790
16.882000,0.425540,-0.030760,2.727540,409.257540,-350.823210,76012.390630,,3.522220,-605.810970
16.884000,0.397340,-0.016660,2.368650,409.257390,-350.823490,76073.554690,,3.387630,-605.777470
16.886000,0.469120,0.138430,2.871090,409.256710,-350.823030,75761.367190,,3.392760,-605.744320
16.888000,0.535770,0.075620,3.916990,409.256710,-350.822110,76079.882810,1.000000,3.118470,-605.711300
16.890000,0.512700,-0.107670,3.199220,409.257540,-350.822570,76031.375000,,3.420960,-605.677980
16.892000,0.478090,-0.034610,2.532710,409.257540,-350.823670,75961.757810,,3.545290,-605.644650
16.894000,0.529360,0.028200,1.855960,409.256990,-350.823330,75816.210940,,3.308170,-605.611570
16.896000,0.611390,0.178160,2.973630,409.256290,-350.822660,75836.257810,1.000000,3.327390,-605.578670
16.898000,0.646000,0.016660,3.240230,409.256840,-350.822240,76254.960940,,3.195370,-605.545650
16.900000,0.566530,-0.089720,2.819820,409.257480,-350.823360,75772.976560,,3.533750,-605.512020
16.902000,0.516540,0.012820,2.225100,409.257200,-350.823490,76108.359380,,3.418400,-605.478450
16.904000,0.526790,0.060240,2.112300,409.256740,-350.823090,75805.664060,1.000000,3.315860,-605.445070
16.906000,0.540890,0.185850,2.983890,409.256290,-350.822720,75901.648440,,3.349180,-605.411620
16.908000,0.517820,-0.014100,3.301760,409.256990,-350.822330,75618.992190,,3.192810,-605.378110
16.910000,0.449890,-0.033330,3.188960,409.257390,-350.823150,75819.375000,,3.508120,-605.344360
16.912000,0.408870,-0.019230,2.399410,409.257390,-350.823490,75934.335940,1.000000,3.390200,-605.310730
16.914000,0.448610,0.094850,2.686520,409.256740,-350.823330,75665.398440,,3.386350,-605.277530
16.916000,0.520390,0.147400,3.670900,409.256440,-350.822270,75923.796880,,3.196660,-605.244380
16.918000,0.503720,-0.076900,3.137700,409.257290,-350.822300,75541.992190,,3.249210,-605.211120
16.920000,0.443480,-0.061520,2.450680,409.257540,-350.823610,76049.296880,1.000000,3.611940,-605.177670
16.922000,0.465270,0.032040,2.173830,409.257110,-350.823490,75722.343750,,3.315860,-605.144470
16.924000,0.529360,0.155090,2.871090,409.256380,-350.822940,75672.773440,,3.299190,-605.111450
16.926000,0.579350,0.080750,3.722170,409.256560,-350.822240,75819.375000,,3.215880,-605.078430
16.928000,0.524230,-0.097410,3.086430,409.257480,-350.823000,75750.828130,1.000000,3.411990,-605.044980
16.930000,0.451170,-0.011540,2.143070,409.257350,-350.823760,75892.148440,,3.518370,-605.011290
16.932000,0.446040,0.035890,2.081540,409.256930,-350.823210,75948.046880,,3.282530,-604.977840
16.934000,0.505000,0.187130,2.686520,409.256290,-350.822940,75913.250000,,3.362000,-604.944760
16.936000,0.540890,0.032040,3.681150,409.256710,-350.822270,75728.671880,1.000000,3.191530,-604.911500
16.938000,0.461430,-0.047420,3.609380,409.257350,-350.822910,75842.585940,,3.419680,-604.877870
16.940000,0.397340,-0.030760,2.932620,409.257420,-350.823490,75893.203130,,3.463260,-604.844180
16.942000,0.443480,0.039730,2.471190,409.256990,-350.823430,75955.437500,,3.344060,-604.810970
16.944000,0.544740,0.171750,3.414550,409.256350,-350.822660,76006.054690,1.000000,3.264590,-604.778080
16.946000,0.569090,-0.033330,3.558110,409.257050,-350.821960,75887.929690,,3.162050,-604.744870
16.948000,0.493470,-0.107670,2.645510,409.257660,-350.823360,76168.476560,,3.550420,-604.711430
16.950000,0.476810,0.000000,2.532710,409.257230,-350.823700,75947.000000,,3.445310,-604.678100
16.952000,0.539610,0.112790,2.481450,409.256560,-350.823030,75888.992190,1.000000,3.274840,-604.645020
16.954000,0.616520,0.133300,3.476070,409.256320,-350.822390,75859.453130,,3.217160,-604.612060
16.956000,0.561400,-0.105100,3.147950,409.257260,-350.822660,75898.484380,,3.331240,-604.578670
16.958000,0.483220,-0.041020,2.255860,409.257420,-350.823790,76273.945310,,3.551700,-604.545040
16.960000,0.475520,0.016660,2.255860,409.256990,-350.823390,75862.617190,1.000000,3.297910,-604.511660
16.962000,0.533200,0.160220,2.481450,409.256320,-350.823060,75898.484380,,3.350460,-604.478520
16.964000,0.587040,0.079470,3.906740,409.256440,-350.822480,75767.703130,,3.200500,-604.445370
16.966000,0.549870,-0.066650,3.476070,409.257230,-350.822630,75915.351560,,3.342770,-604.411800
16.968000,0.449890,-0.052550,2.748050,409.257450,-350.823520,75840.476560,1.000000,3.491460,-604.377990
16.970000,0.425540,-0.001280,2.317380,409.257140,-350.823520,75892.148440,,3.374820,-604.344420
16.972000,0.483220,0.166630,2.994140,409.256350,-350.823000,75822.546880,,3.286380,-604.311280
16.974000,0.507570,0.024350,4.060550,409.256710,-350.821990,75817.265630,,3.101810,-604.277950
16.976000,0.448610,-0.117920,3.158200,409.257540,-350.822940,75948.046880,1.000000,3.468380,-604.244320
16.978000,0.390930,-0.033330,2.676270,409.257320,-350.823940,75622.148440,,3.494020,-604.210750
16.980000,0.437070,0.075620,2.091800,409.256650,-350.823270,75885.828130,,3.295350,-604.177550
16.982000,0.530640,0.182010,3.178710,409.256100,-350.822540,75859.453130,,3.231260,-604.144590
16.984000,0.546020,-0.057680,3.199220,409.256990,-350.822480,75762.421880,1.000000,3.231260,-604.111450
16.986000,0.462710,-0.069210,2.542970,409.257390,-350.823640,75843.640630,,3.558110,-604.077880
16.988000,0.442200,0.010250,2.481450,409.257050,-350.823610,75991.289060,,3.342770,-604.044430
16.990000,0.499880,0.120480,2.378910,409.256440,-350.823150,75855.242190,,3.338930,-604.011410
16.992000,0.601140,0.151250,3.701660,409.256230,-350.822630,75765.593750,1.000000,3.245360,-603.978580
16.994000,0.601140,-0.058960,3.506840,409.257020,-350.822480,76012.390630,,3.240230,-603.945370
16.996000,0.503720,-0.041020,2.840330,409.257390,-350.823390,75984.960940,,3.506840,-603.911680
16.998000,0.466550,-0.016660,2.450680,409.257230,-350.823670,75823.601560,,3.400450,-603.878170
17.000000,0.511410,0.149960,2.983890,409.256470,-350.823240,75805.664060,1.000000,3.349180,-603.844970
17.000000,0.511410,0.149960,2.983890,409.256470,-350.823240,75805.664060,1.000000,3.349180,-603.844970
17.002000,0.529360,0.093570,3.988770,409.256440,-350.822140,75920.625000,,3.095400,-603.811520
17.004000,0.467830,-0.126890,3.476070,409.257390,-350.822600,76259.179690,,3.346620,-603.777890
17.006000,0.378110,-0.044860,2.768550,409.257480,-350.823880,75868.945310,,3.559390,-603.744140
17.008000,0.412720,0.034610,1.999510,409.256840,-350.823550,75933.281250,1.000000,3.290220,-603.710820
17.010000,0.501160,0.192260,2.871090,409.256130,-350.822780,75848.906250,,3.285100,-603.677730
17.012000,0.526790,0.017940,3.742680,409.256650,-350.822360,76051.406250,,3.151790,-603.644590
17.014000,0.467830,-0.116640,2.840330,409.257450,-350.823390,75853.132810,,3.506840,-603.611080
17.016000,0.449890,-0.008970,2.522460,409.257170,-350.823850,75851.023440,1.000000,3.417110,-603.577700
17.018000,0.511410,0.062810,2.071290,409.256620,-350.823270,76195.898440,,3.294070,-603.544680
17.020000,0.604980,0.188420,3.332520,409.256040,-350.822850,75837.312500,,3.300480,-603.511780
17.022000,0.617800,-0.015380,3.691410,409.256770,-350.822390,75841.523440,,3.162050,-603.478640
17.024000,0.524230,-0.058960,3.137700,409.257290,-350.823210,75701.250000,1.000000,3.477360,-603.445010
17.026000,0.451170,-0.042300,2.563480,409.257320,-350.823760,75970.203130,,3.395320,-603.411380
17.028000,0.481930,0.098690,2.696780,409.256650,-350.823490,75856.289060,,3.374820,-603.378110
17.030000,0.549870,0.130740,3.958010,409.256260,-350.822420,75808.835940,,3.144100,-603.344910
17.032000,0.506290,-0.099980,3.291500,409.257200,-350.822270,75810.937500,1.000000,3.224850,-603.311340
17.034000,0.380680,-0.101260,2.573730,409.257540,-350.823730,75791.960940,,3.588870,-603.277530
17.036000,0.378110,0.002560,2.399410,409.257020,-350.823760,75970.203130,,3.327390,-603.244080
17.038000,0.488340,0.155090,2.666020,409.256160,-350.823060,75536.718750,,3.276120,-603.211120
17.040000,0.583190,0.067930,3.886230,409.256350,-350.822300,75934.335940,1.000000,3.164610,-603.178220
17.042000,0.551150,-0.133300,3.209470,409.257290,-350.823120,75970.203130,,3.399170,-603.144840
17.044000,0.475520,-0.037170,2.501950,409.257200,-350.823880,75863.671880,,3.508120,-603.111330
17.046000,0.484500,0.021790,2.132810,409.256710,-350.823430,75871.062500,,3.269710,-603.078000
17.048000,0.576780,0.187130,2.891600,409.256010,-350.823030,75806.726560,1.000000,3.336360,-603.045100
17.050000,0.621640,0.023070,3.845210,409.256440,-350.822360,76002.890630,,3.149230,-603.012020
17.052000,0.556270,-0.083310,3.609380,409.257200,-350.823000,75682.265630,,3.406860,-602.978390
17.054000,0.455020,-0.060240,3.076170,409.257350,-350.823640,75943.835940,,3.456850,-602.944640
17.056000,0.463990,0.021790,2.635250,409.256810,-350.823670,75912.195310,1.000000,3.337650,-602.911250
17.058000,0.530640,0.171750,3.752930,409.256130,-350.822750,75865.789060,,3.233830,-602.878110
17.060000,0.522950,-0.055110,3.681150,409.256810,-350.822080,75888.992190,,3.124880,-602.844730
17.062000,0.416560,-0.128170,2.778810,409.257480,-350.823430,75747.656250,,3.540160,-602.810970
17.064000,0.381960,-0.012820,2.614750,409.257080,-350.823910,76151.609380,1.000000,3.444030,-602.777400
17.066000,0.456300,0.103820,2.676270,409.256290,-350.823210,75894.257810,,3.249210,-602.744260
17.068000,0.542180,0.142270,3.742680,409.256040,-350.822450,76039.804690,,3.205630,-602.711240
17.070000,0.508850,-0.123050,3.404300,409.257050,-350.822720,75916.414060,,3.296630,-602.677920
17.072000,0.420410,-0.058960,2.563480,409.257260,-350.823910,75941.726560,1.000000,3.578610,-602.644230
17.074000,0.392210,0.010250,2.153320,409.256840,-350.823520,75907.968750,,3.285100,-602.610780
17.076000,0.466550,0.166630,2.635250,409.256070,-350.823180,75796.179690,,3.336360,-602.577760
17.078000,0.561400,0.087160,3.824710,409.256200,-350.822510,76063.015630,,3.186400,-602.544800
17.080000,0.538330,-0.078190,3.804200,409.257050,-350.822690,75814.101560,1.000000,3.312010,-602.511470
17.082000,0.429380,-0.067930,3.004390,409.257320,-350.823670,76142.109380,,3.513240,-602.477720
17.084000,0.401180,-0.003850,2.348140,409.256990,-350.823700,75763.484380,,3.364560,-602.444270
17.086000,0.483220,0.175600,3.445310,409.256130,-350.823150,75926.953130,,3.281250,-602.411250
17.088000,0.537050,0.029480,3.722170,409.256530,-350.822050,75564.140630,1.000000,3.081300,-602.378170
17.090000,0.478090,-0.134580,3.312010,409.257390,-350.823030,75861.562500,,3.445310,-602.344600
17.092000,0.424260,-0.041020,2.645510,409.257230,-350.824040,75871.062500,,3.508120,-602.311100
17.094000,0.469120,0.082030,2.368650,409.256530,-350.823430,75670.664060,,3.277400,-602.277950
17.096000,0.565250,0.166630,3.271000,409.255950,-350.822660,75817.265630,1.000000,3.200500,-602.245060
17.098000,0.569090,-0.056400,3.342770,409.256840,-350.822510,75553.593750,,3.244080,-602.211790
17.100000,0.481930,-0.092290,2.696780,409.257350,-350.823760,76020.820310,,3.513240,-602.178160
17.102000,0.448610,0.000000,2.409670,409.256990,-350.823760,75810.937500,,3.379940,-602.144530
17.104000,0.501160,0.117920,2.583980,409.256290,-350.823300,75833.085940,1.000000,3.296630,-602.111450
17.106000,0.578060,0.139710,3.681150,409.256070,-350.822720,75673.828130,,3.236390,-602.078430
17.108000,0.562680,-0.070500,3.937500,409.256930,-350.822510,75845.742190,,3.242800,-602.044980
17.110000,0.444760,-0.070500,2.891600,409.257350,-350.823520,75947.000000,,3.485050,-602.011230
17.112000,0.405030,-0.026920,2.481450,409.257170,-350.823820,75814.101560,1.000000,3.427370,-601.977720
17.114000,0.483220,0.140990,2.953130,409.256350,-350.823360,76055.632810,,3.312010,-601.944640
17.116000,0.566530,0.084590,4.204100,409.256290,-350.822240,75709.687500,,3.096680,-601.911620
17.118000,0.515260,-0.147400,3.937500,409.257320,-350.822600,76098.867190,,3.332520,-601.878170
17.120000,0.407590,-0.078190,2.840330,409.257420,-350.824040,75847.851560,1.000000,3.560670,-601.844600
17.122000,0.420410,0.026920,2.132810,409.256710,-350.823670,75940.671880,,3.301760,-601.811280
17.124000,0.525510,0.184570,2.840330,409.256010,-350.822810,76041.921880,,3.253050,-601.778320
17.126000,0.565250,-0.010250,3.763180,409.256530,-350.822420,75920.625000,,3.146670,-601.745180
17.128000,0.487060,-0.120480,2.891600,409.257290,-350.823390,76136.835940,1.000000,3.506840,-601.711550
17.130000,0.390930,-0.026920,2.635250,409.257050,-350.823970,75888.992190,,3.403020,-601.677730
17.132000,0.401180,0.060240,2.317380,409.256440,-350.823390,76000.789060,,3.308170,-601.644410
17.134000,0.499880,0.164060,3.383790,409.255920,-350.822940,75855.242190,,3.265870,-601.611450
17.136000,0.544740,-0.037170,3.886230,409.256650,-350.822480,75812.000000,1.000000,3.171020,-601.578310
17.138000,0.458860,-0.084590,2.973630,409.257230,-350.823210,76136.835940,,3.465820,-601.544680
17.140000,0.402470,-0.057680,2.604490,409.257200,-350.823910,75938.562500,,3.409420,-601.511110
17.142000,0.458860,0.096130,2.901860,409.256470,-350.823580,76086.218750,,3.365840,-601.478030
17.144000,0.565250,0.120480,4.204100,409.256100,-350.822510,75605.281250,1.000000,3.110780,-601.445250
17.146000,0.561400,-0.121770,3.722170,409.257050,-350.822360,75828.867190,,3.233830,-601.412050
17.148000,0.463990,-0.115360,2.789060,409.257420,-350.823790,75992.343750,,3.570920,-601.378480
17.150000,0.461430,-0.006410,2.378910,409.256840,-350.823910,75925.906250,,3.344060,-601.345210
17.152000,0.546020,0.165340,2.563480,409.255950,-350.823090,75749.773440,1.000000,3.263310,-601.312260
17.154000,0.606260,0.069210,3.988770,409.256160,-350.822360,75697.039060,,3.137700,-601.279170
17.156000,0.515260,-0.142270,3.424800,409.257110,-350.823210,76155.820310,,3.392760,-601.245540
17.158000,0.384520,-0.046140,2.686520,409.257110,-350.823970,75487.156250,,3.514530,-601.211550
17.160000,0.379390,0.021790,2.296880,409.256560,-350.823610,75993.398440,1.000000,3.260740,-601.177980
17.162000,0.460140,0.185850,2.850590,409.255890,-350.823090,75929.070310,,3.324830,-601.144900
17.164000,0.533200,0.021790,3.906740,409.256350,-350.822420,75978.632810,,3.128720,-601.111820
17.166000,0.496030,-0.097410,3.578610,409.257110,-350.823060,75864.726560,,3.400450,-601.078310
17.168000,0.388370,-0.066650,3.096680,409.257260,-350.823760,75984.960940,1.000000,3.460690,-601.044620
17.170000,0.407590,0.030760,2.737790,409.256650,-350.823820,76074.617190,,3.338930,-601.011290
17.172000,0.503720,0.170470,3.927250,409.256010,-350.822810,75920.625000,,3.221010,-600.978390
17.174000,0.540890,-0.066650,3.752930,409.256740,-350.822170,75863.671880,,3.106930,-600.945310
17.176000,0.467830,-0.142270,2.922360,409.257420,-350.823490,75877.382810,1.000000,3.546570,-600.911800
17.178000,0.429380,-0.023070,2.512210,409.257020,-350.824040,76046.132810,,3.431210,-600.878420
17.180000,0.496030,0.108950,2.840330,409.256160,-350.823330,75801.445310,,3.245360,-600.845400
17.182000,0.574220,0.126890,3.834960,409.255980,-350.822480,75858.406250,,3.192810,-600.812500
17.184000,0.546020,-0.126890,3.640140,409.257020,-350.822810,76148.445310,1.000000,3.291500,-600.779170
17.186000,0.421690,-0.083310,2.707030,409.257260,-350.824010,76068.281250,,3.569640,-600.745300
17.188000,0.376830,0.000000,2.235350,409.256810,-350.823670,75858.406250,,3.304320,-600.711670
17.190000,0.452450,0.157650,2.635250,409.256010,-350.823240,75709.687500,,3.320980,-600.678530
17.192000,0.544740,0.073060,3.999020,409.256130,-350.822510,75883.718750,1.000000,3.186400,-600.645630
17.194000,0.525510,-0.101260,3.875980,409.256990,-350.822780,75919.578130,,3.306880,-600.612180
17.196000,0.414000,-0.089720,3.229980,409.257260,-350.823700,76001.843750,,3.514530,-600.578430
17.198000,0.416560,-0.014100,2.460940,409.256930,-350.823820,76011.328130,,3.364560,-600.545040
17.200000,0.519100,0.158940,3.588870,409.256040,-350.823180,75904.804690,1.000000,3.276120,-600.512150
17.202000,0.558840,0.005130,4.122070,409.256470,-350.822110,75893.203130,,3.086430,-600.479060
17.204000,0.487060,-0.167910,3.219730,409.257390,-350.823090,75646.414060,,3.433780,-600.445500
17.206000,0.393490,-0.062810,2.871090,409.257140,-350.824100,75955.437500,,3.529910,-600.411870
17.206000,0.393490,-0.062810,2.871090,409.257140,-350.824100,75955.437500,,3.529910,-600.411870
17.208000,0.455020,0.065370,2.389160,409.256380,-350.823520,75826.757810,1.000000,3.260740,-600.378720
17.210000,0.561400,0.152530,3.537600,409.255830,-350.822690,75914.296880,,3.186400,-600.345890
17.212000,0.557560,-0.083310,3.424800,409.256680,-350.822600,75833.085940,,3.253050,-600.312740
17.214000,0.465270,-0.110230,2.912110,409.257230,-350.823820,75822.546880,,3.509400,-600.279050
17.216000,0.399900,-0.017940,2.553220,409.256840,-350.823880,76012.390630,1.000000,3.387630,-600.245420
17.218000,0.444760,0.114070,2.542970,409.256070,-350.823360,75509.296880,,3.292790,-600.212220
17.220000,0.524230,0.121770,3.845210,409.255890,-350.822780,75870.007810,,3.227420,-600.179140
17.222000,0.510130,-0.082030,4.101560,409.256740,-350.822570,75795.125000,,3.255620,-600.145810
17.224000,0.397340,-0.097410,3.127440,409.257230,-350.823580,75993.398440,1.000000,3.477360,-600.111940
17.226000,0.333250,-0.030760,2.409670,409.256990,-350.823910,75757.148440,,3.438900,-600.078310
17.228000,0.412720,0.133300,3.353030,409.256160,-350.823430,75854.187500,,3.286380,-600.045230
17.230000,0.497310,0.067930,4.255370,409.256160,-350.822270,75921.679690,,3.104370,-600.012210
17.232000,0.438350,-0.160220,3.947750,409.257200,-350.822660,75786.679690,1.000000,3.336360,-599.978700
17.234000,0.329410,-0.098690,3.055660,409.257290,-350.824070,76121.023440,,3.546570,-599.945070
17.236000,0.356320,0.032040,2.307130,409.256560,-350.823760,75968.093750,,3.326110,-599.911870
17.238000,0.501160,0.180730,3.219730,409.255800,-350.822880,75952.265630,,3.218440,-599.879150
17.240000,0.581910,-0.012820,3.773440,409.256380,-350.822510,75870.007810,1.000000,3.167180,-599.846370
17.242000,0.522950,-0.129460,3.117190,409.257140,-350.823460,75867.898440,,3.490170,-599.812930
17.244000,0.443480,-0.037170,2.696780,409.256960,-350.824040,75972.312500,,3.419680,-599.779420
17.246000,0.475520,0.070500,2.727540,409.256290,-350.823490,76058.796880,,3.301760,-599.746280
17.248000,0.580630,0.157650,3.486330,409.255830,-350.822940,76025.039060,1.000000,3.246640,-599.713440
17.250000,0.606260,-0.047420,4.019530,409.256560,-350.822510,75796.179690,,3.183840,-599.680240
17.250000,0.606260,-0.047420,4.019530,409.256560,-350.822510,75796.179690,,3.183840,-599.680240
17.252000,0.488340,-0.094850,3.117190,409.257170,-350.823270,75938.562500,,3.454280,-599.646420
17.254000,0.372990,-0.062810,2.522460,409.257110,-350.823970,75897.429690,,3.433780,-599.612490
17.256000,0.407590,0.097410,2.932620,409.256380,-350.823640,75680.156250,1.000000,3.347900,-599.579160
17.258000,0.481930,0.107670,4.204100,409.256040,-350.822540,75820.429690,,3.105650,-599.546020
17.260000,0.462710,-0.139710,4.050290,409.256990,-350.822450,75936.445310,,3.241520,-599.512570
17.262000,0.352480,-0.117920,3.024900,409.257390,-350.823820,76156.875000,,3.551700,-599.478760
17.264000,0.330690,-0.015380,2.368650,409.256740,-350.824010,75735.007810,1.000000,3.349180,-599.445310
17.266000,0.439640,0.160220,2.860840,409.255890,-350.823120,75738.171880,,3.259460,-599.412350
17.268000,0.539610,0.047420,3.722170,409.256130,-350.822420,75700.195310,,3.119750,-599.379580
17.270000,0.521670,-0.162780,3.414550,409.257080,-350.823240,75922.734380,,3.410710,-599.346370
17.272000,0.434510,-0.066650,2.583980,409.257050,-350.824040,75794.070310,1.000000,3.487610,-599.312810
17.274000,0.429380,0.014100,2.532710,409.256470,-350.823640,75797.234380,,3.279970,-599.279480
17.276000,0.511410,0.167910,3.014650,409.255770,-350.823120,75915.351560,,3.295350,-599.246520
17.278000,0.566530,0.007690,4.019530,409.256290,-350.822510,75406.992190,,3.140260,-599.213440
17.280000,0.494750,-0.115360,3.599120,409.256990,-350.823090,75952.265630,1.000000,3.394040,-599.179870
17.282000,0.342220,-0.078190,2.891600,409.257140,-350.823880,75698.085940,,3.446590,-599.145870
17.284000,0.317870,0.032040,3.014650,409.256500,-350.823850,76011.328130,,3.358150,-599.112240
17.286000,0.406310,0.147400,4.009280,409.255920,-350.822810,75752.929690,,3.186400,-599.079100
17.288000,0.422970,-0.080750,4.142580,409.256710,-350.822270,75802.500000,1.000000,3.133850,-599.045780
17.290000,0.347350,-0.160220,2.912110,409.257320,-350.823550,75969.148440,,3.529910,-599.012080
17.292000,0.324280,-0.033330,2.625000,409.256960,-350.824100,76035.593750,,3.414550,-598.978700
17.294000,0.443480,0.106380,2.860840,409.256010,-350.823430,75994.453130,,3.242800,-598.945920
17.296000,0.558840,0.103820,3.927250,409.255890,-350.822510,75729.726560,1.000000,3.169740,-598.913210
17.298000,0.546020,-0.132020,3.896480,409.256900,-350.822940,76114.695310,,3.305600,-598.880070
17.300000,0.442200,-0.092290,2.819820,409.257110,-350.824010,75886.875000,,3.537600,-598.846440
17.302000,0.415280,0.000000,2.440430,409.256620,-350.823760,75988.125000,,3.309450,-598.813050
17.304000,0.510130,0.156370,2.686520,409.255830,-350.823270,75996.562500,1.000000,3.300480,-598.780090
17.306000,0.585750,0.056400,3.824710,409.256010,-350.822570,75900.593750,,3.171020,-598.747070
17.308000,0.529360,-0.107670,3.906740,409.256900,-350.822880,76141.054690,,3.318420,-598.713500
17.310000,0.364010,-0.098690,3.506840,409.257170,-350.823730,75822.546880,,3.490170,-598.679500
17.312000,0.323000,-0.010250,2.635250,409.256770,-350.823940,75859.453130,1.000000,3.360720,-598.645870
17.314000,0.401180,0.156370,3.691410,409.255980,-350.823180,75815.156250,,3.258180,-598.612670
17.316000,0.444760,-0.021790,4.214360,409.256440,-350.822170,75976.523440,,3.091550,-598.579470
17.318000,0.389650,-0.176880,3.014650,409.257320,-350.823210,75904.804690,,3.444030,-598.545840
17.320000,0.307620,-0.067930,2.871090,409.257080,-350.824100,75945.937500,1.000000,3.520940,-598.512210
17.322000,0.375550,0.069210,2.532710,409.256260,-350.823550,76071.453130,,3.249210,-598.479130
17.324000,0.497310,0.146120,3.834960,409.255740,-350.822690,75714.960940,,3.182560,-598.446350
17.326000,0.521670,-0.102540,3.722170,409.256620,-350.822660,75833.085940,,3.256900,-598.413330
17.328000,0.434510,-0.112790,2.891600,409.257110,-350.823880,75934.335940,1.000000,3.511960,-598.379760
17.330000,0.366580,-0.024350,2.512210,409.256770,-350.823910,76014.500000,,3.373540,-598.346190
17.332000,0.435790,0.115360,2.214840,409.256010,-350.823430,75841.523440,,3.286380,-598.313170
17.334000,0.544740,0.094850,3.947750,409.255890,-350.822780,75662.234380,,3.204350,-598.280330
17.336000,0.546020,-0.094850,4.214360,409.256710,-350.822660,75973.359380,1.000000,3.262020,-598.247070
17.338000,0.425540,-0.114070,3.363280,409.257170,-350.823640,75554.648440,,3.470950,-598.213320
17.340000,0.370420,-0.033330,2.481450,409.256900,-350.823940,75835.195310,,3.424800,-598.179690
17.342000,0.466550,0.123050,3.373540,409.256040,-350.823490,75875.273440,,3.264590,-598.146670
17.344000,0.552430,0.043580,4.204100,409.256200,-350.822300,75878.437500,1.000000,3.092830,-598.113650
17.346000,0.497310,-0.173030,3.814450,409.257140,-350.822780,75907.968750,,3.341490,-598.080140
17.348000,0.365300,-0.105100,3.168460,409.257200,-350.824130,76011.328130,,3.532470,-598.046330
17.350000,0.381960,0.033330,2.399410,409.256440,-350.823760,75987.078130,,3.320980,-598.012940
17.352000,0.496030,0.156370,3.486330,409.255740,-350.822910,75875.273440,1.000000,3.185120,-597.979980
17.354000,0.543460,-0.033330,3.752930,409.256380,-350.822570,76072.507810,,3.192810,-597.946780
17.356000,0.442200,-0.139710,2.922360,409.257080,-350.823550,75835.195310,,3.463260,-597.913090
17.358000,0.331970,-0.043580,2.850590,409.256870,-350.824040,76118.914060,,3.429930,-597.879210
17.360000,0.349910,0.075620,2.676270,409.256160,-350.823520,75921.679690,1.000000,3.287660,-597.845830
17.362000,0.449890,0.135860,3.742680,409.255770,-350.822940,75913.250000,,3.228700,-597.812930
17.364000,0.498600,-0.058960,4.245120,409.256500,-350.822600,76017.664060,,3.204350,-597.779720
17.366000,0.442200,-0.108950,3.229980,409.257110,-350.823360,75950.156250,,3.433780,-597.746280
17.368000,0.353760,-0.057680,2.676270,409.256990,-350.824040,75941.726560,1.000000,3.455570,-597.712650
17.370000,0.407590,0.099980,3.086430,409.256230,-350.823640,75742.390630,,3.319700,-597.679500
17.372000,0.476810,0.093570,4.347660,409.255980,-350.822510,75841.523440,,3.100520,-597.646550
17.374000,0.449890,-0.149960,4.255370,409.256960,-350.822510,75910.085940,,3.256900,-597.613220
17.376000,0.340940,-0.125610,3.168460,409.257290,-350.823910,76020.820310,1.000000,3.529910,-597.579470
17.378000,0.315310,-0.014100,2.296880,409.256650,-350.824040,75918.515630,,3.355590,-597.545960
17.380000,0.408870,0.162780,3.086430,409.255800,-350.823120,75872.109380,,3.238950,-597.512880
17.382000,0.465270,0.028200,3.814450,409.256100,-350.822480,76027.156250,,3.108220,-597.479800
17.384000,0.405030,-0.152530,3.373540,409.256990,-350.823300,75693.875000,1.000000,3.427370,-597.446230
17.386000,0.293520,-0.075620,2.778810,409.256990,-350.824100,75778.250000,,3.446590,-597.412410
17.388000,0.307620,0.025630,2.368650,409.256350,-350.823700,75772.976560,,3.305600,-597.379030
17.390000,0.433230,0.156370,3.527340,409.255740,-350.823150,75995.507810,,3.251770,-597.346130
17.392000,0.508850,-0.008970,3.609380,409.256290,-350.822600,75732.890630,1.000000,3.149230,-597.313230
17.394000,0.476810,-0.120480,3.793950,409.256990,-350.823150,75689.656250,,3.397890,-597.279910
17.396000,0.372990,-0.088440,2.819820,409.257080,-350.823970,76027.156250,,3.426090,-597.246340
17.398000,0.407590,0.039730,3.147950,409.256440,-350.823880,75548.320310,,3.370970,-597.213130
17.400000,0.511410,0.117920,4.142580,409.255920,-350.822850,75810.937500,1.000000,3.141540,-597.180300
17.402000,0.533200,-0.106380,4.347660,409.256710,-350.822390,75668.554690,,3.162050,-597.147160
17.404000,0.437070,-0.165340,3.076170,409.257260,-350.823640,75953.328130,,3.506840,-597.113530
17.406000,0.356320,-0.043580,2.604490,409.256840,-350.824160,75979.687500,,3.391480,-597.079900
17.408000,0.431950,0.112790,3.076170,409.255890,-350.823460,75681.218750,1.000000,3.233830,-597.046810
17.410000,0.519100,0.079470,3.958010,409.255860,-350.822510,75863.671880,,3.128720,-597.013730
17.412000,0.485780,-0.151250,3.896480,409.256840,-350.823090,75778.250000,,3.313290,-596.980220
17.414000,0.387080,-0.105100,2.953130,409.257020,-350.824010,76059.851560,,3.506840,-596.946470
17.416000,0.367860,-0.010250,2.419920,409.256530,-350.823910,75870.007810,1.000000,3.300480,-596.912780
17.418000,0.457580,0.149960,2.973630,409.255740,-350.823300,76042.976560,,3.285100,-596.879700
17.420000,0.515260,0.034610,3.834960,409.256010,-350.822600,75865.789060,,3.142820,-596.846620
17.422000,0.475520,-0.123050,4.152830,409.256840,-350.823000,75888.992190,,3.327390,-596.813050
17.424000,0.335820,-0.111510,3.383790,409.257110,-350.823760,75887.929690,1.000000,3.460690,-596.779170
17.426000,0.328130,-0.010250,2.983890,409.256590,-350.824040,75887.929690,,3.349180,-596.745730
17.428000,0.435790,0.139710,3.855470,409.255890,-350.823120,76055.632810,,3.228700,-596.712770
17.430000,0.462710,-0.042300,4.163090,409.256380,-350.822270,75767.703130,,3.081300,-596.679570
17.432000,0.379390,-0.174320,3.301760,409.257200,-350.823300,75876.328130,1.000000,3.447880,-596.646000
17.434000,0.283260,-0.069210,2.635250,409.256930,-350.824160,75868.945310,,3.487610,-596.612370
17.436000,0.346070,0.069210,2.983890,409.256100,-350.823640,75936.445310,,3.242800,-596.579220
17.438000,0.497310,0.129460,3.783690,409.255680,-350.822750,75842.585940,,3.164610,-596.546510
17.440000,0.530640,-0.110230,4.070800,409.256590,-350.822780,75924.851560,1.000000,3.246640,-596.513490
17.442000,0.456300,-0.120480,2.891600,409.257020,-350.823940,76026.093750,,3.500430,-596.479980
17.444000,0.379390,-0.026920,2.625000,409.256650,-350.823940,75813.054690,,3.354310,-596.446410
17.446000,0.462710,0.123050,2.440430,409.255860,-350.823490,75881.609380,,3.269710,-596.413330
17.448000,0.560120,0.078190,3.660640,409.255830,-350.822810,75438.632810,1.000000,3.177430,-596.380370
17.450000,0.554990,-0.098690,4.316890,409.256680,-350.822810,75969.148440,,3.259460,-596.346980
17.452000,0.422970,-0.117920,3.178710,409.257110,-350.823700,75809.890630,,3.456850,-596.313050
17.454000,0.325560,-0.032040,2.748050,409.256810,-350.824010,75834.140630,,3.395320,-596.279170
17.456000,0.388370,0.128170,3.435060,409.255950,-350.823520,75882.664060,1.000000,3.241520,-596.245970
17.458000,0.444760,0.025630,4.275880,409.256160,-350.822390,75590.515630,,3.081300,-596.212830
17.460000,0.403750,-0.174320,3.650390,409.257110,-350.823000,76012.390630,,3.345340,-596.179260
17.462000,0.301210,-0.111510,3.137700,409.257110,-350.824190,75765.593750,,3.508120,-596.145570
17.464000,0.331970,0.030760,2.635250,409.256380,-350.823850,75986.023440,1.000000,3.299190,-596.112370
17.466000,0.480650,0.146120,3.578610,409.255680,-350.822970,75821.492190,,3.153080,-596.079710
17.468000,0.540890,-0.048710,3.804200,409.256350,-350.822660,75747.656250,,3.199220,-596.046880
17.470000,0.501160,-0.138430,3.014650,409.257020,-350.823670,75965.976560,,3.444030,-596.013430
17.472000,0.408870,-0.049990,2.768550,409.256810,-350.824100,76013.445310,1.000000,3.413270,-595.979800
17.474000,0.421690,0.084590,2.573730,409.256070,-350.823610,76059.851560,,3.268430,-595.946470
17.476000,0.522950,0.116640,3.742680,409.255740,-350.823000,75701.250000,,3.204350,-595.913510
17.478000,0.537050,-0.070500,4.316890,409.256500,-350.822690,76058.796880,,3.215880,-595.880130
17.480000,0.430660,-0.119200,3.537600,409.257080,-350.823490,75941.726560,1.000000,3.411990,-595.846310
17.482000,0.302490,-0.056400,2.604490,409.256930,-350.824070,75880.554690,,3.446590,-595.812380
17.484000,0.348630,0.094850,3.024900,409.256160,-350.823700,75825.710940,,3.282530,-595.778990
17.486000,0.446040,0.069210,4.470700,409.256010,-350.822600,75974.421880,,3.092830,-595.745970
17.488000,0.442200,-0.161500,4.070800,409.256990,-350.822690,76224.382810,1.000000,3.268430,-595.712590
17.490000,0.361450,-0.129460,3.455570,409.257230,-350.824010,75849.960940,,3.494020,-595.679080
17.492000,0.351200,-0.007690,2.491700,409.256560,-350.824040,75825.710940,,3.346620,-595.645810
17.494000,0.499880,0.156370,3.168460,409.255740,-350.823150,75925.906250,,3.210750,-595.613100
17.496000,0.590880,0.007690,3.855470,409.256070,-350.822600,75862.617190,1.000000,3.101810,-595.580320
17.498000,0.558840,-0.143550,3.188960,409.256900,-350.823390,75937.500000,,3.431210,-595.547060
17.500000,0.452450,-0.074340,2.758300,409.256870,-350.824190,75853.132810,,3.410710,-595.513430
17.500000,0.452450,-0.074340,2.758300,409.256870,-350.824190,75853.132810,,3.410710,-595.513430
17.502000,0.443480,0.039730,2.645510,409.256230,-350.823760,76305.593750,,3.308170,-595.479980
17.504000,0.535770,0.140990,3.609380,409.255680,-350.823180,75779.304690,1.000000,3.213320,-595.446900
17.506000,0.543460,-0.025630,4.019530,409.256290,-350.822690,75680.156250,,3.155640,-595.413570
17.508000,0.442200,-0.115360,3.445310,409.256960,-350.823240,75901.648440,,3.392760,-595.379580
17.510000,0.305050,-0.087160,2.891600,409.257020,-350.824070,76016.609380,,3.408140,-595.345520
17.512000,0.330690,0.061520,2.850590,409.256320,-350.823910,75837.312500,1.000000,3.355590,-595.312070
17.514000,0.428100,0.103820,4.388670,409.255890,-350.822850,75693.875000,,3.101810,-595.279110
17.516000,0.444760,-0.115360,4.378420,409.256710,-350.822540,75904.804690,,3.181270,-595.245790
17.518000,0.366580,-0.152530,3.424800,409.257200,-350.823730,75659.062500,,3.485050,-595.212280
17.520000,0.306340,-0.041020,2.594240,409.256740,-350.824220,75964.921880,1.000000,3.368410,-595.178770
17.522000,0.412720,0.126890,3.055660,409.255830,-350.823490,75785.625000,,3.226140,-595.145940
17.524000,0.528080,0.062810,3.896480,409.255890,-350.822600,75921.679690,,3.094120,-595.113220
17.526000,0.515260,-0.151250,3.804200,409.256810,-350.823210,75979.687500,,3.326110,-595.080080
17.528000,0.421690,-0.098690,3.055660,409.256990,-350.824070,76080.937500,1.000000,3.473510,-595.046390
17.530000,0.372990,-0.005130,2.460940,409.256440,-350.823970,75930.117190,,3.291500,-595.012880
17.532000,0.456300,0.148680,3.219730,409.255710,-350.823360,75998.679690,,3.263310,-594.979800
17.534000,0.524230,0.016660,3.824710,409.256070,-350.822660,76140.000000,,3.121030,-594.946780
17.536000,0.493470,-0.121770,3.937500,409.256840,-350.823120,75670.664060,1.000000,3.337650,-594.913150
17.538000,0.333250,-0.101260,3.291500,409.257050,-350.823880,76181.132810,,3.431210,-594.879150
17.540000,0.311460,0.006410,3.004390,409.256470,-350.824100,75894.257810,,3.345340,-594.845520
17.542000,0.446040,0.132020,4.040040,409.255860,-350.823120,76081.992190,,3.191530,-594.812620
17.544000,0.503720,-0.062810,4.163090,409.256500,-350.822420,75757.148440,1.000000,3.090270,-594.779480
17.546000,0.440920,-0.180730,3.445310,409.257200,-350.823490,75954.382810,,3.450440,-594.745970
17.548000,0.360170,-0.065370,2.481450,409.256930,-350.824190,75926.953130,,3.444030,-594.712400
17.550000,0.417850,0.069210,3.106930,409.256040,-350.823670,75786.679690,,3.232540,-594.679320
17.552000,0.539610,0.106380,3.947750,409.255710,-350.822750,75864.726560,1.000000,3.145390,-594.646480
17.554000,0.544740,-0.121770,4.132320,409.256620,-350.822880,75921.679690,,3.241520,-594.613280
17.556000,0.460140,-0.124330,3.004390,409.256990,-350.824010,76193.796880,,3.494020,-594.579650
17.558000,0.374270,-0.026920,2.358400,409.256590,-350.824040,75890.039060,,3.340210,-594.546020
17.560000,0.462710,0.126890,2.758300,409.255770,-350.823550,75779.304690,1.000000,3.262020,-594.512940
17.562000,0.552430,0.057680,3.793950,409.255860,-350.822810,75943.835940,,3.156920,-594.479920
17.564000,0.528080,-0.107670,4.142580,409.256680,-350.822940,75680.156250,,3.268430,-594.446410
17.566000,0.420410,-0.123050,3.476070,409.257050,-350.823760,75920.625000,,3.455570,-594.412540
17.568000,0.342220,-0.026920,2.809570,409.256710,-350.824070,75776.132810,1.000000,3.365840,-594.378720
17.570000,0.405030,0.129460,3.650390,409.255890,-350.823490,75868.945310,,3.232540,-594.345520
17.572000,0.435790,-0.001280,4.040040,409.256230,-350.822390,75830.984380,,3.067200,-594.312190
17.574000,0.394780,-0.179440,3.547850,409.257110,-350.823150,75716.015630,,3.362000,-594.278630
17.576000,0.281980,-0.105100,3.240230,409.257020,-350.824190,75982.859380,1.000000,3.496580,-594.244810
17.578000,0.283260,0.039730,2.840330,409.256260,-350.823850,75564.140630,,3.276120,-594.211360
17.580000,0.425540,0.135860,3.824710,409.255620,-350.823000,75906.914060,,3.138980,-594.178530
17.582000,0.474240,-0.066650,3.937500,409.256320,-350.822750,75906.914060,,3.204350,-594.145630
17.584000,0.429380,-0.130740,3.086430,409.256960,-350.823820,75935.390630,1.000000,3.436340,-594.112180
17.586000,0.347350,-0.048710,2.676270,409.256710,-350.824160,75968.093750,,3.395320,-594.078670
17.588000,0.406310,0.097410,2.676270,409.255950,-350.823700,75670.664060,,3.263310,-594.045530
17.590000,0.544740,0.101260,3.886230,409.255740,-350.823030,75858.406250,,3.177430,-594.012880
17.592000,0.580630,-0.082030,4.460450,409.256500,-350.822780,75706.531250,1.000000,3.222290,-593.979800
17.594000,0.503720,-0.120480,3.517090,409.257020,-350.823640,76141.054690,,3.409420,-593.946230
17.596000,0.394780,-0.046140,2.594240,409.256840,-350.824100,75858.406250,,3.438900,-593.912410
17.598000,0.447330,0.108950,3.301760,409.256040,-350.823730,76016.609380,,3.247920,-593.879150
17.600000,0.519100,0.053830,4.337400,409.256040,-350.822570,75965.976560,1.000000,3.088990,-593.845950
17.602000,0.451170,-0.165340,4.193850,409.256990,-350.822810,76046.132810,,3.283810,-593.812260
17.604000,0.319150,-0.121770,3.414550,409.257170,-350.824130,75916.414060,,3.482480,-593.778260
17.604000,0.319150,-0.121770,3.414550,409.257170,-350.824130,75916.414060,,3.482480,-593.778260
17.606000,0.288390,0.006410,2.614750,409.256440,-350.824040,75948.046880,,3.340210,-593.744630
17.608000,0.407590,0.152530,3.353030,409.255710,-350.823180,75993.398440,1.000000,3.177430,-593.711610
17.610000,0.469120,-0.012820,3.783690,409.256160,-350.822660,75824.656250,,3.119750,-593.678530
17.612000,0.435790,-0.143550,3.209470,409.256960,-350.823490,75841.523440,,3.427370,-593.645080
17.614000,0.348630,-0.073060,2.696780,409.256870,-350.824220,75924.851560,,3.400450,-593.611450
17.616000,0.381960,0.051270,2.748050,409.256160,-350.823790,75915.351560,1.000000,3.301760,-593.578250
17.618000,0.517820,0.134580,3.773440,409.255680,-350.823180,75867.898440,,3.191530,-593.545590
17.620000,0.575500,-0.041020,4.040040,409.256320,-350.822720,75782.468750,,3.162050,-593.512630
17.622000,0.513980,-0.115360,3.414550,409.256990,-350.823360,75955.437500,,3.394040,-593.479130
17.624000,0.383240,-0.078190,2.707030,409.256960,-350.824190,75932.226560,1.000000,3.417110,-593.445310
17.626000,0.414000,0.082030,2.912110,409.256230,-350.823880,75616.882810,,3.338930,-593.411930
17.628000,0.510130,0.088440,4.286130,409.255890,-350.822850,75515.632810,,3.081300,-593.378970
17.630000,0.494750,-0.133300,4.327150,409.256810,-350.822660,75982.859380,,3.215880,-593.345520
17.632000,0.381960,-0.143550,3.353030,409.257200,-350.823850,75870.007810,1.000000,3.477360,-593.311580
17.634000,0.274290,-0.035890,2.686520,409.256710,-350.824250,75735.007810,,3.358150,-593.277770
17.636000,0.375550,0.135860,3.055660,409.255800,-350.823460,75892.148440,,3.227420,-593.244630
17.638000,0.490910,0.041020,3.875980,409.255920,-350.822630,75685.429690,,3.076170,-593.211670
17.640000,0.483220,-0.153810,3.537600,409.256840,-350.823330,75936.445310,1.000000,3.354310,-593.178410
17.642000,0.408870,-0.091000,2.963380,409.256900,-350.824160,75701.250000,,3.442750,-593.144780
17.644000,0.393490,0.002560,2.614750,409.256350,-350.824010,76100.984380,,3.295350,-593.111390
17.646000,0.512700,0.149960,3.291500,409.255650,-350.823360,75844.687500,,3.240230,-593.078550
17.648000,0.566530,0.003850,4.163090,409.256100,-350.822720,75746.601560,1.000000,3.115910,-593.045590
17.650000,0.529360,-0.117920,3.599120,409.256840,-350.823210,75828.867190,,3.351750,-593.012080
17.652000,0.394780,-0.091000,3.209470,409.256990,-350.824010,75976.523440,,3.406860,-592.978270
17.654000,0.384520,0.025630,2.819820,409.256380,-350.824100,76042.976560,,3.346620,-592.944760
17.656000,0.501160,0.125610,4.091310,409.255860,-350.823090,75677.000000,1.000000,3.153080,-592.911800
17.658000,0.515260,-0.078190,4.398930,409.256560,-350.822540,76109.414060,,3.110780,-592.878480
17.660000,0.419130,-0.167910,3.342770,409.257200,-350.823610,75932.226560,,3.463260,-592.844730
17.662000,0.314030,-0.053830,2.707030,409.256870,-350.824250,76000.789060,,3.399170,-592.810970
17.664000,0.369140,0.093570,2.922360,409.255950,-350.823700,75922.734380,1.000000,3.229980,-592.777710
17.666000,0.487060,0.101260,4.050290,409.255740,-350.822720,75855.242190,,3.130000,-592.744750
17.668000,0.488340,-0.125610,3.886230,409.256680,-350.823060,76276.062500,,3.256900,-592.711490
17.670000,0.399900,-0.107670,3.168460,409.256990,-350.824070,75780.351560,,3.496580,-592.677800
17.672000,0.328130,-0.016660,2.563480,409.256560,-350.824040,75993.398440,1.000000,3.314580,-592.644170
17.674000,0.412720,0.137150,2.748050,409.255770,-350.823550,75882.664060,,3.264590,-592.611080
17.676000,0.517820,0.044860,3.742680,409.255950,-350.822780,75885.828130,,3.141540,-592.578130
17.678000,0.508850,-0.107670,3.886230,409.256740,-350.823030,75912.195310,,3.283810,-592.544800
17.680000,0.378110,-0.110230,3.373540,409.257050,-350.823820,75909.031250,1.000000,3.455570,-592.510930
17.682000,0.315310,-0.014100,2.953130,409.256620,-350.824130,76232.820310,,3.346620,-592.477290
17.684000,0.420410,0.135860,3.824710,409.255890,-350.823390,75848.906250,,3.233830,-592.444270
17.686000,0.480650,-0.019230,4.091310,409.256320,-350.822420,75845.742190,,3.064640,-592.411190
17.688000,0.439640,-0.175600,3.322270,409.257140,-350.823300,75910.085940,1.000000,3.392760,-592.377750
17.690000,0.357600,-0.083310,2.942870,409.256990,-350.824190,76007.109380,,3.486330,-592.344120
17.692000,0.393490,0.057680,2.583980,409.256160,-350.823820,75885.828130,,3.255620,-592.310910
17.694000,0.537050,0.129460,4.029790,409.255650,-350.822940,75660.125000,,3.146670,-592.278140
17.694000,0.537050,0.129460,4.029790,409.255650,-350.822940,75660.125000,,3.146670,-592.278140
17.696000,0.542180,-0.088440,3.978520,409.256500,-350.822780,75892.148440,1.000000,3.218440,-592.245060
17.698000,0.458860,-0.126890,3.312010,409.256990,-350.823910,75709.687500,,3.456850,-592.211430
17.700000,0.380680,-0.037170,2.481450,409.256710,-350.824130,76061.953130,,3.378660,-592.177670
17.702000,0.442200,0.106380,2.501950,409.255920,-350.823700,75868.945310,,3.262020,-592.144470
17.704000,0.553710,0.084590,3.773440,409.255800,-350.822970,75951.210940,1.000000,3.173580,-592.111570
17.706000,0.538330,-0.087160,4.306640,409.256590,-350.822810,75824.656250,,3.240230,-592.078130
17.708000,0.424260,-0.116640,3.691410,409.257020,-350.823730,75943.835940,,3.426090,-592.044310
17.710000,0.308900,-0.030760,2.614750,409.256770,-350.824100,75832.031250,,3.426090,-592.010440
17.712000,0.390930,0.120480,3.629880,409.255950,-350.823700,75956.492190,1.000000,3.237670,-591.977290
17.714000,0.485780,0.038450,4.152830,409.256100,-350.822540,76131.562500,,3.087710,-591.944270
17.716000,0.467830,-0.167910,3.814450,409.257020,-350.822940,75723.406250,,3.308170,-591.910950
17.718000,0.366580,-0.112790,3.240230,409.257110,-350.824190,76130.515630,,3.492740,-591.877260
17.720000,0.339660,0.024350,2.819820,409.256410,-350.824010,76003.945310,1.000000,3.324830,-591.843870
17.722000,0.472960,0.149960,3.506840,409.255680,-350.823120,75953.328130,,3.163330,-591.811040
17.724000,0.526790,-0.029480,3.916990,409.256260,-350.822690,75765.593750,,3.154360,-591.778080
17.726000,0.496030,-0.137150,3.168460,409.256990,-350.823610,76033.476560,,3.431210,-591.744630
17.728000,0.381960,-0.055110,2.553220,409.256810,-350.824190,76005.007810,1.000000,3.409420,-591.710820
17.730000,0.364010,0.074340,2.635250,409.256100,-350.823760,75840.476560,,3.292790,-591.677370
17.732000,0.483220,0.123050,3.814450,409.255740,-350.823120,75804.609380,,3.197940,-591.644410
17.734000,0.505000,-0.053830,4.224610,409.256440,-350.822750,75827.820310,,3.190250,-591.611210
17.736000,0.435790,-0.112790,3.476070,409.257020,-350.823460,76028.210940,1.000000,3.404300,-591.577510
17.738000,0.325560,-0.061520,2.532710,409.256900,-350.824160,75924.851560,,3.436340,-591.543700
17.740000,0.390930,0.092290,2.932620,409.256160,-350.823820,75860.507810,,3.318420,-591.510500
17.742000,0.510130,0.078190,4.183590,409.255980,-350.822750,75945.937500,,3.091550,-591.477660
17.744000,0.501160,-0.147400,4.368160,409.256900,-350.822690,75791.960940,1.000000,3.250490,-591.444460
17.746000,0.411440,-0.134580,3.414550,409.257230,-350.823940,75779.304690,,3.490170,-591.410830
17.748000,0.361450,-0.019230,2.583980,409.256590,-350.824190,75768.750000,,3.360720,-591.377380
17.750000,0.487060,0.149960,3.117190,409.255740,-350.823360,75960.703130,,3.226140,-591.344480
17.750000,0.487060,0.149960,3.117190,409.255740,-350.823360,75960.703130,,3.226140,-591.344480
17.752000,0.590880,0.024350,3.558110,409.256010,-350.822630,75860.507810,1.000000,3.088990,-591.311650
17.754000,0.537050,-0.147400,3.506840,409.256840,-350.823360,75750.828130,,3.396610,-591.278200
17.756000,0.419130,-0.080750,2.840330,409.256900,-350.824160,75878.437500,,3.428650,-591.244320
17.758000,0.367860,0.023070,2.809570,409.256290,-350.823910,75600.000000,,3.309450,-591.210690
17.760000,0.461430,0.143550,3.445310,409.255680,-350.823300,75824.656250,1.000000,3.233830,-591.177550
17.762000,0.506290,-0.012820,4.193850,409.256230,-350.822720,75812.000000,,3.133850,-591.144290
17.764000,0.452450,-0.121770,3.629880,409.256900,-350.823240,75963.867190,,3.379940,-591.110600
17.766000,0.334530,-0.091000,2.799320,409.256990,-350.824040,75885.828130,,3.409420,-591.076720
17.768000,0.331970,0.041020,3.065920,409.256350,-350.824040,75755.046880,1.000000,3.364560,-591.043330
17.770000,0.457580,0.112790,4.163090,409.255890,-350.823000,75691.765630,,3.131290,-591.010500
17.772000,0.483220,-0.098690,4.562990,409.256650,-350.822540,75948.046880,,3.154360,-590.977360
17.774000,0.414000,-0.162780,3.322270,409.257170,-350.823670,76119.960940,,3.478640,-590.943850
17.776000,0.338380,-0.044860,2.625000,409.256810,-350.824250,75918.515630,1.000000,3.391480,-590.910280
17.778000,0.424260,0.110230,3.024900,409.255860,-350.823640,76151.609380,,3.237670,-590.877380
17.780000,0.554990,0.078190,3.896480,409.255800,-350.822660,75897.429690,,3.124880,-590.844730
17.782000,0.540890,-0.144840,3.958010,409.256740,-350.823120,76050.351560,,3.295350,-590.811460
17.784000,0.435790,-0.103820,3.188960,409.256960,-350.824040,75877.382810,1.000000,3.496580,-590.777770
17.786000,0.371700,-0.008970,2.635250,409.256470,-350.824010,75940.671880,,3.309450,-590.744080
17.788000,0.470400,0.144840,2.881350,409.255740,-350.823460,75885.828130,,3.276120,-590.711060
17.790000,0.551150,0.029480,3.752930,409.256010,-350.822720,75819.375000,,3.137700,-590.677980
17.792000,0.525510,-0.117920,3.855470,409.256810,-350.823090,75865.789060,1.000000,3.318420,-590.644470
17.794000,0.399900,-0.102540,3.250490,409.257050,-350.823820,75934.335940,,3.454280,-590.610660
17.796000,0.364010,-0.001280,2.983890,409.256530,-350.824100,75920.625000,,3.349180,-590.577030
17.798000,0.490910,0.139710,3.906740,409.255860,-350.823270,75800.398440,,3.223570,-590.544130
17.800000,0.542180,-0.042300,4.183590,409.256380,-350.822390,75845.742190,1.000000,3.082580,-590.510990
17.802000,0.462710,-0.176880,3.260740,409.257170,-350.823360,75935.390630,,3.432500,-590.477420
17.804000,0.346070,-0.073060,2.696780,409.256960,-350.824190,75892.148440,,3.476070,-590.443660
17.806000,0.380680,0.067930,2.645510,409.256100,-350.823760,75892.148440,,3.255620,-590.410400
17.808000,0.522950,0.115360,3.865720,409.255680,-350.822850,75593.671880,1.000000,3.155640,-590.377620
17.810000,0.539610,-0.110230,4.060550,409.256560,-350.822810,75955.437500,,3.242800,-590.344540
17.812000,0.455020,-0.123050,3.014650,409.256990,-350.823970,75911.140630,,3.483760,-590.310970
17.814000,0.366580,-0.025630,2.573730,409.256620,-350.824040,75665.398440,,3.365840,-590.277280
17.816000,0.444760,0.117920,2.450680,409.255830,-350.823640,75983.914060,1.000000,3.271000,-590.244200
17.818000,0.549870,0.069210,3.660640,409.255830,-350.822910,75511.406250,,3.181270,-590.211300
17.820000,0.544740,-0.098690,4.275880,409.256650,-350.822880,75931.179690,,3.260740,-590.177980
17.822000,0.421690,-0.123050,3.414550,409.257050,-350.823760,75784.578130,,3.451720,-590.144040
17.824000,0.312740,-0.029480,2.809570,409.256740,-350.824070,76085.164060,1.000000,3.406860,-590.110230
17.826000,0.408870,0.125610,3.547850,409.255920,-350.823610,75859.453130,,3.241520,-590.077030
17.828000,0.487060,0.017940,4.306640,409.256160,-350.822450,75793.015630,,3.087710,-590.044010
17.830000,0.446040,-0.175600,3.517090,409.257080,-350.823060,75884.773440,,3.345340,-590.010440
17.832000,0.320430,-0.106380,3.158200,409.257080,-350.824190,75825.710940,1.000000,3.501710,-589.976620
17.834000,0.297360,0.034610,2.655760,409.256290,-350.823910,76060.898440,,3.310730,-589.943180
17.836000,0.444760,0.137150,3.568360,409.255650,-350.823090,75655.898440,,3.163330,-589.910340
17.838000,0.522950,-0.055110,4.060550,409.256320,-350.822720,76012.390630,,3.195370,-589.877560
17.840000,0.487060,-0.137150,3.045410,409.256990,-350.823670,75976.523440,1.000000,3.441470,-589.844180
17.842000,0.407590,-0.047420,2.778810,409.256710,-350.824160,75959.656250,,3.415830,-589.810610
17.844000,0.440920,0.084590,2.307130,409.256010,-350.823700,75825.710940,,3.288940,-589.777530
17.846000,0.581910,0.107670,3.752930,409.255740,-350.823060,75894.257810,,3.201780,-589.744870
17.848000,0.619080,-0.074340,4.255370,409.256470,-350.822750,76394.187500,1.000000,3.219730,-589.711790
17.850000,0.530640,-0.117920,3.547850,409.257020,-350.823520,75798.281250,,3.417110,-589.678100
17.852000,0.398620,-0.049990,2.758300,409.256840,-350.824100,75893.203130,,3.455570,-589.644230
17.854000,0.431950,0.097410,2.881350,409.256100,-350.823730,75799.335940,,3.294070,-589.610780
17.856000,0.512700,0.065370,4.265630,409.256010,-350.822660,75957.539060,1.000000,3.103090,-589.577580
17.858000,0.472960,-0.153810,3.999020,409.256930,-350.822720,75929.070310,,3.277400,-589.544070
17.860000,0.351200,-0.123050,3.301760,409.257170,-350.824010,75873.171880,,3.496580,-589.510130
17.862000,0.287110,-0.003850,2.542970,409.256500,-350.824100,76259.179690,,3.364560,-589.476440
17.864000,0.421690,0.151250,3.168460,409.255740,-350.823240,75884.773440,1.000000,3.223570,-589.443480
17.866000,0.512700,-0.002560,3.834960,409.256130,-350.822660,75764.539060,,3.112060,-589.410640
17.868000,0.485780,-0.155090,3.035160,409.256930,-350.823390,75759.257810,,3.432500,-589.377320
17.870000,0.408870,-0.074340,2.809570,409.256870,-350.824190,76089.382810,,3.422240,-589.343750
17.872000,0.405030,0.042300,2.419920,409.256160,-350.823820,75956.492190,1.000000,3.320980,-589.310420
17.874000,0.524230,0.137150,3.681150,409.255650,-350.823210,75658.007810,,3.223570,-589.277650
17.876000,0.587040,-0.033330,4.091310,409.256290,-350.822690,75886.875000,,3.164610,-589.244630
17.878000,0.519100,-0.120480,3.681150,409.256930,-350.823270,75596.835940,,3.405580,-589.211060
17.880000,0.385800,-0.085880,2.686520,409.256990,-350.824100,76015.546880,1.000000,3.418400,-589.177120
17.882000,0.374270,0.064090,2.717290,409.256260,-350.823910,75635.867190,,3.370970,-589.143680
17.884000,0.456300,0.096130,4.193850,409.255890,-350.822910,75881.609380,,3.115910,-589.110470
17.886000,0.449890,-0.120480,4.552730,409.256710,-350.822570,75973.359380,,3.199220,-589.077030
17.888000,0.351200,-0.158940,3.445310,409.257200,-350.823730,75944.882810,1.000000,3.496580,-589.043210
17.890000,0.276860,-0.041020,2.748050,409.256710,-350.824220,75987.078130,,3.386350,-589.009520
17.892000,0.392210,0.123050,3.035160,409.255800,-350.823520,75813.054690,,3.244080,-588.976620
17.894000,0.549870,0.049990,3.845210,409.255890,-350.822600,76033.476560,,3.113340,-588.943970
17.896000,0.548580,-0.167910,3.414550,409.256840,-350.823210,75778.250000,1.000000,3.338930,-588.910830
17.898000,0.456300,-0.099980,3.158200,409.256930,-350.824040,76265.507810,,3.491460,-588.877320
17.900000,0.410160,0.000000,2.707030,409.256350,-350.823940,75989.187500,,3.308170,-588.843870
17.902000,0.517820,0.144840,3.127440,409.255650,-350.823360,75980.742190,,3.282530,-588.810970
17.904000,0.602420,0.010250,3.896480,409.256010,-350.822660,75871.062500,1.000000,3.136410,-588.777950
17.906000,0.551150,-0.128170,3.988770,409.256810,-350.823120,75937.500000,,3.355590,-588.744380
17.908000,0.381960,-0.103820,2.973630,409.256990,-350.823850,76272.890630,,3.447880,-588.710390
17.910000,0.335820,0.006410,2.840330,409.256440,-350.824100,75706.531250,,3.364560,-588.676760
17.912000,0.437070,0.128170,4.122070,409.255830,-350.823120,75893.203130,1.000000,3.213320,-588.643620
17.914000,0.472960,-0.074340,4.357910,409.256470,-350.822390,75881.609380,,3.105650,-588.610350
17.916000,0.390930,-0.185850,3.322270,409.257170,-350.823460,75967.031250,,3.470950,-588.576660
17.918000,0.302490,-0.062810,2.512210,409.256870,-350.824190,75882.664060,,3.463260,-588.542970
17.920000,0.364010,0.075620,2.737790,409.255980,-350.823700,75843.640630,1.000000,3.260740,-588.509830
17.922000,0.502440,0.097410,3.958010,409.255710,-350.822750,76081.992190,,3.167180,-588.477110
17.924000,0.521670,-0.134580,4.040040,409.256650,-350.822880,75785.625000,,3.269710,-588.443970
17.926000,0.448610,-0.125610,3.188960,409.256960,-350.823970,75897.429690,,3.514530,-588.410400
17.928000,0.365300,-0.019230,2.460940,409.256530,-350.823940,76003.945310,1.000000,3.363280,-588.376770
17.930000,0.440920,0.128170,2.727540,409.255740,-350.823520,75826.757810,,3.282530,-588.343750
17.932000,0.552430,0.049990,3.435060,409.255860,-350.822780,75804.609380,,3.186400,-588.310970
17.934000,0.546020,-0.116640,4.152830,409.256710,-350.822910,75648.523440,,3.290220,-588.277650
17.936000,0.428100,-0.129460,3.506840,409.257050,-350.823730,76002.890630,1.000000,3.477360,-588.243840
17.938000,0.349910,-0.026920,3.045410,409.256680,-350.824040,75682.265630,,3.395320,-588.210140
17.940000,0.457580,0.128170,3.578610,409.255860,-350.823460,75786.679690,,3.256900,-588.177120
17.942000,0.553710,-0.003850,4.337400,409.256200,-350.822390,75888.992190,,3.097960,-588.144230
17.944000,0.522950,-0.183290,3.332520,409.257080,-350.823090,75841.523440,1.000000,3.382510,-588.110780
17.946000,0.396060,-0.102540,2.922360,409.256990,-350.824160,75994.453130,,3.522220,-588.077030
17.948000,0.370420,0.046140,2.707030,409.256200,-350.823820,75633.750000,,3.306880,-588.043580
17.950000,0.507570,0.124330,3.834960,409.255620,-350.822970,75796.179690,,3.172300,-588.010740
17.952000,0.561400,-0.083310,4.091310,409.256380,-350.822690,75943.835940,1.000000,3.236390,-587.977720
17.954000,0.492190,-0.143550,3.096680,409.256990,-350.823760,76110.468750,,3.464540,-587.944030
17.956000,0.369140,-0.046140,2.553220,409.256680,-350.824040,75926.953130,,3.423520,-587.910160
17.958000,0.376830,0.094850,2.389160,409.255890,-350.823610,75978.632810,,3.295350,-587.876770
17.960000,0.488340,0.089720,3.804200,409.255740,-350.822970,75951.210940,1.000000,3.213320,-587.843810
17.962000,0.499880,-0.096130,4.398930,409.256530,-350.822720,75740.273440,,3.258180,-587.810550
17.964000,0.424260,-0.132020,3.732420,409.257050,-350.823580,75854.187500,,3.440190,-587.776920
17.966000,0.338380,-0.047420,2.696780,409.256810,-350.824040,76046.132810,,3.470950,-587.743230
17.968000,0.414000,0.106380,3.086430,409.255980,-350.823640,75848.906250,1.000000,3.278690,-587.710210
17.970000,0.519100,0.051270,4.193850,409.256010,-350.822540,75899.531250,,3.121030,-587.677370
17.972000,0.488340,-0.176880,3.968260,409.256960,-350.822750,76022.929690,,3.318420,-587.644040
17.974000,0.375550,-0.130740,3.188960,409.257140,-350.824040,75916.414060,,3.511960,-587.610290
17.976000,0.319150,0.006410,2.676270,409.256410,-350.823970,75972.312500,1.000000,3.372250,-587.576720
17.978000,0.440920,0.148680,3.301760,409.255650,-350.823090,75862.617190,,3.215880,-587.543820
17.980000,0.506290,-0.025630,3.834960,409.256160,-350.822630,75867.898440,,3.155640,-587.510800
17.982000,0.452450,-0.156370,2.963380,409.256930,-350.823430,75963.867190,,3.461980,-587.477290
17.984000,0.333250,-0.070500,2.645510,409.256810,-350.824100,75920.625000,1.000000,3.429930,-587.443420
17.986000,0.321720,0.056400,2.378910,409.256100,-350.823700,75769.812500,,3.331240,-587.409970
17.988000,0.448610,0.124330,3.640140,409.255650,-350.823090,75583.125000,,3.235110,-587.377140
17.990000,0.528080,-0.053830,4.265630,409.256320,-350.822690,75938.562500,,3.199220,-587.344180
17.992000,0.480650,-0.123050,3.383790,409.256960,-350.823270,75862.617190,1.000000,3.431210,-587.310730
17.994000,0.383240,-0.078190,2.840330,409.256900,-350.824070,75809.890630,,3.442750,-587.277160
17.996000,0.431950,0.078190,2.686520,409.256160,-350.823760,75815.156250,,3.374820,-587.244080
17.998000,0.543460,0.082030,4.111820,409.255890,-350.822780,75589.460940,,3.119750,-587.211300
18.000000,0.570370,-0.142270,4.234860,409.256770,-350.822570,76002.890630,1.000000,3.251770,-587.178220
18.000000,0.570370,-0.142270,4.234860,409.256770,-350.822570,76002.890630,1.000000,3.251770,-587.178220
18.002000,0.479370,-0.152530,3.435060,409.257170,-350.823760,75635.867190,,3.514530,-587.144590
18.004000,0.397340,-0.034610,2.635250,409.256620,-350.824130,76078.828130,,3.388920,-587.111020
18.006000,0.467830,0.134580,3.199220,409.255740,-350.823360,75935.390630,,3.264590,-587.077880
18.008000,0.563960,0.034610,3.722170,409.255890,-350.822570,75796.179690,1.000000,3.122310,-587.044920
18.010000,0.517820,-0.161500,3.445310,409.256770,-350.823240,75933.281250,,3.391480,-587.011470
18.012000,0.387080,-0.091000,2.953130,409.256870,-350.824010,75711.804690,,3.474790,-586.977480
18.014000,0.355040,0.007690,2.655760,409.256290,-350.823850,76003.945310,,3.326110,-586.943850
18.016000,0.469120,0.142270,3.394040,409.255650,-350.823270,75671.718750,1.000000,3.279970,-586.910830
18.018000,0.535770,-0.006410,4.152830,409.256130,-350.822660,76026.093750,,3.159480,-586.877810
18.020000,0.494750,-0.134580,3.783690,409.256840,-350.823120,75954.382810,,3.385070,-586.844300
18.022000,0.358890,-0.101260,2.912110,409.256990,-350.823880,75972.312500,,3.445310,-586.810420
18.024000,0.340940,0.024350,2.645510,409.256350,-350.823970,75896.375000,1.000000,3.379940,-586.776980
18.026000,0.451170,0.119200,4.111820,409.255830,-350.822970,75854.187500,,3.192810,-586.744080
18.028000,0.499880,-0.089720,4.368160,409.256530,-350.822420,76298.210940,,3.153080,-586.711000
18.030000,0.416560,-0.180730,3.363280,409.257170,-350.823490,75774.023440,,3.500430,-586.677430
18.032000,0.302490,-0.055110,2.737790,409.256840,-350.824160,76003.945310,1.000000,3.445310,-586.643680
18.034000,0.349910,0.089720,2.707030,409.255890,-350.823580,75984.960940,,3.264590,-586.610470
18.036000,0.485780,0.085880,3.834960,409.255740,-350.822660,75951.210940,,3.174870,-586.577820
18.038000,0.526790,-0.143550,3.711910,409.256710,-350.822940,75920.625000,,3.301760,-586.544740
18.040000,0.455020,-0.119200,3.076170,409.256960,-350.823910,75870.007810,1.000000,3.528630,-586.511230
18.042000,0.384520,-0.016660,2.583980,409.256500,-350.823910,76202.234380,,3.354310,-586.477660
18.044000,0.455020,0.133300,2.789060,409.255710,-350.823390,75768.750000,,3.304320,-586.444640
18.046000,0.566530,0.033330,3.670900,409.255920,-350.822660,75796.179690,,3.182560,-586.411740
18.048000,0.563960,-0.123050,3.783690,409.256740,-350.822940,75759.257810,1.000000,3.328670,-586.378480
18.050000,0.440920,-0.120480,3.332520,409.256990,-350.823670,76092.539060,,3.486330,-586.344540
18.052000,0.369140,-0.015380,2.778810,409.256560,-350.823970,75948.046880,,3.391480,-586.310850
18.054000,0.448610,0.128170,3.865720,409.255830,-350.823270,75614.765630,,3.268430,-586.277650
18.056000,0.492190,-0.034610,4.255370,409.256290,-350.822330,75904.804690,1.000000,3.114620,-586.244450
18.058000,0.422970,-0.188420,3.537600,409.257110,-350.823180,75637.976560,,3.433780,-586.210880
18.060000,0.303770,-0.088440,2.758300,409.256930,-350.824100,75973.359380,,3.526060,-586.177060
18.062000,0.326840,0.057680,2.522460,409.256100,-350.823670,75759.257810,,3.300480,-586.143740
18.064000,0.476810,0.120480,3.773440,409.255620,-350.822810,75929.070310,1.000000,3.181270,-586.111020
18.066000,0.538330,-0.103820,4.122070,409.256440,-350.822660,75891.093750,,3.269710,-586.078190
18.068000,0.484500,-0.139710,3.353030,409.256990,-350.823790,75991.289060,,3.496580,-586.044800
18.070000,0.403750,-0.039730,2.440430,409.256620,-350.823970,75897.429690,,3.418400,-586.011230
18.072000,0.453740,0.105100,2.696780,409.255830,-350.823550,75930.117190,1.000000,3.301760,-585.978150
18.074000,0.544740,0.076900,3.445310,409.255740,-350.822850,76001.843750,,3.219730,-585.945190
18.076000,0.552430,-0.097410,4.091310,409.256560,-350.822690,75665.398440,,3.282530,-585.911930
18.078000,0.444760,-0.126890,3.752930,409.256990,-350.823580,76102.039060,,3.464540,-585.878050
18.080000,0.330690,-0.034610,2.696780,409.256710,-350.823940,75895.320310,1.000000,3.467100,-585.844180
18.082000,0.376830,0.108950,3.476070,409.255920,-350.823580,75954.382810,,3.278690,-585.810910
18.084000,0.463990,0.028200,4.152830,409.256100,-350.822420,75723.406250,,3.131290,-585.777770
18.086000,0.443480,-0.185850,3.978520,409.257020,-350.822810,75964.921880,,3.353030,-585.744380
18.088000,0.343510,-0.121770,2.973630,409.257110,-350.824040,76190.632810,1.000000,3.529910,-585.710690
18.090000,0.338380,0.020510,2.645510,409.256320,-350.823880,75864.726560,,3.365840,-585.677430
18.092000,0.497310,0.143550,3.465820,409.255620,-350.822970,76018.710940,,3.209470,-585.644780
18.094000,0.598570,-0.041020,4.029790,409.256200,-350.822570,75859.453130,,3.197940,-585.612120
18.096000,0.563960,-0.152530,3.024900,409.256930,-350.823460,76009.218750,1.000000,3.476070,-585.578920
18.098000,0.458860,-0.060240,2.460940,409.256740,-350.824040,75861.562500,,3.450440,-585.545230
18.100000,0.461430,0.073060,2.471190,409.256010,-350.823640,75984.960940,,3.335080,-585.512020
18.102000,0.565250,0.112790,3.599120,409.255680,-350.823000,75914.296880,,3.240230,-585.479130
18.104000,0.592160,-0.066650,4.409180,409.256410,-350.822630,75662.234380,1.000000,3.233830,-585.445860
18.106000,0.463990,-0.121770,3.476070,409.256990,-350.823330,75843.640630,,3.445310,-585.411930
18.108000,0.317870,-0.065370,2.707030,409.256840,-350.824010,75944.882810,,3.477360,-585.377870
18.110000,0.365300,0.087160,2.860840,409.256130,-350.823670,75934.335940,,3.356870,-585.344420
18.112000,0.462710,0.066650,3.906740,409.255920,-350.822660,75848.906250,1.000000,3.132570,-585.311400
18.114000,0.460140,-0.157650,4.265630,409.256870,-350.822570,75803.554690,,3.287660,-585.278080
18.116000,0.365300,-0.143550,3.588870,409.257170,-350.823790,75877.382810,,3.523500,-585.244380
18.118000,0.325560,-0.019230,2.789060,409.256530,-350.824040,75592.625000,,3.397890,-585.210940
18.120000,0.439640,0.147400,3.106930,409.255650,-350.823210,75765.593750,1.000000,3.260740,-585.178100
18.122000,0.551150,0.012820,3.804200,409.255950,-350.822510,75895.320310,,3.126160,-585.145390
18.124000,0.522950,-0.166630,3.260740,409.256840,-350.823240,75963.867190,,3.436340,-585.112120
18.126000,0.425540,-0.092290,2.686520,409.256870,-350.824040,75987.078130,,3.468380,-585.078490
18.128000,0.402470,0.017940,2.727540,409.256200,-350.823790,75705.476560,1.000000,3.347900,-585.045040
18.130000,0.492190,0.138430,3.629880,409.255620,-350.823180,75921.679690,,3.271000,-585.012020
18.132000,0.544740,-0.024350,4.245120,409.256160,-350.822600,75693.875000,,3.173580,-584.978940
18.134000,0.490910,-0.130740,3.763180,409.256840,-350.823120,76051.406250,,3.417110,-584.945370
18.136000,0.349910,-0.094850,2.645510,409.256960,-350.823910,75885.828130,1.000000,3.441470,-584.911380
18.138000,0.335820,0.041020,2.717290,409.256260,-350.823910,76151.609380,,3.404300,-584.877930
18.140000,0.447330,0.106380,4.142580,409.255830,-350.822910,75919.578130,,3.171020,-584.844910
18.142000,0.508850,-0.111510,4.552730,409.256590,-350.822450,75959.656250,,3.195370,-584.811830
18.144000,0.442200,-0.173030,3.517090,409.257140,-350.823550,75907.968750,1.000000,3.515810,-584.778320
18.146000,0.374270,-0.047420,2.819820,409.256740,-350.824100,75980.742190,,3.429930,-584.744810
18.148000,0.460140,0.102540,2.932620,409.255800,-350.823490,75973.359380,,3.269710,-584.711850
18.150000,0.585750,0.070500,3.650390,409.255770,-350.822540,75819.375000,,3.160770,-584.679140
18.152000,0.594730,-0.158940,3.722170,409.256710,-350.823000,76104.140630,1.000000,3.329960,-584.646000
18.152000,0.594730,-0.158940,3.722170,409.256710,-350.823000,76104.140630,1.000000,3.329960,-584.646000
18.154000,0.487060,-0.111510,3.045410,409.256930,-350.823910,76061.953130,,3.531190,-584.612300
18.156000,0.424260,-0.014100,2.686520,409.256440,-350.823880,75968.093750,,3.345340,-584.578670
18.158000,0.506290,0.139710,3.004390,409.255650,-350.823330,75853.132810,,3.312010,-584.545530
18.160000,0.594730,0.024350,3.793950,409.255950,-350.822570,75806.726560,1.000000,3.171020,-584.512570
18.162000,0.553710,-0.128170,3.681150,409.256740,-350.822940,76003.945310,,3.351750,-584.478940
18.164000,0.398620,-0.110230,3.178710,409.256990,-350.823700,75785.625000,,3.487610,-584.445010
18.166000,0.371700,-0.003850,2.871090,409.256470,-350.824010,75824.656250,,3.385070,-584.411320
18.168000,0.462710,0.134580,3.916990,409.255800,-350.823150,75630.585940,1.000000,3.262020,-584.378170
18.170000,0.498600,-0.056400,4.306640,409.256380,-350.822330,75881.609380,,3.121030,-584.344970
18.172000,0.425540,-0.192260,3.312010,409.257170,-350.823270,75825.710940,,3.467100,-584.311280
18.174000,0.312740,-0.075620,2.758300,409.256900,-350.824070,75756.093750,,3.511960,-584.277530
18.176000,0.346070,0.064090,2.430180,409.256040,-350.823640,76010.273440,1.000000,3.288940,-584.244200
18.178000,0.478090,0.111510,3.916990,409.255620,-350.822720,75653.796880,,3.188960,-584.211360
18.180000,0.513980,-0.117920,4.029790,409.256530,-350.822690,75856.289060,,3.277400,-584.178280
18.182000,0.438350,-0.134580,3.301760,409.256960,-350.823850,75748.718750,,3.511960,-584.144780
18.184000,0.358890,-0.032040,2.522460,409.256560,-350.823910,75896.375000,1.000000,3.408140,-584.111210
18.186000,0.439640,0.114070,2.583980,409.255770,-350.823520,75864.726560,,3.299190,-584.078190
18.188000,0.560120,0.064090,3.670900,409.255770,-350.822780,75713.906250,,3.214600,-584.045410
18.190000,0.594730,-0.111510,3.978520,409.256620,-350.822750,75913.250000,,3.291500,-584.012330
18.192000,0.498600,-0.128170,3.629880,409.256990,-350.823640,75809.890630,1.000000,3.481200,-583.978640
18.194000,0.416560,-0.029480,2.830080,409.256680,-350.823940,76067.226560,,3.442750,-583.945010
18.196000,0.492190,0.119200,3.804200,409.255890,-350.823490,75720.242190,,3.271000,-583.911930
18.198000,0.557560,0.014100,4.152830,409.256130,-350.822360,75884.773440,,3.123600,-583.878780
18.200000,0.506290,-0.184570,3.783690,409.257050,-350.822940,75998.679690,1.000000,3.370970,-583.845210
18.202000,0.356320,-0.110230,2.860840,409.257020,-350.824070,76005.007810,,3.532470,-583.811220
18.204000,0.342220,0.035890,2.625000,409.256260,-350.823790,75882.664060,,3.345340,-583.777590
18.206000,0.461430,0.134580,3.711910,409.255620,-350.822940,75960.703130,,3.192810,-583.744630
18.208000,0.522950,-0.058960,3.958010,409.256290,-350.822600,76173.757810,1.000000,3.226140,-583.711550
18.210000,0.460140,-0.147400,3.281250,409.256960,-350.823580,75865.789060,,3.473510,-583.677980
18.212000,0.353760,-0.052550,2.707030,409.256710,-350.824040,76039.804690,,3.450440,-583.644230
18.214000,0.393490,0.082030,2.266110,409.255980,-350.823610,75796.179690,,3.322270,-583.611020
18.216000,0.540890,0.102540,3.640140,409.255710,-350.822940,75999.734380,1.000000,3.227420,-583.578310
18.218000,0.596010,-0.080750,4.142580,409.256440,-350.822630,75977.585940,,3.247920,-583.545350
18.220000,0.520390,-0.124330,3.650390,409.256990,-350.823390,75950.156250,,3.442750,-583.511840
18.222000,0.416560,-0.053830,2.676270,409.256810,-350.824010,76000.789060,,3.485050,-583.478150
18.224000,0.465270,0.098690,2.983890,409.256040,-350.823640,75804.609380,1.000000,3.323550,-583.444950
18.226000,0.547300,0.061520,4.204100,409.255950,-350.822570,75771.914060,,3.127440,-583.411930
18.228000,0.533200,-0.167910,3.947750,409.256900,-350.822630,75725.507810,,3.306880,-583.378480
18.230000,0.396060,-0.130740,3.414550,409.257140,-350.823910,76143.164060,,3.522220,-583.344600
18.232000,0.317870,-0.006410,2.573730,409.256440,-350.824010,75957.539060,1.000000,3.391480,-583.310850
18.234000,0.412720,0.151250,3.373540,409.255650,-350.823120,75796.179690,,3.247920,-583.277710
18.236000,0.493470,-0.005130,3.783690,409.256040,-350.822510,75848.906250,,3.133850,-583.244690
18.238000,0.476810,-0.161500,3.465820,409.256870,-350.823300,75617.937500,,3.456850,-583.211300
18.240000,0.403750,-0.080750,2.481450,409.256840,-350.824070,75826.757810,1.000000,3.449160,-583.177670
18.242000,0.424260,0.033330,2.522460,409.256160,-350.823760,75615.820310,,3.346620,-583.144410
18.244000,0.540890,0.132020,3.681150,409.255620,-350.823120,75976.523440,,3.253050,-583.111630
18.246000,0.603700,-0.035890,4.234860,409.256230,-350.822600,75859.453130,,3.179990,-583.078670
18.248000,0.539610,-0.125610,3.845210,409.256870,-350.823150,75860.507810,1.000000,3.427370,-583.045230
18.250000,0.414000,-0.085880,2.522460,409.256900,-350.824010,75890.039060,,3.440190,-583.011410
18.250000,0.414000,-0.085880,2.522460,409.256900,-350.824010,75890.039060,,3.440190,-583.011410
18.252000,0.435790,0.061520,3.024900,409.256200,-350.823850,75909.031250,,3.401730,-582.978090
18.254000,0.544740,0.091000,3.916990,409.255830,-350.822810,76039.804690,,3.138980,-582.945190
18.256000,0.562680,-0.126890,4.327150,409.256710,-350.822510,75693.875000,1.000000,3.218440,-582.911930
18.258000,0.446040,-0.160220,3.588870,409.257140,-350.823640,76125.234380,,3.518370,-582.878170
18.260000,0.342220,-0.039730,2.912110,409.256710,-350.824130,76089.382810,,3.405580,-582.844420
18.262000,0.414000,0.116640,2.953130,409.255740,-350.823430,75820.429690,,3.267150,-582.811280
18.264000,0.513980,0.051270,3.804200,409.255830,-350.822510,75731.835940,1.000000,3.137700,-582.778320
18.266000,0.516540,-0.162780,3.588870,409.256740,-350.823120,76044.031250,,3.354310,-582.745000
18.268000,0.414000,-0.097410,2.840330,409.256870,-350.823940,76175.867190,,3.508120,-582.711180
18.270000,0.367860,-0.002560,2.901860,409.256350,-350.823880,75859.453130,,3.333800,-582.677670
18.272000,0.463990,0.140990,3.178710,409.255650,-350.823300,76134.726560,1.000000,3.300480,-582.644590
18.274000,0.529360,0.005130,3.958010,409.256040,-350.822570,75904.804690,,3.158200,-582.611570
18.276000,0.505000,-0.132020,3.896480,409.256810,-350.823030,75993.398440,,3.365840,-582.578130
18.278000,0.367860,-0.099980,2.809570,409.256990,-350.823760,75896.375000,,3.469670,-582.544310
18.280000,0.364010,0.005130,2.778810,409.256410,-350.824040,75899.531250,1.000000,3.382510,-582.510860
18.282000,0.461430,0.125610,3.947750,409.255800,-350.823090,75977.585940,,3.237670,-582.477910
18.284000,0.508850,-0.074340,4.532230,409.256440,-350.822330,75762.421880,,3.124880,-582.444820
18.286000,0.443480,-0.179440,3.363280,409.257110,-350.823360,75829.921880,,3.481200,-582.411320
18.288000,0.340940,-0.057680,2.655760,409.256810,-350.824100,75840.476560,1.000000,3.482480,-582.377620
18.290000,0.410160,0.076900,2.737790,409.255950,-350.823640,75914.296880,,3.273560,-582.344540
18.292000,0.554990,0.101260,3.568360,409.255650,-350.822690,75880.554690,,3.185120,-582.311830
18.294000,0.581910,-0.129460,3.988770,409.256590,-350.822810,75776.132810,,3.279970,-582.278810
18.296000,0.483220,-0.124330,3.332520,409.256930,-350.823910,75947.000000,1.000000,3.519650,-582.245180
18.298000,0.393490,-0.021790,2.645510,409.256530,-350.823910,75706.531250,,3.379940,-582.211490
18.300000,0.479370,0.124330,2.635250,409.255740,-350.823490,75748.718750,,3.301760,-582.178410
18.302000,0.588320,0.046140,3.609380,409.255890,-350.822720,75849.960940,,3.196660,-582.145450
18.304000,0.592160,-0.115360,3.916990,409.256710,-350.822810,75995.507810,1.000000,3.304320,-582.112060
18.306000,0.442200,-0.117920,3.353030,409.256990,-350.823640,75976.523440,,3.482480,-582.078060
18.308000,0.347350,-0.019230,3.065920,409.256590,-350.823940,75714.960940,,3.410710,-582.044250
18.310000,0.430660,0.128170,3.875980,409.255830,-350.823390,75833.085940,,3.273560,-582.011110
18.312000,0.508850,-0.003850,4.439940,409.256200,-350.822360,75793.015630,1.000000,3.112060,-581.978030
18.314000,0.484500,-0.180730,3.547850,409.257080,-350.823060,76083.046880,,3.390200,-581.944580
18.316000,0.371700,-0.097410,2.645510,409.256990,-350.824100,75884.773440,,3.529910,-581.910890
18.318000,0.388370,0.046140,2.666020,409.256200,-350.823760,75987.078130,,3.322270,-581.877620
18.320000,0.508850,0.126890,3.742680,409.255620,-350.822940,75916.414060,1.000000,3.181270,-581.844850
18.322000,0.552430,-0.076900,4.234860,409.256380,-350.822660,75991.289060,,3.240230,-581.811890
18.324000,0.489620,-0.140990,3.271000,409.256990,-350.823670,75845.742190,,3.468380,-581.778320
18.326000,0.379390,-0.041020,2.717290,409.256650,-350.824040,76019.773440,,3.435060,-581.744510
18.328000,0.412720,0.092290,2.266110,409.255920,-350.823610,75861.562500,1.000000,3.303040,-581.711180
18.330000,0.506290,0.089720,3.445310,409.255740,-350.822940,75777.195310,,3.222290,-581.678220
18.332000,0.512700,-0.091000,4.316890,409.256530,-350.822660,76088.328130,,3.256900,-581.644900
18.334000,0.416560,-0.121770,3.517090,409.257020,-350.823520,75820.429690,,3.445310,-581.611080
18.336000,0.311460,-0.038450,2.819820,409.256770,-350.824010,76012.390630,1.000000,3.476070,-581.577270
18.338000,0.385800,0.107670,3.188960,409.256010,-350.823640,75911.140630,,3.290220,-581.544130
18.340000,0.490910,0.051270,4.296390,409.256010,-350.822510,75903.750000,,3.124880,-581.511170
18.342000,0.494750,-0.175600,3.763180,409.256990,-350.822690,76012.390630,,3.313290,-581.477970
18.344000,0.402470,-0.123050,3.086430,409.257110,-350.824010,75822.546880,1.000000,3.518370,-581.444340
18.346000,0.370420,0.008970,2.727540,409.256410,-350.823970,75810.937500,,3.379940,-581.411070
18.348000,0.515260,0.148680,3.424800,409.255650,-350.823090,75617.937500,,3.224850,-581.378360
18.350000,0.608830,-0.021790,3.886230,409.256130,-350.822570,75880.554690,,3.151790,-581.345520
18.352000,0.572940,-0.149960,3.076170,409.256900,-350.823360,75954.382810,1.000000,3.459410,-581.312130
18.354000,0.437070,-0.064090,2.645510,409.256770,-350.824070,75822.546880,,3.436340,-581.278320
18.356000,0.410160,0.060240,2.317380,409.256100,-350.823700,76050.351560,,3.342770,-581.244750
18.358000,0.484500,0.125610,3.609380,409.255680,-350.823090,75587.351560,,3.240230,-581.211670
18.360000,0.526790,-0.049990,4.255370,409.256350,-350.822660,75828.867190,1.000000,3.201780,-581.178340
18.362000,0.444760,-0.120480,3.732420,409.256990,-350.823240,75531.453130,,3.427370,-581.144530
18.364000,0.314030,-0.073060,2.727540,409.256900,-350.824040,76042.976560,,3.442750,-581.110530
18.366000,0.358890,0.080750,2.881350,409.256160,-350.823760,75840.476560,,3.379940,-581.077270
18.368000,0.456300,0.085880,4.132320,409.255890,-350.822750,75729.726560,1.000000,3.119750,-581.044310
18.370000,0.474240,-0.140990,4.193850,409.256810,-350.822540,75974.421880,,3.244080,-581.011110
18.372000,0.388370,-0.148680,3.527340,409.257170,-350.823730,75632.703130,,3.514530,-580.977480
18.374000,0.335820,-0.029480,2.932620,409.256620,-350.824160,76109.414060,,3.394040,-580.944030
18.376000,0.457580,0.134580,3.209470,409.255740,-350.823360,75655.898440,1.000000,3.259460,-580.911250
18.378000,0.572940,0.038450,3.773440,409.255890,-350.822540,76016.609380,,3.119750,-580.878540
18.380000,0.561400,-0.162780,3.353030,409.256810,-350.823240,76067.226560,,3.386350,-580.845340
18.382000,0.437070,-0.087160,2.789060,409.256870,-350.824040,76051.406250,,3.481200,-580.811580
18.384000,0.381960,0.008970,2.542970,409.256290,-350.823880,75952.265630,1.000000,3.328670,-580.778020
18.386000,0.474240,0.144840,3.465820,409.255650,-350.823270,75868.945310,,3.282530,-580.744870
18.388000,0.538330,-0.006410,4.111820,409.256130,-350.822630,76154.765630,,3.154360,-580.711790
18.390000,0.497310,-0.130740,3.906740,409.256840,-350.823090,75870.007810,,3.383790,-580.678220
18.392000,0.356320,-0.091000,2.973630,409.256990,-350.823850,76183.242190,1.000000,3.444030,-580.644230
18.394000,0.351200,0.024350,2.532710,409.256350,-350.824010,75954.382810,,3.381230,-580.610780
18.396000,0.462710,0.121770,3.988770,409.255830,-350.823000,75983.914060,,3.197940,-580.577820
18.398000,0.531920,-0.089720,4.337400,409.256530,-350.822390,75832.031250,,3.140260,-580.544740
18.400000,0.467830,-0.174320,3.465820,409.257170,-350.823490,75813.054690,1.000000,3.494020,-580.511230
18.402000,0.349910,-0.049990,2.686520,409.256810,-350.824160,76116.804690,,3.446590,-580.477480
18.404000,0.411440,0.091000,2.881350,409.255890,-350.823610,75894.257810,,3.264590,-580.444270
18.406000,0.531920,0.087160,3.752930,409.255740,-350.822660,75698.085940,,3.168460,-580.411560
18.408000,0.556270,-0.139710,3.619630,409.256680,-350.822940,75751.882810,1.000000,3.291500,-580.378480
18.410000,0.460140,-0.114070,3.260740,409.256960,-350.823910,76115.750000,,3.523500,-580.344730
18.412000,0.372990,-0.014100,2.532710,409.256500,-350.823910,75991.289060,,3.350460,-580.311040
18.414000,0.452450,0.133300,2.912110,409.255710,-350.823460,75658.007810,,3.299190,-580.277950
18.416000,0.542180,0.038450,3.732420,409.255920,-350.822690,75949.101560,1.000000,3.179990,-580.244930
18.418000,0.529360,-0.116640,3.916990,409.256710,-350.822940,75583.125000,,3.317140,-580.211550
18.420000,0.385800,-0.111510,3.281250,409.256990,-350.823700,75904.804690,,3.482480,-580.177550
18.422000,0.325560,-0.010250,2.666020,409.256560,-350.824010,75583.125000,,3.387630,-580.143740
18.424000,0.401180,0.130740,4.019530,409.255830,-350.823330,75913.250000,1.000000,3.263310,-580.110600
18.426000,0.429380,-0.025630,4.357910,409.256290,-350.822330,75816.210940,,3.104370,-580.077450
18.428000,0.331970,-0.180730,3.578610,409.257110,-350.823150,75878.437500,,3.417110,-580.044190
18.430000,0.112790,-0.084590,2.727540,409.256930,-350.824100,75934.335940,,3.520940,-580.011050
18.432000,0.007690,0.056400,2.666020,409.256160,-350.823730,75693.875000,1.000000,3.297910,-579.979130
18.434000,-0.030760,0.116640,3.711910,409.255650,-350.822880,76076.718750,,3.178710,-579.948850
18.436000,-0.137150,-0.099980,3.927250,409.256440,-350.822690,75622.148440,,3.251770,-579.919920
18.438000,-0.331970,-0.128170,3.476070,409.256960,-350.823790,76079.882810,,3.482480,-579.892580
18.440000,-0.558840,-0.030760,2.614750,409.256590,-350.824010,75932.226560,1.000000,3.417110,-579.867310
18.442000,-0.608830,0.105100,2.532710,409.255860,-350.823610,75894.257810,,3.296630,-579.845280
18.444000,-0.620360,0.073060,3.281250,409.255770,-350.822940,75851.023440,,3.221010,-579.826480
18.446000,-0.646000,-0.089720,3.958010,409.256530,-350.822780,75990.234380,,3.278690,-579.810670
18.446000,-0.646000,-0.089720,3.958010,409.256530,-350.822780,75990.234380,,3.278690,-579.810670
18.448000,-0.722900,-0.098690,3.219730,409.256900,-350.823580,76189.578130,1.000000,3.446590,-579.797550
18.450000,-0.729310,-0.012820,2.768550,409.256620,-350.823910,75761.367190,,3.447880,-579.787410
18.452000,-0.529360,0.111510,3.076170,409.255950,-350.823580,76166.375000,,3.283810,-579.780460
18.454000,-0.292240,0.033330,3.342770,409.256130,-350.822660,75855.242190,,3.186400,-579.775880
18.456000,-0.099980,-0.107670,2.983890,409.256810,-350.822940,75943.835940,1.000000,3.349180,-579.772950
18.458000,-0.012820,-0.035890,2.266110,409.256710,-350.823760,75993.398440,,3.461980,-579.771000
18.460000,0.103820,0.052550,2.194340,409.256230,-350.823670,76090.437500,,3.355590,-579.770020
18.462000,0.317870,0.111510,2.266110,409.255950,-350.823210,76018.710940,,3.285100,-579.770020
18.462000,0.317870,0.111510,2.266110,409.255950,-350.823210,76018.710940,,3.285100,-579.770020
18.464000,0.460140,-0.001280,2.327640,409.256350,-350.823090,75704.421880,1.000000,3.301760,-579.769840
18.466000,0.531920,0.005130,1.825200,409.256500,-350.823360,75990.234380,,3.418400,-579.769350
18.468000,0.508850,0.055110,1.681640,409.256320,-350.823460,75923.796880,,3.347900,-579.768370
18.470000,0.531920,0.078190,1.876460,409.256290,-350.823390,75977.585940,,3.376100,-579.767580
18.472000,0.551150,0.071780,1.814940,409.256410,-350.823360,76148.445310,1.000000,3.344060,-579.766600
18.474000,0.531920,0.053830,2.173830,409.256500,-350.823210,75822.546880,,3.355590,-579.765380
18.476000,0.475520,0.103820,2.163570,409.256410,-350.823180,76013.445310,,3.382510,-579.764040
18.478000,0.406310,0.099980,1.712400,409.256410,-350.823330,75844.687500,,3.392760,-579.762630
18.480000,0.425540,0.108950,1.640630,409.256470,-350.823360,75940.671880,1.000000,3.379940,-579.761720
18.482000,0.422970,0.099980,2.102050,409.256620,-350.823210,75846.796880,,3.335080,-579.760800
18.484000,0.406310,0.061520,2.430180,409.256840,-350.823180,75837.312500,,3.373540,-579.759890
18.486000,0.348630,0.098690,2.163570,409.256810,-350.823360,75912.195310,,3.424800,-579.758970
18.488000,0.329410,0.129460,2.102050,409.256620,-350.823390,75584.179690,1.000000,3.383790,-579.758360
18.490000,0.383240,0.166630,1.927730,409.256440,-350.823180,75960.703130,,3.346620,-579.758120
18.492000,0.426820,0.129460,1.866210,409.256560,-350.823030,75868.945310,,3.349180,-579.757930
18.494000,0.448610,0.097410,1.743160,409.256810,-350.823270,75974.421880,,3.420960,-579.757690
18.496000,0.430660,0.144840,1.527830,409.256770,-350.823360,75821.492190,1.000000,3.410710,-579.757390
18.498000,0.458860,0.157650,2.040530,409.256710,-350.823300,75724.460940,,3.377380,-579.757260
18.500000,0.488340,0.176880,2.214840,409.256710,-350.823210,75978.632810,,3.392760,-579.757140
28.118000,0.271730,-0.699830,2.368650,249.583760,-350.822240,76009.218750,,3.827270,-579.755620
28.120000,0.274290,-0.692140,2.471190,249.550400,-350.822170,75895.320310,1.000000,3.819580,-579.755550
28.122000,0.279420,-0.679320,2.132810,249.516970,-350.822140,75874.218750,,3.823430,-579.755620
28.124000,0.274290,-0.676760,2.153320,249.483600,-350.822170,75776.132810,,3.837520,-579.755620
28.126000,0.270450,-0.684450,2.471190,249.450230,-350.822200,75979.687500,,3.831120,-579.755620
28.466000,0.261470,-0.707520,2.409670,243.785570,-350.822140,75915.351560,,3.849060,-579.755680
28.468000,0.258910,-0.779300,2.460940,243.752590,-350.822140,75681.218750,,3.846500,-579.755620
28.544000,0.255070,-0.699830,1.907230,242.485780,-350.822170,75801.445310,1.000000,3.842650,-579.755680
28.552000,,,,,,,1.000000,,
28.554000,0.252500,-0.651120,2.614750,242.318970,-350.822110,76011.328130,,3.842650,-579.755620
28.556000,0.256350,-0.612670,1.855960,242.285430,-350.822110,75606.328130,,3.840090,-579.755620
28.558000,0.258910,-0.563960,2.696780,242.251830,-350.822080,75947.000000,,3.841370,-579.755620
28.672000,0.257630,-0.731870,2.460940,240.351940,-350.822110,75876.328130,1.000000,3.841370,-579.755680
28.674000,0.257630,-0.716490,2.163570,240.318540,-350.822140,75873.171880,,3.843930,-579.755680
28.676000,0.251220,-0.726750,2.163570,240.285170,-350.822110,75931.179690,,3.841370,-579.755680
28.678000,0.251220,-0.724180,2.071290,240.251750,-350.822140,75834.140630,,3.841370,-579.755680
28.680000,0.255070,-0.680600,2.286620,240.218150,-350.822110,75913.250000,1.000000,3.840090,-579.755680
28.768000,0.260190,-0.721620,2.419920,238.750780,-350.822110,75740.273440,1.000000,3.837520,-579.755680
28.776000,,,,,,,1.000000,,
28.854000,0.255070,-0.701110,1.968750,237.317430,-350.822080,75873.171880,,3.847780,-579.755680
28.856000,0.251220,-0.697270,2.061040,237.284060,-350.822110,75952.265630,1.000000,3.854190,-579.755680
28.858000,0.252500,-0.684450,2.286620,237.250660,-350.822110,75847.851560,,3.851620,-579.755680
28.860000,0.255070,-0.670350,2.368650,237.217270,-350.822110,75798.281250,,3.845210,-579.755680
28.862000,0.257630,-0.692140,2.050780,237.184020,-350.822080,75982.859380,,3.849060,-579.755680
28.864000,0.255070,-0.729310,2.296880,237.150880,-350.822110,75671.718750,1.000000,3.858030,-579.755680
28.872000,,,,,,,1.000000,,
28.874000,0.249940,-0.669070,2.071290,236.984270,-350.822110,75635.867190,,3.849060,-579.755680
28.876000,0.246090,-0.706240,1.958500,236.951020,-350.822110,75898.484380,,3.849060,-579.755680
28.878000,0.247380,-0.719060,2.163570,236.917720,-350.822110,75866.843750,,3.849060,-579.755680
28.936000,,,,,,,1.000000,,
28.938000,0.253780,-0.610110,2.163570,235.917560,-350.822050,75954.382810,,3.845210,-579.755680
28.940000,0.252500,-0.615230,1.712400,235.884230,-350.822080,75728.671880,,3.856750,-579.755680
28.942000,0.248660,-0.633180,1.979000,235.850970,-350.822110,75824.656250,,3.859310,-579.755680
29.024000,0.253780,-0.710080,2.112300,234.486100,-350.822080,75955.437500,1.000000,3.850340,-579.755680
29.032000,,,,,,,1.000000,,
29.034000,0.253780,-0.540890,2.348140,234.318410,-350.822050,75873.171880,,3.861880,-579.755680
29.056000,0.247380,-0.661380,1.937990,233.952900,-350.822110,75961.757810,1.000000,3.859310,-579.755680
29.064000,,,,,,,1.000000,,
29.066000,0.244810,-0.711360,2.132810,233.786450,-350.822080,75841.523440,,3.856750,-579.755680
29.068000,0.247380,-0.751100,2.440430,233.753370,-350.822050,75756.093750,,3.851620,-579.755680
29.070000,0.249940,-0.749820,2.225100,233.720150,-350.822050,75878.437500,,3.856750,-579.755680
29.352000,0.243530,-0.703670,2.225100,229.018950,-350.822080,75892.148440,1.000000,3.849060,-579.755680
29.360000,,,,,,,1.000000,,
29.362000,0.242250,-0.717770,2.194340,228.852100,-350.822110,75960.703130,,3.845210,-579.755680
29.364000,0.248660,-0.722900,2.173830,228.818770,-350.822080,76035.593750,,3.836240,-579.755680
29.366000,0.249940,-0.733150,2.235350,228.785510,-350.822080,75903.750000,,3.843930,-579.755680
29.440000,0.247380,-0.681880,2.266110,227.551960,-350.822020,75955.437500,1.000000,3.850340,-579.755680
29.442000,0.251220,-0.660100,2.522460,227.518550,-350.822050,75937.500000,,3.849060,-579.755680
29.444000,0.243530,-0.670350,2.214840,227.485280,-350.822110,75776.132810,,3.849060,-579.755680
29.444000,0.243530,-0.670350,2.214840,227.485280,-350.822110,75776.132810,,3.849060,-579.755680
29.446000,0.240970,-0.710080,2.542970,227.452100,-350.822110,76036.640630,,3.849060,-579.755680
29.448000,0.243530,-0.724180,2.040530,227.418850,-350.822110,76276.062500,1.000000,3.843930,-579.755680
29.448000,0.243530,-0.724180,2.040530,227.418850,-350.822110,76276.062500,1.000000,3.843930,-579.755680
29.450000,0.248660,-0.712650,2.214840,227.385500,-350.822050,75682.265630,,3.841370,-579.755680
29.452000,0.249940,-0.710080,1.855960,227.352130,-350.822080,75900.593750,,3.850340,-579.755680
29.454000,0.243530,-0.721620,2.020020,227.318830,-350.822110,75841.523440,,3.855470,-579.755680
29.456000,0.244810,-0.719060,2.276370,227.285450,-350.822110,75928.015630,1.000000,3.850340,-579.755680
29.458000,0.248660,-0.687010,2.573730,227.252000,-350.822050,75622.148440,,3.843930,-579.755680
29.460000,0.252500,-0.678040,2.348140,227.218600,-350.822050,75987.078130,,3.852910,-579.755680
29.462000,0.246090,-0.710080,2.317380,227.185390,-350.822080,76030.320310,,3.858030,-579.755680
29.464000,0.243530,-0.752380,2.337890,227.152300,-350.822110,75678.054690,1.000000,3.851620,-579.755680
29.466000,0.243530,-0.767760,2.255860,227.119130,-350.822050,75917.460940,,3.849060,-579.755680
29.468000,0.246090,-0.748540,2.522460,227.085830,-350.822020,75799.335940,,3.845210,-579.755680
29.470000,0.248660,-0.715210,2.573730,227.052400,-350.822050,75984.960940,,3.852910,-579.755680
29.472000,0.244810,-0.690860,2.245610,227.019000,-350.822080,75679.109380,1.000000,3.847780,-579.755680
29.480000,,,,,,,1.000000,,
29.512000,,,,,,,1.000000,,
29.514000,0.247380,-0.710080,2.009770,226.319110,-350.822050,75853.132810,,3.851620,-579.755680
29.516000,0.251220,-0.722900,2.071290,226.285830,-350.822020,75912.195310,,3.850340,-579.755680
29.518000,0.251220,-0.743410,2.143070,226.252670,-350.822050,75897.429690,,3.860600,-579.755680
29.600000,0.247380,-0.693420,2.307130,224.887050,-350.822050,75724.460940,1.000000,3.849060,-579.755680
29.602000,0.248660,-0.661380,2.327640,224.853550,-350.822020,75843.640630,,3.855470,-579.755680
29.604000,0.246090,-0.658810,2.296880,224.820130,-350.822080,75870.007810,,3.867000,-579.755680
29.606000,0.240970,-0.674190,2.419920,224.786730,-350.822080,75879.492190,,3.860600,-579.755680
29.608000,0.240970,-0.669070,2.583980,224.753330,-350.822050,75684.382810,1.000000,3.856750,-579.755680
29.610000,0.243530,-0.651120,2.666020,224.719880,-350.821990,75926.953130,,3.852910,-579.755680
29.612000,0.247380,-0.653690,2.348140,224.686520,-350.822020,75859.453130,,3.854190,-579.755680
29.614000,0.244810,-0.678040,2.102050,224.653310,-350.822050,76037.695310,,3.854190,-579.755740
29.614000,0.244810,-0.678040,2.102050,224.653310,-350.822050,76037.695310,,3.854190,-579.755740
29.616000,0.238400,-0.716490,2.122560,224.620180,-350.822080,75928.015630,1.000000,3.851620,-579.755680
29.618000,0.240970,-0.743410,2.040530,224.587100,-350.822110,75795.125000,,3.850340,-579.755680
29.620000,0.246090,-0.758790,2.337890,224.553970,-350.822080,76061.953130,,3.841370,-579.755680
29.622000,0.249940,-0.745970,2.266110,224.520720,-350.822050,75799.335940,,3.849060,-579.755680
29.624000,0.243530,-0.726750,2.214840,224.487430,-350.822080,75835.195310,1.000000,3.858030,-579.755680
29.626000,0.240970,-0.712650,2.317380,224.454060,-350.822110,76031.375000,,3.855470,-579.755680
29.628000,0.243530,-0.680600,2.030270,224.420590,-350.822050,76133.679690,,3.852910,-579.755680
29.630000,0.247380,-0.637020,2.143070,224.387020,-350.822020,75725.507810,,3.851620,-579.755680
29.632000,0.247380,-0.601140,2.276370,224.353450,-350.822050,75907.968750,1.000000,3.863160,-579.755680
29.640000,,,,,,,1.000000,,
29.642000,0.243530,-0.666500,1.927730,224.186920,-350.822050,75901.648440,,3.855470,-579.755740
29.644000,0.239690,-0.712650,2.061040,224.153870,-350.822080,75661.179690,,3.849060,-579.755680
29.646000,0.239690,-0.748540,2.020020,224.120820,-350.822110,75833.085940,,3.851620,-579.755680
29.726000,0.246090,-0.694700,2.532710,222.788060,-350.822050,75943.835940,,3.860600,-579.755680
29.728000,0.242250,-0.670350,2.348140,222.754500,-350.822050,75687.539060,1.000000,3.855470,-579.755740
29.736000,,,,,,,1.000000,,
29.854000,0.242250,-0.624210,2.337890,220.653120,-350.822050,76090.437500,,3.867000,-579.755680
29.856000,0.247380,-0.620360,2.450680,220.619600,-350.822020,75890.039060,1.000000,3.860600,-579.755680
29.864000,,,,,,,1.000000,,
29.992000,,,,,,,1.000000,,
29.994000,0.242250,-0.716490,2.327640,218.318680,-350.822050,75846.796880,,3.870850,-579.755740
29.996000,0.240970,-0.729310,2.173830,218.285450,-350.822080,75950.156250,,3.867000,-579.755680
30.110000,0.243530,-0.674190,2.245610,216.386230,-350.822020,75727.617190,,3.875980,-579.755680
30.112000,0.246090,-0.701110,2.112300,216.352950,-350.821990,76025.039060,1.000000,3.868290,-579.755680
30.120000,,,,,,,1.000000,,
30.264000,0.238400,-0.658810,2.389160,213.820850,-350.821990,75942.781250,1.000000,3.859310,-579.755680
30.272000,,,,,,,1.000000,,
30.274000,0.240970,-0.730590,2.337890,213.654750,-350.822020,76137.890630,,3.850340,-579.755680
30.314000,0.246090,-0.652400,2.491700,212.987630,-350.821990,75478.710940,,3.856750,-579.755740
30.316000,0.240970,-0.711360,2.522460,212.954680,-350.822050,75975.468750,,3.860600,-579.755740
30.318000,0.237120,-0.751100,2.245610,212.921720,-350.822050,75906.914060,,3.854190,-579.755680
30.320000,0.237120,-0.738280,2.307130,212.888580,-350.822020,75814.101560,1.000000,3.852910,-579.755680
30.322000,0.239690,-0.698550,2.327640,212.855220,-350.821990,75795.125000,,3.850340,-579.755680
30.324000,0.242250,-0.666500,2.604490,212.821790,-350.822020,76038.750000,,3.858030,-579.755740
30.326000,0.237120,-0.652400,2.389160,212.788380,-350.822050,75723.406250,,3.851620,-579.755740
30.328000,0.230710,-0.653690,2.358400,212.754940,-350.822050,75778.250000,1.000000,3.854190,-579.755740
30.352000,0.237120,-0.653690,2.553220,212.354980,-350.821990,76076.718750,1.000000,3.854190,-579.755740
30.354000,0.237120,-0.619080,2.204590,212.321400,-350.822020,75957.539060,,3.852910,-579.755740
30.356000,0.230710,-0.608830,2.030270,212.287900,-350.822050,75916.414060,,3.849060,-579.755740
30.358000,0.231990,-0.592160,1.784180,212.254390,-350.822050,75834.140630,,3.854190,-579.755680
30.360000,0.238400,-0.576780,2.194340,212.220950,-350.822020,75971.257810,1.000000,3.841370,-579.755740
30.362000,0.242250,-0.606260,2.112300,212.187670,-350.822020,76289.765630,,3.849060,-579.755740
30.364000,0.237120,-0.670350,2.266110,212.154600,-350.822050,75577.859380,,3.854190,-579.755740
30.366000,0.235840,-0.728030,2.296880,212.121600,-350.822080,75917.460940,,3.854190,-579.755680
30.368000,0.238400,-0.735720,2.040530,212.088460,-350.822020,75697.039060,1.000000,3.847780,-579.755680
30.370000,0.242250,-0.716490,2.153320,212.055150,-350.821990,75920.625000,,3.847780,-579.755680
30.372000,0.240970,-0.697270,2.122560,212.021820,-350.822050,75861.562500,,3.860600,-579.755740
30.374000,0.233280,-0.699830,2.563480,211.988490,-350.822050,75701.250000,,3.861880,-579.755680
30.374000,0.233280,-0.699830,2.563480,211.988490,-350.822050,75701.250000,,3.861880,-579.755680
30.376000,0.230710,-0.716490,2.532710,211.955200,-350.822020,75993.398440,1.000000,3.849060,-579.755680
30.378000,0.231990,-0.681880,2.614750,211.921710,-350.821990,75780.351560,,3.852910,-579.755680
30.380000,0.235840,-0.640870,2.378910,211.888080,-350.821960,75848.906250,,3.852910,-579.755740
30.382000,0.237120,-0.592160,2.122560,211.854430,-350.822020,75864.726560,,3.855470,-579.755800
30.384000,0.230710,-0.572940,2.143070,211.820910,-350.822020,76061.953130,1.000000,3.849060,-579.755740
30.392000,,,,,,,1.000000,,
30.394000,0.235840,-0.651120,2.061040,211.654690,-350.822080,75925.906250,,3.854190,-579.755740
30.396000,0.235840,-0.676760,2.225100,211.621550,-350.822050,75863.671880,,3.850340,-579.755680
30.398000,0.240970,-0.688290,2.337890,211.588320,-350.821990,76114.695310,,3.849060,-579.755680
30.480000,0.233280,-0.658810,2.399410,210.220860,-350.822050,75832.031250,1.000000,3.859310,-579.755740
30.488000,,,,,,,1.000000,,
30.490000,0.233280,-0.726750,2.573730,210.054150,-350.822020,75995.507810,,3.851620,-579.755680
30.492000,0.235840,-0.720340,2.778810,210.020830,-350.821990,75706.531250,,3.854190,-579.755680
30.494000,0.238400,-0.712650,2.358400,209.987430,-350.821990,75764.539060,,3.852910,-579.755740
30.672000,0.234560,-0.730590,2.286620,207.020490,-350.822050,75570.468750,1.000000,3.851620,-579.755680
30.680000,,,,,,,1.000000,,
30.680000,,,,,,,1.000000,,
30.682000,0.239690,-0.680600,2.440430,206.853330,-350.821990,75833.085940,,3.852910,-579.755680
30.736000,0.233280,-0.667790,2.204590,205.953630,-350.822050,75926.953130,1.000000,3.861880,-579.755740
30.744000,,,,,,,1.000000,,
30.746000,0.230710,-0.758790,2.563480,205.787400,-350.822020,75841.523440,,3.858030,-579.755680
30.748000,0.233280,-0.766480,2.676270,205.754180,-350.821960,75670.664060,,3.861880,-579.755680
30.750000,0.237120,-0.760070,2.399410,205.720900,-350.821960,75866.843750,,3.858030,-579.755740
30.832000,0.233280,-0.637020,2.358400,204.354570,-350.821960,76278.171880,1.000000,3.872130,-579.755680
30.840000,,,,,,,1.000000,,
30.842000,0.233280,-0.724180,1.743160,204.188160,-350.822020,76005.007810,,3.864440,-579.755680
30.844000,0.238400,-0.740840,2.214840,204.155030,-350.821990,75697.039060,,3.852910,-579.755740
30.846000,0.240970,-0.744690,2.296880,204.121860,-350.821990,75941.726560,,3.865720,-579.755740
30.896000,0.230710,-0.719060,2.173830,203.288790,-350.822050,75943.835940,1.000000,3.864440,-579.755740
30.904000,,,,,,,1.000000,,
30.936000,,,,,,,1.000000,,
30.938000,0.243530,-0.703670,2.532710,202.588670,-350.821960,76217.000000,,3.874690,-579.755680
30.988000,0.264040,-0.656250,2.214840,201.755220,-350.821900,75724.460940,,3.886230,-579.755680
30.990000,0.269170,-0.667790,2.009770,201.722030,-350.821960,76016.609380,,3.909300,-579.755680
30.992000,0.274290,-0.683170,2.040530,201.688830,-350.821960,75971.257810,1.000000,3.899050,-579.755680
31.000000,,,,,,,1.000000,,
31.002000,0.276860,-0.740840,2.440430,201.522660,-350.821900,75770.859380,,3.897770,-579.755680
31.004000,0.270450,-0.706240,2.245610,201.489200,-350.821840,76055.632810,,3.906740,-579.755680
31.006000,0.261470,-0.688290,2.276370,201.455720,-350.821840,76046.132810,,3.911870,-579.755620
31.096000,,,,,,,1.000000,,
31.098000,0.316590,-0.738280,1.845700,199.921740,-350.821750,75598.945310,,3.949040,-579.755550
31.100000,0.310180,-0.722900,2.102050,199.888280,-350.821750,75987.078130,,3.946470,-579.755490
31.102000,0.311460,-0.711360,1.825200,199.854830,-350.821720,75909.031250,,3.945190,-579.755430
31.184000,0.347350,-0.628050,2.020020,198.487080,-350.821590,76182.195310,1.000000,3.974670,-579.755430
31.192000,,,,,,,1.000000,,
31.192000,,,,,,,1.000000,,
31.194000,0.349910,-0.704960,2.307130,198.320910,-350.821560,75866.843750,,3.958010,-579.755370
31.196000,0.348630,-0.717770,2.050780,198.287690,-350.821560,75782.468750,,3.963130,-579.755370
31.198000,0.349910,-0.737000,1.907230,198.254520,-350.821620,75970.203130,,3.986210,-579.755370
31.294000,0.383240,-0.728030,2.091800,196.655040,-350.821470,75996.562500,,3.947750,-579.755310
31.296000,0.383240,-0.724180,1.927730,196.621780,-350.821470,76050.351560,1.000000,3.966980,-579.755310
31.298000,0.381960,-0.728030,1.937990,196.588520,-350.821500,75905.859380,,3.959290,-579.755310
31.300000,0.376830,-0.739560,1.722660,196.555310,-350.821500,75828.867190,,3.961850,-579.755250
31.302000,0.383240,-0.726750,1.825200,196.522000,-350.821500,75918.515630,,3.958010,-579.755250
31.302000,0.383240,-0.726750,1.825200,196.522000,-350.821500,75918.515630,,3.958010,-579.755250
31.304000,0.387080,-0.699830,1.476560,196.488570,-350.821470,76119.960940,1.000000,3.955440,-579.755310
31.306000,0.385800,-0.651120,2.153320,196.455020,-350.821500,75760.312500,,3.966980,-579.755310
31.308000,0.383240,-0.646000,2.204590,196.421590,-350.821440,75953.328130,,3.946470,-579.755310
31.310000,0.384520,-0.684450,2.153320,196.388350,-350.821500,76005.007810,,3.961850,-579.755250
31.312000,0.385800,-0.734440,1.948240,196.355210,-350.821530,75960.703130,1.000000,3.973390,-579.755250
31.456000,0.419130,-0.692140,1.784180,193.957110,-350.821410,75814.101560,1.000000,3.954160,-579.755130
31.464000,,,,,,,1.000000,,
31.466000,0.417850,-0.687010,1.558590,193.790410,-350.821410,75842.585940,,3.954160,-579.755130
31.678000,0.424260,-0.710080,2.030270,190.257350,-350.821410,76145.281250,,3.949040,-579.755070
31.680000,0.422970,-0.695980,2.030270,190.223850,-350.821410,75897.429690,1.000000,3.960570,-579.755070
31.808000,0.419130,-0.680600,1.630370,188.089140,-350.821380,75925.906250,1.000000,3.960570,-579.755070
31.816000,,,,,,,1.000000,,
31.818000,0.419130,-0.786990,1.937990,187.923020,-350.821410,75720.242190,,3.954160,-579.755070
31.820000,0.420410,-0.797240,1.948240,187.889830,-350.821380,76034.531250,,3.951600,-579.755070
31.822000,0.421690,-0.798520,1.507320,187.856580,-350.821410,75879.492190,,3.960570,-579.755070
31.926000,0.415280,-0.829280,1.671390,186.124070,-350.821410,76030.320310,,3.964420,-579.755070
31.928000,0.415280,-0.811340,1.425290,186.090650,-350.821380,75864.726560,1.000000,3.964420,-579.755070
31.928000,0.415280,-0.811340,1.425290,186.090650,-350.821380,75864.726560,1.000000,3.964420,-579.755070
31.930000,0.414000,-0.771610,1.773930,186.057110,-350.821380,76031.375000,,3.964420,-579.755070
31.932000,0.414000,-0.721620,1.702150,186.023510,-350.821380,76209.617190,,3.965700,-579.755070
31.934000,0.414000,-0.681880,2.061040,185.989960,-350.821380,75950.156250,,3.964420,-579.755070
31.936000,0.415280,-0.675480,1.599610,185.956530,-350.821380,75791.960940,1.000000,3.965700,-579.755070
32.030000,0.408870,-0.675480,1.814940,184.391370,-350.821350,75941.726560,,3.977230,-579.755070
32.032000,0.408870,-0.620360,2.122560,184.357680,-350.821350,76076.718750,1.000000,3.974670,-579.755070
32.200000,,,,,,,1.000000,,
32.202000,0.401180,-0.745970,1.989260,181.525770,-350.821320,75691.765630,,3.974670,-579.755130
32.204000,0.399900,-0.720340,1.558590,181.492280,-350.821290,76154.765630,,3.974670,-579.755130
32.206000,0.399900,-0.695980,1.312500,181.458740,-350.821290,75801.445310,,3.975950,-579.755130
32.310000,0.394780,-0.719060,1.763670,179.724580,-350.821290,75854.187500,,3.970830,-579.755130
32.312000,0.394780,-0.730590,1.896970,179.691330,-350.821290,75331.054690,1.000000,3.968260,-579.755130
32.314000,0.394780,-0.738280,2.143070,179.658080,-350.821290,76040.867190,,3.968260,-579.755130
32.316000,0.393490,-0.748540,1.866210,179.624830,-350.821320,75977.585940,,3.968260,-579.755130
32.318000,0.393490,-0.758790,1.681640,179.591570,-350.821320,75810.937500,,3.966980,-579.755130
32.320000,0.393490,-0.770320,1.435550,179.558290,-350.821320,75787.734380,1.000000,3.969540,-579.755130
32.322000,0.394780,-0.763920,1.732910,179.524900,-350.821320,75649.578130,,3.968260,-579.755130
32.324000,0.396060,-0.745970,1.650880,179.491420,-350.821290,76085.164060,,3.968260,-579.755130
32.326000,0.394780,-0.725460,1.937990,179.457900,-350.821290,75574.695310,,3.969540,-579.755130
32.328000,0.394780,-0.702390,1.804690,179.424330,-350.821290,75987.078130,1.000000,3.969540,-579.755130
32.328000,0.394780,-0.702390,1.804690,179.424330,-350.821290,75987.078130,1.000000,3.969540,-579.755130
32.330000,0.393490,-0.681880,1.835450,179.390780,-350.821290,75964.921880,,3.969540,-579.755130
32.332000,0.394780,-0.675480,1.794430,179.357280,-350.821290,75964.921880,,3.968260,-579.755130
32.334000,0.394780,-0.674190,1.517580,179.323880,-350.821290,75733.953130,,3.966980,-579.755130
32.336000,0.396060,-0.688290,2.194340,179.290620,-350.821290,75912.195310,1.000000,3.966980,-579.755130
32.338000,0.396060,-0.715210,1.845700,179.257420,-350.821290,76213.828130,,3.966980,-579.755130
32.340000,0.394780,-0.740840,1.999510,179.224240,-350.821320,75837.312500,,3.965700,-579.755130
32.342000,0.394780,-0.748540,1.948240,179.191060,-350.821320,76189.578130,,3.966980,-579.755130
32.344000,0.394780,-0.745970,1.825200,179.157790,-350.821320,75939.617190,1.000000,3.966980,-579.755130
32.406000,0.390930,-0.689580,1.743160,178.123960,-350.821290,76020.820310,,3.966980,-579.755130
32.408000,0.390930,-0.658810,1.732910,178.090500,-350.821290,75814.101560,1.000000,3.966980,-579.755130
32.416000,,,,,,,1.000000,,
32.418000,0.390930,-0.762630,1.917480,177.924480,-350.821320,75663.289060,,3.961850,-579.755130
32.420000,0.390930,-0.779300,1.845700,177.891330,-350.821320,75964.921880,,3.961850,-579.755130
32.422000,0.390930,-0.780580,1.691890,177.858080,-350.821320,75942.781250,,3.961850,-579.755130
32.472000,0.388370,-0.703670,1.599610,177.024490,-350.821320,75922.734380,1.000000,3.960570,-579.755130
32.480000,,,,,,,1.000000,,
32.482000,0.388370,-0.701110,1.753420,176.857670,-350.821290,75872.109380,,3.964420,-579.755130
32.484000,0.387080,-0.674190,1.620120,176.824170,-350.821290,75821.492190,,3.964420,-579.755130
32.486000,0.387080,-0.683170,1.712400,176.790820,-350.821290,75861.562500,,3.964420,-579.755130
32.694000,0.380680,-0.679320,1.753420,173.326230,-350.821320,75735.007810,,3.954160,-579.755130
32.696000,0.380680,-0.678040,2.061040,173.293030,-350.821320,75820.429690,1.000000,3.954160,-579.755130
32.822000,0.375550,-0.769040,2.091800,171.194210,-350.821350,76148.445310,,3.952880,-579.755130
32.824000,0.375550,-0.763920,2.050780,171.160810,-350.821350,75841.523440,1.000000,3.952880,-579.755130
32.856000,0.374270,-0.638310,1.517580,170.626280,-350.821290,75897.429690,1.000000,3.958010,-579.755130
32.864000,,,,,,,1.000000,,
32.866000,0.374270,-0.757510,1.773930,170.459960,-350.821320,75765.593750,,3.950320,-579.755130
32.868000,0.374270,-0.779300,1.415040,170.426860,-350.821320,75877.382810,,3.950320,-579.755130
32.868000,0.374270,-0.779300,1.415040,170.426860,-350.821320,75877.382810,,3.950320,-579.755130
32.870000,0.372990,-0.788270,1.609860,170.393710,-350.821320,75983.914060,,3.951600,-579.755130
32.874000,0.374270,-0.780580,2.173830,170.327150,-350.821350,75724.460940,,3.951600,-579.755130
32.876000,0.375550,-0.769040,2.225100,170.293750,-350.821320,75686.484380,,3.955440,-579.755130
32.878000,0.372990,-0.745970,2.020020,170.260270,-350.821320,76275.000000,,3.955440,-579.755130
32.880000,0.372990,-0.712650,1.527830,170.226720,-350.821290,75897.429690,1.000000,3.956730,-579.755130
32.882000,0.372990,-0.681880,1.712400,170.193150,-350.821290,76161.101560,,3.958010,-579.755130
32.884000,0.372990,-0.658810,1.814940,170.159640,-350.821290,75884.773440,,3.956730,-579.755130
32.886000,0.372990,-0.683170,1.968750,170.126300,-350.821290,76152.656250,,3.956730,-579.755130
32.888000,0.372990,-0.717770,2.040530,170.093050,-350.821290,75893.203130,1.000000,3.954160,-579.755130
32.896000,,,,,,,1.000000,,
32.898000,0.374270,-0.766480,1.589360,169.926640,-350.821320,75686.484380,,3.952880,-579.755130
32.900000,0.372990,-0.748540,2.040530,169.893200,-350.821320,76015.546880,,3.952880,-579.755130
32.902000,0.372990,-0.728030,1.989260,169.859730,-350.821320,75913.250000,,3.954160,-579.755130
32.984000,0.370420,-0.675480,1.630370,168.492000,-350.821290,75989.187500,1.000000,3.955440,-579.755130
32.992000,,,,,,,1.000000,,
32.994000,0.371700,-0.763920,1.630370,168.325900,-350.821320,75739.226560,,3.951600,-579.755130
32.996000,0.369140,-0.771610,1.835450,168.292690,-350.821320,75819.375000,,3.954160,-579.755130
32.998000,0.370420,-0.770320,1.702150,168.259430,-350.821320,76143.164060,,3.954160,-579.755130
33.078000,0.369140,-0.756230,2.020020,166.926420,-350.821320,75677.000000,,3.954160,-579.755130
33.080000,0.366580,-0.751100,1.979000,166.893020,-350.821290,76067.226560,1.000000,3.955440,-579.755130
33.144000,0.369140,-0.728030,1.814940,165.826600,-350.821290,75880.554690,1.000000,3.954160,-579.755130
33.152000,,,,,,,1.000000,,
33.154000,0.367860,-0.744690,1.814940,165.660350,-350.821320,75998.679690,,3.955440,-579.755130
33.156000,0.367860,-0.726750,1.825200,165.626920,-350.821290,75858.406250,,3.955440,-579.755130
33.158000,0.367860,-0.712650,2.061040,165.593510,-350.821290,75835.195310,,3.954160,-579.755130
33.264000,0.364010,-0.670350,1.640630,163.827740,-350.821290,75769.812500,1.000000,3.956730,-579.755190
33.272000,,,,,,,1.000000,,
33.274000,0.365300,-0.794680,1.968750,163.661940,-350.821320,76051.406250,,3.954160,-579.755130
33.276000,0.365300,-0.780580,1.763670,163.628540,-350.821320,75935.390630,,3.955440,-579.755190
33.278000,0.365300,-0.762630,1.855960,163.595030,-350.821290,75847.851560,,3.956730,-579.755190
33.398000,0.362730,-0.767760,2.071290,161.595570,-350.821320,75766.648440,,3.955440,-579.755190
33.400000,0.362730,-0.769040,1.814940,161.562290,-350.821290,75767.703130,1.000000,3.956730,-579.755190
33.408000,,,,,,,1.000000,,
33.410000,0.362730,-0.683170,1.814940,161.394970,-350.821290,75972.312500,,3.958010,-579.755190
33.412000,0.362730,-0.725460,2.081540,161.361760,-350.821290,75969.148440,,3.955440,-579.755190
33.414000,0.362730,-0.772890,1.937990,161.328670,-350.821290,75678.054690,,3.951600,-579.755190
33.464000,0.361450,-0.726750,1.691890,160.494520,-350.821290,75914.296880,1.000000,3.954160,-579.755190
33.472000,,,,,,,1.000000,,
33.474000,0.361450,-0.813900,2.081540,160.328780,-350.821320,75769.812500,,3.955440,-579.755190
33.476000,0.360170,-0.806210,2.348140,160.295410,-350.821290,75649.578130,,3.955440,-579.755190
33.478000,0.360170,-0.793400,1.712400,160.261990,-350.821290,76126.289060,,3.958010,-579.755190
33.502000,0.361450,-0.753660,2.020020,159.861210,-350.821290,75880.554690,,3.956730,-579.755190
33.504000,0.358890,-0.738280,1.917480,159.827740,-350.821290,75827.820310,1.000000,3.956730,-579.755190
33.506000,0.361450,-0.720340,1.538090,159.794270,-350.821290,75857.343750,,3.958010,-579.755190
33.550000,0.360170,-0.749820,2.061040,159.060870,-350.821290,75867.898440,,3.958010,-579.755190
33.552000,0.360170,-0.756230,1.753420,159.027480,-350.821290,76037.695310,1.000000,3.958010,-579.755190
33.560000,,,,,,,1.000000,,
33.562000,0.360170,-0.762630,2.081540,158.860520,-350.821290,76028.210940,,3.955440,-579.755190
33.564000,0.360170,-0.788270,1.917480,158.827270,-350.821290,75819.375000,,3.954160,-579.755190
33.566000,0.358890,-0.811340,2.091800,158.794070,-350.821290,75798.281250,,3.952880,-579.755190
33.654000,0.357600,-0.783140,1.855960,157.327390,-350.821290,75746.601560,,3.958010,-579.755190
33.656000,0.357600,-0.774170,1.968750,157.294010,-350.821290,75640.078130,1.000000,3.956730,-579.755190
33.664000,,,,,,,1.000000,,
33.666000,0.358890,-0.812620,1.948240,157.127590,-350.821290,76263.406250,,3.954160,-579.755190
33.668000,0.358890,-0.822880,1.886720,157.094410,-350.821290,75823.601560,,3.954160,-579.755190
33.670000,0.358890,-0.808780,1.927730,157.061130,-350.821290,75876.328130,,3.954160,-579.755190
33.688000,0.356320,-0.721620,1.681640,156.760330,-350.821290,75772.976560,1.000000,3.958010,-579.755190
33.690000,0.357600,-0.737000,1.835450,156.727110,-350.821290,75931.179690,,3.955440,-579.755190
33.692000,0.357600,-0.751100,1.845700,156.693910,-350.821290,75613.710940,,3.954160,-579.755190
33.692000,0.357600,-0.751100,1.845700,156.693910,-350.821290,75613.710940,,3.954160,-579.755190
33.694000,0.358890,-0.772890,1.753420,156.660770,-350.821290,76080.937500,,3.954160,-579.755190
33.696000,0.356320,-0.789550,1.538090,156.627640,-350.821290,75949.101560,1.000000,3.954160,-579.755190
33.698000,0.357600,-0.802370,1.804690,156.594500,-350.821290,75760.312500,,3.954160,-579.755190
33.700000,0.357600,-0.806210,1.907230,156.561290,-350.821290,75864.726560,,3.955440,-579.755190
33.702000,0.357600,-0.790830,2.143070,156.527970,-350.821290,75576.804690,,3.955440,-579.755190
33.704000,0.357600,-0.762630,2.214840,156.494570,-350.821290,75920.625000,1.000000,3.958010,-579.755190
33.706000,0.357600,-0.728030,1.886720,156.461060,-350.821290,75612.656250,,3.956730,-579.755190
33.708000,0.356320,-0.717770,1.855960,156.427580,-350.821290,75790.898440,,3.959290,-579.755190
33.710000,0.356320,-0.712650,1.784180,156.394170,-350.821290,75973.359380,,3.960570,-579.755190
33.712000,0.357600,-0.733150,1.937990,156.360840,-350.821290,75958.601560,1.000000,3.958010,-579.755190
33.742000,0.356320,-0.695980,1.958500,155.860700,-350.821290,75899.531250,,3.958010,-579.755190
33.744000,0.356320,-0.708800,1.835450,155.827470,-350.821290,75891.093750,1.000000,3.956730,-579.755190
33.752000,,,,,,,1.000000,,
33.754000,0.356320,-0.722900,1.937990,155.661240,-350.821290,75933.281250,,3.955440,-579.755190
33.756000,0.356320,-0.707520,2.020020,155.627840,-350.821290,75775.078130,,3.956730,-579.755190
33.758000,0.356320,-0.689580,2.040530,155.594440,-350.821290,75693.875000,,3.958010,-579.755190
33.806000,0.355040,-0.680600,1.732910,154.795100,-350.821290,76075.671880,,3.959290,-579.755190
33.808000,0.355040,-0.674190,1.866210,154.761670,-350.821290,75953.328130,1.000000,3.960570,-579.755190
33.934000,0.353760,-0.647280,2.071290,152.662800,-350.821260,76050.351560,,3.959290,-579.755190
33.936000,0.353760,-0.652400,1.814940,152.629390,-350.821260,75886.875000,1.000000,3.959290,-579.755190
33.944000,,,,,,,1.000000,,
34.062000,0.352480,-0.670350,1.886720,150.528930,-350.821260,75748.718750,,3.955440,-579.755190
34.064000,0.352480,-0.720340,1.681640,150.495850,-350.821290,75930.117190,1.000000,3.954160,-579.755190
34.072000,,,,,,,1.000000,,
34.200000,,,,,,,1.000000,,
34.202000,0.349910,-0.738280,1.886720,148.195560,-350.821290,75959.656250,,3.954160,-579.755190
34.204000,0.348630,-0.728030,1.825200,148.162170,-350.821290,75910.085940,,3.954160,-579.755250
34.206000,0.348630,-0.716490,1.476560,148.128780,-350.821290,76078.828130,,3.954160,-579.755250
34.350000,0.347350,-0.795960,1.404790,145.729640,-350.821290,75854.187500,,3.951600,-579.755250
34.352000,0.348630,-0.784420,1.907230,145.696350,-350.821290,75629.531250,1.000000,3.951600,-579.755250
34.392000,,,,,,,1.000000,,
34.394000,0.344790,-0.778020,1.989260,144.996660,-350.821290,75854.187500,,3.951600,-579.755250
34.396000,0.344790,-0.788270,1.671390,144.963460,-350.821290,76140.000000,,3.951600,-579.755250
34.398000,0.346070,-0.784420,1.548340,144.930240,-350.821290,75787.734380,,3.951600,-579.755250
34.456000,,,,,,,1.000000,,
34.458000,0.343510,-0.725460,1.866210,143.930590,-350.821260,75807.781250,,3.956730,-579.755250
34.460000,0.344790,-0.693420,1.568850,143.897090,-350.821260,75990.234380,,3.956730,-579.755250
34.534000,0.342220,-0.676760,2.184080,142.663700,-350.821260,76031.375000,,3.956730,-579.755250
34.536000,0.342220,-0.678040,1.702150,142.630280,-350.821260,75810.937500,1.000000,3.956730,-579.755250
34.538000,0.342220,-0.712650,1.568850,142.597020,-350.821260,75922.734380,,3.955440,-579.755250
34.540000,0.343510,-0.753660,1.548340,142.563890,-350.821260,75758.203130,,3.952880,-579.755250
34.542000,0.343510,-0.785710,1.784180,142.530790,-350.821290,75674.890630,,3.950320,-579.755250
34.544000,0.343510,-0.794680,1.794430,142.497650,-350.821290,75913.250000,1.000000,3.947750,-579.755250
34.546000,0.343510,-0.801090,1.937990,142.464480,-350.821290,75559.929690,,3.947750,-579.755250
34.548000,0.343510,-0.792110,1.722660,142.431200,-350.821290,75952.265630,,3.950320,-579.755250
34.550000,0.343510,-0.786990,1.589360,142.397890,-350.821290,75882.664060,,3.952880,-579.755250
34.552000,0.344790,-0.766480,1.948240,142.364460,-350.821290,75982.859380,1.000000,3.952880,-579.755250
34.554000,0.343510,-0.725460,1.702150,142.330930,-350.821290,75791.960940,,3.954160,-579.755250
34.556000,0.343510,-0.683170,2.296880,142.297320,-350.821260,75602.117190,,3.956730,-579.755250
34.558000,0.343510,-0.640870,2.091800,142.263700,-350.821260,76002.890630,,3.956730,-579.755250
34.560000,0.342220,-0.613950,2.009770,142.230180,-350.821260,75664.335940,1.000000,3.955440,-579.755250
34.562000,0.342220,-0.651120,1.876460,142.196900,-350.821260,75907.968750,,3.955440,-579.755250
34.564000,0.342220,-0.713930,1.866210,142.163820,-350.821290,75918.515630,,3.954160,-579.755250
34.566000,0.343510,-0.774170,1.876460,142.130830,-350.821290,76135.789060,,3.951600,-579.755250
34.600000,0.343510,-0.776730,1.702150,141.564480,-350.821290,75746.601560,1.000000,3.951600,-579.755250
34.608000,,,,,,,1.000000,,
34.736000,0.338380,0.452450,2.050780,139.365160,-350.821290,75595.789060,1.000000,3.945190,-579.755250
34.744000,,,,,,,1.000000,,
34.806000,0.329410,-0.771610,1.702150,139.269260,-350.821290,75979.687500,,3.943910,-579.755310
34.808000,0.329410,-0.726750,1.722660,139.268590,-350.821290,75788.789060,1.000000,3.945190,-579.755310
34.810000,0.330690,-0.680600,1.999510,139.268010,-350.821290,75820.429690,,3.945190,-579.755310
34.812000,0.329410,-0.638310,2.112300,139.267530,-350.821290,76156.875000,,3.945190,-579.755310
34.814000,0.328130,-0.602420,2.020020,139.267170,-350.821290,75810.937500,,3.946470,-579.755310
34.816000,0.329410,-0.571660,1.732910,139.266910,-350.821290,76108.359380,1.000000,3.946470,-579.755310
34.818000,0.326840,-0.543460,1.866210,139.266750,-350.821290,75856.289060,,3.947750,-579.755310
34.820000,0.326840,-0.516540,1.927730,139.266650,-350.821290,76045.085940,,3.949040,-579.755310
34.822000,0.326840,-0.489620,1.743160,139.266630,-350.821290,75949.101560,,3.950320,-579.755310
34.824000,0.326840,-0.462710,1.876460,139.266630,-350.821290,75841.523440,0.000000,3.950320,-579.755310
