time,+/Nck/!SD/nckServoDataActCurr32 [u1; 1],+/Nck/!SD/nckServoDataActCurr32 [u1; 2],+/Nck/!SD/nckServoDataActCurr32 [u1; 4],+/Nck/!SD/nckServoDataActPos1stEnc32 [u1; 2],+/Nck/!SD/nckServoDataActPos1stEnc32 [u1; 3],+/Nck/!SD/nckServoDataActVelMot32 [u1; 4],+/Channel/!RP/rpa [u1; 15],+/Nck/!SD/nckServoDataActCurr32 [u1; 3],+/Nck/!SD/nckServoDataActPos1stEnc32 [u1; 1]
0.000000,0.226870,-0.422970,2.389160,139.198490,-323.806180,60782.699220,1.000000,3.099240,-399.317810
0.002000,0.225590,-0.424260,1.794430,139.198500,-323.806340,60919.804690,,3.092830,-399.317840
0.004000,0.225590,-0.425540,2.040530,139.198520,-323.806400,60871.292970,,3.090270,-399.317840
0.006000,0.221740,-0.426820,2.153320,139.198530,-323.806490,60912.421880,,3.078740,-399.317840
0.008000,0.221740,-0.431950,1.671390,139.198550,-323.806550,60871.292970,1.000000,3.074890,-399.317840
0.010000,0.219180,-0.435790,1.773930,139.198560,-323.806610,60771.097660,,3.073610,-399.317870
0.012000,0.217900,-0.437070,1.609860,139.198560,-323.806670,60578.089840,,3.065920,-399.317870
0.014000,0.217900,-0.439640,1.589360,139.198560,-323.806760,60485.273440,,3.069760,-399.317870
0.016000,0.215330,-0.443480,1.907230,139.198550,-323.806880,60621.332030,1.000000,3.073610,-399.317870
0.018000,0.212770,-0.446040,2.327640,139.198530,-323.806980,60449.414060,,3.074890,-399.317870
0.020000,0.212770,-0.417850,1.866210,139.198530,-323.807100,60593.910160,,3.086430,-399.317900
0.022000,0.212770,-0.047420,2.389160,139.199110,-323.807190,60592.859380,,3.096680,-399.317900
0.024000,0.211490,0.008970,2.512210,139.200470,-323.807310,60742.617190,1.000000,3.103090,-399.317900
0.026000,0.212770,0.080750,2.143070,139.201800,-323.807400,60719.417970,,3.110780,-399.317930
0.028000,0.211490,0.247380,2.194340,139.203050,-323.807460,60611.835940,,3.112060,-399.317900
0.030000,0.211490,0.412720,2.184080,139.204680,-323.807460,60574.925780,,3.112060,-399.317930
0.032000,0.210210,0.535770,2.050780,139.207060,-323.807530,60789.023440,1.000000,3.121030,-399.317930
0.034000,0.210210,0.666500,1.937990,139.210270,-323.807560,60876.562500,,3.123600,-399.317930
0.036000,0.210210,0.810060,2.112300,139.214450,-323.807560,60802.738280,,3.122310,-399.317930
0.038000,0.207640,0.960020,1.999510,139.219760,-323.807560,61105.433590,,3.121030,-399.317930
0.040000,0.207640,1.098450,2.173830,139.226390,-323.807530,60724.691410,1.000000,3.119750,-399.317930
0.042000,0.207640,1.198430,1.773930,139.234540,-323.807560,60919.804690,,3.117190,-399.317930
0.044000,0.206360,1.267640,2.184080,139.244260,-323.807590,60959.886720,,3.115910,-399.317930
0.046000,0.206360,1.294560,1.948240,139.255600,-323.807590,60853.363280,,3.115910,-399.317960
0.048000,0.206360,1.268920,1.896970,139.268460,-323.807650,61012.621090,1.000000,3.124880,-399.317960
0.050000,0.206360,1.212520,1.855960,139.282640,-323.807710,60754.222660,,3.137700,-399.317960
0.052000,0.205080,1.138180,1.589360,139.297880,-323.807740,60477.894530,,3.145390,-399.317960
0.054000,0.206360,1.058720,2.255860,139.313960,-323.807770,60485.273440,,3.158200,-399.317960
0.056000,0.203800,0.976680,2.317380,139.330600,-323.807800,60784.808590,1.000000,3.168460,-399.317960
0.058000,0.205080,0.892090,1.968750,139.347640,-323.807800,60438.875000,,3.173580,-399.317960
0.060000,0.205080,0.798520,2.122560,139.364900,-323.807800,60664.570310,,3.183840,-399.317960
0.062000,0.203800,0.704960,2.758300,139.382190,-323.807770,60461.019530,,3.187680,-399.317960
0.062000,0.203800,0.704960,2.758300,139.382190,-323.807770,60461.019530,,3.187680,-399.317960
0.064000,0.203800,0.637020,1.927730,139.399370,-323.807740,60604.453130,1.000000,3.194090,-399.317960
0.066000,0.205080,0.593440,2.122560,139.416310,-323.807740,60696.214840,,3.201780,-399.317960
0.068000,0.203800,0.563960,2.276370,139.433110,-323.807740,60648.753910,,3.201780,-399.317960
0.070000,0.203800,0.535770,2.009770,139.449740,-323.807740,60606.566410,,3.201780,-399.317960
0.072000,0.205080,0.516540,2.666020,139.466250,-323.807740,60767.933590,1.000000,3.205630,-399.317960
0.074000,0.205080,0.510130,2.020020,139.482640,-323.807740,60886.062500,,3.206910,-399.317960
0.076000,0.203800,0.511410,1.671390,139.498950,-323.807740,60735.234380,,3.206910,-399.317960
0.078000,0.206360,0.507570,1.948240,139.515240,-323.807740,61098.054690,,3.213320,-399.317960
0.080000,0.206360,0.508850,2.368650,139.531520,-323.807710,60683.558590,1.000000,3.214600,-399.317960
0.082000,0.206360,0.502440,1.743160,139.547840,-323.807710,60815.394530,,3.219730,-399.317960
0.084000,0.206360,0.490910,1.948240,139.564210,-323.807710,60852.308590,,3.227420,-399.317960
0.086000,0.205080,0.466550,1.979000,139.580660,-323.807680,60900.824220,,3.229980,-399.317960
0.088000,0.205080,0.435790,1.589360,139.597200,-323.807680,60873.402340,1.000000,3.235110,-399.317960
0.090000,0.206360,0.399900,2.071290,139.613800,-323.807650,60802.738280,,3.240230,-399.317960
0.092000,0.205080,0.366580,2.009770,139.630400,-323.807650,60905.039060,,3.237670,-399.317960
0.094000,0.206360,0.331970,1.886720,139.647050,-323.807650,60455.746090,,3.241520,-399.317960
0.096000,0.207640,0.299930,2.112300,139.663670,-323.807620,60727.851560,1.000000,3.245360,-399.317960
0.098000,0.207640,0.280700,2.122560,139.680220,-323.807620,60676.175780,,3.241520,-399.317960
0.100000,0.208920,0.276860,1.548340,139.696730,-323.807620,60766.875000,,3.245360,-399.317960
0.102000,0.210210,0.289670,1.630370,139.713120,-323.807620,60505.316410,,3.247920,-399.317960
0.104000,0.210210,0.320430,1.927730,139.729430,-323.807620,60523.242190,1.000000,3.247920,-399.317960
0.106000,0.214050,0.364010,1.845700,139.745700,-323.807620,60621.332030,,3.253050,-399.317960
0.108000,0.215330,0.416560,1.979000,139.761930,-323.807590,60496.882810,,3.255620,-399.317960
0.110000,0.215330,0.475520,2.071290,139.778170,-323.807590,60336.566410,,3.258180,-399.317960
0.112000,0.217900,0.542180,1.999510,139.794430,-323.807590,60498.988280,1.000000,3.265870,-399.317960
0.114000,0.219180,0.604980,1.845700,139.810760,-323.807590,60715.195310,,3.268430,-399.317960
0.116000,0.219180,0.657530,2.040530,139.827240,-323.807590,60656.136720,,3.274840,-399.317960
0.118000,0.219180,0.685730,1.937990,139.843870,-323.807590,61087.503910,,3.281250,-399.317960
0.120000,0.220460,0.694700,1.937990,139.860690,-323.807560,60702.542970,1.000000,3.283810,-399.317930
0.122000,0.219180,0.697270,2.061040,139.877670,-323.807560,60683.558590,,3.288940,-399.317930
0.124000,0.219180,0.690860,2.122560,139.894740,-323.807530,60932.460940,,3.292790,-399.317930
0.126000,0.219180,0.683170,2.020020,139.911910,-323.807530,60813.281250,,3.294070,-399.317930
0.128000,0.217900,0.666500,2.276370,139.929140,-323.807530,61059.023440,1.000000,3.297910,-399.317930
0.130000,0.217900,0.648560,2.061040,139.946380,-323.807500,60785.859380,,3.303040,-399.317960
0.132000,0.216610,0.639590,1.917480,139.963610,-323.807500,60580.199220,,3.304320,-399.317960
0.134000,0.216610,0.634460,2.112300,139.980770,-323.807500,60424.105470,,3.310730,-399.317960
0.136000,0.216610,0.633180,1.979000,139.997890,-323.807460,60645.589840,1.000000,3.313290,-399.317960
0.138000,0.214050,0.631900,1.784180,140.014950,-323.807460,60395.628910,,3.317140,-399.317960
0.140000,0.215330,0.630620,2.214840,140.031980,-323.807460,60686.722660,,3.323550,-399.317960
0.142000,0.214050,0.635740,2.471190,140.048950,-323.807460,60426.214840,,3.327390,-399.317960
0.144000,0.212770,0.643430,2.030270,140.065860,-323.807460,60510.585940,1.000000,3.331240,-399.317960
0.146000,0.212770,0.649840,2.173830,140.082760,-323.807460,60740.511720,,3.337650,-399.317960
0.148000,0.210210,0.647280,2.676270,140.099660,-323.807430,60360.824220,,3.340210,-399.317960
0.150000,0.210210,0.642150,1.784180,140.116610,-323.807400,60459.964840,,3.342770,-399.317960
0.152000,0.210210,0.620360,2.153320,140.133580,-323.807370,60470.511720,1.000000,3.347900,-399.317960
0.154000,0.208920,0.597290,2.009770,140.150590,-323.807370,60872.347660,,3.347900,-399.317960
0.156000,0.207640,0.565250,1.456050,140.167620,-323.807340,60705.707030,,3.350460,-399.317960
0.158000,0.206360,0.533200,1.958500,140.184630,-323.807340,61053.753910,,3.354310,-399.317960
0.160000,0.206360,0.506290,2.307130,140.201630,-323.807310,60682.503910,1.000000,3.354310,-399.317960
0.162000,0.205080,0.475520,1.743160,140.218600,-323.807310,60738.402340,,3.356870,-399.317960
0.164000,0.205080,0.446040,2.286620,140.235530,-323.807310,60848.093750,,3.359440,-399.317960
0.166000,0.205080,0.421690,2.296880,140.252440,-323.807310,60745.785160,,3.359440,-399.317960
0.168000,0.203800,0.398620,1.896970,140.269320,-323.807310,60946.175780,1.000000,3.362000,-399.317960
0.170000,0.203800,0.380680,2.122560,140.286160,-323.807310,60760.550780,,3.364560,-399.317960
0.172000,0.203800,0.371700,2.009770,140.302950,-323.807310,60650.867190,,3.363280,-399.317960
0.174000,0.202510,0.367860,1.773930,140.319700,-323.807280,60435.707030,,3.367130,-399.317960
0.176000,0.203800,0.372990,2.296880,140.336400,-323.807280,60701.488280,1.000000,3.370970,-399.317960
0.178000,0.202510,0.376830,2.399410,140.353070,-323.807280,60343.949220,,3.372250,-399.317960
0.180000,0.203800,0.388370,1.855960,140.369710,-323.807280,60697.265630,,3.376100,-399.317960
0.182000,0.203800,0.407590,2.255860,140.386310,-323.807280,60563.324220,,3.378660,-399.317960
0.184000,0.203800,0.435790,2.235350,140.402860,-323.807250,60602.347660,1.000000,3.381230,-399.317960
0.186000,0.203800,0.465270,1.886720,140.419420,-323.807250,60700.429690,,3.385070,-399.317960
0.188000,0.203800,0.494750,2.071290,140.435970,-323.807250,60624.496090,,3.386350,-399.317960
0.190000,0.203800,0.519100,2.122560,140.452610,-323.807220,60522.191410,,3.387630,-399.317960
0.190000,0.203800,0.519100,2.122560,140.452610,-323.807220,60522.191410,,3.387630,-399.317960
0.192000,0.203800,0.543460,1.804690,140.469270,-323.807220,60662.460940,1.000000,3.391480,-399.317960
0.194000,0.203800,0.566530,1.773930,140.485980,-323.807220,60905.039060,,3.392760,-399.317960
0.196000,0.202510,0.593440,2.143070,140.502730,-323.807190,60743.671880,,3.394040,-399.317960
0.198000,0.202510,0.613950,2.040530,140.519490,-323.807190,61134.964840,,3.399170,-399.317960
0.200000,0.202510,0.637020,2.409670,140.536330,-323.807190,60733.128910,1.000000,3.400450,-399.317960
0.202000,0.201230,0.658810,1.948240,140.553130,-323.807190,60843.867190,,3.403020,-399.317960
0.204000,0.201230,0.684450,2.112300,140.569960,-323.807190,60887.113280,,3.408140,-399.317960
0.206000,0.201230,0.713930,2.030270,140.586790,-323.807190,60915.589840,,3.408140,-399.317960
0.208000,0.201230,0.735720,1.896970,140.603650,-323.807190,60888.167970,1.000000,3.411990,-399.317960
0.210000,0.201230,0.749820,1.917480,140.620530,-323.807160,60924.027340,,3.415830,-399.317960
0.212000,0.201230,0.758790,1.794430,140.637450,-323.807160,60679.339840,,3.415830,-399.317990
0.214000,0.202510,0.756230,2.245610,140.654430,-323.807130,60536.957030,,3.419680,-399.317990
0.216000,0.201230,0.740840,2.143070,140.671490,-323.807130,60757.386720,1.000000,3.422240,-399.317990
0.218000,0.202510,0.711360,1.886720,140.688660,-323.807130,60440.980470,,3.422240,-399.317990
0.220000,0.203800,0.675480,2.173830,140.705870,-323.807130,60630.824220,,3.427370,-399.317990
0.222000,0.203800,0.644710,2.491700,140.723100,-323.807100,60572.816410,,3.428650,-399.317960
0.224000,0.205080,0.611390,1.804690,140.740310,-323.807100,60568.593750,1.000000,3.429930,-399.317960
0.226000,0.206360,0.580630,2.020020,140.757510,-323.807100,60731.019530,,3.435060,-399.317960
0.228000,0.206360,0.549870,2.327640,140.774640,-323.807070,60585.476560,,3.437620,-399.317960
0.230000,0.207640,0.530640,1.753420,140.791730,-323.807070,60485.273440,,3.437620,-399.317960
0.232000,0.208920,0.516540,2.450680,140.808760,-323.807040,60759.496090,1.000000,3.441470,-399.317960
0.234000,0.210210,0.513980,2.266110,140.825680,-323.807040,60871.292970,,3.442750,-399.317960
0.236000,0.211490,0.513980,1.835450,140.842560,-323.807040,60683.558590,,3.441470,-399.317960
0.238000,0.212770,0.503720,2.173830,140.859440,-323.807040,61061.136720,,3.444030,-399.317960
0.240000,0.214050,0.490910,2.327640,140.876310,-323.807040,60766.875000,1.000000,3.445310,-399.317960
0.242000,0.214050,0.478090,1.825200,140.893200,-323.807040,60775.316410,,3.444030,-399.317960
0.244000,0.215330,0.467830,2.009770,140.910030,-323.807010,60891.332030,,3.449160,-399.317960
0.246000,0.215330,0.463990,2.102050,140.926860,-323.807010,60792.191410,,3.447880,-399.317960
0.248000,0.217900,0.456300,1.784180,140.943700,-323.807010,61087.503910,1.000000,3.449160,-399.317960
0.250000,0.219180,0.455020,2.112300,140.960480,-323.807010,60717.308590,,3.453000,-399.317960
0.252000,0.219180,0.469120,1.753420,140.977170,-323.807010,61027.386720,,3.451720,-399.317960
0.254000,0.220460,0.496030,1.835450,140.993800,-323.807010,60372.425780,,3.454280,-399.317960
0.256000,0.221740,0.529360,1.876460,141.010360,-323.806980,60618.167970,1.000000,3.458130,-399.317960
0.258000,0.220460,0.565250,2.235350,141.026900,-323.806980,60412.503910,,3.458130,-399.317960
0.260000,0.221740,0.593440,1.784180,141.043460,-323.806980,60678.281250,,3.460690,-399.317960
0.262000,0.220460,0.617800,2.153320,141.060040,-323.806950,60464.183590,,3.464540,-399.317930
0.264000,0.220460,0.630620,2.091800,141.076720,-323.806950,60545.390630,1.000000,3.461980,-399.317930
0.266000,0.220460,0.634460,1.876460,141.093490,-323.806950,60738.402340,,3.465820,-399.317960
0.268000,0.219180,0.637020,2.296880,141.110310,-323.806950,60635.039060,,3.465820,-399.317960
0.270000,0.219180,0.637020,2.460940,141.127180,-323.806920,60578.089840,,3.465820,-399.317960
0.272000,0.217900,0.631900,2.091800,141.144120,-323.806920,60722.578130,1.000000,3.470950,-399.317960
0.274000,0.217900,0.626770,2.184080,141.161070,-323.806920,60853.363280,,3.469670,-399.317960
0.276000,0.216610,0.625490,2.132810,141.178020,-323.806920,60775.316410,,3.469670,-399.317960
0.278000,0.214050,0.615230,1.886720,141.195010,-323.806920,61110.707030,,3.474790,-399.317960
0.280000,0.212770,0.607540,1.866210,141.212010,-323.806880,60717.308590,1.000000,3.473510,-399.317960
0.282000,0.211490,0.596010,2.112300,141.229020,-323.806880,60704.648440,,3.474790,-399.317960
0.284000,0.210210,0.583190,2.030270,141.246000,-323.806880,60857.582030,,3.478640,-399.317960
0.286000,0.208920,0.571660,1.979000,141.263020,-323.806880,60736.292970,,3.477360,-399.317960
0.288000,0.207640,0.556270,1.999510,141.280040,-323.806880,61021.054690,1.000000,3.479920,-399.317960
0.290000,0.206360,0.543460,1.948240,141.297060,-323.806880,60789.023440,,3.483760,-399.317960
0.292000,0.206360,0.531920,1.794430,141.314070,-323.806880,60800.625000,,3.481200,-399.317960
0.294000,0.206360,0.528080,2.102050,141.331050,-323.806880,60425.160160,,3.485050,-399.317960
0.296000,0.205080,0.529360,2.050780,141.348010,-323.806880,60772.152340,1.000000,3.487610,-399.317960
0.298000,0.205080,0.531920,1.763670,141.364910,-323.806880,60459.964840,,3.485050,-399.317960
0.300000,0.207640,0.543460,2.163570,141.381790,-323.806880,60722.578130,,3.490170,-399.317960
0.302000,0.206360,0.558840,2.307130,141.398590,-323.806850,60428.324220,,3.491460,-399.317960
0.304000,0.206360,0.587040,1.989260,141.415360,-323.806850,60545.390630,1.000000,3.494020,-399.317960
0.306000,0.207640,0.606260,2.368650,141.432080,-323.806850,60696.214840,,3.496580,-399.317960
0.308000,0.207640,0.619080,2.830080,141.448850,-323.806850,60347.113280,,3.496580,-399.317960
0.310000,0.208920,0.622920,2.061040,141.465640,-323.806820,60531.679690,,3.497860,-399.317960
0.312000,0.207640,0.619080,2.789060,141.482480,-323.806790,60504.265630,1.000000,3.499150,-399.317960
0.314000,0.208920,0.611390,1.917480,141.499370,-323.806790,60836.488280,,3.497860,-399.317960
0.316000,0.208920,0.596010,1.691890,141.516330,-323.806790,60693.046880,,3.496580,-399.317960
0.318000,0.208920,0.576780,2.348140,141.533310,-323.806790,60948.281250,,3.497860,-399.317960
0.320000,0.208920,0.554990,2.512210,141.550310,-323.806760,60686.722660,1.000000,3.496580,-399.317960
0.322000,0.208920,0.539610,1.917480,141.567310,-323.806790,60859.691410,,3.496580,-399.317960
0.324000,0.208920,0.526790,2.143070,141.584240,-323.806790,60797.468750,,3.499150,-399.317960
0.326000,0.207640,0.525510,2.102050,141.601150,-323.806760,60792.191410,,3.497860,-399.317960
0.328000,0.208920,0.525510,1.599610,141.617980,-323.806760,61053.753910,1.000000,3.501710,-399.317960
0.330000,0.208920,0.535770,2.040530,141.634780,-323.806760,60849.144530,,3.504270,-399.317960
0.332000,0.207640,0.551150,1.968750,141.651470,-323.806760,60809.062500,,3.502990,-399.317960
0.334000,0.208920,0.572940,1.579100,141.668170,-323.806760,60457.851560,,3.505550,-399.317960
0.334000,0.208920,0.572940,1.579100,141.668170,-323.806760,60457.851560,,3.505550,-399.317960
0.336000,0.208920,0.590880,2.102050,141.684810,-323.806760,60698.324220,1.000000,3.506840,-399.317960
0.338000,0.206360,0.602420,2.317380,141.701510,-323.806760,60307.035160,,3.505550,-399.317960
0.340000,0.207640,0.608830,1.927730,141.718250,-323.806760,60608.671880,,3.506840,-399.317960
0.342000,0.208920,0.606260,2.501950,141.735050,-323.806760,60567.542970,,3.508120,-399.317960
0.344000,0.206360,0.607540,2.358400,141.751890,-323.806760,60475.785160,1.000000,3.506840,-399.317960
0.346000,0.208920,0.604980,2.020020,141.768750,-323.806760,60760.550780,,3.509400,-399.317960
0.348000,0.207640,0.603700,2.307130,141.785640,-323.806760,60483.167970,,3.510680,-399.317960
0.350000,0.207640,0.604980,2.143070,141.802540,-323.806760,60556.996090,,3.509400,-399.317960
0.352000,0.207640,0.613950,1.907230,141.819410,-323.806760,60605.511720,1.000000,3.511960,-399.317960
0.354000,0.207640,0.628050,2.071290,141.836260,-323.806760,60909.257810,,3.513240,-399.317960
0.356000,0.207640,0.640870,2.204590,141.853100,-323.806730,60767.933590,,3.513240,-399.317960
0.358000,0.206360,0.649840,2.009770,141.869960,-323.806730,61209.843750,,3.514530,-399.317960
0.360000,0.207640,0.654970,2.245610,141.886840,-323.806730,60754.222660,1.000000,3.514530,-399.317960
0.362000,0.207640,0.654970,1.579100,141.903780,-323.806730,60852.308590,,3.513240,-399.317960
0.364000,0.208920,0.648560,1.937990,141.920750,-323.806730,60877.621090,,3.514530,-399.317960
0.366000,0.208920,0.638310,1.784180,141.937760,-323.806730,60686.722660,,3.514530,-399.317960
0.368000,0.208920,0.622920,1.804690,141.954820,-323.806730,60978.867190,1.000000,3.513240,-399.317960
0.370000,0.210210,0.607540,1.743160,141.971880,-323.806730,60806.957030,,3.517090,-399.317960
0.372000,0.210210,0.596010,1.763670,141.988910,-323.806730,60857.582030,,3.515810,-399.317960
0.374000,0.211490,0.589600,2.225100,142.005920,-323.806730,60389.300780,,3.517090,-399.317960
0.376000,0.214050,0.584470,2.276370,142.022890,-323.806700,60801.679690,1.000000,3.520940,-399.317960
0.378000,0.212770,0.580630,2.163570,142.039860,-323.806700,60442.031250,,3.519650,-399.317960
0.380000,0.215330,0.570370,2.419920,142.056790,-323.806700,60488.437500,,3.524780,-399.317960
0.382000,0.216610,0.560120,2.430180,142.073730,-323.806700,60478.949220,,3.526060,-399.317960
0.384000,0.216610,0.553710,2.030270,142.090650,-323.806700,60570.707030,1.000000,3.523500,-399.317960
0.386000,0.219180,0.547300,2.091800,142.107560,-323.806670,60681.453130,,3.526060,-399.317960
0.388000,0.219180,0.542180,2.184080,142.124470,-323.806670,60350.281250,,3.527340,-399.317960
0.390000,0.219180,0.531920,1.968750,142.141360,-323.806670,60470.511720,,3.524780,-399.317960
0.390000,0.219180,0.531920,1.968750,142.141360,-323.806670,60470.511720,,3.524780,-399.317960
0.392000,0.221740,0.525510,2.173830,142.158230,-323.806670,60530.625000,1.000000,3.527340,-399.317960
0.394000,0.221740,0.529360,2.132810,142.175030,-323.806670,60834.378910,,3.526060,-399.317930
0.396000,0.221740,0.546020,1.835450,142.191790,-323.806670,60756.332030,,3.524780,-399.317930
0.398000,0.223020,0.572940,2.204590,142.208440,-323.806670,61225.664060,,3.527340,-399.317930
0.400000,0.223020,0.603700,2.266110,142.225020,-323.806670,60802.738280,1.000000,3.527340,-399.317930
0.402000,0.221740,0.638310,1.784180,142.241590,-323.806670,60816.445310,,3.526060,-399.317930
0.404000,0.224300,0.661380,1.979000,142.258160,-323.806670,60746.839840,,3.528630,-399.317930
0.406000,0.223020,0.675480,1.948240,142.274810,-323.806640,60792.191410,,3.526060,-399.317930
0.408000,0.223020,0.674190,1.609860,142.291550,-323.806640,60999.964840,1.000000,3.527340,-399.317930
0.410000,0.223020,0.667790,2.307130,142.308380,-323.806640,60854.414060,,3.529910,-399.317930
0.412000,0.221740,0.654970,2.020020,142.325290,-323.806640,60934.570310,,3.527340,-399.317930
0.414000,0.223020,0.628050,1.968750,142.342320,-323.806640,60446.257810,,3.528630,-399.317930
0.416000,0.223020,0.594730,2.122560,142.359390,-323.806640,60660.355470,1.000000,3.529910,-399.317930
0.418000,0.221740,0.565250,2.368650,142.376530,-323.806640,60224.765630,,3.527340,-399.317930
0.420000,0.220460,0.544740,1.814940,142.393620,-323.806640,60564.378910,,3.532470,-399.317930
0.422000,0.219180,0.533200,2.296880,142.410640,-323.806640,60438.875000,,3.532470,-399.317930
0.424000,0.217900,0.531920,2.143070,142.427630,-323.806640,60419.886720,1.000000,3.532470,-399.317930
0.426000,0.216610,0.531920,1.907230,142.444550,-323.806640,60680.394530,,3.533750,-399.317960
0.428000,0.215330,0.542180,2.348140,142.461410,-323.806640,60552.777340,,3.533750,-399.317960
0.430000,0.215330,0.548580,2.132810,142.478260,-323.806640,60541.175780,,3.532470,-399.317960
0.432000,0.212770,0.556270,2.020020,142.495060,-323.806610,60654.023440,1.000000,3.536320,-399.317960
0.434000,0.212770,0.565250,2.030270,142.511860,-323.806610,60838.593750,,3.533750,-399.317960
0.436000,0.212770,0.570370,2.102050,142.528670,-323.806610,60706.761720,,3.533750,-399.317960
0.438000,0.210210,0.562680,1.979000,142.545530,-323.806610,61137.070310,,3.532470,-399.317960
0.440000,0.210210,0.553710,2.050780,142.562450,-323.806610,60776.371090,1.000000,3.532470,-399.317960
0.442000,0.208920,0.547300,1.896970,142.579360,-323.806610,60755.273440,,3.531190,-399.317960
0.444000,0.208920,0.552430,1.784180,142.596240,-323.806610,60839.648440,,3.533750,-399.317960
0.446000,0.207640,0.567810,2.266110,142.613040,-323.806610,60776.371090,,3.532470,-399.317960
0.448000,0.207640,0.588320,2.276370,142.629810,-323.806610,61030.550780,1.000000,3.535030,-399.317960
0.450000,0.205080,0.604980,1.937990,142.646560,-323.806610,60745.785160,,3.537600,-399.317960
0.452000,0.205080,0.620360,2.225100,142.663270,-323.806610,60804.847660,,3.536320,-399.317960
0.454000,0.205080,0.640870,2.255860,142.679990,-323.806610,60362.933590,,3.540160,-399.317960
0.456000,0.205080,0.661380,2.030270,142.696700,-323.806610,60744.730470,1.000000,3.541440,-399.317960
0.458000,0.205080,0.674190,1.999510,142.713440,-323.806610,60419.886720,,3.540160,-399.317960
0.460000,0.206360,0.674190,2.337890,142.730240,-323.806610,60628.714840,,3.540160,-399.317960
0.462000,0.205080,0.666500,2.266110,142.747130,-323.806610,60401.957030,,3.538880,-399.317960
0.464000,0.206360,0.652400,2.071290,142.764050,-323.806610,60400.902340,1.000000,3.536320,-399.317960
0.466000,0.206360,0.633180,2.122560,142.781040,-323.806610,60646.640630,,3.537600,-399.317960
0.468000,0.205080,0.611390,2.286620,142.798050,-323.806610,60057.078130,,3.536320,-399.317960
0.470000,0.206360,0.584470,1.927730,142.815090,-323.806610,60556.996090,,3.536320,-399.317960
0.472000,0.208920,0.561400,2.625000,142.832120,-323.806610,60444.144530,1.000000,3.537600,-399.317960
0.474000,0.207640,0.540890,1.979000,142.849120,-323.806610,60948.281250,,3.537600,-399.317960
0.476000,0.208920,0.528080,1.650880,142.866120,-323.806610,60808.011720,,3.537600,-399.317960
0.478000,0.210210,0.507570,2.225100,142.883060,-323.806610,61053.753910,,3.538880,-399.317960
0.480000,0.210210,0.496030,2.163570,142.900020,-323.806580,60813.281250,1.000000,3.538880,-399.317960
0.482000,0.211490,0.478090,1.773930,142.916980,-323.806580,60875.511720,,3.538880,-399.317960
0.484000,0.212770,0.466550,2.358400,142.933900,-323.806580,60910.316410,,3.540160,-399.317960
0.486000,0.214050,0.461430,2.153320,142.950790,-323.806580,60770.042970,,3.537600,-399.317960
0.488000,0.214050,0.460140,1.866210,142.967670,-323.806580,61104.378910,1.000000,3.537600,-399.317960
0.490000,0.215330,0.463990,2.214840,142.984480,-323.806580,60861.796880,,3.538880,-399.317960
0.492000,0.216610,0.476810,1.937990,143.001240,-323.806580,60895.550780,,3.536320,-399.317960
0.494000,0.217900,0.505000,1.753420,143.017910,-323.806580,60473.671880,,3.537600,-399.317960
0.496000,0.220460,0.539610,2.358400,143.034530,-323.806580,60820.664060,1.000000,3.538880,-399.317960
0.498000,0.219180,0.579350,2.296880,143.051100,-323.806580,60007.503910,,3.537600,-399.317960
0.500000,0.221740,0.613950,1.989260,143.067660,-323.806580,60743.671880,,3.540160,-399.317960
0.502000,0.221740,0.643430,2.225100,143.084260,-323.806580,60532.738280,,3.541440,-399.317960
0.504000,0.221740,0.667790,2.061040,143.100910,-323.806580,60488.437500,1.000000,3.538880,-399.317930
0.504000,0.221740,0.667790,2.061040,143.100910,-323.806580,60488.437500,1.000000,3.538880,-399.317930
0.506000,0.223020,0.681880,1.620120,143.117630,-323.806580,60701.488280,,3.540160,-399.317930
0.508000,0.223020,0.690860,2.143070,143.134430,-323.806580,60505.316410,,3.540160,-399.317930
0.510000,0.221740,0.690860,1.999510,143.151310,-323.806580,60520.078130,,3.537600,-399.317930
0.512000,0.223020,0.681880,1.671390,143.168240,-323.806580,60516.917970,1.000000,3.540160,-399.317930
0.514000,0.221740,0.671630,1.948240,143.185230,-323.806580,60813.281250,,3.538880,-399.317930
0.516000,0.221740,0.665220,2.122560,143.202220,-323.806580,60705.707030,,3.537600,-399.317930
0.518000,0.221740,0.658810,1.917480,143.219210,-323.806580,61140.234380,,3.540160,-399.317930
0.520000,0.221740,0.653690,2.327640,143.236190,-323.806580,60685.664060,1.000000,3.540160,-399.317930
0.522000,0.219180,0.651120,2.153320,143.253140,-323.806580,60907.152340,,3.540160,-399.317930
0.524000,0.219180,0.646000,2.358400,143.270080,-323.806580,60954.613280,,3.542720,-399.317930
0.526000,0.220460,0.644710,2.614750,143.287000,-323.806580,60926.136720,,3.542720,-399.317960
0.528000,0.219180,0.634460,1.661130,143.303940,-323.806580,61170.824220,1.000000,3.541440,-399.317960
0.530000,0.219180,0.619080,1.927730,143.320880,-323.806580,60972.542970,,3.544010,-399.317930
0.532000,0.219180,0.602420,2.071290,143.337840,-323.806550,60891.332030,,3.541440,-399.317960
0.534000,0.217900,0.585750,2.204590,143.354810,-323.806580,60506.371090,,3.541440,-399.317960
0.536000,0.219180,0.566530,2.122560,143.371780,-323.806580,60845.980470,1.000000,3.544010,-399.317960
0.538000,0.217900,0.546020,1.866210,143.388760,-323.806550,60528.519530,,3.541440,-399.317960
0.540000,0.217900,0.533200,2.163570,143.405720,-323.806580,60717.308590,,3.541440,-399.317960
0.542000,0.217900,0.535770,2.153320,143.422590,-323.806550,60572.816410,,3.544010,-399.317960
0.544000,0.217900,0.546020,1.835450,143.439410,-323.806550,60560.160160,1.000000,3.540160,-399.317960
0.546000,0.217900,0.558840,1.989260,143.456180,-323.806550,60780.585940,,3.542720,-399.317960
0.548000,0.216610,0.569090,1.896970,143.472920,-323.806550,59877.777340,,3.542720,-399.317960
0.550000,0.216610,0.581910,1.722660,143.489670,-323.806550,60566.488280,,3.540160,-399.317960
0.552000,0.217900,0.596010,2.276370,143.506390,-323.806550,60342.898440,1.000000,3.542720,-399.317960
0.554000,0.216610,0.608830,2.255860,143.523130,-323.806550,60800.625000,,3.541440,-399.317960
0.556000,0.217900,0.619080,2.071290,143.539900,-323.806550,60646.640630,,3.540160,-399.317960
0.558000,0.217900,0.624210,2.378910,143.556690,-323.806550,61841.601560,,3.541440,-399.317960
0.560000,0.217900,0.621640,2.173830,143.573550,-323.806550,60841.761720,1.000000,3.540160,-399.317930
0.562000,0.217900,0.613950,1.866210,143.590420,-323.806550,60808.011720,,3.538880,-399.317960
0.564000,0.219180,0.607540,2.050780,143.607330,-323.806550,60937.738280,,3.541440,-399.317960
0.566000,0.219180,0.598570,2.030270,143.624270,-323.806550,60721.527340,,3.540160,-399.317960
0.568000,0.219180,0.590880,1.722660,143.641220,-323.806550,61046.371090,1.000000,3.541440,-399.317960
0.570000,0.219180,0.581910,2.245610,143.658160,-323.806550,60586.527340,,3.544010,-399.317930
0.572000,0.219180,0.579350,1.937990,143.675080,-323.806550,60883.949220,,3.541440,-399.317960
0.574000,0.219180,0.581910,1.845700,143.691960,-323.806550,60362.933590,,3.542720,-399.317960
0.576000,0.220460,0.583190,2.327640,143.708800,-323.806550,60695.160160,1.000000,3.544010,-399.317930
0.578000,0.217900,0.592160,2.276370,143.725630,-323.806550,59241.796880,,3.541440,-399.317960
0.580000,0.219180,0.578060,1.722660,143.742510,-323.806550,60540.121090,,3.545290,-399.317960
0.582000,0.219180,0.576780,2.296880,143.759380,-323.806550,60440.980470,,3.544010,-399.317930
0.584000,0.217900,0.576780,1.927730,143.776250,-323.806550,60567.542970,1.000000,3.540160,-399.317960
0.586000,0.217900,0.579350,1.609860,143.793110,-323.806550,60682.503910,,3.542720,-399.317960
0.588000,0.216610,0.588320,2.389160,143.809910,-323.806550,60637.152340,,3.542720,-399.317960
0.590000,0.215330,0.598570,2.245610,143.826720,-323.806550,60477.894530,,3.540160,-399.317960
0.592000,0.216610,0.607540,2.040530,143.843510,-323.806550,60391.406250,1.000000,3.544010,-399.317960
0.594000,0.214050,0.617800,2.245610,143.860260,-323.806550,60732.078130,,3.542720,-399.317960
0.596000,0.214050,0.631900,2.255860,143.877010,-323.806550,60731.019530,,3.542720,-399.317960
0.598000,0.214050,0.640870,2.081540,143.893770,-323.806550,61237.273440,,3.546570,-399.317960
0.600000,0.212770,0.648560,2.122560,143.910570,-323.806520,60773.203130,1.000000,3.544010,-399.317960
0.602000,0.211490,0.648560,2.122560,143.927380,-323.806550,60910.316410,,3.544010,-399.317960
0.604000,0.212770,0.644710,1.948240,143.944260,-323.806520,60855.476560,,3.546570,-399.317960
0.606000,0.211490,0.639590,2.255860,143.961180,-323.806520,60796.406250,,3.542720,-399.317960
0.608000,0.210210,0.629330,2.030270,143.978130,-323.806550,61096.992190,1.000000,3.544010,-399.317960
0.610000,0.210210,0.615230,1.876460,143.995130,-323.806550,60854.414060,,3.545290,-399.317960
0.612000,0.210210,0.601140,1.917480,144.012130,-323.806520,60725.746090,,3.542720,-399.317960
0.614000,0.210210,0.589600,2.071290,144.029110,-323.806550,60407.226560,,3.542720,-399.317960
0.616000,0.210210,0.584470,1.927730,144.046080,-323.806520,60716.257810,1.000000,3.544010,-399.317960
0.618000,0.210210,0.580630,1.948240,144.063020,-323.806520,60470.511720,,3.542720,-399.317960
0.620000,0.210210,0.580630,2.122560,144.079900,-323.806550,60674.062500,,3.544010,-399.317960
0.622000,0.210210,0.584470,2.071290,144.096760,-323.806520,60520.078130,,3.546570,-399.317960
0.624000,0.211490,0.588320,2.071290,144.113590,-323.806520,60549.613280,1.000000,3.544010,-399.317960
0.626000,0.211490,0.589600,2.389160,144.130450,-323.806520,60742.617190,,3.545290,-399.317960
0.628000,0.211490,0.581910,2.143070,144.147290,-323.806520,60453.636720,,3.545290,-399.317960
0.630000,0.211490,0.580630,2.091800,144.164170,-323.806520,60694.105470,,3.544010,-399.317960
0.632000,0.212770,0.576780,2.666020,144.181030,-323.806520,60413.558590,1.000000,3.545290,-399.317960
0.634000,0.212770,0.576780,1.927730,144.197880,-323.806520,61150.785160,,3.544010,-399.317960
0.636000,0.215330,0.588320,1.855960,144.214660,-323.806520,60699.378910,,3.542720,-399.317960
0.638000,0.215330,0.601140,2.358400,144.231430,-323.806520,60976.761720,,3.544010,-399.317960
0.640000,0.215330,0.620360,2.122560,144.248140,-323.806520,60921.917970,1.000000,3.542720,-399.317960
0.642000,0.216610,0.646000,1.763670,144.264820,-323.806520,60801.679690,,3.541440,-399.317960
0.644000,0.219180,0.663940,2.112300,144.281490,-323.806520,60837.542970,,3.545290,-399.317960
0.646000,0.219180,0.689580,2.020020,144.298170,-323.806520,60726.800780,,3.544010,-399.317960
0.648000,0.219180,0.708800,1.558590,144.314900,-323.806520,61027.386720,1.000000,3.542720,-399.317960
0.650000,0.221740,0.722900,2.132810,144.331630,-323.806520,60759.496090,,3.546570,-399.317960
0.652000,0.221740,0.733150,1.937990,144.348420,-323.806520,60654.023440,,3.542720,-399.317930
0.654000,0.223020,0.737000,1.712400,144.365250,-323.806520,60427.265630,,3.544010,-399.317930
0.656000,0.224300,0.733150,2.276370,144.382130,-323.806520,60746.839840,1.000000,3.546570,-399.317930
0.658000,0.224300,0.722900,2.225100,144.399090,-323.806520,60285.941410,,3.542720,-399.317930
0.660000,0.224300,0.699830,2.030270,144.416110,-323.806520,60615.003910,,3.544010,-399.317930
0.662000,0.225590,0.679320,2.583980,144.433150,-323.806520,60609.730470,,3.546570,-399.317930
0.664000,0.225590,0.660100,2.307130,144.450210,-323.806520,60308.089840,1.000000,3.542720,-399.317930
0.664000,0.225590,0.660100,2.307130,144.450210,-323.806520,60308.089840,1.000000,3.542720,-399.317930
0.666000,0.226870,0.639590,2.020020,144.467300,-323.806520,60652.972660,,3.546570,-399.317930
0.668000,0.225590,0.611390,2.522460,144.484410,-323.806520,60484.222660,,3.547850,-399.317930
0.670000,0.225590,0.587040,2.102050,144.501540,-323.806520,60647.699220,,3.544010,-399.317930
0.672000,0.225590,0.563960,1.886720,144.518620,-323.806520,60560.160160,1.000000,3.547850,-399.317930
0.674000,0.225590,0.548580,2.430180,144.535660,-323.806520,60937.738280,,3.547850,-399.317930
0.676000,0.225590,0.534480,2.327640,144.552670,-323.806520,60802.738280,,3.545290,-399.317930
0.678000,0.225590,0.513980,2.030270,144.569670,-323.806520,61246.761720,,3.546570,-399.317930
0.680000,0.225590,0.505000,2.163570,144.586590,-323.806520,60768.988280,1.000000,3.546570,-399.317930
0.682000,0.225590,0.510130,1.886720,144.603450,-323.806520,60798.519530,,3.545290,-399.317930
0.684000,0.224300,0.531920,1.661130,144.620180,-323.806520,60889.218750,,3.549130,-399.317930
0.686000,0.224300,0.556270,1.989260,144.636840,-323.806520,60697.265630,,3.546570,-399.317930
0.688000,0.223020,0.575500,1.691890,144.653490,-323.806520,61144.453130,1.000000,3.545290,-399.317930
0.690000,0.223020,0.587040,1.497070,144.670150,-323.806520,60785.859380,,3.547850,-399.317930
0.692000,0.223020,0.599850,1.917480,144.686840,-323.806520,60710.980470,,3.546570,-399.317930
0.694000,0.223020,0.616520,2.132810,144.703510,-323.806520,60257.460940,,3.545290,-399.317930
0.696000,0.221740,0.635740,2.061040,144.720180,-323.806520,60705.707030,1.000000,3.547850,-399.317930
0.698000,0.220460,0.652400,2.317380,144.736890,-323.806520,60277.503910,,3.545290,-399.317930
0.700000,0.220460,0.662660,2.378910,144.753630,-323.806520,60643.484380,,3.546570,-399.317930
0.702000,0.219180,0.672910,2.317380,144.770390,-323.806520,60510.585940,,3.546570,-399.317930
0.704000,0.220460,0.688290,2.081540,144.787110,-323.806520,60475.785160,1.000000,3.544010,-399.317930
0.706000,0.220460,0.692140,2.143070,144.803910,-323.806520,60706.761720,,3.546570,-399.317930
0.708000,0.217900,0.701110,2.091800,144.820710,-323.806490,60126.679690,,3.546570,-399.317930
0.710000,0.217900,0.697270,1.989260,144.837570,-323.806520,60551.722660,,3.545290,-399.317930
0.712000,0.217900,0.685730,2.266110,144.854480,-323.806520,60497.933590,1.000000,3.547850,-399.317930
0.714000,0.216610,0.676760,2.143070,144.871410,-323.806490,60854.414060,,3.545290,-399.317930
0.716000,0.217900,0.662660,1.948240,144.888370,-323.806520,60698.324220,,3.544010,-399.317930
0.718000,0.216610,0.642150,2.266110,144.905360,-323.806520,62249.769530,,3.546570,-399.317960
0.720000,0.215330,0.619080,2.030270,144.922380,-323.806490,60879.730470,1.000000,3.544010,-399.317960
0.722000,0.215330,0.596010,1.732910,144.939410,-323.806520,60802.738280,,3.544010,-399.317960
0.724000,0.215330,0.572940,2.020020,144.956440,-323.806520,60921.917970,,3.545290,-399.317960
0.726000,0.214050,0.556270,1.804690,144.973430,-323.806490,60823.828130,,3.542720,-399.317960
0.728000,0.215330,0.546020,1.620120,144.990400,-323.806520,61024.222660,1.000000,3.544010,-399.317960
0.730000,0.214050,0.549870,2.286620,145.007290,-323.806490,60780.585940,,3.546570,-399.317960
0.732000,0.214050,0.563960,2.122560,145.024120,-323.806490,60709.925780,,3.545290,-399.317960
0.734000,0.214050,0.576780,2.050780,145.040910,-323.806520,60414.609380,,3.546570,-399.317960
0.736000,0.214050,0.585750,2.501950,145.057710,-323.806490,60584.417970,1.000000,3.547850,-399.317960
0.738000,0.212770,0.588320,2.296880,145.074520,-323.806490,59272.382810,,3.546570,-399.317960
0.740000,0.214050,0.589600,2.091800,145.091350,-323.806490,60444.144530,,3.547850,-399.317960
0.742000,0.214050,0.593440,2.440430,145.108170,-323.806490,60411.445310,,3.547850,-399.317960
0.744000,0.212770,0.599850,2.061040,145.125000,-323.806490,60458.910160,1.000000,3.545290,-399.317960
0.746000,0.214050,0.608830,1.773930,145.141800,-323.806490,60732.078130,,3.547850,-399.317960
0.748000,0.214050,0.617800,2.389160,145.158600,-323.806490,60559.105470,,3.546570,-399.317960
0.750000,0.215330,0.626770,1.958500,145.175430,-323.806490,60656.136720,,3.544010,-399.317960
0.752000,0.215330,0.630620,1.907230,145.192230,-323.806490,60411.445310,1.000000,3.546570,-399.317960
0.754000,0.216610,0.638310,2.163570,145.209030,-323.806490,60832.265630,,3.547850,-399.317960
0.756000,0.216610,0.642150,2.122560,145.225850,-323.806490,60723.636720,,3.545290,-399.317960
0.758000,0.217900,0.633180,1.917480,145.242740,-323.806490,61155.000000,,3.547850,-399.317960
0.760000,0.217900,0.621640,1.968750,145.259640,-323.806490,60720.468750,1.000000,3.546570,-399.317960
0.762000,0.217900,0.613950,1.579100,145.276570,-323.806490,60773.203130,,3.546570,-399.317960
0.764000,0.219180,0.607540,1.620120,145.293460,-323.806490,60894.496090,,3.547850,-399.317960
0.766000,0.220460,0.601140,2.235350,145.310380,-323.806490,60728.910160,,3.546570,-399.317930
0.768000,0.219180,0.596010,2.173830,145.327260,-323.806490,61051.640630,1.000000,3.545290,-399.317930
0.770000,0.220460,0.580630,1.927730,145.344180,-323.806490,60609.730470,,3.547850,-399.317930
0.772000,0.223020,0.576780,2.266110,145.361050,-323.806490,60719.417970,,3.547850,-399.317930
0.774000,0.221740,0.575500,2.266110,145.377900,-323.806490,60348.167970,,3.547850,-399.317930
0.776000,0.223020,0.570370,2.009770,145.394740,-323.806490,60755.273440,1.000000,3.549130,-399.317930
0.778000,0.224300,0.565250,2.061040,145.411560,-323.806490,60335.511720,,3.547850,-399.317930
0.780000,0.224300,0.561400,2.225100,145.428410,-323.806490,60380.867190,,3.547850,-399.317930
0.782000,0.224300,0.561400,2.204590,145.445210,-323.806490,60476.839840,,3.549130,-399.317930
0.784000,0.224300,0.558840,2.153320,145.462010,-323.806490,60473.671880,1.000000,3.546570,-399.317930
0.786000,0.225590,0.552430,2.153320,145.478820,-323.806490,60709.925780,,3.547850,-399.317930
0.788000,0.225590,0.547300,2.091800,145.495650,-323.806490,60569.648440,,3.549130,-399.317930
0.790000,0.225590,0.544740,1.907230,145.512480,-323.806490,60615.003910,,3.546570,-399.317930
0.792000,0.226870,0.551150,2.614750,145.529280,-323.806490,60421.992190,1.000000,3.547850,-399.317930
0.794000,0.226870,0.562680,1.989260,145.546080,-323.806490,60929.300780,,3.547850,-399.317930
0.796000,0.228150,0.583190,1.917480,145.562840,-323.806490,60829.105470,,3.545290,-399.317930
0.798000,0.226870,0.597290,2.163570,145.579610,-323.806490,61906.996090,,3.547850,-399.317930
0.800000,0.226870,0.608830,1.825200,145.596390,-323.806490,60978.867190,1.000000,3.546570,-399.317930
0.802000,0.226870,0.617800,1.804690,145.613190,-323.806490,60834.378910,,3.545290,-399.317930
0.804000,0.226870,0.629330,2.378910,145.629970,-323.806490,60834.378910,,3.549130,-399.317930
0.806000,0.225590,0.635740,2.050780,145.646790,-323.806490,60723.636720,,3.547850,-399.317930
0.808000,0.225590,0.635740,1.927730,145.663650,-323.806490,61126.527340,1.000000,3.545290,-399.317930
0.810000,0.224300,0.630620,2.266110,145.680560,-323.806490,60854.414060,,3.550420,-399.317930
0.812000,0.224300,0.625490,1.866210,145.697480,-323.806490,60732.078130,,3.549130,-399.317930
0.814000,0.224300,0.617800,1.743160,145.714430,-323.806490,60413.558590,,3.547850,-399.317930
0.816000,0.224300,0.604980,2.389160,145.731430,-323.806490,60738.402340,1.000000,3.549130,-399.317930
0.818000,0.223020,0.590880,2.194340,145.748430,-323.806490,59568.753910,,3.546570,-399.317930
0.820000,0.224300,0.576780,1.999510,145.765430,-323.806490,60473.671880,,3.546570,-399.317930
0.822000,0.223020,0.563960,2.296880,145.782390,-323.806490,60435.707030,,3.549130,-399.317930
0.822000,0.223020,0.563960,2.296880,145.782390,-323.806490,60435.707030,,3.549130,-399.317930
0.824000,0.223020,0.565250,2.102050,145.799330,-323.806490,60381.917970,1.000000,3.546570,-399.317930
0.826000,0.224300,0.572940,1.425290,145.816180,-323.806490,60646.640630,,3.549130,-399.317930
0.828000,0.223020,0.593440,2.286620,145.832930,-323.806490,60605.511720,,3.550420,-399.317930
0.830000,0.221740,0.607540,2.030270,145.849670,-323.806490,60652.972660,,3.546570,-399.317930
0.832000,0.221740,0.612670,1.722660,145.866420,-323.806490,60543.281250,1.000000,3.550420,-399.317930
0.834000,0.221740,0.621640,2.266110,145.883190,-323.806490,60881.835940,,3.550420,-399.317930
0.836000,0.220460,0.628050,2.173830,145.899930,-323.806490,60868.128910,,3.547850,-399.317930
0.838000,0.220460,0.626770,1.968750,145.916750,-323.806490,61155.000000,,3.549130,-399.317930
0.840000,0.220460,0.624210,2.337890,145.933590,-323.806490,60747.894530,1.000000,3.549130,-399.317930
0.842000,0.220460,0.613950,2.030270,145.950470,-323.806490,60805.902340,,3.545290,-399.317930
0.844000,0.220460,0.603700,1.979000,145.967360,-323.806490,60908.207030,,3.549130,-399.317930
0.846000,0.220460,0.594730,2.276370,145.984270,-323.806490,60782.699220,,3.547850,-399.317930
0.848000,0.219180,0.589600,1.322750,146.001140,-323.806490,61152.894530,1.000000,3.547850,-399.317930
0.850000,0.219180,0.581910,1.835450,146.018010,-323.806490,60832.265630,,3.551700,-399.317930
0.852000,0.219180,0.579350,2.286620,146.034880,-323.806490,60811.171880,,3.549130,-399.317930
0.854000,0.217900,0.578060,2.184080,146.051740,-323.806490,60454.691410,,3.549130,-399.317930
0.856000,0.219180,0.570370,2.040530,146.068620,-323.806490,60848.093750,1.000000,3.551700,-399.317930
0.858000,0.219180,0.560120,2.081540,146.085540,-323.806490,60434.648440,,3.546570,-399.317930
0.860000,0.219180,0.544740,2.061040,146.102490,-323.806490,60519.027340,,3.547850,-399.317930
0.862000,0.219180,0.530640,1.896970,146.119460,-323.806490,60515.859380,,3.547850,-399.317930
0.864000,0.219180,0.511410,1.876460,146.136460,-323.806490,60445.195310,1.000000,3.545290,-399.317930
0.866000,0.220460,0.488340,1.979000,146.153460,-323.806490,60670.902340,,3.545290,-399.317930
0.868000,0.217900,0.471680,1.845700,146.170460,-323.806490,60407.226560,,3.547850,-399.317930
0.870000,0.219180,0.467830,1.855960,146.187380,-323.806490,60568.593750,,3.545290,-399.317930
0.872000,0.219180,0.475520,2.317380,146.204210,-323.806490,60387.191410,1.000000,3.549130,-399.317930
0.874000,0.217900,0.490910,2.173830,146.220980,-323.806490,60837.542970,,3.549130,-399.317930
0.876000,0.219180,0.502440,2.276370,146.237720,-323.806490,60719.417970,,3.547850,-399.317930
0.878000,0.219180,0.510130,2.501950,146.254460,-323.806490,62250.820310,,3.551700,-399.317930
0.880000,0.217900,0.516540,2.143070,146.271210,-323.806490,60852.308590,1.000000,3.550420,-399.317930
0.882000,0.219180,0.525510,1.876460,146.287980,-323.806490,60712.035160,,3.549130,-399.317930
0.884000,0.219180,0.534480,2.061040,146.304730,-323.806490,60871.292970,,3.551700,-399.317930
0.886000,0.219180,0.539610,1.927730,146.321520,-323.806490,60663.519530,,3.549130,-399.317930
0.888000,0.219180,0.543460,1.917480,146.338320,-323.806490,61073.789060,1.000000,3.547850,-399.317930
0.890000,0.220460,0.552430,2.327640,146.355120,-323.806490,60638.207030,,3.549130,-399.317930
0.892000,0.219180,0.570370,2.122560,146.371860,-323.806490,60789.023440,,3.547850,-399.317930
0.894000,0.220460,0.588320,1.896970,146.388580,-323.806490,60436.761720,,3.547850,-399.317930
0.896000,0.221740,0.613950,2.348140,146.405270,-323.806490,60723.636720,1.000000,3.549130,-399.317930
0.898000,0.220460,0.638310,2.040530,146.421950,-323.806490,59204.886720,,3.547850,-399.317930
0.900000,0.221740,0.654970,1.907230,146.438670,-323.806490,60476.839840,,3.549130,-399.317930
0.902000,0.220460,0.665220,2.368650,146.455430,-323.806490,60365.042970,,3.549130,-399.317930
0.904000,0.221740,0.669070,1.825200,146.472240,-323.806490,60487.382810,1.000000,3.547850,-399.317930
0.906000,0.223020,0.656250,1.404790,146.489140,-323.806490,60666.679690,,3.549130,-399.317930
0.908000,0.223020,0.629330,2.481450,146.506120,-323.806490,60556.996090,,3.549130,-399.317930
0.910000,0.221740,0.601140,2.214840,146.523210,-323.806490,60613.949220,,3.546570,-399.317930
0.912000,0.223020,0.565250,1.958500,146.540330,-323.806490,60490.550780,1.000000,3.547850,-399.317930
0.914000,0.223020,0.537050,2.460940,146.557450,-323.806490,60855.476560,,3.547850,-399.317930
0.916000,0.224300,0.513980,2.204590,146.574540,-323.806490,60681.453130,,3.546570,-399.317930
0.918000,0.224300,0.497310,2.030270,146.591600,-323.806490,61273.128910,,3.550420,-399.317930
0.920000,0.224300,0.492190,2.050780,146.608580,-323.806490,60869.179690,1.000000,3.550420,-399.317930
0.922000,0.224300,0.494750,1.835450,146.625500,-323.806490,60756.332030,,3.549130,-399.317930
0.924000,0.225590,0.499880,1.948240,146.642350,-323.806490,60747.894530,,3.551700,-399.317930
0.926000,0.226870,0.510130,2.337890,146.659160,-323.806490,60779.535160,,3.550420,-399.317930
0.928000,0.226870,0.519100,1.773930,146.675950,-323.806490,61032.664060,1.000000,3.549130,-399.317900
0.930000,0.226870,0.520390,1.896970,146.692760,-323.806490,60737.347660,,3.551700,-399.317930
0.932000,0.226870,0.525510,2.143070,146.709550,-323.806490,60751.054690,,3.549130,-399.317900
0.934000,0.226870,0.531920,2.173830,146.726330,-323.806490,60465.234380,,3.547850,-399.317900
0.936000,0.228150,0.537050,1.948240,146.743130,-323.806490,60867.070310,1.000000,3.550420,-399.317900
0.938000,0.226870,0.540890,1.917480,146.759920,-323.806490,60663.519530,,3.547850,-399.317900
0.940000,0.228150,0.547300,1.968750,146.776750,-323.806490,60349.218750,,3.547850,-399.317900
0.942000,0.228150,0.553710,1.907230,146.793520,-323.806490,60559.105470,,3.549130,-399.317900
0.944000,0.229430,0.567810,2.276370,146.810300,-323.806490,60490.550780,1.000000,3.547850,-399.317900
0.946000,0.229430,0.585750,2.286620,146.827060,-323.806490,60684.609380,,3.547850,-399.317900
0.948000,0.228150,0.599850,2.071290,146.843800,-323.806490,60544.339840,,3.551700,-399.317900
0.950000,0.228150,0.610110,2.122560,146.860550,-323.806490,60669.843750,,3.549130,-399.317900
0.950000,0.228150,0.610110,2.122560,146.860550,-323.806490,60669.843750,,3.549130,-399.317900
0.952000,0.228150,0.621640,2.378910,146.877320,-323.806490,60439.925780,1.000000,3.551700,-399.317900
0.954000,0.228150,0.620360,2.050780,146.894130,-323.806490,61064.300780,,3.550420,-399.317900
0.956000,0.228150,0.616520,2.040530,146.910980,-323.806490,60801.679690,,3.549130,-399.317900
0.958000,0.228150,0.606260,2.245610,146.927900,-323.806490,62051.488280,,3.551700,-399.317900
0.960000,0.228150,0.588320,1.948240,146.944850,-323.806490,60919.804690,1.000000,3.550420,-399.317900
0.962000,0.228150,0.575500,1.825200,146.961820,-323.806490,60758.437500,,3.546570,-399.317900
0.964000,0.228150,0.563960,2.091800,146.978780,-323.806490,60804.847660,,3.550420,-399.317900
0.966000,0.226870,0.558840,1.968750,146.995700,-323.806490,60732.078130,,3.547850,-399.317900
0.968000,0.226870,0.558840,1.650880,147.012600,-323.806490,61070.628910,1.000000,3.546570,-399.317900
0.970000,0.226870,0.551150,2.225100,147.029500,-323.806490,60757.386720,,3.551700,-399.317900
0.972000,0.224300,0.544740,1.927730,147.046370,-323.806490,60781.640630,,3.549130,-399.317900
0.974000,0.225590,0.534480,1.691890,147.063260,-323.806490,60506.371090,,3.549130,-399.317900
0.976000,0.225590,0.526790,2.143070,147.080140,-323.806490,60796.406250,1.000000,3.551700,-399.317900
0.976000,0.225590,0.526790,2.143070,147.080140,-323.806490,60796.406250,1.000000,3.551700,-399.317900
0.978000,0.224300,0.515260,1.999510,147.097050,-323.806460,60110.859380,,3.549130,-399.317900
0.980000,0.224300,0.503720,1.968750,147.113970,-323.806490,60328.128910,,3.550420,-399.317900
0.982000,0.224300,0.497310,2.501950,147.130890,-323.806460,60358.714840,,3.551700,-399.317930
0.984000,0.223020,0.499880,2.184080,147.147780,-323.806490,60295.429690,1.000000,3.547850,-399.317930
0.986000,0.223020,0.499880,1.896970,147.164660,-323.806490,60719.417970,,3.549130,-399.317930
0.988000,0.221740,0.502440,2.460940,147.181520,-323.806490,60538.007810,,3.550420,-399.317930
0.990000,0.221740,0.508850,1.979000,147.198330,-323.806490,60621.332030,,3.549130,-399.317930
0.992000,0.221740,0.522950,1.855960,147.215120,-323.806490,60512.699220,1.000000,3.551700,-399.317930
0.994000,0.220460,0.546020,2.471190,147.231860,-323.806460,60664.570310,,3.551700,-399.317930
0.996000,0.220460,0.570370,2.153320,147.248550,-323.806460,60751.054690,,3.549130,-399.317930
0.998000,0.220460,0.585750,1.968750,147.265260,-323.806490,61182.421880,,3.552980,-399.317930
1.000000,0.220460,0.596010,2.173830,147.282000,-323.806460,60974.656250,1.000000,3.551700,-399.317930
1.002000,0.220460,0.604980,1.866210,147.298780,-323.806460,60714.144530,,3.549130,-399.317930
1.004000,0.219180,0.601140,1.691890,147.315610,-323.806460,60880.785160,,3.551700,-399.317930
1.006000,0.219180,0.589600,2.245610,147.332520,-323.806460,60817.503910,,3.549130,-399.317930
1.008000,0.219180,0.570370,1.702150,147.349490,-323.806490,61157.113280,1.000000,3.546570,-399.317930
1.010000,0.217900,0.548580,1.691890,147.366520,-323.806460,60626.601560,,3.549130,-399.317930
1.012000,0.219180,0.537050,2.307130,147.383500,-323.806460,60793.242190,,3.547850,-399.317930
1.014000,0.219180,0.542180,2.122560,147.400410,-323.806490,60372.425780,,3.547850,-399.317930
1.016000,0.219180,0.548580,1.979000,147.417270,-323.806460,60775.316410,1.000000,3.551700,-399.317930
1.018000,0.219180,0.561400,2.389160,147.434080,-323.806460,60712.035160,,3.549130,-399.317930
1.020000,0.219180,0.566530,2.276370,147.450870,-323.806460,60352.386720,,3.550420,-399.317930
1.022000,0.217900,0.571660,2.225100,147.467620,-323.806460,60399.843750,,3.554260,-399.317930
1.024000,0.220460,0.585750,2.266110,147.484360,-323.806460,60454.691410,1.000000,3.551700,-399.317930
1.026000,0.220460,0.594730,1.958500,147.501080,-323.806460,60728.910160,,3.552980,-399.317930
1.028000,0.219180,0.597290,1.948240,147.517870,-323.806460,60535.902340,,3.552980,-399.317930
1.030000,0.221740,0.592160,2.102050,147.534710,-323.806460,60580.199220,,3.550420,-399.317930
1.032000,0.221740,0.576780,2.266110,147.551610,-323.806460,60514.808590,1.000000,3.550420,-399.317930
1.034000,0.220460,0.566530,2.132810,147.568530,-323.806460,60933.519530,,3.550420,-399.317930
1.036000,0.223020,0.556270,2.163570,147.585450,-323.806460,60714.144530,,3.546570,-399.317930
1.038000,0.223020,0.544740,2.235350,147.602400,-323.806460,62010.355470,,3.550420,-399.317930
1.040000,0.223020,0.535770,1.825200,147.619320,-323.806460,60989.417970,1.000000,3.550420,-399.317930
1.042000,0.224300,0.535770,1.773930,147.636250,-323.806460,60793.242190,,3.549130,-399.317930
1.044000,0.225590,0.538330,1.979000,147.653120,-323.806460,60893.441410,,3.551700,-399.317930
1.046000,0.224300,0.544740,1.773930,147.669970,-323.806460,60864.964840,,3.551700,-399.317930
1.048000,0.225590,0.558840,1.702150,147.686770,-323.806460,61020.003910,1.000000,3.549130,-399.317900
1.050000,0.225590,0.562680,2.245610,147.703610,-323.806460,60728.910160,,3.552980,-399.317900
1.052000,0.225590,0.561400,2.143070,147.720470,-323.806460,60611.835940,,3.550420,-399.317900
1.054000,0.228150,0.552430,2.194340,147.737400,-323.806460,60508.476560,,3.549130,-399.317900
1.056000,0.226870,0.539610,2.491700,147.754330,-323.806460,60828.054690,1.000000,3.551700,-399.317900
1.058000,0.226870,0.525510,2.173830,147.771300,-323.806460,59093.089840,,3.547850,-399.317900
1.060000,0.228150,0.515260,2.102050,147.788270,-323.806460,60300.707030,,3.550420,-399.317900
1.062000,0.228150,0.510130,2.409670,147.805190,-323.806460,60386.136720,,3.550420,-399.317900
1.064000,0.228150,0.511410,2.030270,147.822080,-323.806460,60334.453130,1.000000,3.550420,-399.317900
1.066000,0.229430,0.510130,1.568850,147.838940,-323.806460,60743.671880,,3.549130,-399.317900
1.068000,0.228150,0.511410,2.625000,147.855800,-323.806460,60454.691410,,3.552980,-399.317900
1.070000,0.229430,0.516540,2.020020,147.872620,-323.806460,60598.128910,,3.549130,-399.317900
1.072000,0.229430,0.516540,1.794430,147.889450,-323.806460,60425.160160,1.000000,3.551700,-399.317900
1.074000,0.230710,0.525510,2.389160,147.906230,-323.806460,60977.812500,,3.552980,-399.317900
1.076000,0.230710,0.538330,2.040530,147.923020,-323.806460,60714.144530,,3.549130,-399.317900
1.078000,0.230710,0.525510,1.814940,147.939870,-323.806460,61163.441410,,3.551700,-399.317900
1.080000,0.230710,0.533200,2.040530,147.956680,-323.806460,60937.738280,1.000000,3.550420,-399.317900
1.082000,0.229430,0.543460,1.599610,147.973480,-323.806460,60686.722660,,3.549130,-399.317900
1.084000,0.230710,0.546020,1.691890,147.990260,-323.806460,60893.441410,,3.550420,-399.317900
1.086000,0.229430,0.557560,2.327640,148.007030,-323.806460,60753.167970,,3.550420,-399.317900
1.088000,0.228150,0.567810,1.968750,148.023790,-323.806460,61137.070310,1.000000,3.547850,-399.317900
1.090000,0.229430,0.581910,2.081540,148.040530,-323.806460,60646.640630,,3.552980,-399.317900
1.092000,0.226870,0.601140,2.358400,148.057220,-323.806460,60725.746090,,3.550420,-399.317900
1.094000,0.226870,0.617800,2.184080,148.073940,-323.806460,60371.367190,,3.549130,-399.317900
1.096000,0.228150,0.626770,2.009770,148.090680,-323.806460,60770.042970,1.000000,3.552980,-399.317900
1.098000,0.226870,0.622920,2.050780,148.107500,-323.806460,60624.496090,,3.550420,-399.317900
1.100000,0.226870,0.615230,2.112300,148.124400,-323.806460,60354.496090,,3.549130,-399.317900
1.102000,0.226870,0.597290,2.091800,148.141360,-323.806460,60453.636720,,3.552980,-399.317900
1.104000,0.226870,0.576780,2.286620,148.158360,-323.806460,60467.347660,1.000000,3.549130,-399.317900
1.106000,0.225590,0.551150,1.968750,148.175430,-323.806460,60756.332030,,3.550420,-399.317900
1.108000,0.225590,0.533200,1.927730,148.192490,-323.806460,60551.722660,,3.550420,-399.317900
1.110000,0.224300,0.529360,1.999510,148.209490,-323.806460,60651.917970,,3.547850,-399.317900
1.112000,0.224300,0.530640,2.122560,148.226440,-323.806460,60426.214840,1.000000,3.549130,-399.317900
1.114000,0.224300,0.533200,1.968750,148.243330,-323.806460,60874.453130,,3.551700,-399.317900
1.116000,0.224300,0.534480,1.886720,148.260240,-323.806460,60742.617190,,3.549130,-399.317900
1.118000,0.223020,0.531920,1.999510,148.277130,-323.806460,61998.753910,,3.550420,-399.317900
1.120000,0.223020,0.528080,1.548340,148.294010,-323.806460,60830.160160,1.000000,3.551700,-399.317900
1.122000,0.223020,0.531920,1.958500,148.310870,-323.806460,60739.460940,,3.549130,-399.317900
1.124000,0.223020,0.533200,2.286620,148.327710,-323.806460,60895.550780,,3.551700,-399.317930
1.126000,0.221740,0.535770,2.040530,148.344560,-323.806460,60801.679690,,3.549130,-399.317930
1.128000,0.223020,0.528080,1.958500,148.361420,-323.806460,61063.242190,1.000000,3.547850,-399.317900
1.130000,0.221740,0.526790,2.430180,148.378300,-323.806460,60699.378910,,3.550420,-399.317900
1.132000,0.221740,0.525510,2.050780,148.395160,-323.806460,60713.089840,,3.549130,-399.317900
1.134000,0.223020,0.531920,1.917480,148.411970,-323.806460,60507.421880,,3.549130,-399.317930
1.136000,0.221740,0.542180,2.348140,148.428760,-323.806460,60825.941410,1.000000,3.551700,-399.317930
1.138000,0.221740,0.561400,2.081540,148.445510,-323.806460,60385.078130,,3.549130,-399.317930
1.140000,0.221740,0.567810,1.927730,148.462280,-323.806460,60438.875000,,3.550420,-399.317930
1.142000,0.220460,0.576780,2.409670,148.479050,-323.806460,60476.839840,,3.551700,-399.317930
1.144000,0.221740,0.588320,2.009770,148.495820,-323.806460,60449.414060,1.000000,3.549130,-399.317930
1.146000,0.223020,0.594730,1.404790,148.512560,-323.806460,60685.664060,,3.550420,-399.317930
1.148000,0.220460,0.597290,2.143070,148.529360,-323.806460,60426.214840,,3.551700,-399.317930
1.150000,0.221740,0.592160,2.020020,148.546200,-323.806460,60645.589840,,3.547850,-399.317930
1.152000,0.223020,0.583190,1.763670,148.563080,-323.806460,60586.527340,1.000000,3.550420,-399.317930
1.154000,0.221740,0.579350,2.184080,148.579940,-323.806460,60616.054690,,3.550420,-399.317930
1.156000,0.221740,0.571660,1.927730,148.596830,-323.806460,60760.550780,,3.546570,-399.317930
1.158000,0.223020,0.563960,1.886720,148.613750,-323.806460,61051.640630,,3.550420,-399.317930
1.160000,0.221740,0.557560,2.368650,148.630650,-323.806460,60916.644530,1.000000,3.549130,-399.317900
1.160000,0.221740,0.557560,2.368650,148.630650,-323.806460,60916.644530,1.000000,3.549130,-399.317900
1.162000,0.223020,0.547300,1.855960,148.647570,-323.806460,60737.347660,,3.546570,-399.317930
1.164000,0.223020,0.531920,1.989260,148.664520,-323.806460,60824.886720,,3.550420,-399.317930
1.166000,0.223020,0.515260,2.348140,148.681500,-323.806460,60744.730470,,3.550420,-399.317930
1.168000,0.223020,0.498600,1.784180,148.698470,-323.806460,61063.242190,1.000000,3.549130,-399.317930
1.170000,0.224300,0.481930,1.804690,148.715470,-323.806460,60684.609380,,3.552980,-399.317930
1.172000,0.223020,0.474240,2.512210,148.732410,-323.806460,60751.054690,,3.551700,-399.317900
1.174000,0.223020,0.472960,2.112300,148.749340,-323.806460,59663.671880,,3.549130,-399.317930
1.176000,0.224300,0.466550,2.081540,148.766240,-323.806460,60797.468750,1.000000,3.551700,-399.317900
1.178000,0.225590,0.466550,2.266110,148.783130,-323.806460,60991.527340,,3.549130,-399.317900
1.180000,0.225590,0.466550,2.061040,148.799970,-323.806460,60388.246090,,3.550420,-399.317900
1.182000,0.225590,0.470400,1.927730,148.816820,-323.806460,60493.714840,,3.551700,-399.317900
1.184000,0.225590,0.480650,2.153320,148.833590,-323.806460,60513.753910,1.000000,3.549130,-399.317900
1.186000,0.226870,0.493470,1.896970,148.850360,-323.806460,60850.199220,,3.550420,-399.317900
1.188000,0.225590,0.505000,1.722660,148.867100,-323.806460,60500.039060,,3.551700,-399.317900
1.190000,0.225590,0.519100,2.132810,148.883820,-323.806460,60679.339840,,3.550420,-399.317900
1.192000,0.226870,0.538330,2.245610,148.900540,-323.806460,60545.390630,1.000000,3.550420,-399.317900
1.194000,0.228150,0.552430,2.132810,148.917240,-323.806460,60870.238280,,3.551700,-399.317900
1.196000,0.226870,0.561400,2.419920,148.933990,-323.806460,60702.542970,,3.549130,-399.317900
1.198000,0.228150,0.563960,2.276370,148.950780,-323.806460,61178.207030,,3.551700,-399.317900
1.200000,0.228150,0.569090,2.009770,148.967590,-323.806430,61054.808590,1.000000,3.550420,-399.317900
1.202000,0.229430,0.567810,1.937990,148.984440,-323.806460,60743.671880,,3.550420,-399.317900
1.204000,0.228150,0.567810,1.835450,149.001280,-323.806460,61022.113280,,3.550420,-399.317900
1.206000,0.228150,0.569090,1.825200,149.018160,-323.806460,60844.925780,,3.550420,-399.317900
1.208000,0.228150,0.563960,1.825200,149.035050,-323.806460,61001.015630,1.000000,3.549130,-399.317900
1.210000,0.229430,0.556270,2.204590,149.051960,-323.806460,60741.566410,,3.551700,-399.317900
1.212000,0.228150,0.556270,2.040530,149.068830,-323.806430,60738.402340,,3.552980,-399.317900
1.214000,0.228150,0.552430,1.979000,149.085690,-323.806430,60564.378910,,3.550420,-399.317900
1.216000,0.229430,0.549870,2.184080,149.102550,-323.806460,60732.078130,1.000000,3.552980,-399.317900
1.218000,0.228150,0.548580,1.937990,149.119430,-323.806430,60041.250000,,3.550420,-399.317900
1.220000,0.230710,0.546020,1.886720,149.136280,-323.806460,60307.035160,,3.550420,-399.317900
1.222000,0.230710,0.544740,2.255860,149.153120,-323.806460,60367.152340,,3.551700,-399.317900
1.224000,0.229430,0.548580,1.876460,149.169970,-323.806430,60527.468750,1.000000,3.549130,-399.317900
1.226000,0.230710,0.540890,1.784180,149.186840,-323.806460,60766.875000,,3.550420,-399.317900
1.228000,0.229430,0.531920,2.625000,149.203750,-323.806460,60538.007810,,3.550420,-399.317900
1.230000,0.229430,0.521670,2.399410,149.220670,-323.806430,60621.332030,,3.549130,-399.317900
1.232000,0.230710,0.512700,2.501950,149.237610,-323.806460,60678.281250,1.000000,3.550420,-399.317900
1.234000,0.229430,0.516540,2.912110,149.254500,-323.806430,61790.980470,,3.552980,-399.317900
1.236000,0.228150,0.524230,2.194340,149.271360,-323.806430,60737.347660,,3.549130,-399.317900
1.238000,0.229430,0.529360,2.009770,149.288210,-323.806460,61187.699220,,3.551700,-399.317900
1.240000,0.229430,0.538330,2.225100,149.305050,-323.806430,61088.558590,1.000000,3.552980,-399.317900
1.242000,0.226870,0.552430,1.732910,149.321840,-323.806430,60734.183590,,3.550420,-399.317900
1.244000,0.228150,0.562680,1.927730,149.338650,-323.806460,60905.039060,,3.551700,-399.317900
1.246000,0.228150,0.569090,2.296880,149.355470,-323.806430,60879.730470,,3.552980,-399.317900
1.248000,0.226870,0.570370,1.753420,149.372300,-323.806430,61120.199220,1.000000,3.549130,-399.317900
1.250000,0.228150,0.571660,1.999510,149.389160,-323.806460,60799.574220,,3.551700,-399.317900
1.252000,0.225590,0.572940,2.307130,149.406010,-323.806430,60742.617190,,3.550420,-399.317900
1.254000,0.225590,0.575500,2.040530,149.422880,-323.806430,60480.000000,,3.547850,-399.317900
1.256000,0.225590,0.576780,1.784180,149.439740,-323.806460,60797.468750,1.000000,3.551700,-399.317900
1.258000,0.224300,0.570370,2.020020,149.456650,-323.806430,60707.812500,,3.549130,-399.317900
1.260000,0.224300,0.561400,1.804690,149.473560,-323.806460,60257.460940,,3.549130,-399.317900
1.262000,0.224300,0.556270,1.763670,149.490490,-323.806430,60470.511720,,3.550420,-399.317900
1.264000,0.223020,0.556270,2.368650,149.507390,-323.806430,60449.414060,1.000000,3.549130,-399.317900
1.266000,0.223020,0.552430,2.204590,149.524310,-323.806430,60778.476560,,3.549130,-399.317900
1.268000,0.221740,0.546020,2.009770,149.541230,-323.806430,60521.136720,,3.552980,-399.317900
1.270000,0.221740,0.537050,2.286620,149.558140,-323.806430,60623.441410,,3.550420,-399.317900
1.272000,0.221740,0.526790,2.255860,149.575060,-323.806430,60493.714840,1.000000,3.551700,-399.317900
1.274000,0.220460,0.515260,2.143070,149.591960,-323.806430,60913.476560,,3.554260,-399.317900
1.276000,0.221740,0.513980,2.081540,149.608840,-323.806430,60732.078130,,3.551700,-399.317900
1.278000,0.220460,0.510130,1.948240,149.625690,-323.806430,61935.468750,,3.552980,-399.317900
1.280000,0.220460,0.506290,1.835450,149.642530,-323.806430,61032.664060,1.000000,3.552980,-399.317930
1.282000,0.220460,0.506290,2.071290,149.659330,-323.806430,60660.355470,,3.550420,-399.317930
1.284000,0.220460,0.512700,1.989260,149.676130,-323.806430,60931.410160,,3.551700,-399.317930
1.286000,0.219180,0.520390,1.968750,149.692900,-323.806430,60772.152340,,3.551700,-399.317930
1.288000,0.220460,0.526790,1.784180,149.709690,-323.806430,61045.316410,1.000000,3.549130,-399.317930
1.288000,0.220460,0.526790,1.784180,149.709690,-323.806430,61045.316410,1.000000,3.549130,-399.317930
1.290000,0.221740,0.534480,2.204590,149.726470,-323.806430,60709.925780,,3.551700,-399.317930
1.292000,0.221740,0.538330,1.979000,149.743260,-323.806430,60780.585940,,3.550420,-399.317930
1.294000,0.223020,0.539610,1.794430,149.760120,-323.806430,60426.214840,,3.549130,-399.317930
1.296000,0.221740,0.543460,2.040530,149.776930,-323.806430,60754.222660,1.000000,3.551700,-399.317930
1.298000,0.221740,0.551150,1.845700,149.793790,-323.806430,60353.437500,,3.550420,-399.317900
1.300000,0.223020,0.566530,2.071290,149.810590,-323.806430,60360.824220,,3.550420,-399.317900
1.302000,0.224300,0.575500,2.481450,149.827440,-323.806430,60412.503910,,3.551700,-399.317900
1.304000,0.223020,0.575500,1.999510,149.844310,-323.806430,60405.121090,1.000000,3.550420,-399.317900
1.306000,0.224300,0.561400,1.968750,149.861250,-323.806430,60699.378910,,3.551700,-399.317900
1.308000,0.225590,0.549870,2.471190,149.878220,-323.806430,60538.007810,,3.551700,-399.317900
1.310000,0.224300,0.539610,1.948240,149.895190,-323.806430,60705.707030,,3.550420,-399.317900
1.312000,0.226870,0.534480,1.804690,149.912160,-323.806430,60608.671880,1.000000,3.551700,-399.317900
1.314000,0.225590,0.526790,2.368650,149.929110,-323.806430,60568.593750,,3.551700,-399.317900
1.316000,0.226870,0.520390,2.112300,149.946060,-323.806430,60488.437500,,3.550420,-399.317900
1.318000,0.228150,0.512700,2.143070,149.962980,-323.806430,60431.488280,,3.551700,-399.317900
1.320000,0.228150,0.515260,2.419920,149.979860,-323.806430,60970.429690,1.000000,3.551700,-399.317900
1.322000,0.228150,0.524230,2.040530,149.996690,-323.806430,60770.042970,,3.549130,-399.317900
1.324000,0.230710,0.531920,1.866210,150.013490,-323.806430,61013.671880,,3.551700,-399.317900
1.326000,0.229430,0.543460,2.409670,150.030260,-323.806430,60913.476560,,3.551700,-399.317900
1.328000,0.229430,0.552430,1.999510,150.047040,-323.806430,61186.644530,1.000000,3.549130,-399.317900
1.330000,0.230710,0.554990,1.866210,150.063860,-323.806430,60786.917970,,3.552980,-399.317900
1.332000,0.229430,0.560120,2.378910,150.080660,-323.806430,60793.242190,,3.550420,-399.317900
1.334000,0.230710,0.565250,1.999510,150.097490,-323.806430,59838.753910,,3.550420,-399.317900
1.336000,0.231990,0.567810,1.958500,150.114300,-323.806430,60815.394530,1.000000,3.551700,-399.317900
1.338000,0.231990,0.563960,2.337890,150.131180,-323.806430,60957.773440,,3.551700,-399.317900
1.340000,0.233280,0.558840,2.050780,150.148060,-323.806430,60343.949220,,3.550420,-399.317900
1.342000,0.231990,0.553710,1.917480,150.164930,-323.806430,60502.152340,,3.552980,-399.317870
1.344000,0.231990,0.558840,2.276370,150.181760,-323.806430,60515.859380,1.000000,3.551700,-399.317900
1.346000,0.231990,0.565250,1.825200,150.198590,-323.806430,60635.039060,,3.550420,-399.317900
1.348000,0.231990,0.570370,1.814940,150.215410,-323.806430,60509.535160,,3.554260,-399.317900
1.350000,0.231990,0.569090,2.307130,150.232270,-323.806430,60579.144530,,3.551700,-399.317900
1.352000,0.231990,0.560120,2.235350,150.249150,-323.806430,60571.761720,1.000000,3.550420,-399.317900
1.354000,0.230710,0.549870,2.163570,150.266070,-323.806430,60618.167970,,3.552980,-399.317900
1.356000,0.230710,0.537050,2.173830,150.283040,-323.806430,60767.933590,,3.549130,-399.317900
1.358000,0.231990,0.516540,2.061040,150.300030,-323.806430,60938.792970,,3.550420,-399.317900
1.360000,0.230710,0.507570,1.825200,150.317030,-323.806430,61025.273440,1.000000,3.551700,-399.317900
1.362000,0.230710,0.497310,1.948240,150.334030,-323.806430,60706.761720,,3.549130,-399.317900
1.364000,0.230710,0.494750,1.886720,150.350970,-323.806430,61028.437500,,3.550420,-399.317900
1.366000,0.229430,0.496030,1.620120,150.367870,-323.806430,60819.613280,,3.550420,-399.317900
1.368000,0.230710,0.501160,2.030270,150.384780,-323.806430,60921.917970,1.000000,3.547850,-399.317900
1.370000,0.229430,0.497310,2.266110,150.401640,-323.806430,60750.003910,,3.551700,-399.317900
1.372000,0.229430,0.499880,1.999510,150.418520,-323.806430,60671.953130,,3.552980,-399.317900
1.374000,0.228150,0.506290,2.266110,150.435330,-323.806430,60816.445310,,3.550420,-399.317900
1.376000,0.226870,0.515260,2.327640,150.452150,-323.806430,60731.019530,1.000000,3.554260,-399.317900
1.378000,0.225590,0.519100,2.132810,150.468990,-323.806430,60466.292970,,3.552980,-399.317900
1.380000,0.226870,0.519100,2.091800,150.485840,-323.806430,60335.511720,,3.550420,-399.317900
1.382000,0.226870,0.525510,2.204590,150.502660,-323.806430,60483.167970,,3.551700,-399.317900
1.384000,0.225590,0.537050,1.743160,150.519450,-323.806430,60371.367190,1.000000,3.550420,-399.317900
1.386000,0.228150,0.553710,1.753420,150.536210,-323.806430,60675.121090,,3.550420,-399.317900
1.388000,0.225590,0.566530,2.378910,150.552960,-323.806430,60401.957030,,3.551700,-399.317900
1.390000,0.225590,0.592160,1.989260,150.569690,-323.806430,60685.664060,,3.550420,-399.317900
1.392000,0.225590,0.616520,1.773930,150.586380,-323.806430,60509.535160,1.000000,3.550420,-399.317900
1.394000,0.225590,0.644710,2.204590,150.603060,-323.806430,61446.097660,,3.552980,-399.317900
1.396000,0.225590,0.671630,1.753420,150.619770,-323.806430,60603.402340,,3.549130,-399.317900
1.398000,0.225590,0.681880,1.732910,150.636510,-323.806430,60609.730470,,3.550420,-399.317900
1.400000,0.224300,0.683170,2.091800,150.653350,-323.806430,60949.339840,1.000000,3.552980,-399.317900
1.402000,0.224300,0.672910,1.640630,150.670260,-323.806430,60604.453130,,3.549130,-399.317900
1.404000,0.225590,0.652400,1.753420,150.687260,-323.806430,60965.156250,,3.551700,-399.317900
1.406000,0.224300,0.626770,2.327640,150.704320,-323.806430,60714.144530,,3.551700,-399.317900
1.408000,0.223020,0.603700,2.020020,150.721410,-323.806430,61143.402340,1.000000,3.549130,-399.317900
1.410000,0.224300,0.584470,2.184080,150.738480,-323.806430,60680.394530,,3.551700,-399.317900
1.412000,0.224300,0.563960,2.563480,150.755570,-323.806430,60675.121090,,3.551700,-399.317900
1.414000,0.223020,0.548580,2.143070,150.772600,-323.806430,60558.046880,,3.549130,-399.317900
1.416000,0.224300,0.535770,1.937990,150.789630,-323.806430,60870.238280,1.000000,3.554260,-399.317900
1.418000,0.223020,0.526790,2.522460,150.806590,-323.806430,60687.777340,,3.551700,-399.317900
1.420000,0.224300,0.521670,1.927730,150.823550,-323.806430,60307.035160,,3.551700,-399.317900
1.422000,0.224300,0.521670,1.979000,150.840450,-323.806430,60545.390630,,3.554260,-399.317900
1.424000,0.224300,0.528080,2.378910,150.857320,-323.806430,60482.113280,1.000000,3.551700,-399.317900
1.426000,0.224300,0.524230,1.989260,150.874210,-323.806430,60748.949220,,3.550420,-399.317900
1.428000,0.225590,0.519100,1.866210,150.891070,-323.806430,60636.097660,,3.554260,-399.317900
1.430000,0.224300,0.516540,2.307130,150.907970,-323.806430,60727.851560,,3.549130,-399.317900
1.432000,0.225590,0.512700,2.061040,150.924840,-323.806430,60686.722660,1.000000,3.550420,-399.317900
1.434000,0.225590,0.511410,1.886720,150.941710,-323.806430,60680.394530,,3.551700,-399.317900
1.436000,0.224300,0.521670,1.948240,150.958540,-323.806430,60705.707030,,3.547850,-399.317900
1.438000,0.226870,0.534480,1.825200,150.975330,-323.806430,61861.640630,,3.550420,-399.317900
1.440000,0.226870,0.552430,1.661130,150.992050,-323.806430,60849.144530,1.000000,3.551700,-399.317900
1.442000,0.226870,0.580630,2.184080,151.008740,-323.806430,60753.167970,,3.550420,-399.317900
1.444000,0.226870,0.607540,2.235350,151.025420,-323.806430,60909.257810,,3.551700,-399.317900
1.446000,0.226870,0.622920,2.091800,151.042100,-323.806430,60801.679690,,3.551700,-399.317900
1.448000,0.226870,0.634460,2.132810,151.058850,-323.806430,60957.773440,1.000000,3.550420,-399.317900
1.450000,0.228150,0.630620,2.266110,151.075670,-323.806430,60823.828130,,3.552980,-399.317900
1.452000,0.228150,0.626770,2.050780,151.092540,-323.806430,60756.332030,,3.551700,-399.317900
1.454000,0.228150,0.616520,1.876460,151.109450,-323.806430,60511.644530,,3.549130,-399.317900
1.456000,0.228150,0.606260,2.091800,151.126420,-323.806430,60721.527340,1.000000,3.551700,-399.317900
1.456000,0.228150,0.606260,2.091800,151.126420,-323.806430,60721.527340,1.000000,3.551700,-399.317900
1.458000,0.229430,0.596010,1.937990,151.143390,-323.806430,60691.992190,,3.549130,-399.317900
1.460000,0.229430,0.581910,2.091800,151.160390,-323.806430,60280.664060,,3.547850,-399.317900
1.462000,0.229430,0.570370,2.173830,151.177370,-323.806430,60482.113280,,3.551700,-399.317900
1.464000,0.229430,0.563960,1.968750,151.194310,-323.806430,60360.824220,1.000000,3.549130,-399.317900
1.466000,0.230710,0.558840,1.886720,151.211230,-323.806430,60716.257810,,3.551700,-399.317900
1.468000,0.229430,0.549870,2.296880,151.228130,-323.806430,60474.730470,,3.552980,-399.317900
1.470000,0.230710,0.538330,1.876460,151.245060,-323.806430,60701.488280,,3.551700,-399.317900
1.472000,0.231990,0.526790,1.671390,151.261980,-323.806430,60590.746090,1.000000,3.551700,-399.317900
1.472000,0.231990,0.526790,1.671390,151.261980,-323.806430,60590.746090,1.000000,3.551700,-399.317900
1.474000,0.230710,0.521670,2.132810,151.278900,-323.806430,60581.250000,,3.554260,-399.317900
1.476000,0.230710,0.516540,1.753420,151.295810,-323.806430,60675.121090,,3.549130,-399.317900
1.478000,0.231990,0.505000,1.917480,151.312740,-323.806430,60715.195310,,3.550420,-399.317900
1.480000,0.230710,0.490910,2.317380,151.329680,-323.806430,61044.257810,1.000000,3.551700,-399.317900
1.482000,0.230710,0.483220,1.886720,151.346620,-323.806430,60612.894530,,3.547850,-399.317900
1.484000,0.231990,0.485780,1.948240,151.363490,-323.806430,60950.390630,,3.550420,-399.317900
1.486000,0.230710,0.502440,2.307130,151.380340,-323.806430,60746.839840,,3.551700,-399.317870
1.488000,0.230710,0.524230,1.845700,151.397090,-323.806430,61126.527340,1.000000,3.549130,-399.317900
1.490000,0.233280,0.546020,1.855960,151.413830,-323.806430,60792.191410,,3.552980,-399.317900
1.492000,0.229430,0.574220,2.450680,151.430540,-323.806430,60805.902340,,3.552980,-399.317900
1.494000,0.230710,0.602420,2.009770,151.447220,-323.806430,60691.992190,,3.550420,-399.317900
1.496000,0.230710,0.617800,1.958500,151.463940,-323.806430,60731.019530,1.000000,3.552980,-399.317870
1.498000,0.229430,0.624210,2.501950,151.480710,-323.806430,60961.996090,,3.552980,-399.317900
1.500000,0.230710,0.622920,2.030270,151.497590,-323.806430,60208.949220,,3.549130,-399.317900
1.502000,0.230710,0.610110,1.620120,151.514510,-323.806430,60532.738280,,3.551700,-399.317900
1.504000,0.230710,0.598570,2.214840,151.531490,-323.806430,60440.980470,1.000000,3.549130,-399.317900
1.506000,0.230710,0.587040,1.968750,151.548480,-323.806430,60753.167970,,3.547850,-399.317900
1.508000,0.230710,0.578060,1.835450,151.565490,-323.806430,60558.046880,,3.550420,-399.317900
1.510000,0.229430,0.565250,2.255860,151.582490,-323.806430,60644.535160,,3.549130,-399.317900
1.512000,0.230710,0.558840,2.153320,151.599460,-323.806430,60569.648440,1.000000,3.547850,-399.317900
1.514000,0.229430,0.552430,2.050780,151.616390,-323.806430,60585.476560,,3.551700,-399.317900
1.516000,0.228150,0.561400,2.358400,151.633260,-323.806430,60674.062500,,3.550420,-399.317900
1.518000,0.228150,0.567810,2.009770,151.650090,-323.806430,60669.843750,,3.551700,-399.317900
1.520000,0.228150,0.579350,2.091800,151.666870,-323.806430,61072.738280,1.000000,3.554260,-399.317900
1.522000,0.228150,0.593440,2.173830,151.683650,-323.806430,60813.281250,,3.551700,-399.317900
1.524000,0.228150,0.597290,1.804690,151.700410,-323.806430,61163.441410,,3.552980,-399.317900
1.526000,0.226870,0.599850,1.671390,151.717220,-323.806400,60823.828130,,3.552980,-399.317900
1.528000,0.225590,0.593440,2.235350,151.734070,-323.806430,60953.558590,1.000000,3.550420,-399.317900
1.530000,0.225590,0.583190,2.184080,151.750960,-323.806430,60699.378910,,3.551700,-399.317900
1.532000,0.225590,0.579350,2.030270,151.767850,-323.806430,60684.609380,,3.551700,-399.317900
1.534000,0.225590,0.583190,2.050780,151.784730,-323.806430,60733.128910,,3.549130,-399.317900
1.536000,0.225590,0.588320,2.091800,151.801570,-323.806430,60675.121090,1.000000,3.549130,-399.317900
1.538000,0.224300,0.594730,1.855960,151.818410,-323.806430,60674.062500,,3.549130,-399.317900
1.540000,0.224300,0.607540,2.040530,151.835220,-323.806430,60297.542970,,3.549130,-399.317900
1.542000,0.225590,0.617800,2.173830,151.852020,-323.806430,60510.585940,,3.551700,-399.317900
1.544000,0.224300,0.626770,1.825200,151.868850,-323.806400,60384.023440,1.000000,3.551700,-399.317900
1.546000,0.224300,0.625490,1.968750,151.885700,-323.806430,60668.792970,,3.550420,-399.317900
1.548000,0.224300,0.624210,2.399410,151.902620,-323.806430,60574.925780,,3.552980,-399.317900
1.550000,0.221740,0.617800,2.102050,151.919560,-323.806400,60622.386720,,3.550420,-399.317900
1.552000,0.224300,0.602420,2.204590,151.936570,-323.806430,60612.894530,1.000000,3.549130,-399.317900
1.554000,0.223020,0.585750,2.737790,151.953580,-323.806430,61346.957030,,3.550420,-399.317900
1.556000,0.223020,0.567810,1.896970,151.970640,-323.806430,60680.394530,,3.546570,-399.317900
1.558000,0.224300,0.551150,1.886720,151.987660,-323.806430,60622.386720,,3.549130,-399.317900
1.560000,0.223020,0.542180,2.112300,152.004650,-323.806430,61095.941410,1.000000,3.550420,-399.317900
1.562000,0.224300,0.539610,1.763670,152.021580,-323.806430,60698.324220,,3.549130,-399.317900
1.564000,0.224300,0.543460,1.886720,152.038450,-323.806430,60943.007810,,3.550420,-399.317900
1.566000,0.225590,0.546020,2.317380,152.055300,-323.806400,60847.031250,,3.551700,-399.317900
1.568000,0.224300,0.543460,1.958500,152.072160,-323.806430,61044.257810,1.000000,3.549130,-399.317900
1.570000,0.225590,0.535770,1.989260,152.089040,-323.806430,60754.222660,,3.551700,-399.317900
1.572000,0.225590,0.530640,2.235350,152.105900,-323.806400,60661.410160,,3.551700,-399.317900
1.574000,0.225590,0.525510,1.814940,152.122770,-323.806430,60843.867190,,3.549130,-399.317900
1.576000,0.226870,0.524230,1.845700,152.139650,-323.806430,60714.144530,1.000000,3.550420,-399.317900
1.578000,0.226870,0.513980,2.204590,152.156520,-323.806430,60890.273440,,3.550420,-399.317900
1.580000,0.226870,0.517820,1.732910,152.173370,-323.806430,60212.113280,,3.547850,-399.317900
1.582000,0.228150,0.531920,1.743160,152.190140,-323.806430,60541.175780,,3.549130,-399.317900
1.584000,0.228150,0.563960,2.440430,152.206820,-323.806430,60358.714840,1.000000,3.549130,-399.317900
1.586000,0.229430,0.602420,2.153320,152.223390,-323.806430,60667.738280,,3.547850,-399.317900
1.588000,0.229430,0.637020,2.173830,152.239960,-323.806430,60514.808590,,3.551700,-399.317900
1.590000,0.229430,0.661380,2.542970,152.256560,-323.806400,60438.875000,,3.551700,-399.317900
1.592000,0.230710,0.676760,2.255860,152.273240,-323.806400,60494.769530,1.000000,3.550420,-399.317900
1.594000,0.230710,0.683170,2.091800,152.289960,-323.806400,60454.691410,,3.552980,-399.317900
1.596000,0.230710,0.683170,2.102050,152.306780,-323.806400,60808.011720,,3.550420,-399.317900
1.598000,0.230710,0.671630,1.917480,152.323720,-323.806400,60776.371090,,3.550420,-399.317900
1.600000,0.231990,0.640870,1.999510,152.340740,-323.806430,61074.843750,1.000000,3.549130,-399.317870
1.602000,0.233280,0.610110,2.235350,152.357860,-323.806430,60750.003910,,3.546570,-399.317870
1.604000,0.231990,0.575500,1.927730,152.375000,-323.806430,62029.339840,,3.547850,-399.317870
1.606000,0.233280,0.557560,1.753420,152.392140,-323.806430,60889.218750,,3.547850,-399.317870
1.608000,0.231990,0.539610,2.194340,152.409230,-323.806430,60984.144530,1.000000,3.547850,-399.317870
1.610000,0.233280,0.531920,2.122560,152.426270,-323.806430,60640.316410,,3.549130,-399.317870
1.612000,0.231990,0.528080,2.020020,152.443220,-323.806400,60719.417970,,3.551700,-399.317870
1.614000,0.233280,0.533200,1.979000,152.460140,-323.806430,60508.476560,,3.549130,-399.317870
1.616000,0.233280,0.535770,1.917480,152.477020,-323.806430,60802.738280,1.000000,3.551700,-399.317870
1.618000,0.233280,0.534480,1.804690,152.493880,-323.806400,60791.136720,,3.551700,-399.317870
1.620000,0.233280,0.535770,2.307130,152.510740,-323.806400,60372.425780,,3.549130,-399.317870
1.622000,0.233280,0.530640,2.430180,152.527600,-323.806400,60566.488280,,3.551700,-399.317870
1.624000,0.231990,0.528080,2.040530,152.544450,-323.806400,60439.925780,1.000000,3.549130,-399.317870
1.626000,0.233280,0.521670,2.184080,152.561340,-323.806430,60712.035160,,3.547850,-399.317870
1.628000,0.233280,0.519100,2.358400,152.578220,-323.806430,60554.886720,,3.549130,-399.317870
1.630000,0.233280,0.522950,2.122560,152.595030,-323.806430,60739.460940,,3.547850,-399.317870
1.632000,0.233280,0.537050,1.958500,152.611830,-323.806430,60645.589840,1.000000,3.549130,-399.317870
1.632000,0.233280,0.537050,1.958500,152.611830,-323.806430,60645.589840,1.000000,3.549130,-399.317870
1.634000,0.231990,0.557560,2.194340,152.628560,-323.806430,60484.222660,,3.549130,-399.317870
1.636000,0.230710,0.580630,1.937990,152.645250,-323.806400,60705.707030,,3.549130,-399.317870
1.638000,0.231990,0.599850,1.968750,152.661940,-323.806400,60594.964840,,3.550420,-399.317870
1.640000,0.230710,0.620360,2.112300,152.678620,-323.806400,61001.015630,1.000000,3.552980,-399.317870
1.642000,0.229430,0.637020,1.896970,152.695330,-323.806400,60724.691410,,3.550420,-399.317870
1.644000,0.231990,0.649840,1.763670,152.712040,-323.806400,60899.769530,,3.550420,-399.317900
1.646000,0.230710,0.657530,2.194340,152.728820,-323.806400,60819.613280,,3.550420,-399.317870
1.648000,0.229430,0.653690,1.927730,152.745670,-323.806400,60978.867190,1.000000,3.546570,-399.317870
1.650000,0.229430,0.637020,1.835450,152.762600,-323.806430,60733.128910,,3.547850,-399.317900
1.652000,0.229430,0.617800,2.204590,152.779570,-323.806430,60735.234380,,3.547850,-399.317900
1.654000,0.228150,0.601140,1.855960,152.796570,-323.806430,60715.195310,,3.545290,-399.317900
1.656000,0.228150,0.585750,2.102050,152.813570,-323.806430,60742.617190,1.000000,3.547850,-399.317900
1.658000,0.228150,0.569090,2.696780,152.830580,-323.806400,60929.300780,,3.547850,-399.317900
1.660000,0.226870,0.554990,2.050780,152.847550,-323.806430,60231.097660,,3.547850,-399.317900
1.662000,0.229430,0.543460,1.876460,152.864520,-323.806430,60585.476560,,3.550420,-399.317900
1.664000,0.226870,0.538330,2.430180,152.881440,-323.806400,60381.917970,1.000000,3.550420,-399.317900
1.666000,0.226870,0.526790,1.989260,152.898380,-323.806400,60681.453130,,3.549130,-399.317900
1.668000,0.228150,0.513980,2.030270,152.915330,-323.806400,60570.707030,,3.552980,-399.317900
1.670000,0.225590,0.506290,2.409670,152.932270,-323.806400,60734.183590,,3.550420,-399.317900
1.672000,0.226870,0.501160,2.102050,152.949190,-323.806400,60601.292970,1.000000,3.549130,-399.317900
1.674000,0.226870,0.498600,2.030270,152.966090,-323.806400,60505.316410,,3.551700,-399.317900
1.676000,0.225590,0.503720,2.163570,152.982960,-323.806400,60743.671880,,3.549130,-399.317900
1.678000,0.225590,0.506290,1.866210,152.999820,-323.806430,60665.628910,,3.549130,-399.317900
1.680000,0.226870,0.521670,1.712400,153.016630,-323.806400,60960.941410,1.000000,3.550420,-399.317900
1.682000,0.225590,0.543460,1.979000,153.033340,-323.806400,60644.535160,,3.547850,-399.317900
1.684000,0.226870,0.576780,1.732910,153.050000,-323.806400,61002.078130,,3.547850,-399.317900
1.686000,0.225590,0.607540,1.671390,153.066620,-323.806400,60857.582030,,3.550420,-399.317900
1.688000,0.225590,0.633180,1.989260,153.083270,-323.806400,61004.183590,1.000000,3.549130,-399.317900
1.690000,0.225590,0.649840,1.804690,153.099980,-323.806400,60784.808590,,3.550420,-399.317900
1.692000,0.225590,0.660100,1.845700,153.116700,-323.806400,60660.355470,,3.551700,-399.317900
1.694000,0.225590,0.676760,2.173830,153.133470,-323.806400,60754.222660,,3.547850,-399.317900
1.696000,0.226870,0.681880,2.040530,153.150280,-323.806400,60611.835940,1.000000,3.550420,-399.317900
1.698000,0.226870,0.672910,2.132810,153.167210,-323.806400,60664.570310,,3.549130,-399.317900
1.700000,0.226870,0.658810,2.225100,153.184170,-323.806400,60158.324220,,3.547850,-399.317900
1.702000,0.228150,0.644710,2.050780,153.201170,-323.806400,60470.511720,,3.550420,-399.317900
1.704000,0.226870,0.640870,1.999510,153.218150,-323.806400,60261.679690,1.000000,3.550420,-399.317900
1.706000,0.228150,0.646000,2.358400,153.235060,-323.806400,60707.812500,,3.549130,-399.317900
1.708000,0.226870,0.639590,2.440430,153.252000,-323.806400,60621.332030,,3.552980,-399.317900
1.710000,0.225590,0.635740,2.214840,153.268910,-323.806400,60798.519530,,3.550420,-399.317900
1.712000,0.228150,0.631900,1.958500,153.285830,-323.806400,60658.246090,1.000000,3.550420,-399.317900
1.714000,0.228150,0.629330,2.542970,153.302720,-323.806400,61210.902340,,3.552980,-399.317900
1.716000,0.228150,0.625490,1.527830,153.319600,-323.806400,60699.378910,,3.549130,-399.317900
1.718000,0.229430,0.615230,1.773930,153.336520,-323.806400,60637.152340,,3.550420,-399.317900
1.720000,0.229430,0.602420,2.061040,153.353450,-323.806400,61114.925780,1.000000,3.551700,-399.317900
1.722000,0.229430,0.584470,1.589360,153.370410,-323.806400,60710.980470,,3.547850,-399.317900
1.724000,0.230710,0.566530,1.814940,153.387370,-323.806400,60983.089840,,3.549130,-399.317900
1.726000,0.230710,0.561400,2.214840,153.404280,-323.806400,60773.203130,,3.550420,-399.317900
1.728000,0.229430,0.563960,1.917480,153.421190,-323.806400,61076.957030,1.000000,3.547850,-399.317900
1.730000,0.230710,0.570370,2.235350,153.438050,-323.806400,60702.542970,,3.550420,-399.317900
1.732000,0.229430,0.578060,2.378910,153.454850,-323.806400,60650.867190,,3.551700,-399.317870
1.734000,0.230710,0.593440,1.814940,153.471620,-323.806400,60739.460940,,3.547850,-399.317900
1.736000,0.231990,0.610110,2.132810,153.488370,-323.806400,60720.468750,1.000000,3.551700,-399.317900
1.738000,0.230710,0.625490,2.286620,153.505140,-323.806400,60741.566410,,3.552980,-399.317900
1.740000,0.230710,0.635740,1.968750,153.521910,-323.806400,60304.925780,,3.550420,-399.317870
1.742000,0.231990,0.643430,2.020020,153.538730,-323.806400,60550.664060,,3.552980,-399.317870
1.744000,0.231990,0.646000,2.501950,153.555560,-323.806400,59511.800780,1.000000,3.550420,-399.317870
1.746000,0.231990,0.642150,2.040530,153.572450,-323.806400,60603.402340,,3.549130,-399.317870
1.748000,0.233280,0.630620,2.050780,153.589370,-323.806400,60588.632810,,3.550420,-399.317870
1.750000,0.230710,0.621640,2.409670,153.606310,-323.806400,60668.792970,,3.547850,-399.317870
1.752000,0.233280,0.615230,2.081540,153.623230,-323.806400,60635.039060,1.000000,3.547850,-399.317870
1.754000,0.233280,0.608830,1.917480,153.640170,-323.806400,60520.078130,,3.551700,-399.317870
1.756000,0.231990,0.606260,2.091800,153.657090,-323.806400,60848.093750,,3.549130,-399.317870
1.758000,0.233280,0.599850,1.712400,153.673980,-323.806400,60623.441410,,3.549130,-399.317870
1.760000,0.233280,0.601140,1.825200,153.690890,-323.806400,61028.437500,1.000000,3.550420,-399.317870
1.762000,0.233280,0.598570,2.296880,153.707780,-323.806400,60724.691410,,3.549130,-399.317870
1.764000,0.233280,0.594730,2.050780,153.724670,-323.806400,61999.808590,,3.549130,-399.317870
1.766000,0.233280,0.583190,1.989260,153.741560,-323.806400,60948.281250,,3.550420,-399.317870
1.768000,0.231990,0.580630,2.625000,153.758470,-323.806400,60825.941410,1.000000,3.549130,-399.317870
1.770000,0.233280,0.566530,2.214840,153.775360,-323.806400,60778.476560,,3.550420,-399.317870
1.772000,0.233280,0.567810,2.020020,153.792220,-323.806400,60650.867190,,3.550420,-399.317870
1.774000,0.231990,0.579350,2.071290,153.809020,-323.806400,60617.113280,,3.549130,-399.317870
1.776000,0.231990,0.590880,2.009770,153.825810,-323.806400,60720.468750,1.000000,3.550420,-399.317870
1.778000,0.231990,0.602420,2.050780,153.842540,-323.806400,60830.160160,,3.551700,-399.317870
1.780000,0.231990,0.613950,2.286620,153.859240,-323.806400,60301.761720,,3.550420,-399.317870
1.782000,0.231990,0.626770,2.132810,153.875960,-323.806400,60550.664060,,3.551700,-399.317870
1.784000,0.230710,0.644710,1.968750,153.892640,-323.806400,60328.128910,1.000000,3.551700,-399.317870
1.786000,0.231990,0.653690,2.235350,153.909390,-323.806400,60751.054690,,3.549130,-399.317870
1.788000,0.230710,0.654970,2.235350,153.926160,-323.806400,60566.488280,,3.551700,-399.317870
1.790000,0.230710,0.651120,1.999510,153.943010,-323.806400,60670.902340,,3.550420,-399.317870
1.792000,0.231990,0.647280,1.896970,153.959880,-323.806400,60539.062500,1.000000,3.549130,-399.317870
1.792000,0.231990,0.647280,1.896970,153.959880,-323.806400,60539.062500,1.000000,3.549130,-399.317870
1.794000,0.230710,0.643430,1.907230,153.976810,-323.806400,60493.714840,,3.549130,-399.317870
1.796000,0.229430,0.634460,1.753420,153.993760,-323.806400,60668.792970,,3.547850,-399.317870
1.798000,0.230710,0.622920,2.235350,154.010740,-323.806400,60656.136720,,3.547850,-399.317870
1.800000,0.229430,0.612670,2.255860,154.027730,-323.806400,61067.460940,1.000000,3.550420,-399.317870
1.802000,0.229430,0.606260,1.958500,154.044690,-323.806400,60609.730470,,3.549130,-399.317870
1.804000,0.229430,0.598570,2.040530,154.061680,-323.806400,60947.226560,,3.549130,-399.317870
1.806000,0.229430,0.596010,2.348140,154.078580,-323.806400,60940.902340,,3.551700,-399.317900
1.808000,0.226870,0.594730,1.968750,154.095520,-323.806400,61053.753910,1.000000,3.549130,-399.317870
1.810000,0.228150,0.592160,1.927730,154.112400,-323.806400,60702.542970,,3.551700,-399.317900
1.812000,0.228150,0.584470,2.266110,154.129300,-323.806400,60734.183590,,3.552980,-399.317900
1.814000,0.226870,0.585750,1.927730,154.146160,-323.806400,60727.851560,,3.549130,-399.317900
1.816000,0.228150,0.588320,2.091800,154.163010,-323.806400,60651.917970,1.000000,3.551700,-399.317900
1.818000,0.228150,0.594730,2.471190,154.179840,-323.806400,60933.519530,,3.551700,-399.317900
1.820000,0.226870,0.601140,1.979000,154.196640,-323.806400,60158.324220,,3.549130,-399.317900
1.822000,0.228150,0.611390,1.579100,154.213420,-323.806400,60540.121090,,3.550420,-399.317900
1.824000,0.226870,0.628050,2.348140,154.230160,-323.806400,59652.070310,1.000000,3.549130,-399.317900
1.826000,0.226870,0.646000,2.071290,154.246900,-323.806400,60590.746090,,3.547850,-399.317900
1.828000,0.228150,0.656250,1.999510,154.263630,-323.806400,60719.417970,,3.551700,-399.317900
1.830000,0.226870,0.674190,2.204590,154.280360,-323.806400,60762.656250,,3.549130,-399.317900
1.832000,0.226870,0.690860,1.814940,154.297090,-323.806400,60699.378910,1.000000,3.549130,-399.317900
1.834000,0.228150,0.702390,2.040530,154.313830,-323.806400,60676.175780,,3.551700,-399.317900
1.836000,0.226870,0.716490,2.348140,154.330580,-323.806400,60681.453130,,3.550420,-399.317900
1.838000,0.228150,0.722900,1.855960,154.347380,-323.806400,60642.421880,,3.550420,-399.317900
1.840000,0.226870,0.721620,2.050780,154.364210,-323.806400,61003.128910,1.000000,3.551700,-399.317900
1.842000,0.228150,0.717770,2.296880,154.381070,-323.806400,60641.371090,,3.549130,-399.317900
1.844000,0.229430,0.707520,1.784180,154.397990,-323.806400,60935.625000,,3.550420,-399.317900
1.846000,0.228150,0.690860,1.896970,154.414930,-323.806400,60761.605470,,3.551700,-399.317900
1.848000,0.228150,0.670350,2.430180,154.431950,-323.806400,60990.468750,1.000000,3.549130,-399.317900
1.850000,0.228150,0.640870,2.153320,154.449010,-323.806400,60756.332030,,3.550420,-399.317900
1.852000,0.228150,0.615230,2.225100,154.466080,-323.806400,60686.722660,,3.551700,-399.317900
1.854000,0.228150,0.592160,2.153320,154.483140,-323.806400,60803.789060,,3.549130,-399.317900
1.856000,0.229430,0.570370,2.061040,154.500210,-323.806400,60632.933590,1.000000,3.550420,-399.317900
1.858000,0.229430,0.552430,1.866210,154.517240,-323.806400,60781.640630,,3.551700,-399.317900
1.860000,0.230710,0.537050,2.132810,154.534260,-323.806400,60410.394530,,3.549130,-399.317870
1.862000,0.233280,0.526790,1.999510,154.551220,-323.806400,60503.203130,,3.551700,-399.317900
1.864000,0.230710,0.521670,1.804690,154.568150,-323.806400,60483.167970,1.000000,3.551700,-399.317870
1.866000,0.231990,0.520390,2.204590,154.585020,-323.806400,60724.691410,,3.550420,-399.317870
1.868000,0.231990,0.525510,2.204590,154.601820,-323.806400,60677.226560,,3.552980,-399.317870
1.870000,0.231990,0.543460,2.020020,154.618590,-323.806400,60677.226560,,3.550420,-399.317870
1.872000,0.233280,0.561400,2.040530,154.635300,-323.806400,60577.031250,1.000000,3.551700,-399.317870
1.874000,0.231990,0.572940,2.307130,154.651990,-323.806400,60838.593750,,3.552980,-399.317870
1.876000,0.233280,0.589600,1.896970,154.668690,-323.806400,60810.121090,,3.550420,-399.317870
1.878000,0.233280,0.598570,1.958500,154.685390,-323.806400,60682.503910,,3.551700,-399.317870
1.880000,0.233280,0.613950,2.009770,154.702120,-323.806400,61200.355470,1.000000,3.552980,-399.317870
1.882000,0.231990,0.633180,1.712400,154.718810,-323.806400,60719.417970,,3.550420,-399.317870
1.884000,0.234560,0.654970,2.112300,154.735520,-323.806400,60871.292970,,3.550420,-399.317870
1.886000,0.234560,0.675480,2.307130,154.752210,-323.806400,60777.425780,,3.550420,-399.317870
1.888000,0.234560,0.685730,1.979000,154.768980,-323.806400,61070.628910,1.000000,3.549130,-399.317870
1.890000,0.235840,0.689580,2.071290,154.785770,-323.806400,60762.656250,,3.550420,-399.317870
1.892000,0.234560,0.698550,2.163570,154.802580,-323.806400,60573.867190,,3.551700,-399.317870
1.894000,0.234560,0.710080,1.743160,154.819380,-323.806400,60771.097660,,3.550420,-399.317870
1.896000,0.234560,0.699830,1.989260,154.836240,-323.806400,60784.808590,1.000000,3.551700,-399.317870
1.898000,0.234560,0.695980,2.132810,154.853180,-323.806400,60817.503910,,3.551700,-399.317870
1.900000,0.233280,0.681880,1.681640,154.870120,-323.806400,60247.972660,,3.550420,-399.317870
1.902000,0.235840,0.662660,1.794430,154.887120,-323.806400,60594.964840,,3.551700,-399.317870
1.904000,0.233280,0.648560,2.440430,154.904080,-323.806400,59611.996090,1.000000,3.550420,-399.317870
1.906000,0.233280,0.626770,2.040530,154.921110,-323.806400,60668.792970,,3.549130,-399.317870
1.908000,0.234560,0.596010,2.307130,154.938170,-323.806400,60568.593750,,3.551700,-399.317870
1.910000,0.233280,0.565250,2.532710,154.955260,-323.806400,60652.972660,,3.551700,-399.317870
1.912000,0.231990,0.538330,2.091800,154.972310,-323.806400,60590.746090,1.000000,3.549130,-399.317870
1.914000,0.234560,0.524230,1.958500,154.989320,-323.806400,60527.468750,,3.552980,-399.317870
1.916000,0.230710,0.520390,2.173830,155.006240,-323.806400,60944.070310,,3.551700,-399.317870
1.918000,0.230710,0.525510,1.804690,155.023130,-323.806400,60723.636720,,3.551700,-399.317870
1.920000,0.230710,0.533200,1.989260,155.039930,-323.806400,61109.648440,1.000000,3.552980,-399.317870
1.922000,0.230710,0.547300,2.317380,155.056700,-323.806400,60785.859380,,3.552980,-399.317870
1.924000,0.230710,0.556270,1.814940,155.073460,-323.806400,61467.191410,,3.552980,-399.317870
1.926000,0.230710,0.563960,1.753420,155.090210,-323.806400,60863.910160,,3.552980,-399.317870
1.928000,0.230710,0.574220,2.143070,155.106990,-323.806400,60957.773440,1.000000,3.551700,-399.317870
1.928000,0.230710,0.574220,2.143070,155.106990,-323.806400,60957.773440,1.000000,3.551700,-399.317870
1.930000,0.229430,0.584470,1.937990,155.123750,-323.806400,60603.402340,,3.551700,-399.317870
1.932000,0.230710,0.597290,2.040530,155.140500,-323.806400,60655.078130,,3.551700,-399.317870
1.934000,0.228150,0.612670,1.958500,155.157260,-323.806400,60761.605470,,3.549130,-399.317870
1.936000,0.228150,0.621640,1.845700,155.174040,-323.806400,60570.707030,1.000000,3.550420,-399.317870
1.938000,0.228150,0.624210,1.999510,155.190840,-323.806400,60724.691410,,3.550420,-399.317870
1.940000,0.228150,0.630620,2.389160,155.207660,-323.806400,60340.781250,,3.549130,-399.317870
1.942000,0.228150,0.642150,2.245610,155.224460,-323.806400,60468.402340,,3.552980,-399.317870
1.944000,0.228150,0.646000,2.163570,155.241270,-323.806400,60381.917970,1.000000,3.552980,-399.317870
1.946000,0.228150,0.647280,2.378910,155.258130,-323.806400,60728.910160,,3.551700,-399.317900
1.948000,0.226870,0.638310,2.296880,155.275020,-323.806400,60583.359380,,3.552980,-399.317900
1.950000,0.226870,0.633180,2.102050,155.291950,-323.806400,60690.941410,,3.552980,-399.317900
1.952000,0.226870,0.625490,2.061040,155.308870,-323.806400,60633.984380,1.000000,3.551700,-399.317900
1.954000,0.226870,0.619080,2.050780,155.325790,-323.806400,60189.964840,,3.552980,-399.317900
1.956000,0.226870,0.611390,1.927730,155.342700,-323.806400,60775.316410,,3.551700,-399.317900
1.958000,0.226870,0.601140,2.235350,155.359650,-323.806400,60695.160160,,3.551700,-399.317900
1.960000,0.226870,0.594730,2.009770,155.376560,-323.806400,60990.468750,1.000000,3.552980,-399.317900
1.962000,0.225590,0.588320,1.866210,155.393430,-323.806400,60632.933590,,3.550420,-399.317900
1.964000,0.228150,0.589600,1.999510,155.410280,-323.806400,61114.925780,,3.550420,-399.317900
1.966000,0.226870,0.590880,2.184080,155.427090,-323.806400,60997.851560,,3.554260,-399.317900
1.968000,0.226870,0.593440,1.937990,155.443890,-323.806400,60998.910160,1.000000,3.551700,-399.317900
1.970000,0.228150,0.592160,1.937990,155.460690,-323.806400,60790.085940,,3.552980,-399.317900
1.972000,0.228150,0.590880,2.050780,155.477520,-323.806400,60685.664060,,3.554260,-399.317900
1.974000,0.228150,0.585750,1.702150,155.494370,-323.806400,60818.554690,,3.550420,-399.317900
1.976000,0.229430,0.578060,2.235350,155.511250,-323.806400,60618.167970,1.000000,3.552980,-399.317900
1.978000,0.228150,0.570370,2.748050,155.528140,-323.806400,60893.441410,,3.554260,-399.317870
1.980000,0.228150,0.567810,1.958500,155.545030,-323.806400,60197.347660,,3.551700,-399.317870
1.982000,0.230710,0.578060,2.143070,155.561870,-323.806400,60553.828130,,3.554260,-399.317870
1.984000,0.229430,0.589600,2.532710,155.578690,-323.806400,59646.796880,1.000000,3.554260,-399.317870
1.986000,0.229430,0.601140,2.122560,155.595500,-323.806400,60626.601560,,3.551700,-399.317870
1.988000,0.230710,0.610110,1.917480,155.612290,-323.806400,60651.917970,,3.555540,-399.317870
1.990000,0.230710,0.620360,2.276370,155.629070,-323.806370,60670.902340,,3.554260,-399.317870
1.992000,0.230710,0.629330,1.917480,155.645860,-323.806400,60581.250000,1.000000,3.552980,-399.317870
1.994000,0.231990,0.637020,2.153320,155.662670,-323.806370,60543.281250,,3.555540,-399.317870
1.996000,0.230710,0.640870,2.173830,155.679500,-323.806370,60798.519530,,3.551700,-399.317870
1.998000,0.231990,0.637020,1.907230,155.696400,-323.806400,60790.085940,,3.551700,-399.317870
2.000000,0.231990,0.622920,1.825200,155.713350,-323.806400,61117.031250,1.000000,3.552980,-399.317870
2.002000,0.233280,0.610110,2.266110,155.730320,-323.806400,60720.468750,,3.551700,-399.317870
2.004000,0.233280,0.599850,1.743160,155.747280,-323.806400,61128.636720,,3.551700,-399.317870
2.006000,0.233280,0.588320,1.722660,155.764250,-323.806400,60958.832030,,3.552980,-399.317870
2.008000,0.231990,0.580630,2.071290,155.781220,-323.806400,61013.671880,1.000000,3.550420,-399.317870
2.010000,0.231990,0.581910,1.835450,155.798100,-323.806400,60622.386720,,3.552980,-399.317870
2.012000,0.233280,0.594730,1.927730,155.814910,-323.806370,60565.433590,,3.554260,-399.317870
2.014000,0.233280,0.619080,2.327640,155.831630,-323.806370,60709.925780,,3.552980,-399.317870
2.016000,0.233280,0.633180,2.050780,155.848370,-323.806370,60519.027340,1.000000,3.554260,-399.317870
2.018000,0.233280,0.639590,2.245610,155.865100,-323.806370,60819.613280,,3.555540,-399.317870
2.020000,0.233280,0.646000,2.409670,155.881870,-323.806370,60332.347660,,3.554260,-399.317870
2.022000,0.233280,0.653690,1.968750,155.898640,-323.806370,60572.816410,,3.555540,-399.317870
2.024000,0.234560,0.656250,2.009770,155.915410,-323.806370,60334.453130,1.000000,3.555540,-399.317870
2.026000,0.234560,0.652400,2.399410,155.932270,-323.806370,60681.453130,,3.552980,-399.317870
2.028000,0.234560,0.642150,2.296880,155.949130,-323.806400,60622.386720,,3.554260,-399.317870
2.030000,0.234560,0.637020,2.122560,155.966020,-323.806370,60728.910160,,3.552980,-399.317870
2.032000,0.233280,0.637020,1.999510,155.982880,-323.806400,60621.332030,1.000000,3.552980,-399.317870
2.034000,0.233280,0.637020,2.112300,155.999740,-323.806400,60535.902340,,3.554260,-399.317870
2.036000,0.233280,0.629330,1.630370,156.016620,-323.806370,60848.093750,,3.552980,-399.317870
2.038000,0.234560,0.619080,1.876460,156.033540,-323.806370,60668.792970,,3.554260,-399.317870
2.040000,0.233280,0.610110,1.927730,156.050450,-323.806370,61091.722660,1.000000,3.555540,-399.317870
2.042000,0.234560,0.599850,1.681640,156.067380,-323.806370,60586.527340,,3.555540,-399.317870
2.044000,0.233280,0.590880,1.937990,156.084350,-323.806370,61006.292970,,3.554260,-399.317870
2.046000,0.233280,0.572940,2.163570,156.101350,-323.806370,60928.242190,,3.554260,-399.317870
2.048000,0.233280,0.551150,1.896970,156.118390,-323.806370,60971.488280,1.000000,3.552980,-399.317870
2.050000,0.231990,0.524230,2.266110,156.135450,-323.806370,60647.699220,,3.552980,-399.317870
2.052000,0.233280,0.499880,2.173830,156.152480,-323.806370,60581.250000,,3.554260,-399.317870
2.054000,0.231990,0.489620,1.968750,156.169460,-323.806370,60668.792970,,3.552980,-399.317870
2.056000,0.231990,0.490910,2.163570,156.186370,-323.806400,60742.617190,1.000000,3.554260,-399.317870
2.058000,0.231990,0.498600,2.173830,156.203190,-323.806370,60810.121090,,3.555540,-399.317870
2.060000,0.230710,0.516540,1.794430,156.219940,-323.806370,60280.664060,,3.555540,-399.317870
2.062000,0.231990,0.533200,2.112300,156.236630,-323.806370,60523.242190,,3.556820,-399.317870
2.064000,0.230710,0.548580,2.583980,156.253340,-323.806370,59590.902340,1.000000,3.556820,-399.317870
2.066000,0.230710,0.557560,2.153320,156.270070,-323.806370,60574.925780,,3.556820,-399.317870
2.068000,0.230710,0.563960,2.245610,156.286800,-323.806370,60648.753910,,3.556820,-399.317870
2.070000,0.230710,0.569090,2.378910,156.303560,-323.806370,60611.835940,,3.555540,-399.317870
2.072000,0.230710,0.574220,1.671390,156.320340,-323.806370,60611.835940,1.000000,3.554260,-399.317870
2.074000,0.230710,0.580630,1.917480,156.337140,-323.806370,60582.308590,,3.556820,-399.317870
2.076000,0.229430,0.588320,2.173830,156.353910,-323.806370,61006.292970,,3.552980,-399.317870
2.078000,0.230710,0.601140,1.722660,156.370700,-323.806370,60858.632810,,3.551700,-399.317870
2.080000,0.229430,0.617800,1.855960,156.387420,-323.806370,61093.828130,1.000000,3.555540,-399.317870
2.082000,0.229430,0.642150,2.337890,156.404140,-323.806370,60797.468750,,3.555540,-399.317870
2.084000,0.229430,0.662660,1.896970,156.420850,-323.806370,61144.453130,,3.554260,-399.317870
2.086000,0.230710,0.672910,2.245610,156.437580,-323.806370,61046.371090,,3.556820,-399.317870
2.088000,0.228150,0.680600,2.389160,156.454360,-323.806370,61027.386720,1.000000,3.556820,-399.317870
2.090000,0.228150,0.680600,2.020020,156.471190,-323.806370,60760.550780,,3.555540,-399.317870
2.092000,0.229430,0.667790,2.204590,156.488080,-323.806370,60597.070310,,3.558110,-399.317870
2.094000,0.228150,0.649840,1.917480,156.505040,-323.806370,61108.597660,,3.554260,-399.317870
2.096000,0.228150,0.617800,1.855960,156.522090,-323.806370,60564.378910,1.000000,3.554260,-399.317870
2.096000,0.228150,0.617800,1.855960,156.522090,-323.806370,60564.378910,1.000000,3.554260,-399.317870
2.098000,0.228150,0.581910,2.020020,156.539170,-323.806370,60839.648440,,3.556820,-399.317870
2.100000,0.228150,0.552430,2.296880,156.556290,-323.806370,60286.996090,,3.552980,-399.317870
2.102000,0.228150,0.526790,1.937990,156.573350,-323.806370,60493.714840,,3.555540,-399.317870
2.104000,0.228150,0.512700,2.071290,156.590390,-323.806370,60177.308590,1.000000,3.556820,-399.317870
2.106000,0.229430,0.503720,2.337890,156.607380,-323.806370,60741.566410,,3.554260,-399.317870
2.108000,0.229430,0.501160,2.153320,156.624310,-323.806370,60575.976560,,3.556820,-399.317870
2.110000,0.228150,0.508850,1.927730,156.641190,-323.806370,60666.679690,,3.556820,-399.317870
2.112000,0.229430,0.512700,2.081540,156.658020,-323.806370,60561.210940,1.000000,3.555540,-399.317870
2.114000,0.229430,0.521670,1.743160,156.674820,-323.806370,59718.519530,,3.558110,-399.317870
2.116000,0.228150,0.530640,1.630370,156.691590,-323.806370,60869.179690,,3.555540,-399.317870
2.118000,0.229430,0.539610,2.245610,156.708360,-323.806370,60684.609380,,3.556820,-399.317870
2.120000,0.229430,0.549870,2.091800,156.725110,-323.806370,61101.210940,1.000000,3.558110,-399.317870
2.122000,0.228150,0.567810,1.999510,156.741850,-323.806370,60590.746090,,3.555540,-399.317870
2.124000,0.230710,0.585750,2.081540,156.758580,-323.806370,60960.941410,,3.555540,-399.317870
2.126000,0.229430,0.594730,2.266110,156.775340,-323.806370,60980.980470,,3.556820,-399.317870
2.128000,0.229430,0.604980,2.030270,156.792110,-323.806370,61048.476560,1.000000,3.554260,-399.317870
2.130000,0.230710,0.615230,1.989260,156.808870,-323.806370,60719.417970,,3.555540,-399.317870
2.132000,0.229430,0.631900,2.020020,156.825670,-323.806370,60752.113280,,3.558110,-399.317870
2.134000,0.230710,0.644710,1.968750,156.842420,-323.806370,60779.535160,,3.556820,-399.317870
2.136000,0.231990,0.653690,2.173830,156.859240,-323.806370,60592.859380,1.000000,3.558110,-399.317870
2.138000,0.231990,0.658810,2.184080,156.876050,-323.806370,60898.714840,,3.558110,-399.317870
2.140000,0.230710,0.657530,1.835450,156.892910,-323.806370,60317.582030,,3.555540,-399.317870
2.142000,0.233280,0.649840,1.999510,156.909810,-323.806370,60519.027340,,3.558110,-399.317870
2.144000,0.233280,0.639590,2.532710,156.926740,-323.806370,59687.933590,1.000000,3.556820,-399.317870
2.146000,0.231990,0.621640,1.999510,156.943730,-323.806370,60585.476560,,3.555540,-399.317870
2.148000,0.233280,0.597290,1.763670,156.960740,-323.806370,60632.933590,,3.556820,-399.317870
2.150000,0.234560,0.584470,2.040530,156.977740,-323.806370,60650.867190,,3.554260,-399.317870
2.152000,0.233280,0.574220,1.763670,156.994710,-323.806370,60573.867190,1.000000,3.555540,-399.317870
2.154000,0.235840,0.567810,2.184080,157.011640,-323.806370,60578.089840,,3.558110,-399.317870
2.156000,0.234560,0.565250,2.255860,157.028500,-323.806370,60889.218750,,3.556820,-399.317870
2.158000,0.233280,0.557560,1.794430,157.045390,-323.806370,60662.460940,,3.556820,-399.317870
2.160000,0.235840,0.543460,2.020020,157.062260,-323.806370,60915.589840,1.000000,3.559390,-399.317870
2.162000,0.234560,0.535770,2.337890,157.079160,-323.806370,60623.441410,,3.558110,-399.317870
2.164000,0.235840,0.521670,1.804690,157.096070,-323.806370,61056.917970,,3.558110,-399.317870
2.166000,0.235840,0.512700,1.917480,157.112980,-323.806370,60900.824220,,3.559390,-399.317870
2.168000,0.234560,0.510130,2.399410,157.129870,-323.806370,60908.207030,1.000000,3.555540,-399.317870
2.170000,0.234560,0.502440,1.968750,157.146800,-323.806370,60668.792970,,3.558110,-399.317870
2.172000,0.235840,0.501160,2.061040,157.163680,-323.806370,60625.550780,,3.558110,-399.317870
2.174000,0.234560,0.505000,2.286620,157.180560,-323.806370,60760.550780,,3.556820,-399.317870
2.176000,0.234560,0.511410,2.061040,157.197390,-323.806370,60643.484380,1.000000,3.556820,-399.317870
2.178000,0.235840,0.529360,1.989260,157.214140,-323.806370,60861.796880,,3.559390,-399.317870
2.180000,0.233280,0.556270,2.317380,157.230850,-323.806370,60463.128910,,3.558110,-399.317870
2.182000,0.234560,0.587040,1.968750,157.247500,-323.806370,60650.867190,,3.559390,-399.317870
2.184000,0.233280,0.615230,2.009770,157.264160,-323.806370,60440.980470,1.000000,3.560670,-399.317870
2.186000,0.233280,0.634460,2.225100,157.280850,-323.806370,60630.824220,,3.558110,-399.317870
2.188000,0.233280,0.644710,2.061040,157.297610,-323.806370,60544.339840,,3.558110,-399.317870
2.190000,0.233280,0.640870,2.153320,157.314450,-323.806370,60588.632810,,3.558110,-399.317870
2.192000,0.233280,0.630620,2.409670,157.331380,-323.806370,60516.917970,1.000000,3.556820,-399.317870
2.194000,0.231990,0.610110,2.132810,157.348370,-323.806370,60527.468750,,3.558110,-399.317870
2.196000,0.231990,0.587040,2.050780,157.365420,-323.806370,60929.300780,,3.556820,-399.317870
2.198000,0.231990,0.571660,2.102050,157.382460,-323.806370,60662.460940,,3.556820,-399.317870
2.200000,0.233280,0.566530,1.825200,157.399440,-323.806370,62173.832030,1.000000,3.559390,-399.317870
2.202000,0.230710,0.579350,1.753420,157.416340,-323.806370,60750.003910,,3.558110,-399.317870
2.204000,0.230710,0.593440,2.153320,157.433140,-323.806370,61030.550780,,3.559390,-399.317870
2.206000,0.229430,0.594730,2.184080,157.449970,-323.806370,61086.445310,,3.560670,-399.317870
2.208000,0.229430,0.601140,1.968750,157.466750,-323.806370,61010.511720,1.000000,3.560670,-399.317870
2.210000,0.229430,0.608830,2.112300,157.483540,-323.806370,60678.281250,,3.560670,-399.317870
2.212000,0.229430,0.616520,2.071290,157.500310,-323.806370,60594.964840,,3.560670,-399.317870
2.214000,0.229430,0.617800,1.763670,157.517110,-323.806370,60758.437500,,3.558110,-399.317870
2.216000,0.229430,0.611390,2.112300,157.533980,-323.806370,60762.656250,1.000000,3.558110,-399.317870
2.218000,0.229430,0.596010,2.163570,157.550870,-323.806370,60871.292970,,3.558110,-399.317870
2.220000,0.228150,0.579350,1.691890,157.567830,-323.806370,60272.230470,,3.555540,-399.317870
2.222000,0.229430,0.562680,2.091800,157.584760,-323.806370,60589.691410,,3.556820,-399.317870
2.224000,0.229430,0.554990,2.399410,157.601720,-323.806370,60322.859380,1.000000,3.558110,-399.317870
2.226000,0.228150,0.544740,2.040530,157.618640,-323.806370,60588.632810,,3.558110,-399.317870
2.228000,0.228150,0.544740,2.409670,157.635540,-323.806370,60575.976560,,3.559390,-399.317870
2.230000,0.228150,0.547300,2.399410,157.652440,-323.806370,60646.640630,,3.560670,-399.317870
2.232000,0.228150,0.551150,2.358400,157.669310,-323.806370,60601.292970,1.000000,3.559390,-399.317870
2.234000,0.229430,0.558840,2.419920,157.686160,-323.806370,60644.535160,,3.561950,-399.317870
2.236000,0.228150,0.561400,2.348140,157.703020,-323.806370,61130.746090,,3.561950,-399.317870
2.238000,0.228150,0.557560,1.989260,157.719890,-323.806370,61016.839840,,3.559390,-399.317870
2.240000,0.229430,0.543460,2.173830,157.736820,-323.806370,60975.707030,1.000000,3.561950,-399.317870
2.242000,0.228150,0.534480,2.358400,157.753750,-323.806370,60758.437500,,3.558110,-399.317870
2.244000,0.228150,0.530640,1.917480,157.770650,-323.806370,61199.300780,,3.556820,-399.317870
2.246000,0.229430,0.529360,2.030270,157.787540,-323.806370,61055.859380,,3.558110,-399.317870
2.248000,0.228150,0.533200,2.214840,157.804410,-323.806370,60960.941410,1.000000,3.556820,-399.317870
2.250000,0.228150,0.538330,1.794430,157.821260,-323.806370,60683.558590,,3.556820,-399.317870
2.252000,0.230710,0.544740,2.143070,157.838090,-323.806370,60697.265630,,3.559390,-399.317870
2.254000,0.229430,0.553710,2.071290,157.854900,-323.806370,60966.214840,,3.556820,-399.317870
2.256000,0.229430,0.557560,1.763670,157.871720,-323.806370,60680.394530,1.000000,3.558110,-399.317870
2.258000,0.230710,0.552430,1.907230,157.888580,-323.806370,60728.910160,,3.560670,-399.317870
2.260000,0.230710,0.553710,2.419920,157.905430,-323.806340,60274.339840,,3.558110,-399.317870
2.262000,0.231990,0.552430,2.071290,157.922270,-323.806370,60481.054690,,3.560670,-399.317870
2.264000,0.231990,0.561400,2.409670,157.939100,-323.806370,60380.867190,1.000000,3.561950,-399.317870
2.264000,0.231990,0.561400,2.409670,157.939100,-323.806370,60380.867190,1.000000,3.561950,-399.317870
2.266000,0.230710,0.554990,2.501950,157.955960,-323.806370,60809.062500,,3.558110,-399.317870
2.268000,0.233280,0.561400,2.184080,157.972790,-323.806370,60561.210940,,3.560670,-399.317870
2.270000,0.231990,0.569090,2.102050,157.989590,-323.806340,60572.816410,,3.560670,-399.317870
2.272000,0.233280,0.574220,2.173830,158.006390,-323.806370,60597.070310,1.000000,3.558110,-399.317870
2.274000,0.233280,0.585750,1.855960,158.023130,-323.806370,60387.191410,,3.560670,-399.317870
2.276000,0.234560,0.601140,2.020020,158.039890,-323.806370,60947.226560,,3.559390,-399.317870
2.278000,0.233280,0.617800,2.348140,158.056610,-323.806370,60798.519530,,3.559390,-399.317870
2.280000,0.233280,0.631900,1.999510,158.073330,-323.806340,61093.828130,1.000000,3.560670,-399.317870
2.282000,0.234560,0.638310,1.896970,158.090120,-323.806370,60603.402340,,3.560670,-399.317870
2.284000,0.235840,0.635740,1.835450,158.106930,-323.806370,60625.550780,,3.559390,-399.317870
2.286000,0.234560,0.625490,2.163570,158.123830,-323.806370,61040.042970,,3.559390,-399.317870
2.288000,0.234560,0.607540,1.948240,158.140780,-323.806340,60913.476560,1.000000,3.558110,-399.317870
2.290000,0.234560,0.585750,2.020020,158.157810,-323.806370,60752.113280,,3.559390,-399.317870
2.292000,0.235840,0.561400,1.784180,158.174850,-323.806370,60647.699220,,3.560670,-399.317870
2.294000,0.233280,0.554990,1.896970,158.191890,-323.806370,60825.941410,,3.556820,-399.317870
2.296000,0.234560,0.551150,2.255860,158.208890,-323.806370,60589.691410,1.000000,3.559390,-399.317870
2.298000,0.234560,0.544740,2.317380,158.225860,-323.806370,60785.859380,,3.559390,-399.317870
2.300000,0.234560,0.542180,1.989260,158.242800,-323.806370,60249.027340,,3.559390,-399.317870
2.302000,0.235840,0.534480,2.184080,158.259740,-323.806370,60463.128910,,3.561950,-399.317870
2.304000,0.234560,0.531920,2.625000,158.276630,-323.806340,59488.597660,1.000000,3.560670,-399.317870
2.306000,0.234560,0.534480,2.122560,158.293490,-323.806340,60501.097660,,3.560670,-399.317870
2.308000,0.234560,0.539610,2.132810,158.310320,-323.806340,60547.503910,,3.561950,-399.317870
2.310000,0.233280,0.549870,2.194340,158.327120,-323.806340,60655.078130,,3.561950,-399.317870
2.312000,0.234560,0.553710,1.999510,158.343930,-323.806340,60582.308590,1.000000,3.560670,-399.317870
2.314000,0.234560,0.556270,2.214840,158.360750,-323.806370,60612.894530,,3.561950,-399.317870
2.316000,0.234560,0.561400,1.999510,158.377560,-323.806340,60980.980470,,3.559390,-399.317870
2.318000,0.233280,0.567810,1.794430,158.394390,-323.806370,60752.113280,,3.559390,-399.317870
2.320000,0.234560,0.566530,1.907230,158.411220,-323.806340,61079.062500,1.000000,3.560670,-399.317870
2.322000,0.233280,0.571660,2.184080,158.428040,-323.806340,60601.292970,,3.560670,-399.317870
2.324000,0.233280,0.584470,1.712400,158.444820,-323.806340,61079.062500,,3.559390,-399.317870
2.326000,0.233280,0.604980,1.814940,158.461560,-323.806340,60966.214840,,3.561950,-399.317870
2.328000,0.231990,0.602420,2.030270,158.478360,-323.806340,60935.625000,1.000000,3.561950,-399.317870
2.330000,0.231990,0.611390,1.681640,158.495160,-323.806340,60591.800780,,3.560670,-399.317870
2.332000,0.233280,0.617800,2.112300,158.511930,-323.806340,60602.347660,,3.564510,-399.317870
2.334000,0.231990,0.621640,2.512210,158.528750,-323.806340,60707.812500,,3.560670,-399.317870
2.336000,0.231990,0.620360,1.999510,158.545580,-323.806340,60568.593750,1.000000,3.561950,-399.317870
2.338000,0.233280,0.611390,2.471190,158.562450,-323.806340,60808.011720,,3.561950,-399.317870
2.340000,0.230710,0.603700,2.430180,158.579330,-323.806340,60330.238280,,3.560670,-399.317870
2.342000,0.231990,0.593440,1.968750,158.596250,-323.806340,60569.648440,,3.560670,-399.317870
2.344000,0.231990,0.585750,2.214840,158.613160,-323.806340,60657.187500,1.000000,3.561950,-399.317870
2.346000,0.230710,0.572940,2.440430,158.630080,-323.806340,60562.265630,,3.559390,-399.317870
2.348000,0.230710,0.553710,2.071290,158.647050,-323.806340,60609.730470,,3.563230,-399.317870
2.350000,0.230710,0.535770,2.122560,158.664000,-323.806340,60710.980470,,3.561950,-399.317870
2.352000,0.230710,0.519100,2.061040,158.680970,-323.806340,60484.222660,1.000000,3.560670,-399.317870
2.354000,0.230710,0.507570,1.835450,158.697920,-323.806340,60526.410160,,3.561950,-399.317870
2.356000,0.229430,0.499880,1.691890,158.714870,-323.806340,60903.988280,,3.561950,-399.317870
2.358000,0.229430,0.488340,1.989260,158.731830,-323.806340,60581.250000,,3.560670,-399.317870
2.360000,0.229430,0.479370,1.907230,158.748780,-323.806340,62195.980470,1.000000,3.561950,-399.317870
2.362000,0.230710,0.474240,1.630370,158.765690,-323.806340,60677.226560,,3.560670,-399.317870
2.364000,0.230710,0.471680,1.773930,158.782590,-323.806340,60734.183590,,3.559390,-399.317870
2.366000,0.229430,0.469120,2.143070,158.799450,-323.806340,61020.003910,,3.561950,-399.317870
2.368000,0.229430,0.474240,1.948240,158.816280,-323.806340,60939.843750,1.000000,3.561950,-399.317870
2.370000,0.229430,0.487060,2.348140,158.833070,-323.806340,60680.394530,,3.560670,-399.317870
2.372000,0.230710,0.502440,2.040530,158.849790,-323.806340,60654.023440,,3.563230,-399.317870
2.374000,0.228150,0.524230,2.061040,158.866490,-323.806340,60812.230470,,3.561950,-399.317870
2.376000,0.230710,0.542180,2.266110,158.883190,-323.806340,60776.371090,1.000000,3.561950,-399.317870
2.378000,0.229430,0.558840,1.999510,158.899900,-323.806340,60821.722660,,3.563230,-399.317870
2.380000,0.229430,0.572940,1.804690,158.916630,-323.806340,60349.218750,,3.560670,-399.317870
2.382000,0.230710,0.581910,2.296880,158.933380,-323.806340,60640.316410,,3.561950,-399.317870
2.384000,0.230710,0.588320,2.594240,158.950180,-323.806340,60450.468750,1.000000,3.563230,-399.317870
2.386000,0.229430,0.590880,1.979000,158.967010,-323.806340,60600.238280,,3.560670,-399.317870
2.388000,0.230710,0.593440,2.061040,158.983870,-323.806340,60611.835940,,3.561950,-399.317870
2.390000,0.230710,0.594730,2.112300,159.000750,-323.806340,60581.250000,,3.561950,-399.317870
2.392000,0.230710,0.590880,1.835450,159.017670,-323.806340,60510.585940,1.000000,3.559390,-399.317870
2.394000,0.230710,0.588320,1.907230,159.034560,-323.806340,60533.792970,,3.561950,-399.317870
2.396000,0.230710,0.590880,2.020020,159.051470,-323.806340,60990.468750,,3.560670,-399.317870
2.398000,0.230710,0.585750,1.568850,159.068360,-323.806340,60762.656250,,3.560670,-399.317870
2.400000,0.231990,0.576780,1.979000,159.085300,-323.806340,60847.031250,1.000000,3.563230,-399.317870
2.402000,0.231990,0.574220,2.266110,159.102200,-323.806340,60720.468750,,3.561950,-399.317870
2.404000,0.230710,0.569090,1.855960,159.119110,-323.806340,60980.980470,,3.560670,-399.317870
2.406000,0.231990,0.561400,2.368650,159.136030,-323.806340,61036.875000,,3.563230,-399.317870
2.408000,0.231990,0.551150,2.307130,159.152970,-323.806340,60814.339840,1.000000,3.560670,-399.317870
2.410000,0.231990,0.542180,1.896970,159.169910,-323.806340,60626.601560,,3.561950,-399.317870
2.412000,0.233280,0.529360,2.030270,159.186830,-323.806340,60628.714840,,3.564510,-399.317870
2.414000,0.231990,0.528080,2.153320,159.203750,-323.806340,60955.664060,,3.561950,-399.317870
2.416000,0.233280,0.520390,1.763670,159.220660,-323.806340,60496.882810,1.000000,3.563230,-399.317870
2.418000,0.233280,0.517820,2.184080,159.237580,-323.806340,60802.738280,,3.564510,-399.317870
2.420000,0.233280,0.528080,2.460940,159.254440,-323.806340,59697.421880,,3.563230,-399.317870
2.422000,0.234560,0.542180,2.143070,159.271270,-323.806340,60605.511720,,3.564510,-399.317870
2.424000,0.234560,0.554990,2.307130,159.288070,-323.806340,60627.656250,1.000000,3.565800,-399.317870
2.424000,0.234560,0.554990,2.307130,159.288070,-323.806340,60627.656250,1.000000,3.565800,-399.317870
2.426000,0.233280,0.565250,2.276370,159.304900,-323.806340,60632.933590,,3.560670,-399.317870
2.428000,0.234560,0.572940,1.907230,159.321730,-323.806340,60582.308590,,3.563230,-399.317870
2.430000,0.233280,0.583190,1.886720,159.338550,-323.806340,60649.804690,,3.563230,-399.317870
2.432000,0.234560,0.592160,2.020020,159.355380,-323.806340,60528.519530,1.000000,3.561950,-399.317870
2.434000,0.234560,0.599850,1.538090,159.372190,-323.806340,60394.574220,,3.564510,-399.317870
2.436000,0.234560,0.604980,1.784180,159.389070,-323.806340,60921.917970,,3.561950,-399.317870
2.438000,0.235840,0.606260,2.296880,159.405930,-323.806340,60789.023440,,3.561950,-399.317870
2.440000,0.234560,0.611390,1.989260,159.422810,-323.806340,61055.859380,1.000000,3.563230,-399.317870
2.442000,0.234560,0.611390,2.081540,159.439700,-323.806340,60651.917970,,3.561950,-399.317870
2.444000,0.235840,0.608830,2.102050,159.456620,-323.806340,61056.917970,,3.561950,-399.317870
2.446000,0.234560,0.601140,2.071290,159.473560,-323.806340,60992.582030,,3.563230,-399.317870
2.448000,0.234560,0.593440,1.979000,159.490510,-323.806340,60988.363280,1.000000,3.563230,-399.317870
2.450000,0.234560,0.597290,1.979000,159.507450,-323.806340,60652.972660,,3.563230,-399.317870
2.452000,0.234560,0.579350,1.814940,159.524430,-323.806340,60674.062500,,3.564510,-399.317870
2.454000,0.233280,0.578060,1.968750,159.541370,-323.806340,60739.460940,,3.563230,-399.317870
2.456000,0.234560,0.574220,2.255860,159.558270,-323.806340,60630.824220,1.000000,3.563230,-399.317870
2.458000,0.234560,0.567810,1.948240,159.575200,-323.806340,60733.128910,,3.564510,-399.317870
2.460000,0.233280,0.563960,1.958500,159.592090,-323.806340,60363.984380,,3.563230,-399.317870
2.462000,0.234560,0.561400,2.255860,159.608960,-323.806340,60527.468750,,3.564510,-399.317870
2.464000,0.233280,0.565250,2.604490,159.625790,-323.806340,59659.453130,1.000000,3.564510,-399.317870
2.466000,0.233280,0.569090,1.989260,159.642620,-323.806340,60563.324220,,3.561950,-399.317870
2.468000,0.234560,0.566530,2.061040,159.659470,-323.806340,60624.496090,,3.564510,-399.317870
2.470000,0.233280,0.562680,2.009770,159.676330,-323.806340,60547.503910,,3.561950,-399.317870
2.472000,0.233280,0.557560,1.979000,159.693210,-323.806340,60580.199220,1.000000,3.563230,-399.317870
2.474000,0.233280,0.554990,2.245610,159.710080,-323.806340,60676.175780,,3.563230,-399.317870
2.476000,0.231990,0.551150,2.266110,159.726990,-323.806340,61031.605470,,3.561950,-399.317870
2.478000,0.231990,0.542180,2.009770,159.743910,-323.806340,60828.054690,,3.561950,-399.317870
2.480000,0.231990,0.539610,2.245610,159.760820,-323.806340,61047.425780,1.000000,3.563230,-399.317870
2.482000,0.230710,0.546020,2.389160,159.777690,-323.806340,60744.730470,,3.563230,-399.317870
2.484000,0.230710,0.560120,1.835450,159.794510,-323.806340,61074.843750,,3.561950,-399.317870
2.486000,0.231990,0.575500,1.979000,159.811310,-323.806340,61063.242190,,3.564510,-399.317870
2.488000,0.229430,0.587040,2.143070,159.828130,-323.806340,60899.769530,1.000000,3.563230,-399.317870
2.490000,0.229430,0.585750,1.907230,159.844970,-323.806340,60688.832030,,3.563230,-399.317870
2.492000,0.230710,0.578060,2.091800,159.861880,-323.806340,60570.707030,,3.564510,-399.317870
2.494000,0.229430,0.578060,2.707030,159.878770,-323.806340,60575.976560,,3.563230,-399.317870
2.496000,0.228150,0.578060,1.722660,159.895680,-323.806340,60579.144530,1.000000,3.563230,-399.317870
2.498000,0.229430,0.570370,2.204590,159.912610,-323.806340,60763.714840,,3.563230,-399.317870
2.500000,0.228150,0.562680,2.327640,159.929580,-323.806340,60318.632810,,3.560670,-399.317870
2.502000,0.229430,0.554990,1.927730,159.946520,-323.806340,60590.746090,,3.561950,-399.317870
2.504000,0.229430,0.547300,2.296880,159.963470,-323.806340,60626.601560,1.000000,3.563230,-399.317870
2.506000,0.228150,0.547300,2.173830,159.980390,-323.806340,60573.867190,,3.560670,-399.317870
2.508000,0.228150,0.548580,1.845700,159.997270,-323.806340,60606.566410,,3.563230,-399.317870
2.510000,0.229430,0.552430,2.296880,160.014130,-323.806340,60642.421880,,3.565800,-399.317870
2.512000,0.228150,0.565250,2.460940,160.030940,-323.806340,60492.656250,1.000000,3.561950,-399.317870
2.514000,0.229430,0.563960,1.896970,160.047790,-323.806340,60547.503910,,3.564510,-399.317870
2.516000,0.229430,0.565250,2.153320,160.064610,-323.806340,60936.687500,,3.564510,-399.317870
2.518000,0.228150,0.569090,2.163570,160.081450,-323.806340,60743.671880,,3.563230,-399.317870
2.520000,0.229430,0.570370,1.855960,160.098280,-323.806340,61114.925780,1.000000,3.565800,-399.317870
2.522000,0.229430,0.574220,1.855960,160.115100,-323.806340,60771.097660,,3.564510,-399.317870
2.524000,0.229430,0.581910,1.538090,160.131910,-323.806340,61032.664060,,3.561950,-399.317870
2.526000,0.229430,0.584470,2.009770,160.148730,-323.806340,61055.859380,,3.563230,-399.317870
2.528000,0.230710,0.588320,1.814940,160.165540,-323.806340,60905.039060,1.000000,3.563230,-399.317870
2.530000,0.229430,0.590880,1.999510,160.182360,-323.806340,60691.992190,,3.561950,-399.317870
2.532000,0.230710,0.593440,1.845700,160.199190,-323.806340,60581.250000,,3.564510,-399.317870
2.534000,0.230710,0.597290,1.773930,160.216020,-323.806340,60686.722660,,3.563230,-399.317870
2.536000,0.231990,0.588320,2.245610,160.232930,-323.806340,60519.027340,1.000000,3.563230,-399.317870
2.538000,0.230710,0.567810,2.112300,160.249890,-323.806340,60748.949220,,3.565800,-399.317870
2.540000,0.231990,0.548580,1.866210,160.266910,-323.806340,60410.394530,,3.561950,-399.317870
2.542000,0.231990,0.530640,2.245610,160.283920,-323.806340,60630.824220,,3.563230,-399.317870
2.544000,0.231990,0.516540,2.358400,160.300950,-323.806340,60615.003910,1.000000,3.565800,-399.317870
2.546000,0.231990,0.508850,2.081540,160.317950,-323.806340,60550.664060,,3.561950,-399.317870
2.548000,0.233280,0.497310,2.389160,160.334950,-323.806340,60618.167970,,3.564510,-399.317870
2.550000,0.233280,0.498600,2.235350,160.351870,-323.806340,60661.410160,,3.564510,-399.317870
2.552000,0.233280,0.499880,2.225100,160.368770,-323.806340,60586.527340,1.000000,3.563230,-399.317870
2.554000,0.233280,0.505000,2.163570,160.385620,-323.806340,60623.441410,,3.565800,-399.317870
2.556000,0.233280,0.515260,1.907230,160.402420,-323.806340,60955.664060,,3.565800,-399.317870
2.558000,0.233280,0.526790,1.579100,160.419240,-323.806340,60816.445310,,3.564510,-399.317870
2.560000,0.233280,0.525510,2.143070,160.436070,-323.806340,60760.550780,1.000000,3.565800,-399.317870
2.562000,0.233280,0.529360,2.235350,160.452900,-323.806340,60637.152340,,3.564510,-399.317870
2.564000,0.234560,0.537050,1.835450,160.469710,-323.806340,60710.980470,,3.561950,-399.317870
2.566000,0.234560,0.540890,2.153320,160.486560,-323.806340,61005.234380,,3.564510,-399.317870
2.568000,0.234560,0.546020,2.122560,160.503390,-323.806340,60949.339840,1.000000,3.561950,-399.317870
2.570000,0.234560,0.551150,1.722660,160.520220,-323.806340,60666.679690,,3.561950,-399.317870
2.572000,0.235840,0.567810,2.081540,160.537000,-323.806340,60764.769530,,3.564510,-399.317870
2.574000,0.233280,0.594730,2.389160,160.553710,-323.806340,60913.476560,,3.561950,-399.317870
2.576000,0.233280,0.610110,1.640630,160.570480,-323.806340,60684.609380,1.000000,3.564510,-399.317870
2.578000,0.234560,0.633180,2.225100,160.587190,-323.806340,60787.972660,,3.565800,-399.317870
2.580000,0.234560,0.657530,2.440430,160.603910,-323.806340,59215.433590,,3.563230,-399.317870
2.582000,0.233280,0.675480,2.132810,160.620640,-323.806340,60529.574220,,3.564510,-399.317870
2.584000,0.234560,0.683170,2.532710,160.637420,-323.806340,60712.035160,1.000000,3.565800,-399.317870
2.584000,0.234560,0.683170,2.532710,160.637420,-323.806340,60712.035160,1.000000,3.565800,-399.317870
2.586000,0.233280,0.681880,2.450680,160.654280,-323.806340,60477.894530,,3.563230,-399.317870
2.588000,0.234560,0.667790,2.102050,160.671200,-323.806340,60584.417970,,3.564510,-399.317870
2.590000,0.233280,0.649840,2.266110,160.688200,-323.806340,60570.707030,,3.564510,-399.317870
2.592000,0.233280,0.631900,2.143070,160.705220,-323.806340,60622.386720,1.000000,3.561950,-399.317870
2.594000,0.233280,0.611390,1.630370,160.722270,-323.806340,60463.128910,,3.564510,-399.317870
2.596000,0.233280,0.594730,1.999510,160.739320,-323.806340,60917.699220,,3.563230,-399.317870
2.598000,0.233280,0.575500,2.276370,160.756390,-323.806340,60811.171880,,3.561950,-399.317870
2.600000,0.231990,0.552430,1.927730,160.773440,-323.806340,60917.699220,1.000000,3.564510,-399.317870
2.602000,0.231990,0.538330,1.845700,160.790480,-323.806340,60753.167970,,3.563230,-399.317870
2.604000,0.231990,0.529360,1.794430,160.807450,-323.806340,60987.308590,,3.563230,-399.317870
2.606000,0.233280,0.529360,1.773930,160.824390,-323.806340,61025.273440,,3.565800,-399.317870
2.608000,0.231990,0.531920,1.814940,160.841280,-323.806340,60748.949220,1.000000,3.564510,-399.317870
2.610000,0.231990,0.533200,1.927730,160.858150,-323.806340,60632.933590,,3.564510,-399.317870
2.612000,0.233280,0.534480,1.517580,160.875020,-323.806340,60601.292970,,3.564510,-399.317870
2.614000,0.231990,0.537050,1.917480,160.891880,-323.806340,60756.332030,,3.561950,-399.317870
2.616000,0.231990,0.537050,2.337890,160.908720,-323.806340,60494.769530,1.000000,3.561950,-399.317870
2.618000,0.230710,0.538330,2.163570,160.925580,-323.806340,60720.468750,,3.564510,-399.317870
2.620000,0.230710,0.544740,2.378910,160.942440,-323.806340,60319.691410,,3.561950,-399.317870
2.622000,0.231990,0.549870,2.573730,160.959270,-323.806340,60348.167970,,3.563230,-399.317870
2.624000,0.230710,0.562680,2.830080,160.976070,-323.806340,60293.324220,1.000000,3.563230,-399.317870
2.626000,0.229430,0.579350,2.061040,160.992840,-323.806340,60594.964840,,3.561950,-399.317870
2.628000,0.231990,0.601140,2.143070,161.009610,-323.806340,60648.753910,,3.564510,-399.317870
2.630000,0.230710,0.624210,2.061040,161.026320,-323.806340,60636.097660,,3.565800,-399.317870
2.632000,0.230710,0.640870,2.112300,161.043050,-323.806340,60547.503910,1.000000,3.564510,-399.317870
2.634000,0.230710,0.652400,2.102050,161.059810,-323.806340,60555.941410,,3.565800,-399.317870
2.636000,0.229430,0.658810,1.958500,161.076600,-323.806340,60901.875000,,3.564510,-399.317870
2.638000,0.229430,0.651120,1.814940,161.093510,-323.806340,60713.089840,,3.561950,-399.317870
2.640000,0.230710,0.643430,2.112300,161.110430,-323.806340,61042.152340,1.000000,3.563230,-399.317870
2.642000,0.229430,0.633180,2.235350,161.127380,-323.806340,60671.953130,,3.560670,-399.317870
2.644000,0.229430,0.621640,1.773930,161.144360,-323.806340,61085.394530,,3.559390,-399.317870
2.646000,0.230710,0.607540,1.968750,161.161380,-323.806340,60924.027340,,3.561950,-399.317870
2.648000,0.230710,0.596010,1.907230,161.178380,-323.806340,60913.476560,1.000000,3.560670,-399.317870
2.650000,0.229430,0.580630,1.609860,161.195370,-323.806340,60585.476560,,3.560670,-399.317870
2.652000,0.230710,0.572940,2.204590,161.212310,-323.806340,60649.804690,,3.564510,-399.317870
2.654000,0.229430,0.566530,2.912110,161.229230,-323.806340,60570.707030,,3.561950,-399.317870
2.656000,0.229430,0.553710,1.855960,161.246170,-323.806340,60628.714840,1.000000,3.563230,-399.317870
2.658000,0.230710,0.537050,2.245610,161.263110,-323.806340,60762.656250,,3.565800,-399.317870
2.660000,0.229430,0.526790,2.450680,161.280040,-323.806340,60511.644530,,3.563230,-399.317870
2.662000,0.229430,0.517820,1.989260,161.296980,-323.806340,60580.199220,,3.564510,-399.317870
2.664000,0.231990,0.506290,2.594240,161.313900,-323.806340,60670.902340,1.000000,3.564510,-399.317870
2.666000,0.229430,0.493470,2.081540,161.330860,-323.806340,60550.664060,,3.563230,-399.317870
2.668000,0.231990,0.481930,1.825200,161.347790,-323.806340,60622.386720,,3.563230,-399.317870
2.670000,0.231990,0.485780,2.112300,161.364670,-323.806340,60619.218750,,3.564510,-399.317870
2.672000,0.230710,0.499880,2.091800,161.381480,-323.806340,60646.640630,1.000000,3.559390,-399.317870
2.674000,0.230710,0.520390,1.732910,161.398220,-323.806340,60540.121090,,3.563230,-399.317870
2.676000,0.231990,0.551150,1.866210,161.414920,-323.806340,60990.468750,,3.563230,-399.317870
2.678000,0.231990,0.581910,2.102050,161.431550,-323.806340,60731.019530,,3.563230,-399.317870
2.680000,0.231990,0.608830,1.835450,161.448200,-323.806340,60842.816410,1.000000,3.564510,-399.317870
2.682000,0.231990,0.630620,1.825200,161.464890,-323.806340,60747.894530,,3.564510,-399.317870
2.684000,0.233280,0.643430,1.425290,161.481610,-323.806340,60686.722660,,3.561950,-399.317870
2.686000,0.233280,0.643430,1.773930,161.498440,-323.806340,61026.332030,,3.563230,-399.317870
2.688000,0.233280,0.630620,2.214840,161.515380,-323.806340,60935.625000,1.000000,3.561950,-399.317870
2.690000,0.233280,0.613950,2.071290,161.532390,-323.806340,60775.316410,,3.559390,-399.317870
2.692000,0.234560,0.598570,1.640630,161.549390,-323.806340,60628.714840,,3.563230,-399.317870
2.694000,0.233280,0.592160,1.712400,161.566410,-323.806340,60770.042970,,3.560670,-399.317870
2.696000,0.233280,0.583190,2.050780,161.583390,-323.806340,60528.519530,1.000000,3.560670,-399.317870
2.698000,0.233280,0.580630,1.773930,161.600360,-323.806340,60661.410160,,3.564510,-399.317870
2.700000,0.233280,0.580630,1.886720,161.617250,-323.806340,60326.015630,,3.561950,-399.317870
2.702000,0.233280,0.588320,2.255860,161.634120,-323.806340,60405.121090,,3.565800,-399.317870
2.704000,0.233280,0.603700,2.337890,161.650890,-323.806340,60525.351560,1.000000,3.565800,-399.317870
2.706000,0.234560,0.612670,2.122560,161.667690,-323.806340,60487.382810,,3.563230,-399.317870
2.708000,0.234560,0.619080,2.091800,161.684490,-323.806340,60561.210940,,3.565800,-399.317870
2.710000,0.233280,0.620360,2.173830,161.701290,-323.806340,60570.707030,,3.564510,-399.317870
2.712000,0.234560,0.616520,1.927730,161.718150,-323.806340,60648.753910,1.000000,3.561950,-399.317870
2.714000,0.234560,0.606260,2.040530,161.735030,-323.806340,60552.777340,,3.563230,-399.317870
2.716000,0.235840,0.596010,1.937990,161.751920,-323.806340,61006.292970,,3.561950,-399.317870
2.718000,0.234560,0.589600,1.620120,161.768840,-323.806340,60813.281250,,3.559390,-399.317870
2.720000,0.234560,0.588320,2.112300,161.785720,-323.806340,60793.242190,1.000000,3.561950,-399.317870
2.722000,0.234560,0.593440,2.194340,161.802580,-323.806340,60760.550780,,3.560670,-399.317870
2.724000,0.234560,0.604980,1.866210,161.819400,-323.806340,60641.371090,,3.560670,-399.317870
2.726000,0.234560,0.620360,2.307130,161.836200,-323.806340,60893.441410,,3.564510,-399.317870
2.728000,0.233280,0.630620,2.214840,161.853000,-323.806340,60824.886720,1.000000,3.563230,-399.317870
2.730000,0.234560,0.630620,1.979000,161.869860,-323.806340,60721.527340,,3.564510,-399.317870
2.732000,0.234560,0.630620,2.204590,161.886720,-323.806340,60765.820310,,3.565800,-399.317870
2.734000,0.233280,0.630620,2.163570,161.903640,-323.806340,60812.230470,,3.564510,-399.317870
2.736000,0.233280,0.621640,1.784180,161.920590,-323.806340,60549.613280,1.000000,3.564510,-399.317870
2.738000,0.234560,0.604980,2.522460,161.937610,-323.806340,60801.679690,,3.564510,-399.317870
2.740000,0.231990,0.589600,2.604490,161.954610,-323.806340,59255.511720,,3.560670,-399.317870
2.742000,0.231990,0.580630,2.132810,161.971620,-323.806340,60580.199220,,3.561950,-399.317870
2.744000,0.233280,0.575500,2.327640,161.988570,-323.806340,60626.601560,1.000000,3.563230,-399.317870
2.744000,0.233280,0.575500,2.327640,161.988570,-323.806340,60626.601560,1.000000,3.563230,-399.317870
2.746000,0.231990,0.571660,2.194340,162.005540,-323.806340,60485.273440,,3.561950,-399.317870
2.748000,0.231990,0.563960,1.743160,162.022480,-323.806340,60626.601560,,3.563230,-399.317870
2.750000,0.231990,0.561400,2.071290,162.039370,-323.806340,60658.246090,,3.564510,-399.317870
2.752000,0.231990,0.562680,2.061040,162.056260,-323.806340,60651.917970,1.000000,3.563230,-399.317870
2.754000,0.231990,0.557560,1.538090,162.073140,-323.806340,60639.257810,,3.565800,-399.317870
2.756000,0.231990,0.552430,1.968750,162.090030,-323.806340,60944.070310,,3.564510,-399.317870
2.758000,0.230710,0.542180,2.276370,162.106920,-323.806340,60816.445310,,3.563230,-399.317870
2.760000,0.230710,0.540890,1.917480,162.123810,-323.806340,60811.171880,1.000000,3.564510,-399.317870
2.762000,0.231990,0.546020,2.143070,162.140640,-323.806340,60641.371090,,3.563230,-399.317870
2.764000,0.230710,0.538330,2.214840,162.157520,-323.806340,60715.195310,,3.561950,-399.317870
2.766000,0.230710,0.544740,2.081540,162.174330,-323.806340,61060.078130,,3.563230,-399.317870
2.768000,0.230710,0.558840,2.173830,162.191090,-323.806340,60899.769530,1.000000,3.563230,-399.317870
2.770000,0.230710,0.584470,1.948240,162.207780,-323.806340,60624.496090,,3.561950,-399.317870
2.772000,0.230710,0.621640,1.650880,162.224380,-323.806340,60662.460940,,3.564510,-399.317870
2.774000,0.230710,0.652400,2.163570,162.240980,-323.806340,60703.597660,,3.564510,-399.317870
2.776000,0.230710,0.674190,2.337890,162.257580,-323.806340,60578.089840,1.000000,3.563230,-399.317870
2.778000,0.229430,0.685730,2.020020,162.274280,-323.806340,60699.378910,,3.565800,-399.317870
2.780000,0.230710,0.684450,2.173830,162.291030,-323.806340,60590.746090,,3.564510,-399.317870
2.782000,0.230710,0.684450,2.317380,162.307880,-323.806340,60517.968750,,3.563230,-399.317870
2.784000,0.230710,0.672910,2.184080,162.324780,-323.806340,60542.230470,1.000000,3.563230,-399.317870
2.786000,0.231990,0.644710,1.886720,162.341830,-323.806340,60543.281250,,3.560670,-399.317870
2.788000,0.231990,0.608830,1.999510,162.358930,-323.806340,60696.214840,,3.560670,-399.317870
2.790000,0.230710,0.576780,1.896970,162.376080,-323.806340,60594.964840,,3.561950,-399.317870
2.792000,0.231990,0.554990,1.927730,162.393220,-323.806340,60691.992190,1.000000,3.559390,-399.317870
2.794000,0.230710,0.546020,2.163570,162.410280,-323.806340,60581.250000,,3.563230,-399.317870
2.796000,0.230710,0.540890,2.102050,162.427290,-323.806340,60973.597660,,3.563230,-399.317870
2.798000,0.230710,0.529360,2.081540,162.444260,-323.806340,60796.406250,,3.561950,-399.317870
2.800000,0.231990,0.525510,2.337890,162.461200,-323.806340,61074.843750,1.000000,3.564510,-399.317870
2.802000,0.231990,0.529360,2.255860,162.478070,-323.806340,60746.839840,,3.564510,-399.317870
2.804000,0.230710,0.535770,1.814940,162.494900,-323.806340,60697.265630,,3.563230,-399.317870
2.806000,0.231990,0.543460,2.050780,162.511690,-323.806340,60951.453130,,3.565800,-399.317870
2.808000,0.231990,0.544740,2.030270,162.528520,-323.806340,60765.820310,1.000000,3.564510,-399.317870
2.810000,0.231990,0.537050,1.835450,162.545360,-323.806340,60704.648440,,3.561950,-399.317870
2.812000,0.233280,0.529360,2.214840,162.562240,-323.806340,60650.867190,,3.563230,-399.317870
2.814000,0.233280,0.529360,2.307130,162.579100,-323.806340,60850.199220,,3.560670,-399.317870
2.816000,0.233280,0.533200,1.702150,162.595930,-323.806340,60524.300780,1.000000,3.560670,-399.317870
2.818000,0.234560,0.547300,2.132810,162.612730,-323.806340,60703.597660,,3.561950,-399.317870
2.820000,0.233280,0.567810,2.389160,162.629470,-323.806340,60465.234380,,3.559390,-399.317870
2.822000,0.234560,0.590880,1.989260,162.646160,-323.806340,60665.628910,,3.561950,-399.317870
2.824000,0.234560,0.616520,2.327640,162.662810,-323.806340,60678.281250,1.000000,3.564510,-399.317870
2.826000,0.233280,0.638310,2.009770,162.679490,-323.806340,60618.167970,,3.563230,-399.317840
2.828000,0.234560,0.653690,1.732910,162.696180,-323.806340,60627.656250,,3.564510,-399.317870
2.830000,0.234560,0.665220,2.327640,162.712910,-323.806340,60712.035160,,3.565800,-399.317840
2.832000,0.234560,0.671630,2.358400,162.729710,-323.806340,60624.496090,1.000000,3.561950,-399.317840
2.834000,0.235840,0.667790,1.784180,162.746550,-323.806340,60532.738280,,3.561950,-399.317870
2.836000,0.234560,0.654970,2.184080,162.763470,-323.806340,61003.128910,,3.560670,-399.317840
2.838000,0.234560,0.633180,2.214840,162.780460,-323.806340,60790.085940,,3.558110,-399.317840
2.840000,0.234560,0.608830,1.835450,162.797470,-323.806340,60860.746090,1.000000,3.561950,-399.317840
2.842000,0.234560,0.589600,1.845700,162.814480,-323.806340,60695.160160,,3.561950,-399.317870
2.844000,0.234560,0.574220,1.773930,162.831480,-323.806340,60588.632810,,3.559390,-399.317840
2.846000,0.234560,0.560120,1.794430,162.848450,-323.806340,60984.144530,,3.563230,-399.317840
2.848000,0.235840,0.549870,2.081540,162.865400,-323.806340,60852.308590,1.000000,3.563230,-399.317870
2.850000,0.234560,0.538330,1.958500,162.882320,-323.806340,60601.292970,,3.563230,-399.317870
2.852000,0.235840,0.531920,1.558590,162.899250,-323.806340,60582.308590,,3.564510,-399.317870
2.854000,0.235840,0.526790,1.825200,162.916170,-323.806340,60640.316410,,3.563230,-399.317870
2.856000,0.233280,0.517820,2.204590,162.933090,-323.806340,60517.968750,1.000000,3.561950,-399.317840
2.858000,0.234560,0.507570,1.989260,162.950010,-323.806340,60716.257810,,3.564510,-399.317840
2.860000,0.234560,0.503720,2.020020,162.966930,-323.806340,60538.007810,,3.560670,-399.317840
2.862000,0.235840,0.501160,2.235350,162.983830,-323.806340,60524.300780,,3.561950,-399.317870
2.864000,0.234560,0.510130,2.204590,163.000660,-323.806340,60683.558590,1.000000,3.563230,-399.317840
2.866000,0.234560,0.531920,2.204590,163.017410,-323.806340,60586.527340,,3.559390,-399.317840
2.868000,0.234560,0.561400,2.409670,163.034070,-323.806340,60592.859380,,3.563230,-399.317840
2.870000,0.234560,0.599850,2.235350,163.050690,-323.806340,60611.835940,,3.563230,-399.317870
2.872000,0.233280,0.634460,2.235350,163.067280,-323.806340,60660.355470,1.000000,3.563230,-399.317840
2.874000,0.233280,0.663940,2.245610,163.083890,-323.806340,60654.023440,,3.564510,-399.317870
2.876000,0.233280,0.685730,1.999510,163.100560,-323.806340,61101.210940,,3.563230,-399.317870
2.878000,0.233280,0.698550,1.753420,163.117290,-323.806340,60847.031250,,3.561950,-399.317870
2.880000,0.231990,0.707520,2.225100,163.134090,-323.806340,60874.453130,1.000000,3.563230,-399.317870
2.882000,0.231990,0.706240,2.143070,163.150960,-323.806340,60741.566410,,3.561950,-399.317870
2.884000,0.233280,0.702390,1.896970,163.167860,-323.806340,60700.429690,,3.560670,-399.317870
2.886000,0.231990,0.689580,2.030270,163.184830,-323.806340,60964.105470,,3.561950,-399.317870
2.888000,0.233280,0.679320,2.050780,163.201830,-323.806340,60880.785160,1.000000,3.560670,-399.317870
2.890000,0.231990,0.676760,1.691890,163.218780,-323.806340,60744.730470,,3.560670,-399.317870
2.892000,0.230710,0.671630,2.132810,163.235720,-323.806340,60920.859380,,3.563230,-399.317870
2.894000,0.230710,0.678040,2.040530,163.252610,-323.806340,60741.566410,,3.560670,-399.317870
2.896000,0.231990,0.671630,1.650880,163.269530,-323.806340,60579.144530,1.000000,3.560670,-399.317870
2.898000,0.230710,0.663940,2.317380,163.286450,-323.806340,60770.042970,,3.563230,-399.317870
2.900000,0.230710,0.652400,2.512210,163.303390,-323.806340,59945.273440,,3.561950,-399.317870
2.902000,0.231990,0.640870,2.163570,163.320310,-323.806340,60562.265630,,3.563230,-399.317870
2.904000,0.231990,0.628050,2.942870,163.337230,-323.806340,60736.292970,1.000000,3.563230,-399.317870
2.904000,0.231990,0.628050,2.942870,163.337230,-323.806340,60736.292970,1.000000,3.563230,-399.317870
2.906000,0.230710,0.610110,2.214840,163.354200,-323.806340,60069.730470,,3.560670,-399.317870
2.908000,0.231990,0.588320,2.122560,163.371170,-323.806340,60664.570310,,3.563230,-399.317870
2.910000,0.230710,0.572940,2.348140,163.388140,-323.806340,60689.886720,,3.561950,-399.317870
2.912000,0.231990,0.570370,1.999510,163.405040,-323.806340,60740.511720,1.000000,3.560670,-399.317870
2.914000,0.230710,0.572940,1.558590,163.421910,-323.806340,60533.792970,,3.563230,-399.317870
2.916000,0.230710,0.585750,2.122560,163.438710,-323.806340,60983.089840,,3.563230,-399.317870
2.918000,0.230710,0.601140,2.255860,163.455510,-323.806340,60790.085940,,3.561950,-399.317870
2.920000,0.230710,0.616520,1.907230,163.472240,-323.806340,60835.433590,1.000000,3.561950,-399.317870
2.922000,0.231990,0.633180,1.958500,163.488970,-323.806340,60648.753910,,3.561950,-399.317870
2.924000,0.230710,0.646000,1.886720,163.505740,-323.806340,60539.062500,,3.561950,-399.317870
2.926000,0.230710,0.649840,1.620120,163.522520,-323.806340,60927.187500,,3.563230,-399.317870
2.928000,0.231990,0.653690,1.896970,163.539350,-323.806340,60808.011720,1.000000,3.563230,-399.317870
2.930000,0.231990,0.652400,1.855960,163.556200,-323.806340,60568.593750,,3.560670,-399.317870
2.932000,0.231990,0.649840,1.568850,163.573100,-323.806340,60530.625000,,3.561950,-399.317870
2.934000,0.231990,0.643430,2.050780,163.590000,-323.806340,60654.023440,,3.560670,-399.317870
2.936000,0.231990,0.634460,2.194340,163.606930,-323.806340,60366.097660,1.000000,3.559390,-399.317870
2.938000,0.231990,0.624210,2.009770,163.623870,-323.806340,60673.011720,,3.561950,-399.317870
2.940000,0.231990,0.615230,2.419920,163.640840,-323.806340,60482.113280,,3.560670,-399.317870
2.942000,0.233280,0.607540,2.460940,163.657760,-323.806340,60445.195310,,3.560670,-399.317870
2.944000,0.233280,0.602420,2.317380,163.674680,-323.806340,60618.167970,1.000000,3.563230,-399.317870
2.946000,0.233280,0.597290,2.194340,163.691590,-323.806340,60611.835940,,3.561950,-399.317870
2.948000,0.234560,0.590880,2.122560,163.708470,-323.806340,60665.628910,,3.563230,-399.317870
2.950000,0.231990,0.593440,2.071290,163.725330,-323.806340,60760.550780,,3.564510,-399.317870
2.952000,0.233280,0.579350,2.153320,163.742190,-323.806340,60637.152340,1.000000,3.563230,-399.317870
2.954000,0.233280,0.584470,2.214840,163.759030,-323.806340,60613.949220,,3.563230,-399.317870
2.956000,0.234560,0.581910,2.050780,163.775860,-323.806340,60891.332030,,3.563230,-399.317870
2.958000,0.233280,0.579350,1.917480,163.792710,-323.806340,60750.003910,,3.560670,-399.317870
2.960000,0.234560,0.587040,2.245610,163.809490,-323.806340,61017.894530,1.000000,3.560670,-399.317870
2.962000,0.233280,0.598570,1.989260,163.826230,-323.806340,60740.511720,,3.560670,-399.317840
2.964000,0.234560,0.620360,1.712400,163.842960,-323.806340,60722.578130,,3.558110,-399.317870
2.966000,0.234560,0.634460,1.896970,163.859650,-323.806340,61001.015630,,3.563230,-399.317870
2.968000,0.233280,0.644710,1.804690,163.876390,-323.806340,60925.078130,1.000000,3.560670,-399.317870
2.970000,0.234560,0.649840,1.599610,163.893130,-323.806340,60597.070310,,3.561950,-399.317840
2.972000,0.234560,0.658810,2.163570,163.909900,-323.806340,60665.628910,,3.564510,-399.317840
2.974000,0.233280,0.660100,2.235350,163.926710,-323.806340,60680.394530,,3.560670,-399.317840
2.976000,0.234560,0.652400,2.050780,163.943600,-323.806340,60520.078130,1.000000,3.561950,-399.317840
2.978000,0.234560,0.647280,2.450680,163.960510,-323.806340,60625.550780,,3.563230,-399.317840
2.980000,0.234560,0.642150,2.471190,163.977480,-323.806340,61031.605470,,3.559390,-399.317840
2.982000,0.234560,0.634460,2.081540,163.994430,-323.806340,60593.910160,,3.559390,-399.317870
2.984000,0.234560,0.621640,2.245610,164.011440,-323.806340,60696.214840,1.000000,3.561950,-399.317870
2.986000,0.234560,0.607540,2.132810,164.028440,-323.806340,60548.558590,,3.559390,-399.317840
2.988000,0.234560,0.592160,1.866210,164.045460,-323.806340,60631.875000,,3.561950,-399.317840
2.990000,0.234560,0.590880,2.327640,164.062420,-323.806340,60739.460940,,3.563230,-399.317840
2.992000,0.233280,0.596010,2.020020,164.079330,-323.806340,60699.378910,1.000000,3.560670,-399.317840
2.994000,0.234560,0.598570,1.671390,164.096210,-323.806340,60535.902340,,3.561950,-399.317840
2.996000,0.234560,0.601140,2.122560,164.113050,-323.806340,60991.527340,,3.563230,-399.317870
2.998000,0.234560,0.606260,2.255860,164.129900,-323.806340,60756.332030,,3.560670,-399.317840
3.000000,0.235840,0.608830,1.855960,164.146730,-323.806340,60675.121090,1.000000,3.561950,-399.317870
3.002000,0.235840,0.622920,1.948240,164.163510,-323.806340,60739.460940,,3.559390,-399.317870
3.004000,0.233280,0.631900,1.712400,164.180310,-323.806340,60606.566410,,3.559390,-399.317840
3.006000,0.237120,0.633180,1.722660,164.197140,-323.806340,61038.988280,,3.564510,-399.317840
3.008000,0.235840,0.626770,2.358400,164.214020,-323.806340,60854.414060,1.000000,3.550420,-399.317840
3.010000,0.237120,0.635740,2.276370,164.230830,-323.806340,60671.953130,,3.563230,-399.317840
3.012000,0.231990,0.642150,1.773930,164.247650,-323.806340,60598.128910,,3.555540,-399.317840
3.014000,0.235840,0.652400,2.235350,164.264420,-323.806340,60602.347660,,3.561950,-399.317840
3.016000,0.230710,0.667790,2.922360,164.281190,-323.806340,60482.113280,1.000000,3.563230,-399.317840
3.018000,0.258910,0.699830,2.583980,164.297850,-323.806370,60756.332030,,3.569640,-399.317960
3.020000,0.270450,0.762630,2.419920,164.314380,-323.806210,60554.886720,,3.533750,-399.318050
3.022000,0.247380,0.788270,2.522460,164.331050,-323.806210,60573.867190,,3.551700,-399.317930
3.024000,0.243530,0.765200,2.358400,164.347960,-323.806300,60579.144530,1.000000,3.564510,-399.317750
3.026000,0.238400,0.715210,2.266110,164.365050,-323.806340,60536.957030,,3.546570,-399.317660
3.028000,0.249940,0.701110,2.173830,164.382080,-323.806270,60666.679690,,3.532470,-399.317750
3.030000,0.257630,0.657530,2.132810,164.399170,-323.806300,60752.113280,,3.554260,-399.317810
3.032000,0.249940,0.648560,1.999510,164.416150,-323.806340,60631.875000,1.000000,3.551700,-399.317810
3.034000,0.246090,0.621640,2.932620,164.433140,-323.806300,60437.812500,,3.537600,-399.317810
3.036000,0.297360,0.660100,2.768550,164.449910,-323.806340,60867.070310,,3.569640,-399.318020
3.038000,0.321720,0.721620,2.204590,164.466510,-323.806120,60795.355470,,3.494020,-399.318210
3.040000,0.287110,0.716490,2.389160,164.483380,-323.806150,60804.847660,1.000000,3.545290,-399.317990
3.042000,0.258910,0.657530,2.030270,164.500600,-323.806270,60605.511720,,3.556820,-399.317660
3.044000,0.247380,0.565250,1.855960,164.518010,-323.806340,60597.070310,,3.533750,-399.317440
3.046000,0.264040,0.529360,2.327640,164.535260,-323.806270,60948.281250,,3.527340,-399.317540
3.048000,0.283260,0.466550,2.030270,164.552510,-323.806270,60855.476560,1.000000,3.536320,-399.317660
3.050000,0.275570,0.462710,2.276370,164.569580,-323.806340,60836.488280,,3.540160,-399.317690
3.052000,0.276860,0.444760,3.752930,164.586430,-323.806270,60757.386720,,3.535030,-399.317750
3.054000,0.378110,0.563960,3.137700,164.602810,-323.806270,60784.808590,,3.551700,-399.318210
3.056000,0.417850,0.695980,2.491700,164.618960,-323.805940,60468.402340,1.000000,3.463260,-399.318510
3.058000,0.358890,0.724180,2.901860,164.635470,-323.806060,60674.062500,,3.551700,-399.318150
3.060000,0.281980,0.680600,2.112300,164.652470,-323.806210,60414.609380,,3.544010,-399.317470
3.062000,0.226870,0.592160,1.948240,164.669660,-323.806300,60347.113280,,3.533750,-399.316990
3.064000,0.235840,0.576780,2.696780,164.686690,-323.806210,60404.062500,1.000000,3.509400,-399.316960
3.066000,0.288390,0.546020,2.153320,164.703660,-323.806240,60049.691410,,3.527340,-399.317200
3.068000,0.290950,0.565250,2.450680,164.720470,-323.806270,60463.128910,,3.517090,-399.317380
3.070000,0.297360,0.584470,3.886230,164.737080,-323.806210,60556.996090,,3.522220,-399.317540
3.072000,0.415280,0.738280,3.281250,164.753220,-323.806180,60605.511720,1.000000,3.531190,-399.318120
3.074000,0.457580,0.866460,2.389160,164.769270,-323.805910,60464.183590,,3.445310,-399.318510
3.076000,0.387080,0.917720,2.614750,164.785780,-323.806060,60620.273440,,3.559390,-399.318080
3.078000,0.283260,0.819030,2.399410,164.803010,-323.806240,60717.308590,,3.526060,-399.317260
3.080000,0.214050,0.724180,2.081540,164.820370,-323.806340,60802.738280,1.000000,3.540160,-399.316680
3.080000,0.214050,0.724180,2.081540,164.820370,-323.806340,60802.738280,1.000000,3.540160,-399.316680
3.082000,0.214050,0.669070,2.430180,164.837660,-323.806210,60759.496090,,3.494020,-399.316620
3.084000,0.275570,0.607540,2.040530,164.854920,-323.806270,60660.355470,,3.519650,-399.316890
3.086000,0.281980,0.581910,2.912110,164.871990,-323.806240,60967.265630,,3.515810,-399.317140
3.088000,0.320430,0.589600,4.234860,164.888840,-323.806210,60612.894530,1.000000,3.519650,-399.317440
3.090000,0.497310,0.744690,3.506840,164.905080,-323.806090,61910.160160,,3.499150,-399.318360
3.092000,0.553710,0.854920,2.542970,164.921300,-323.805730,60886.062500,,3.424800,-399.318820
3.094000,0.446040,0.833130,2.768550,164.938200,-323.805940,60821.722660,,3.537600,-399.318180
3.096000,0.278140,0.679320,2.542970,164.955800,-323.806270,60598.128910,1.000000,3.526060,-399.316990
3.098000,0.142270,0.557560,2.286620,164.973460,-323.806340,60676.175780,,3.533750,-399.316010
3.100000,0.130740,0.462710,2.266110,164.991030,-323.806210,60832.265630,,3.465820,-399.315770
3.102000,0.217900,0.410160,2.204590,165.008320,-323.806300,60568.593750,,3.520940,-399.316130
3.104000,0.251220,0.397340,2.953130,165.025310,-323.806210,60686.722660,1.000000,3.486330,-399.316530
3.106000,0.307620,0.457580,3.937500,165.041870,-323.806180,60168.867190,,3.509400,-399.317050
3.108000,0.485780,0.656250,3.568360,165.057740,-323.806060,60532.738280,,3.473510,-399.318050
3.108000,0.485780,0.656250,3.568360,165.057740,-323.806060,60532.738280,,3.473510,-399.318050
3.110000,0.529360,0.798520,2.625000,165.073700,-323.805690,60142.503910,,3.414550,-399.318510
3.112000,0.407590,0.807500,2.358400,165.090320,-323.806030,60826.996090,1.000000,3.514530,-399.317810
3.114000,0.244810,0.683170,2.573730,165.107640,-323.806340,60523.242190,,3.513240,-399.316620
3.116000,0.117920,0.610110,2.368650,165.124970,-323.806400,60721.527340,,3.508120,-399.315730
3.118000,0.129460,0.519100,2.132810,165.142320,-323.806270,60655.078130,,3.450440,-399.315610
3.120000,0.214050,0.493470,2.337890,165.159440,-323.806340,60585.476560,1.000000,3.506840,-399.316040
3.122000,0.246090,0.479370,3.670900,165.176330,-323.806300,60734.183590,,3.463260,-399.316470
3.124000,0.339660,0.571660,4.470700,165.192700,-323.806270,60494.769530,,3.495300,-399.317200
3.126000,0.578060,0.804930,3.968260,165.208440,-323.805940,61073.789060,,3.413270,-399.318480
3.128000,0.626770,0.922850,2.860840,165.224470,-323.805660,60607.621090,1.000000,3.385070,-399.319000
3.130000,0.456300,0.892090,2.409670,165.241320,-323.806060,60957.773440,,3.506840,-399.317990
3.132000,0.224300,0.733150,2.625000,165.258940,-323.806430,60695.160160,,3.502990,-399.316410
3.134000,0.042300,0.637020,2.173830,165.276520,-323.806490,61036.875000,,3.483760,-399.315160
3.136000,0.042300,0.521670,2.050780,165.294040,-323.806370,60655.078130,1.000000,3.445310,-399.314910
3.138000,0.165340,0.506290,2.522460,165.311260,-323.806460,60658.246090,,3.481200,-399.315460
3.140000,0.229430,0.449890,3.578610,165.328290,-323.806340,60869.179690,,3.440190,-399.316040
3.142000,0.334530,0.561400,4.101560,165.344680,-323.806340,60555.941410,,3.492740,-399.316930
3.144000,0.538330,0.771610,3.732420,165.360490,-323.805970,60894.496090,1.000000,3.382510,-399.318180
3.146000,0.565250,0.881840,2.666020,165.376590,-323.805790,60404.062500,,3.392760,-399.318600
3.148000,0.387080,0.834410,2.163570,165.393550,-323.806180,60647.699220,,3.497860,-399.317660
3.150000,0.187130,0.666500,2.676270,165.411150,-323.806520,60098.203130,,3.488890,-399.316250
3.152000,0.039730,0.576780,2.358400,165.428620,-323.806550,60624.496090,1.000000,3.476070,-399.315250
3.154000,0.070500,0.478090,2.163570,165.446030,-323.806400,60624.496090,,3.438900,-399.315190
3.156000,0.178160,0.463990,2.819820,165.463120,-323.806490,60579.144530,,3.472230,-399.315770
3.158000,0.239690,0.447330,4.439940,165.479920,-323.806430,60538.007810,,3.446590,-399.316380
3.160000,0.402470,0.602420,5.024410,165.496050,-323.806340,60363.984380,1.000000,3.481200,-399.317470
3.162000,0.658810,0.826720,3.886230,165.511730,-323.805790,60647.699220,,3.335080,-399.318940
3.164000,0.672910,0.906190,2.799320,165.527970,-323.805690,60434.648440,,3.403020,-399.319270
3.166000,0.434510,0.808780,2.676270,165.545260,-323.806150,61179.265630,,3.483760,-399.317930
3.168000,0.147400,0.635740,2.512210,165.563020,-323.806580,60800.625000,1.000000,3.502990,-399.316040
3.170000,-0.048710,0.535770,2.091800,165.580640,-323.806550,62204.417970,,3.460690,-399.314640
3.172000,-0.023070,0.458860,1.681640,165.598070,-323.806490,60949.339840,,3.436340,-399.314510
3.174000,0.117920,0.458860,2.399410,165.615070,-323.806490,60743.671880,,3.460690,-399.315250
3.176000,0.226870,0.478090,4.040040,165.631670,-323.806400,60819.613280,1.000000,3.436340,-399.316100
3.178000,0.396060,0.676760,4.419430,165.647570,-323.806340,60669.843750,,3.478640,-399.317320
3.180000,0.607540,0.893370,3.240230,165.663180,-323.805790,60877.621090,,3.329960,-399.318730
3.182000,0.597290,0.989500,2.830080,165.679400,-323.805790,60567.542970,,3.419680,-399.318940
3.184000,0.365300,0.852360,2.245610,165.696730,-323.806210,60891.332030,1.000000,3.470950,-399.317660
3.186000,0.128170,0.684450,2.368650,165.714550,-323.806580,60440.980470,,3.500430,-399.316040
3.188000,-0.019230,0.554990,2.501950,165.732300,-323.806520,60657.187500,,3.437620,-399.314940
3.190000,0.021790,0.456300,2.112300,165.749890,-323.806490,60277.503910,,3.438900,-399.315000
3.192000,0.148680,0.430660,3.096680,165.767040,-323.806490,60445.195310,1.000000,3.453000,-399.315700
3.194000,0.256350,0.469120,5.096190,165.783720,-323.806460,60273.281250,,3.447880,-399.316560
3.196000,0.488340,0.698550,5.198730,165.799480,-323.806240,60495.820310,,3.427370,-399.317990
3.198000,0.749820,0.927980,3.670900,165.815030,-323.805660,60724.691410,,3.301760,-399.319580
3.200000,0.703670,0.993350,3.465820,165.831390,-323.805760,60459.964840,1.000000,3.414550,-399.319550
3.202000,0.406310,0.804930,2.522460,165.848910,-323.806340,60654.023440,,3.477360,-399.317780
3.204000,0.079470,0.665220,2.163570,165.866670,-323.806610,60550.664060,,3.496580,-399.315610
3.206000,-0.125610,0.540890,2.245610,165.884320,-323.806610,61079.062500,,3.419680,-399.314180
3.208000,-0.060240,0.476810,1.937990,165.901660,-323.806610,60755.273440,1.000000,3.449160,-399.314150
3.210000,0.091000,0.462710,2.594240,165.918590,-323.806520,60969.378910,,3.420960,-399.315000
3.212000,0.243530,0.510130,4.368160,165.935040,-323.806490,60652.972660,,3.445310,-399.316130
3.214000,0.469120,0.738280,4.234860,165.950710,-323.806270,60823.828130,,3.419680,-399.317690
3.216000,0.680600,0.935670,3.188960,165.966370,-323.805790,60913.476560,1.000000,3.301760,-399.319060
3.218000,0.612670,0.976680,3.137700,165.982790,-323.805940,60862.859380,,3.418400,-399.318970
3.220000,0.340940,0.792110,2.327640,166.000340,-323.806430,60979.925780,,3.467100,-399.317410
3.222000,0.076900,0.670350,2.132810,166.018010,-323.806700,60567.542970,,3.470950,-399.315610
3.224000,-0.067930,0.544740,2.819820,166.035640,-323.806610,60879.730470,1.000000,3.417110,-399.314510
3.226000,-0.003850,0.471680,2.030270,166.053040,-323.806610,59382.070310,,3.442750,-399.314670
3.228000,0.132020,0.437070,3.445310,166.070110,-323.806580,60607.621090,,3.420960,-399.315460
3.230000,0.288390,0.513980,5.352540,166.086580,-323.806520,60377.699220,,3.440190,-399.316590
3.232000,0.576780,0.761350,5.085940,166.102280,-323.806120,60373.476560,1.000000,3.356870,-399.318330
3.232000,0.576780,0.761350,5.085940,166.102280,-323.806120,60373.476560,1.000000,3.356870,-399.318330
3.234000,0.815190,0.912600,3.793950,166.118190,-323.805630,60467.347660,,3.282530,-399.319850
3.236000,0.704960,0.883120,3.353030,166.135070,-323.805940,60555.941410,,3.418400,-399.319490
3.238000,0.369140,0.657530,2.768550,166.153080,-323.806490,60815.394530,,3.468380,-399.317410
3.240000,0.024350,0.516540,2.409670,166.171040,-323.806760,60567.542970,1.000000,3.463260,-399.315090
3.242000,-0.167910,0.374270,2.245610,166.188810,-323.806640,60547.503910,,3.420960,-399.313690
3.244000,-0.070500,0.358890,2.020020,166.206100,-323.806730,60600.238280,,3.433780,-399.313810
3.246000,0.088440,0.338380,3.271000,166.222930,-323.806610,60968.324220,,3.410710,-399.314790
3.248000,0.276860,0.460140,4.470700,166.239090,-323.806550,60657.187500,1.000000,3.442750,-399.316130
3.250000,0.531920,0.713930,4.624510,166.254530,-323.806180,61546.292970,,3.354310,-399.317900
3.252000,0.733150,0.876710,3.240230,166.270220,-323.805790,60861.796880,,3.305600,-399.319270
3.254000,0.598570,0.886960,2.809570,166.286820,-323.806060,60864.964840,,3.426090,-399.318880
3.256000,0.303770,0.698550,2.635250,166.304440,-323.806550,61105.433590,1.000000,3.460690,-399.317140
3.258000,0.034610,0.592160,2.204590,166.322080,-323.806730,60966.214840,,3.456850,-399.315280
3.260000,-0.091000,0.463990,2.266110,166.339630,-323.806580,61031.605470,,3.405580,-399.314270
3.262000,-0.003850,0.447330,2.522460,166.356810,-323.806670,60558.046880,,3.429930,-399.314510
3.264000,0.140990,0.429380,4.122070,166.373600,-323.806610,60631.875000,1.000000,3.417110,-399.315430
3.266000,0.346070,0.592160,5.178220,166.389590,-323.806520,60375.589840,,3.433780,-399.316800
3.268000,0.654970,0.884400,5.157710,166.404910,-323.805970,60758.437500,,3.303040,-399.318730
3.270000,0.861330,1.027950,3.558110,166.420670,-323.805660,59992.738280,,3.319700,-399.320100
3.272000,0.675480,0.975400,3.004390,166.437610,-323.806060,60506.371090,1.000000,3.429930,-399.319340
3.274000,0.311460,0.763920,3.004390,166.455440,-323.806610,60501.097660,,3.481200,-399.317050
3.276000,-0.038450,0.658810,2.399410,166.473140,-323.806700,60491.605470,,3.454280,-399.314700
3.278000,-0.196110,0.529360,1.732910,166.490800,-323.806640,60782.699220,,3.418400,-399.313480
3.280000,-0.070500,0.476810,3.281250,166.508130,-323.806700,60407.226560,1.000000,3.432500,-399.313780
3.282000,0.098690,0.446040,3.465820,166.525050,-323.806610,60501.097660,,3.405580,-399.314850
3.284000,0.329410,0.578060,4.439940,166.541280,-323.806490,60337.621090,,3.450440,-399.316440
3.286000,0.599850,0.792110,4.675780,166.556990,-323.806000,60891.332030,,3.312010,-399.318360
3.288000,0.766480,0.907470,3.055660,166.573170,-323.805790,60725.746090,1.000000,3.355590,-399.319550
3.290000,0.567810,0.795960,2.481450,166.590470,-323.806210,61223.558590,,3.431210,-399.318790
3.292000,0.258910,0.597290,2.758300,166.608410,-323.806670,60736.292970,,3.499150,-399.316860
3.294000,-0.005130,0.488340,2.122560,166.626220,-323.806670,60721.527340,,3.444030,-399.315030
3.296000,-0.107670,0.381960,2.204590,166.643840,-323.806610,60941.957030,1.000000,3.428650,-399.314180
3.298000,-0.001280,0.348630,3.414550,166.661000,-323.806610,60934.570310,,3.445310,-399.314580
3.300000,0.161500,0.397340,4.470700,166.677610,-323.806610,61194.027340,,3.426090,-399.315610
3.302000,0.416560,0.603700,5.680660,166.693330,-323.806400,60702.542970,,3.422240,-399.317260
3.304000,0.737000,0.871580,5.106450,166.708620,-323.805690,60900.824220,1.000000,3.273560,-399.319310
3.306000,0.893370,0.970280,3.558110,166.724730,-323.805600,60505.316410,,3.351750,-399.320310
3.308000,0.629330,0.802370,2.819820,166.742190,-323.806150,60914.535160,,3.451720,-399.319120
3.310000,0.244810,0.619080,2.614750,166.760130,-323.806610,60802.738280,,3.505550,-399.316650
3.312000,-0.092290,0.507570,2.235350,166.777940,-323.806640,60587.582030,1.000000,3.435060,-399.314300
3.314000,-0.214050,0.425540,2.071290,166.795440,-323.806670,60605.511720,,3.455570,-399.313260
3.316000,-0.065370,0.410160,3.076170,166.812450,-323.806640,60521.136720,,3.424800,-399.313690
3.318000,0.123050,0.472960,4.142580,166.828860,-323.806580,60659.300780,,3.436340,-399.314910
3.320000,0.387080,0.701110,4.809080,166.844420,-323.806370,60521.136720,1.000000,3.426090,-399.316710
3.322000,0.667790,0.947200,4.142580,166.859770,-323.805790,60601.292970,,3.299190,-399.318660
3.324000,0.779300,1.047180,3.147950,166.875920,-323.805790,60502.152340,,3.370970,-399.319610
3.326000,0.531920,0.863890,2.573730,166.893360,-323.806270,60843.867190,,3.455570,-399.318510
3.328000,0.208920,0.701110,2.532710,166.911250,-323.806640,60864.964840,1.000000,3.488890,-399.316470
3.330000,-0.037170,0.553710,2.481450,166.929170,-323.806610,62146.410160,,3.420960,-399.314640
3.332000,-0.117920,0.449890,1.917480,166.946810,-323.806610,60889.218750,,3.451720,-399.313930
3.334000,0.006410,0.405030,3.240230,166.964050,-323.806610,60721.527340,,3.415830,-399.314450
3.336000,0.198670,0.467830,5.126950,166.980590,-323.806580,60641.371090,1.000000,3.442750,-399.315670
3.338000,0.490910,0.711360,5.854980,166.996170,-323.806210,60608.671880,,3.368410,-399.317540
3.340000,0.813900,0.939510,4.542480,167.011690,-323.805570,60858.632810,,3.249210,-399.319550
3.342000,0.897220,0.952330,3.783690,167.028210,-323.805790,60830.160160,,3.372250,-399.320220
3.344000,0.583190,0.713930,2.871090,167.046050,-323.806340,60765.820310,1.000000,3.463260,-399.318630
3.346000,0.173030,0.552430,2.337890,167.064120,-323.806730,60590.746090,,3.470950,-399.316010
3.348000,-0.138430,0.383240,2.358400,167.082030,-323.806730,60798.519530,,3.428650,-399.313780
3.350000,-0.215330,0.324280,1.927730,167.099530,-323.806760,60390.355470,,3.453000,-399.312900
3.352000,-0.046140,0.289670,3.055660,167.116590,-323.806670,60397.738280,1.000000,3.392760,-399.313540
3.354000,0.161500,0.392210,4.829590,167.132840,-323.806610,60427.265630,,3.441470,-399.314910
3.356000,0.448610,0.647280,5.208980,167.148270,-323.806270,60336.566410,,3.365840,-399.316890
3.358000,0.729310,0.857480,3.916990,167.163790,-323.805790,60687.777340,,3.276120,-399.318820
3.360000,0.772890,0.871580,3.332520,167.180300,-323.805940,60514.808590,1.000000,3.388920,-399.319400
3.362000,0.484500,0.666500,2.471190,167.198040,-323.806490,60702.542970,,3.456850,-399.318020
3.364000,0.149960,0.533200,2.378910,167.215880,-323.806790,60509.535160,,3.468380,-399.315890
3.366000,-0.070500,0.411440,2.614750,167.233540,-323.806670,60852.308590,,3.424800,-399.314180
3.368000,-0.115360,0.390930,2.255860,167.250790,-323.806700,60793.242190,1.000000,3.433780,-399.313630
3.370000,0.026920,0.390930,3.783690,167.267530,-323.806670,61066.406250,,3.413270,-399.314300
3.372000,0.247380,0.560120,5.567870,167.283450,-323.806610,60973.597660,,3.441470,-399.315730
3.374000,0.563960,0.867740,5.701170,167.298580,-323.806000,60715.195310,,3.297910,-399.317780
3.376000,0.883120,1.049740,4.480960,167.314130,-323.805510,61043.203130,1.000000,3.254330,-399.319760
3.376000,0.883120,1.049740,4.480960,167.314130,-323.805510,61043.203130,1.000000,3.254330,-399.319760
3.378000,0.872860,0.988220,3.855470,167.331050,-323.805820,60664.570310,,3.391480,-399.320010
3.380000,0.520390,0.694700,2.635250,167.349320,-323.806490,61074.843750,,3.468380,-399.318120
3.382000,0.106380,0.515260,2.214840,167.367610,-323.806760,60885.003910,,3.468380,-399.315400
3.384000,-0.174320,0.366580,2.317380,167.385620,-323.806730,60847.031250,1.000000,3.436340,-399.313320
3.386000,-0.206360,0.348630,1.753420,167.403030,-323.806790,60326.015630,,3.432500,-399.312710
3.388000,-0.019230,0.340940,3.127440,167.419880,-323.806700,60623.441410,,3.405580,-399.313540
3.390000,0.214050,0.520390,4.686040,167.435750,-323.806610,60660.355470,,3.451720,-399.315160
3.392000,0.510130,0.807500,5.126950,167.450900,-323.806090,60453.636720,1.000000,3.317140,-399.317230
3.394000,0.788270,0.998470,4.050290,167.466380,-323.805730,60708.875000,,3.315860,-399.319090
3.396000,0.754940,0.954900,3.312010,167.483150,-323.805970,60527.468750,,3.395320,-399.319340
3.398000,0.443480,0.719060,2.676270,167.501050,-323.806550,60667.738280,,3.477360,-399.317690
3.400000,0.098690,0.553710,2.378910,167.519070,-323.806700,60540.121090,1.000000,3.459410,-399.315460
3.402000,-0.102540,0.415280,2.409670,167.536910,-323.806610,60662.460940,,3.418400,-399.313900
3.404000,-0.111510,0.351200,2.655760,167.554340,-323.806640,60407.226560,,3.427370,-399.313570
3.406000,0.053830,0.357600,4.439940,167.571170,-323.806640,60662.460940,,3.419680,-399.314420
3.408000,0.307620,0.557560,5.526860,167.586980,-323.806490,60424.105470,1.000000,3.424800,-399.316040
3.410000,0.635740,0.848510,6.090820,167.602160,-323.805790,60780.585940,,3.258180,-399.318210
3.412000,0.931820,0.998470,4.439940,167.617970,-323.805510,60933.519530,,3.317140,-399.320040
3.414000,0.830570,0.861330,3.445310,167.635270,-323.806000,60921.917970,,3.395320,-399.319850
3.416000,0.462710,0.598570,3.076170,167.653530,-323.806610,61109.648440,1.000000,3.505550,-399.317690
3.416000,0.462710,0.598570,3.076170,167.653530,-323.806610,61109.648440,1.000000,3.505550,-399.317690
3.418000,0.047420,0.447330,2.450680,167.671680,-323.806700,60748.949220,,3.449160,-399.314940
3.418000,0.047420,0.447330,2.450680,167.671680,-323.806700,60748.949220,,3.449160,-399.314940
3.420000,-0.208920,0.337100,2.071290,167.689480,-323.806730,61040.042970,,3.446590,-399.313050
3.422000,-0.197390,0.296080,2.768550,167.706790,-323.806760,60795.355470,,3.420960,-399.312710
3.424000,0.005130,0.334530,3.732420,167.723420,-323.806670,60677.226560,1.000000,3.420960,-399.313690
3.426000,0.264040,0.544740,4.532230,167.739090,-323.806490,60483.167970,,3.422240,-399.315460
3.428000,0.567810,0.817750,5.260250,167.754240,-323.805940,60645.589840,,3.292790,-399.317630
3.430000,0.816470,0.965150,3.742680,167.770070,-323.805660,60297.542970,,3.332520,-399.319310
3.432000,0.701110,0.825440,3.045410,167.787280,-323.806120,60671.953130,1.000000,3.400450,-399.319120
3.434000,0.379390,0.615230,3.117190,167.805340,-323.806670,60690.941410,,3.505550,-399.317290
3.436000,0.062810,0.444760,2.378910,167.823440,-323.806730,60508.476560,,3.424800,-399.315190
3.438000,-0.119200,0.325560,1.948240,167.841230,-323.806700,60772.152340,,3.444030,-399.313780
3.440000,-0.091000,0.283260,3.619630,167.858550,-323.806700,60420.941410,1.000000,3.422240,-399.313660
3.442000,0.096130,0.358890,4.686040,167.875080,-323.806700,60577.031250,,3.437620,-399.314670
3.444000,0.378110,0.622920,5.670410,167.890460,-323.806340,60588.632810,,3.385070,-399.316470
3.446000,0.712650,0.925420,6.254880,167.905500,-323.805570,60656.136720,,3.231260,-399.318660
3.448000,0.958740,1.015140,4.316890,167.921540,-323.805540,60424.105470,1.000000,3.308170,-399.320160
3.450000,0.770320,0.793400,3.424800,167.939130,-323.806120,60813.281250,,3.419680,-399.319490
3.452000,0.383240,0.567810,3.096680,167.957430,-323.806670,60958.832030,,3.488890,-399.317110
3.454000,-0.003850,0.397340,2.317380,167.975540,-323.806760,60812.230470,,3.422240,-399.314420
3.456000,-0.229430,0.324280,2.132810,167.993190,-323.806850,60906.097660,1.000000,3.465820,-399.312740
3.458000,-0.169190,0.297360,3.260740,168.010330,-323.806790,60710.980470,,3.395320,-399.312650
3.460000,0.039730,0.397340,3.906740,168.026580,-323.806730,60946.175780,,3.440190,-399.313840
3.462000,0.329410,0.669070,4.839840,168.041760,-323.806430,60803.789060,,3.378660,-399.315770
3.464000,0.630620,0.981810,5.034670,168.056700,-323.805820,60829.105470,1.000000,3.271000,-399.317900
3.466000,0.834410,1.075380,3.547850,168.072600,-323.805820,60920.859380,,3.323550,-399.319340
3.468000,0.651120,0.886960,2.614750,168.090030,-323.806300,60794.300780,,3.427370,-399.318730
3.470000,0.316590,0.679320,2.491700,168.108120,-323.806790,60839.648440,,3.469670,-399.316740
3.472000,0.025630,0.489620,2.348140,168.126210,-323.806760,60569.648440,1.000000,3.409420,-399.314640
3.474000,-0.128170,0.399900,2.337890,168.144010,-323.806760,60747.894530,,3.436340,-399.313450
3.476000,-0.064090,0.326840,3.845210,168.161440,-323.806760,60470.511720,,3.396610,-399.313540
3.478000,0.140990,0.433230,5.116700,168.177890,-323.806760,60475.785160,,3.437620,-399.314760
3.480000,0.446040,0.726750,5.906250,168.193220,-323.806210,60237.421880,1.000000,3.310730,-399.316710
3.482000,0.771610,0.992070,5.547360,168.208530,-323.805540,60469.453130,,3.221010,-399.318850
3.484000,0.954900,1.010010,4.327150,168.225020,-323.805730,60648.753910,,3.324830,-399.320040
3.486000,0.695980,0.738280,3.250490,168.243100,-323.806370,60699.378910,,3.432500,-399.318940
3.488000,0.301210,0.505000,2.778810,168.261570,-323.806880,60601.292970,1.000000,3.469670,-399.316410
3.490000,-0.057680,0.323000,2.891600,168.279740,-323.806850,61576.875000,,3.428650,-399.313870
3.492000,-0.231990,0.289670,2.112300,168.297330,-323.806950,61099.105470,,3.438900,-399.312470
3.494000,-0.124330,0.256350,3.168460,168.314390,-323.806850,60985.195310,,3.392760,-399.312650
3.496000,0.096130,0.425540,4.562990,168.330350,-323.806760,60893.441410,1.000000,3.441470,-399.314060
3.498000,0.396060,0.713930,5.034670,168.345430,-323.806300,60481.054690,,3.317140,-399.316070
3.500000,0.693420,0.970280,4.470700,168.360570,-323.805790,60819.613280,,3.265870,-399.318180
3.502000,0.826720,0.985660,3.691410,168.376910,-323.805940,60825.941410,,3.342770,-399.319240
3.504000,0.585750,0.763920,2.625000,168.394670,-323.806490,60979.925780,1.000000,3.432500,-399.318300
3.506000,0.253780,0.554990,2.348140,168.412860,-323.806880,60748.949220,,3.469670,-399.316220
3.508000,-0.012820,0.393490,2.532710,168.430880,-323.806760,60855.476560,,3.405580,-399.314240
3.510000,-0.133300,0.351200,2.266110,168.448390,-323.806880,60321.800780,,3.433780,-399.313260
3.512000,-0.034610,0.317870,3.855470,168.465440,-323.806820,60464.183590,1.000000,3.414550,-399.313600
3.514000,0.202510,0.535770,5.834470,168.481230,-323.806730,60509.535160,,3.441470,-399.315060
3.516000,0.519100,0.875430,6.060060,168.496090,-323.806000,60268.007810,,3.255620,-399.317140
3.518000,0.838260,1.116390,5.178220,168.511310,-323.805510,60588.632810,,3.242800,-399.319210
3.520000,0.933110,1.049740,4.480960,168.528060,-323.805790,60618.167970,1.000000,3.337650,-399.319980
3.522000,0.628050,0.748540,3.137700,168.546300,-323.806490,60570.707030,,3.455570,-399.318510
3.524000,0.223020,0.512700,2.635250,168.564730,-323.806850,60787.972660,,3.468380,-399.315890
3.526000,-0.111510,0.365300,2.440430,168.582840,-323.806820,60637.152340,,3.431210,-399.313480
3.528000,-0.240970,0.303770,2.255860,168.600460,-323.806980,60508.476560,1.000000,3.438900,-399.312380
3.530000,-0.084590,0.284550,3.476070,168.617430,-323.806820,60754.222660,,3.414550,-399.312900
3.532000,0.156370,0.494750,4.870610,168.633220,-323.806700,60856.527340,,3.440190,-399.314480
3.534000,0.460140,0.775450,5.055180,168.648240,-323.806090,60606.566410,,3.291500,-399.316590
3.536000,0.744690,1.002320,4.491210,168.663620,-323.805690,61010.511720,1.000000,3.306880,-399.318600
3.538000,0.808780,0.912600,3.650390,168.680470,-323.805970,60705.707030,,3.344060,-399.319340
3.540000,0.531920,0.672910,2.399410,168.698520,-323.806610,60868.128910,,3.485050,-399.318050
3.542000,0.192260,0.449890,2.317380,168.716800,-323.806790,60902.933590,,3.446590,-399.315890
3.544000,-0.053830,0.319150,2.430180,168.734890,-323.806760,60920.859380,1.000000,3.427370,-399.314060
3.546000,-0.140990,0.230710,2.389160,168.752530,-323.806790,60572.816410,,3.444030,-399.313320
3.548000,0.003850,0.235840,4.122070,168.769500,-323.806790,60622.386720,,3.432500,-399.313960
3.550000,0.267880,0.484500,5.537110,168.785110,-323.806550,60740.511720,,3.418400,-399.315580
3.552000,0.590880,0.811340,6.111330,168.800020,-323.805730,60332.347660,1.000000,3.229980,-399.317720
3.554000,0.897220,1.004880,5.342290,168.815540,-323.805390,60723.636720,,3.281250,-399.319640
3.556000,0.901060,0.847230,4.132320,168.832730,-323.805850,60543.281250,,3.354310,-399.319950
3.558000,0.562680,0.580630,3.158200,168.851010,-323.806550,60741.566410,,3.500430,-399.318150
3.560000,0.151250,0.379390,2.604490,168.869260,-323.806760,60444.144530,1.000000,3.441470,-399.315460
3.562000,-0.157650,0.299930,2.266110,168.887070,-323.806850,60625.550780,,3.463260,-399.313200
3.564000,-0.243530,0.255070,2.809570,168.904360,-323.806880,60705.707030,,3.450440,-399.312350
3.566000,-0.052550,0.299930,3.763180,168.920940,-323.806760,60607.621090,,3.432500,-399.313110
3.568000,0.217900,0.558840,4.768070,168.936260,-323.806580,60527.468750,1.000000,3.415830,-399.314910
3.570000,0.528080,0.874150,5.557620,168.951100,-323.805850,60665.628910,,3.279970,-399.317080
3.572000,0.789550,1.072810,4.398930,168.966550,-323.805660,60833.324220,,3.304320,-399.318940
3.574000,0.779300,0.920290,3.271000,168.983640,-323.806000,60859.691410,,3.376100,-399.319210
3.576000,0.467830,0.694700,2.901860,169.001710,-323.806610,61205.625000,1.000000,3.495300,-399.317690
3.576000,0.467830,0.694700,2.901860,169.001710,-323.806610,61205.625000,1.000000,3.495300,-399.317690
3.578000,0.142270,0.479370,2.255860,169.019940,-323.806760,60690.941410,,3.428650,-399.315460
3.580000,-0.085880,0.378110,2.122560,169.037860,-323.806760,60964.105470,,3.458130,-399.313780
3.582000,-0.138430,0.306340,3.353030,169.055340,-323.806760,60911.371090,,3.438900,-399.313200
3.584000,0.038450,0.374270,4.768070,169.071960,-323.806760,60716.257810,1.000000,3.447880,-399.314090
3.586000,0.337100,0.678040,5.373050,169.087220,-323.806370,60961.996090,,3.369690,-399.315920
3.588000,0.671630,0.989500,6.152340,169.102130,-323.805510,60770.042970,,3.215880,-399.318120
3.590000,0.945920,1.101010,4.809080,169.118030,-323.805450,60597.070310,,3.279970,-399.319820
3.592000,0.865170,0.848510,3.783690,169.135760,-323.805970,60529.574220,1.000000,3.382510,-399.319640
3.594000,0.492190,0.575500,3.414550,169.154270,-323.806670,60696.214840,,3.486330,-399.317540
3.596000,0.093570,0.353760,2.450680,169.172700,-323.806790,60440.980470,,3.433780,-399.314790
3.598000,-0.190980,0.284550,1.855960,169.190570,-323.806950,60703.597660,,3.473510,-399.312710
3.600000,-0.228150,0.212770,4.009280,169.207960,-323.806880,60317.582030,1.000000,3.420960,-399.312130
3.602000,-0.015380,0.312740,3.978520,169.224380,-323.806790,60492.656250,,3.435060,-399.313140
3.604000,0.279420,0.604980,4.809080,169.239530,-323.806460,60606.566410,,3.368410,-399.315060
3.606000,0.590880,0.907470,5.731930,169.254460,-323.805790,60540.121090,,3.258180,-399.317290
3.608000,0.828000,1.035640,4.255370,169.270230,-323.805760,60623.441410,1.000000,3.312010,-399.319000
3.610000,0.748540,0.840820,3.424800,169.287720,-323.806180,60816.445310,,3.388920,-399.318940
3.612000,0.412720,0.628050,3.117190,169.305880,-323.806760,61002.078130,,3.485050,-399.317140
3.614000,0.092290,0.422970,2.276370,169.324110,-323.806760,60866.019530,,3.415830,-399.314910
3.616000,-0.106380,0.353760,2.266110,169.341900,-323.806880,61093.828130,1.000000,3.454280,-399.313320
3.618000,-0.123050,0.284550,3.886230,169.359270,-323.806820,60654.023440,,3.422240,-399.312990
3.620000,0.089720,0.419130,4.880860,169.375520,-323.806790,60790.085940,,3.441470,-399.314090
3.622000,0.401180,0.775450,5.793460,169.390470,-323.806180,60714.144530,,3.303040,-399.316100
3.624000,0.742130,1.077940,6.039550,169.405380,-323.805420,60696.214840,1.000000,3.196660,-399.318330
3.626000,0.963870,1.124080,4.675780,169.421620,-323.805540,61007.347660,,3.303040,-399.319790
3.628000,0.803650,0.821590,3.404300,169.439680,-323.806210,60898.714840,,3.400450,-399.319210
3.630000,0.417850,0.554990,2.973630,169.458280,-323.806790,60739.460940,,3.485050,-399.316890
3.632000,0.035890,0.346070,2.460940,169.476720,-323.806790,60534.847660,1.000000,3.428650,-399.314180
3.634000,-0.212770,0.296080,2.368650,169.494510,-323.807010,60760.550780,,3.469670,-399.312320
3.636000,-0.203800,0.225590,3.476070,169.511840,-323.806880,60427.265630,,3.410710,-399.312010
3.638000,0.041020,0.385800,4.419430,169.527950,-323.806850,60515.859380,,3.445310,-399.313290
3.640000,0.342220,0.699830,5.157710,169.542940,-323.806240,60413.558590,1.000000,3.314580,-399.315370
3.642000,0.654970,0.983090,5.239750,169.557880,-323.805730,60328.128910,,3.260740,-399.317570
3.644000,0.842100,1.030520,4.337400,169.574050,-323.805790,60765.820310,,3.331240,-399.319030
3.646000,0.688290,0.788270,3.158200,169.591780,-323.806340,60680.394530,,3.417110,-399.318540
3.648000,0.348630,0.565250,2.881350,169.610000,-323.806790,60727.851560,1.000000,3.483760,-399.316590
3.650000,0.049990,0.379390,3.055660,169.628230,-323.806760,61108.597660,,3.406860,-399.314450
3.652000,-0.126890,0.302490,2.532710,169.645970,-323.806850,60976.761720,,3.460690,-399.313080
3.654000,-0.094850,0.253780,4.029790,169.663180,-323.806790,60864.964840,,3.411990,-399.313050
3.656000,0.156370,0.457580,5.670410,169.679080,-323.806730,60989.417970,1.000000,3.445310,-399.314420
3.658000,0.471680,0.819030,6.162600,169.693860,-323.805910,60717.308590,,3.249210,-399.316530
3.660000,0.807500,1.085630,5.834470,169.708910,-323.805390,60726.800780,,3.235110,-399.318660
3.662000,0.963870,1.033080,4.983400,169.725600,-323.805630,60901.875000,,3.309450,-399.319820
3.664000,0.734440,0.716490,3.404300,169.743880,-323.806370,60733.128910,1.000000,3.438900,-399.318790
3.666000,0.342220,0.461430,2.614750,169.762450,-323.806790,61153.949220,,3.478640,-399.316380
3.668000,-0.025630,0.299930,2.512210,169.780720,-323.806880,60911.371090,,3.433780,-399.313750
3.670000,-0.238400,0.279420,2.286620,169.798290,-323.806980,60618.167970,,3.477360,-399.312160
3.672000,-0.166630,0.269170,3.465820,169.815260,-323.806850,60392.460940,1.000000,3.396610,-399.312190
3.674000,0.102540,0.507570,5.044920,169.830930,-323.806790,60644.535160,,3.453000,-399.313720
3.676000,0.405030,0.821590,5.014160,169.845790,-323.806060,60278.558590,,3.274840,-399.315890
3.678000,0.708800,1.077940,4.737300,169.860950,-323.805690,60637.152340,,3.288940,-399.317990
3.680000,0.839540,1.010010,4.357910,169.877660,-323.805880,60704.648440,1.000000,3.332520,-399.319120
3.682000,0.624210,0.757510,2.973630,169.895690,-323.806490,60473.671880,,3.453000,-399.318300
3.684000,0.289670,0.522950,2.727540,169.914090,-323.806790,60781.640630,,3.451720,-399.316250
3.686000,0.008970,0.358890,2.748050,169.932340,-323.806820,60658.246090,,3.431210,-399.314180
3.688000,-0.144840,0.287110,2.942870,169.950100,-323.806850,60523.242190,1.000000,3.455570,-399.313020
3.690000,-0.056400,0.276860,4.450200,169.967160,-323.806850,60414.609380,,3.418400,-399.313290
3.692000,0.224300,0.553710,6.039550,169.982730,-323.806640,60686.722660,,3.420960,-399.314910
3.694000,0.542180,0.915160,6.183110,169.997420,-323.805690,60468.402340,,3.212040,-399.317050
3.696000,0.863890,1.148440,5.834470,170.012710,-323.805390,60825.941410,1.000000,3.263310,-399.319090
3.698000,0.953610,0.974120,4.737300,170.029880,-323.805760,60729.960940,,3.323550,-399.319850
3.700000,0.665220,0.670350,3.250490,170.048310,-323.806490,60941.957030,,3.474790,-399.318450
3.702000,0.271730,0.414000,2.542970,170.066930,-323.806790,60915.589840,,3.447880,-399.315890
3.704000,-0.078190,0.305050,2.235350,170.084980,-323.806980,60921.917970,1.000000,3.470950,-399.313320
3.706000,-0.252500,0.271730,2.102050,170.102430,-323.806950,61099.105470,,3.450440,-399.311950
3.708000,-0.129460,0.290950,3.496580,170.119170,-323.806880,60820.664060,,3.418400,-399.312320
3.710000,0.161500,0.576780,4.706540,170.134480,-323.806670,60795.355470,,3.423520,-399.314030
3.712000,0.470400,0.901060,5.414060,170.149170,-323.805910,60486.332030,1.000000,3.237670,-399.316250
3.714000,0.758790,1.129210,4.942380,170.164380,-323.805730,60679.339840,,3.303040,-399.318270
3.716000,0.829280,0.986940,3.773440,170.181380,-323.805970,60543.281250,,3.341490,-399.319060
3.718000,0.560120,0.740840,2.860840,170.199480,-323.806640,60761.605470,,3.463260,-399.317870
3.720000,0.233280,0.488340,2.635250,170.217910,-323.806850,60489.500000,1.000000,3.437620,-399.315730
3.722000,-0.028200,0.360170,2.430180,170.236010,-323.806920,60525.351560,,3.454280,-399.313810
3.724000,-0.148680,0.276860,3.353030,170.253680,-323.806920,60689.886720,,3.431210,-399.312840
3.726000,-0.016660,0.308900,4.901370,170.270490,-323.806880,60423.046880,,3.446590,-399.313390
3.728000,0.288390,0.642150,5.762700,170.285770,-323.806460,60531.679690,1.000000,3.362000,-399.315190
3.730000,0.613950,0.971560,6.603520,170.300570,-323.805510,60569.648440,,3.169740,-399.317410
3.732000,0.899780,1.127930,5.813960,170.316270,-323.805450,60675.121090,,3.265870,-399.319240
3.734000,0.917720,0.869020,4.255370,170.333970,-323.805940,60630.824220,,3.326110,-399.319550
3.736000,0.588320,0.579350,3.640140,170.352630,-323.806700,61036.875000,1.000000,3.469670,-399.317840
3.738000,0.199950,0.299930,2.655760,170.371370,-323.806950,60849.144530,,3.436340,-399.315220
3.740000,-0.120480,0.231990,1.989260,170.389390,-323.807130,60780.585940,,3.487610,-399.312840
3.742000,-0.247380,0.173030,3.291500,170.406850,-323.807070,60810.121090,,3.410710,-399.311770
3.744000,-0.071780,0.266600,4.019530,170.423290,-323.807040,60723.636720,1.000000,3.451720,-399.312470
3.746000,0.219180,0.601140,4.604000,170.438310,-323.806610,60929.300780,,3.367130,-399.314360
3.748000,0.540890,0.917720,5.516600,170.452960,-323.805850,60774.257810,,3.217160,-399.316620
3.750000,0.799800,1.101010,4.686040,170.468440,-323.805760,60888.167970,,3.314580,-399.318480
3.752000,0.804930,0.892090,3.609380,170.485730,-323.806120,60647.699220,1.000000,3.337650,-399.318880
3.754000,0.503720,0.671630,3.342770,170.503890,-323.806790,60596.015630,,3.479920,-399.317410
3.756000,0.180730,0.422970,2.460940,170.522290,-323.806880,60357.664060,,3.418400,-399.315250
3.758000,-0.060240,0.346070,2.132810,170.540210,-323.807010,60776.371090,,3.458130,-399.313390
3.760000,-0.144840,0.279420,4.419430,170.557630,-323.806980,60327.070310,1.000000,3.424800,-399.312650
3.760000,-0.144840,0.279420,4.419430,170.557630,-323.806980,60327.070310,1.000000,3.424800,-399.312650
3.762000,0.034610,0.420410,5.239750,170.573940,-323.806950,60369.257810,,3.453000,-399.313540
3.764000,0.344790,0.820310,5.824220,170.588670,-323.806300,60627.656250,,3.305600,-399.315460
3.766000,0.689580,1.157410,6.572750,170.603260,-323.805510,60313.359380,,3.188960,-399.317720
3.768000,0.930540,1.258670,5.588380,170.619110,-323.805510,60718.363280,1.000000,3.286380,-399.319370
3.770000,0.876710,0.960020,4.204100,170.636960,-323.806090,60583.359380,,3.355590,-399.319310
3.772000,0.522950,0.672910,3.568360,170.655580,-323.806760,60716.257810,,3.490170,-399.317350
3.774000,0.137150,0.417850,2.532710,170.674190,-323.806920,60591.800780,,3.437620,-399.314670
3.776000,-0.164060,0.366580,2.245610,170.692140,-323.807070,60965.156250,1.000000,3.485050,-399.312470
3.778000,-0.242250,0.284550,3.558110,170.709590,-323.806980,60722.578130,,3.414550,-399.311710
3.780000,-0.023070,0.422970,4.132320,170.725920,-323.806950,60670.902340,,3.470950,-399.312710
3.782000,0.275570,0.748540,5.014160,170.740940,-323.806340,60780.585940,,3.314580,-399.314760
3.784000,0.603700,1.033080,5.424320,170.755860,-323.805760,60687.777340,1.000000,3.259460,-399.317020
3.786000,0.821590,1.101010,4.552730,170.771970,-323.805790,61139.179690,,3.319700,-399.318700
3.788000,0.765200,0.824160,3.240230,170.789810,-323.806270,60925.078130,,3.383790,-399.318760
3.790000,0.443480,0.574220,2.932620,170.808300,-323.806760,60879.730470,,3.487610,-399.317080
3.792000,0.126890,0.338380,2.389160,170.826800,-323.806880,60508.476560,1.000000,3.423520,-399.314880
3.794000,-0.097410,0.273010,2.696780,170.844730,-323.806950,60767.933590,,3.476070,-399.313170
3.796000,-0.132020,0.215330,4.204100,170.862080,-323.806920,60278.558590,,3.429930,-399.312740
3.798000,0.102540,0.412720,5.629390,170.878080,-323.806820,60617.113280,,3.458130,-399.313960
3.800000,0.417850,0.808780,6.367680,170.892720,-323.805970,60458.910160,1.000000,3.254330,-399.316040
3.802000,0.765200,1.107420,6.295900,170.907550,-323.805330,60333.398440,,3.228700,-399.318240
3.804000,0.961300,1.081790,5.762700,170.924000,-323.805510,60687.777340,,3.278690,-399.319640
3.806000,0.829280,0.742130,4.111820,170.942260,-323.806210,60544.339840,,3.410710,-399.319120
3.808000,0.453740,0.446040,3.240230,170.961040,-323.806760,60760.550780,1.000000,3.479920,-399.316960
3.810000,0.076900,0.244810,3.424800,170.979490,-323.807010,60558.046880,,3.464540,-399.314240
3.812000,-0.206360,0.243530,2.625000,170.997060,-323.807040,60755.273440,,3.487610,-399.312190
3.814000,-0.228150,0.248660,3.506840,171.013960,-323.806980,60624.496090,,3.432500,-399.311740
3.816000,0.025630,0.502440,4.891110,171.029480,-323.806850,60864.964840,1.000000,3.469670,-399.313080
3.818000,0.344790,0.874150,5.188480,171.043930,-323.806120,60772.152340,,3.279970,-399.315220
3.820000,0.666500,1.183040,4.962890,171.058610,-323.805570,60756.332030,,3.286380,-399.317500
3.822000,0.842100,1.170230,4.604000,171.074860,-323.805760,60913.476560,,3.310730,-399.318940
3.824000,0.719060,0.902340,3.106930,171.092770,-323.806300,60773.203130,1.000000,3.429930,-399.318570
3.826000,0.383240,0.628050,2.460940,171.111330,-323.806730,60938.792970,,3.460690,-399.316710
3.828000,0.083310,0.411440,2.563480,171.129820,-323.806880,60977.812500,,3.454280,-399.314540
3.830000,-0.121770,0.324280,2.983890,171.147830,-323.806950,60714.144530,,3.469670,-399.312990
3.832000,-0.106380,0.285830,4.419430,171.165150,-323.806920,60366.097660,1.000000,3.454280,-399.312840
3.834000,0.158940,0.552430,6.347170,171.180850,-323.806670,60532.738280,,3.428650,-399.314270
3.836000,0.490910,0.944640,6.254880,171.195470,-323.805760,60285.941410,,3.219730,-399.316440
3.838000,0.825440,1.188170,6.070310,171.210600,-323.805270,60604.453130,,3.241520,-399.318600
3.840000,0.965150,1.038210,5.660160,171.227620,-323.805600,60995.746090,1.000000,3.294070,-399.319670
3.842000,0.761350,0.699830,3.916990,171.246170,-323.806340,60515.859380,,3.442750,-399.318790
3.844000,0.383240,0.369140,2.830080,171.265110,-323.806820,60776.371090,,3.469670,-399.316440
3.846000,0.019230,0.201230,2.707030,171.283570,-323.807040,60575.976560,,3.492740,-399.313750
3.848000,-0.228150,0.152530,2.881350,171.301250,-323.807040,60736.292970,1.000000,3.454280,-399.311950
3.850000,-0.193540,0.156370,3.937500,171.318180,-323.806950,60633.984380,,3.459410,-399.311800
3.852000,0.088440,0.431950,5.178220,171.333560,-323.806760,60641.371090,,3.422240,-399.313390
3.854000,0.417850,0.799800,5.311520,171.348070,-323.805940,60401.957030,,3.251770,-399.315610
3.856000,0.722900,1.060000,5.106450,171.363020,-323.805600,60739.460940,1.000000,3.286380,-399.317780
3.858000,0.852360,0.975400,4.296390,171.379670,-323.805880,60697.265630,,3.324830,-399.318910
3.860000,0.658810,0.731870,3.014650,171.397640,-323.806460,60886.062500,,3.442750,-399.318150
3.862000,0.323000,0.479370,2.481450,171.416020,-323.806820,60992.582030,,3.458130,-399.316160
3.864000,0.035890,0.352480,2.430180,171.434080,-323.806950,60670.902340,1.000000,3.472230,-399.314030
3.866000,-0.137150,0.293520,2.973630,171.451640,-323.807010,61701.332030,,3.456850,-399.312680
3.868000,-0.070500,0.334530,5.034670,171.468410,-323.806920,60890.273440,,3.468380,-399.312840
3.870000,0.224300,0.680600,6.101070,171.483540,-323.806520,61026.332030,,3.374820,-399.314510
3.872000,0.561400,1.072810,6.757320,171.498000,-323.805510,60856.527340,1.000000,3.187680,-399.316740
3.874000,0.870300,1.259950,6.213870,171.513370,-323.805270,60864.964840,,3.241520,-399.318790
3.876000,0.951050,1.024110,4.860350,171.530870,-323.805690,60596.015630,,3.296630,-399.319490
3.878000,0.690860,0.671630,3.722170,171.549670,-323.806490,60818.554690,,3.441470,-399.318180
3.880000,0.311460,0.351200,2.830080,171.568680,-323.806880,60766.875000,1.000000,3.469670,-399.315700
3.882000,-0.039730,0.249940,2.296880,171.587020,-323.807160,60564.378910,,3.494020,-399.313110
3.884000,-0.239690,0.193540,3.229980,171.604600,-323.807160,60570.707030,,3.454280,-399.311610
3.886000,-0.143550,0.279420,4.234860,171.621200,-323.807040,60265.902340,,3.459410,-399.311860
3.888000,0.155090,0.624210,5.034670,171.636200,-323.806670,60533.792970,1.000000,3.374820,-399.313630
3.890000,0.487060,0.990780,5.947270,171.650600,-323.805820,60548.558590,,3.237670,-399.315920
3.892000,0.776730,1.203550,5.383300,171.665760,-323.805660,60611.835940,,3.288940,-399.317990
3.894000,0.851070,1.031800,4.019530,171.682830,-323.806000,60570.707030,,3.333800,-399.318820
3.896000,0.607540,0.763920,3.424800,171.701030,-323.806550,61296.332030,1.000000,3.447880,-399.317750
3.898000,0.275570,0.481930,2.696780,171.719620,-323.806850,61002.078130,,3.445310,-399.315610
3.900000,-0.007690,0.356320,2.327640,171.737870,-323.807010,60885.003910,,3.467100,-399.313510
3.902000,-0.153810,0.274290,3.937500,171.755510,-323.807010,60881.835940,,3.455570,-399.312380
3.904000,-0.028200,0.376830,5.075680,171.772090,-323.806950,60618.167970,1.000000,3.447880,-399.312900
3.906000,0.285830,0.762630,5.731930,171.786970,-323.806370,60708.875000,,3.323550,-399.314760
3.908000,0.628050,1.125370,6.408690,171.801510,-323.805480,60693.046880,,3.197940,-399.317020
3.910000,0.907470,1.238160,5.988280,171.817250,-323.805420,61051.640630,,3.260740,-399.318910
3.912000,0.931820,0.954900,4.604000,171.835070,-323.805940,61006.292970,1.000000,3.338930,-399.319310
3.914000,0.629330,0.619080,3.804200,171.853850,-323.806610,60844.925780,,3.461980,-399.317720
3.916000,0.252500,0.347350,2.635250,171.872650,-323.806980,59827.152340,,3.477360,-399.315190
3.918000,-0.091000,0.276860,2.020020,171.890720,-323.807190,60718.363280,,3.488890,-399.312680
3.920000,-0.252500,0.246090,4.040040,171.908070,-323.807040,60457.851560,1.000000,3.459410,-399.311430
3.922000,-0.097410,0.389650,4.275880,171.924320,-323.806950,60410.394530,,3.446590,-399.312010
3.924000,0.215330,0.749820,4.870610,171.939120,-323.806460,60554.886720,,3.341490,-399.313960
3.926000,0.543460,1.080510,5.721680,171.953720,-323.805660,60294.378910,,3.242800,-399.316280
3.928000,0.799800,1.185610,5.198730,171.969480,-323.805690,60586.527340,1.000000,3.287660,-399.318180
3.928000,0.799800,1.185610,5.198730,171.969480,-323.805690,60586.527340,1.000000,3.287660,-399.318180
3.930000,0.816470,0.939510,3.988770,171.987120,-323.806120,60741.566410,,3.372250,-399.318660
3.932000,0.528080,0.649840,3.414550,172.005630,-323.806640,60784.808590,,3.450440,-399.317320
3.934000,0.214050,0.394780,2.522460,172.024310,-323.806950,60559.105470,,3.455570,-399.315220
3.936000,-0.042300,0.284550,2.666020,172.042430,-323.807100,60947.226560,1.000000,3.488890,-399.313260
3.938000,-0.140990,0.242250,4.316890,172.059920,-323.807040,60725.746090,,3.455570,-399.312440
3.940000,0.032040,0.411440,5.444820,172.076070,-323.806920,60639.257810,,3.446590,-399.313320
3.942000,0.365300,0.835690,6.008790,172.090650,-323.806090,60853.363280,,3.282530,-399.315340
3.944000,0.698550,1.159970,6.172850,172.105300,-323.805300,60590.746090,1.000000,3.201780,-399.317570
3.946000,0.929260,1.156130,5.937010,172.121580,-323.805450,60755.273440,,3.265870,-399.319150
3.948000,0.880550,0.810060,4.378420,172.139800,-323.806030,60771.097660,,3.374820,-399.319060
3.950000,0.544740,0.458860,3.281250,172.158770,-323.806640,61158.167970,,3.455570,-399.317260
3.952000,0.174320,0.219180,2.789060,172.177540,-323.807040,60995.746090,1.000000,3.487610,-399.314670
3.954000,-0.135860,0.183290,2.676270,172.195300,-323.807190,60770.042970,,3.492740,-399.312410
3.956000,-0.240970,0.224300,3.640140,172.212220,-323.807040,60416.722660,,3.444030,-399.311460
3.958000,-0.038450,0.469120,4.778320,172.227720,-323.806980,60594.964840,,3.447880,-399.312440
3.960000,0.283260,0.898500,5.332030,172.241940,-323.806240,60705.707030,1.000000,3.315860,-399.314480
3.962000,0.607540,1.230470,5.342290,172.256320,-323.805630,60532.738280,,3.242800,-399.316800
3.964000,0.821590,1.267640,5.239750,172.272140,-323.805790,60820.664060,,3.322270,-399.318450
3.966000,0.772890,1.021550,3.875980,172.289790,-323.806210,60531.679690,,3.388920,-399.318540
3.968000,0.461430,0.724180,3.055660,172.308320,-323.806700,60843.867190,1.000000,3.440190,-399.316990
3.970000,0.153810,0.476810,3.353030,172.326970,-323.806950,60654.023440,,3.468380,-399.314820
3.972000,-0.074340,0.361450,3.178710,172.345090,-323.807040,60673.011720,,3.472230,-399.313050
3.974000,-0.123050,0.323000,4.357910,172.362590,-323.807040,60472.617190,,3.455570,-399.312560
3.976000,0.101260,0.549870,5.947270,172.378570,-323.806820,60735.234380,1.000000,3.429930,-399.313720
3.978000,0.429380,0.956180,6.254880,172.393300,-323.805880,60658.246090,,3.244080,-399.315800
3.980000,0.748540,1.211240,5.926760,172.408400,-323.805390,60574.925780,,3.205630,-399.317960
3.982000,0.929260,1.107420,5.937010,172.425290,-323.805630,60929.300780,,3.299190,-399.319210
3.984000,0.817750,0.758790,4.193850,172.443830,-323.806210,60783.753910,1.000000,3.382510,-399.318790
3.986000,0.476810,0.403750,2.953130,172.462940,-323.806850,60882.894530,,3.468380,-399.316830
3.988000,0.117920,0.207640,2.840330,172.481580,-323.807190,60864.964840,,3.504270,-399.314240
3.990000,-0.167910,0.176880,2.789060,172.499330,-323.807190,60930.355470,,3.468380,-399.312160
3.992000,-0.216610,0.215330,3.773440,172.516170,-323.807070,60777.425780,1.000000,3.445310,-399.311580
3.994000,0.028200,0.490910,5.137210,172.531560,-323.806880,60786.917970,,3.440190,-399.312840
3.996000,0.351200,0.886960,5.219240,172.545880,-323.806060,60366.097660,,3.262020,-399.314970
3.998000,0.666500,1.145870,5.137210,172.560670,-323.805660,60686.722660,,3.249210,-399.317200
4.000000,0.833130,1.080510,5.096190,172.577190,-323.805880,60940.902340,1.000000,3.336360,-399.318570
4.002000,0.719060,0.803650,3.547850,172.595180,-323.806370,60555.941410,,3.385070,-399.318270
4.004000,0.406310,0.522950,2.686520,172.613770,-323.806850,60661.410160,,3.463260,-399.316530
4.006000,0.105100,0.348630,2.850590,172.632140,-323.807100,60575.976560,,3.488890,-399.314360
4.008000,-0.103820,0.297360,3.660640,172.649830,-323.807130,60632.933590,1.000000,3.465820,-399.312740
4.010000,-0.096130,0.357600,5.003910,172.666560,-323.807100,60497.933590,,3.467100,-399.312560
4.012000,0.166630,0.720340,6.265140,172.681610,-323.806640,60473.671880,,3.401730,-399.314000
4.014000,0.493470,1.151000,6.306150,172.695830,-323.805660,60495.820310,,3.199220,-399.316160
4.016000,0.810060,1.366330,6.101070,172.710910,-323.805330,60565.433590,1.000000,3.223570,-399.318240
4.018000,0.927980,1.176640,5.434570,172.728100,-323.805660,60466.292970,,3.294070,-399.319210
4.020000,0.752380,0.799800,4.050290,172.746810,-323.806340,60641.371090,,3.391480,-399.318390
4.022000,0.408870,0.437070,2.891600,172.765980,-323.806880,60997.851560,,3.481200,-399.316220
4.024000,0.061520,0.275570,2.317380,172.784560,-323.807310,60728.910160,1.000000,3.510680,-399.313690
4.026000,-0.196110,0.230710,2.850590,172.802310,-323.807190,61455.585940,,3.463260,-399.311830
4.028000,-0.184570,0.299930,3.968260,172.819020,-323.807130,60860.746090,,3.459410,-399.311610
4.030000,0.089720,0.616520,4.942380,172.834200,-323.806760,60829.105470,,3.415830,-399.313110
4.032000,0.412720,0.990780,5.598630,172.848590,-323.805970,60985.195310,1.000000,3.241520,-399.315370
4.034000,0.713930,1.200990,5.291020,172.863690,-323.805660,60798.519530,,3.291500,-399.317540
4.036000,0.839540,1.061280,4.398930,172.880630,-323.805940,60600.238280,,3.329960,-399.318660
4.038000,0.672910,0.743410,3.435060,172.898940,-323.806490,60739.460940,,3.409420,-399.318020
4.040000,0.356320,0.439640,2.850590,172.917760,-323.806820,60823.828130,1.000000,3.470950,-399.316130
4.042000,0.066650,0.258910,2.655760,172.936260,-323.807130,60395.628910,,3.482480,-399.313960
4.044000,-0.123050,0.188420,4.040040,172.954090,-323.807070,60515.859380,,3.465820,-399.312560
4.046000,-0.061520,0.287110,5.270510,172.970730,-323.807040,60243.753910,,3.477360,-399.312680
4.048000,0.225590,0.667790,6.029300,172.985700,-323.806430,60480.000000,1.000000,3.341490,-399.314330
4.050000,0.561400,1.077940,6.952150,173.000000,-323.805570,60543.281250,,3.206910,-399.316560
4.052000,0.851070,1.230470,6.500980,173.015440,-323.805390,60477.894530,,3.258180,-399.318510
4.054000,0.929260,0.995910,5.157710,173.032870,-323.805850,60679.339840,,3.313290,-399.319210
4.056000,0.706240,0.648560,4.388670,173.051540,-323.806490,60901.875000,1.000000,3.433780,-399.318120
4.058000,0.353760,0.356320,2.901860,173.070370,-323.807010,60787.972660,,3.504270,-399.315800
4.060000,0.010250,0.266600,2.204590,173.088440,-323.807280,60793.242190,,3.514530,-399.313230
4.062000,-0.216610,0.284550,3.619630,173.105650,-323.807100,61006.292970,,3.456850,-399.311580
4.064000,-0.148680,0.433230,4.265630,173.121750,-323.807040,60629.769530,1.000000,3.491460,-399.311710
4.066000,0.143550,0.801090,4.706540,173.136460,-323.806490,60743.671880,,3.356870,-399.313450
4.068000,0.478090,1.183040,5.485840,173.150760,-323.805790,60618.167970,,3.249210,-399.315730
4.070000,0.749820,1.311220,5.116700,173.166230,-323.805600,60753.167970,,3.292790,-399.317780
4.072000,0.821590,1.108700,4.050290,173.183550,-323.806030,60987.308590,1.000000,3.344060,-399.318600
4.074000,0.602420,0.784420,3.455570,173.202090,-323.806490,60760.550780,,3.428650,-399.317690
4.076000,0.292240,0.505000,2.676270,173.220920,-323.806920,59866.171880,,3.482480,-399.315700
4.078000,0.025630,0.361450,2.583980,173.239240,-323.807190,60613.949220,,3.501710,-399.313690
4.080000,-0.121770,0.331970,4.757810,173.256840,-323.807160,60382.972660,1.000000,3.479920,-399.312530
4.082000,-0.010250,0.501160,5.598630,173.273060,-323.806980,60400.902340,,3.482480,-399.313020
4.084000,0.302490,0.915160,6.101070,173.287730,-323.806210,60583.359380,,3.299190,-399.314850
4.086000,0.637020,1.283020,6.583010,173.302230,-323.805390,60250.078130,,3.222290,-399.317080
4.088000,0.884400,1.289430,6.562500,173.318340,-323.805360,60525.351560,1.000000,3.250490,-399.318790
4.090000,0.898500,0.963870,5.208980,173.336430,-323.805910,60721.527340,,3.342770,-399.319060
4.092000,0.628050,0.547300,3.978520,173.355610,-323.806490,60726.800780,,3.438900,-399.317660
4.094000,0.278140,0.243530,2.881350,173.374710,-323.807100,60685.664060,,3.523500,-399.315250
4.094000,0.278140,0.243530,2.881350,173.374710,-323.807100,60685.664060,,3.523500,-399.315250
4.096000,-0.044860,0.155090,2.594240,173.392930,-323.807190,60777.425780,1.000000,3.510680,-399.312840
4.096000,-0.044860,0.155090,2.594240,173.392930,-323.807190,60777.425780,1.000000,3.510680,-399.312840
4.098000,-0.223020,0.169190,3.732420,173.410100,-323.807130,60640.316410,,3.465820,-399.311490
4.100000,-0.089720,0.393490,3.968260,173.425900,-323.806950,60588.632810,,3.483760,-399.312010
4.102000,0.217900,0.799800,5.096190,173.440320,-323.806340,60913.476560,,3.326110,-399.313930
4.104000,0.552430,1.162540,5.280760,173.454620,-323.805660,60678.281250,1.000000,3.272280,-399.316220
4.106000,0.792110,1.212520,5.260250,173.470350,-323.805660,60687.777340,,3.305600,-399.318080
4.108000,0.803650,1.007450,3.978520,173.487790,-323.806090,60694.105470,,3.374820,-399.318510
4.110000,0.542180,0.687010,2.983890,173.506360,-323.806490,60992.582030,,3.433780,-399.317260
4.112000,0.233280,0.437070,2.635250,173.525010,-323.806980,60970.429690,1.000000,3.500430,-399.315190
4.114000,-0.021790,0.328130,3.209470,173.543120,-323.807100,60814.339840,,3.491460,-399.313260
4.116000,-0.120480,0.328130,4.337400,173.560380,-323.807130,60384.023440,,3.500430,-399.312410
4.118000,0.041020,0.576780,5.947270,173.576170,-323.806820,60538.007810,,3.442750,-399.313230
4.120000,0.367860,1.006160,6.275390,173.590650,-323.805970,60683.558590,1.000000,3.271000,-399.315190
4.122000,0.692140,1.317630,6.090820,173.605380,-323.805360,60472.617190,,3.219730,-399.317380
4.124000,0.904910,1.238160,6.511230,173.621930,-323.805510,60805.902340,,3.274840,-399.318850
4.126000,0.858760,0.902340,4.942380,173.640300,-323.806060,60556.996090,,3.363280,-399.318820
4.128000,0.563960,0.485780,3.609380,173.659580,-323.806610,60574.925780,1.000000,3.442750,-399.317140
4.130000,0.211490,0.247380,3.568360,173.678510,-323.807250,60830.160160,,3.551700,-399.314700
4.132000,-0.099980,0.175600,3.065920,173.696550,-323.807220,60605.511720,,3.476070,-399.312380
4.134000,-0.220460,0.233280,3.834960,173.713460,-323.807160,60538.007810,,3.494020,-399.311370
4.136000,-0.038450,0.501160,5.106450,173.728960,-323.806880,60624.496090,1.000000,3.437620,-399.312260
4.138000,0.287110,0.907470,5.311520,173.743300,-323.806210,60650.867190,,3.292790,-399.314300
4.140000,0.611390,1.198430,5.126950,173.757890,-323.805660,60616.054690,,3.263310,-399.316590
4.142000,0.821590,1.167660,5.301270,173.774110,-323.805790,61010.511720,,3.305600,-399.318210
4.144000,0.776730,0.910030,3.958010,173.791930,-323.806240,60782.699220,1.000000,3.383790,-399.318330
4.146000,0.485780,0.569090,2.891600,173.810670,-323.806670,60822.777340,,3.432500,-399.316830
4.148000,0.184570,0.360170,2.819820,173.829250,-323.807160,60979.925780,,3.519650,-399.314730
4.150000,-0.057680,0.261470,3.568360,173.847240,-323.807220,60941.957030,,3.477360,-399.312840
4.152000,-0.111510,0.329410,4.716800,173.864090,-323.807190,61014.730470,1.000000,3.508120,-399.312290
4.154000,0.101260,0.653690,6.111330,173.879320,-323.806730,60784.808590,,3.388920,-399.313450
4.156000,0.440920,1.116390,6.336910,173.893480,-323.805820,60574.925780,,3.244080,-399.315550
4.158000,0.749820,1.361210,6.121580,173.908330,-323.805330,60527.468750,,3.219730,-399.317660
4.160000,0.921570,1.212520,6.183110,173.925230,-323.805630,60886.062500,1.000000,3.278690,-399.318880
4.162000,0.820310,0.862610,4.614260,173.943790,-323.806180,60497.933590,,3.367130,-399.318510
4.164000,0.503720,0.449890,3.281250,173.963040,-323.806790,60824.886720,,3.468380,-399.316590
4.166000,0.152530,0.269170,3.024900,173.981830,-323.807340,60593.910160,,3.551700,-399.314090
4.168000,-0.139710,0.201230,3.383790,173.999710,-323.807280,60566.488280,1.000000,3.464540,-399.311920
4.170000,-0.212770,0.312740,4.163090,174.016420,-323.807160,60717.308590,,3.504270,-399.311220
4.172000,0.006410,0.607540,5.219240,174.031710,-323.806790,60635.039060,,3.387630,-399.312410
4.174000,0.348630,1.018980,5.444820,174.046020,-323.806120,60556.996090,,3.294070,-399.314610
4.176000,0.654970,1.247130,5.434570,174.060940,-323.805630,60626.601560,1.000000,3.262020,-399.316860
4.178000,0.835690,1.156130,4.962890,174.077610,-323.805940,60623.441410,,3.315860,-399.318270
4.180000,0.738280,0.848510,3.845210,174.095780,-323.806340,60811.171880,,3.394040,-399.318080
4.182000,0.434510,0.524230,2.860840,174.114620,-323.806790,61158.167970,,3.449160,-399.316440
4.184000,0.138430,0.337100,2.542970,174.133220,-323.807190,60650.867190,1.000000,3.518370,-399.314300
4.186000,-0.080750,0.252500,3.650390,174.151090,-323.807220,60882.894530,,3.477360,-399.312620
4.188000,-0.082030,0.376830,5.126950,174.167760,-323.807160,60629.769530,,3.502990,-399.312350
4.190000,0.164060,0.733150,5.998540,174.182770,-323.806520,60706.761720,,3.335080,-399.313750
4.192000,0.505000,1.172790,6.531740,174.196990,-323.805690,60893.441410,1.000000,3.245360,-399.315890
4.194000,0.792110,1.327880,6.183110,174.212310,-323.805390,60838.593750,,3.224850,-399.317930
4.196000,0.919010,1.111270,5.547360,174.229630,-323.805790,60764.769530,,3.306880,-399.318880
4.198000,0.765200,0.733150,4.562990,174.248350,-323.806300,60727.851560,,3.387630,-399.318180
4.200000,0.438350,0.392210,3.188960,174.267460,-323.806980,60830.160160,1.000000,3.504270,-399.316160
4.202000,0.098690,0.266600,2.625000,174.285810,-323.807400,60766.875000,,3.538880,-399.313690
4.204000,-0.166630,0.280700,3.701660,174.303100,-323.807250,60750.003910,,3.479920,-399.311740
4.206000,-0.178160,0.481930,4.501460,174.319170,-323.807100,61020.003910,,3.491460,-399.311370
4.208000,0.076900,0.826720,5.055180,174.333890,-323.806700,60585.476560,1.000000,3.360720,-399.312840
4.210000,0.416560,1.249690,5.783200,174.348010,-323.805940,60674.062500,,3.304320,-399.315060
4.212000,0.698550,1.375310,5.393550,174.363270,-323.805660,60485.273440,,3.244080,-399.317230
4.214000,0.828000,1.231750,4.337400,174.380260,-323.806060,60684.609380,,3.363280,-399.318360
4.216000,0.670350,0.884400,3.968260,174.398740,-323.806370,60757.386720,1.000000,3.387630,-399.317810
4.218000,0.369140,0.551150,2.932620,174.417790,-323.806880,60843.867190,,3.481200,-399.316040
4.220000,0.082030,0.346070,2.768550,174.436480,-323.807280,60705.707030,,3.523500,-399.313960
4.222000,-0.098690,0.289670,4.439940,174.454280,-323.807310,60926.136720,,3.506840,-399.312530
4.224000,-0.044860,0.472960,5.506350,174.470660,-323.807130,60638.207030,1.000000,3.481200,-399.312620
4.226000,0.234560,0.858760,5.916500,174.485520,-323.806340,60656.136720,,3.319700,-399.314270
4.228000,0.570370,1.249690,6.603520,174.500030,-323.805510,60726.800780,,3.247920,-399.316470
4.230000,0.836980,1.258670,6.131840,174.516070,-323.805420,60540.121090,,3.229980,-399.318360
4.232000,0.910030,0.967710,5.455080,174.534030,-323.805880,60969.378910,1.000000,3.353030,-399.318970
4.234000,0.704960,0.528080,4.327150,174.553270,-323.806340,60878.679690,,3.392760,-399.317960
4.236000,0.378110,0.188420,2.942870,174.572600,-323.807130,60931.410160,,3.547850,-399.315830
4.238000,0.046140,0.061520,2.491700,174.591000,-323.807400,60574.925780,,3.537600,-399.313320
4.240000,-0.193540,0.119200,4.050290,174.608170,-323.807190,60584.417970,1.000000,3.496580,-399.311610
4.242000,-0.142270,0.367860,4.573240,174.623860,-323.807070,60504.265630,,3.474790,-399.311650
4.244000,0.149960,0.775450,5.055180,174.638180,-323.806490,60771.097660,,3.376100,-399.313350
4.246000,0.480650,1.181760,5.588380,174.652240,-323.805760,60578.089840,,3.281250,-399.315640
4.248000,0.747250,1.240720,5.557620,174.667680,-323.805660,60608.671880,1.000000,3.278690,-399.317660
4.250000,0.816470,1.080510,4.614260,174.684780,-323.806030,60735.234380,,3.397890,-399.318480
4.252000,0.613950,0.740840,3.599120,174.703250,-323.806370,60718.363280,,3.382510,-399.317600
4.254000,0.315310,0.480650,2.840330,174.721970,-323.806980,60713.089840,,3.531190,-399.315700
4.256000,0.043580,0.335820,3.312010,174.740220,-323.807220,60658.246090,1.000000,3.519650,-399.313660
4.256000,0.043580,0.335820,3.312010,174.740220,-323.807220,60658.246090,1.000000,3.519650,-399.313660
4.258000,-0.116640,0.365300,4.562990,174.757450,-323.807220,60566.488280,,3.527340,-399.312440
4.260000,-0.014100,0.637020,5.742190,174.773130,-323.806950,60531.679690,,3.459410,-399.312870
4.262000,0.292240,1.081790,6.213870,174.787510,-323.806060,60767.933590,,3.303040,-399.314670
4.264000,0.620360,1.436830,6.152340,174.801970,-323.805450,60659.300780,1.000000,3.229980,-399.316860
4.266000,0.869020,1.377870,6.480470,174.818270,-323.805510,60714.144530,,3.271000,-399.318570
4.268000,0.884400,1.077940,5.291020,174.836360,-323.805940,60845.980470,,3.354310,-399.318940
4.270000,0.651120,0.612670,3.845210,174.855710,-323.806490,60740.511720,,3.406860,-399.317630
4.272000,0.317870,0.334530,3.004390,174.874890,-323.807280,61065.355470,1.000000,3.592710,-399.315340
4.274000,-0.007690,0.214050,2.922360,174.893200,-323.807370,60881.835940,,3.509400,-399.312900
4.276000,-0.211490,0.296080,3.711910,174.910260,-323.807190,60631.875000,,3.506840,-399.311460
4.278000,-0.099980,0.533200,4.850100,174.925920,-323.807010,60394.574220,,3.463260,-399.311860
4.280000,0.208920,0.920290,5.280760,174.940460,-323.806270,60669.843750,1.000000,3.344060,-399.313720
4.282000,0.540890,1.212520,5.291020,174.955060,-323.805730,60409.339840,,3.253050,-399.316070
4.284000,0.788270,1.179200,5.639650,174.971220,-323.805760,60861.796880,,3.326110,-399.317900
4.286000,0.798520,0.949770,4.511720,174.988970,-323.806120,60615.003910,,3.373540,-399.318390
4.288000,0.561400,0.558840,3.353030,175.007870,-323.806550,60627.656250,1.000000,3.405580,-399.317260
4.290000,0.265320,0.329410,3.383790,175.026700,-323.807130,60822.777340,,3.563230,-399.315250
4.292000,0.008970,0.199950,3.906740,175.044880,-323.807310,60333.398440,,3.501710,-399.313260
4.294000,-0.112790,0.292240,4.870610,175.061840,-323.807310,60527.468750,,3.533750,-399.312290
4.296000,0.035890,0.611390,6.336910,175.077150,-323.806760,60410.394530,1.000000,3.422240,-399.313050
4.298000,0.366580,1.063840,6.449710,175.091370,-323.805880,60511.644530,,3.263310,-399.315000
4.300000,0.681880,1.334290,6.080570,175.106120,-323.805390,60437.812500,,3.226140,-399.317170
4.302000,0.892090,1.186890,6.377930,175.122890,-323.805510,60617.113280,,3.281250,-399.318630
4.304000,0.852360,0.858760,5.198730,175.141300,-323.806030,60701.488280,1.000000,3.344060,-399.318630
4.306000,0.584470,0.414000,3.558110,175.160640,-323.806610,60858.632810,,3.454280,-399.317080
4.308000,0.248660,0.216610,3.188960,175.179490,-323.807400,60839.648440,,3.592710,-399.314730
4.310000,-0.060240,0.149960,3.312010,175.197310,-323.807310,60795.355470,,3.497860,-399.312380
4.312000,-0.207640,0.324280,3.814450,175.213760,-323.807250,60972.542970,1.000000,3.509400,-399.311250
4.314000,-0.047420,0.634460,4.973140,175.228820,-323.806820,60869.179690,,3.438900,-399.312010
4.316000,0.276860,1.063840,5.291020,175.242940,-323.806180,60666.679690,,3.313290,-399.314090
4.318000,0.601140,1.327880,5.291020,175.257550,-323.805660,60662.460940,,3.265870,-399.316380
4.320000,0.807500,1.261230,5.239750,175.273880,-323.805760,60699.378910,1.000000,3.329960,-399.317990
4.322000,0.766480,0.984380,4.122070,175.291850,-323.806210,60543.281250,,3.365840,-399.318180
4.324000,0.502440,0.601140,2.891600,175.310820,-323.806610,60793.242190,,3.447880,-399.316770
4.326000,0.205080,0.381960,3.086430,175.329650,-323.807220,60504.265630,,3.556820,-399.314730
4.328000,-0.025630,0.261470,4.265630,175.347780,-323.807310,60453.636720,1.000000,3.504270,-399.312900
4.330000,-0.093570,0.393490,5.167970,175.364530,-323.807310,60603.402340,,3.546570,-399.312260
4.332000,0.098690,0.747250,6.142090,175.379650,-323.806580,60385.078130,,3.365840,-399.313320
4.334000,0.437070,1.192020,6.624020,175.393880,-323.805790,60516.917970,,3.267150,-399.315400
4.336000,0.738280,1.366330,6.521480,175.409060,-323.805420,60346.054690,1.000000,3.240230,-399.317500
4.338000,0.913880,1.162540,6.101070,175.426250,-323.805690,60631.875000,,3.305600,-399.318730
4.340000,0.816470,0.772890,5.106450,175.444980,-323.806120,60508.476560,,3.360720,-399.318390
4.342000,0.531920,0.344790,3.588870,175.464430,-323.806790,60909.257810,,3.495300,-399.316650
4.344000,0.187130,0.146120,2.860840,175.483250,-323.807460,60814.339840,1.000000,3.590150,-399.314240
4.346000,-0.111510,0.112790,3.404300,175.500990,-323.807280,60877.621090,,3.483760,-399.312010
4.348000,-0.197390,0.312740,4.388670,175.517180,-323.807190,60893.441410,,3.529910,-399.311220
4.350000,0.001280,0.651120,4.921880,175.532040,-323.806640,60581.250000,,3.385070,-399.312290
4.352000,0.344790,1.106140,5.424320,175.546050,-323.806060,61025.273440,1.000000,3.312010,-399.314480
4.354000,0.648560,1.293270,5.280760,175.560970,-323.805630,60859.691410,,3.267150,-399.316710
4.356000,0.821590,1.200990,4.634770,175.577580,-323.805940,60959.886720,,3.349180,-399.318120
4.358000,0.724180,0.897220,3.978520,175.595730,-323.806270,60710.980470,,3.377380,-399.317960
4.360000,0.443480,0.552430,3.045410,175.614700,-323.806760,60882.894530,1.000000,3.478640,-399.316380
4.362000,0.148680,0.352480,2.860840,175.633330,-323.807310,60585.476560,,3.560670,-399.314330
4.364000,-0.069210,0.297360,4.491210,175.651140,-323.807370,60688.832030,,3.527340,-399.312650
4.366000,-0.070500,0.510130,5.660160,175.667420,-323.807190,60544.339840,,3.536320,-399.312350
4.368000,0.162780,0.889530,6.265140,175.682280,-323.806370,60399.843750,1.000000,3.326110,-399.313720
4.370000,0.505000,1.321470,6.972660,175.696590,-323.805660,60528.519530,,3.282530,-399.315890
4.372000,0.779300,1.377870,6.695800,175.712340,-323.805330,60233.207030,,3.229980,-399.317840
4.374000,0.919010,1.134340,5.896000,175.729970,-323.805730,60570.707030,,3.332520,-399.318820
4.376000,0.771610,0.680600,5.147460,175.749130,-323.806150,60273.281250,1.000000,3.374820,-399.318210
4.378000,0.472960,0.287110,3.547850,175.768710,-323.806950,60812.230470,,3.531190,-399.316280
4.380000,0.128170,0.117920,2.717290,175.787450,-323.807430,60547.503910,,3.576050,-399.313810
4.382000,-0.152530,0.143550,3.978520,175.804900,-323.807280,61002.078130,,3.501710,-399.311740
4.384000,-0.184570,0.408870,4.696290,175.820660,-323.807130,60782.699220,1.000000,3.528630,-399.311310
4.386000,0.061520,0.793400,5.014160,175.835140,-323.806520,60717.308590,,3.356870,-399.312710
4.388000,0.421690,1.227910,5.588380,175.849120,-323.805940,60758.437500,,3.324830,-399.315000
4.390000,0.702390,1.326600,5.342290,175.864320,-323.805570,60552.777340,,3.268430,-399.317140
4.392000,0.830570,1.194580,4.573240,175.881200,-323.805970,61004.183590,1.000000,3.369690,-399.318240
4.394000,0.678040,0.842100,3.742680,175.899580,-323.806270,61017.894530,,3.385070,-399.317750
4.396000,0.388370,0.529360,2.542970,175.918520,-323.806880,60912.421880,,3.509400,-399.316040
4.398000,0.103820,0.340940,2.983890,175.937070,-323.807310,60591.800780,,3.547850,-399.313960
4.400000,-0.089720,0.325560,4.798830,175.954610,-323.807370,60598.128910,1.000000,3.550420,-399.312440
4.402000,-0.042300,0.588320,5.865230,175.970540,-323.807070,60497.933590,,3.500430,-399.312470
4.404000,0.226870,0.988220,6.285640,175.985170,-323.806210,60706.761720,,3.306880,-399.314090
4.406000,0.571660,1.363770,6.613770,175.999630,-323.805600,60649.804690,,3.274840,-399.316280
4.408000,0.826720,1.315060,6.808590,176.015780,-323.805450,60535.902340,1.000000,3.247920,-399.318120
4.408000,0.826720,1.315060,6.808590,176.015780,-323.805450,60535.902340,1.000000,3.247920,-399.318120
4.410000,0.901060,1.057430,5.998540,176.033690,-323.805880,60777.425780,,3.351750,-399.318760
4.412000,0.712650,0.579350,4.419430,176.053020,-323.806300,60481.054690,,3.386350,-399.317810
4.414000,0.402470,0.239690,3.383790,176.072420,-323.807190,60708.875000,,3.586300,-399.315730
4.416000,0.071780,0.089720,3.137700,176.090960,-323.807430,60696.214840,1.000000,3.545290,-399.313260
4.418000,-0.174320,0.148680,3.845210,176.108120,-323.807280,60707.812500,,3.517090,-399.311490
4.420000,-0.142270,0.438350,4.624510,176.123750,-323.807010,60498.988280,,3.499150,-399.311430
4.422000,0.134580,0.807500,5.239750,176.138260,-323.806400,60778.476560,,3.337650,-399.313080
4.424000,0.490910,1.172790,5.393550,176.152560,-323.805820,60728.910160,1.000000,3.313290,-399.315400
4.426000,0.747250,1.179200,5.588380,176.168370,-323.805660,60770.042970,,3.279970,-399.317410
4.428000,0.828000,1.003600,4.686040,176.185730,-323.806120,60940.902340,,3.387630,-399.318270
4.430000,0.630620,0.616520,3.363280,176.204450,-323.806370,60722.578130,,3.390200,-399.317410
4.432000,0.333250,0.352480,2.860840,176.223340,-323.807070,61033.714840,1.000000,3.551700,-399.315550
4.434000,0.060240,0.196110,3.476070,176.241700,-323.807370,60814.339840,,3.542720,-399.313540
4.436000,-0.099980,0.256350,4.429690,176.258820,-323.807400,60611.835940,,3.555540,-399.312260
4.438000,-0.006410,0.571660,5.978030,176.274280,-323.806880,60520.078130,,3.451720,-399.312620
4.440000,0.299930,1.012570,6.388180,176.288570,-323.806060,60688.832030,1.000000,3.292790,-399.314420
4.442000,0.630620,1.341980,6.090820,176.303070,-323.805450,60393.519530,,3.262020,-399.316590
4.444000,0.862610,1.242000,6.665040,176.319500,-323.805510,60693.046880,,3.256900,-399.318270
4.446000,0.880550,0.944640,5.824220,176.337650,-323.805970,60756.332030,,3.356870,-399.318600
4.448000,0.656250,0.475520,4.163090,176.357010,-323.806460,60592.859380,1.000000,3.417110,-399.317350
4.450000,0.334530,0.216610,4.173340,176.376130,-323.807340,60734.183590,,3.611940,-399.315190
4.452000,0.023070,0.111510,3.517090,176.394260,-323.807430,59692.152340,,3.526060,-399.312770
4.454000,-0.189700,0.280700,3.999020,176.410780,-323.807250,60736.292970,,3.542720,-399.311280
4.456000,-0.097410,0.610110,5.096190,176.425860,-323.806880,60543.281250,1.000000,3.446590,-399.311580
4.458000,0.205080,1.042050,5.414060,176.439930,-323.806340,60740.511720,,3.359440,-399.313420
4.460000,0.539610,1.370180,5.157710,176.454220,-323.805660,60523.242190,,3.294070,-399.315770
4.462000,0.779300,1.340700,5.362790,176.470180,-323.805730,60816.445310,,3.303040,-399.317630
4.464000,0.799800,1.118960,4.532230,176.487790,-323.806120,60911.371090,1.000000,3.397890,-399.318150
4.466000,0.569090,0.692140,3.147950,176.506770,-323.806460,60879.730470,,3.409420,-399.317050
4.468000,0.274290,0.407590,2.850590,176.525910,-323.807160,60722.578130,,3.576050,-399.315120
4.470000,0.026920,0.216610,3.927250,176.544490,-323.807370,60607.621090,,3.536320,-399.313170
4.472000,-0.094850,0.311460,4.665530,176.561660,-323.807310,60928.242190,1.000000,3.564510,-399.312190
4.474000,0.042300,0.624210,5.967770,176.577190,-323.806700,60696.214840,,3.396610,-399.312930
4.476000,0.365300,1.057430,6.347170,176.591640,-323.805940,60736.292970,,3.315860,-399.314880
4.478000,0.679320,1.298400,6.316410,176.606670,-323.805420,60677.226560,,3.253050,-399.317020
4.480000,0.892090,1.145870,6.388180,176.623580,-323.805600,60750.003910,1.000000,3.292790,-399.318510
4.482000,0.851070,0.795960,5.588380,176.642040,-323.806000,60558.046880,,3.377380,-399.318510
4.484000,0.604980,0.340940,3.916990,176.661530,-323.806610,60844.925780,,3.456850,-399.317050
4.486000,0.276860,0.115360,3.476070,176.680540,-323.807460,60836.488280,,3.629880,-399.314790
4.488000,-0.028200,0.051270,3.834960,176.698440,-323.807310,60596.015630,1.000000,3.510680,-399.312440
4.490000,-0.194820,0.274290,4.286130,176.714680,-323.807160,60581.250000,,3.549130,-399.311220
4.492000,-0.055110,0.612670,5.014160,176.729550,-323.806760,60438.875000,,3.411990,-399.311890
4.494000,0.276860,1.065120,5.557620,176.743530,-323.806120,60536.957030,,3.368410,-399.313960
4.496000,0.592160,1.308650,5.649900,176.758150,-323.805600,60340.781250,1.000000,3.267150,-399.316280
4.498000,0.810060,1.229190,4.891110,176.774480,-323.805820,60671.953130,,3.345340,-399.317930
4.500000,0.760070,0.967710,4.388670,176.792390,-323.806150,60687.777340,,3.397890,-399.318080
4.502000,0.506290,0.592160,3.281250,176.811370,-323.806580,60977.812500,,3.438900,-399.316740
4.504000,0.216610,0.372990,3.045410,176.830150,-323.807250,60833.324220,1.000000,3.599120,-399.314790
4.506000,-0.008970,0.280700,3.937500,176.848110,-323.807400,60771.097660,,3.544010,-399.312960
4.508000,-0.082030,0.483220,5.373050,176.864550,-323.807280,60804.847660,,3.559390,-399.312290
4.510000,0.102540,0.853640,5.988280,176.879460,-323.806490,60465.234380,,3.373540,-399.313320
4.512000,0.443480,1.302250,6.531740,176.893690,-323.805690,60734.183590,1.000000,3.314580,-399.315400
4.514000,0.734440,1.440670,6.439450,176.909030,-323.805390,60671.953130,,3.235110,-399.317500
4.516000,0.911320,1.212520,5.834470,176.926380,-323.805660,60973.597660,,3.333800,-399.318700
4.518000,0.803650,0.792110,5.137210,176.945280,-323.806000,60983.089840,,3.368410,-399.318360
4.520000,0.537050,0.342220,3.691410,176.964980,-323.806760,60896.601560,1.000000,3.499150,-399.316650
4.522000,0.202510,0.117920,2.819820,176.984040,-323.807430,60608.671880,,3.620910,-399.314300
4.524000,-0.085880,0.089720,3.804200,177.001800,-323.807280,60678.281250,,3.514530,-399.312100
4.526000,-0.184570,0.338380,4.798830,177.017870,-323.807160,60675.121090,,3.535030,-399.311280
4.528000,0.006410,0.679320,5.106450,177.032610,-323.806610,60426.214840,1.000000,3.409420,-399.312320
4.530000,0.352480,1.112550,5.598630,177.046690,-323.805940,60581.250000,,3.353030,-399.314510
4.532000,0.653690,1.256100,5.721680,177.061710,-323.805600,60245.859380,,3.265870,-399.316710
4.534000,0.828000,1.135620,4.901370,177.078450,-323.805850,60721.527340,,3.390200,-399.318120
4.536000,0.725460,0.798520,4.634770,177.096760,-323.806150,60468.402340,1.000000,3.376100,-399.317960
4.538000,0.457580,0.414000,3.404300,177.115940,-323.806670,60855.476560,,3.487610,-399.316440
4.540000,0.166630,0.198670,3.004390,177.134740,-323.807250,60594.964840,,3.586300,-399.314360
4.542000,-0.048710,0.147400,4.583500,177.152570,-323.807310,60885.003910,,3.547850,-399.312650
4.544000,-0.066650,0.399900,5.803710,177.168690,-323.807160,60705.707030,1.000000,3.527340,-399.312290
4.546000,0.166630,0.799800,6.142090,177.183350,-323.806270,60638.207030,,3.354310,-399.313630
4.548000,0.505000,1.236880,6.572750,177.197570,-323.805630,60781.640630,,3.292790,-399.315770
4.550000,0.779300,1.291990,6.449710,177.213170,-323.805450,60446.257810,,3.259460,-399.317720
4.552000,0.903630,1.088200,5.937010,177.230560,-323.805760,60983.089840,1.000000,3.360720,-399.318660
4.554000,0.756230,0.678040,4.921880,177.249470,-323.806150,60722.578130,,3.365840,-399.318050
4.556000,0.480650,0.299930,3.076170,177.268810,-323.806980,60991.527340,,3.559390,-399.316190
4.558000,0.144840,0.132020,2.901860,177.287380,-323.807460,60805.902340,,3.591430,-399.313810
4.560000,-0.123050,0.175600,3.968260,177.304670,-323.807220,60796.406250,1.000000,3.517090,-399.311800
4.562000,-0.158940,0.463990,4.747560,177.320340,-323.807070,60415.664060,,3.517090,-399.311310
4.564000,0.071780,0.830570,5.106450,177.334900,-323.806430,60734.183590,,3.387630,-399.312620
4.566000,0.419130,1.231750,5.414060,177.349120,-323.805910,60639.257810,,3.313290,-399.314910
4.568000,0.697270,1.288150,5.701170,177.364620,-323.805660,60534.847660,1.000000,3.288940,-399.316990
4.568000,0.697270,1.288150,5.701170,177.364620,-323.805660,60534.847660,1.000000,3.288940,-399.316990
4.570000,0.820310,1.140750,4.891110,177.381740,-323.805970,60612.894530,,3.391480,-399.318080
4.572000,0.671630,0.776730,3.875980,177.400340,-323.806340,60493.714840,,3.365840,-399.317570
4.574000,0.398620,0.449890,3.322270,177.419430,-323.806880,60685.664060,,3.541440,-399.315890
4.576000,0.117920,0.253780,3.773440,177.438100,-323.807400,60649.804690,1.000000,3.572200,-399.313900
4.578000,-0.069210,0.267880,4.542480,177.455600,-323.807430,60588.632810,,3.559390,-399.312410
4.580000,-0.026920,0.569090,5.885740,177.471280,-323.807040,60404.062500,,3.506840,-399.312440
4.582000,0.238400,0.995910,6.500980,177.485750,-323.806060,60685.664060,,3.308170,-399.313960
4.584000,0.576780,1.363770,6.470210,177.500150,-323.805540,60563.324220,1.000000,3.268430,-399.316160
4.586000,0.831850,1.311220,6.470210,177.516300,-323.805450,60436.761720,,3.269710,-399.317960
4.588000,0.901060,1.035640,5.967770,177.534240,-323.805850,61018.949220,,3.344060,-399.318600
4.590000,0.711360,0.548580,4.275880,177.553600,-323.806300,60778.476560,,3.382510,-399.317630
4.592000,0.417850,0.197390,3.312010,177.573060,-323.807190,60961.996090,1.000000,3.595280,-399.315610
4.594000,0.091000,0.043580,3.147950,177.591600,-323.807500,60871.292970,,3.565800,-399.313200
4.596000,-0.156370,0.124330,3.660640,177.608670,-323.807310,60842.816410,,3.524780,-399.311400
4.598000,-0.133300,0.435790,4.788570,177.624070,-323.807040,60753.167970,,3.514530,-399.311310
4.600000,0.134580,0.838260,5.403810,177.638400,-323.806340,60743.671880,1.000000,3.346620,-399.312930
4.602000,0.487060,1.212520,5.157710,177.652620,-323.805880,60398.792970,,3.310730,-399.315220
4.604000,0.742130,1.225340,5.485840,177.668320,-323.805660,60760.550780,,3.308170,-399.317200
4.606000,0.813900,1.063840,5.137210,177.685620,-323.806090,60726.800780,,3.374820,-399.318020
4.608000,0.622920,0.661380,3.619630,177.704390,-323.806370,60511.644530,1.000000,3.392760,-399.317230
4.610000,0.340940,0.355040,3.394040,177.723480,-323.807040,60640.316410,,3.556820,-399.315430
4.612000,0.075620,0.178160,4.398930,177.742020,-323.807430,59733.281250,,3.551700,-399.313420
4.614000,-0.083310,0.240970,4.788570,177.759230,-323.807430,60434.648440,,3.560670,-399.312160
4.616000,0.000000,0.571660,6.306150,177.774720,-323.806850,60438.875000,1.000000,3.458130,-399.312500
4.618000,0.297360,0.998470,6.706050,177.789140,-323.806030,60474.730470,,3.288940,-399.314300
4.620000,0.637020,1.307370,6.388180,177.803820,-323.805570,60318.632810,,3.286380,-399.316530
4.622000,0.872860,1.202270,6.511230,177.820340,-323.805570,60492.656250,,3.283810,-399.318180
4.624000,0.888240,0.901060,6.070310,177.838470,-323.806000,60611.835940,1.000000,3.354310,-399.318510
4.626000,0.669070,0.433230,4.193850,177.857850,-323.806460,60751.054690,,3.423520,-399.317290
4.628000,0.358890,0.151250,3.291500,177.877080,-323.807310,61074.843750,,3.611940,-399.315120
4.630000,0.041020,0.042300,3.619630,177.895340,-323.807430,60737.347660,,3.536320,-399.312740
4.632000,-0.173030,0.196110,3.916990,177.911940,-323.807310,61025.273440,1.000000,3.538880,-399.311190
4.634000,-0.096130,0.542180,4.747560,177.927000,-323.806850,60914.535160,,3.465820,-399.311400
4.636000,0.201230,0.968990,5.157710,177.941130,-323.806270,60866.019530,,3.335080,-399.313260
4.638000,0.547300,1.271480,5.167970,177.955540,-323.805760,60814.339840,,3.315860,-399.315610
4.640000,0.774170,1.227910,5.075680,177.971600,-323.805760,60748.949220,1.000000,3.314580,-399.317440
4.642000,0.799800,1.013850,4.727050,177.989180,-323.806210,60507.421880,,3.392760,-399.317960
4.644000,0.576780,0.617800,3.363280,178.008060,-323.806490,60787.972660,,3.427370,-399.316930
4.646000,0.288390,0.365300,3.055660,178.026980,-323.807190,60712.035160,,3.570920,-399.315030
4.648000,0.038450,0.238400,4.419430,178.045180,-323.807400,60411.445310,1.000000,3.554260,-399.313110
4.650000,-0.084590,0.393490,5.157710,178.061830,-323.807310,60501.097660,,3.564510,-399.312100
4.652000,0.044860,0.769040,6.131840,178.076860,-323.806610,60314.417970,,3.396610,-399.312770
4.654000,0.366580,1.213810,6.767580,178.091080,-323.805880,60520.078130,,3.304320,-399.314730
4.656000,0.681880,1.424010,6.788090,178.106090,-323.805450,60232.152340,1.000000,3.271000,-399.316860
4.658000,0.886960,1.238160,6.111330,178.123090,-323.805660,60611.835940,,3.294070,-399.318360
4.660000,0.847230,0.860050,5.772950,178.141770,-323.806060,60619.218750,,3.374820,-399.318360
4.662000,0.610110,0.358890,4.193850,178.161530,-323.806610,60836.488280,,3.451720,-399.316960
4.664000,0.289670,0.097410,3.045410,178.180830,-323.807460,60748.949220,1.000000,3.628600,-399.314730
4.666000,-0.005130,0.020510,3.640140,178.198990,-323.807400,61035.820310,,3.523500,-399.312440
4.668000,-0.174320,0.240970,4.409180,178.215320,-323.807220,60939.843750,,3.563230,-399.311190
4.670000,-0.044860,0.613950,4.819340,178.230190,-323.806760,60555.941410,,3.411990,-399.311830
4.672000,0.281980,1.043330,5.352540,178.244290,-323.806210,60960.941410,1.000000,3.367130,-399.313840
4.674000,0.601140,1.271480,5.598630,178.259020,-323.805660,60717.308590,,3.295350,-399.316160
4.676000,0.801090,1.177920,4.809080,178.275480,-323.805850,61078.011720,,3.328670,-399.317750
4.678000,0.757510,0.895940,4.480960,178.293460,-323.806210,60838.593750,,3.417110,-399.317900
4.680000,0.511410,0.506290,3.640140,178.312550,-323.806550,60864.964840,1.000000,3.436340,-399.316620
4.682000,0.230710,0.273010,3.024900,178.331440,-323.807250,60512.699220,,3.592710,-399.314700
4.684000,0.007690,0.174320,4.480960,178.349520,-323.807400,60799.574220,,3.556820,-399.312930
4.686000,-0.065370,0.381960,5.967770,178.365940,-323.807250,60801.679690,,3.554260,-399.312230
4.688000,0.112790,0.762630,6.193360,178.380810,-323.806460,60503.203130,1.000000,3.364560,-399.313260
4.690000,0.443480,1.204830,6.880370,178.395030,-323.805730,60561.210940,,3.322270,-399.315280
4.692000,0.730590,1.331730,6.747070,178.410370,-323.805420,60319.691410,,3.258180,-399.317320
4.694000,0.898500,1.131770,6.172850,178.427580,-323.805730,60563.324220,,3.331240,-399.318510
4.696000,0.797240,0.751100,5.690920,178.446320,-323.806060,60618.167970,1.000000,3.381230,-399.318150
4.698000,0.547300,0.324280,4.040040,178.465790,-323.806760,60718.363280,,3.492740,-399.316560
4.700000,0.224300,0.119200,2.871090,178.484650,-323.807460,60522.191410,,3.637570,-399.314270
4.702000,-0.053830,0.105100,3.834960,178.502200,-323.807340,60756.332030,,3.527340,-399.312130
4.704000,-0.165340,0.405030,4.798830,178.517970,-323.807130,60783.753910,1.000000,3.559390,-399.311250
4.706000,0.008970,0.769040,4.921880,178.532550,-323.806580,60724.691410,,3.396610,-399.312230
4.708000,0.353760,1.194580,5.332030,178.546590,-323.805970,60909.257810,,3.377380,-399.314360
4.710000,0.647280,1.327880,5.485840,178.561660,-323.805570,60539.062500,,3.277400,-399.316590
4.712000,0.817750,1.202270,4.788570,178.578430,-323.805910,60876.562500,1.000000,3.379940,-399.317960
4.714000,0.712650,0.876710,3.999020,178.596730,-323.806150,60959.886720,,3.404300,-399.317750
4.716000,0.456300,0.483220,2.809570,178.615940,-323.806670,61111.761720,,3.474790,-399.316310
4.718000,0.178160,0.252500,3.281250,178.634830,-323.807280,60725.746090,,3.611940,-399.314330
4.720000,-0.028200,0.185850,4.747560,178.652740,-323.807370,60656.136720,1.000000,3.567080,-399.312650
4.722000,-0.048710,0.435790,5.793460,178.668930,-323.807100,60427.265630,,3.535030,-399.312290
4.724000,0.179440,0.819030,6.265140,178.683700,-323.806240,60515.859380,,3.354310,-399.313630
4.726000,0.515260,1.213810,6.583010,178.698170,-323.805570,60624.496090,,3.310730,-399.315730
4.728000,0.784420,1.236880,6.726560,178.714040,-323.805390,60393.519530,1.000000,3.262020,-399.317690
4.730000,0.907470,0.985660,6.234380,178.731740,-323.805730,60643.484380,,3.360720,-399.318600
4.732000,0.751100,0.534480,4.993650,178.750930,-323.806090,60385.078130,,3.379940,-399.317930
4.734000,0.490910,0.129460,3.896480,178.770540,-323.806880,60689.886720,,3.549130,-399.316130
4.736000,0.164060,-0.056400,3.455570,178.789370,-323.807430,60669.843750,1.000000,3.615780,-399.313810
4.738000,-0.097410,-0.030760,4.070800,178.806700,-323.807280,60600.238280,,3.545290,-399.311770
4.740000,-0.152530,0.302490,5.014160,178.822130,-323.807040,60485.273440,,3.528630,-399.311250
4.742000,0.071780,0.720340,5.824220,178.836330,-323.806400,60822.777340,,3.391480,-399.312530
4.744000,0.421690,1.153560,5.711430,178.850250,-323.805850,60832.265630,1.000000,3.347900,-399.314790
4.744000,0.421690,1.153560,5.711430,178.850250,-323.805850,60832.265630,1.000000,3.347900,-399.314790
4.746000,0.694700,1.231750,5.690920,178.865490,-323.805660,60745.785160,,3.290220,-399.316860
4.748000,0.819030,1.097170,5.178220,178.882370,-323.805940,61104.378910,,3.409420,-399.317960
4.750000,0.667790,0.760070,3.711910,178.900790,-323.806210,60813.281250,,3.383790,-399.317470
4.752000,0.402470,0.412720,3.209470,178.919830,-323.806820,61186.644530,1.000000,3.527340,-399.315860
4.754000,0.128170,0.224300,3.711910,178.938430,-323.807310,61067.460940,,3.585020,-399.313870
4.756000,-0.053830,0.233280,4.286130,178.955890,-323.807340,60920.859380,,3.561950,-399.312380
4.758000,-0.024350,0.553710,5.526860,178.971560,-323.806980,60664.570310,,3.499150,-399.312380
4.760000,0.240970,0.985660,6.480470,178.985990,-323.806060,60670.902340,1.000000,3.328670,-399.313900
4.762000,0.570370,1.354800,6.162600,179.000440,-323.805570,60366.097660,,3.288940,-399.316070
4.764000,0.821590,1.309940,6.388180,179.016600,-323.805540,60723.636720,,3.286380,-399.317840
4.766000,0.889530,1.033080,6.347170,179.034500,-323.805880,60767.933590,,3.364560,-399.318480
4.768000,0.707520,0.565250,4.706540,179.053800,-323.806270,60527.468750,1.000000,3.382510,-399.317540
4.770000,0.435790,0.212770,3.619630,179.073270,-323.807130,60679.339840,,3.596560,-399.315610
4.772000,0.110230,0.056400,3.999020,179.091840,-323.807460,59353.593750,,3.574770,-399.313290
4.774000,-0.125610,0.169190,4.029790,179.108840,-323.807250,60627.656250,,3.540160,-399.311490
4.776000,-0.117920,0.501160,4.788570,179.124130,-323.806980,60670.902340,1.000000,3.496580,-399.311310
4.778000,0.140990,0.910030,5.516600,179.138410,-323.806300,60578.089840,,3.372250,-399.312870
4.780000,0.487060,1.261230,5.383300,179.152680,-323.805790,60430.429690,,3.310730,-399.315160
4.782000,0.737000,1.253540,5.383300,179.168500,-323.805730,60727.851560,,3.310730,-399.317080
4.784000,0.804930,1.057430,5.096190,179.185940,-323.806060,60729.960940,1.000000,3.401730,-399.317900
4.786000,0.616520,0.647280,3.476070,179.204820,-323.806400,60759.496090,,3.385070,-399.317110
4.788000,0.349910,0.337100,2.901860,179.224030,-323.807010,60880.785160,,3.560670,-399.315340
4.790000,0.085880,0.169190,4.009280,179.242580,-323.807400,60586.527340,,3.565800,-399.313390
4.792000,-0.066650,0.258910,4.768070,179.259750,-323.807370,60842.816410,1.000000,3.563230,-399.312160
4.794000,0.015380,0.611390,5.885740,179.275130,-323.806790,60640.316410,,3.453000,-399.312500
4.796000,0.310180,1.051030,6.347170,179.289490,-323.805940,60810.121090,,3.303040,-399.314270
4.798000,0.635740,1.339420,6.408690,179.304260,-323.805510,60785.859380,,3.279970,-399.316440
4.800000,0.858760,1.216370,6.429200,179.320890,-323.805600,60851.250000,1.000000,3.303040,-399.318020
4.802000,0.866460,0.915160,5.988280,179.339130,-323.806000,60738.402340,,3.360720,-399.318300
4.804000,0.653690,0.448610,4.439940,179.358540,-323.806460,60810.121090,,3.418400,-399.317110
4.806000,0.364010,0.156370,3.322270,179.377810,-323.807280,60925.078130,,3.608090,-399.315060
4.808000,0.060240,0.053830,3.681150,179.396030,-323.807460,60637.152340,1.000000,3.555540,-399.312770
4.810000,-0.148680,0.231990,4.224610,179.412580,-323.807250,60572.816410,,3.537600,-399.311250
4.812000,-0.074340,0.604980,4.850100,179.427510,-323.806850,60359.769530,,3.463260,-399.311490
4.814000,0.214050,1.030520,5.444820,179.441640,-323.806210,60556.996090,,3.354310,-399.313290
4.816000,0.546020,1.320190,6.019040,179.456130,-323.805790,60062.347660,1.000000,3.309450,-399.315610
4.818000,0.766480,1.256100,5.147460,179.472320,-323.805790,60670.902340,,3.340210,-399.317350
4.820000,0.779300,1.024110,4.614260,179.490080,-323.806210,60741.566410,,3.394040,-399.317810
4.822000,0.562680,0.626770,3.793950,179.509050,-323.806490,60925.078130,,3.424800,-399.316770
4.824000,0.290950,0.344790,3.014650,179.528180,-323.807130,60889.218750,1.000000,3.569640,-399.314940
4.826000,0.051270,0.207640,4.368160,179.546570,-323.807430,61246.761720,,3.561950,-399.313110
4.828000,-0.064090,0.347350,5.455080,179.563370,-323.807310,61061.136720,,3.560670,-399.312130
4.830000,0.064090,0.720340,5.967770,179.578510,-323.806610,60860.746090,,3.409420,-399.312840
4.832000,0.376830,1.147160,6.295900,179.592850,-323.805850,61089.609380,1.000000,3.299190,-399.314760
4.834000,0.684450,1.345830,6.706050,179.607960,-323.805510,60762.656250,,3.285100,-399.316860
4.836000,0.876710,1.167660,5.937010,179.624940,-323.805690,61071.679690,,3.314580,-399.318240
4.838000,0.830570,0.810060,5.557620,179.643490,-323.806060,61109.648440,,3.374820,-399.318210
4.840000,0.602420,0.339660,4.491210,179.663070,-323.806580,61001.015630,1.000000,3.453000,-399.316800
4.842000,0.301210,0.075620,3.086430,179.682270,-323.807430,60603.402340,,3.618350,-399.314670
4.844000,0.015380,0.010250,3.578610,179.700260,-323.807430,60875.511720,,3.542720,-399.312440
4.846000,-0.148680,0.234560,4.839840,179.716380,-323.807250,60826.996090,,3.545290,-399.311220
4.848000,-0.030760,0.633180,4.716800,179.731060,-323.806700,60485.273440,1.000000,3.432500,-399.311830
4.850000,0.285830,1.070250,5.414060,179.745060,-323.806120,60628.714840,,3.341490,-399.313810
4.852000,0.598570,1.294560,5.690920,179.759780,-323.805730,60332.347660,,3.308170,-399.316040
4.854000,0.781860,1.207400,4.942380,179.776200,-323.805880,60561.210940,,3.350460,-399.317570
4.856000,0.739560,0.951050,4.480960,179.794140,-323.806240,60656.136720,1.000000,3.400450,-399.317690
4.858000,0.505000,0.553710,3.793950,179.813230,-323.806610,60741.566410,,3.456850,-399.316440
4.860000,0.233280,0.303770,3.158200,179.832230,-323.807250,60457.851560,,3.579900,-399.314610
4.862000,0.017940,0.205080,4.521970,179.850340,-323.807460,60933.519530,,3.569640,-399.312870
4.864000,-0.052550,0.420410,5.844730,179.866790,-323.807220,60805.902340,1.000000,3.547850,-399.312230
4.866000,0.130740,0.812620,6.152340,179.881680,-323.806430,60574.925780,,3.374820,-399.313260
4.868000,0.449890,1.234310,6.562500,179.896070,-323.805690,60902.933590,,3.308170,-399.315250
4.870000,0.734440,1.340700,6.500980,179.911610,-323.805450,60564.378910,,3.269710,-399.317260
4.872000,0.888240,1.116390,6.203610,179.929030,-323.805730,61507.273440,1.000000,3.331240,-399.318390
4.874000,0.778020,0.703670,5.126950,179.947970,-323.806090,60736.292970,,3.378660,-399.317990
4.876000,0.544740,0.252500,3.865720,179.967680,-323.806730,61001.015630,,3.488890,-399.316440
4.878000,0.235840,0.032040,3.219730,179.986770,-323.807460,60943.007810,,3.627320,-399.314240
4.880000,-0.029480,-0.001280,3.814450,180.004530,-323.807340,60885.003910,1.000000,3.532470,-399.312160
4.882000,-0.137150,0.297360,4.747560,180.020230,-323.807160,60561.210940,,3.551700,-399.311310
4.884000,0.032040,0.711360,5.270510,180.034670,-323.806520,60765.820310,,3.401730,-399.312290
4.886000,0.364010,1.148440,5.516600,180.048580,-323.806000,60747.894530,,3.350460,-399.314360
4.888000,0.651120,1.291990,5.557620,180.063570,-323.805660,60647.699220,1.000000,3.305600,-399.316470
4.890000,0.797240,1.158690,5.044920,180.080290,-323.805940,60684.609380,,3.365840,-399.317750
4.892000,0.692140,0.849790,4.091310,180.098480,-323.806240,60387.191410,,3.408140,-399.317540
4.894000,0.449890,0.479370,3.445310,180.117570,-323.806700,60753.167970,,3.477360,-399.316070
4.896000,0.180730,0.266600,3.650390,180.136320,-323.807280,60655.078130,1.000000,3.591430,-399.314210
4.896000,0.180730,0.266600,3.650390,180.136320,-323.807280,60655.078130,1.000000,3.591430,-399.314210
4.898000,-0.011540,0.215330,4.491210,180.154080,-323.807400,60515.859380,,3.570920,-399.312620
4.900000,-0.033330,0.496030,5.424320,180.170060,-323.807100,60391.406250,,3.528630,-399.312290
4.902000,0.196110,0.915160,6.562500,180.184630,-323.806210,60619.218750,,3.346620,-399.313600
4.904000,0.520390,1.315060,6.439450,180.199010,-323.805660,60504.265630,1.000000,3.312010,-399.315700
4.906000,0.779300,1.327880,6.224120,180.214830,-323.805510,60372.425780,,3.285100,-399.317570
4.908000,0.884400,1.075380,6.244630,180.232530,-323.805820,60913.476560,,3.354310,-399.318390
4.910000,0.730590,0.611390,4.993650,180.251720,-323.806180,60766.875000,,3.383790,-399.317690
4.912000,0.487060,0.192260,3.588870,180.271420,-323.806920,60765.820310,1.000000,3.537600,-399.315980
4.914000,0.176880,0.000000,3.506840,180.290370,-323.807460,60886.062500,,3.611940,-399.313780
4.916000,-0.066650,0.012820,3.763180,180.307860,-323.807310,60838.593750,,3.538880,-399.311860
4.918000,-0.121770,0.347350,4.583500,180.323410,-323.807040,60860.746090,,3.537600,-399.311340
4.920000,0.094850,0.752380,5.608890,180.337840,-323.806400,60768.988280,1.000000,3.374820,-399.312620
4.922000,0.434510,1.142030,5.383300,180.352010,-323.805940,60501.097660,,3.363280,-399.314820
4.924000,0.697270,1.207400,5.332030,180.367480,-323.805660,60766.875000,,3.305600,-399.316830
4.926000,0.810060,1.048460,5.455080,180.384580,-323.806030,61010.511720,,3.391480,-399.317840
4.928000,0.652400,0.692140,3.588870,180.403110,-323.806300,60745.785160,1.000000,3.409420,-399.317320
4.930000,0.398620,0.344790,2.840330,180.422240,-323.806850,60720.468750,,3.519650,-399.315700
4.932000,0.132020,0.158940,3.968260,180.440920,-323.807310,59977.972660,,3.587590,-399.313810
4.934000,-0.039730,0.179440,4.368160,180.458340,-323.807370,60305.976560,,3.569640,-399.312350
4.936000,-0.008970,0.513980,5.506350,180.473940,-323.806920,60225.824220,1.000000,3.499150,-399.312380
4.938000,0.257630,0.949770,6.408690,180.488340,-323.806030,60342.898440,,3.318420,-399.313960
4.940000,0.584470,1.303530,6.367680,180.502810,-323.805570,60202.617190,,3.306880,-399.316070
4.942000,0.821590,1.253540,6.388180,180.518980,-323.805540,60400.902340,,3.290220,-399.317810
4.944000,0.879270,0.989500,6.357420,180.536880,-323.805940,60453.636720,1.000000,3.364560,-399.318330
4.946000,0.685730,0.543460,4.798830,180.556080,-323.806270,60539.062500,,3.396610,-399.317350
4.948000,0.431950,0.198670,3.363280,180.575450,-323.807100,61054.808590,,3.578610,-399.315490
4.950000,0.121770,0.065370,3.640140,180.593870,-323.807460,60738.402340,,3.591430,-399.313260
4.952000,-0.101260,0.203800,4.091310,180.610630,-323.807310,60773.203130,1.000000,3.549130,-399.311520
4.954000,-0.096130,0.597290,4.614260,180.625600,-323.806880,60746.839840,,3.502990,-399.311370
4.956000,0.156370,1.026670,5.167970,180.639650,-323.806300,60924.027340,,3.364560,-399.312960
4.958000,0.497310,1.385560,5.496090,180.653870,-323.805790,60764.769530,,3.346620,-399.315190
4.960000,0.726750,1.367610,5.332030,180.669680,-323.805760,60766.875000,1.000000,3.304320,-399.317050
4.962000,0.792110,1.148440,4.932130,180.687190,-323.806090,60517.968750,,3.408140,-399.317780
4.964000,0.601140,0.737000,3.978520,180.706130,-323.806370,60693.046880,,3.405580,-399.316990
4.966000,0.344790,0.397340,3.137700,180.725490,-323.807010,60832.265630,,3.549130,-399.315280
4.968000,0.092290,0.206360,4.142580,180.744230,-323.807370,60475.785160,1.000000,3.578610,-399.313390
4.970000,-0.049990,0.265320,5.229490,180.761580,-323.807370,60605.511720,,3.570920,-399.312190
4.972000,0.028200,0.611390,6.193360,180.777110,-323.806790,60374.535160,,3.453000,-399.312560
4.974000,0.321720,1.029240,6.490720,180.791600,-323.805940,60528.519530,,3.317140,-399.314330
4.976000,0.642150,1.303530,7.229000,180.806500,-323.805510,60554.886720,1.000000,3.300480,-399.316440
4.978000,0.856200,1.184330,6.470210,180.823180,-323.805630,60484.222660,,3.297910,-399.317990
4.980000,0.856200,0.860050,5.957520,180.841510,-323.806000,60681.453130,,3.377380,-399.318240
4.982000,0.643430,0.392210,5.075680,180.860990,-323.806400,61009.460940,,3.418400,-399.317020
4.984000,0.370420,0.078190,3.537600,180.880430,-323.807250,60920.859380,1.000000,3.604250,-399.315030
4.986000,0.074340,-0.047420,3.404300,180.898800,-323.807460,60929.300780,,3.569640,-399.312840
4.988000,-0.119200,0.112790,4.409180,180.915330,-323.807220,60989.417970,,3.549130,-399.311310
4.990000,-0.056400,0.522950,4.716800,180.930130,-323.806790,60546.445310,,3.451720,-399.311550
4.992000,0.229430,0.963870,5.055180,180.944110,-323.806210,60702.542970,1.000000,3.372250,-399.313320
4.994000,0.552430,1.259950,5.629390,180.958560,-323.805760,60753.167970,,3.317140,-399.315580
4.996000,0.766480,1.199710,4.932130,180.974660,-323.805850,60811.171880,,3.337650,-399.317260
4.998000,0.775450,0.990780,4.460450,180.992230,-323.806180,60873.402340,,3.415830,-399.317690
5.000000,0.554990,0.619080,4.009280,181.011080,-323.806490,60876.562500,1.000000,3.423520,-399.316650
5.002000,0.292240,0.355040,3.014650,181.030010,-323.807130,60453.636720,,3.574770,-399.314850
5.004000,0.056400,0.238400,4.142580,181.048160,-323.807400,60754.222660,,3.573490,-399.313020
5.006000,-0.055110,0.405030,5.762700,181.064800,-323.807280,60611.835940,,3.564510,-399.312070
5.008000,0.078190,0.789550,6.019040,181.079800,-323.806580,60387.191410,1.000000,3.406860,-399.312810
5.010000,0.390930,1.216370,6.285640,181.094120,-323.805790,60442.031250,,3.318420,-399.314700
5.012000,0.690860,1.398380,6.849610,181.109310,-323.805480,60334.453130,,3.276120,-399.316800
5.014000,0.879270,1.211240,6.285640,181.126400,-323.805660,60437.812500,,3.323550,-399.318150
5.016000,0.822880,0.833130,5.547360,181.145080,-323.806030,60609.730470,1.000000,3.382510,-399.318050
5.018000,0.594730,0.365300,4.593750,181.164760,-323.806550,60658.246090,,3.446590,-399.316650
5.020000,0.307620,0.083310,3.342770,181.184080,-323.807370,60611.835940,,3.624760,-399.314580
5.022000,0.032040,0.006410,3.845210,181.202180,-323.807460,60693.046880,,3.565800,-399.312440
5.024000,-0.130740,0.234560,4.788570,181.218370,-323.807220,60668.792970,1.000000,3.551700,-399.311250
5.026000,-0.008970,0.639590,5.096190,181.232970,-323.806700,60680.394530,,3.433780,-399.311860
5.028000,0.301210,1.066410,5.352540,181.247010,-323.806060,60925.078130,,3.367130,-399.313810
5.030000,0.610110,1.265080,5.475590,181.261810,-323.805690,60687.777340,,3.297910,-399.316010
5.032000,0.790830,1.147160,5.096190,181.278380,-323.805850,61736.136720,1.000000,3.365840,-399.317470
5.034000,0.739560,0.851070,4.142580,181.296490,-323.806210,60943.007810,,3.410710,-399.317570
5.036000,0.505000,0.429380,3.383790,181.315720,-323.806610,60939.843750,,3.454280,-399.316310
5.038000,0.238400,0.165340,3.199220,181.334790,-323.807190,60811.171880,,3.585020,-399.314450
5.040000,0.023070,0.080750,4.357910,181.352920,-323.807400,60680.394530,1.000000,3.574770,-399.312710
5.040000,0.023070,0.080750,4.357910,181.352920,-323.807400,60680.394530,1.000000,3.574770,-399.312710
5.042000,-0.046140,0.308900,5.434570,181.369230,-323.807190,60435.707030,,3.547850,-399.312070
5.044000,0.140990,0.737000,6.347170,181.383930,-323.806400,60617.113280,,3.386350,-399.313110
5.046000,0.458860,1.186890,6.490720,181.398120,-323.805660,60685.664060,,3.313290,-399.315160
5.048000,0.743410,1.304810,6.531740,181.413450,-323.805510,60448.363280,1.000000,3.290220,-399.317140
5.050000,0.892090,1.113830,6.480470,181.430650,-323.805760,60746.839840,,3.358150,-399.318270
5.052000,0.779300,0.729310,5.496090,181.449340,-323.806060,60490.550780,,3.383790,-399.317840
5.054000,0.546020,0.305050,4.060550,181.468780,-323.806700,60685.664060,,3.497860,-399.316280
5.056000,0.244810,0.083310,3.681150,181.487720,-323.807370,60727.851560,1.000000,3.620910,-399.314120
5.058000,-0.014100,0.075620,4.029790,181.505330,-323.807310,60628.714840,,3.546570,-399.312100
5.060000,-0.128170,0.367860,4.604000,181.521120,-323.807100,60654.023440,,3.536320,-399.311220
5.062000,0.039730,0.781860,5.639650,181.535570,-323.806490,61158.167970,,3.418400,-399.312160
5.064000,0.361450,1.190730,5.424320,181.549710,-323.805940,60742.617190,1.000000,3.340210,-399.314240
5.066000,0.648560,1.312500,5.198730,181.564900,-323.805730,60733.128910,,3.320980,-399.316310
5.068000,0.790830,1.167660,5.198730,181.581830,-323.805940,61103.324220,,3.392760,-399.317600
5.070000,0.685730,0.840820,4.070800,181.600220,-323.806270,60715.195310,,3.399170,-399.317380
5.072000,0.447330,0.451170,2.983890,181.619450,-323.806730,60989.417970,1.000000,3.497860,-399.315950
5.074000,0.183290,0.240970,3.629880,181.638320,-323.807250,60838.593750,,3.590150,-399.314090
5.076000,-0.002560,0.214050,4.357910,181.656070,-323.807400,60866.019530,,3.578610,-399.312560
5.078000,-0.020510,0.506290,5.373050,181.671980,-323.807040,60685.664060,,3.528630,-399.312290
5.080000,0.212770,0.942080,6.562500,181.686490,-323.806150,60732.078130,1.000000,3.355590,-399.313600
5.082000,0.528080,1.324040,6.429200,181.700850,-323.805570,60040.195310,,3.294070,-399.315700
5.084000,0.788270,1.334290,6.275390,181.716720,-323.805510,60501.097660,,3.299190,-399.317540
5.086000,0.880550,1.071530,6.552250,181.734410,-323.805790,60510.585940,,3.355590,-399.318330
5.088000,0.722900,0.629330,5.188480,181.753560,-323.806180,60566.488280,1.000000,3.382510,-399.317570
5.090000,0.484500,0.212770,3.568360,181.773190,-323.806850,60728.910160,,3.533750,-399.315860
5.092000,0.178160,0.020510,3.886230,181.792070,-323.807460,60237.421880,,3.615780,-399.313690
5.094000,-0.053830,0.067930,4.091310,181.809330,-323.807340,60515.859380,,3.552980,-399.311830
5.096000,-0.099980,0.438350,4.665530,181.824580,-323.807040,60638.207030,1.000000,3.536320,-399.311340
5.098000,0.112790,0.889530,5.496090,181.838710,-323.806340,60569.648440,,3.386350,-399.312620
5.100000,0.438350,1.268920,5.526860,181.852780,-323.805940,60559.105470,,3.340210,-399.314790
5.102000,0.692140,1.327880,5.362790,181.868240,-323.805730,60675.121090,,3.333800,-399.316710
5.104000,0.786990,1.151000,5.147460,181.885390,-323.806030,60731.019530,1.000000,3.382510,-399.317660
5.106000,0.635740,0.795960,3.927250,181.904010,-323.806340,60785.859380,,3.417110,-399.317110
5.108000,0.390930,0.428100,3.096680,181.923290,-323.806820,60920.859380,,3.519650,-399.315550
5.110000,0.135860,0.223020,3.988770,181.942120,-323.807280,60640.316410,,3.573490,-399.313690
5.112000,-0.025630,0.230710,4.850100,181.959720,-323.807370,60862.859380,1.000000,3.576050,-399.312320
5.114000,0.003850,0.549870,5.660160,181.975430,-323.806920,60799.574220,,3.502990,-399.312410
5.116000,0.273010,0.971560,6.162600,181.990010,-323.806030,60746.839840,,3.319700,-399.313960
5.118000,0.590880,1.291990,6.531740,182.004670,-323.805570,60984.144530,,3.308170,-399.316100
5.120000,0.822880,1.233030,6.172850,182.021000,-323.805570,60989.417970,1.000000,3.310730,-399.317750
5.122000,0.866460,0.945920,5.670410,182.038990,-323.805940,60798.519530,,3.354310,-399.318240
5.124000,0.676760,0.492190,4.788570,182.058290,-323.806300,60644.535160,,3.408140,-399.317230
5.126000,0.429380,0.133300,3.363280,182.077760,-323.807070,60815.394530,,3.568360,-399.315400
5.128000,0.129460,-0.026920,3.404300,182.096390,-323.807460,60428.324220,1.000000,3.590150,-399.313230
5.130000,-0.079470,0.065370,4.552730,182.113300,-323.807310,60632.933590,,3.547850,-399.311580
5.132000,-0.073060,0.470400,4.829590,182.128270,-323.806880,60371.367190,,3.502990,-399.311430
5.134000,0.174320,0.915160,5.208980,182.142300,-323.806240,60474.730470,,3.359440,-399.312990
5.136000,0.501160,1.250980,6.593260,182.156560,-323.805850,60687.777340,1.000000,3.355590,-399.315160
5.138000,0.720340,1.235600,5.403810,182.172380,-323.805790,60661.410160,,3.329960,-399.316960
5.140000,0.775450,1.038210,4.757810,182.189730,-323.806180,60746.839840,,3.396610,-399.317600
5.142000,0.585750,0.697270,4.193850,182.208330,-323.806460,61358.558590,,3.431210,-399.316770
5.144000,0.337100,0.415280,3.065920,182.227230,-323.806980,61095.941410,1.000000,3.536320,-399.315120
5.146000,0.096130,0.284550,3.681150,182.245470,-323.807340,60797.468750,,3.578610,-399.313320
5.148000,-0.033330,0.399900,5.188480,182.262300,-323.807310,60909.257810,,3.569640,-399.312190
5.150000,0.047420,0.789550,5.834470,182.277400,-323.806730,60575.976560,,3.445310,-399.312620
5.152000,0.334530,1.224060,5.957520,182.291660,-323.805910,60706.761720,1.000000,3.313290,-399.314360
5.154000,0.638310,1.477840,6.439450,182.306520,-323.805510,60630.824220,,3.306880,-399.316440
5.156000,0.844670,1.325320,6.049800,182.323320,-323.805660,60523.242190,,3.305600,-399.317960
5.158000,0.836980,0.961300,5.608890,182.341870,-323.806000,60847.031250,,3.373540,-399.318120
5.160000,0.620360,0.456300,5.055180,182.361650,-323.806400,60906.097660,1.000000,3.423520,-399.316860
5.162000,0.362730,0.111510,3.476070,182.381330,-323.807220,60667.738280,,3.588870,-399.314940
5.164000,0.084590,-0.021790,3.640140,182.399920,-323.807500,60754.222660,,3.587590,-399.312840
5.166000,-0.093570,0.139710,4.768070,182.416600,-323.807310,60783.753910,,3.556820,-399.311460
5.168000,-0.030760,0.569090,5.065430,182.431460,-323.806790,60367.152340,1.000000,3.460690,-399.311740
5.170000,0.249940,1.010010,5.311520,182.445450,-323.806180,60621.332030,,3.367130,-399.313510
5.172000,0.563960,1.294560,6.008790,182.459960,-323.805760,60483.167970,,3.340210,-399.315670
5.174000,0.758790,1.231750,5.291020,182.476120,-323.805820,60586.527340,,3.335080,-399.317260
5.176000,0.760070,0.976680,4.593750,182.493880,-323.806180,60715.195310,1.000000,3.422240,-399.317630
5.178000,0.538330,0.579350,4.040040,182.512890,-323.806490,60828.054690,,3.438900,-399.316560
5.180000,0.287110,0.276860,3.168460,182.532040,-323.807070,60643.484380,,3.555540,-399.314790
5.182000,0.060240,0.149960,4.234860,182.550370,-323.807340,60925.078130,,3.577330,-399.312990
5.184000,-0.041020,0.303770,5.332030,182.567090,-323.807220,60713.089840,1.000000,3.556820,-399.312130
5.186000,0.098690,0.698550,6.029300,182.582110,-323.806550,60677.226560,,3.405580,-399.312900
5.188000,0.406310,1.145870,6.244630,182.596340,-323.805790,60916.644530,,3.326110,-399.314790
5.190000,0.699830,1.330440,6.234380,182.611480,-323.805540,60613.949220,,3.295350,-399.316860
5.192000,0.877990,1.165100,6.203610,182.628390,-323.805790,61472.460940,1.000000,3.340210,-399.318120
5.194000,0.807500,0.826720,5.434570,182.646840,-323.806060,60742.617190,,3.387630,-399.317960
5.196000,0.583190,0.387080,4.204100,182.666210,-323.806580,60848.093750,,3.449160,-399.316530
5.198000,0.307620,0.124330,3.547850,182.685290,-323.807310,61018.949220,,3.619630,-399.314510
5.200000,0.035890,0.083310,3.855470,182.703090,-323.807400,60921.917970,1.000000,3.561950,-399.312440
5.200000,0.035890,0.083310,3.855470,182.703090,-323.807400,60921.917970,1.000000,3.561950,-399.312440
5.202000,-0.107670,0.351200,4.480960,182.719040,-323.807130,60506.371090,,3.549130,-399.311280
5.204000,0.003850,0.774170,5.270510,182.733490,-323.806610,60676.175780,,3.423520,-399.311890
5.206000,0.308900,1.199710,5.465330,182.747450,-323.806030,60763.714840,,3.370970,-399.313810
5.208000,0.601140,1.384280,5.496090,182.762330,-323.805730,60598.128910,1.000000,3.312010,-399.315950
5.210000,0.772890,1.259950,5.383300,182.778930,-323.805940,60725.746090,,3.368410,-399.317380
5.212000,0.716490,0.961300,4.491210,182.797040,-323.806210,60530.625000,,3.418400,-399.317410
5.214000,0.487060,0.556270,3.394040,182.816250,-323.806640,60664.570310,,3.456850,-399.316190
5.216000,0.233280,0.283260,3.660640,182.835390,-323.807190,60767.933590,1.000000,3.588870,-399.314390
5.218000,0.026920,0.190980,4.686040,182.853560,-323.807400,60604.453130,,3.581180,-399.312740
5.220000,-0.033330,0.401180,5.403810,182.870010,-323.807190,60346.054690,,3.544010,-399.312160
5.222000,0.161500,0.799800,6.624020,182.884890,-323.806340,61027.386720,,3.388920,-399.313260
5.224000,0.474240,1.195860,6.603520,182.899370,-323.805630,60689.886720,1.000000,3.312010,-399.315280
5.226000,0.745970,1.262510,6.244630,182.915070,-323.805480,60597.070310,,3.291500,-399.317230
5.228000,0.884400,1.025390,6.429200,182.932630,-323.805760,60969.378910,,3.360720,-399.318240
5.230000,0.762630,0.601140,5.496090,182.951610,-323.806060,60829.105470,,3.379940,-399.317750
5.232000,0.534480,0.165340,3.732420,182.971280,-323.806670,60780.585940,1.000000,3.491460,-399.316160
5.234000,0.242250,-0.065370,3.558110,182.990400,-323.807340,60836.488280,,3.620910,-399.314090
5.236000,-0.006410,-0.069210,3.978520,183.007980,-323.807400,60781.640630,,3.567080,-399.312100
5.238000,-0.108950,0.262760,4.439940,183.023470,-323.807100,60892.386720,,3.540160,-399.311310
5.240000,0.064090,0.751100,5.557620,183.037450,-323.806490,60705.707030,1.000000,3.413270,-399.312290
5.242000,0.376830,1.208680,5.557620,183.051160,-323.805940,60157.265630,,3.360720,-399.314330
5.244000,0.654970,1.348390,5.321780,183.066060,-323.805730,60493.714840,,3.320980,-399.316380
5.246000,0.790830,1.218930,5.393550,183.082690,-323.805940,60627.656250,,3.394040,-399.317540
5.248000,0.681880,0.926700,4.214360,183.100830,-323.806240,60579.144530,1.000000,3.409420,-399.317290
5.250000,0.442200,0.553710,3.178710,183.119900,-323.806760,60762.656250,,3.497860,-399.315860
5.252000,0.180730,0.338380,3.947750,183.138720,-323.807190,60416.722660,,3.583740,-399.313960
5.254000,-0.005130,0.307620,4.706540,183.156460,-323.807340,60610.785160,,3.577330,-399.312440
5.256000,-0.020510,0.584470,5.567870,183.172470,-323.807040,60594.964840,1.000000,3.528630,-399.312190
5.258000,0.216610,1.002320,6.377930,183.187180,-323.806180,60597.070310,,3.363280,-399.313540
5.260000,0.529360,1.362490,6.634280,183.201750,-323.805630,60498.988280,,3.304320,-399.315610
5.262000,0.788270,1.358640,6.572750,183.217820,-323.805570,60677.226560,,3.317140,-399.317470
5.264000,0.885680,1.098450,6.234380,183.235630,-323.805820,60511.644530,1.000000,3.364560,-399.318270
5.266000,0.724180,0.651120,5.352540,183.254840,-323.806210,60654.023440,,3.387630,-399.317540
5.268000,0.485780,0.243530,3.711910,183.274490,-323.806850,61028.437500,,3.542720,-399.315800
5.270000,0.187130,0.032040,3.599120,183.293440,-323.807400,60764.769530,,3.600400,-399.313630
5.272000,-0.044860,0.066650,4.163090,183.310760,-323.807310,60783.753910,1.000000,3.565800,-399.311800
5.274000,-0.088440,0.422970,4.634770,183.326080,-323.806980,60737.347660,,3.517090,-399.311310
5.276000,0.126890,0.875430,5.055180,183.340190,-323.806300,60802.738280,,3.386350,-399.312590
5.278000,0.446040,1.243290,5.854980,183.354320,-323.805850,60885.003910,,3.335080,-399.314730
5.280000,0.697270,1.275330,5.424320,183.369840,-323.805790,60856.527340,1.000000,3.331240,-399.316650
5.282000,0.785710,1.080510,4.798830,183.387080,-323.806030,60591.800780,,3.391480,-399.317570
5.284000,0.633180,0.716490,4.296390,183.405730,-323.806400,60539.062500,,3.411990,-399.316990
5.286000,0.388370,0.365300,3.260740,183.424930,-323.806880,60837.542970,,3.532470,-399.315430
5.288000,0.132020,0.185850,3.824710,183.443570,-323.807310,60481.054690,1.000000,3.572200,-399.313570
5.290000,-0.025630,0.238400,5.157710,183.460880,-323.807340,60588.632810,,3.576050,-399.312230
5.292000,0.008970,0.597290,6.029300,183.476300,-323.806880,60416.722660,,3.495300,-399.312320
5.294000,0.281980,1.052310,6.152340,183.490620,-323.806000,60516.917970,,3.329960,-399.313930
5.296000,0.599850,1.370180,7.044430,183.505200,-323.805540,60613.949220,1.000000,3.303040,-399.316040
5.298000,0.830570,1.298400,6.654790,183.521510,-323.805600,60181.527340,,3.315860,-399.317720
5.300000,0.865170,1.015140,5.926760,183.539550,-323.805940,60666.679690,,3.354310,-399.318150
5.302000,0.669070,0.548580,5.393550,183.558910,-323.806300,60688.832030,,3.410710,-399.317110
5.304000,0.422970,0.187130,3.742680,183.578460,-323.807040,60830.160160,1.000000,3.556820,-399.315250
5.306000,0.129460,0.015380,3.291500,183.597140,-323.807460,60795.355470,,3.592710,-399.313110
5.308000,-0.069210,0.120480,4.532230,183.614090,-323.807310,60984.144530,,3.558110,-399.311550
5.310000,-0.055110,0.516540,4.737300,183.629100,-323.806880,60683.558590,,3.491460,-399.311460
5.312000,0.192260,0.975400,4.860350,183.643140,-323.806210,60717.308590,1.000000,3.370970,-399.313020
5.314000,0.513980,1.295840,5.598630,183.657460,-323.805820,60633.984380,,3.338930,-399.315190
5.316000,0.735720,1.283020,5.311520,183.673320,-323.805820,60770.042970,,3.342770,-399.316960
5.318000,0.772890,1.061280,4.480960,183.690860,-323.806120,60938.792970,,3.390200,-399.317540
5.320000,0.585750,0.674190,4.122070,183.709690,-323.806490,60810.121090,1.000000,3.435060,-399.316710
5.322000,0.337100,0.353760,3.137700,183.728880,-323.807040,59982.187500,,3.545290,-399.315030
5.324000,0.092290,0.178160,3.978520,183.747450,-323.807340,60540.121090,,3.570920,-399.313200
5.326000,-0.041020,0.271730,5.403810,183.764560,-323.807310,60628.714840,,3.570920,-399.312070
5.328000,0.048710,0.638310,6.234380,183.779830,-323.806730,60273.281250,1.000000,3.445310,-399.312560
5.330000,0.347350,1.075380,6.306150,183.794140,-323.805910,60552.777340,,3.317140,-399.314360
5.332000,0.657530,1.326600,6.890630,183.809010,-323.805510,60477.894530,,3.306880,-399.316470
5.334000,0.867740,1.197140,6.603520,183.825670,-323.805690,60359.769530,,3.326110,-399.317960
5.336000,0.853640,0.875430,5.937010,183.843900,-323.806030,60633.984380,1.000000,3.376100,-399.318120
5.338000,0.631900,0.424260,5.137210,183.863240,-323.806400,60675.121090,,3.428650,-399.316830
5.340000,0.365300,0.120480,3.824710,183.882480,-323.807190,60762.656250,,3.581180,-399.314850
5.342000,0.078190,0.014100,3.906740,183.900650,-323.807460,60839.648440,,3.588870,-399.312710
5.344000,-0.097410,0.203800,4.347660,183.916980,-323.807250,60891.332030,1.000000,3.549130,-399.311310
5.346000,-0.030760,0.634460,4.932130,183.931590,-323.806730,60780.585940,,3.456850,-399.311610
5.348000,0.252500,1.088200,5.147460,183.945480,-323.806120,61064.300780,,3.363280,-399.313390
5.350000,0.562680,1.343260,5.403810,183.960070,-323.805760,60725.746090,,3.331240,-399.315550
5.352000,0.749820,1.270200,4.839840,183.976300,-323.805850,60994.695310,1.000000,3.354310,-399.317140
5.354000,0.743410,1.001040,4.347660,183.994190,-323.806210,60853.363280,,3.409420,-399.317470
5.356000,0.528080,0.601140,3.424800,184.013290,-323.806550,60851.250000,,3.454280,-399.316410
5.358000,0.276860,0.294800,3.178710,184.032530,-323.807100,60842.816410,,3.559390,-399.314670
5.360000,0.056400,0.179440,4.368160,184.050900,-323.807370,60754.222660,1.000000,3.579900,-399.312960
5.360000,0.056400,0.179440,4.368160,184.050900,-323.807370,60754.222660,1.000000,3.579900,-399.312960
5.362000,-0.038450,0.355040,5.229490,184.067580,-323.807220,60444.144530,,3.563230,-399.312130
5.364000,0.106380,0.762630,6.316410,184.082570,-323.806520,60515.859380,,3.406860,-399.312960
5.366000,0.415280,1.198430,6.583010,184.096860,-323.805790,60623.441410,,3.326110,-399.314880
5.368000,0.703670,1.347110,6.541990,184.112180,-323.805510,60421.992190,1.000000,3.292790,-399.316890
5.370000,0.875430,1.159970,6.624020,184.129320,-323.805760,60725.746090,,3.341490,-399.318150
5.372000,0.795960,0.771610,5.875490,184.147990,-323.806030,61099.105470,,3.383790,-399.317930
5.374000,0.571660,0.319150,4.327150,184.167590,-323.806550,60588.632810,,3.450440,-399.316470
5.376000,0.305050,0.049990,3.927250,184.186830,-323.807280,60716.257810,1.000000,3.608090,-399.314480
5.378000,0.042300,-0.011540,4.204100,184.204800,-323.807400,60642.421880,,3.570920,-399.312470
5.380000,-0.093570,0.258910,4.450200,184.220720,-323.807190,60611.835940,,3.550420,-399.311400
5.382000,0.021790,0.734440,5.762700,184.234950,-323.806580,61023.164060,,3.431210,-399.312040
5.384000,0.326840,1.200990,5.424320,184.248720,-323.806000,60667.738280,1.000000,3.363280,-399.313960
5.386000,0.615230,1.388120,5.167970,184.263440,-323.805760,60639.257810,,3.329960,-399.316040
5.388000,0.769040,1.266360,5.260250,184.279970,-323.805940,60954.613280,,3.376100,-399.317410
5.390000,0.706240,0.983090,4.562990,184.297970,-323.806210,60770.042970,,3.414550,-399.317380
5.392000,0.474240,0.617800,3.096680,184.316990,-323.806640,60975.707030,1.000000,3.479920,-399.316100
5.394000,0.221740,0.366580,3.619630,184.335910,-323.807190,60929.300780,,3.574770,-399.314300
5.396000,0.024350,0.301210,4.655270,184.353840,-323.807310,60928.242190,,3.582460,-399.312710
5.398000,-0.028200,0.538330,5.270510,184.370060,-323.807130,60685.664060,,3.541440,-399.312160
5.400000,0.170470,0.953610,6.347170,184.384770,-323.806340,60767.933590,1.000000,3.386350,-399.313290
5.402000,0.485780,1.357360,6.213870,184.399150,-323.805630,60110.859380,,3.320980,-399.315340
5.404000,0.757510,1.403500,6.213870,184.414890,-323.805510,60423.046880,,3.299190,-399.317260
5.406000,0.885680,1.158690,6.408690,184.432460,-323.805790,60545.390630,,3.368410,-399.318240
5.408000,0.752380,0.720340,5.690920,184.451570,-323.806060,60586.527340,1.000000,3.378660,-399.317690
5.410000,0.521670,0.266600,3.947750,184.471340,-323.806670,60872.347660,,3.499150,-399.316100
5.412000,0.238400,0.012820,3.670900,184.490630,-323.807310,60507.421880,,3.617070,-399.314000
5.414000,-0.002560,-0.028200,4.296390,184.508470,-323.807370,60563.324220,,3.570920,-399.312100
5.416000,-0.089720,0.273010,4.675780,184.524220,-323.807070,60736.292970,1.000000,3.544010,-399.311340
5.418000,0.083310,0.729310,5.403810,184.538480,-323.806400,60659.300780,,3.403020,-399.312380
5.420000,0.394780,1.133060,5.742190,184.552550,-323.805910,60564.378910,,3.363280,-399.314420
5.422000,0.663940,1.229190,5.588380,184.567810,-323.805730,60673.011720,,3.333800,-399.316410
5.424000,0.788270,1.071530,4.973140,184.584750,-323.805970,60804.847660,1.000000,3.390200,-399.317540
5.426000,0.669070,0.742130,4.245120,184.603120,-323.806270,60789.023440,,3.418400,-399.317200
5.428000,0.430660,0.389650,3.199220,184.622190,-323.806760,61095.941410,,3.509400,-399.315730
5.430000,0.171750,0.189700,3.588870,184.640870,-323.807190,60677.226560,,3.577330,-399.313870
5.432000,-0.010250,0.198670,4.686040,184.658360,-323.807310,60776.371090,1.000000,3.578610,-399.312380
5.434000,-0.017940,0.510130,5.526860,184.674030,-323.806980,60777.425780,,3.519650,-399.312160
5.436000,0.230710,0.960020,6.121580,184.688370,-323.806120,60641.371090,,3.358150,-399.313600
5.438000,0.547300,1.334290,6.695800,184.702730,-323.805570,60829.105470,,3.305600,-399.315700
5.440000,0.799800,1.325320,6.562500,184.718630,-323.805570,60866.019530,1.000000,3.314580,-399.317540
5.442000,0.883120,1.089480,5.875490,184.736270,-323.805850,60720.468750,,3.364560,-399.318240
5.444000,0.712650,0.665220,5.516600,184.755290,-323.806210,60545.390630,,3.388920,-399.317410
5.446000,0.472960,0.283260,3.896480,184.774730,-323.806850,60801.679690,,3.532470,-399.315640
5.448000,0.180730,0.092290,3.414550,184.793460,-323.807400,60508.476560,1.000000,3.599120,-399.313540
5.450000,-0.042300,0.161500,4.439940,184.810590,-323.807340,60719.417970,,3.569640,-399.311740
5.452000,-0.080750,0.547300,4.901370,184.825760,-323.806950,60309.144530,,3.510680,-399.311310
5.454000,0.138430,1.007450,4.911620,184.839800,-323.806300,60446.257810,,3.383790,-399.312650
5.456000,0.455020,1.367610,6.326660,184.853970,-323.805880,60541.175780,1.000000,3.347900,-399.314790
5.458000,0.699830,1.386840,5.547360,184.869630,-323.805790,60198.402340,,3.332520,-399.316620
5.460000,0.779300,1.175350,4.809080,184.886980,-323.806060,60547.503910,,3.390200,-399.317500
5.462000,0.625490,0.792110,4.286130,184.905750,-323.806430,60484.222660,,3.420960,-399.316890
5.464000,0.381960,0.425540,3.260740,184.925090,-323.806950,60978.867190,1.000000,3.535030,-399.315340
5.466000,0.128170,0.203800,3.506840,184.944000,-323.807280,60719.417970,,3.561950,-399.313480
5.468000,-0.028200,0.224300,5.014160,184.961550,-323.807310,60869.179690,,3.572200,-399.312160
5.470000,0.012820,0.547300,6.039550,184.977220,-323.806850,60644.535160,,3.483760,-399.312320
5.472000,0.290950,0.980530,5.896000,184.991730,-323.806000,60679.339840,1.000000,3.332520,-399.313960
5.474000,0.613950,1.277890,6.490720,185.006470,-323.805540,60643.484380,,3.306880,-399.316130
5.476000,0.843380,1.197140,6.572750,185.022930,-323.805660,60628.714840,,3.320980,-399.317780
5.478000,0.869020,0.890810,5.793460,185.041030,-323.805970,61028.437500,,3.364560,-399.318150
5.480000,0.670350,0.426820,5.116700,185.060390,-323.806340,60977.812500,1.000000,3.411990,-399.317050
5.482000,0.420410,0.088440,3.640140,185.079820,-323.807040,60726.800780,,3.556820,-399.315190
5.484000,0.128170,-0.064090,3.465820,185.098330,-323.807460,60536.957030,,3.588870,-399.313080
5.486000,-0.073060,0.065370,4.460450,185.114990,-323.807280,60727.851560,,3.552980,-399.311460
5.488000,-0.053830,0.502440,4.993650,185.129680,-323.806820,60373.476560,1.000000,3.476070,-399.311400
5.490000,0.198670,0.998470,5.014160,185.143430,-323.806210,60643.484380,,3.370970,-399.312990
5.492000,0.519100,1.320190,5.680660,185.157620,-323.805820,60365.042970,,3.336360,-399.315190
5.494000,0.737000,1.295840,5.639650,185.173480,-323.805880,60419.886720,,3.344060,-399.316890
5.496000,0.769040,1.072810,4.727050,185.190980,-323.806180,60723.636720,1.000000,3.395320,-399.317470
5.498000,0.576780,0.692140,4.009280,185.209780,-323.806520,60816.445310,,3.437620,-399.316590
5.500000,0.324280,0.380680,3.312010,185.228930,-323.807040,60556.996090,,3.547850,-399.314910
5.502000,0.083310,0.229430,4.111820,185.247380,-323.807310,60887.113280,,3.567080,-399.313110
5.504000,-0.038450,0.349910,4.993650,185.264340,-323.807280,60859.691410,1.000000,3.568360,-399.312040
5.504000,-0.038450,0.349910,4.993650,185.264340,-323.807280,60859.691410,1.000000,3.568360,-399.312040
5.506000,0.056400,0.722900,6.019040,185.279560,-323.806670,60677.226560,,3.436340,-399.312560
5.508000,0.356320,1.151000,6.418950,185.293930,-323.805880,60944.070310,,3.322270,-399.314390
5.510000,0.666500,1.366330,6.521480,185.308980,-323.805510,60601.292970,,3.305600,-399.316530
5.512000,0.870300,1.221500,6.039550,185.325820,-323.805730,60666.679690,1.000000,3.332520,-399.317990
5.514000,0.840820,0.856200,5.916500,185.344300,-323.806030,60742.617190,,3.377380,-399.318050
5.516000,0.620360,0.396060,4.675780,185.363830,-323.806430,60768.988280,,3.431210,-399.316740
5.518000,0.357600,0.084590,3.763180,185.383220,-323.807190,61038.988280,,3.585020,-399.314790
5.520000,0.076900,-0.028200,4.029790,185.401520,-323.807430,60937.738280,1.000000,3.585020,-399.312680
5.522000,-0.091000,0.166630,4.296390,185.417860,-323.807220,60573.867190,,3.549130,-399.311310
5.524000,-0.016660,0.611390,5.167970,185.432370,-323.806700,60570.707030,,3.451720,-399.311680
5.526000,0.273010,1.075380,5.537110,185.446170,-323.806060,60745.785160,,3.363280,-399.313480
5.528000,0.575500,1.308650,5.444820,185.460720,-323.805790,60605.511720,1.000000,3.335080,-399.315610
5.530000,0.760070,1.217650,5.291020,185.477010,-323.805910,60704.648440,,3.367130,-399.317170
5.532000,0.739560,0.940800,4.911620,185.494860,-323.806210,60560.160160,,3.408140,-399.317440
5.534000,0.524230,0.551150,3.322270,185.513870,-323.806610,60568.593750,,3.463260,-399.316310
5.536000,0.269170,0.260190,3.476070,185.532990,-323.807130,60773.203130,1.000000,3.564510,-399.314540
5.538000,0.046140,0.162780,4.737300,185.551210,-323.807310,60674.062500,,3.572200,-399.312840
5.540000,-0.047420,0.355040,5.270510,185.567720,-323.807190,60506.371090,,3.555540,-399.312010
5.542000,0.114070,0.770320,6.439450,185.582580,-323.806490,61054.808590,,3.408140,-399.312930
5.544000,0.425540,1.211240,6.552250,185.596830,-323.805730,60654.023440,1.000000,3.322270,-399.314880
5.546000,0.712650,1.347110,6.234380,185.612150,-323.805540,60543.281250,,3.304320,-399.316930
5.548000,0.880550,1.166380,6.357420,185.629270,-323.805790,60974.656250,,3.353030,-399.318150
5.550000,0.793400,0.792110,5.844730,185.647900,-323.806060,60804.847660,,3.379940,-399.317870
5.552000,0.563960,0.349910,3.978520,185.667420,-323.806580,60833.324220,1.000000,3.461980,-399.316410
5.554000,0.290950,0.083310,3.527340,185.686600,-323.807310,60936.687500,,3.609380,-399.314360
5.556000,0.030760,0.023070,4.101560,185.704540,-323.807400,60777.425780,,3.567080,-399.312380
5.558000,-0.094850,0.284550,4.357910,185.720550,-323.807130,60954.613280,,3.546570,-399.311340
5.560000,0.032040,0.730590,5.157710,185.734990,-323.806520,60770.042970,1.000000,3.427370,-399.312070
5.562000,0.335820,1.159970,5.229490,185.748990,-323.805970,60902.933590,,3.365840,-399.314030
5.564000,0.622920,1.312500,5.342290,185.764010,-323.805790,60389.300780,,3.338930,-399.316100
5.566000,0.778020,1.181760,5.393550,185.780750,-323.805970,60762.656250,,3.383790,-399.317410
5.568000,0.704960,0.869020,4.562990,185.798970,-323.806240,60490.550780,1.000000,3.418400,-399.317380
5.570000,0.472960,0.494750,3.188960,185.818050,-323.806700,60754.222660,,3.488890,-399.316070
5.572000,0.215330,0.271730,3.640140,185.836900,-323.807190,60418.832030,,3.581180,-399.314240
5.574000,0.014100,0.224300,4.932130,185.854740,-323.807310,60646.640630,,3.576050,-399.312590
5.576000,-0.029480,0.487060,5.660160,185.870760,-323.807040,60615.003910,1.000000,3.540160,-399.312160
5.578000,0.178160,0.915160,6.357420,185.885330,-323.806240,60652.972660,,3.378660,-399.313320
5.580000,0.494750,1.315060,6.931640,185.899640,-323.805570,60571.761720,,3.318420,-399.315370
5.582000,0.762630,1.350950,6.675290,185.915340,-323.805510,60600.238280,,3.308170,-399.317290
5.584000,0.883120,1.117680,5.988280,185.932860,-323.805790,60648.753910,1.000000,3.365840,-399.318240
5.586000,0.747250,0.695980,5.506350,185.951860,-323.806090,60693.046880,,3.382510,-399.317660
5.588000,0.516540,0.264040,3.988770,185.971470,-323.806700,61190.859380,,3.501710,-399.316040
5.590000,0.229430,0.032040,3.353030,185.990480,-323.807310,60802.738280,,3.609380,-399.313930
5.592000,-0.008970,0.025630,4.040040,186.007980,-323.807340,60784.808590,1.000000,3.572200,-399.312010
5.594000,-0.089720,0.369140,4.583500,186.023450,-323.807040,60751.054690,,3.537600,-399.311310
5.596000,0.088440,0.834410,5.044920,186.037550,-323.806370,60787.972660,,3.405580,-399.312410
5.598000,0.401180,1.236880,5.588380,186.051540,-323.805880,61053.753910,,3.356870,-399.314450
5.600000,0.667790,1.312500,5.588380,186.066880,-323.805730,60826.996090,1.000000,3.328670,-399.316440
5.602000,0.784420,1.140750,4.665530,186.083940,-323.805970,60663.519530,,3.390200,-399.317500
5.604000,0.662660,0.774170,4.132320,186.102520,-323.806300,60591.800780,,3.410710,-399.317140
5.606000,0.422970,0.384520,3.404300,186.121890,-323.806820,60797.468750,,3.515810,-399.315670
5.608000,0.164060,0.137150,3.445310,186.140930,-323.807220,60388.246090,1.000000,3.569640,-399.313810
5.610000,-0.015380,0.111510,4.706540,186.158750,-323.807310,60654.023440,,3.581180,-399.312320
5.612000,-0.012820,0.403750,5.937010,186.174670,-323.806980,60304.925780,,3.514530,-399.312190
5.614000,0.237120,0.842100,6.142090,186.189190,-323.806120,60419.886720,,3.354310,-399.313660
5.616000,0.561400,1.198430,6.870120,186.203660,-323.805600,60594.964840,1.000000,3.306880,-399.315770
5.618000,0.815190,1.184330,7.290530,186.219670,-323.805630,59903.089840,,3.320980,-399.317600
5.620000,0.889530,0.934390,5.926760,186.237380,-323.805910,60558.046880,,3.362000,-399.318270
5.622000,0.715210,0.488340,5.516600,186.256470,-323.806240,60480.000000,,3.392760,-399.317410
5.624000,0.470400,0.120480,4.040040,186.275880,-323.806880,60722.578130,1.000000,3.535030,-399.315610
5.626000,0.173030,-0.066650,3.353030,186.294570,-323.807370,60720.468750,,3.582460,-399.313420
5.628000,-0.053830,-0.001280,4.429690,186.311630,-323.807280,61076.957030,,3.559390,-399.311610
5.630000,-0.084590,0.388370,5.003910,186.326660,-323.806920,60720.468750,,3.499150,-399.311250
5.632000,0.139710,0.880550,4.911620,186.340530,-323.806270,60768.988280,1.000000,3.378660,-399.312620
5.634000,0.460140,1.243290,5.578130,186.354570,-323.805880,60782.699220,,3.344060,-399.314790
5.636000,0.702390,1.271480,5.680660,186.370130,-323.805910,60822.777340,,3.349180,-399.316650
5.638000,0.774170,1.080510,4.665530,186.387340,-323.806120,61104.378910,,3.387630,-399.317470
5.640000,0.616520,0.743410,3.927250,186.405870,-323.806460,60959.886720,1.000000,3.420960,-399.316860
5.642000,0.371700,0.431950,2.830080,186.424870,-323.806980,60739.460940,,3.538880,-399.315250
5.644000,0.121770,0.261470,3.660640,186.443340,-323.807310,60461.019530,,3.560670,-399.313420
5.646000,-0.029480,0.333250,4.932130,186.460490,-323.807310,60654.023440,,3.567080,-399.312160
5.648000,0.017940,0.685730,6.060060,186.475910,-323.806790,60241.644530,1.000000,3.473510,-399.312380
5.650000,0.298650,1.115110,5.916500,186.490300,-323.805970,60471.566410,,3.327390,-399.314030
5.652000,0.615230,1.386840,6.500980,186.505140,-323.805540,60313.359380,,3.306880,-399.316160
5.654000,0.839540,1.253540,6.747070,186.521870,-323.805660,60250.078130,,3.319700,-399.317780
5.656000,0.860050,0.897220,6.049800,186.540270,-323.806000,60524.300780,1.000000,3.362000,-399.318120
5.658000,0.657530,0.397340,5.044920,186.559940,-323.806340,60542.230470,,3.411990,-399.316990
5.660000,0.403750,0.048710,4.050290,186.579620,-323.807070,60719.417970,,3.554260,-399.315120
5.662000,0.115360,-0.123050,3.855470,186.598340,-323.807460,60892.386720,,3.582460,-399.312990
5.664000,-0.075620,0.008970,4.306640,186.615140,-323.807310,60871.292970,1.000000,3.556820,-399.311460
5.666000,-0.043580,0.439640,4.932130,186.629940,-323.806850,60775.316410,,3.474790,-399.311490
5.668000,0.217900,0.927980,5.352540,186.643770,-323.806210,61069.574220,,3.368410,-399.313140
5.670000,0.533200,1.230470,5.557620,186.658080,-323.805820,60665.628910,,3.341490,-399.315310
5.672000,0.743410,1.197140,5.014160,186.674030,-323.805910,60831.210940,1.000000,3.351750,-399.316990
5.674000,0.761350,0.945920,4.798830,186.691620,-323.806210,60965.156250,,3.397890,-399.317500
5.676000,0.563960,0.570370,3.629880,186.710420,-323.806520,60893.441410,,3.441470,-399.316560
5.678000,0.314030,0.275570,3.168460,186.729510,-323.807070,60893.441410,,3.544010,-399.314850
5.680000,0.079470,0.148680,4.275880,186.747820,-323.807310,60740.511720,1.000000,3.563230,-399.313080
5.680000,0.079470,0.148680,4.275880,186.747820,-323.807310,60740.511720,1.000000,3.563230,-399.313080
5.682000,-0.042300,0.288390,4.819340,186.764620,-323.807250,60330.238280,,3.559390,-399.312010
5.684000,0.062810,0.675480,5.926760,186.779680,-323.806640,60286.996090,,3.431210,-399.312620
5.686000,0.367860,1.126650,6.654790,186.793880,-323.805910,60606.566410,,3.331240,-399.314480
5.688000,0.674190,1.345830,6.295900,186.808870,-323.805570,60326.015630,1.000000,3.308170,-399.316590
5.690000,0.870300,1.197140,6.213870,186.825680,-323.805790,60558.046880,,3.338930,-399.318020
5.692000,0.829280,0.863890,6.295900,186.844070,-323.806060,60331.292970,,3.379940,-399.318020
5.694000,0.606260,0.406310,4.552730,186.863540,-323.806490,60359.769530,,3.437620,-399.316680
5.696000,0.343510,0.108950,4.152830,186.882830,-323.807190,60666.679690,1.000000,3.578610,-399.314700
5.698000,0.067930,0.005130,4.398930,186.901030,-323.807370,60699.378910,,3.572200,-399.312620
5.700000,-0.093570,0.207640,4.460450,186.917340,-323.807190,60541.175780,,3.546570,-399.311310
5.702000,-0.012820,0.638310,5.783200,186.931930,-323.806640,60715.195310,,3.436340,-399.311740
5.704000,0.279420,1.088200,5.598630,186.945830,-323.806060,60777.425780,1.000000,3.365840,-399.313600
5.706000,0.585750,1.300960,5.455080,186.960590,-323.805820,60688.832030,,3.338930,-399.315730
5.708000,0.767760,1.194580,5.167970,186.977050,-323.805970,61112.816410,,3.367130,-399.317260
5.710000,0.740840,0.902340,4.757810,186.995040,-323.806240,60820.664060,,3.409420,-399.317470
5.712000,0.516540,0.525510,3.229980,187.014070,-323.806640,60903.988280,1.000000,3.465820,-399.316310
5.714000,0.261470,0.247380,3.178710,187.033100,-323.807190,60922.972660,,3.567080,-399.314510
5.716000,0.042300,0.147400,4.675780,187.051270,-323.807310,60958.832030,,3.567080,-399.312810
5.718000,-0.039730,0.328130,5.157710,187.067780,-323.807160,60902.933590,,3.550420,-399.312040
5.720000,0.121770,0.712650,5.998540,187.082690,-323.806460,60747.894530,1.000000,3.401730,-399.312990
5.722000,0.437070,1.127930,6.224120,187.097050,-323.805730,60877.621090,,3.327390,-399.314940
5.724000,0.726750,1.234310,6.275390,187.112530,-323.805510,60424.105470,,3.295350,-399.316990
5.726000,0.889530,1.022830,6.101070,187.129850,-323.805790,60572.816410,,3.359440,-399.318210
5.728000,0.789550,0.631900,5.772950,187.148700,-323.806060,60432.542970,1.000000,3.379940,-399.317870
5.730000,0.560120,0.180730,4.163090,187.168330,-323.806610,60636.097660,,3.465820,-399.316350
5.732000,0.279420,-0.076900,3.619630,187.187550,-323.807280,60452.582030,,3.609380,-399.314270
5.734000,0.019230,-0.124330,4.357910,187.205380,-323.807370,60463.128910,,3.564510,-399.312260
5.736000,-0.103820,0.170470,4.768070,187.221070,-323.807130,60776.371090,1.000000,3.552980,-399.311250
5.738000,0.032040,0.660100,5.260250,187.235140,-323.806490,60591.800780,,3.419680,-399.312040
5.740000,0.344790,1.139470,5.865230,187.248790,-323.805940,60624.496090,,3.367130,-399.314060
5.742000,0.630620,1.306090,5.711430,187.263550,-323.805760,60538.007810,,3.332520,-399.316160
5.744000,0.784420,1.190730,4.993650,187.280060,-323.805970,60838.593750,1.000000,3.382510,-399.317440
5.746000,0.698550,0.895940,4.306640,187.298140,-323.806240,60848.093750,,3.415830,-399.317350
5.748000,0.465270,0.510130,3.281250,187.317230,-323.806700,61242.542970,,3.483760,-399.316010
5.750000,0.206360,0.247380,3.229980,187.336230,-323.807190,60759.496090,,3.574770,-399.314150
5.752000,0.007690,0.184570,4.501460,187.354230,-323.807310,60745.785160,1.000000,3.572200,-399.312560
5.754000,-0.030760,0.424260,5.588380,187.370510,-323.807040,60928.242190,,3.528630,-399.312130
5.756000,0.184570,0.833130,6.080570,187.385300,-323.806270,60716.257810,,3.382510,-399.313350
5.758000,0.503720,1.224060,6.398440,187.399800,-323.805660,61170.824220,,3.320980,-399.315460
5.760000,0.775450,1.253540,6.439450,187.415650,-323.805600,60868.128910,1.000000,3.318420,-399.317350
5.762000,0.892090,1.029240,5.649900,187.433210,-323.805880,60785.859380,,3.376100,-399.318270
5.764000,0.747250,0.606260,5.260250,187.452190,-323.806150,60466.292970,,3.382510,-399.317660
5.766000,0.511410,0.193540,4.224610,187.471740,-323.806760,60773.203130,,3.514530,-399.316010
5.768000,0.217900,-0.026920,3.250490,187.490690,-323.807280,60371.367190,1.000000,3.592710,-399.313840
5.770000,-0.024350,-0.023070,4.070800,187.508120,-323.807280,60671.953130,,3.556820,-399.311950
5.772000,-0.093570,0.325560,5.096190,187.523470,-323.806950,60302.812500,,3.527340,-399.311280
5.774000,0.096130,0.803650,5.229490,187.537460,-323.806340,60413.558590,,3.391480,-399.312410
5.776000,0.415280,1.193300,5.701170,187.551450,-323.805880,60665.628910,1.000000,3.359440,-399.314480
5.778000,0.672910,1.249690,6.060060,187.566830,-323.805820,60313.359380,,3.338930,-399.316440
5.780000,0.780580,1.068970,4.829590,187.583890,-323.806060,60581.250000,,3.395320,-399.317470
5.782000,0.649840,0.720340,4.070800,187.602430,-323.806340,60408.281250,,3.411990,-399.317050
5.784000,0.410160,0.361450,3.547850,187.621610,-323.806880,60943.007810,1.000000,3.522220,-399.315580
5.786000,0.156370,0.153810,3.445310,187.640400,-323.807250,60719.417970,,3.573490,-399.313720
5.788000,-0.016660,0.160220,4.716800,187.657940,-323.807310,60944.070310,,3.569640,-399.312290
5.790000,-0.006410,0.487060,5.988280,187.673650,-323.806920,60560.160160,,3.513240,-399.312230
5.792000,0.249940,0.935670,6.101070,187.688100,-323.806060,60618.167970,1.000000,3.347900,-399.313720
5.794000,0.569090,1.272770,6.521480,187.702640,-323.805570,60679.339840,,3.308170,-399.315860
5.796000,0.812620,1.222780,6.747070,187.718890,-323.805630,60734.183590,,3.327390,-399.317630
5.798000,0.870300,0.930540,5.803710,187.736890,-323.805940,61046.371090,,3.360720,-399.318210
5.800000,0.690860,0.460140,4.962890,187.756240,-323.806240,60944.070310,1.000000,3.392760,-399.317260
5.802000,0.448610,0.089720,3.906740,187.775830,-323.806880,60777.425780,,3.538880,-399.315460
5.804000,0.157650,-0.106380,3.455570,187.794680,-323.807370,60419.886720,,3.574770,-399.313350
5.806000,-0.055110,-0.037170,4.368160,187.811810,-323.807280,60755.273440,,3.560670,-399.311650
5.808000,-0.069210,0.351200,4.993650,187.826870,-323.806920,60409.339840,1.000000,3.499150,-399.311370
5.810000,0.161500,0.839540,5.116700,187.840740,-323.806240,60592.859380,,3.378660,-399.312810
5.812000,0.480650,1.199710,5.639650,187.854840,-323.805880,60392.460940,,3.346620,-399.314970
5.814000,0.719060,1.213810,5.731930,187.870470,-323.805910,60492.656250,,3.351750,-399.316800
5.816000,0.781860,1.010010,4.839840,187.887770,-323.806150,60774.257810,1.000000,3.392760,-399.317570
5.818000,0.611390,0.633180,3.814450,187.906460,-323.806460,60773.203130,,3.418400,-399.316860
5.820000,0.362730,0.324280,3.301760,187.925570,-323.806980,60683.558590,,3.544010,-399.315190
5.822000,0.107670,0.137150,4.357910,187.944200,-323.807280,61059.023440,,3.555540,-399.313350
5.824000,-0.039730,0.211490,4.634770,187.961410,-323.807250,60897.656250,1.000000,3.558110,-399.312070
5.826000,0.019230,0.562680,5.803710,187.976810,-323.806760,60831.210940,,3.472230,-399.312350
5.828000,0.303770,0.998470,6.408690,187.991170,-323.805970,61067.460940,,3.326110,-399.314060
5.830000,0.626770,1.286870,6.326660,188.005890,-323.805600,60660.355470,,3.319700,-399.316220
5.832000,0.845950,1.186890,6.234380,188.022370,-323.805730,60831.210940,1.000000,3.331240,-399.317840
5.834000,0.865170,0.897220,6.172850,188.040420,-323.806060,60776.371090,,3.368410,-399.318150
5.836000,0.656250,0.449890,4.778320,188.059680,-323.806370,60744.730470,,3.418400,-399.316990
5.838000,0.397340,0.124330,3.722170,188.078980,-323.807070,61123.363280,,3.551700,-399.315060
5.840000,0.108950,-0.011540,3.916990,188.097350,-323.807370,60975.707030,1.000000,3.574770,-399.312960
5.840000,0.108950,-0.011540,3.916990,188.097350,-323.807370,60975.707030,1.000000,3.574770,-399.312960
5.842000,-0.083310,0.126890,4.060550,188.113980,-323.807220,60778.476560,,3.542720,-399.311400
5.844000,-0.044860,0.544740,4.737300,188.128750,-323.806760,60442.031250,,3.464540,-399.311460
5.846000,0.217900,1.006160,5.701170,188.142670,-323.806150,60706.761720,,3.359440,-399.313140
5.848000,0.534480,1.281740,5.393550,188.157210,-323.805850,60395.628910,1.000000,3.337650,-399.315340
5.850000,0.744690,1.204830,5.167970,188.173450,-323.805940,60619.218750,,3.359440,-399.317020
5.852000,0.754940,0.938230,5.280760,188.191310,-323.806210,60457.851560,,3.391480,-399.317500
5.854000,0.556270,0.547300,3.609380,188.210340,-323.806580,60533.792970,,3.444030,-399.316560
5.856000,0.308900,0.260190,3.240230,188.229540,-323.807130,60754.222660,1.000000,3.555540,-399.314850
5.858000,0.074340,0.121770,4.614260,188.247990,-323.807340,60435.707030,,3.556820,-399.313080
5.860000,-0.043580,0.260190,5.157710,188.264850,-323.807250,60553.828130,,3.560670,-399.312070
5.862000,0.073060,0.639590,6.029300,188.279980,-323.806610,60365.042970,,3.423520,-399.312710
5.864000,0.378110,1.075380,6.880370,188.294300,-323.805850,60836.488280,1.000000,3.324830,-399.314610
5.866000,0.684450,1.274050,6.336910,188.309420,-323.805540,60625.550780,,3.300480,-399.316710
5.868000,0.877990,1.103580,6.213870,188.326370,-323.805790,60994.695310,,3.333800,-399.318120
5.870000,0.826720,0.749820,6.029300,188.344890,-323.806060,60767.933590,,3.376100,-399.318020
5.872000,0.601140,0.296080,4.388670,188.364400,-323.806490,60755.273440,1.000000,3.431210,-399.316650
5.874000,0.333250,0.016660,3.578610,188.383680,-323.807190,60892.386720,,3.574770,-399.314640
5.876000,0.061520,-0.091000,4.122070,188.401840,-323.807370,60837.542970,,3.560670,-399.312560
5.878000,-0.096130,0.126890,4.296390,188.417970,-323.807220,61290.003910,,3.544010,-399.311310
5.880000,-0.006410,0.602420,4.880860,188.432280,-323.806640,60823.828130,1.000000,3.431210,-399.311770
5.882000,0.289670,1.093320,5.188480,188.445970,-323.806060,61011.566410,,3.359440,-399.313630
5.884000,0.587040,1.309940,5.557620,188.460570,-323.805850,60235.316410,,3.336360,-399.315770
5.886000,0.765200,1.213810,5.014160,188.476930,-323.806030,60891.332030,,3.369690,-399.317260
5.888000,0.729310,0.944640,4.573240,188.494830,-323.806270,60470.511720,1.000000,3.397890,-399.317410
5.890000,0.506290,0.569090,3.342770,188.513790,-323.806670,60707.812500,,3.464540,-399.316250
5.892000,0.252500,0.296080,3.260740,188.532810,-323.807190,60327.070310,,3.560670,-399.314480
5.894000,0.039730,0.192260,4.604000,188.550980,-323.807310,60619.218750,,3.559390,-399.312770
5.896000,-0.042300,0.389650,5.414060,188.567460,-323.807160,60855.476560,1.000000,3.541440,-399.312040
5.898000,0.126890,0.780580,6.121580,188.582380,-323.806460,60376.640630,,3.392760,-399.313020
5.900000,0.444760,1.197140,6.685550,188.596760,-323.805790,60520.078130,,3.331240,-399.315030
5.902000,0.730590,1.297120,6.747070,188.612290,-323.805600,60524.300780,,3.301760,-399.317050
5.904000,0.883120,1.079220,6.162600,188.629640,-323.805880,60762.656250,1.000000,3.362000,-399.318210
5.906000,0.780580,0.672910,5.475590,188.648510,-323.806120,60794.300780,,3.377380,-399.317840
5.908000,0.552430,0.215330,4.398930,188.668200,-323.806640,61254.144530,,3.468380,-399.316310
5.910000,0.271730,-0.053830,3.435060,188.687470,-323.807250,60734.183590,,3.591430,-399.314240
5.912000,0.016660,-0.123050,3.937500,188.705440,-323.807310,60790.085940,1.000000,3.547850,-399.312260
5.914000,-0.099980,0.147400,4.778320,188.721280,-323.807100,60842.816410,,3.537600,-399.311310
5.916000,0.039730,0.617800,5.055180,188.735550,-323.806490,60771.097660,,3.401730,-399.312130
5.918000,0.353760,1.062560,5.352540,188.749420,-323.806000,61008.398440,,3.363280,-399.314150
5.920000,0.638310,1.199710,5.721680,188.764480,-323.805850,60882.894530,1.000000,3.335080,-399.316220
5.922000,0.785710,1.062560,4.788570,188.781220,-323.806060,60760.550780,,3.377380,-399.317470
5.924000,0.697270,0.743410,4.101560,188.799470,-323.806340,60553.828130,,3.406860,-399.317320
5.926000,0.462710,0.376830,3.711910,188.818570,-323.806790,60716.257810,,3.490170,-399.315980
5.928000,0.199950,0.149960,3.455570,188.837430,-323.807250,60330.238280,1.000000,3.570920,-399.314090
5.930000,0.000000,0.115360,4.368160,188.855210,-323.807310,60543.281250,,3.561950,-399.312470
5.932000,-0.033330,0.397340,5.978030,188.871170,-323.807040,60360.824220,,3.524780,-399.312070
5.934000,0.185850,0.834410,6.265140,188.885670,-323.806240,60368.207030,,3.367130,-399.313350
5.936000,0.513980,1.235600,6.613770,188.899990,-323.805660,60663.519530,1.000000,3.317140,-399.315460
5.938000,0.780580,1.257390,7.352050,188.915760,-323.805630,59988.519530,,3.313290,-399.317410
5.940000,0.888240,1.025390,5.967770,188.933320,-323.805910,60587.582030,,3.365840,-399.318270
5.942000,0.739560,0.597290,5.239750,188.952320,-323.806210,60515.859380,,3.377380,-399.317600
5.944000,0.503720,0.196110,4.409180,188.971830,-323.806790,60863.910160,1.000000,3.508120,-399.315920
5.946000,0.211490,-0.019230,3.322270,188.990770,-323.807310,60687.777340,,3.573490,-399.313780
5.948000,-0.028200,-0.014100,4.029790,189.008260,-323.807310,61073.789060,,3.556820,-399.311890
5.948000,-0.028200,-0.014100,4.029790,189.008260,-323.807310,61073.789060,,3.556820,-399.311890
5.950000,-0.096130,0.338380,4.891110,189.023640,-323.807010,60640.316410,,3.517090,-399.311280
5.952000,0.103820,0.813900,5.096190,189.037660,-323.806370,60643.484380,1.000000,3.383790,-399.312440
5.954000,0.421690,1.218930,5.475590,189.051620,-323.805940,60774.257810,,3.360720,-399.314540
5.956000,0.680600,1.277890,5.762700,189.067020,-323.805880,60731.019530,,3.336360,-399.316500
5.958000,0.788270,1.099730,4.788570,189.084060,-323.806120,61271.015630,,3.392760,-399.317540
5.960000,0.648560,0.744690,3.732420,189.102580,-323.806370,60881.835940,1.000000,3.405580,-399.317080
5.962000,0.411440,0.392210,3.517090,189.121750,-323.806920,60900.824220,,3.522220,-399.315550
5.964000,0.151250,0.185850,3.609380,189.140530,-323.807280,60359.769530,,3.563230,-399.313690
5.966000,-0.021790,0.196110,4.645020,189.158130,-323.807280,60726.800780,,3.558110,-399.312260
5.968000,-0.006410,0.499880,5.813960,189.173870,-323.806920,60197.347660,1.000000,3.499150,-399.312190
5.970000,0.253780,0.926700,6.357420,189.188430,-323.806090,60488.437500,,3.345340,-399.313720
5.972000,0.576780,1.249690,6.634280,189.203090,-323.805660,60360.824220,,3.308170,-399.315890
5.974000,0.819030,1.183040,6.736820,189.219440,-323.805690,60282.773440,,3.327390,-399.317630
5.976000,0.875430,0.888240,6.224120,189.237490,-323.806000,60553.828130,1.000000,3.364560,-399.318210
5.978000,0.689580,0.440920,5.229490,189.256810,-323.806300,60564.378910,,3.390200,-399.317230
5.980000,0.446040,0.089720,4.040040,189.276310,-323.806950,60776.371090,,3.538880,-399.315430
5.982000,0.151250,-0.085880,4.306640,189.295010,-323.807340,60439.925780,,3.563230,-399.313260
5.984000,-0.062810,0.001280,4.204100,189.312000,-323.807280,60975.707030,1.000000,3.556820,-399.311580
5.986000,-0.074340,0.414000,4.819340,189.326920,-323.806880,60829.105470,,3.487610,-399.311310
5.988000,0.164060,0.911320,5.516600,189.340730,-323.806240,61150.785160,,3.377380,-399.312810
5.990000,0.490910,1.274050,5.588380,189.354830,-323.805880,60837.542970,,3.340210,-399.314970
5.992000,0.724180,1.265080,5.147460,189.370540,-323.805940,60863.910160,1.000000,3.345340,-399.316800
5.994000,0.779300,1.061280,5.024410,189.387970,-323.806180,61012.621090,,3.391480,-399.317540
5.996000,0.601140,0.679320,3.824710,189.406720,-323.806490,60954.613280,,3.411990,-399.316770
5.998000,0.353760,0.365300,2.901860,189.425900,-323.807040,61041.097660,,3.547850,-399.315120
6.000000,0.105100,0.189700,4.091310,189.444520,-323.807310,60816.445310,1.000000,3.551700,-399.313290
6.000000,0.105100,0.189700,4.091310,189.444520,-323.807310,60816.445310,1.000000,3.551700,-399.313290
6.002000,-0.041020,0.261470,4.686040,189.461780,-323.807280,60753.167970,,3.556820,-399.312040
6.004000,0.028200,0.607540,5.690920,189.477230,-323.806760,60347.113280,,3.459410,-399.312410
6.006000,0.321720,1.033080,6.736820,189.491700,-323.805970,60671.953130,,3.327390,-399.314180
6.008000,0.640870,1.286870,6.326660,189.506650,-323.805600,60283.828130,1.000000,3.314580,-399.316310
6.010000,0.858760,1.159970,6.203610,189.523380,-323.805760,60658.246090,,3.332520,-399.317900
6.012000,0.856200,0.836980,6.675290,189.541700,-323.806060,60502.152340,,3.372250,-399.318120
6.014000,0.644710,0.374270,4.891110,189.561170,-323.806400,60474.730470,,3.414550,-399.316930
6.016000,0.385800,0.052550,3.701660,189.580630,-323.807100,60790.085940,1.000000,3.559390,-399.314970
6.018000,0.096130,-0.103820,4.245120,189.599110,-323.807340,60612.894530,,3.558110,-399.312840
6.020000,-0.094850,0.034610,4.306640,189.615710,-323.807190,60578.089840,,3.540160,-399.311310
6.022000,-0.043580,0.471680,4.593750,189.630330,-323.806760,60420.941410,,3.455570,-399.311460
6.024000,0.228150,0.961300,5.639650,189.644070,-323.806150,60679.339840,1.000000,3.367130,-399.313200
6.026000,0.547300,1.247130,5.424320,189.658430,-323.805850,60646.640630,,3.338930,-399.315400
6.028000,0.753660,1.185610,5.137210,189.674470,-323.805970,60984.144530,,3.362000,-399.317110
6.030000,0.758790,0.952330,4.932130,189.692110,-323.806240,60716.257810,,3.392760,-399.317540
6.032000,0.552430,0.571660,3.568360,189.710980,-323.806580,60832.265630,1.000000,3.441470,-399.316530
6.034000,0.297360,0.278140,3.035160,189.730070,-323.807160,60859.691410,,3.556820,-399.314790
6.036000,0.065370,0.133300,4.593750,189.748460,-323.807310,60821.722660,,3.551700,-399.312990
6.038000,-0.047420,0.266600,5.178220,189.765320,-323.807220,60946.175780,,3.554260,-399.312010
6.040000,0.075620,0.662660,5.896000,189.780430,-323.806610,60698.324220,1.000000,3.417110,-399.312710
6.042000,0.383240,1.104860,6.685550,189.794750,-323.805880,60759.496090,,3.331240,-399.314640
6.044000,0.688290,1.303530,6.541990,189.809910,-323.805630,60261.679690,,3.309450,-399.316710
6.046000,0.874150,1.134340,6.265140,189.826890,-323.805850,60712.035160,,3.347900,-399.318120
6.048000,0.820310,0.775450,5.772950,189.845460,-323.806090,60524.300780,1.000000,3.376100,-399.317990
6.050000,0.596010,0.310180,4.645020,189.865070,-323.806520,60805.902340,,3.440190,-399.316620
6.052000,0.325560,0.028200,3.845210,189.884400,-323.807190,60593.910160,,3.576050,-399.314610
6.054000,0.053830,-0.075620,4.214360,189.902630,-323.807310,60550.664060,,3.547850,-399.312530
6.056000,-0.102540,0.126890,4.634770,189.918900,-323.807160,60758.437500,1.000000,3.538880,-399.311310
6.058000,-0.003850,0.581910,5.126950,189.933400,-323.806580,60485.273440,,3.426090,-399.311830
6.060000,0.294800,1.049740,5.403810,189.947250,-323.806060,60534.847660,,3.358150,-399.313720
6.062000,0.598570,1.253540,5.783200,189.962010,-323.805880,60414.609380,,3.341490,-399.315890
6.064000,0.774170,1.153560,5.075680,189.978490,-323.806060,60848.093750,1.000000,3.374820,-399.317380
6.066000,0.729310,0.870300,4.337400,189.996460,-323.806300,60812.230470,,3.396610,-399.317500
6.068000,0.503720,0.497310,3.619630,190.015490,-323.806670,62016.679690,,3.469670,-399.316310
6.070000,0.243530,0.247380,3.168460,190.034470,-323.807190,60811.171880,,3.568360,-399.314480
6.072000,0.030760,0.167910,4.398930,190.052520,-323.807310,60746.839840,1.000000,3.554260,-399.312770
6.074000,-0.041020,0.384520,5.680660,190.068860,-323.807130,60843.867190,,3.540160,-399.312070
6.076000,0.138430,0.790830,6.183110,190.083680,-323.806400,60712.035160,,3.390200,-399.313110
6.078000,0.455020,1.204830,6.398440,190.098050,-323.805760,61048.476560,,3.328670,-399.315120
6.080000,0.739560,1.281740,6.818850,190.113650,-323.805600,60716.257810,1.000000,3.305600,-399.317140
6.082000,0.890810,1.063840,6.049800,190.131070,-323.805880,60853.363280,,3.360720,-399.318240
6.084000,0.779300,0.660100,5.362790,190.149950,-323.806150,60584.417970,,3.381230,-399.317810
6.086000,0.546020,0.221740,4.675780,190.169540,-323.806670,60790.085940,,3.473510,-399.316250
6.088000,0.258910,-0.008970,3.568360,190.188630,-323.807220,59327.230470,1.000000,3.581180,-399.314150
6.090000,0.002560,-0.051270,3.875980,190.206340,-323.807280,60735.234380,,3.545290,-399.312160
6.092000,-0.107670,0.249940,5.280760,190.222000,-323.807070,60352.386720,,3.536320,-399.311220
6.094000,0.044860,0.729310,5.291020,190.236130,-323.806430,60493.714840,,3.394040,-399.312130
6.096000,0.365300,1.165100,5.332030,190.249970,-323.805940,60659.300780,1.000000,3.358150,-399.314180
6.098000,0.647280,1.284300,6.234380,190.265080,-323.805820,60496.882810,,3.338930,-399.316250
6.100000,0.785710,1.120240,4.921880,190.282010,-323.806060,60528.519530,,3.377380,-399.317500
6.102000,0.683170,0.772890,3.947750,190.300450,-323.806300,60475.785160,,3.400450,-399.317260
6.104000,0.448610,0.399900,3.640140,190.319750,-323.806790,61046.371090,1.000000,3.496580,-399.315890
6.106000,0.190980,0.161500,3.424800,190.338810,-323.807280,60724.691410,,3.572200,-399.314060
6.108000,0.000000,0.108950,4.439940,190.356770,-323.807310,60996.800780,,3.561950,-399.312470
6.110000,-0.025630,0.381960,5.772950,190.372860,-323.807040,60516.917970,,3.522220,-399.312160
6.112000,0.203800,0.803650,6.306150,190.387530,-323.806240,60691.992190,1.000000,3.363280,-399.313480
6.114000,0.525510,1.184330,6.644530,190.401990,-323.805690,60789.023440,,3.323550,-399.315580
6.116000,0.792110,1.194580,6.726560,190.417940,-323.805660,60687.777340,,3.313290,-399.317440
6.118000,0.888240,0.948490,6.080570,190.435610,-323.805940,61055.859380,,3.369690,-399.318270
6.120000,0.730590,0.517820,5.137210,190.454700,-323.806210,60965.156250,1.000000,3.379940,-399.317540
6.122000,0.496030,0.119200,4.224610,190.474260,-323.806790,60939.843750,,3.510680,-399.315830
6.124000,0.198670,-0.098690,3.537600,190.493230,-323.807280,60437.812500,,3.561950,-399.313690
6.126000,-0.039730,-0.091000,4.040040,190.510650,-323.807250,60710.980470,,3.545290,-399.311800
6.128000,-0.099980,0.269170,4.716800,190.525920,-323.806980,60309.144530,1.000000,3.506840,-399.311190
6.130000,0.105100,0.775450,5.526860,190.539730,-323.806340,60421.992190,,3.372250,-399.312440
6.132000,0.431950,1.212520,5.772950,190.553500,-323.805940,60469.453130,,3.355590,-399.314610
6.134000,0.694700,1.285580,5.680660,190.568740,-323.805940,60448.363280,,3.338930,-399.316590
6.136000,0.794680,1.138180,5.178220,190.585650,-323.806180,60747.894530,1.000000,3.388920,-399.317540
6.138000,0.644710,0.815190,4.152830,190.604000,-323.806430,60667.738280,,3.397890,-399.317020
6.140000,0.402470,0.492190,3.301760,190.622970,-323.806980,60803.789060,,3.524780,-399.315460
6.142000,0.142270,0.303770,4.173340,190.641590,-323.807310,60440.980470,,3.556820,-399.313600
6.144000,-0.025630,0.323000,4.593750,190.659070,-323.807310,61022.113280,1.000000,3.549130,-399.312160
6.146000,-0.006410,0.625490,5.485840,190.674840,-323.806880,60719.417970,,3.488890,-399.312160
6.148000,0.258910,1.030520,6.418950,190.689530,-323.806090,61090.671880,,3.336360,-399.313720
6.150000,0.583190,1.329160,6.408690,190.704410,-323.805660,60866.019530,,3.306880,-399.315890
6.152000,0.825440,1.238160,6.111330,190.720990,-323.805760,60718.363280,1.000000,3.323550,-399.317660
6.154000,0.877990,0.931820,6.316410,190.739230,-323.806060,60840.710940,,3.360720,-399.318210
6.156000,0.689580,0.457580,5.065430,190.758760,-323.806340,60670.902340,,3.388920,-399.317200
6.158000,0.439640,0.084590,3.619630,190.778490,-323.807010,61161.332030,,3.535030,-399.315370
6.160000,0.140990,-0.121770,3.999020,190.797390,-323.807340,60888.167970,1.000000,3.547850,-399.313200
6.162000,-0.075620,-0.044860,4.255370,190.814540,-323.807280,60801.679690,,3.546570,-399.311490
6.164000,-0.073060,0.356320,4.634770,190.829540,-323.806880,60504.265630,,3.473510,-399.311310
6.166000,0.173030,0.858760,5.742190,190.843370,-323.806210,60760.550780,,3.363280,-399.312840
6.168000,0.501160,1.217650,5.598630,190.857470,-323.805880,60419.886720,1.000000,3.329960,-399.315060
6.168000,0.501160,1.217650,5.598630,190.857470,-323.805880,60419.886720,1.000000,3.329960,-399.315060
6.170000,0.737000,1.195860,5.260250,190.873280,-323.805970,60728.910160,,3.346620,-399.316890
6.172000,0.785710,0.983090,5.321780,190.890700,-323.806210,60507.421880,,3.381230,-399.317570
6.174000,0.599850,0.611390,3.896480,190.909470,-323.806520,60525.351560,,3.405580,-399.316770
6.176000,0.352480,0.302490,2.850590,190.928600,-323.807100,60914.535160,1.000000,3.547850,-399.315060
6.178000,0.097410,0.132020,4.368160,190.947140,-323.807370,60568.593750,,3.546570,-399.313230
6.180000,-0.044860,0.226870,4.850100,190.964230,-323.807310,60530.625000,,3.549130,-399.312010
6.182000,0.029480,0.603700,5.690920,190.979510,-323.806760,60474.730470,,3.450440,-399.312380
6.184000,0.325560,1.058720,6.603520,190.993790,-323.806000,60739.460940,1.000000,3.326110,-399.314180
6.186000,0.649840,1.327880,6.418950,191.008610,-323.805660,60487.382810,,3.309450,-399.316350
6.188000,0.866460,1.204830,6.193360,191.025240,-323.805790,60945.121090,,3.332520,-399.317930
6.190000,0.856200,0.903630,6.029300,191.043460,-323.806090,60688.832030,,3.368410,-399.318120
6.192000,0.637020,0.442200,4.778320,191.062850,-323.806460,60729.960940,1.000000,3.413270,-399.316860
6.194000,0.376830,0.119200,3.640140,191.082210,-323.807130,60985.195310,,3.551700,-399.314910
6.196000,0.088440,-0.016660,4.050290,191.100630,-323.807310,60739.460940,,3.540160,-399.312740
6.198000,-0.101260,0.125610,4.306640,191.117260,-323.807190,61146.566410,,3.528630,-399.311280
6.200000,-0.044860,0.554990,4.696290,191.131990,-323.806760,60775.316410,1.000000,3.445310,-399.311460
6.202000,0.234560,1.020260,5.660160,191.145890,-323.806180,60813.281250,,3.358150,-399.313260
6.204000,0.557560,1.290710,5.537110,191.160390,-323.805940,60316.527340,,3.340210,-399.315460
6.206000,0.762630,1.215090,5.075680,191.176620,-323.806060,60764.769530,,3.367130,-399.317140
6.208000,0.762630,0.960020,4.624510,191.194430,-323.806300,60426.214840,1.000000,3.387630,-399.317540
6.210000,0.546020,0.563960,3.886230,191.213410,-323.806610,60752.113280,,3.441470,-399.316500
6.212000,0.292240,0.278140,3.322270,191.232540,-323.807190,60503.203130,,3.561950,-399.314760
6.214000,0.060240,0.137150,4.409180,191.250930,-323.807340,60648.753910,,3.545290,-399.312960
6.216000,-0.049990,0.279420,5.465330,191.267760,-323.807190,60726.800780,1.000000,3.546570,-399.312010
6.218000,0.083310,0.657530,6.213870,191.282900,-323.806550,60482.113280,,3.406860,-399.312740
6.220000,0.394780,1.077940,6.459960,191.297320,-323.805850,60473.671880,,3.323550,-399.314670
6.222000,0.695980,1.234310,6.798340,191.312670,-323.805630,60482.113280,,3.306880,-399.316770
6.224000,0.879270,1.035640,6.398440,191.329860,-323.805880,61007.347660,1.000000,3.342770,-399.318120
6.226000,0.815190,0.654970,5.506350,191.348600,-323.806150,60714.144530,,3.374820,-399.317960
6.228000,0.588320,0.194820,4.839840,191.368240,-323.806580,62106.332030,,3.436340,-399.316560
6.230000,0.315310,-0.065370,3.701660,191.387480,-323.807220,61059.023440,,3.569640,-399.314510
6.232000,0.044860,-0.142270,3.865720,191.405500,-323.807310,60849.144530,1.000000,3.531190,-399.312440
6.234000,-0.107670,0.117920,4.716800,191.421400,-323.807160,60949.339840,,3.540160,-399.311250
6.236000,0.000000,0.626770,5.096190,191.435520,-323.806580,60766.875000,,3.411990,-399.311830
6.238000,0.306340,1.134340,5.167970,191.449010,-323.806030,60948.281250,,3.354310,-399.313780
6.240000,0.611390,1.347110,5.690920,191.463560,-323.805850,60792.191410,1.000000,3.332520,-399.315950
6.242000,0.776730,1.238160,5.034670,191.479970,-323.806060,60748.949220,,3.369690,-399.317380
6.244000,0.717770,0.947200,4.050290,191.497970,-323.806300,60512.699220,,3.386350,-399.317410
6.246000,0.490910,0.558840,3.670900,191.517090,-323.806700,60682.503910,,3.464540,-399.316190
6.248000,0.234560,0.293520,3.435060,191.536190,-323.807280,59252.347660,1.000000,3.567080,-399.314360
6.250000,0.026920,0.192260,4.398930,191.554440,-323.807370,60401.957030,,3.554260,-399.312710
6.252000,-0.041020,0.403750,6.029300,191.570970,-323.807160,60153.054690,,3.533750,-399.312100
6.254000,0.148680,0.797240,6.254880,191.585920,-323.806460,60366.097660,,3.383790,-399.313170
6.256000,0.467830,1.199710,6.213870,191.600420,-323.805790,60635.039060,1.000000,3.332520,-399.315190
6.258000,0.751100,1.270200,6.890630,191.616120,-323.805660,60401.957030,,3.305600,-399.317200
6.260000,0.888240,1.051030,6.203610,191.633590,-323.805940,60618.167970,,3.368410,-399.318240
6.262000,0.767760,0.656250,5.301270,191.652420,-323.806180,60583.359380,,3.373540,-399.317780
6.264000,0.538330,0.239690,4.409180,191.671920,-323.806700,60875.511720,1.000000,3.478640,-399.316190
6.266000,0.251220,0.006410,3.640140,191.690960,-323.807220,60640.316410,,3.570920,-399.314090
6.268000,-0.003850,-0.034610,3.958010,191.708690,-323.807250,61156.062500,,3.531190,-399.312100
6.270000,-0.114070,0.257630,4.798830,191.724330,-323.807040,60778.476560,,3.524780,-399.311220
6.272000,0.049990,0.735720,5.239750,191.738450,-323.806430,60638.207030,1.000000,3.388920,-399.312160
6.274000,0.371700,1.179200,5.485840,191.752260,-323.805940,60859.691410,,3.359440,-399.314240
6.276000,0.652400,1.286870,5.731930,191.767400,-323.805880,60733.128910,,3.335080,-399.316310
6.278000,0.788270,1.131770,5.075680,191.784240,-323.806120,61240.429690,,3.385070,-399.317540
6.280000,0.676760,0.825440,4.009280,191.802510,-323.806340,60836.488280,1.000000,3.392760,-399.317290
6.282000,0.444760,0.472960,3.476070,191.821560,-323.806850,60897.656250,,3.496580,-399.315890
6.284000,0.183290,0.270450,3.660640,191.840320,-323.807310,60410.394530,,3.573490,-399.314000
6.286000,-0.008970,0.251220,4.501460,191.857990,-323.807310,60793.242190,,3.556820,-399.312440
6.288000,-0.025630,0.544740,5.455080,191.873900,-323.807040,60259.574220,1.000000,3.511960,-399.312160
6.290000,0.207640,0.966430,6.572750,191.888520,-323.806210,60353.437500,,3.358150,-399.313510
6.292000,0.528080,1.330440,6.829100,191.903110,-323.805690,60442.031250,,3.313290,-399.315610
6.294000,0.786990,1.302250,6.418950,191.919300,-323.805690,60268.007810,,3.314580,-399.317440
6.296000,0.877990,1.017700,6.377930,191.937270,-323.805970,60480.000000,1.000000,3.365840,-399.318240
6.298000,0.717770,0.567810,5.485840,191.956570,-323.806270,60440.980470,,3.373540,-399.317500
6.300000,0.483220,0.169190,4.101560,191.976290,-323.806880,60745.785160,,3.511960,-399.315770
6.302000,0.187130,-0.042300,3.999020,191.995320,-323.807280,60505.316410,,3.551700,-399.313630
6.304000,-0.047420,-0.029480,4.388670,192.012770,-323.807250,61446.097660,1.000000,3.542720,-399.311770
6.306000,-0.102540,0.317870,4.542480,192.028120,-323.807010,60744.730470,,3.501710,-399.311250
6.308000,0.116640,0.815190,5.629390,192.042070,-323.806340,61936.527340,,3.367130,-399.312560
6.310000,0.442200,1.224060,5.608890,192.055980,-323.805940,60899.769530,,3.338930,-399.314730
6.312000,0.699830,1.265080,5.229490,192.071460,-323.805940,60792.191410,1.000000,3.336360,-399.316680
6.314000,0.792110,1.070250,5.126950,192.088650,-323.806210,60869.179690,,3.382510,-399.317630
6.316000,0.639590,0.698550,3.978520,192.107280,-323.806430,60875.511720,,3.386350,-399.317050
6.318000,0.396060,0.353760,2.871090,192.126480,-323.807010,61134.964840,,3.522220,-399.315460
6.320000,0.135860,0.155090,3.947750,192.145220,-323.807340,60796.406250,1.000000,3.555540,-399.313600
6.322000,-0.033330,0.188420,4.819340,192.162660,-323.807310,60713.089840,,3.540160,-399.312160
6.324000,-0.005130,0.525510,5.444820,192.178220,-323.806920,60374.535160,,3.479920,-399.312230
6.326000,0.270450,0.974120,6.521480,192.192580,-323.806120,60635.039060,,3.337650,-399.313810
6.328000,0.593440,1.317630,6.572750,192.207110,-323.805760,59965.316410,1.000000,3.310730,-399.316010
6.330000,0.830570,1.258670,6.377930,192.223280,-323.805820,60434.648440,,3.326110,-399.317690
6.332000,0.874150,1.007450,6.408690,192.241100,-323.806090,60519.027340,,3.360720,-399.318210
6.334000,0.681880,0.567810,5.270510,192.260210,-323.806430,60240.589840,,3.390200,-399.317170
6.336000,0.435790,0.217900,3.568360,192.279560,-323.807040,60615.003910,1.000000,3.532470,-399.315340
6.338000,0.134580,0.043580,4.204100,192.298100,-323.807310,60558.046880,,3.528630,-399.313140
6.340000,-0.080750,0.139710,4.409180,192.315020,-323.807190,60535.902340,,3.527340,-399.311430
6.342000,-0.078190,0.530640,4.624510,192.330030,-323.806880,60494.769530,,3.464540,-399.311250
6.344000,0.169190,1.001040,5.506350,192.343990,-323.806210,60709.925780,1.000000,3.350460,-399.312840
6.344000,0.169190,1.001040,5.506350,192.343990,-323.806210,60709.925780,1.000000,3.350460,-399.312840
6.346000,0.503720,1.325320,5.721680,192.358340,-323.805940,60594.964840,,3.328670,-399.315060
6.348000,0.734440,1.271480,5.332030,192.374400,-323.806060,61083.289060,,3.344060,-399.316860
6.350000,0.776730,1.033080,4.901370,192.392140,-323.806300,60974.656250,,3.376100,-399.317540
6.352000,0.589600,0.635740,3.855470,192.411120,-323.806610,60900.824220,1.000000,3.400450,-399.316710
6.354000,0.342220,0.329410,2.932620,192.430370,-323.807190,61092.777340,,3.551700,-399.315060
6.356000,0.096130,0.161500,4.337400,192.448990,-323.807430,60880.785160,,3.545290,-399.313230
6.358000,-0.042300,0.258910,4.634770,192.466140,-323.807310,60977.812500,,3.541440,-399.312040
6.360000,0.038450,0.630620,5.875490,192.481450,-323.806760,60626.601560,1.000000,3.441470,-399.312470
6.362000,0.338380,1.063840,6.521480,192.495820,-323.806000,60725.746090,,3.315860,-399.314270
6.364000,0.658810,1.303530,6.480470,192.510800,-323.805660,60428.324220,,3.303040,-399.316440
6.366000,0.867740,1.138180,6.347170,192.527690,-323.805820,60772.152340,,3.324830,-399.317960
6.368000,0.848510,0.788270,5.762700,192.546160,-323.806150,60456.800780,1.000000,3.363280,-399.318080
6.370000,0.629330,0.316590,4.983400,192.565720,-323.806490,60651.917970,,3.409420,-399.316800
6.372000,0.366580,0.020510,4.019530,192.585080,-323.807190,60636.097660,,3.547850,-399.314850
6.374000,0.080750,-0.110230,3.968260,192.603420,-323.807310,60432.542970,,3.523500,-399.312710
6.376000,-0.107670,0.064090,4.645020,192.619810,-323.807220,60689.886720,1.000000,3.528630,-399.311250
6.378000,-0.042300,0.543460,5.044920,192.634160,-323.806760,60288.046880,,3.435060,-399.311490
6.380000,0.243530,1.072810,5.260250,192.647640,-323.806180,60599.183590,,3.345340,-399.313320
6.382000,0.566530,1.359920,5.803710,192.661880,-323.805940,60474.730470,,3.332520,-399.315580
6.384000,0.763920,1.283020,5.383300,192.677930,-323.806060,61157.113280,1.000000,3.362000,-399.317200
6.386000,0.752380,1.042050,4.337400,192.695620,-323.806340,60736.292970,,3.376100,-399.317540
6.388000,0.537050,0.666500,3.896480,192.714460,-323.806640,62229.730470,,3.431210,-399.316440
6.390000,0.285830,0.405030,3.209470,192.733410,-323.807220,60911.371090,,3.555540,-399.314700
6.392000,0.056400,0.281980,4.183590,192.751680,-323.807400,60870.238280,1.000000,3.538880,-399.312930
6.394000,-0.049990,0.439640,5.332030,192.768430,-323.807220,61024.222660,,3.538880,-399.312010
6.396000,0.088440,0.801090,6.019040,192.783600,-323.806610,60741.566410,,3.399170,-399.312770
6.398000,0.401180,1.202270,6.101070,192.798140,-323.805940,61048.476560,,3.331240,-399.314760
6.400000,0.699830,1.327880,6.613770,192.813660,-323.805730,60750.003910,1.000000,3.303040,-399.316830
6.402000,0.875430,1.116390,6.316410,192.831010,-323.805970,60844.925780,,3.346620,-399.318120
6.404000,0.802370,0.728030,5.270510,192.849810,-323.806210,60535.902340,,3.374820,-399.317960
6.406000,0.581910,0.267880,4.614260,192.869510,-323.806640,60698.324220,,3.438900,-399.316530
6.408000,0.308900,-0.007690,3.783690,192.888870,-323.807220,59224.925780,1.000000,3.565800,-399.314510
6.410000,0.042300,-0.116640,4.111820,192.907040,-323.807250,60439.925780,,3.515810,-399.312440
6.412000,-0.112790,0.103820,5.106450,192.923190,-323.807130,60401.957030,,3.531190,-399.311250
6.414000,0.000000,0.579350,5.383300,192.937530,-323.806550,60357.664060,,3.400450,-399.311890
6.416000,0.315310,1.058720,5.291020,192.951250,-323.806060,60553.828130,1.000000,3.347900,-399.313840
6.418000,0.617800,1.249690,5.762700,192.966020,-323.805910,60450.468750,,3.332520,-399.316040
6.420000,0.779300,1.118960,5.239750,192.982640,-323.806150,60609.730470,,3.365840,-399.317440
6.422000,0.715210,0.824160,4.142580,193.000690,-323.806340,60577.031250,,3.390200,-399.317440
6.424000,0.480650,0.470400,3.599120,193.019650,-323.806760,60957.773440,1.000000,3.465820,-399.316160
6.426000,0.226870,0.257630,3.568360,193.038410,-323.807310,60809.062500,,3.572200,-399.314360
6.428000,0.021790,0.212770,4.429690,193.056210,-323.807370,61144.453130,,3.550420,-399.312680
6.430000,-0.038450,0.481930,5.516600,193.072240,-323.807130,60799.574220,,3.527340,-399.312100
6.432000,0.156370,0.917720,6.213870,193.086780,-323.806400,60796.406250,1.000000,3.377380,-399.313230
6.434000,0.476810,1.340700,6.367680,193.101040,-323.805790,60918.753910,,3.326110,-399.315280
6.436000,0.751100,1.391970,6.367680,193.116680,-323.805660,60677.226560,,3.305600,-399.317230
6.438000,0.880550,1.166380,6.029300,193.134200,-323.805940,60947.226560,,3.360720,-399.318240
6.440000,0.751100,0.743410,5.178220,193.153180,-323.806210,60822.777340,1.000000,3.373540,-399.317690
6.440000,0.751100,0.743410,5.178220,193.153180,-323.806210,60822.777340,1.000000,3.373540,-399.317690
6.442000,0.522950,0.312740,4.009280,193.172840,-323.806760,60743.671880,,3.478640,-399.316100
6.444000,0.235840,0.060240,3.773440,193.192000,-323.807280,60448.363280,,3.563230,-399.314000
6.446000,-0.015380,0.025630,4.132320,193.209790,-323.807250,60770.042970,,3.522220,-399.312040
6.448000,-0.116640,0.325560,4.716800,193.225540,-323.807040,60724.691410,1.000000,3.523500,-399.311220
6.450000,0.061520,0.810060,5.608890,193.239650,-323.806460,60384.023440,,3.383790,-399.312260
6.452000,0.383240,1.263790,5.824220,193.253430,-323.805940,60521.136720,,3.353030,-399.314360
6.454000,0.667790,1.372740,5.444820,193.268550,-323.805880,60341.835940,,3.329960,-399.316440
6.456000,0.798520,1.206120,5.126950,193.285490,-323.806180,60724.691410,1.000000,3.386350,-399.317630
6.458000,0.676760,0.858760,4.224610,193.303910,-323.806370,60468.402340,,3.386350,-399.317290
6.460000,0.438350,0.487060,3.147950,193.323090,-323.806880,60748.949220,,3.495300,-399.315860
6.462000,0.175600,0.258910,3.599120,193.341980,-323.807340,60517.968750,,3.573490,-399.313960
6.464000,-0.011540,0.226870,4.942380,193.359790,-323.807310,61665.468750,1.000000,3.547850,-399.312410
6.466000,-0.026920,0.498600,5.198730,193.375790,-323.807010,60708.875000,,3.504270,-399.312160
6.468000,0.217900,0.907470,6.449710,193.390490,-323.806210,60837.542970,,3.360720,-399.313540
6.470000,0.538330,1.256100,6.788090,193.405110,-323.805730,60972.542970,,3.310730,-399.315670
6.472000,0.794680,1.224060,6.183110,193.421280,-323.805760,60694.105470,1.000000,3.317140,-399.317500
6.474000,0.883120,0.968990,6.295900,193.439100,-323.806030,60955.664060,,3.367130,-399.318270
6.476000,0.720340,0.535770,5.403810,193.458250,-323.806340,60789.023440,,3.379940,-399.317500
6.478000,0.481930,0.161500,3.609380,193.477710,-323.806880,61168.714840,,3.517090,-399.315730
6.480000,0.182010,-0.016660,3.927250,193.496410,-323.807280,60883.949220,1.000000,3.541440,-399.313570
6.482000,-0.060240,0.033330,4.501460,193.513520,-323.807190,60795.355470,,3.528630,-399.311680
6.484000,-0.111510,0.417850,4.368160,193.528630,-323.806920,60357.664060,,3.490170,-399.311190
6.486000,0.114070,0.919010,5.414060,193.542430,-323.806300,60753.167970,,3.367130,-399.312500
6.488000,0.446040,1.313780,5.824220,193.556380,-323.805910,60415.664060,1.000000,3.328670,-399.314730
6.490000,0.703670,1.334290,5.321780,193.571930,-323.805970,60556.996090,,3.337650,-399.316680
6.492000,0.788270,1.124080,5.065430,193.589220,-323.806210,60586.527340,,3.386350,-399.317600
6.494000,0.624210,0.756230,4.193850,193.607930,-323.806490,60438.875000,,3.381230,-399.316990
6.496000,0.384520,0.425540,2.983890,193.627110,-323.807040,60810.121090,1.000000,3.529910,-399.315430
6.498000,0.129460,0.239690,3.916990,193.645810,-323.807400,60510.585940,,3.561950,-399.313570
6.500000,-0.029480,0.280700,4.983400,193.663220,-323.807340,60590.746090,,3.540160,-399.312230
6.502000,0.006410,0.616520,5.660160,193.678800,-323.806880,60531.679690,,3.481200,-399.312320
6.504000,0.284550,1.042050,6.316410,193.693310,-323.806060,60540.121090,1.000000,3.333800,-399.313960
6.506000,0.606260,1.320190,6.593260,193.708130,-323.805660,60664.570310,,3.305600,-399.316130
6.508000,0.833130,1.202270,6.347170,193.724790,-323.805790,61069.574220,,3.327390,-399.317780
6.510000,0.860050,0.877990,5.762700,193.743060,-323.806090,61044.257810,,3.360720,-399.318150
6.512000,0.663940,0.412720,4.921880,193.762500,-323.806430,60797.468750,1.000000,3.395320,-399.317080
6.514000,0.416560,0.074340,3.588870,193.781970,-323.807040,60958.832030,,3.532470,-399.315220
6.516000,0.124330,-0.089720,3.916990,193.800510,-323.807280,60719.417970,,3.528630,-399.313080
6.518000,-0.092290,0.025630,4.214360,193.817250,-323.807160,61010.511720,,3.517090,-399.311400
6.520000,-0.074340,0.469120,4.716800,193.831890,-323.806850,60660.355470,1.000000,3.465820,-399.311310
6.522000,0.183290,0.995910,5.352540,193.845430,-323.806210,60674.062500,,3.351750,-399.312960
6.524000,0.513980,1.339420,5.680660,193.859420,-323.805910,60372.425780,,3.324830,-399.315220
6.526000,0.739560,1.298400,5.383300,193.875240,-323.806030,60825.941410,,3.353030,-399.317020
6.528000,0.769040,1.074100,4.706540,193.892700,-323.806300,60468.402340,1.000000,3.377380,-399.317600
6.530000,0.571660,0.701110,4.081050,193.911440,-323.806580,60560.160160,,3.401730,-399.316710
6.532000,0.325560,0.412720,3.240230,193.930470,-323.807130,60497.933590,,3.546570,-399.315030
6.534000,0.085880,0.264040,4.029790,193.948900,-323.807400,60453.636720,,3.541440,-399.313230
6.536000,-0.044860,0.365300,5.208980,193.965930,-323.807310,60664.570310,1.000000,3.538880,-399.312100
6.538000,0.044860,0.731870,6.008790,193.981260,-323.806700,60322.859380,,3.431210,-399.312560
6.540000,0.344790,1.154850,6.254880,193.995730,-323.806030,60567.542970,,3.322270,-399.314390
6.542000,0.653690,1.372740,6.613770,194.010890,-323.805690,60540.121090,,3.313290,-399.316500
6.544000,0.852360,1.193300,6.583010,194.027970,-323.805880,60673.011720,1.000000,3.328670,-399.317960
6.546000,0.826720,0.821590,5.690920,194.046600,-323.806210,60654.023440,,3.369690,-399.318050
6.548000,0.612670,0.349910,5.024410,194.066270,-323.806580,62179.105470,,3.420960,-399.316770
6.550000,0.355040,0.053830,3.927250,194.085690,-323.807190,61172.933590,,3.546570,-399.314850
6.552000,0.074340,-0.064090,3.732420,194.104030,-323.807250,60678.281250,1.000000,3.514530,-399.312710
6.554000,-0.108950,0.105100,4.521970,194.120480,-323.807130,60875.511720,,3.515810,-399.311310
6.556000,-0.035890,0.558840,5.167970,194.135010,-323.806700,60740.511720,,3.429930,-399.311610
6.558000,0.256350,1.060000,5.239750,194.148680,-323.806090,60964.105470,,3.336360,-399.313480
6.560000,0.580630,1.329160,5.608890,194.163060,-323.805910,60794.300780,1.000000,3.324830,-399.315730
6.562000,0.771610,1.242000,5.362790,194.179290,-323.806060,60785.859380,,3.358150,-399.317350
6.564000,0.748540,0.962590,4.173340,194.197130,-323.806340,60465.234380,,3.374820,-399.317600
6.566000,0.524230,0.593440,3.711910,194.216020,-323.806670,60789.023440,,3.433780,-399.316440
6.568000,0.270450,0.353760,3.588870,194.234890,-323.807280,60366.097660,1.000000,3.559390,-399.314670
6.570000,0.048710,0.273010,4.388670,194.252940,-323.807460,60303.867190,,3.546570,-399.312930
6.572000,-0.048710,0.476810,5.752440,194.269330,-323.807220,60491.605470,,3.535030,-399.312070
6.574000,0.101260,0.885680,6.511230,194.284180,-323.806580,60376.640630,,3.396610,-399.312930
6.576000,0.420410,1.311220,6.521480,194.298460,-323.805910,60683.558590,1.000000,3.322270,-399.314910
6.578000,0.708800,1.432980,6.736820,194.313860,-323.805660,60503.203130,,3.295350,-399.316930
6.580000,0.872860,1.225340,6.511230,194.331130,-323.805940,60772.152340,,3.341490,-399.318150
6.582000,0.784420,0.847230,5.352540,194.349870,-323.806210,60585.476560,,3.373540,-399.317870
6.584000,0.562680,0.401180,4.327150,194.369430,-323.806700,60773.203130,1.000000,3.442750,-399.316440
6.586000,0.289670,0.129460,3.947750,194.388610,-323.807280,60676.175780,,3.561950,-399.314390
6.588000,0.025630,0.053830,4.060550,194.406600,-323.807250,61164.496090,,3.505550,-399.312350
6.590000,-0.120480,0.296080,4.511720,194.422670,-323.807100,60988.363280,,3.523500,-399.311250
6.592000,0.006410,0.740840,5.291020,194.437070,-323.806580,60689.886720,1.000000,3.399170,-399.311950
6.594000,0.320430,1.197140,5.414060,194.450910,-323.806060,60922.972660,,3.337650,-399.313960
6.596000,0.628050,1.358640,5.465330,194.465870,-323.805880,60635.039060,,3.320980,-399.316160
6.598000,0.785710,1.198430,5.167970,194.482700,-323.806150,61037.933590,,3.359440,-399.317540
6.600000,0.706240,0.866460,4.286130,194.501040,-323.806400,60794.300780,1.000000,3.385070,-399.317470
6.602000,0.471680,0.483220,3.353030,194.520230,-323.806790,60848.093750,,3.458130,-399.316160
6.604000,0.216610,0.242250,3.640140,194.539250,-323.807370,60734.183590,,3.567080,-399.314330
6.606000,0.015380,0.173030,4.624510,194.557280,-323.807460,60792.191410,,3.551700,-399.312710
6.608000,-0.032040,0.414000,5.485840,194.573530,-323.807190,60714.144530,1.000000,3.518370,-399.312160
6.610000,0.170470,0.830570,6.429200,194.588260,-323.806430,60411.445310,,3.373540,-399.313320
6.612000,0.489620,1.239440,6.829100,194.602630,-323.805790,60502.152340,,3.323550,-399.315400
6.614000,0.761350,1.288150,6.429200,194.618330,-323.805690,60331.292970,,3.300480,-399.317320
6.616000,0.883120,1.052310,6.193360,194.635860,-323.805970,60609.730470,1.000000,3.360720,-399.318270
6.618000,0.743410,0.635740,5.608890,194.654830,-323.806300,60500.039060,,3.377380,-399.317690
6.620000,0.515260,0.221740,3.968260,194.674320,-323.806820,60699.378910,,3.481200,-399.316040
6.622000,0.228150,0.014100,3.732420,194.693180,-323.807250,60469.453130,,3.552980,-399.313960
6.624000,-0.021790,0.011540,4.532230,194.710590,-323.807190,61337.460940,1.000000,3.504270,-399.312010
6.626000,-0.117920,0.362730,4.593750,194.725920,-323.807010,60694.105470,,3.509400,-399.311190
6.628000,0.062810,0.874150,5.516600,194.739730,-323.806460,60743.671880,,3.373540,-399.312290
6.630000,0.393490,1.343260,5.906250,194.753330,-323.805970,61042.152340,,3.344060,-399.314420
6.632000,0.672910,1.450930,5.147460,194.768340,-323.805940,60738.402340,1.000000,3.328670,-399.316530
6.634000,0.795960,1.285580,4.901370,194.785220,-323.806210,60850.199220,,3.379940,-399.317660
6.636000,0.662660,0.961300,4.142580,194.803540,-323.806460,60913.476560,,3.385070,-399.317260
6.638000,0.419130,0.601140,2.881350,194.822650,-323.806920,61117.031250,,3.488890,-399.315730
6.638000,0.419130,0.601140,2.881350,194.822650,-323.806920,61117.031250,,3.488890,-399.315730
6.640000,0.165340,0.394780,3.578610,194.841420,-323.807370,60666.679690,1.000000,3.569640,-399.313870
6.642000,-0.012820,0.378110,4.768070,194.859100,-323.807370,60613.949220,,3.540160,-399.312410
6.644000,-0.012820,0.670350,5.239750,194.875030,-323.807040,60372.425780,,3.496580,-399.312230
6.646000,0.235840,1.079220,6.347170,194.889740,-323.806210,60554.886720,,3.351750,-399.313690
6.648000,0.556270,1.400940,6.890630,194.904480,-323.805790,60665.628910,1.000000,3.305600,-399.315800
6.650000,0.807500,1.333010,6.439450,194.920900,-323.805790,60313.359380,,3.317140,-399.317600
6.652000,0.877990,1.024110,6.244630,194.939040,-323.806060,60538.007810,,3.360720,-399.318240
6.654000,0.703670,0.543460,5.598630,194.958530,-323.806400,60308.089840,,3.378660,-399.317380
6.656000,0.465270,0.137150,3.845210,194.978290,-323.806980,60681.453130,1.000000,3.517090,-399.315610
6.658000,0.167910,-0.076900,3.916990,194.997270,-323.807280,60613.949220,,3.528630,-399.313450
6.660000,-0.065370,-0.026920,4.655270,195.014540,-323.807160,60781.640630,,3.509400,-399.311610
6.662000,-0.105100,0.357600,4.645020,195.029630,-323.806920,60581.250000,,3.487610,-399.311190
6.664000,0.124330,0.881840,5.321780,195.043370,-323.806340,60581.250000,1.000000,3.354310,-399.312560
6.666000,0.461430,1.279170,5.824220,195.057210,-323.805940,60707.812500,,3.324830,-399.314820
6.668000,0.719060,1.299680,5.434570,195.072710,-323.806030,61103.324220,,3.336360,-399.316800
6.670000,0.797240,1.092040,4.706540,195.089950,-323.806270,61032.664060,,3.377380,-399.317690
6.672000,0.628050,0.737000,3.978520,195.108540,-323.806520,60870.238280,1.000000,3.382510,-399.316990
6.674000,0.375550,0.431950,3.014650,195.127550,-323.807070,61080.121090,,3.526060,-399.315340
6.676000,0.120480,0.276860,3.763180,195.146030,-323.807430,60805.902340,,3.554260,-399.313480
6.678000,-0.038450,0.342220,4.880860,195.163190,-323.807340,60982.035160,,3.529910,-399.312130
6.680000,0.002560,0.703670,5.916500,195.178590,-323.806880,60718.363280,1.000000,3.470950,-399.312290
6.682000,0.288390,1.139470,6.285640,195.192980,-323.806090,60613.949220,,3.328670,-399.313960
6.684000,0.613950,1.417600,6.531740,195.207790,-323.805760,60305.976560,,3.306880,-399.316160
6.686000,0.842100,1.288150,6.613770,195.224460,-323.805850,60675.121090,,3.328670,-399.317810
6.688000,0.862610,0.962590,5.834470,195.242750,-323.806150,60515.859380,1.000000,3.356870,-399.318180
6.690000,0.660100,0.492190,5.147460,195.262210,-323.806490,60434.648440,,3.403020,-399.317050
6.692000,0.406310,0.161500,4.173340,195.281660,-323.807130,60641.371090,,3.535030,-399.315160
6.694000,0.114070,0.011540,3.947750,195.300170,-323.807310,60430.429690,,3.523500,-399.312990
6.696000,-0.099980,0.135860,4.552730,195.316960,-323.807130,60791.136720,1.000000,3.508120,-399.311370
6.698000,-0.075620,0.539610,5.126950,195.331800,-323.806820,60473.671880,,3.467100,-399.311310
6.700000,0.184570,1.029240,5.280760,195.345580,-323.806210,60731.019530,,3.344060,-399.312990
6.702000,0.522950,1.353520,5.567870,195.359770,-323.805910,60559.105470,,3.324830,-399.315280
6.704000,0.756230,1.306090,5.547360,195.375730,-323.806060,60684.609380,1.000000,3.350460,-399.317140
6.706000,0.783140,1.043330,4.511720,195.393420,-323.806340,60727.851560,,3.377380,-399.317690
6.708000,0.579350,0.653690,3.640140,195.412250,-323.806610,61244.656250,,3.409420,-399.316740
6.710000,0.321720,0.379390,3.209470,195.431270,-323.807190,61026.332030,,3.551700,-399.315000
6.712000,0.079470,0.255070,3.916990,195.449570,-323.807460,60610.785160,1.000000,3.551700,-399.313170
6.714000,-0.049990,0.381960,4.911620,195.466400,-323.807310,60898.714840,,3.537600,-399.312040
6.716000,0.048710,0.760070,6.183110,195.481550,-323.806700,60654.023440,,3.427370,-399.312560
6.718000,0.352480,1.175350,6.244630,195.495940,-323.805970,60931.410160,,3.320980,-399.314420
6.720000,0.665220,1.363770,6.449710,195.511150,-323.805690,60705.707030,1.000000,3.314580,-399.316590
6.722000,0.863890,1.174070,6.603520,195.528240,-323.805910,60812.230470,,3.333800,-399.318020
6.724000,0.830570,0.822880,5.537110,195.546840,-323.806210,60497.933590,,3.372250,-399.318080
6.726000,0.612670,0.364010,4.614260,195.566410,-323.806580,60814.339840,,3.423520,-399.316770
6.728000,0.348630,0.079470,4.132320,195.585690,-323.807220,61139.179690,1.000000,3.555540,-399.314790
6.730000,0.065370,-0.008970,4.070800,195.603880,-323.807250,60375.589840,,3.513240,-399.312650
6.732000,-0.123050,0.185850,4.368160,195.620130,-323.807100,60470.511720,,3.517090,-399.311220
6.734000,-0.044860,0.649840,5.321780,195.634540,-323.806700,60365.042970,,3.436340,-399.311550
6.736000,0.253780,1.159970,5.352540,195.648130,-323.806090,60562.265630,1.000000,3.336360,-399.313450
6.738000,0.583190,1.422730,5.516600,195.662550,-323.805880,60522.191410,,3.329960,-399.315730
6.740000,0.783140,1.317630,5.455080,195.678890,-323.806060,60673.011720,,3.355590,-399.317410
6.742000,0.760070,1.022830,4.419430,195.696870,-323.806340,60654.023440,,3.382510,-399.317690
6.744000,0.524230,0.625490,3.537600,195.715960,-323.806670,60874.453130,1.000000,3.433780,-399.316500
6.746000,0.264040,0.355040,3.588870,195.735080,-323.807280,60830.160160,,3.561950,-399.314670
6.748000,0.039730,0.253780,4.419430,195.753330,-323.807460,60967.265630,,3.551700,-399.312900
6.750000,-0.052550,0.439640,5.167970,195.769930,-323.807220,60862.859380,,3.533750,-399.312070
6.752000,0.107670,0.842100,6.234380,195.784880,-323.806550,60555.941410,1.000000,3.397890,-399.312960
6.754000,0.429380,1.263790,6.675290,195.799240,-323.805880,60814.339840,,3.329960,-399.314940
6.756000,0.725460,1.380430,6.531740,195.814700,-323.805690,60637.152340,,3.306880,-399.317020
6.758000,0.890810,1.171510,6.275390,195.831990,-323.805970,60937.738280,,3.351750,-399.318240
6.760000,0.799800,0.788270,5.649900,195.850710,-323.806210,60996.800780,1.000000,3.378660,-399.317960
6.762000,0.570370,0.348630,4.296390,195.870240,-323.806700,60766.875000,,3.451720,-399.316440
6.764000,0.285830,0.093570,3.845210,195.889330,-323.807250,60915.589840,,3.565800,-399.314360
6.766000,0.012820,0.042300,4.429690,195.907150,-323.807190,60776.371090,,3.497860,-399.312260
6.768000,-0.138430,0.307620,4.624510,195.923020,-323.807010,60914.535160,1.000000,3.518370,-399.311100
6.770000,-0.005130,0.765200,5.352540,195.937260,-323.806550,60486.332030,,3.405580,-399.311830
6.772000,0.320430,1.238160,5.824220,195.950960,-323.806030,60549.613280,,3.341490,-399.313900
6.774000,0.635740,1.391970,5.506350,195.965820,-323.805910,60262.738280,,3.327390,-399.316160
6.776000,0.807500,1.238160,4.921880,195.982530,-323.806180,60591.800780,1.000000,3.367130,-399.317630
6.778000,0.722900,0.930540,4.511720,196.000750,-323.806400,60463.128910,,3.387630,-399.317540
6.780000,0.476810,0.553710,3.312010,196.019850,-323.806790,60752.113280,,3.461980,-399.316160
6.782000,0.208920,0.324280,3.455570,196.038710,-323.807340,60587.582030,,3.573490,-399.314300
6.784000,0.005130,0.274290,5.003910,196.056560,-323.807430,61591.640630,1.000000,3.554260,-399.312590
6.784000,0.005130,0.274290,5.003910,196.056560,-323.807430,61591.640630,1.000000,3.554260,-399.312590
6.786000,-0.046140,0.534480,5.229490,196.072720,-323.807100,60680.394530,,3.513240,-399.312070
6.788000,0.166630,0.934390,6.285640,196.087510,-323.806340,60558.046880,,3.369690,-399.313260
6.790000,0.494750,1.302250,7.023930,196.102110,-323.805790,61072.738280,,3.322270,-399.315370
6.792000,0.767760,1.300960,6.152340,196.118180,-323.805760,60608.671880,1.000000,3.308170,-399.317350
6.794000,0.890810,1.016420,5.896000,196.136080,-323.806000,60783.753910,,3.358150,-399.318300
6.796000,0.751100,0.561400,5.567870,196.155380,-323.806300,60588.632810,,3.378660,-399.317690
6.798000,0.515260,0.140990,3.865720,196.175110,-323.806880,61132.851560,,3.490170,-399.316040
6.800000,0.221740,-0.079470,3.722170,196.194140,-323.807280,60757.386720,1.000000,3.549130,-399.313900
6.802000,-0.034610,-0.070500,4.583500,196.211610,-323.807160,60715.195310,,3.505550,-399.311890
6.804000,-0.130740,0.270450,4.655270,196.226940,-323.806980,60700.429690,,3.504270,-399.311100
6.806000,0.056400,0.776730,5.455080,196.240780,-323.806430,60752.113280,,3.376100,-399.312190
6.808000,0.393490,1.229190,6.070310,196.254410,-323.805940,60710.980470,1.000000,3.332520,-399.314390
6.810000,0.689580,1.320190,5.455080,196.269500,-323.805940,60399.843750,,3.320980,-399.316590
6.812000,0.819030,1.136900,4.921880,196.286450,-323.806210,60566.488280,,3.376100,-399.317750
6.814000,0.679320,0.792110,4.511720,196.304890,-323.806460,60454.691410,,3.377380,-399.317320
6.816000,0.426820,0.446040,3.271000,196.323940,-323.806950,60841.761720,1.000000,3.490170,-399.315730
6.818000,0.157650,0.266600,3.609380,196.342590,-323.807430,60637.152340,,3.568360,-399.313810
6.820000,-0.025630,0.289670,4.839840,196.360000,-323.807400,60605.511720,,3.541440,-399.312290
6.822000,-0.023070,0.625490,5.537110,196.375600,-323.807040,60464.183590,,3.491460,-399.312130
6.824000,0.230710,1.071530,6.285640,196.389970,-323.806240,60348.167970,1.000000,3.349180,-399.313600
6.826000,0.562680,1.420170,6.818850,196.404480,-323.805790,60573.867190,,3.303040,-399.315770
6.828000,0.820310,1.365050,6.952150,196.420700,-323.805820,60950.390630,,3.314580,-399.317630
6.830000,0.890810,1.080510,5.916500,196.438640,-323.806090,61181.371090,,3.354310,-399.318300
6.832000,0.708800,0.616520,5.167970,196.457950,-323.806460,60937.738280,1.000000,3.387630,-399.317380
6.834000,0.460140,0.233280,3.804200,196.477510,-323.807040,61271.015630,,3.518370,-399.315550
6.836000,0.157650,0.035890,3.814450,196.496310,-323.807310,60733.128910,,3.527340,-399.313350
6.838000,-0.080750,0.079470,4.450200,196.513570,-323.807130,60992.582030,,3.500430,-399.311490
6.840000,-0.117920,0.429380,4.737300,196.528870,-323.806920,61022.113280,1.000000,3.479920,-399.311070
6.842000,0.116640,0.898500,5.055180,196.542890,-323.806340,60868.128910,,3.353030,-399.312530
6.844000,0.465270,1.271480,5.239750,196.556990,-323.805940,60632.933590,,3.313290,-399.314820
6.846000,0.733150,1.272770,5.516600,196.572720,-323.806060,60845.980470,,3.332520,-399.316860
6.848000,0.806210,1.031800,4.347660,196.590260,-323.806340,60831.210940,1.000000,3.372250,-399.317720
6.850000,0.626770,0.642150,3.834960,196.609070,-323.806610,60351.332030,,3.382510,-399.316990
6.852000,0.367860,0.331970,3.312010,196.628190,-323.807130,60393.519530,,3.524780,-399.315340
6.854000,0.110230,0.190980,3.875980,196.646680,-323.807460,60293.324220,,3.552980,-399.313420
6.856000,-0.042300,0.267880,4.891110,196.663830,-323.807400,60526.410160,1.000000,3.531190,-399.312100
6.858000,0.010250,0.634460,6.111330,196.679170,-323.806880,60429.375000,,3.459410,-399.312320
6.860000,0.298650,1.070250,6.429200,196.693500,-323.806120,60564.378910,,3.320980,-399.314030
6.862000,0.626770,1.344540,6.449710,196.708300,-323.805790,60498.988280,,3.310730,-399.316190
6.864000,0.849790,1.213810,6.839360,196.724960,-323.805910,60427.265630,1.000000,3.320980,-399.317840
6.866000,0.861330,0.886960,5.896000,196.743270,-323.806210,60681.453130,,3.353030,-399.318150
6.868000,0.653690,0.425540,4.921880,196.762710,-323.806550,60818.554690,,3.401730,-399.316990
6.870000,0.397340,0.108950,4.214360,196.782090,-323.807190,61296.332030,,3.536320,-399.315060
6.872000,0.103820,-0.015380,3.937500,196.800480,-323.807310,60767.933590,1.000000,3.513240,-399.312900
6.874000,-0.108950,0.124330,4.327150,196.817080,-323.807160,60980.980470,,3.497860,-399.311280
6.876000,-0.082030,0.551150,5.208980,196.831760,-323.806880,60808.011720,,3.461980,-399.311250
6.878000,0.185850,1.070250,5.198730,196.845370,-323.806270,61119.144530,,3.340210,-399.312990
6.880000,0.534480,1.412480,5.332030,196.859420,-323.805940,60903.988280,1.000000,3.314580,-399.315340
6.882000,0.770320,1.371460,5.424320,196.875310,-323.806060,60822.777340,,3.342770,-399.317200
6.884000,0.792110,1.126650,4.378420,196.892940,-323.806370,60806.957030,,3.372250,-399.317750
6.886000,0.576780,0.717770,3.496580,196.911870,-323.806640,60793.242190,,3.405580,-399.316740
6.888000,0.312740,0.431950,3.701660,196.930980,-323.807190,60947.226560,1.000000,3.537600,-399.314970
6.890000,0.069210,0.293520,4.142580,196.949430,-323.807500,60123.519530,,3.545290,-399.313110
6.892000,-0.058960,0.405030,4.993650,196.966400,-323.807310,60375.589840,,3.535030,-399.312010
6.894000,0.053830,0.775450,6.398440,196.981690,-323.806730,60179.414060,,3.411990,-399.312590
6.896000,0.367860,1.184330,6.541990,196.996200,-323.806060,60474.730470,1.000000,3.326110,-399.314510
6.898000,0.685730,1.357360,6.531740,197.011510,-323.805790,60368.207030,,3.312010,-399.316680
6.900000,0.884400,1.161250,6.521480,197.028660,-323.805970,60615.003910,,3.335080,-399.318120
6.902000,0.840820,0.774170,5.844730,197.047380,-323.806270,60525.351560,,3.369690,-399.318120
6.904000,0.612670,0.302490,4.696290,197.067030,-323.806670,60529.574220,1.000000,3.429930,-399.316710
6.906000,0.342220,0.001280,4.152830,197.086460,-323.807250,60677.226560,,3.549130,-399.314700
6.908000,0.058960,-0.114070,4.224610,197.104710,-323.807220,60681.453130,,3.502990,-399.312560
6.910000,-0.129460,0.073060,4.521970,197.120970,-323.807070,61083.289060,,3.506840,-399.311130
6.912000,-0.048710,0.533200,5.229490,197.135410,-323.806670,60636.097660,1.000000,3.427370,-399.311490
6.914000,0.256350,1.033080,5.660160,197.149050,-323.806180,60987.308590,,3.337650,-399.313420
6.916000,0.593440,1.274050,5.485840,197.163540,-323.805940,60627.656250,,3.328670,-399.315770
6.918000,0.798520,1.163820,5.280760,197.179920,-323.806150,60982.035160,,3.353030,-399.317440
6.920000,0.767760,0.883120,4.480960,197.197830,-323.806460,60779.535160,1.000000,3.387630,-399.317690
6.922000,0.524230,0.525510,3.455570,197.216740,-323.806760,60803.789060,,3.442750,-399.316470
6.924000,0.255070,0.305050,3.404300,197.235500,-323.807310,60850.199220,,3.554260,-399.314610
6.926000,0.032040,0.255070,4.655270,197.253340,-323.807460,60887.113280,,3.554260,-399.312810
6.928000,-0.055110,0.490910,5.280760,197.269530,-323.807190,60948.281250,1.000000,3.527340,-399.312010
6.930000,0.110230,0.908750,6.060060,197.284260,-323.806490,60448.363280,,3.386350,-399.312930
6.932000,0.433230,1.329160,6.890630,197.298550,-323.805880,60443.089840,,3.333800,-399.314940
6.934000,0.726750,1.413760,6.500980,197.314130,-323.805730,59999.070310,,3.301760,-399.317020
6.936000,0.889530,1.165100,6.019040,197.331670,-323.805970,60483.167970,1.000000,3.350460,-399.318240
6.938000,0.785710,0.728030,5.752440,197.350770,-323.806240,60504.265630,,3.372250,-399.317870
6.940000,0.557560,0.264040,4.142580,197.370590,-323.806760,60593.910160,,3.458130,-399.316350
6.942000,0.276860,0.014100,3.332520,197.389860,-323.807280,60508.476560,,3.561950,-399.314270
6.944000,0.011540,-0.032040,5.085940,197.407760,-323.807190,60533.792970,1.000000,3.495300,-399.312230
6.944000,0.011540,-0.032040,5.085940,197.407760,-323.807190,60533.792970,1.000000,3.495300,-399.312230
6.946000,-0.135860,0.244810,4.839840,197.423570,-323.807040,60603.402340,,3.515810,-399.311130
6.948000,-0.003850,0.722900,5.373050,197.437740,-323.806580,60510.585940,,3.404300,-399.311890
6.950000,0.325560,1.211240,6.111330,197.451340,-323.806060,60979.925780,,3.349180,-399.313960
6.952000,0.646000,1.386840,5.547360,197.466050,-323.805910,60669.843750,1.000000,3.318420,-399.316280
6.954000,0.821590,1.243290,4.901370,197.482680,-323.806180,60922.972660,,3.370970,-399.317720
6.956000,0.728030,0.910030,4.511720,197.500930,-323.806400,60857.582030,,3.388920,-399.317600
6.958000,0.474240,0.534480,3.240230,197.520030,-323.806790,61160.273440,,3.459410,-399.316160
6.960000,0.202510,0.311460,3.353030,197.538890,-323.807310,60735.234380,1.000000,3.570920,-399.314240
6.962000,-0.001280,0.271730,4.727050,197.556700,-323.807400,60622.386720,,3.554260,-399.312560
6.964000,-0.041020,0.529360,5.414060,197.572810,-323.807130,60851.250000,,3.506840,-399.312070
6.966000,0.174320,0.930540,6.326660,197.587550,-323.806340,60746.839840,,3.372250,-399.313290
6.968000,0.503720,1.290710,7.239260,197.602170,-323.805820,60890.273440,1.000000,3.327390,-399.315430
6.970000,0.775450,1.280460,6.511230,197.618230,-323.805790,60274.339840,,3.314580,-399.317380
6.972000,0.894650,1.017700,6.008790,197.636090,-323.806030,60660.355470,,3.367130,-399.318330
6.974000,0.747250,0.570370,5.701170,197.655320,-323.806340,60258.519530,,3.377380,-399.317690
6.976000,0.510130,0.164060,4.132320,197.674960,-323.806880,60591.800780,1.000000,3.501710,-399.315980
6.978000,0.212770,-0.049990,3.650390,197.693920,-323.807250,60575.976560,,3.547850,-399.313810
6.980000,-0.042300,-0.041020,4.604000,197.711360,-323.807130,60655.078130,,3.500430,-399.311830
6.982000,-0.138430,0.290950,4.778320,197.726760,-323.806950,60511.644530,,3.499150,-399.311040
6.984000,0.052550,0.775450,5.301270,197.740720,-323.806430,60381.917970,1.000000,3.379940,-399.312160
6.986000,0.396060,1.211240,5.762700,197.754520,-323.805970,60734.183590,,3.327390,-399.314390
6.988000,0.689580,1.291990,5.424320,197.769740,-323.805940,60728.910160,,3.322270,-399.316590
6.990000,0.819030,1.097170,4.778320,197.786820,-323.806210,61096.992190,,3.378660,-399.317750
6.992000,0.675480,0.740840,4.060550,197.805340,-323.806490,60733.128910,1.000000,3.381230,-399.317320
6.994000,0.417850,0.412720,3.271000,197.824400,-323.807010,62187.542970,,3.496580,-399.315730
6.996000,0.152530,0.237120,3.373540,197.843020,-323.807400,60820.664060,,3.567080,-399.313810
6.998000,-0.026920,0.267880,4.593750,197.860470,-323.807430,60967.265630,,3.546570,-399.312290
7.000000,-0.017940,0.587040,5.926760,197.876140,-323.807010,60612.894530,1.000000,3.487610,-399.312160
7.002000,0.244810,1.017700,6.418950,197.890640,-323.806210,60592.859380,,3.346620,-399.313690
7.004000,0.575500,1.326600,6.521480,197.905320,-323.805790,60643.484380,,3.306880,-399.315890
7.006000,0.821590,1.245850,6.880370,197.921770,-323.805850,60693.046880,,3.326110,-399.317660
7.008000,0.879270,0.945920,5.998540,197.939880,-323.806090,60812.230470,1.000000,3.356870,-399.318240
7.010000,0.694700,0.465270,5.085940,197.959300,-323.806460,60516.917970,,3.382510,-399.317290
7.012000,0.449890,0.115360,4.327150,197.978810,-323.807040,60658.246090,,3.526060,-399.315460
7.014000,0.151250,-0.049990,3.916990,197.997470,-323.807310,60286.996090,,3.522220,-399.313290
7.016000,-0.082030,0.025630,4.480960,198.014420,-323.807130,60702.542970,1.000000,3.496580,-399.311460
7.018000,-0.117920,0.428100,5.229490,198.029310,-323.806880,60553.828130,,3.482480,-399.311100
7.020000,0.116640,0.952330,5.567870,198.042920,-323.806340,60640.316410,,3.358150,-399.312560
7.022000,0.471680,1.363770,5.455080,198.056690,-323.805970,60559.105470,,3.314580,-399.314880
7.024000,0.739560,1.375310,5.875490,198.072160,-323.806060,60430.429690,1.000000,3.329960,-399.316930
7.026000,0.813900,1.153560,4.798830,198.089490,-323.806340,60723.636720,,3.369690,-399.317810
7.028000,0.629330,0.762630,3.670900,198.108230,-323.806610,60833.324220,,3.385070,-399.317050
7.030000,0.362730,0.442200,3.322270,198.127380,-323.807130,61142.347660,,3.523500,-399.315340
7.032000,0.103820,0.278140,3.855470,198.145980,-323.807460,60728.910160,1.000000,3.544010,-399.313390
7.034000,-0.049990,0.347350,4.593750,198.163250,-323.807400,60983.089840,,3.535030,-399.312070
7.036000,0.008970,0.684450,6.152340,198.178820,-323.806850,60695.160160,,3.449160,-399.312320
7.038000,0.299930,1.098450,6.459960,198.193420,-323.806120,60991.527340,,3.324830,-399.314060
7.040000,0.629330,1.345830,6.367680,198.208530,-323.805790,60784.808590,1.000000,3.315860,-399.316250
7.042000,0.856200,1.198430,6.839360,198.225450,-323.805940,60774.257810,,3.329960,-399.317900
7.044000,0.867740,0.839540,5.711430,198.243970,-323.806210,60944.070310,,3.355590,-399.318210
7.046000,0.653690,0.361450,4.788570,198.263630,-323.806580,60811.171880,,3.410710,-399.317020
7.048000,0.394780,0.046140,4.245120,198.283130,-323.807190,61159.222660,1.000000,3.540160,-399.315060
7.050000,0.098690,-0.093570,4.132320,198.301560,-323.807280,60407.226560,,3.502990,-399.312870
7.052000,-0.116640,0.051270,4.316890,198.318150,-323.807100,60564.378910,,3.500430,-399.311250
7.054000,-0.087160,0.489620,5.321780,198.332760,-323.806790,60331.292970,,3.449160,-399.311250
7.056000,0.183290,1.004880,5.598630,198.346360,-323.806270,60525.351560,1.000000,3.341490,-399.312990
7.058000,0.534480,1.327880,5.557620,198.360470,-323.805940,60620.273440,,3.310730,-399.315340
7.060000,0.775450,1.270200,5.352540,198.376450,-323.806090,60675.121090,,3.338930,-399.317260
7.062000,0.797240,1.006160,4.727050,198.394170,-323.806430,60724.691410,,3.369690,-399.317810
7.064000,0.571660,0.621640,3.660640,198.413090,-323.806700,60675.121090,1.000000,3.411990,-399.316770
7.066000,0.306340,0.352480,3.271000,198.432080,-323.807250,60820.664060,,3.533750,-399.314940
7.068000,0.064090,0.253780,4.193850,198.450260,-323.807530,60722.578130,,3.547850,-399.313080
7.070000,-0.053830,0.428100,4.973140,198.466890,-323.807340,61015.781250,,3.537600,-399.312010
7.072000,0.061520,0.826720,6.090820,198.481870,-323.806700,60680.394530,1.000000,3.401730,-399.312650
7.074000,0.375550,1.257390,6.603520,198.496200,-323.806030,61044.257810,,3.323550,-399.314580
7.076000,0.687010,1.415040,6.377930,198.511460,-323.805790,60800.625000,,3.308170,-399.316710
7.078000,0.876710,1.213810,6.213870,198.528630,-323.806000,60875.511720,,3.329960,-399.318120
7.080000,0.824160,0.834410,5.885740,198.547360,-323.806240,60859.691410,1.000000,3.363280,-399.318050
7.082000,0.596010,0.356320,4.501460,198.567050,-323.806700,60741.566410,,3.431210,-399.316650
7.084000,0.324280,0.066650,3.845210,198.586400,-323.807310,60857.582030,,3.547850,-399.314640
7.086000,0.047420,-0.028200,4.593750,198.604570,-323.807250,60651.917970,,3.495300,-399.312500
7.088000,-0.135860,0.171750,4.757810,198.620820,-323.807070,60902.933590,1.000000,3.504270,-399.311160
7.090000,-0.048710,0.606260,5.188480,198.635330,-323.806730,60332.347660,,3.420960,-399.311550
7.092000,0.256350,1.080510,5.916500,198.649060,-323.806210,60551.722660,,3.342770,-399.313510
7.094000,0.596010,1.304810,5.711430,198.663650,-323.805970,59170.078130,,3.310730,-399.315890
7.096000,0.806210,1.188170,5.044920,198.680110,-323.806180,60683.558590,1.000000,3.351750,-399.317600
7.098000,0.770320,0.871580,4.850100,198.698260,-323.806460,60674.062500,,3.379940,-399.317810
7.100000,0.520390,0.479370,3.547850,198.717390,-323.806790,60818.554690,,3.435060,-399.316530
7.102000,0.247380,0.229430,2.830080,198.736400,-323.807340,60652.972660,,3.547850,-399.314640
7.104000,0.025630,0.161500,4.450200,198.754490,-323.807530,60677.226560,1.000000,3.552980,-399.312840
7.104000,0.025630,0.161500,4.450200,198.754490,-323.807530,60677.226560,1.000000,3.552980,-399.312840
7.106000,-0.057680,0.367860,5.342290,198.770900,-323.807250,60754.222660,,3.520940,-399.312040
7.108000,0.120480,0.763920,5.854980,198.785780,-323.806520,60628.714840,,3.378660,-399.313020
7.110000,0.447330,1.172790,6.818850,198.800200,-323.805940,61046.371090,,3.332520,-399.315060
7.112000,0.738280,1.252260,6.511230,198.815840,-323.805790,60608.671880,1.000000,3.301760,-399.317140
7.114000,0.901060,1.024110,6.049800,198.833300,-323.806060,61027.386720,,3.350460,-399.318300
7.116000,0.794680,0.617800,5.762700,198.852220,-323.806270,60693.046880,,3.369690,-399.317930
7.118000,0.557560,0.196110,4.234860,198.871750,-323.806820,61141.296880,,3.463260,-399.316350
7.120000,0.265320,-0.021790,3.517090,198.890720,-323.807310,60766.875000,1.000000,3.555540,-399.314210
7.122000,-0.006410,-0.043580,4.593750,198.908290,-323.807190,60748.949220,,3.486330,-399.312070
7.124000,-0.155090,0.243530,4.932130,198.923930,-323.807010,60790.085940,,3.500430,-399.311000
7.126000,-0.015380,0.719060,5.383300,198.938020,-323.806580,60716.257810,,3.400450,-399.311740
7.128000,0.320430,1.197140,5.978030,198.951640,-323.806120,60918.753910,1.000000,3.337650,-399.313930
7.130000,0.644710,1.359920,5.588380,198.966430,-323.805970,60348.167970,,3.309450,-399.316250
7.132000,0.822880,1.222780,4.706540,198.983110,-323.806210,60558.046880,,3.365840,-399.317750
7.134000,0.725460,0.867740,4.409180,199.001450,-323.806490,60275.390630,,3.382510,-399.317630
7.136000,0.469120,0.502440,3.506840,199.020570,-323.806880,60687.777340,1.000000,3.461980,-399.316160
7.138000,0.192260,0.296080,3.404300,199.039370,-323.807370,60566.488280,,3.559390,-399.314240
7.140000,-0.003850,0.285830,4.634770,199.057080,-323.807460,60592.859380,,3.552980,-399.312560
7.142000,-0.038450,0.560120,5.680660,199.073090,-323.807160,60381.917970,,3.500430,-399.312130
7.144000,0.187130,0.968990,6.429200,199.087770,-323.806340,60348.167970,1.000000,3.359440,-399.313390
7.146000,0.516540,1.321470,6.767580,199.102370,-323.805820,60787.972660,,3.315860,-399.315520
7.148000,0.785710,1.302250,6.408690,199.118520,-323.805820,60433.597660,,3.306880,-399.317440
7.150000,0.888240,1.007450,6.142090,199.136490,-323.806060,61231.996090,,3.356870,-399.318300
7.152000,0.733150,0.535770,5.485840,199.155840,-323.806400,60891.332030,1.000000,3.372250,-399.317600
7.154000,0.496030,0.125610,4.255370,199.175570,-323.807010,62264.535160,,3.502990,-399.315890
7.156000,0.199950,-0.097410,3.609380,199.194560,-323.807310,61055.859380,,3.537600,-399.313720
7.158000,-0.049990,-0.079470,4.521970,199.212010,-323.807160,61143.402340,,3.487610,-399.311770
7.160000,-0.139710,0.264040,5.352540,199.227310,-323.806950,60969.378910,1.000000,3.490170,-399.311040
7.162000,0.051270,0.769040,5.506350,199.241180,-323.806460,60801.679690,,3.367130,-399.312190
7.164000,0.394780,1.218930,5.598630,199.254870,-323.806030,60993.632810,,3.317140,-399.314450
7.166000,0.692140,1.294560,5.762700,199.270110,-323.806030,60922.972660,,3.315860,-399.316650
7.168000,0.816470,1.099730,4.716800,199.287220,-323.806300,60985.195310,1.000000,3.365840,-399.317810
7.170000,0.661380,0.739560,3.742680,199.305800,-323.806610,60453.636720,,3.376100,-399.317290
7.172000,0.402470,0.410160,3.465820,199.324890,-323.807070,60535.902340,,3.495300,-399.315700
7.174000,0.140990,0.248660,3.742680,199.343460,-323.807460,60308.089840,,3.551700,-399.313810
7.176000,-0.025630,0.293520,4.511720,199.360790,-323.807460,60651.917970,1.000000,3.538880,-399.312350
7.178000,-0.006410,0.630620,6.029300,199.376370,-323.807040,60385.078130,,3.478640,-399.312290
7.180000,0.258910,1.070250,6.480470,199.390850,-323.806210,60487.382810,,3.329960,-399.313840
7.182000,0.583190,1.385560,6.234380,199.405590,-323.805820,60525.351560,,3.308170,-399.316010
7.184000,0.821590,1.291990,6.818850,199.422120,-323.805940,60445.195310,1.000000,3.322270,-399.317720
7.186000,0.863890,0.970280,5.967770,199.440380,-323.806180,60738.402340,,3.345340,-399.318240
7.188000,0.675480,0.492190,4.901370,199.459900,-323.806490,60662.460940,,3.379940,-399.317200
7.190000,0.430660,0.132020,4.111820,199.479520,-323.807160,61140.234380,,3.528630,-399.315370
7.192000,0.140990,-0.044860,3.927250,199.498310,-323.807370,60681.453130,1.000000,3.514530,-399.313260
7.194000,-0.084590,0.029480,4.398930,199.515380,-323.807160,60929.300780,,3.490170,-399.311490
7.196000,-0.112790,0.401180,5.188480,199.530470,-323.806920,60851.250000,,3.468380,-399.311190
7.198000,0.120480,0.890810,5.537110,199.544360,-323.806400,60992.582030,,3.356870,-399.312650
7.200000,0.474240,1.275330,5.547360,199.558320,-323.806060,60810.121090,1.000000,3.312010,-399.315000
7.202000,0.743410,1.288150,5.906250,199.573930,-323.806090,60795.355470,,3.324830,-399.317050
7.204000,0.819030,1.057430,4.614260,199.591350,-323.806400,60918.753910,,3.365840,-399.317900
7.206000,0.622920,0.662660,3.865720,199.610170,-323.806670,60701.488280,,3.391480,-399.317110
7.208000,0.353760,0.360170,3.855470,199.629260,-323.807190,60939.843750,1.000000,3.517090,-399.315340
7.210000,0.092290,0.219180,4.183590,199.647710,-323.807460,60280.664060,,3.540160,-399.313390
7.212000,-0.053830,0.317870,4.860350,199.664730,-323.807430,60506.371090,,3.535030,-399.312130
7.214000,0.019230,0.672910,6.224120,199.680080,-323.806850,60323.910160,,3.438900,-399.312440
7.216000,0.316590,1.090760,6.644530,199.694530,-323.806120,60534.847660,1.000000,3.319700,-399.314210
7.218000,0.639590,1.318910,6.541990,199.709590,-323.805820,60404.062500,,3.318420,-399.316380
7.220000,0.856200,1.161250,6.449710,199.726530,-323.805970,60654.023440,,3.329960,-399.317960
7.222000,0.856200,0.820310,6.039550,199.745060,-323.806210,60642.421880,,3.351750,-399.318180
7.224000,0.640870,0.339660,4.962890,199.764680,-323.806610,60514.808590,1.000000,3.413270,-399.316960
7.226000,0.380680,0.030760,3.916990,199.784130,-323.807250,60875.511720,,3.542720,-399.315000
7.228000,0.089720,-0.092290,4.163090,199.802490,-323.807310,60794.300780,,3.502990,-399.312840
7.230000,-0.116640,0.075620,4.583500,199.818970,-323.807100,61089.609380,,3.494020,-399.311280
7.232000,-0.087160,0.521670,5.106450,199.833560,-323.806790,60616.054690,1.000000,3.442750,-399.311280
7.234000,0.182010,1.016420,5.629390,199.847230,-323.806300,61739.300780,,3.347900,-399.313020
7.236000,0.533200,1.325320,5.619140,199.861480,-323.806000,60840.710940,,3.314580,-399.315400
7.238000,0.774170,1.257390,5.137210,199.877550,-323.806120,60987.308590,,3.338930,-399.317290
7.240000,0.801090,0.984380,4.788570,199.895370,-323.806460,60850.199220,1.000000,3.372250,-399.317870
7.240000,0.801090,0.984380,4.788570,199.895370,-323.806460,60850.199220,1.000000,3.372250,-399.317870
7.242000,0.574220,0.589600,3.701660,199.914400,-323.806760,60825.941410,,3.418400,-399.316830
7.244000,0.301210,0.312740,3.271000,199.933520,-323.807250,60902.933590,,3.528630,-399.314970
7.246000,0.057680,0.208920,4.460450,199.951800,-323.807500,60770.042970,,3.546570,-399.313110
7.248000,-0.061520,0.371700,5.219240,199.968550,-323.807340,60773.203130,1.000000,3.532470,-399.312040
7.250000,0.066650,0.762630,5.947270,199.983640,-323.806670,60251.136720,,3.397890,-399.312710
7.252000,0.385800,1.181760,6.788090,199.998080,-323.806000,60365.042970,,3.329960,-399.314670
7.254000,0.697270,1.329160,6.788090,200.013490,-323.805790,59097.308590,,3.308170,-399.316800
7.256000,0.881840,1.112550,6.203610,200.030780,-323.806030,60353.437500,1.000000,3.338930,-399.318150
7.258000,0.819030,0.707520,6.285640,200.049650,-323.806240,60467.347660,,3.365840,-399.318050
7.260000,0.592160,0.251220,4.624510,200.069340,-323.806730,60606.566410,,3.438900,-399.316620
7.262000,0.319150,-0.015380,3.291500,200.088620,-323.807310,60633.984380,,3.560670,-399.314580
7.264000,0.041020,-0.091000,4.634770,200.106640,-323.807220,60582.308590,1.000000,3.490170,-399.312440
7.266000,-0.138430,0.135860,4.993650,200.122620,-323.807040,60890.273440,,3.505550,-399.311130
7.268000,-0.052550,0.596010,5.157710,200.136930,-323.806640,60674.062500,,3.417110,-399.311550
7.270000,0.253780,1.097170,5.844730,200.150500,-323.806210,61061.136720,,3.345340,-399.313510
7.272000,0.596010,1.331730,5.660160,200.164960,-323.805970,60655.078130,1.000000,3.310730,-399.315890
7.274000,0.802370,1.217650,4.870610,200.181300,-323.806210,61004.183590,,3.351750,-399.317630
7.276000,0.766480,0.912600,4.501460,200.199370,-323.806490,61071.679690,,3.385070,-399.317810
7.278000,0.510130,0.525510,3.547850,200.218440,-323.806820,61070.628910,,3.440190,-399.316530
7.280000,0.234560,0.281980,3.086430,200.237370,-323.807340,60787.972660,1.000000,3.546570,-399.314610
7.282000,0.017940,0.214050,4.562990,200.255370,-323.807500,60735.234380,,3.554260,-399.312840
7.284000,-0.052550,0.425540,5.690920,200.271820,-323.807250,60772.152340,,3.515810,-399.312160
7.286000,0.133300,0.810060,6.172850,200.286790,-323.806490,60593.910160,,3.373540,-399.313140
7.288000,0.457580,1.188170,6.665040,200.301420,-323.805880,60860.746090,1.000000,3.324830,-399.315190
7.290000,0.742130,1.234310,6.675290,200.317320,-323.805790,60323.910160,,3.305600,-399.317230
7.292000,0.883120,0.980530,6.029300,200.335070,-323.806060,60623.441410,,3.353030,-399.318300
7.294000,0.765200,0.547300,5.639650,200.354220,-323.806300,60341.835940,,3.364560,-399.317810
7.296000,0.535770,0.123050,4.532230,200.373950,-323.806850,60521.136720,1.000000,3.470950,-399.316250
7.298000,0.251220,-0.119200,3.629880,200.393080,-323.807310,60666.679690,,3.555540,-399.314150
7.300000,-0.005130,-0.143550,4.429690,200.410780,-323.807190,60700.429690,,3.488890,-399.312130
7.302000,-0.140990,0.147400,5.229490,200.426410,-323.807010,60552.777340,,3.497860,-399.311160
7.304000,0.000000,0.634460,5.516600,200.440460,-323.806520,60419.886720,1.000000,3.388920,-399.311950
7.306000,0.328130,1.113830,5.516600,200.454070,-323.806090,60719.417970,,3.338930,-399.314060
7.308000,0.644710,1.277890,5.670410,200.468870,-323.806000,60570.707030,,3.305600,-399.316350
7.310000,0.820310,1.127930,4.778320,200.485580,-323.806240,61494.613280,,3.360720,-399.317810
7.312000,0.720340,0.790830,4.040040,200.503880,-323.806520,60724.691410,1.000000,3.377380,-399.317660
7.314000,0.460140,0.435790,3.322270,200.522960,-323.806980,62204.417970,,3.465820,-399.316160
7.316000,0.182010,0.253780,3.229980,200.541640,-323.807400,60860.746090,,3.552980,-399.314210
7.318000,-0.016660,0.275570,4.378420,200.559140,-323.807460,60886.062500,,3.547850,-399.312560
7.320000,-0.035890,0.584470,5.649900,200.574940,-323.807190,60578.089840,1.000000,3.500430,-399.312160
7.322000,0.198670,1.027950,6.439450,200.589430,-323.806340,60625.550780,,3.351750,-399.313510
7.324000,0.524230,1.394530,6.531740,200.603940,-323.805850,60725.746090,,3.313290,-399.315610
7.326000,0.783140,1.370180,6.798340,200.620040,-323.805880,60615.003910,,3.317140,-399.317500
7.328000,0.880550,1.099730,6.162600,200.637920,-323.806120,60784.808590,1.000000,3.356870,-399.318300
7.330000,0.721620,0.634460,5.116700,200.657240,-323.806400,60424.105470,,3.363280,-399.317540
7.332000,0.487060,0.226870,4.265630,200.676940,-323.807010,60658.246090,,3.508120,-399.315860
7.334000,0.192260,0.012820,3.875980,200.695940,-323.807340,60291.210940,,3.529910,-399.313690
7.336000,-0.052550,0.020510,4.368160,200.713440,-323.807160,60514.808590,1.000000,3.486330,-399.311770
7.338000,-0.137150,0.339660,5.280760,200.728960,-323.806950,60592.859380,,3.477360,-399.311100
7.340000,0.053830,0.802370,5.742190,200.743120,-323.806490,60519.027340,,3.372250,-399.312260
7.342000,0.393490,1.204830,5.619140,200.757140,-323.806120,60496.882810,,3.322270,-399.314480
7.344000,0.689580,1.261230,5.690920,200.772570,-323.806090,60386.136720,1.000000,3.317140,-399.316680
7.346000,0.822880,1.054870,4.973140,200.789840,-323.806340,60837.542970,,3.365840,-399.317840
7.348000,0.676760,0.672910,3.814450,200.808580,-323.806640,60820.664060,,3.376100,-399.317410
7.350000,0.408870,0.339660,3.271000,200.827740,-323.807100,60984.144530,,3.496580,-399.315770
7.352000,0.135860,0.180730,3.742680,200.846340,-323.807460,60743.671880,1.000000,3.538880,-399.313810
7.354000,-0.038450,0.247380,4.327150,200.863630,-323.807460,60934.570310,,3.535030,-399.312290
7.356000,-0.011540,0.587040,5.854980,200.879140,-323.807010,60873.402340,,3.467100,-399.312290
7.358000,0.262760,1.020260,6.470210,200.893620,-323.806210,60746.839840,,3.327390,-399.313840
7.360000,0.585750,1.307370,6.326660,200.908420,-323.805850,60682.503910,1.000000,3.304320,-399.316010
7.362000,0.826720,1.195860,6.716310,200.925020,-323.805940,60737.347660,,3.324830,-399.317720
7.364000,0.869020,0.877990,5.844730,200.943310,-323.806210,60943.007810,,3.340210,-399.318240
7.366000,0.680600,0.399900,4.932130,200.962840,-323.806520,60524.300780,,3.383790,-399.317230
7.368000,0.431950,0.058960,4.132320,200.982410,-323.807190,60911.371090,1.000000,3.528630,-399.315370
7.370000,0.135860,-0.096130,4.152830,201.000960,-323.807370,60176.257810,,3.504270,-399.313200
7.372000,-0.093570,0.024350,4.716800,201.017700,-323.807160,60496.882810,,3.492740,-399.311430
7.374000,-0.119200,0.452450,5.373050,201.032440,-323.806880,60339.730470,,3.451720,-399.311100
7.376000,0.108950,0.966430,5.916500,201.046050,-323.806370,60477.894530,1.000000,3.353030,-399.312560
7.378000,0.461430,1.354800,5.793460,201.059910,-323.806060,60605.511720,,3.305600,-399.314910
7.380000,0.737000,1.356080,5.414060,201.075520,-323.806120,60727.851560,,3.317140,-399.316990
7.382000,0.821590,1.125370,5.014160,201.092960,-323.806430,60755.273440,,3.354310,-399.317900
7.384000,0.629330,0.715210,3.824710,201.111860,-323.806730,60545.390630,1.000000,3.385070,-399.317140
7.386000,0.353760,0.406310,2.932620,201.131060,-323.807250,60965.156250,,3.517090,-399.315340
7.388000,0.091000,0.265320,4.091310,201.149570,-323.807530,60742.617190,,3.527340,-399.313390
7.390000,-0.056400,0.378110,4.839840,201.166660,-323.807460,60998.910160,,3.533750,-399.312130
7.392000,0.020510,0.739560,5.957520,201.182020,-323.806880,60548.558590,1.000000,3.427370,-399.312440
7.394000,0.321720,1.151000,6.418950,201.196530,-323.806180,60572.816410,,3.318420,-399.314240
7.396000,0.651120,1.361210,6.572750,201.211700,-323.805880,60773.203130,,3.314580,-399.316440
7.398000,0.865170,1.184330,6.183110,201.228780,-323.806030,60739.460940,,3.326110,-399.317990
7.400000,0.856200,0.804930,6.008790,201.247480,-323.806300,60866.019530,1.000000,3.351750,-399.318210
7.402000,0.639590,0.303770,4.942380,201.267260,-323.806640,60818.554690,,3.409420,-399.316960
7.404000,0.375550,-0.020510,3.845210,201.286880,-323.807310,60929.300780,,3.540160,-399.314970
7.406000,0.087160,-0.179440,4.327150,201.305420,-323.807310,60584.417970,,3.497860,-399.312770
7.408000,-0.123050,-0.029480,4.993650,201.322040,-323.807130,60823.828130,1.000000,3.490170,-399.311220
7.410000,-0.089720,0.389650,5.239750,201.336700,-323.806760,60391.406250,,3.422240,-399.311250
7.412000,0.178160,0.895940,5.875490,201.350370,-323.806300,60552.777340,,3.344060,-399.312990
7.414000,0.530640,1.208680,6.152340,201.364560,-323.806060,59443.246090,,3.310730,-399.315400
7.416000,0.778020,1.158690,5.178220,201.380540,-323.806210,60546.445310,1.000000,3.340210,-399.317320
7.416000,0.778020,1.158690,5.178220,201.380540,-323.806210,60546.445310,1.000000,3.340210,-399.317320
7.418000,0.808780,0.910030,4.788570,201.398180,-323.806520,60727.851560,,3.365840,-399.317960
7.420000,0.578060,0.547300,3.834960,201.416930,-323.806850,60804.847660,,3.423520,-399.316860
7.422000,0.297360,0.325560,2.973630,201.435650,-323.807310,60611.835940,,3.531190,-399.315000
7.424000,0.052550,0.270450,4.327150,201.453510,-323.807530,60638.207030,1.000000,3.532470,-399.313080
7.426000,-0.062810,0.485780,5.434570,201.469860,-323.807340,60889.218750,,3.532470,-399.312040
7.428000,0.069210,0.880550,5.978030,201.484760,-323.806670,60639.257810,,3.385070,-399.312740
7.430000,0.390930,1.286870,6.603520,201.499180,-323.806000,61102.265630,,3.324830,-399.314700
7.432000,0.693420,1.400940,6.644530,201.514740,-323.805820,60666.679690,1.000000,3.305600,-399.316800
7.434000,0.877990,1.157410,5.947270,201.532270,-323.806060,61047.425780,,3.333800,-399.318150
7.436000,0.812620,0.726750,5.547360,201.551360,-323.806300,60919.804690,,3.358150,-399.318020
7.438000,0.583190,0.262760,4.460450,201.571240,-323.806760,61028.437500,,3.437620,-399.316590
7.440000,0.308900,-0.001280,3.527340,201.590650,-323.807370,60781.640630,1.000000,3.555540,-399.314540
7.442000,0.034610,-0.070500,4.296390,201.608720,-323.807280,60646.640630,,3.491460,-399.312440
7.444000,-0.140990,0.149960,5.362790,201.624830,-323.807100,60678.281250,,3.499150,-399.311160
7.446000,-0.049990,0.613950,5.516600,201.639190,-323.806640,60497.933590,,3.404300,-399.311610
7.448000,0.251220,1.104860,5.844730,201.652790,-323.806210,60688.832030,1.000000,3.338930,-399.313540
7.450000,0.589600,1.345830,5.916500,201.667240,-323.806030,60407.226560,,3.300480,-399.315920
7.452000,0.803650,1.245850,5.075680,201.683560,-323.806210,60554.886720,,3.347900,-399.317660
7.454000,0.770320,0.925420,4.470700,201.701580,-323.806520,60674.062500,,3.370970,-399.317900
7.456000,0.513980,0.543460,3.804200,201.720660,-323.806880,60641.371090,1.000000,3.447880,-399.316590
7.458000,0.231990,0.314030,3.260740,201.739490,-323.807400,60678.281250,,3.541440,-399.314640
7.460000,0.011540,0.273010,4.450200,201.757350,-323.807530,60668.792970,,3.545290,-399.312840
7.462000,-0.056400,0.522950,5.701170,201.773540,-323.807280,60332.347660,,3.515810,-399.312130
7.464000,0.138430,0.925420,6.275390,201.788330,-323.806520,60391.406250,1.000000,3.365840,-399.313200
7.466000,0.467830,1.315060,6.480470,201.802860,-323.805940,60783.753910,,3.333800,-399.315250
7.468000,0.749820,1.341980,6.521480,201.818760,-323.805880,60530.625000,,3.312010,-399.317260
7.470000,0.888240,1.097170,6.142090,201.836460,-323.806120,62076.796880,,3.359440,-399.318330
7.472000,0.761350,0.665220,5.116700,201.855620,-323.806340,60746.839840,1.000000,3.367130,-399.317810
7.474000,0.529360,0.220460,4.224610,201.875380,-323.806880,60890.273440,,3.476070,-399.316220
7.476000,0.242250,-0.011540,3.547850,201.894530,-323.807340,60974.656250,,3.558110,-399.314090
7.478000,-0.015380,-0.038450,4.152830,201.912250,-323.807190,60828.054690,,3.481200,-399.312070
7.480000,-0.140990,0.257630,5.188480,201.927930,-323.806980,60792.191410,1.000000,3.496580,-399.311130
7.482000,0.001280,0.725460,5.762700,201.942090,-323.806490,60682.503910,,3.376100,-399.311980
7.484000,0.326840,1.175350,5.649900,201.955900,-323.806120,60780.585940,,3.345340,-399.314090
7.486000,0.648560,1.307370,5.680660,201.970920,-323.806060,60497.933590,,3.312010,-399.316410
7.488000,0.824160,1.152280,5.208980,201.987760,-323.806340,60811.171880,1.000000,3.364560,-399.317840
7.490000,0.725460,0.801090,3.978520,202.006200,-323.806580,60418.832030,,3.381230,-399.317690
7.492000,0.460140,0.431950,3.547850,202.025380,-323.807040,60777.425780,,3.481200,-399.316160
7.494000,0.175600,0.237120,3.824710,202.044130,-323.807430,60554.886720,,3.552980,-399.314150
7.496000,-0.024350,0.249940,4.357910,202.061710,-323.807460,60676.175780,1.000000,3.545290,-399.312500
7.498000,-0.039730,0.547300,5.608890,202.077550,-323.807130,60592.859380,,3.497860,-399.312160
7.500000,0.203800,0.967710,6.695800,202.092150,-323.806300,60665.628910,,3.349180,-399.313540
7.502000,0.535770,1.295840,6.552250,202.106830,-323.805850,60597.070310,,3.315860,-399.315700
7.504000,0.798520,1.238160,6.429200,202.123140,-323.805910,60417.777340,1.000000,3.323550,-399.317570
7.506000,0.890810,0.945920,6.183110,202.141190,-323.806120,60702.542970,,3.356870,-399.318390
7.508000,0.725460,0.471680,4.993650,202.160600,-323.806430,60770.042970,,3.367130,-399.317570
7.510000,0.481930,0.089720,3.947750,202.180220,-323.807040,60896.601560,,3.518370,-399.315770
7.512000,0.178160,-0.093570,3.906740,202.198960,-323.807340,60791.136720,1.000000,3.528630,-399.313570
7.514000,-0.069210,-0.017940,4.275880,202.216000,-323.807160,61084.339840,,3.492740,-399.311650
7.516000,-0.147400,0.378110,5.106450,202.230930,-323.806880,60855.476560,,3.473510,-399.311040
7.518000,0.049990,0.901060,5.854980,202.244520,-323.806430,60900.824220,,3.360720,-399.312190
7.520000,0.390930,1.339420,5.721680,202.258090,-323.806090,60765.820310,1.000000,3.327390,-399.314450
7.522000,0.693420,1.417600,5.526860,202.273180,-323.806090,60729.960940,,3.313290,-399.316680
7.524000,0.828000,1.231750,5.208980,202.290180,-323.806340,60790.085940,,3.365840,-399.317900
7.526000,0.678040,0.849790,3.968260,202.308810,-323.806640,60682.503910,,3.374820,-399.317410
7.528000,0.405030,0.489620,3.229980,202.328030,-323.807160,60972.542970,1.000000,3.506840,-399.315730
7.530000,0.124330,0.299930,4.070800,202.346790,-323.807460,60335.511720,,3.535030,-399.313750
7.532000,-0.044860,0.349910,4.696290,202.364260,-323.807460,60575.976560,,3.535030,-399.312290
7.534000,-0.010250,0.669070,5.844730,202.380020,-323.807010,60400.902340,,3.468380,-399.312290
7.536000,0.270450,1.072810,6.706050,202.394810,-323.806180,60452.582030,1.000000,3.322270,-399.313930
7.538000,0.599850,1.322750,6.675290,202.409930,-323.805850,60540.121090,,3.310730,-399.316100
7.540000,0.834410,1.188170,6.408690,202.426820,-323.805970,60641.371090,,3.332520,-399.317810
7.542000,0.865170,0.842100,6.203610,202.445340,-323.806210,60712.035160,,3.346620,-399.318240
7.544000,0.671630,0.358890,5.014160,202.465000,-323.806550,60382.972660,1.000000,3.386350,-399.317170
7.546000,0.420410,0.025630,3.711910,202.484600,-323.807190,60785.859380,,3.540160,-399.315310
7.548000,0.128170,-0.140990,4.060550,202.503170,-323.807340,60756.332030,,3.505550,-399.313110
7.550000,-0.094850,-0.016660,4.747560,202.519910,-323.807130,60973.597660,,3.490170,-399.311430
7.552000,-0.111510,0.388370,5.147460,202.534680,-323.806820,60616.054690,1.000000,3.446590,-399.311190
7.554000,0.120480,0.883120,5.649900,202.548420,-323.806340,60776.371090,,3.345340,-399.312650
7.556000,0.463990,1.240720,5.844730,202.562390,-323.806060,60935.625000,,3.313290,-399.314940
7.558000,0.730590,1.230470,5.280760,202.578090,-323.806180,60895.550780,,3.320980,-399.316990
7.560000,0.812620,0.999760,4.839840,202.595540,-323.806490,60837.542970,1.000000,3.356870,-399.317900
7.562000,0.621640,0.616520,4.040040,202.614300,-323.806760,60819.613280,,3.395320,-399.317140
7.564000,0.344790,0.344790,3.117190,202.633260,-323.807280,60863.910160,,3.523500,-399.315340
7.566000,0.082030,0.244810,4.152830,202.651430,-323.807530,60658.246090,,3.533750,-399.313390
7.568000,-0.060240,0.410160,5.270510,202.668060,-323.807460,60805.902340,1.000000,3.533750,-399.312160
7.568000,-0.060240,0.410160,5.270510,202.668060,-323.807460,60805.902340,1.000000,3.533750,-399.312160
7.570000,0.025630,0.820310,6.060060,202.683040,-323.806850,60369.257810,,3.422240,-399.312560
7.572000,0.330690,1.249690,6.552250,202.697330,-323.806120,60524.300780,,3.318420,-399.314360
7.574000,0.649840,1.443240,7.218750,202.712450,-323.805850,60506.371090,,3.314580,-399.316500
7.576000,0.856200,1.256100,6.213870,202.729510,-323.806000,60289.105470,1.000000,3.328670,-399.318020
7.578000,0.836980,0.875430,5.844730,202.748200,-323.806270,60607.621090,,3.349180,-399.318150
7.580000,0.620360,0.392210,5.106450,202.767930,-323.806640,60720.468750,,3.415830,-399.316860
7.582000,0.356320,0.083310,3.763180,202.787430,-323.807310,60773.203130,,3.545290,-399.314910
7.584000,0.073060,-0.042300,4.111820,202.805830,-323.807310,60490.550780,1.000000,3.497860,-399.312740
7.586000,-0.123050,0.112790,5.034670,202.822370,-323.807130,60777.425780,,3.494020,-399.311280
7.588000,-0.080750,0.525510,5.311520,202.837100,-323.806760,60676.175780,,3.418400,-399.311400
7.590000,0.184570,1.002320,5.680660,202.850890,-323.806300,61004.183590,,3.346620,-399.313140
7.592000,0.529360,1.289430,5.967770,202.865220,-323.806060,60753.167970,1.000000,3.309450,-399.315490
7.594000,0.774170,1.220210,4.983400,202.881360,-323.806210,61057.972660,,3.336360,-399.317440
7.596000,0.803650,0.912600,4.409180,202.899310,-323.806490,60985.195310,,3.367130,-399.318020
7.598000,0.570370,0.493470,3.845210,202.918460,-323.806850,60972.542970,,3.423520,-399.316930
7.600000,0.285830,0.221740,3.086430,202.937580,-323.807340,60738.402340,1.000000,3.531190,-399.315030
7.602000,0.042300,0.137150,4.224610,202.955750,-323.807500,60635.039060,,3.535030,-399.313110
7.604000,-0.069210,0.337100,5.731930,202.972310,-323.807310,60878.679690,,3.523500,-399.312100
7.606000,0.078190,0.735720,6.254880,202.987260,-323.806640,60471.566410,,3.382510,-399.312870
7.608000,0.403750,1.156130,6.788090,203.001620,-323.806030,60721.527340,1.000000,3.329960,-399.314850
7.610000,0.707520,1.283020,6.890630,203.017040,-323.805880,60587.582030,,3.309450,-399.316960
7.612000,0.884400,1.083070,6.336910,203.034260,-323.806120,60731.019530,,3.344060,-399.318240
7.614000,0.807500,0.711360,5.639650,203.052960,-323.806340,60725.746090,,3.363280,-399.318050
7.616000,0.576780,0.278140,4.727050,203.072450,-323.806790,60565.433590,1.000000,3.440190,-399.316590
7.618000,0.298650,0.043580,3.670900,203.091460,-323.807370,60723.636720,,3.558110,-399.314510
7.620000,0.026920,0.005130,4.152830,203.109210,-323.807220,60754.222660,,3.483760,-399.312410
7.622000,-0.143550,0.274290,5.096190,203.125030,-323.807040,60498.988280,,3.500430,-399.311160
7.624000,-0.046140,0.728030,5.506350,203.139280,-323.806610,60415.664060,1.000000,3.392760,-399.311650
7.626000,0.252500,1.198430,5.588380,203.153000,-323.806210,60715.195310,,3.345340,-399.313600
7.628000,0.588320,1.406070,5.465330,203.167680,-323.806060,60703.597660,,3.304320,-399.315950
7.630000,0.801090,1.276610,5.034670,203.184220,-323.806270,62183.324220,,3.347900,-399.317690
7.632000,0.766480,0.944640,3.875980,203.202470,-323.806550,60880.785160,1.000000,3.373540,-399.317900
7.634000,0.508850,0.565250,3.229980,203.221620,-323.806980,60814.339840,,3.450440,-399.316590
7.636000,0.223020,0.331970,3.209470,203.240570,-323.807430,60995.746090,,3.547850,-399.314610
7.638000,0.003850,0.305050,4.316890,203.258410,-323.807500,60830.160160,,3.538880,-399.312810
7.640000,-0.055110,0.575500,5.496090,203.274540,-323.807250,60427.265630,1.000000,3.511960,-399.312160
7.642000,0.147400,0.976680,6.470210,203.289310,-323.806490,60605.511720,,3.362000,-399.313260
7.644000,0.475520,1.344540,6.480470,203.303890,-323.805910,60648.753910,,3.326110,-399.315340
7.646000,0.758790,1.345830,6.418950,203.319920,-323.805880,60432.542970,,3.308170,-399.317350
7.648000,0.888240,1.062560,6.408690,203.337770,-323.806120,60647.699220,1.000000,3.359440,-399.318360
7.650000,0.754940,0.598570,5.342290,203.357100,-323.806340,60506.371090,,3.359440,-399.317810
7.652000,0.525510,0.148680,4.204100,203.376970,-323.806920,60735.234380,,3.479920,-399.316190
7.654000,0.237120,-0.098690,3.999020,203.396120,-323.807340,60705.707030,,3.550420,-399.314060
7.656000,-0.021790,-0.105100,4.265630,203.413740,-323.807190,60465.234380,1.000000,3.481200,-399.312040
7.658000,-0.146120,0.212770,5.034670,203.429210,-323.806980,60646.640630,,3.492740,-399.311100
7.660000,0.000000,0.712650,6.060060,203.443130,-323.806490,60572.816410,,3.370970,-399.311980
7.662000,0.326840,1.188170,5.721680,203.456740,-323.806120,60528.519530,,3.341490,-399.314090
7.664000,0.642150,1.324040,5.342290,203.471620,-323.806060,60293.324220,1.000000,3.305600,-399.316380
7.666000,0.816470,1.166380,5.157710,203.488360,-323.806340,60747.894530,,3.362000,-399.317810
7.668000,0.715210,0.822880,4.029790,203.506740,-323.806610,60731.019530,,3.368410,-399.317690
7.670000,0.449890,0.462710,3.158200,203.525830,-323.807070,60917.699220,,3.482480,-399.316160
7.672000,0.167910,0.284550,3.855470,203.544480,-323.807430,60752.113280,1.000000,3.542720,-399.314150
7.674000,-0.025630,0.319150,4.450200,203.561900,-323.807460,61015.781250,,3.537600,-399.312500
7.676000,-0.034610,0.639590,5.455080,203.577640,-323.807160,60899.769530,,3.492740,-399.312230
7.678000,0.216610,1.056150,6.562500,203.592240,-323.806340,60811.171880,,3.342770,-399.313630
7.680000,0.543460,1.380430,6.541990,203.606950,-323.805880,60912.421880,1.000000,3.310730,-399.315770
7.682000,0.801090,1.311220,6.254880,203.623370,-323.805940,60731.019530,,3.320980,-399.317630
7.684000,0.877990,1.003600,6.347170,203.641540,-323.806180,60714.144530,,3.350460,-399.318330
7.686000,0.706240,0.519100,5.116700,203.661060,-323.806490,60548.558590,,3.363280,-399.317470
7.688000,0.467830,0.124330,3.793950,203.680830,-323.807100,60756.332030,1.000000,3.519650,-399.315730
7.690000,0.170470,-0.080750,3.947750,203.699770,-323.807400,60262.738280,,3.522220,-399.313540
7.692000,-0.065370,-0.032040,4.614260,203.716980,-323.807190,60484.222660,,3.488890,-399.311710
7.694000,-0.132020,0.326840,5.219240,203.732160,-323.806920,60486.332030,,3.469670,-399.311130
7.696000,0.065370,0.816470,5.865230,203.746050,-323.806400,60401.957030,1.000000,3.350460,-399.312350
7.698000,0.405030,1.213810,5.978030,203.759900,-323.806120,60543.281250,,3.322270,-399.314610
7.700000,0.699830,1.275330,5.526860,203.775210,-323.806150,60656.136720,,3.315860,-399.316770
7.700000,0.699830,1.275330,5.526860,203.775210,-323.806150,60656.136720,,3.315860,-399.316770
7.702000,0.828000,1.083070,5.075680,203.792340,-323.806400,60658.246090,,3.356870,-399.317960
7.704000,0.672910,0.706240,3.875980,203.810930,-323.806700,60502.152340,1.000000,3.379940,-399.317410
7.706000,0.396060,0.389650,3.004390,203.829960,-323.807190,61025.273440,,3.511960,-399.315700
7.708000,0.115360,0.249940,3.814450,203.848340,-323.807460,60780.585940,,3.531190,-399.313690
7.710000,-0.053830,0.343510,4.860350,203.865370,-323.807460,60751.054690,,3.533750,-399.312230
7.712000,-0.011540,0.704960,5.752440,203.880680,-323.807010,60607.621090,1.000000,3.463260,-399.312290
7.714000,0.276860,1.134340,6.183110,203.895080,-323.806180,60875.511720,,3.322270,-399.313960
7.716000,0.611390,1.394530,6.675290,203.909940,-323.805850,60880.785160,,3.312010,-399.316160
7.718000,0.845950,1.252260,6.295900,203.926700,-323.805970,60791.136720,,3.329960,-399.317870
7.720000,0.871580,0.921570,5.916500,203.945110,-323.806240,60932.460940,1.000000,3.344060,-399.318270
7.722000,0.667790,0.426820,5.208980,203.964740,-323.806550,60833.324220,,3.391480,-399.317140
7.724000,0.410160,0.088440,3.711910,203.984340,-323.807220,60886.062500,,3.536320,-399.315220
7.726000,0.111510,-0.067930,3.875980,204.002960,-323.807370,60541.175780,,3.505550,-399.313020
7.728000,-0.110230,0.042300,5.003910,204.019810,-323.807130,60820.664060,1.000000,3.488890,-399.311310
7.730000,-0.112790,0.440920,5.229490,204.034740,-323.806820,60536.957030,,3.442750,-399.311160
7.732000,0.123050,0.931820,5.608890,204.048570,-323.806340,60616.054690,,3.350460,-399.312680
7.734000,0.467830,1.281740,6.541990,204.062670,-323.806060,60651.917970,,3.312010,-399.315030
7.736000,0.739560,1.268920,5.280760,204.078450,-323.806180,60340.781250,1.000000,3.328670,-399.317080
7.738000,0.816470,1.018980,4.491210,204.096010,-323.806490,60709.925780,,3.358150,-399.317960
7.740000,0.619080,0.625490,4.163090,204.114870,-323.806760,60786.917970,,3.401730,-399.317140
7.742000,0.338380,0.348630,3.117190,204.133930,-323.807280,60671.953130,,3.519650,-399.315340
7.744000,0.075620,0.231990,3.824710,204.152210,-323.807500,60541.175780,1.000000,3.526060,-399.313350
7.744000,0.075620,0.231990,3.824710,204.152210,-323.807500,60541.175780,1.000000,3.526060,-399.313350
7.746000,-0.066650,0.385800,5.280760,204.169010,-323.807370,60816.445310,,3.528630,-399.312130
7.748000,0.032040,0.776730,6.049800,204.184140,-323.806790,60667.738280,,3.410710,-399.312560
7.750000,0.342220,1.197140,6.377930,204.198530,-323.806090,60682.503910,,3.322270,-399.314420
7.752000,0.663940,1.380430,6.695800,204.213760,-323.805880,60624.496090,1.000000,3.318420,-399.316590
7.754000,0.867740,1.183040,6.172850,204.230880,-323.806090,60636.097660,,3.335080,-399.318120
7.756000,0.836980,0.815190,5.680660,204.249540,-323.806340,60871.292970,,3.356870,-399.318150
7.758000,0.616520,0.371700,4.942380,204.269090,-323.806670,60896.601560,,3.414550,-399.316860
7.760000,0.352480,0.083310,3.824710,204.288360,-323.807310,60911.371090,1.000000,3.545290,-399.314850
7.762000,0.069210,0.006410,4.060550,204.306430,-323.807310,60720.468750,,3.495300,-399.312710
7.764000,-0.126890,0.223020,5.239750,204.322570,-323.807100,60772.152340,,3.492740,-399.311220
7.766000,-0.073060,0.669070,5.598630,204.336980,-323.806700,60511.644530,,3.411990,-399.311400
7.768000,0.196110,1.158690,5.731930,204.350620,-323.806240,60693.046880,1.000000,3.342770,-399.313170
7.770000,0.534480,1.430420,5.926760,204.364940,-323.806060,60742.617190,,3.314580,-399.315520
7.772000,0.771610,1.348390,5.311520,204.381090,-323.806240,60685.664060,,3.335080,-399.317410
7.774000,0.792110,1.052310,4.480960,204.399030,-323.806520,60832.265630,,3.367130,-399.317960
7.776000,0.554990,0.628050,3.742680,204.418180,-323.806880,60657.187500,1.000000,3.426090,-399.316830
7.778000,0.274290,0.348630,3.209470,204.437330,-323.807370,60738.402340,,3.533750,-399.314910
7.780000,0.037170,0.262760,4.286130,204.455510,-323.807530,60644.535160,,3.535030,-399.313020
7.782000,-0.069210,0.460140,5.362790,204.472080,-323.807310,60486.332030,,3.520940,-399.312100
7.784000,0.089720,0.847230,6.213870,204.487120,-323.806640,60398.792970,1.000000,3.382510,-399.312960
7.786000,0.417850,1.233030,6.480470,204.501740,-323.805970,60756.332030,,3.323550,-399.314940
7.788000,0.719060,1.303530,6.183110,204.517520,-323.805850,60659.300780,,3.304320,-399.317020
7.790000,0.890810,1.054870,6.531740,204.535160,-323.806120,61858.476560,,3.345340,-399.318300
7.792000,0.797240,0.621640,5.280760,204.554310,-323.806340,60850.199220,1.000000,3.359440,-399.318020
7.794000,0.567810,0.151250,4.193850,204.574190,-323.806820,60649.804690,,3.441470,-399.316500
7.796000,0.285830,-0.119200,3.763180,204.593520,-323.807370,61036.875000,,3.559390,-399.314390
7.798000,0.015380,-0.166630,4.204100,204.611370,-323.807250,60847.031250,,3.478640,-399.312290
7.800000,-0.143550,0.112790,5.034670,204.627110,-323.807040,60875.511720,1.000000,3.499150,-399.311130
7.802000,-0.034610,0.608830,5.844730,204.641100,-323.806580,60582.308590,,3.387630,-399.311710
7.804000,0.266600,1.112550,5.762700,204.654540,-323.806180,60759.496090,,3.337650,-399.313690
7.806000,0.598570,1.326600,5.588380,204.669010,-323.806060,60506.371090,,3.306880,-399.316040
7.808000,0.803650,1.216370,5.393550,204.685350,-323.806300,60798.519530,1.000000,3.346620,-399.317690
7.810000,0.757510,0.915160,4.286130,204.703340,-323.806550,60775.316410,,3.369690,-399.317870
7.812000,0.499880,0.552430,3.414550,204.722290,-323.807010,60829.105470,,3.451720,-399.316500
7.814000,0.215330,0.351200,3.834960,204.740980,-323.807430,60747.894530,,3.542720,-399.314510
7.816000,0.000000,0.342220,4.501460,204.758610,-323.807500,60630.824220,1.000000,3.536320,-399.312710
7.818000,-0.057680,0.637020,5.280760,204.774550,-323.807250,60582.308590,,3.508120,-399.312160
7.820000,0.155090,1.063840,6.798340,204.789150,-323.806490,60568.593750,,3.363280,-399.313290
7.822000,0.485780,1.438110,6.736820,204.803670,-323.805910,60584.417970,,3.319700,-399.315400
7.824000,0.763920,1.435550,6.306150,204.819660,-323.805910,60358.714840,1.000000,3.315860,-399.317380
7.826000,0.886960,1.162540,6.408690,204.837540,-323.806150,60657.187500,,3.360720,-399.318360
7.828000,0.748540,0.694700,5.342290,204.856870,-323.806370,60778.476560,,3.354310,-399.317780
7.830000,0.512700,0.258910,3.824710,204.876690,-323.806980,60956.722660,,3.492740,-399.316130
7.832000,0.221740,0.026920,3.855470,204.895830,-323.807370,60777.425780,1.000000,3.545290,-399.313960
7.834000,-0.029480,0.010250,4.245120,204.913470,-323.807190,60650.867190,,3.478640,-399.311980
7.836000,-0.142270,0.303770,5.055180,204.929170,-323.806980,60949.339840,,3.491460,-399.311130
7.838000,0.017940,0.744690,5.967770,204.943410,-323.806490,60886.062500,,3.365840,-399.312070
7.840000,0.340940,1.161250,5.885740,204.957350,-323.806150,61225.664060,1.000000,3.340210,-399.314210
7.842000,0.652400,1.262510,5.424320,204.972530,-323.806090,60798.519530,,3.309450,-399.316440
7.844000,0.822880,1.084350,5.373050,204.989550,-323.806370,60611.835940,,3.360720,-399.317870
7.846000,0.713930,0.715210,4.040040,205.008090,-323.806640,60713.089840,,3.370970,-399.317660
7.848000,0.446040,0.365300,3.117190,205.027210,-323.807130,60900.824220,1.000000,3.488890,-399.316100
7.850000,0.160220,0.208920,3.793950,205.045760,-323.807460,60443.089840,,3.541440,-399.314090
7.852000,-0.035890,0.266600,4.747560,205.063050,-323.807460,60539.062500,,3.533750,-399.312440
7.854000,-0.034610,0.604980,5.752440,205.078570,-323.807100,60591.800780,,3.490170,-399.312190
7.856000,0.223020,1.036930,6.459960,205.093030,-323.806270,60350.281250,1.000000,3.333800,-399.313660
7.858000,0.557560,1.345830,6.859860,205.107710,-323.805880,60555.941410,,3.306880,-399.315830
7.860000,0.811340,1.261230,6.490720,205.124130,-323.805970,60564.378910,,3.327390,-399.317690
7.862000,0.877990,0.966430,6.039550,205.142270,-323.806210,60650.867190,,3.345340,-399.318330
7.864000,0.698550,0.494750,4.911620,205.161700,-323.806490,60413.558590,1.000000,3.368410,-399.317410
7.866000,0.456300,0.130740,3.886230,205.181260,-323.807130,60840.710940,,3.522220,-399.315610
7.868000,0.160220,-0.039730,3.691410,205.199950,-323.807400,60797.468750,,3.518370,-399.313420
7.870000,-0.076900,0.032040,4.716800,205.216960,-323.807190,60717.308590,,3.491460,-399.311610
7.872000,-0.133300,0.424260,5.014160,205.231990,-323.806880,60598.128910,1.000000,3.463260,-399.311100
7.874000,0.071780,0.907470,5.424320,205.245800,-323.806400,60509.535160,,3.349180,-399.312380
7.876000,0.411440,1.304810,5.916500,205.259670,-323.806090,60886.062500,,3.320980,-399.314640
7.878000,0.699830,1.340700,5.424320,205.275130,-323.806180,60840.710940,,3.314580,-399.316800
7.880000,0.820310,1.121520,4.675780,205.292420,-323.806430,60950.390630,1.000000,3.355590,-399.317930
7.882000,0.662660,0.721620,4.142580,205.311190,-323.806730,60706.761720,,3.376100,-399.317380
7.884000,0.385800,0.396060,3.127440,205.330370,-323.807250,60796.406250,,3.514530,-399.315670
7.886000,0.107670,0.246090,3.742680,205.348890,-323.807500,60559.105470,,3.524780,-399.313660
7.888000,-0.060240,0.340940,5.301270,205.366010,-323.807460,60704.648440,1.000000,3.528630,-399.312230
7.890000,-0.005130,0.711360,6.162600,205.381350,-323.806980,60466.292970,,3.454280,-399.312380
7.892000,0.288390,1.135620,6.459960,205.395780,-323.806210,60495.820310,,3.317140,-399.314090
7.894000,0.621640,1.380430,7.649410,205.410710,-323.805880,60617.113280,,3.317140,-399.316280
7.896000,0.847230,1.227910,6.593260,205.427580,-323.806030,60214.222660,1.000000,3.324830,-399.317930
7.896000,0.847230,1.227910,6.593260,205.427580,-323.806030,60214.222660,1.000000,3.324830,-399.317930
7.898000,0.865170,0.869020,5.670410,205.446040,-323.806300,60632.933590,,3.347900,-399.318240
7.900000,0.658810,0.379390,5.444820,205.465680,-323.806580,60666.679690,,3.392760,-399.317110
7.902000,0.403750,0.049990,3.978520,205.485240,-323.807250,60689.886720,,3.531190,-399.315190
7.904000,0.108950,-0.115360,3.732420,205.503800,-323.807340,60552.777340,1.000000,3.502990,-399.312990
7.906000,-0.106380,0.012820,4.983400,205.520520,-323.807130,60864.964840,,3.486330,-399.311340
7.908000,-0.103820,0.438350,5.332030,205.535230,-323.806790,60740.511720,,3.431210,-399.311190
7.910000,0.135860,0.943360,5.424320,205.548900,-323.806340,60867.070310,,3.347900,-399.312740
7.912000,0.478090,1.297120,5.731930,205.562940,-323.806090,60657.187500,1.000000,3.312010,-399.315060
7.914000,0.735720,1.272770,5.208980,205.578720,-323.806210,60551.722660,,3.323550,-399.317080
7.916000,0.802370,1.035640,4.419430,205.596270,-323.806520,61016.839840,,3.359440,-399.317870
7.918000,0.601140,0.642150,4.091310,205.615100,-323.806820,60988.363280,,3.400450,-399.317020
7.920000,0.325560,0.372990,3.065920,205.634080,-323.807310,60683.558590,1.000000,3.520940,-399.315220
7.922000,0.071780,0.273010,3.916990,205.652270,-323.807500,60600.238280,,3.523500,-399.313290
7.924000,-0.062810,0.443480,5.373050,205.668930,-323.807400,60740.511720,,3.527340,-399.312160
7.926000,0.044860,0.831850,6.162600,205.684040,-323.806760,60340.781250,,3.403020,-399.312680
7.928000,0.360170,1.244570,6.429200,205.698490,-323.806060,60626.601560,1.000000,3.317140,-399.314540
7.930000,0.672910,1.399660,6.552250,205.713880,-323.805850,60625.550780,,3.310730,-399.316680
7.932000,0.865170,1.179200,6.408690,205.731220,-323.806060,60534.847660,,3.331240,-399.318120
7.934000,0.821590,0.770320,5.701170,205.750110,-323.806300,60661.410160,,3.354310,-399.318080
7.936000,0.601140,0.283260,4.706540,205.769970,-323.806700,60492.656250,1.000000,3.415830,-399.316710
7.938000,0.337100,-0.010250,4.009280,205.789460,-323.807340,60731.019530,,3.547850,-399.314760
7.940000,0.062810,-0.105100,4.286130,205.807650,-323.807310,60585.476560,,3.495300,-399.312650
7.942000,-0.125610,0.108950,4.983400,205.823810,-323.807100,60477.894530,,3.491460,-399.311250
7.944000,-0.065370,0.579350,5.690920,205.838120,-323.806700,60377.699220,1.000000,3.406860,-399.311490
7.946000,0.207640,1.068970,5.772950,205.851670,-323.806240,60705.707030,,3.342770,-399.313290
7.948000,0.551150,1.331730,5.291020,205.865970,-323.806090,60716.257810,,3.310730,-399.315640
7.950000,0.781860,1.250980,5.485840,205.882080,-323.806240,61503.046880,,3.338930,-399.317500
7.952000,0.788270,0.967710,4.306640,205.899890,-323.806520,60870.238280,1.000000,3.364560,-399.317960
7.954000,0.547300,0.581910,3.373540,205.918840,-323.806880,60819.613280,,3.424800,-399.316770
7.956000,0.261470,0.340940,3.373540,205.937680,-323.807370,60977.812500,,3.531190,-399.314850
7.958000,0.026920,0.287110,4.306640,205.955580,-323.807500,60906.097660,,3.523500,-399.312990
7.960000,-0.066650,0.519100,5.208980,205.971830,-323.807310,60724.691410,1.000000,3.519650,-399.312100
7.962000,0.099980,0.915160,6.357420,205.986680,-323.806640,60581.250000,,3.377380,-399.312990
7.964000,0.426820,1.306090,6.624020,206.001160,-323.806000,60596.015630,,3.328670,-399.315030
7.966000,0.721620,1.356080,6.388180,206.016940,-323.805910,60471.566410,,3.310730,-399.317080
7.968000,0.880550,1.103580,6.500980,206.034580,-323.806180,60624.496090,1.000000,3.353030,-399.318270
7.970000,0.779300,0.675480,5.660160,206.053710,-323.806340,61691.839840,,3.356870,-399.317930
7.972000,0.554990,0.207640,4.306640,206.073550,-323.806850,60705.707030,,3.445310,-399.316440
7.974000,0.278140,-0.052550,4.040040,206.092860,-323.807370,60719.417970,,3.559390,-399.314360
7.976000,0.017940,-0.112790,4.501460,206.110820,-323.807220,60404.062500,1.000000,3.474790,-399.312320
7.978000,-0.135860,0.140990,5.003910,206.126740,-323.807040,60721.527340,,3.496580,-399.311190
7.980000,-0.025630,0.593440,6.090820,206.141070,-323.806580,60419.886720,,3.386350,-399.311830
7.982000,0.278140,1.044620,5.824220,206.154890,-323.806210,60616.054690,,3.342770,-399.313810
7.984000,0.599850,1.208680,5.280760,206.169740,-323.806120,60370.316410,1.000000,3.312010,-399.316100
7.986000,0.795960,1.072810,5.208980,206.186400,-323.806340,60835.433590,,3.353030,-399.317690
7.988000,0.743410,0.739560,4.316890,206.204620,-323.806610,60853.363280,,3.370970,-399.317810
7.990000,0.488340,0.384520,3.024900,206.223650,-323.807040,60811.171880,,3.458130,-399.316440
7.992000,0.207640,0.188420,3.517090,206.242310,-323.807430,60875.511720,1.000000,3.541440,-399.314480
7.994000,-0.001280,0.192260,4.409180,206.259870,-323.807460,60588.632810,,3.533750,-399.312740
7.996000,-0.046140,0.490910,5.383300,206.275680,-323.807190,60890.273440,,3.501710,-399.312230
7.998000,0.174320,0.921570,6.603520,206.290180,-323.806430,60852.308590,,3.353030,-399.313420
8.000000,0.499880,1.289430,6.757320,206.304660,-323.805880,61250.980470,1.000000,3.318420,-399.315490
8.000000,0.499880,1.289430,6.757320,206.304660,-323.805880,61250.980470,1.000000,3.318420,-399.315490
8.002000,0.769040,1.268920,6.203610,206.320680,-323.805940,60691.992190,,3.319700,-399.317410
8.004000,0.879270,0.997190,6.131840,206.338550,-323.806180,60717.308590,,3.358150,-399.318330
8.006000,0.731870,0.547300,5.526860,206.357770,-323.806400,60529.574220,,3.354310,-399.317690
8.008000,0.502440,0.138430,3.937500,206.377430,-323.807010,61049.535160,1.000000,3.497860,-399.316010
8.010000,0.211490,-0.060240,3.558110,206.396300,-323.807370,60817.503910,,3.540160,-399.313870
8.012000,-0.035890,-0.033330,4.419430,206.413590,-323.807190,60635.039060,,3.481200,-399.311920
8.014000,-0.138430,0.321720,5.157710,206.428830,-323.806980,60512.699220,,3.487610,-399.311130
8.016000,0.023070,0.815190,5.711430,206.442660,-323.806490,60380.867190,1.000000,3.362000,-399.312130
8.018000,0.348630,1.268920,6.060060,206.456270,-323.806150,60530.625000,,3.333800,-399.314270
8.020000,0.657530,1.379150,5.598630,206.471270,-323.806120,60492.656250,,3.309450,-399.316530
8.022000,0.820310,1.199710,4.870610,206.488170,-323.806370,60624.496090,,3.355590,-399.317900
8.024000,0.704960,0.804930,4.122070,206.506770,-323.806640,60583.359380,1.000000,3.365840,-399.317630
8.026000,0.435790,0.420410,3.250490,206.526080,-323.807160,61064.300780,,3.487610,-399.316040
8.028000,0.151250,0.215330,3.558110,206.544940,-323.807460,60784.808590,,3.532470,-399.314000
8.030000,-0.041020,0.234560,4.778320,206.562550,-323.807460,60786.917970,,3.531190,-399.312410
8.032000,-0.030760,0.544740,5.731930,206.578380,-323.807130,60644.535160,1.000000,3.482480,-399.312260
8.034000,0.235840,0.948490,6.224120,206.593120,-323.806340,60561.210940,,3.335080,-399.313720
8.036000,0.570370,1.243290,6.839360,206.608020,-323.805940,60854.414060,,3.312010,-399.315920
8.038000,0.825440,1.165100,6.583010,206.624560,-323.806000,60767.933590,,3.328670,-399.317750
8.040000,0.888240,0.851070,5.824220,206.642760,-323.806240,60965.156250,1.000000,3.346620,-399.318390
8.042000,0.703670,0.385800,5.362790,206.662220,-323.806520,60866.019530,,3.374820,-399.317410
8.044000,0.452450,0.038450,3.968260,206.681790,-323.807160,60851.250000,,3.523500,-399.315580
8.046000,0.148680,-0.151250,3.640140,206.700490,-323.807370,60548.558590,,3.509400,-399.313350
8.048000,-0.084590,-0.058960,4.983400,206.717440,-323.807160,60800.625000,1.000000,3.487610,-399.311520
8.050000,-0.130740,0.331970,5.403810,206.732350,-323.806880,60474.730470,,3.455570,-399.311070
8.052000,0.079470,0.836980,5.557620,206.746060,-323.806370,60543.281250,,3.347900,-399.312380
8.054000,0.417850,1.225340,6.521480,206.759920,-323.806120,60624.496090,,3.318420,-399.314640
8.056000,0.702390,1.249690,5.598630,206.775410,-323.806210,59818.714840,1.000000,3.319700,-399.316800
8.058000,0.815190,1.045900,4.675780,206.792630,-323.806490,60683.558590,,3.354310,-399.317870
8.060000,0.652400,0.678040,4.204100,206.811290,-323.806760,60582.308590,,3.378660,-399.317290
8.062000,0.378110,0.385800,3.168460,206.830290,-323.807250,60792.191410,,3.514530,-399.315580
8.064000,0.103820,0.256350,3.506840,206.848620,-323.807500,60680.394530,1.000000,3.524780,-399.313570
8.066000,-0.056400,0.379390,5.024410,206.865510,-323.807460,60944.070310,,3.527340,-399.312190
8.068000,0.002560,0.769040,6.060060,206.880710,-323.806920,60731.019530,,3.445310,-399.312410
8.070000,0.296080,1.186890,6.152340,206.895110,-323.806180,60682.503910,,3.318420,-399.314120
8.072000,0.626770,1.416320,6.367680,206.910190,-323.805880,60596.015630,1.000000,3.317140,-399.316310
8.074000,0.852360,1.233030,6.367680,206.927230,-323.806060,60475.785160,,3.329960,-399.317960
8.076000,0.854920,0.854920,5.701170,206.945880,-323.806300,60898.714840,,3.345340,-399.318240
8.078000,0.647280,0.356320,5.044920,206.965670,-323.806610,60924.027340,,3.394040,-399.317020
8.080000,0.390930,0.034610,3.804200,206.985290,-323.807280,61117.031250,1.000000,3.535030,-399.315090
8.082000,0.101260,-0.117920,3.875980,207.003810,-323.807370,60707.812500,,3.502990,-399.312960
8.084000,-0.111510,0.023070,5.014160,207.020460,-323.807130,60676.175780,,3.485050,-399.311310
8.086000,-0.094850,0.440920,5.680660,207.035160,-323.806790,60371.367190,,3.429930,-399.311250
8.088000,0.147400,0.927980,5.762700,207.048860,-323.806340,60650.867190,1.000000,3.347900,-399.312840
8.090000,0.492190,1.243290,5.978030,207.063020,-323.806120,60701.488280,,3.315860,-399.315190
8.092000,0.753660,1.199710,5.680660,207.078920,-323.806240,60485.273440,,3.329960,-399.317200
8.094000,0.813900,0.926700,4.768070,207.096620,-323.806520,60671.953130,,3.359440,-399.317960
8.096000,0.604980,0.510130,3.855470,207.115630,-323.806820,60670.902340,1.000000,3.403020,-399.317050
8.098000,0.320430,0.231990,3.312010,207.134740,-323.807310,60825.941410,,3.523500,-399.315190
8.100000,0.060240,0.137150,4.265630,207.152970,-323.807460,60706.761720,,3.517090,-399.313230
8.102000,-0.074340,0.315310,5.044920,207.169600,-323.807370,60696.214840,,3.523500,-399.312040
8.104000,0.042300,0.708800,6.336910,207.184630,-323.806760,60498.988280,1.000000,3.400450,-399.312620
8.106000,0.360170,1.134340,6.644530,207.198970,-323.806090,60785.859380,,3.324830,-399.314540
8.108000,0.681880,1.299680,6.234380,207.214260,-323.805910,60670.902340,,3.315860,-399.316710
8.110000,0.879270,1.108700,6.357420,207.231400,-323.806120,60895.550780,,3.336360,-399.318180
8.112000,0.830570,0.751100,5.762700,207.250060,-323.806340,60872.347660,1.000000,3.358150,-399.318120
8.114000,0.603700,0.285830,4.460450,207.269670,-323.806730,60605.511720,,3.419680,-399.316740
8.116000,0.331970,0.020510,3.978520,207.288910,-323.807340,61113.867190,,3.549130,-399.314730
8.118000,0.051270,-0.070500,4.398930,207.306980,-323.807280,60958.832030,,3.485050,-399.312560
8.120000,-0.132020,0.135860,4.768070,207.323140,-323.807100,60930.355470,1.000000,3.492740,-399.311190
8.122000,-0.065370,0.580630,5.649900,207.337600,-323.806670,60652.972660,,3.404300,-399.311460
8.124000,0.215330,1.049740,5.926760,207.351380,-323.806240,60772.152340,,3.340210,-399.313320
8.126000,0.552430,1.285580,5.506350,207.365920,-323.806090,60513.753910,,3.314580,-399.315670
8.128000,0.776730,1.190730,5.291020,207.382290,-323.806300,60842.816410,1.000000,3.340210,-399.317470
8.130000,0.779300,0.902340,4.675780,207.400250,-323.806580,61205.625000,,3.368410,-399.317900
8.132000,0.537050,0.513980,3.291500,207.419310,-323.806950,60586.527340,,3.433780,-399.316710
8.134000,0.256350,0.284550,3.373540,207.438190,-323.807400,60669.843750,,3.537600,-399.314820
8.136000,0.026920,0.244810,4.655270,207.456070,-323.807500,60666.679690,1.000000,3.528630,-399.312960
8.138000,-0.065370,0.485780,5.414060,207.472270,-323.807310,60832.265630,,3.518370,-399.312160
8.140000,0.114070,0.898500,6.644530,207.487030,-323.806580,60615.003910,,3.372250,-399.313110
8.142000,0.444760,1.294560,6.900880,207.501460,-323.805940,60594.964840,,3.324830,-399.315120
8.144000,0.734440,1.340700,6.275390,207.517240,-323.805880,60426.214840,1.000000,3.310730,-399.317170
8.146000,0.886960,1.076660,6.234380,207.534930,-323.806150,60752.113280,,3.349180,-399.318300
8.148000,0.774170,0.630620,5.578130,207.554120,-323.806340,60726.800780,,3.356870,-399.317900
8.150000,0.544740,0.173030,3.937500,207.573940,-323.806880,60764.769530,,3.455570,-399.316310
8.152000,0.261470,-0.076900,3.527340,207.593200,-323.807400,60786.917970,1.000000,3.558110,-399.314240
8.154000,0.000000,-0.124330,4.337400,207.611020,-323.807220,60585.476560,,3.474790,-399.312160
8.156000,-0.142270,0.144840,4.921880,207.626800,-323.807040,60925.078130,,3.497860,-399.311130
8.158000,-0.020510,0.615230,5.752440,207.640980,-323.806550,60905.039060,,3.382510,-399.311830
8.160000,0.287110,1.094600,5.465330,207.654630,-323.806180,61126.527340,1.000000,3.338930,-399.313840
8.162000,0.611390,1.272770,5.291020,207.669390,-323.806090,60644.535160,,3.313290,-399.316160
8.164000,0.806210,1.139470,5.075680,207.686000,-323.806340,60644.535160,,3.345340,-399.317780
8.166000,0.740840,0.798520,4.347660,207.704270,-323.806580,60591.800780,,3.367130,-399.317810
8.168000,0.480650,0.417850,3.199220,207.723420,-323.807040,60799.574220,1.000000,3.460690,-399.316410
8.170000,0.194820,0.208920,3.517090,207.742220,-323.807460,60547.503910,,3.538880,-399.314390
8.172000,-0.012820,0.199950,4.829590,207.759900,-323.807460,60569.648440,,3.531190,-399.312680
8.174000,-0.049990,0.490910,5.598630,207.775860,-323.807220,60662.460940,,3.497860,-399.312160
8.176000,0.176880,0.901060,6.377930,207.790540,-323.806460,60534.847660,1.000000,3.354310,-399.313450
8.178000,0.507570,1.256100,7.064940,207.805160,-323.805940,60722.578130,,3.319700,-399.315580
8.180000,0.781860,1.233030,6.726560,207.821320,-323.805970,60554.886720,,3.324830,-399.317500
8.182000,0.888240,0.951050,5.937010,207.839250,-323.806210,60682.503910,,3.359440,-399.318390
8.184000,0.737000,0.487060,5.516600,207.858580,-323.806430,60611.835940,1.000000,3.355590,-399.317690
8.184000,0.737000,0.487060,5.516600,207.858580,-323.806430,60611.835940,1.000000,3.355590,-399.317690
8.186000,0.501160,0.088440,4.091310,207.878280,-323.807040,60961.996090,,3.502990,-399.316010
8.188000,0.201230,-0.129460,3.517090,207.897230,-323.807370,60810.121090,,3.533750,-399.313810
8.190000,-0.051270,-0.087160,4.532230,207.914520,-323.807190,60599.183590,,3.478640,-399.311830
8.192000,-0.144840,0.247380,5.178220,207.929810,-323.806950,60792.191410,1.000000,3.481200,-399.311070
8.194000,0.029480,0.733150,5.588380,207.943710,-323.806490,60508.476560,,3.359440,-399.312130
8.196000,0.360170,1.166380,5.875490,207.957440,-323.806150,60928.242190,,3.332520,-399.314300
8.198000,0.663940,1.266360,5.680660,207.972520,-323.806180,60906.097660,,3.313290,-399.316530
8.200000,0.820310,1.090760,4.593750,207.989440,-323.806430,60976.761720,1.000000,3.358150,-399.317870
8.202000,0.697270,0.738280,4.070800,208.007900,-323.806670,60780.585940,,3.369690,-399.317540
8.204000,0.425540,0.405030,3.291500,208.026930,-323.807160,60838.593750,,3.491460,-399.315950
8.206000,0.143550,0.248660,3.465820,208.045390,-323.807460,60457.851560,,3.532470,-399.313930
8.208000,-0.043580,0.320430,4.839840,208.062550,-323.807460,60729.960940,1.000000,3.527340,-399.312350
8.210000,-0.025630,0.675480,6.203610,208.077970,-323.807070,60367.152340,,3.476070,-399.312260
8.212000,0.243530,1.107420,6.357420,208.092410,-323.806270,60246.917970,,3.331240,-399.313780
8.214000,0.576780,1.394530,6.859860,208.107190,-323.805910,60467.347660,,3.310730,-399.315980
8.216000,0.821590,1.281740,6.900880,208.123830,-323.806030,60238.476560,1.000000,3.329960,-399.317750
8.218000,0.871580,0.947200,5.967770,208.142210,-323.806240,60607.621090,,3.344060,-399.318300
8.220000,0.684450,0.437070,5.311520,208.161900,-323.806550,60590.746090,,3.373540,-399.317290
8.222000,0.439640,0.066650,4.060550,208.181720,-323.807190,60715.195310,,3.522220,-399.315460
8.224000,0.142270,-0.129460,3.619630,208.200590,-323.807370,60455.746090,1.000000,3.505550,-399.313290
8.226000,-0.087160,-0.041020,4.839840,208.217700,-323.807160,60873.402340,,3.485050,-399.311490
8.228000,-0.125610,0.347350,5.496090,208.232730,-323.806880,60736.292970,,3.453000,-399.311130
8.230000,0.089720,0.845950,5.444820,208.246570,-323.806400,60699.378910,,3.350460,-399.312500
8.232000,0.431950,1.218930,5.680660,208.260540,-323.806150,60768.988280,1.000000,3.320980,-399.314790
8.234000,0.711360,1.242000,5.598630,208.276090,-323.806210,60543.281250,,3.319700,-399.316890
8.236000,0.816470,1.025390,4.634770,208.293410,-323.806490,61100.160160,,3.351750,-399.317930
8.238000,0.646000,0.639590,3.824710,208.312130,-323.806760,60987.308590,,3.381230,-399.317290
8.240000,0.370420,0.338380,2.778810,208.331210,-323.807280,60748.949220,1.000000,3.510680,-399.315550
8.242000,0.096130,0.208920,3.773440,208.349590,-323.807500,60488.437500,,3.518370,-399.313540
8.244000,-0.064090,0.324280,5.065430,208.366550,-323.807430,60662.460940,,3.520940,-399.312160
8.246000,0.006410,0.694700,6.265140,208.381840,-323.806920,60369.257810,,3.436340,-399.312440
8.248000,0.305050,1.109990,6.449710,208.396290,-323.806210,60650.867190,1.000000,3.320980,-399.314180
8.250000,0.631900,1.336850,6.644530,208.411360,-323.805940,60543.281250,,3.318420,-399.316380
8.250000,0.631900,1.336850,6.644530,208.411360,-323.805940,60543.281250,,3.318420,-399.316380
8.252000,0.852360,1.171510,6.767580,208.428270,-323.806090,60436.761720,,3.333800,-399.317960
8.254000,0.856200,0.835690,6.131840,208.446790,-323.806340,60639.257810,,3.347900,-399.318240
8.256000,0.643430,0.358890,5.003910,208.466370,-323.806610,60514.808590,1.000000,3.397890,-399.316990
8.258000,0.383240,0.053830,4.132320,208.485780,-323.807310,60776.371090,,3.535030,-399.315060
8.260000,0.092290,-0.065370,4.316890,208.504060,-323.807310,60600.238280,,3.496580,-399.312870
8.262000,-0.114070,0.096130,4.768070,208.520490,-323.807130,60650.867190,,3.485050,-399.311310
8.264000,-0.093570,0.534480,5.598630,208.535060,-323.806760,60575.976560,1.000000,3.426090,-399.311280
8.266000,0.153810,1.016420,5.875490,208.548750,-323.806300,60825.941410,,3.341490,-399.312900
8.266000,0.153810,1.016420,5.875490,208.548750,-323.806300,60825.941410,,3.341490,-399.312900
8.268000,0.498600,1.320190,5.629390,208.562970,-323.806120,60755.273440,,3.313290,-399.315250
8.270000,0.751100,1.258670,5.250000,208.578980,-323.806240,61013.671880,,3.329960,-399.317230
8.272000,0.799800,0.986940,4.645020,208.596730,-323.806520,60895.550780,1.000000,3.358150,-399.317930
8.274000,0.584470,0.581910,3.465820,208.615710,-323.806850,60771.097660,,3.406860,-399.316990
8.276000,0.307620,0.303770,3.035160,208.634780,-323.807370,60983.089840,,3.523500,-399.315120
8.278000,0.057680,0.202510,4.306640,208.653020,-323.807530,60958.832030,,3.523500,-399.313200
8.280000,-0.065370,0.376830,4.932130,208.669660,-323.807370,60583.359380,1.000000,3.524780,-399.312130
8.282000,0.061520,0.758790,6.183110,208.684770,-323.806760,60512.699220,,3.394040,-399.312770
8.284000,0.380680,1.156130,6.941890,208.699280,-323.806060,60587.582030,,3.323550,-399.314700
8.286000,0.692140,1.280460,6.408690,208.714830,-323.805880,60365.042970,,3.309450,-399.316830
8.288000,0.877990,1.047180,6.326660,208.732280,-323.806120,60643.484380,1.000000,3.338930,-399.318210
8.290000,0.811340,0.638310,6.152340,208.751280,-323.806340,60734.183590,,3.353030,-399.318050
8.292000,0.588320,0.164060,4.460450,208.771120,-323.806760,60655.078130,,3.423520,-399.316650
8.294000,0.317870,-0.123050,3.629880,208.790540,-323.807370,60804.847660,,3.552980,-399.314610
8.296000,0.043580,-0.214050,4.347660,208.808640,-323.807280,60543.281250,1.000000,3.481200,-399.312470
8.298000,-0.137150,0.016660,4.706540,208.824660,-323.807100,60649.804690,,3.494020,-399.311190
8.300000,-0.056400,0.488340,5.444820,208.838880,-323.806670,60448.363280,,3.401730,-399.311550
8.302000,0.228150,1.001040,5.834470,208.852360,-323.806210,60434.648440,,3.337650,-399.313420
8.304000,0.561400,1.263790,5.373050,208.866670,-323.806120,60231.097660,1.000000,3.315860,-399.315770
8.304000,0.561400,1.263790,5.373050,208.866670,-323.806120,60231.097660,1.000000,3.315860,-399.315770
8.306000,0.784420,1.177920,5.065430,208.882830,-323.806300,60703.597660,,3.340210,-399.317540
8.308000,0.776730,0.893370,4.634770,208.900680,-323.806550,60732.078130,,3.363280,-399.317930
8.310000,0.529360,0.511410,3.158200,208.919650,-323.806950,60820.664060,,3.436340,-399.316710
8.312000,0.243530,0.274290,3.168460,208.938480,-323.807400,60862.859380,1.000000,3.532470,-399.314760
8.314000,0.016660,0.231990,4.368160,208.956340,-323.807500,60712.035160,,3.527340,-399.312900
8.316000,-0.064090,0.484500,5.301270,208.972530,-323.807280,60887.113280,,3.509400,-399.312130
8.318000,0.119200,0.890810,6.049800,208.987320,-323.806580,60732.078130,,3.374820,-399.313110
8.320000,0.448610,1.288150,6.408690,209.001790,-323.806000,60977.812500,1.000000,3.329960,-399.315190
8.322000,0.739560,1.334290,6.377930,209.017620,-323.805940,60550.664060,,3.315860,-399.317230
8.324000,0.888240,1.071530,6.029300,209.035320,-323.806210,60744.730470,,3.359440,-399.318360
8.326000,0.772890,0.634460,5.680660,209.054470,-323.806370,60521.136720,,3.355590,-399.317900
8.328000,0.540890,0.198670,4.245120,209.074220,-323.806880,60837.542970,1.000000,3.463260,-399.316310
8.330000,0.255070,-0.037170,3.619630,209.093370,-323.807340,60651.917970,,3.555540,-399.314210
8.332000,-0.005130,-0.078190,4.706540,209.111160,-323.807190,60476.839840,,3.474790,-399.312160
8.334000,-0.143550,0.194820,5.434570,209.126880,-323.807010,60572.816410,,3.497860,-399.311160
8.336000,-0.014100,0.657530,5.752440,209.141070,-323.806520,60466.292970,1.000000,3.379940,-399.311890
8.338000,0.298650,1.112550,5.998540,209.154790,-323.806180,60625.550780,,3.341490,-399.313930
8.340000,0.619080,1.276610,5.742190,209.169600,-323.806090,60590.746090,,3.313290,-399.316220
8.342000,0.808780,1.135620,4.809080,209.186280,-323.806340,60599.183590,,3.349180,-399.317780
8.344000,0.735720,0.788270,4.255370,209.204590,-323.806610,60508.476560,1.000000,3.370970,-399.317780
8.346000,0.475520,0.414000,3.465820,209.223750,-323.807040,61173.988280,,3.465820,-399.316350
8.348000,0.188420,0.216610,3.301760,209.242520,-323.807460,60854.414060,,3.540160,-399.314330
8.350000,-0.021790,0.225590,4.470700,209.260130,-323.807460,60562.265630,,3.533750,-399.312590
8.352000,-0.047420,0.533200,5.742190,209.276000,-323.807190,60745.785160,1.000000,3.496580,-399.312160
8.354000,0.188420,0.956180,6.254880,209.290630,-323.806370,60686.722660,,3.347900,-399.313480
8.356000,0.519100,1.302250,6.552250,209.305300,-323.805940,60879.730470,,3.319700,-399.315610
8.358000,0.785710,1.257390,6.644530,209.321550,-323.806000,60870.238280,,3.327390,-399.317540
8.360000,0.880550,0.983090,5.680660,209.339570,-323.806210,60958.832030,1.000000,3.355590,-399.318360
8.362000,0.720340,0.519100,5.301270,209.358930,-323.806460,60785.859380,,3.358150,-399.317570
8.364000,0.483220,0.123050,4.132320,209.378590,-323.807040,60714.144530,,3.505550,-399.315860
8.366000,0.188420,-0.075620,3.465820,209.397510,-323.807370,60417.777340,,3.524780,-399.313690
8.368000,-0.053830,-0.039730,4.542480,209.414790,-323.807190,60697.265630,1.000000,3.481200,-399.311800
8.370000,-0.135860,0.312740,5.742190,209.430050,-323.806920,60579.144530,,3.476070,-399.311130
8.372000,0.042300,0.790830,5.690920,209.443980,-323.806460,60346.054690,,3.353030,-399.312230
8.374000,0.369140,1.200990,5.937010,209.457860,-323.806150,60579.144530,,3.333800,-399.314360
8.376000,0.666500,1.274050,6.265140,209.473140,-323.806180,59626.761720,1.000000,3.309450,-399.316590
8.378000,0.811340,1.080510,4.829590,209.490260,-323.806460,60677.226560,,3.355590,-399.317840
8.380000,0.681880,0.707520,4.122070,209.508870,-323.806700,60573.867190,,3.370970,-399.317500
8.382000,0.411440,0.372990,3.404300,209.528000,-323.807190,60748.949220,,3.491460,-399.315890
8.384000,0.135860,0.217900,3.445310,209.546570,-323.807460,60552.777340,1.000000,3.528630,-399.313870
8.386000,-0.042300,0.280700,4.686040,209.563840,-323.807460,60898.714840,,3.526060,-399.312380
8.388000,-0.016660,0.622920,6.111330,209.579350,-323.807070,60726.800780,,3.468380,-399.312320
8.390000,0.256350,1.049740,6.131840,209.593860,-323.806240,60599.183590,,3.329960,-399.313900
8.392000,0.585750,1.326600,6.357420,209.608690,-323.805910,60726.800780,1.000000,3.309450,-399.316040
8.394000,0.820310,1.202270,6.593260,209.625370,-323.806060,60603.402340,,3.333800,-399.317780
8.396000,0.856200,0.870300,5.875490,209.643750,-323.806270,61087.503910,,3.344060,-399.318240
8.398000,0.667790,0.385800,4.911620,209.663330,-323.806550,60943.007810,,3.374820,-399.317230
8.400000,0.424260,0.037170,3.752930,209.682950,-323.807190,60940.902340,1.000000,3.520940,-399.315400
8.402000,0.134580,-0.144840,3.773440,209.701610,-323.807370,60673.011720,,3.501710,-399.313260
8.404000,-0.087160,-0.044860,4.860350,209.718510,-323.807160,60688.832030,,3.482480,-399.311520
8.406000,-0.110230,0.352480,5.578130,209.733370,-323.806880,60454.691410,,3.445310,-399.311220
8.408000,0.103820,0.852360,5.639650,209.747130,-323.806370,60715.195310,1.000000,3.346620,-399.312620
8.410000,0.438350,1.233030,5.742190,209.761080,-323.806120,60648.753910,,3.312010,-399.314910
8.412000,0.708800,1.247130,5.598630,209.776630,-323.806270,60464.183590,,3.322270,-399.316960
8.414000,0.798520,1.044620,4.993650,209.793980,-323.806490,60715.195310,,3.351750,-399.317900
8.416000,0.624210,0.657530,3.845210,209.812740,-323.806790,60724.691410,1.000000,3.378660,-399.317200
8.418000,0.352480,0.356320,3.301760,209.831850,-323.807310,60809.062500,,3.509400,-399.315460
8.420000,0.087160,0.226870,4.593750,209.850220,-323.807500,60651.917970,,3.515810,-399.313510
8.422000,-0.056400,0.349910,4.880860,209.867220,-323.807430,60688.832030,,3.518370,-399.312230
8.424000,0.023070,0.717770,6.060060,209.882570,-323.806880,60604.453130,1.000000,3.428650,-399.312560
8.426000,0.320430,1.125370,6.685550,209.897130,-323.806180,60906.097660,,3.315860,-399.314360
8.428000,0.642150,1.333010,6.347170,209.912350,-323.805940,60633.984380,,3.314580,-399.316500
8.430000,0.849790,1.143310,6.203610,209.929470,-323.806120,60976.761720,,3.333800,-399.318020
8.432000,0.831850,0.778020,6.008790,209.948200,-323.806340,60961.996090,1.000000,3.346620,-399.318150
8.434000,0.621640,0.293520,4.665530,209.967960,-323.806670,60673.011720,,3.399170,-399.316890
8.436000,0.366580,-0.010250,3.629880,209.987470,-323.807310,61096.992190,,3.531190,-399.314970
8.438000,0.085880,-0.155090,4.234860,210.005910,-323.807310,60950.390630,,3.491460,-399.312840
8.440000,-0.114070,0.007690,4.521970,210.022370,-323.807130,60847.031250,1.000000,3.479920,-399.311340
8.442000,-0.080750,0.439640,5.403810,210.036960,-323.806760,60534.847660,,3.419680,-399.311400
8.444000,0.173030,0.938230,6.152340,210.050600,-323.806340,60671.953130,,3.341490,-399.313080
8.446000,0.506290,1.245850,5.567870,210.064800,-323.806120,60470.511720,,3.309450,-399.315370
8.448000,0.749820,1.199710,5.116700,210.080700,-323.806270,60710.980470,1.000000,3.335080,-399.317290
8.450000,0.790830,0.951050,5.065430,210.098330,-323.806550,60592.859380,,3.353030,-399.317960
8.452000,0.572940,0.561400,3.558110,210.117200,-323.806880,60483.167970,,3.409420,-399.316990
8.454000,0.297360,0.299930,3.322270,210.136120,-323.807370,60734.183590,,3.520940,-399.315090
8.456000,0.048710,0.216610,4.624510,210.154210,-323.807500,60633.984380,1.000000,3.517090,-399.313170
8.458000,-0.067930,0.408870,5.260250,210.170700,-323.807340,60627.656250,,3.517090,-399.312160
8.460000,0.067930,0.808780,6.203610,210.185650,-323.806730,60488.437500,,3.388920,-399.312840
8.462000,0.389650,1.221500,6.880370,210.200040,-323.806090,60544.339840,,3.329960,-399.314790
8.464000,0.694700,1.335570,6.377930,210.215550,-323.805940,60450.468750,1.000000,3.310730,-399.316930
8.466000,0.874150,1.099730,6.142090,210.233030,-323.806180,60720.468750,,3.344060,-399.318240
8.468000,0.802370,0.687010,5.926760,210.252000,-323.806370,60544.339840,,3.353030,-399.318080
8.470000,0.579350,0.217900,4.337400,210.271820,-323.806790,60796.406250,,3.424800,-399.316620
8.472000,0.308900,-0.052550,3.670900,210.291230,-323.807340,60877.621090,1.000000,3.547850,-399.314610
8.474000,0.038450,-0.151250,4.398930,210.309400,-323.807250,60645.589840,,3.472230,-399.312500
8.476000,-0.133300,0.062810,4.962890,210.325610,-323.807070,61142.347660,,3.492740,-399.311220
8.478000,-0.049990,0.515260,5.383300,210.340060,-323.806610,60895.550780,,3.394040,-399.311650
8.480000,0.238400,0.993350,5.557620,210.353780,-323.806240,60852.308590,1.000000,3.341490,-399.313540
8.482000,0.567810,1.218930,5.598630,210.368380,-323.806150,60725.746090,,3.313290,-399.315860
8.484000,0.780580,1.117680,4.829590,210.384800,-323.806340,60680.394530,,3.341490,-399.317570
8.486000,0.763920,0.799800,4.439940,210.402880,-323.806610,60544.339840,,3.364560,-399.317900
8.488000,0.520390,0.421690,3.383790,210.421920,-323.806980,60724.691410,1.000000,3.440190,-399.316650
8.490000,0.237120,0.208920,3.394040,210.440780,-323.807400,60556.996090,,3.535030,-399.314730
8.492000,0.016660,0.179440,4.716800,210.458600,-323.807460,60437.812500,,3.522220,-399.312900
8.494000,-0.057680,0.437070,5.752440,210.474730,-323.807250,60462.070310,,3.509400,-399.312160
8.496000,0.133300,0.853640,6.429200,210.489430,-323.806520,60445.195310,1.000000,3.365840,-399.313230
8.498000,0.461430,1.250980,6.777830,210.503880,-323.805970,60652.972660,,3.328670,-399.315280
8.500000,0.742130,1.279170,6.880370,210.519740,-323.805940,60577.031250,,3.319700,-399.317260
8.500000,0.742130,1.279170,6.880370,210.519740,-323.805940,60577.031250,,3.319700,-399.317260
8.502000,0.877990,1.030520,6.172850,210.537450,-323.806210,60680.394530,,3.356870,-399.318300
8.504000,0.754940,0.606260,5.496090,210.556550,-323.806400,60569.648440,1.000000,3.355590,-399.317810
8.506000,0.528080,0.180730,4.460450,210.576200,-323.806920,61021.054690,,3.465820,-399.316220
8.508000,0.246090,-0.025630,3.558110,210.595170,-323.807340,60856.527340,,3.546570,-399.314120
8.510000,-0.007690,-0.026920,4.265630,210.612670,-323.807190,60596.015630,,3.472230,-399.312130
8.512000,-0.137150,0.303770,5.444820,210.628100,-323.807010,60890.273440,1.000000,3.494020,-399.311160
8.514000,-0.005130,0.785710,5.690920,210.642040,-323.806490,60510.585940,,3.370970,-399.311950
8.516000,0.307620,1.245850,5.567870,210.655700,-323.806180,60881.835940,,3.344060,-399.314000
8.518000,0.620360,1.389400,5.629390,210.670620,-323.806120,60824.886720,,3.313290,-399.316280
8.520000,0.801090,1.224060,4.429690,210.687450,-323.806370,60960.941410,1.000000,3.347900,-399.317780
8.522000,0.719060,0.856200,3.896480,210.705930,-323.806610,60648.753910,,3.368410,-399.317720
8.524000,0.460140,0.474240,3.435060,210.725220,-323.807100,60766.875000,,3.467100,-399.316280
8.526000,0.179440,0.267880,3.312010,210.744160,-323.807460,60367.152340,,3.536320,-399.314270
8.528000,-0.021790,0.258910,4.378420,210.761900,-323.807460,60633.984380,1.000000,3.528630,-399.312620
8.530000,-0.037170,0.548580,6.480470,210.777890,-323.807190,60423.046880,,3.495300,-399.312290
8.532000,0.202510,0.953610,6.449710,210.792680,-323.806370,60266.957030,,3.344060,-399.313630
8.534000,0.534480,1.279170,6.839360,210.807480,-323.805940,60498.988280,,3.318420,-399.315730
8.536000,0.795960,1.227910,7.218750,210.823850,-323.806000,59772.308590,1.000000,3.327390,-399.317630
8.538000,0.877990,0.933110,6.111330,210.842000,-323.806210,60538.007810,,3.353030,-399.318360
8.540000,0.711360,0.467830,5.280760,210.861420,-323.806490,60676.175780,,3.362000,-399.317540
8.542000,0.475520,0.075620,4.193850,210.881200,-323.807070,60707.812500,,3.508120,-399.315800
8.544000,0.180730,-0.149960,3.558110,210.900180,-323.807340,60488.437500,1.000000,3.517090,-399.313630
8.546000,-0.061520,-0.111510,4.491210,210.917500,-323.807160,60886.062500,,3.482480,-399.311740
8.548000,-0.139710,0.231990,5.526860,210.932750,-323.806920,60689.886720,,3.469670,-399.311100
8.550000,0.049990,0.720340,5.639650,210.946620,-323.806460,60635.039060,,3.358150,-399.312290
8.552000,0.380680,1.153560,5.742190,210.960370,-323.806180,60761.605470,1.000000,3.329960,-399.314480
8.554000,0.678040,1.239440,5.783200,210.975560,-323.806210,60625.550780,,3.315860,-399.316680
8.556000,0.819030,1.081790,4.870610,210.992450,-323.806460,61032.664060,,3.355590,-399.317900
8.558000,0.679320,0.745970,3.783690,211.010850,-323.806730,61003.128910,,3.369690,-399.317500
8.560000,0.407590,0.437070,3.229980,211.029770,-323.807190,60986.250000,1.000000,3.499150,-399.315830
8.562000,0.125610,0.297360,3.660640,211.048130,-323.807460,60578.089840,,3.522220,-399.313810
8.564000,-0.052550,0.381960,4.727050,211.065230,-323.807430,60751.054690,,3.522220,-399.312290
8.566000,-0.019230,0.722900,5.926760,211.080700,-323.807040,60472.617190,,3.461980,-399.312290
8.568000,0.261470,1.127930,6.459960,211.095310,-323.806240,60657.187500,1.000000,3.327390,-399.313900
8.570000,0.594730,1.383000,6.613770,211.110310,-323.805940,60625.550780,,3.314580,-399.316100
8.572000,0.833130,1.239440,6.511230,211.127180,-323.806060,60435.707030,,3.336360,-399.317810
8.574000,0.867740,0.894650,6.295900,211.145710,-323.806300,60665.628910,,3.344060,-399.318270
8.576000,0.670350,0.410160,5.085940,211.165370,-323.806580,60476.839840,1.000000,3.381230,-399.317200
8.578000,0.420410,0.064090,3.927250,211.185040,-323.807190,60684.609380,,3.523500,-399.315340
8.580000,0.124330,-0.110230,4.737300,211.203720,-323.807340,60444.144530,,3.501710,-399.313140
8.582000,-0.098690,-0.011540,4.788570,211.220660,-323.807130,60611.835940,,3.483760,-399.311430
8.584000,-0.117920,0.369140,5.311520,211.235580,-323.806850,60572.816410,1.000000,3.445310,-399.311160
8.586000,0.107670,0.856200,6.019040,211.249400,-323.806340,60874.453130,,3.346620,-399.312620
8.588000,0.448610,1.207400,5.762700,211.263440,-323.806090,60803.789060,,3.308170,-399.314910
8.590000,0.724180,1.204830,5.321780,211.279140,-323.806240,60864.964840,,3.326110,-399.316990
8.592000,0.812620,0.965150,4.983400,211.296650,-323.806490,60996.800780,1.000000,3.349180,-399.317960
8.594000,0.631900,0.562680,3.670900,211.315520,-323.806790,60770.042970,,3.386350,-399.317230
8.596000,0.351200,0.258910,2.748050,211.334660,-323.807310,61006.292970,,3.515810,-399.315430
8.598000,0.082030,0.142270,4.183590,211.353000,-323.807500,60806.957030,,3.519650,-399.313420
8.600000,-0.067930,0.284550,4.860350,211.369830,-323.807400,60676.175780,1.000000,3.518370,-399.312130
8.602000,0.019230,0.687010,5.978030,211.384920,-323.806880,60463.128910,,3.426090,-399.312500
8.604000,0.329410,1.131770,6.941890,211.399250,-323.806150,60608.671880,,3.320980,-399.314360
8.606000,0.651120,1.350950,6.367680,211.414350,-323.805940,60362.933590,,3.323550,-399.316500
8.608000,0.861330,1.180480,6.193360,211.431320,-323.806120,60628.714840,1.000000,3.341490,-399.318050
8.610000,0.839540,0.833130,6.377930,211.449910,-323.806340,60793.242190,,3.353030,-399.318180
8.612000,0.624210,0.360170,4.850100,211.469500,-323.806670,60477.894530,,3.406860,-399.316890
8.614000,0.362730,0.058960,3.732420,211.488910,-323.807310,60734.183590,,3.537600,-399.314910
8.616000,0.076900,-0.060240,4.511720,211.507250,-323.807280,60411.445310,1.000000,3.490170,-399.312740
8.618000,-0.123050,0.097410,4.932130,211.523740,-323.807070,60581.250000,,3.483760,-399.311250
8.620000,-0.082030,0.526790,5.506350,211.538410,-323.806730,60391.406250,,3.424800,-399.311340
8.622000,0.178160,1.003600,5.998540,211.552230,-323.806300,60542.230470,,3.342770,-399.313080
8.624000,0.515260,1.297120,5.629390,211.566570,-323.806150,60506.371090,1.000000,3.322270,-399.315430
8.626000,0.760070,1.238160,5.116700,211.582670,-323.806300,60887.113280,,3.341490,-399.317350
8.628000,0.795960,0.960020,4.675780,211.600490,-323.806550,60770.042970,,3.363280,-399.317960
8.630000,0.569090,0.569090,3.404300,211.619510,-323.806880,60854.414060,,3.422240,-399.316930
8.632000,0.288390,0.317870,2.963380,211.638470,-323.807340,60837.542970,1.000000,3.529910,-399.315030
8.634000,0.043580,0.249940,4.409180,211.656490,-323.807460,60693.046880,,3.523500,-399.313110
8.636000,-0.066650,0.457580,5.178220,211.672940,-323.807310,61273.128910,,3.519650,-399.312130
8.638000,0.076900,0.861330,5.937010,211.687850,-323.806640,60787.972660,,3.391480,-399.312870
8.640000,0.402470,1.267640,6.521480,211.702260,-323.806030,60809.062500,1.000000,3.332520,-399.314850
8.642000,0.710080,1.367610,6.644530,211.717820,-323.805940,60540.121090,,3.320980,-399.316990
8.644000,0.885680,1.126650,6.162600,211.735310,-323.806150,60784.808590,,3.350460,-399.318270
8.646000,0.804930,0.712650,5.639650,211.754320,-323.806340,60482.113280,,3.359440,-399.318050
8.648000,0.576780,0.244810,4.604000,211.774090,-323.806790,60817.503910,1.000000,3.437620,-399.316560
8.650000,0.296080,-0.006410,3.886230,211.793380,-323.807310,60712.035160,,3.554260,-399.314480
8.652000,0.025630,-0.075620,4.542480,211.811360,-323.807190,60560.160160,,3.477360,-399.312380
8.654000,-0.143550,0.173030,5.465330,211.827270,-323.807040,60610.785160,,3.504270,-399.311130
8.656000,-0.047420,0.643430,5.875490,211.841520,-323.806610,60437.812500,1.000000,3.397890,-399.311610
8.656000,-0.047420,0.643430,5.875490,211.841520,-323.806610,60437.812500,1.000000,3.397890,-399.311610
8.658000,0.246090,1.130490,5.854980,211.855120,-323.806210,60602.347660,,3.349180,-399.313570
8.660000,0.578060,1.350950,6.090820,211.869670,-323.806090,60618.167970,,3.318420,-399.315920
8.662000,0.790830,1.240720,5.198730,211.886090,-323.806340,60656.136720,,3.346620,-399.317660
8.664000,0.763920,0.925420,4.245120,211.904220,-323.806550,60787.972660,1.000000,3.368410,-399.317900
8.666000,0.511410,0.534480,3.670900,211.923370,-323.806950,61304.769530,,3.446590,-399.316620
8.668000,0.225590,0.311460,3.291500,211.942320,-323.807400,60892.386720,,3.541440,-399.314640
8.670000,0.003850,0.270450,4.245120,211.960220,-323.807460,60744.730470,,3.526060,-399.312840
8.672000,-0.060240,0.520390,5.865230,211.976470,-323.807220,60670.902340,1.000000,3.509400,-399.312160
8.674000,0.140990,0.915160,6.490720,211.991380,-323.806490,60593.910160,,3.370970,-399.313260
8.676000,0.476810,1.280460,6.490720,212.006030,-323.805940,60886.062500,,3.331240,-399.315370
8.678000,0.763920,1.295840,6.665040,212.022050,-323.805940,60796.406250,,3.324830,-399.317410
8.680000,0.893370,1.025390,5.742190,212.039930,-323.806180,60702.542970,1.000000,3.362000,-399.318420
8.682000,0.758790,0.580630,5.352540,212.059170,-323.806370,60886.062500,,3.362000,-399.317840
8.684000,0.522950,0.144840,4.511720,212.078980,-323.806920,60743.671880,,3.483760,-399.316160
8.686000,0.230710,-0.097410,3.599120,212.098130,-323.807310,60444.144530,,3.544010,-399.314030
8.688000,-0.026920,-0.114070,4.122070,212.115750,-323.807160,60773.203130,1.000000,3.478640,-399.312010
8.690000,-0.148680,0.196110,5.824220,212.131260,-323.806920,60506.371090,,3.492740,-399.311070
8.692000,0.001280,0.665220,5.885740,212.145290,-323.806490,60430.429690,,3.374820,-399.311950
8.694000,0.321720,1.120240,5.742190,212.159000,-323.806150,60621.332030,,3.351750,-399.314060
8.696000,0.634460,1.256100,6.008790,212.173900,-323.806120,60324.964840,1.000000,3.322270,-399.316350
8.698000,0.815190,1.116390,4.973140,212.190600,-323.806370,60706.761720,,3.360720,-399.317810
8.700000,0.721620,0.804930,4.040040,212.208760,-323.806610,60643.484380,,3.374820,-399.317690
8.702000,0.457580,0.483220,3.445310,212.227600,-323.807070,60839.648440,,3.483760,-399.316190
8.704000,0.170470,0.335820,3.353030,212.245970,-323.807400,60596.015630,1.000000,3.538880,-399.314180
8.706000,-0.032040,0.385800,4.439940,212.263150,-323.807370,61007.347660,,3.528630,-399.312470
8.708000,-0.044860,0.724180,5.742190,212.278700,-323.807070,60729.960940,,3.490170,-399.312160
8.710000,0.205080,1.143310,5.967770,212.293200,-323.806340,60673.011720,,3.350460,-399.313570
8.712000,0.539610,1.457340,6.439450,212.307920,-323.805910,60799.574220,1.000000,3.323550,-399.315730
8.714000,0.802370,1.367610,6.336910,212.324430,-323.806000,60507.421880,,3.336360,-399.317630
8.716000,0.879270,1.035640,5.875490,212.342740,-323.806210,60745.785160,,3.356870,-399.318360
8.718000,0.706240,0.539610,4.952640,212.362460,-323.806490,60793.242190,,3.368410,-399.317500
8.720000,0.465270,0.125610,3.763180,212.382400,-323.807070,60927.187500,1.000000,3.518370,-399.315730
8.722000,0.167910,-0.091000,3.865720,212.401500,-323.807340,60586.527340,,3.520940,-399.313540
8.724000,-0.071780,-0.057680,4.614260,212.418930,-323.807130,60718.363280,,3.487610,-399.311680
8.726000,-0.137150,0.292240,5.311520,212.434250,-323.806880,60359.769530,,3.472230,-399.311130
8.728000,0.061520,0.775450,6.039550,212.448260,-323.806400,60709.925780,1.000000,3.359440,-399.312320
8.730000,0.394780,1.184330,6.049800,212.462130,-323.806120,60620.273440,,3.333800,-399.314580
8.730000,0.394780,1.184330,6.049800,212.462130,-323.806120,60620.273440,,3.333800,-399.314580
8.732000,0.690860,1.252260,5.619140,212.477450,-323.806210,60457.851560,,3.322270,-399.316740
8.734000,0.829280,1.063840,5.332030,212.494600,-323.806430,60648.753910,,3.359440,-399.317960
8.736000,0.679320,0.675480,4.142580,212.513240,-323.806700,60604.453130,1.000000,3.376100,-399.317470
8.738000,0.402470,0.343510,3.045410,212.532350,-323.807190,60787.972660,,3.506840,-399.315770
8.740000,0.116640,0.188420,4.562990,212.550860,-323.807460,60398.792970,,3.524780,-399.313720
8.742000,-0.057680,0.275570,4.809080,212.567990,-323.807400,60661.410160,,3.522220,-399.312230
8.744000,-0.014100,0.631900,5.783200,212.583370,-323.806980,60588.632810,1.000000,3.458130,-399.312290
8.746000,0.273010,1.066410,6.726560,212.597790,-323.806210,60894.496090,,3.336360,-399.313960
8.748000,0.610110,1.340700,6.593260,212.612630,-323.805910,60828.054690,,3.322270,-399.316160
8.750000,0.845950,1.215090,6.193360,212.629300,-323.806060,60720.468750,,3.342770,-399.317900
8.750000,0.845950,1.215090,6.193360,212.629300,-323.806060,60720.468750,,3.342770,-399.317900
8.752000,0.872860,0.910030,6.275390,212.647550,-323.806300,60993.632810,1.000000,3.355590,-399.318300
8.754000,0.671630,0.443480,4.993650,212.666980,-323.806580,60756.332030,,3.387630,-399.317170
8.756000,0.415280,0.125610,3.517090,212.686330,-323.807190,61063.242190,,3.535030,-399.315250
8.758000,0.116640,-0.007690,4.111820,212.704730,-323.807310,60914.535160,,3.501710,-399.313050
8.760000,-0.107670,0.123050,4.655270,212.721370,-323.807070,60824.886720,1.000000,3.488890,-399.311310
8.762000,-0.114070,0.525510,5.178220,212.736150,-323.806790,60603.402340,,3.445310,-399.311130
8.764000,0.121770,0.997190,6.060060,212.749950,-323.806300,60808.011720,,3.351750,-399.312650
8.766000,0.463990,1.333010,5.680660,212.764100,-323.806090,60515.859380,,3.319700,-399.314970
8.768000,0.730590,1.302250,5.147460,212.779950,-323.806240,60909.257810,1.000000,3.333800,-399.316990
8.770000,0.806210,1.049740,4.973140,212.797580,-323.806490,60820.664060,,3.358150,-399.317900
8.772000,0.615230,0.639590,3.660640,212.816530,-323.806790,60481.054690,,3.394040,-399.317110
8.774000,0.338380,0.349910,2.614750,212.835650,-323.807310,60722.578130,,3.529910,-399.315310
8.776000,0.075620,0.226870,4.368160,212.854000,-323.807460,60510.585940,1.000000,3.519650,-399.313320
8.778000,-0.066650,0.371700,5.147460,212.870850,-323.807340,60492.656250,,3.524780,-399.312100
8.780000,0.029480,0.748540,6.070310,212.886080,-323.806760,60411.445310,,3.423520,-399.312560
8.782000,0.343510,1.142030,6.839360,212.900620,-323.806090,60574.925780,,3.324830,-399.314420
8.784000,0.663940,1.308650,6.531740,212.916030,-323.805910,60458.910160,1.000000,3.326110,-399.316590
8.786000,0.869020,1.085630,6.326660,212.933350,-323.806090,60780.585940,,3.341490,-399.318120
8.788000,0.838260,0.695980,5.926760,212.952220,-323.806340,60673.011720,,3.355590,-399.318150
8.790000,0.616520,0.220460,4.727050,212.972030,-323.806670,60951.453130,,3.413270,-399.316830
8.792000,0.351200,-0.067930,3.619630,212.991470,-323.807310,61074.843750,1.000000,3.544010,-399.314820
8.794000,0.065370,-0.169190,4.091310,213.009640,-323.807250,60663.519530,,3.490170,-399.312650
8.796000,-0.130740,0.038450,4.850100,213.025850,-323.807070,60971.488280,,3.488890,-399.311190
8.798000,-0.080750,0.512700,5.444820,213.040130,-323.806700,60989.417970,,3.423520,-399.311340
8.800000,0.188420,1.031800,5.752440,213.053540,-323.806270,60897.656250,1.000000,3.342770,-399.313110
8.802000,0.530640,1.336850,5.793460,213.067660,-323.806120,60815.394530,,3.328670,-399.315490
8.804000,0.769040,1.277890,5.167970,213.083600,-323.806270,60864.964840,,3.344060,-399.317410
8.806000,0.793400,1.020260,4.327150,213.101260,-323.806520,60596.015630,,3.362000,-399.317960
8.808000,0.560120,0.637020,3.599120,213.120150,-323.806880,60816.445310,1.000000,3.426090,-399.316860
8.810000,0.275570,0.393490,3.117190,213.139020,-323.807310,60597.070310,,3.529910,-399.314940
8.812000,0.035890,0.326840,4.255370,213.157000,-323.807430,60433.597660,,3.517090,-399.313050
8.814000,-0.071780,0.537050,5.567870,213.173450,-323.807250,60617.113280,,3.520940,-399.312100
8.816000,0.083310,0.929260,6.347170,213.188450,-323.806610,60147.777340,1.000000,3.387630,-399.312930
8.818000,0.411440,1.322750,6.429200,213.202970,-323.806030,60529.574220,,3.333800,-399.314910
8.820000,0.713930,1.413760,7.034180,213.218700,-323.805940,60452.582030,,3.331240,-399.317020
8.822000,0.886960,1.163820,6.347170,213.236300,-323.806210,60664.570310,,3.351750,-399.318300
8.824000,0.798520,0.747250,5.393550,213.255370,-323.806340,60510.585940,1.000000,3.363280,-399.318020
8.826000,0.569090,0.278140,4.655270,213.275210,-323.806790,61541.015630,,3.445310,-399.316530
8.828000,0.287110,0.015380,3.783690,213.294560,-323.807340,60893.441410,,3.558110,-399.314420
8.830000,0.017940,-0.055110,4.101560,213.312530,-323.807190,60693.046880,,3.476070,-399.312320
8.832000,-0.140990,0.188420,5.444820,213.328480,-323.807010,61003.128910,1.000000,3.502990,-399.311160
8.834000,-0.035890,0.639590,5.803710,213.342770,-323.806550,60629.769530,,3.392760,-399.311740
8.836000,0.261470,1.092040,5.526860,213.356520,-323.806180,60933.519530,,3.346620,-399.313690
8.838000,0.589600,1.275330,5.711430,213.371280,-323.806120,60824.886720,,3.324830,-399.316010
8.840000,0.795960,1.144590,4.819340,213.387850,-323.806340,60936.687500,1.000000,3.350460,-399.317690
8.842000,0.760070,0.824160,3.968260,213.406020,-323.806580,60657.187500,,3.373540,-399.317870
8.844000,0.505000,0.448610,3.517090,213.425130,-323.806980,60878.679690,,3.458130,-399.316560
8.846000,0.215330,0.249940,3.291500,213.443830,-323.807400,59369.417970,,3.544010,-399.314540
8.848000,-0.002560,0.247380,4.357910,213.461460,-323.807400,60535.902340,1.000000,3.531190,-399.312710
8.850000,-0.061520,0.551150,6.142090,213.477290,-323.807190,60291.210940,,3.508120,-399.312130
8.852000,0.148680,0.983090,6.470210,213.491880,-323.806430,60300.707030,,3.367130,-399.313260
8.854000,0.485780,1.357360,6.429200,213.506380,-323.805910,60526.410160,,3.333800,-399.315400
8.856000,0.765200,1.344540,6.634280,213.522400,-323.805940,60335.511720,1.000000,3.331240,-399.317380
8.858000,0.886960,1.083070,6.295900,213.540250,-323.806180,60508.476560,,3.364560,-399.318390
8.860000,0.747250,0.635740,5.475590,213.559520,-323.806370,60678.281250,,3.362000,-399.317780
8.862000,0.512700,0.205080,4.204100,213.579300,-323.806950,60868.128910,,3.490170,-399.316100
8.864000,0.219180,-0.012820,3.629880,213.598370,-323.807310,60639.257810,1.000000,3.545290,-399.313960
8.866000,-0.035890,-0.020510,4.398930,213.615950,-323.807160,60985.195310,,3.482480,-399.311950
8.868000,-0.149960,0.293520,5.291020,213.631500,-323.806920,60791.136720,,3.497860,-399.311070
8.870000,0.007690,0.754940,5.690920,213.645630,-323.806490,60755.273440,,3.374820,-399.312010
8.872000,0.330690,1.189450,5.783200,213.659450,-323.806120,60844.925780,1.000000,3.351750,-399.314150
8.874000,0.647280,1.303530,5.578130,213.674530,-323.806120,60612.894530,,3.320980,-399.316440
8.876000,0.824160,1.143310,5.003910,213.691420,-323.806370,60896.601560,,3.363280,-399.317900
8.878000,0.722900,0.781860,3.793950,213.709900,-323.806610,61031.605470,,3.374820,-399.317720
8.880000,0.453740,0.424260,3.045410,213.729050,-323.807070,60941.957030,1.000000,3.485050,-399.316160
8.882000,0.160220,0.246090,3.660640,213.747700,-323.807400,60504.265630,,3.538880,-399.314090
8.884000,-0.042300,0.267880,4.645020,213.765150,-323.807370,60676.175780,,3.529910,-399.312440
8.886000,-0.042300,0.593440,5.649900,213.780820,-323.807040,60334.453130,,3.486330,-399.312160
8.888000,0.215330,1.018980,6.788090,213.795350,-323.806270,60624.496090,1.000000,3.347900,-399.313630
8.890000,0.554990,1.334290,6.880370,213.810040,-323.805910,60530.625000,,3.324830,-399.315830
8.892000,0.819030,1.253540,6.480470,213.826450,-323.806030,60321.800780,,3.342770,-399.317690
8.894000,0.893370,0.957460,6.541990,213.844540,-323.806240,60628.714840,,3.360720,-399.318390
8.896000,0.713930,0.497310,5.475590,213.863880,-323.806490,60358.714840,1.000000,3.370970,-399.317500
8.898000,0.467830,0.137150,3.793950,213.883350,-323.807070,60734.183590,,3.520940,-399.315670
8.900000,0.161500,-0.025630,4.204100,213.901950,-323.807310,60591.800780,,3.518370,-399.313420
8.902000,-0.082030,0.043580,4.870610,213.918930,-323.807100,60872.347660,,3.487610,-399.311520
8.904000,-0.144840,0.430660,5.116700,213.933930,-323.806880,60536.957030,1.000000,3.469670,-399.311000
8.906000,0.060240,0.910030,5.916500,213.947770,-323.806370,60895.550780,,3.356870,-399.312290
8.908000,0.402470,1.303530,5.906250,213.961670,-323.806090,60881.835940,,3.327390,-399.314510
8.910000,0.694700,1.338130,5.188480,213.977170,-323.806210,60793.242190,,3.326110,-399.316710
8.912000,0.820310,1.124080,5.106450,213.994520,-323.806460,60955.664060,1.000000,3.359440,-399.317900
8.914000,0.667790,0.728030,3.937500,214.013320,-323.806730,60773.203130,,3.378660,-399.317380
8.916000,0.389650,0.397340,2.635250,214.032580,-323.807190,61172.933590,,3.510680,-399.315670
8.918000,0.110230,0.246090,3.947750,214.051150,-323.807460,60918.753910,,3.527340,-399.313660
8.920000,-0.061520,0.346070,4.983400,214.068330,-323.807370,60789.023440,1.000000,3.520940,-399.312190
8.922000,-0.010250,0.713930,5.772950,214.083690,-323.806920,60517.968750,,3.458130,-399.312320
8.924000,0.284550,1.134340,6.603520,214.098210,-323.806180,60630.824220,,3.327390,-399.314030
8.926000,0.619080,1.372740,6.541990,214.113250,-323.805880,60246.917970,,3.319700,-399.316250
8.928000,0.851070,1.217650,6.295900,214.130170,-323.806060,60552.777340,1.000000,3.341490,-399.317930
8.930000,0.871580,0.858760,6.213870,214.148730,-323.806300,60738.402340,,3.347900,-399.318270
8.932000,0.666500,0.378110,5.096190,214.168380,-323.806610,60374.535160,,3.392760,-399.317140
8.934000,0.410160,0.058960,3.599120,214.187900,-323.807220,60600.238280,,3.532470,-399.315190
8.936000,0.106380,-0.076900,4.347660,214.206330,-323.807280,60474.730470,1.000000,3.496580,-399.312990
8.938000,-0.116640,0.079470,5.126950,214.222870,-323.807070,60710.980470,,3.483760,-399.311280
8.940000,-0.115360,0.522950,5.455080,214.237430,-323.806760,60608.671880,,3.445310,-399.311100
8.942000,0.125610,1.034360,5.906250,214.251010,-323.806340,60743.671880,,3.344060,-399.312650
8.944000,0.467830,1.374020,5.906250,214.265000,-323.806120,60525.351560,1.000000,3.323550,-399.315000
8.946000,0.735720,1.357360,5.444820,214.280750,-323.806270,61021.054690,,3.333800,-399.317080
8.948000,0.810060,1.112550,4.747560,214.298250,-323.806520,60958.832030,,3.354310,-399.317930
8.950000,0.607540,0.743410,3.783690,214.317030,-323.806790,60875.511720,,3.400450,-399.317110
8.952000,0.325560,0.479370,3.106930,214.335970,-323.807310,60939.843750,1.000000,3.520940,-399.315280
8.954000,0.067930,0.380680,4.480960,214.354130,-323.807460,60766.875000,,3.519650,-399.313290
8.956000,-0.069210,0.547300,5.096190,214.370770,-323.807310,61169.765630,,3.518370,-399.312100
8.958000,0.033330,0.927980,6.121580,214.385890,-323.806760,60873.402340,,3.413270,-399.312590
8.960000,0.349910,1.324040,6.490720,214.400420,-323.806090,60853.363280,1.000000,3.326110,-399.314510
8.962000,0.669070,1.465030,6.531740,214.415920,-323.805910,60689.886720,,3.318420,-399.316650
8.964000,0.870300,1.227910,6.326660,214.433380,-323.806120,60818.554690,,3.341490,-399.318120
8.966000,0.828000,0.812620,5.516600,214.452380,-323.806340,60417.777340,,3.349180,-399.318150
8.968000,0.606260,0.317870,4.788570,214.472310,-323.806730,60822.777340,1.000000,3.418400,-399.316770
8.970000,0.337100,0.024350,3.927250,214.491850,-323.807340,60727.851560,,3.545290,-399.314790
8.972000,0.057680,-0.087160,4.214360,214.510180,-323.807280,60446.257810,,3.485050,-399.312620
8.974000,-0.133300,0.094850,5.219240,214.526550,-323.807070,60520.078130,,3.495300,-399.311190
8.976000,-0.069210,0.531920,5.854980,214.541120,-323.806700,60350.281250,1.000000,3.413270,-399.311460
8.978000,0.205080,1.007450,5.619140,214.554900,-323.806240,60564.378910,,3.341490,-399.313260
8.980000,0.540890,1.254820,6.060060,214.569400,-323.806090,60617.113280,,3.319700,-399.315610
8.982000,0.770320,1.168950,5.424320,214.585650,-323.806300,60644.535160,,3.342770,-399.317440
8.984000,0.783140,0.875430,4.286130,214.603580,-323.806550,60685.664060,1.000000,3.363280,-399.317930
8.986000,0.543460,0.502440,3.814450,214.622530,-323.806880,61905.941410,,3.431210,-399.316770
8.988000,0.260190,0.276860,3.271000,214.641300,-323.807370,60960.941410,,3.531190,-399.314880
8.990000,0.028200,0.247380,4.152830,214.659070,-323.807460,60747.894530,,3.523500,-399.312990
8.992000,-0.067930,0.493470,5.578130,214.675200,-323.807250,60916.644530,1.000000,3.515810,-399.312130
8.992000,-0.067930,0.493470,5.578130,214.675200,-323.807250,60916.644530,1.000000,3.515810,-399.312130
8.994000,0.099980,0.912600,6.490720,214.689880,-323.806610,60579.144530,,3.382510,-399.313020
8.996000,0.429380,1.322750,6.295900,214.704190,-323.805970,60764.769530,,3.328670,-399.315060
8.998000,0.725460,1.390690,6.613770,214.719850,-323.805910,60833.324220,,3.318420,-399.317140
9.000000,0.883120,1.152280,6.193360,214.737350,-323.806180,60874.453130,1.000000,3.354310,-399.318330
9.000000,0.883120,1.152280,6.193360,214.737350,-323.806180,60874.453130,1.000000,3.354310,-399.318330
9.002000,0.780580,0.749820,5.239750,214.756350,-323.806370,60873.402340,,3.358150,-399.317960
9.004000,0.551150,0.310180,4.388670,214.775960,-323.806850,60761.605470,,3.451720,-399.316410
9.006000,0.267880,0.082030,3.773440,214.794970,-323.807340,59570.859380,,3.554260,-399.314300
9.008000,0.003850,0.069210,4.306640,214.812610,-323.807190,60501.097660,1.000000,3.477360,-399.312260
9.010000,-0.146120,0.360170,5.301270,214.828320,-323.807010,60652.972660,,3.501710,-399.311160
9.012000,-0.028200,0.813900,5.854980,214.842530,-323.806550,60256.410160,,3.391480,-399.311800
9.014000,0.275570,1.266360,5.598630,214.856290,-323.806210,60504.265630,,3.347900,-399.313810
9.016000,0.597290,1.429140,5.711430,214.871170,-323.806120,60317.582030,1.000000,3.318420,-399.316130
9.018000,0.793400,1.276610,5.342290,214.887890,-323.806340,60697.265630,,3.351750,-399.317720
9.020000,0.739560,0.924130,4.409180,214.906280,-323.806610,60637.152340,,3.372250,-399.317810
9.022000,0.485780,0.521670,3.465820,214.925570,-323.807010,60867.070310,,3.455570,-399.316440
9.024000,0.203800,0.281980,3.609380,214.944550,-323.807400,60658.246090,1.000000,3.538880,-399.314480
9.026000,-0.008970,0.247380,4.593750,214.962420,-323.807430,61042.152340,,3.526060,-399.312710
9.028000,-0.055110,0.521670,5.629390,214.978530,-323.807160,60735.234380,,3.499150,-399.312190
9.030000,0.167910,0.934390,6.470210,214.993260,-323.806430,60766.875000,,3.356870,-399.313420
9.032000,0.501160,1.297120,6.675290,215.007840,-323.805940,60940.902340,1.000000,3.331240,-399.315550
9.034000,0.775450,1.275330,6.418950,215.024000,-323.805970,60597.070310,,3.327390,-399.317500
9.036000,0.883120,0.990780,6.131840,215.041950,-323.806210,60885.003910,,3.363280,-399.318390
9.038000,0.733150,0.534480,5.291020,215.061250,-323.806430,60824.886720,,3.356870,-399.317690
9.040000,0.502440,0.130740,3.916990,215.080900,-323.807010,60980.980470,1.000000,3.492740,-399.316040
9.042000,0.210210,-0.071780,3.814450,215.099780,-323.807310,60599.183590,,3.532470,-399.313870
9.044000,-0.038450,-0.042300,4.645020,215.117080,-323.807160,60696.214840,,3.478640,-399.311890
9.046000,-0.140990,0.314030,5.085940,215.132290,-323.806920,60365.042970,,3.485050,-399.311130
9.048000,0.023070,0.812620,5.998540,215.146120,-323.806460,60630.824220,1.000000,3.365840,-399.312100
9.050000,0.348630,1.266360,6.049800,215.159770,-323.806150,60615.003910,,3.344060,-399.314240
9.052000,0.649840,1.358640,5.424320,215.174850,-323.806180,60358.714840,,3.315860,-399.316470
9.054000,0.808780,1.183040,4.911620,215.191800,-323.806430,60633.984380,,3.362000,-399.317810
9.056000,0.692140,0.821590,4.255370,215.210300,-323.806670,60419.886720,1.000000,3.365840,-399.317540
9.058000,0.428100,0.476810,2.983890,215.229430,-323.807160,60723.636720,,3.485050,-399.316010
9.060000,0.148680,0.306340,3.732420,215.248000,-323.807460,60550.664060,,3.531190,-399.314000
9.062000,-0.038450,0.360170,5.034670,215.265350,-323.807400,61176.097660,,3.519650,-399.312440
9.064000,-0.030760,0.692140,5.547360,215.280980,-323.807070,60493.714840,1.000000,3.477360,-399.312290
9.066000,0.237120,1.111270,6.583010,215.295530,-323.806270,60781.640630,,3.337650,-399.313780
9.068000,0.566530,1.402220,6.788090,215.310350,-323.805910,60919.804690,,3.313290,-399.315950
9.070000,0.813900,1.298400,6.203610,215.326950,-323.806060,60713.089840,,3.332520,-399.317750
9.072000,0.870300,0.961300,6.049800,215.345280,-323.806270,61033.714840,1.000000,3.347900,-399.318330
9.074000,0.687010,0.470400,5.208980,215.364850,-323.806550,60744.730470,,3.367130,-399.317350
9.076000,0.447330,0.105100,3.394040,215.384510,-323.807160,60993.632810,,3.515810,-399.315550
9.078000,0.155090,-0.066650,3.896480,215.403230,-323.807370,60978.867190,,3.505550,-399.313390
9.080000,-0.078190,0.015380,4.819340,215.420180,-323.807130,60860.746090,1.000000,3.481200,-399.311580
9.082000,-0.126890,0.403750,4.932130,215.435120,-323.806880,60602.347660,,3.458130,-399.311130
9.084000,0.082030,0.892090,5.660160,215.448900,-323.806400,60628.714840,,3.353030,-399.312440
9.086000,0.420410,1.267640,5.885740,215.462800,-323.806150,60391.406250,,3.317140,-399.314700
9.088000,0.701110,1.286870,5.403810,215.478330,-323.806240,60542.230470,1.000000,3.319700,-399.316830
9.090000,0.813900,1.057430,5.034670,215.495650,-323.806490,60759.496090,,3.351750,-399.317900
9.092000,0.647280,0.663940,4.091310,215.514400,-323.806760,60447.308590,,3.376100,-399.317290
9.094000,0.374270,0.362730,2.778810,215.533480,-323.807280,60744.730470,,3.506840,-399.315580
9.096000,0.102540,0.239690,3.988770,215.551820,-323.807460,60584.417970,1.000000,3.515810,-399.313570
9.098000,-0.057680,0.371700,5.229490,215.568730,-323.807400,60608.671880,,3.510680,-399.312190
9.100000,0.000000,0.763920,6.039550,215.583890,-323.806920,60490.550780,,3.445310,-399.312410
9.102000,0.294800,1.202270,6.459960,215.598250,-323.806210,60541.175780,,3.320980,-399.314120
9.104000,0.626770,1.431700,6.685550,215.613280,-323.805940,60452.582030,1.000000,3.318420,-399.316310
9.106000,0.848510,1.266360,6.470210,215.630220,-323.806120,61365.941410,,3.337650,-399.317960
9.108000,0.854920,0.911320,5.752440,215.648770,-323.806340,60963.046880,,3.340210,-399.318240
9.110000,0.644710,0.426820,4.778320,215.668460,-323.806640,60856.527340,,3.395320,-399.317020
9.112000,0.390930,0.106380,3.793950,215.687940,-323.807310,61024.222660,1.000000,3.531190,-399.315090
9.114000,0.098690,-0.023070,4.193850,215.706420,-323.807310,60630.824220,,3.488890,-399.312930
9.116000,-0.116640,0.117920,4.716800,215.723100,-323.807130,60952.503910,,3.481200,-399.311310
9.118000,-0.099980,0.526790,5.475590,215.737870,-323.806820,60867.070310,,3.435060,-399.311220
9.120000,0.143550,1.007450,5.660160,215.751720,-323.806340,60872.347660,1.000000,3.344060,-399.312840
9.122000,0.485780,1.312500,5.711430,215.766020,-323.806180,60694.105470,,3.315860,-399.315190
9.124000,0.748540,1.266360,5.506350,215.782030,-323.806340,60801.679690,,3.335080,-399.317200
9.126000,0.808780,1.002320,4.460450,215.799740,-323.806580,60534.847660,,3.354310,-399.317960
9.128000,0.599850,0.612670,3.824710,215.818650,-323.806880,60715.195310,1.000000,3.403020,-399.317050
9.130000,0.315310,0.369140,3.271000,215.837520,-323.807340,60591.800780,,3.523500,-399.315190
9.132000,0.060240,0.301210,4.132320,215.855530,-323.807460,60386.136720,,3.513240,-399.313230
9.134000,-0.073060,0.487060,5.311520,215.871980,-323.807310,60540.121090,,3.517090,-399.312100
9.136000,0.044860,0.895940,6.685550,215.886870,-323.806730,60434.648440,1.000000,3.400450,-399.312680
9.138000,0.365300,1.307370,6.336910,215.901200,-323.806060,60637.152340,,3.320980,-399.314610
9.140000,0.683170,1.444520,6.726560,215.916630,-323.805940,60635.039060,,3.318420,-399.316740
9.142000,0.876710,1.209960,6.572750,215.933980,-323.806180,60715.195310,,3.335080,-399.318210
9.144000,0.826720,0.813900,5.485840,215.952880,-323.806370,60571.761720,1.000000,3.351750,-399.318150
9.146000,0.599850,0.326840,4.747560,215.972670,-323.806760,61641.214840,,3.418400,-399.316710
9.148000,0.329410,0.046140,3.937500,215.992050,-323.807340,61157.113280,,3.545290,-399.314670
9.150000,0.047420,-0.041020,4.009280,216.010150,-323.807280,60696.214840,,3.478640,-399.312530
9.152000,-0.139710,0.171750,5.014160,216.026250,-323.807100,60875.511720,1.000000,3.494020,-399.311130
9.154000,-0.069210,0.626770,5.813960,216.040650,-323.806670,60553.828130,,3.404300,-399.311460
9.156000,0.211490,1.102290,5.414060,216.054320,-323.806240,60857.582030,,3.337650,-399.313320
9.158000,0.553710,1.340700,5.690920,216.068880,-323.806120,60844.925780,,3.315860,-399.315700
9.160000,0.780580,1.227910,5.198730,216.085300,-323.806340,61066.406250,1.000000,3.336360,-399.317540
9.162000,0.783140,0.899780,4.050290,216.103450,-323.806580,60678.281250,,3.360720,-399.317960
9.164000,0.538330,0.485780,3.229980,216.122700,-323.806950,60786.917970,,3.431210,-399.316740
9.166000,0.253780,0.229430,3.219730,216.141750,-323.807400,59750.160160,,3.528630,-399.314820
9.168000,0.023070,0.176880,4.419430,216.159740,-323.807460,60448.363280,1.000000,3.519650,-399.312930
9.170000,-0.071780,0.420410,5.660160,216.176060,-323.807280,60636.097660,,3.511960,-399.312100
9.172000,0.106380,0.838260,6.624020,216.190830,-323.806610,60311.250000,,3.372250,-399.313050
9.174000,0.443480,1.244570,6.480470,216.205200,-323.805970,60421.992190,,3.329960,-399.315120
9.176000,0.743410,1.303530,6.583010,216.220900,-323.805940,60330.238280,1.000000,3.314580,-399.317200
9.178000,0.898500,1.054870,6.511230,216.238490,-323.806210,60504.265630,,3.355590,-399.318390
9.180000,0.788270,0.620360,5.680660,216.257570,-323.806370,60801.679690,,3.353030,-399.317960
9.182000,0.552430,0.183290,4.173340,216.277250,-323.806880,60731.019530,,3.456850,-399.316380
9.184000,0.265320,-0.051270,3.916990,216.296370,-323.807340,60623.441410,1.000000,3.549130,-399.314240
9.186000,0.000000,-0.080750,4.491210,216.314060,-323.807190,60956.722660,,3.469670,-399.312160
9.188000,-0.152530,0.208920,5.126950,216.329650,-323.807010,60954.613280,,3.500430,-399.311040
9.190000,-0.025630,0.685730,5.670410,216.343720,-323.806550,60822.777340,,3.383790,-399.311740
9.192000,0.285830,1.163820,5.803710,216.357330,-323.806210,60943.007810,1.000000,3.350460,-399.313780
9.194000,0.610110,1.334290,5.485840,216.372060,-323.806150,60626.601560,,3.317140,-399.316130
9.196000,0.806210,1.208680,4.983400,216.388600,-323.806400,60894.496090,,3.351750,-399.317720
9.198000,0.743410,0.889530,4.101560,216.406750,-323.806610,61059.023440,,3.372250,-399.317810
9.200000,0.481930,0.544740,3.086430,216.425670,-323.807040,60895.550780,1.000000,3.456850,-399.316380
9.202000,0.196110,0.360170,3.404300,216.444240,-323.807400,60963.046880,,3.537600,-399.314360
9.204000,-0.016660,0.374270,4.737300,216.461700,-323.807400,60727.851560,,3.524780,-399.312620
9.206000,-0.053830,0.678040,5.414060,216.477490,-323.807160,60423.046880,,3.494020,-399.312130
9.208000,0.173030,1.081790,6.511230,216.492160,-323.806400,60406.175780,1.000000,3.356870,-399.313390
9.210000,0.506290,1.415040,7.023930,216.506880,-323.805940,60521.136720,,3.323550,-399.315550
9.212000,0.780580,1.343260,6.408690,216.523270,-323.806000,60215.273440,,3.329960,-399.317500
9.214000,0.885680,1.006160,6.039550,216.541550,-323.806240,60568.593750,,3.359440,-399.318390
9.216000,0.731870,0.502440,5.875490,216.561200,-323.806460,60326.015630,1.000000,3.356870,-399.317690
9.218000,0.497310,0.089720,3.875980,216.581130,-323.807040,60760.550780,,3.497860,-399.315950
9.220000,0.202510,-0.135860,3.896480,216.600220,-323.807340,60669.843750,,3.528630,-399.313780
9.222000,-0.048710,-0.097410,5.496090,216.617630,-323.807160,60901.875000,,3.483760,-399.311830
9.224000,-0.146120,0.248660,5.044920,216.632950,-323.806920,60543.281250,1.000000,3.477360,-399.311070
9.226000,0.029480,0.740840,5.772950,216.646850,-323.806490,60616.054690,,3.368410,-399.312130
9.228000,0.356320,1.170230,6.049800,216.660630,-323.806150,61014.730470,,3.335080,-399.314300
9.230000,0.663940,1.258670,5.260250,216.675750,-323.806210,60725.746090,,3.317140,-399.316560
9.232000,0.824160,1.075380,4.788570,216.692780,-323.806430,60899.769530,1.000000,3.362000,-399.317900
9.234000,0.702390,0.706240,4.204100,216.711270,-323.806670,60677.226560,,3.363280,-399.317600
9.236000,0.428100,0.379390,2.850590,216.730330,-323.807160,61211.957030,,3.491460,-399.315950
9.238000,0.140990,0.235840,3.670900,216.748780,-323.807460,60814.339840,,3.526060,-399.313900
9.240000,-0.052550,0.319150,5.003910,216.765900,-323.807400,60737.347660,1.000000,3.519650,-399.312290
9.242000,-0.033330,0.679320,5.619140,216.781280,-323.807040,60394.574220,,3.474790,-399.312160
9.244000,0.240970,1.124080,6.429200,216.795650,-323.806270,60645.589840,,3.336360,-399.313750
9.246000,0.576780,1.416320,6.552250,216.810390,-323.805940,60503.203130,,3.314580,-399.315950
9.248000,0.828000,1.304810,6.500980,216.827000,-323.806060,60416.722660,1.000000,3.337650,-399.317780
9.250000,0.885680,0.992070,6.193360,216.845280,-323.806300,60617.113280,,3.347900,-399.318360
9.250000,0.885680,0.992070,6.193360,216.845280,-323.806300,60617.113280,,3.347900,-399.318360
9.252000,0.695980,0.513980,5.444820,216.864780,-323.806550,60316.527340,,3.370970,-399.317380
9.254000,0.446040,0.161500,3.752930,216.884350,-323.807190,60627.656250,,3.520940,-399.315490
9.256000,0.140990,0.000000,3.968260,216.902970,-323.807340,60447.308590,1.000000,3.505550,-399.313260
9.258000,-0.096130,0.083310,5.085940,216.919920,-323.807130,60644.535160,,3.479920,-399.311430
9.260000,-0.134580,0.465270,5.424320,216.934920,-323.806880,60652.972660,,3.458130,-399.311040
9.262000,0.083310,0.933110,5.690920,216.948850,-323.806400,60665.628910,,3.351750,-399.312410
9.264000,0.431950,1.284300,5.978030,216.962950,-323.806150,60570.707030,1.000000,3.315860,-399.314730
9.266000,0.712650,1.283020,5.988280,216.978670,-323.806240,61537.859380,,3.323550,-399.316860
9.268000,0.822880,1.047180,4.624510,216.996150,-323.806520,61115.980470,,3.351750,-399.317960
9.270000,0.652400,0.651120,3.732420,217.014950,-323.806790,60949.339840,,3.382510,-399.317290
9.272000,0.371700,0.349910,2.994140,217.034030,-323.807310,61018.949220,1.000000,3.513240,-399.315520
9.274000,0.096130,0.219180,3.947750,217.052370,-323.807460,60675.121090,,3.517090,-399.313510
9.276000,-0.069210,0.333250,4.798830,217.069310,-323.807370,61056.917970,,3.515810,-399.312100
9.278000,0.000000,0.702390,6.213870,217.084520,-323.806880,60787.972660,,3.437620,-399.312350
9.280000,0.305050,1.115110,6.347170,217.098970,-323.806150,60747.894530,1.000000,3.320980,-399.314150
9.282000,0.639590,1.315060,6.459960,217.114180,-323.805910,60582.308590,,3.317140,-399.316380
9.282000,0.639590,1.315060,6.459960,217.114180,-323.805910,60582.308590,,3.317140,-399.316380
9.284000,0.860050,1.121520,6.706050,217.131270,-323.806090,60796.406250,,3.337650,-399.317990
9.286000,0.856200,0.749820,5.783200,217.149990,-323.806340,60466.292970,,3.341490,-399.318240
9.288000,0.643430,0.262760,4.921880,217.169750,-323.806670,60631.875000,1.000000,3.397890,-399.316990
9.290000,0.380680,-0.030760,4.275880,217.189220,-323.807310,60809.062500,,3.535030,-399.315030
9.292000,0.087160,-0.152530,4.111820,217.207500,-323.807310,60453.636720,,3.488890,-399.312840
9.294000,-0.128170,0.034610,4.870610,217.223800,-323.807100,60618.167970,,3.487610,-399.311190
9.296000,-0.103820,0.498600,5.906250,217.238200,-323.806760,60442.031250,1.000000,3.426090,-399.311190
9.298000,0.147400,1.025390,5.629390,217.251650,-323.806340,60616.054690,,3.349180,-399.312840
9.300000,0.499880,1.349670,5.731930,217.265700,-323.806150,60752.113280,,3.315860,-399.315250
9.302000,0.756230,1.303530,5.629390,217.281560,-323.806300,60700.429690,,3.332520,-399.317260
9.304000,0.808780,1.047180,4.439940,217.299220,-323.806550,60627.656250,1.000000,3.353030,-399.317990
9.306000,0.592160,0.634460,3.619630,217.318210,-323.806850,61090.671880,,3.401730,-399.317020
9.308000,0.306340,0.358890,3.342770,217.337250,-323.807340,61122.308590,,3.520940,-399.315120
9.310000,0.052550,0.262760,4.070800,217.355470,-323.807460,60701.488280,,3.509400,-399.313170
9.312000,-0.075620,0.446040,5.137210,217.372130,-323.807310,60765.820310,1.000000,3.515810,-399.312070
9.314000,0.051270,0.836980,6.418950,217.387220,-323.806760,60485.273440,,3.399170,-399.312710
9.316000,0.374270,1.242000,6.388180,217.401720,-323.806090,60815.394530,,3.328670,-399.314670
9.318000,0.693420,1.374020,6.449710,217.417220,-323.805940,60803.789060,,3.324830,-399.316860
9.320000,0.886960,1.158690,6.408690,217.434570,-323.806210,60879.730470,1.000000,3.346620,-399.318240
9.322000,0.828000,0.752380,5.157710,217.453480,-323.806370,60811.171880,,3.353030,-399.318150
9.324000,0.599850,0.289670,4.583500,217.473180,-323.806760,60913.476560,,3.426090,-399.316710
9.326000,0.321720,0.029480,3.742680,217.492430,-323.807340,61201.410160,,3.546570,-399.314640
9.328000,0.042300,-0.035890,4.347660,217.510380,-323.807220,60504.265630,1.000000,3.474790,-399.312470
9.330000,-0.143550,0.201230,5.157710,217.526320,-323.807040,60698.324220,,3.495300,-399.311100
9.332000,-0.061520,0.654970,5.854980,217.540650,-323.806640,60309.144530,,3.403020,-399.311460
9.334000,0.226870,1.118960,5.578130,217.554380,-323.806270,60527.468750,,3.345340,-399.313390
9.336000,0.562680,1.318910,5.649900,217.569030,-323.806150,60337.621090,1.000000,3.322270,-399.315730
9.338000,0.786990,1.189450,5.362790,217.585530,-323.806370,60725.746090,,3.342770,-399.317540
9.340000,0.781860,0.867740,4.388670,217.603670,-323.806610,60729.960940,,3.367130,-399.317930
9.342000,0.533200,0.471680,3.322270,217.622850,-323.806950,60770.042970,,3.438900,-399.316680
9.344000,0.244810,0.237120,3.517090,217.641770,-323.807400,60639.257810,1.000000,3.533750,-399.314700
9.346000,0.014100,0.203800,4.645020,217.659620,-323.807460,61086.445310,,3.524780,-399.312840
9.348000,-0.070500,0.476810,5.475590,217.675700,-323.807220,60976.761720,,3.509400,-399.312040
9.350000,0.115360,0.903630,6.265140,217.690370,-323.806520,60649.804690,,3.374820,-399.313050
9.352000,0.451170,1.293270,6.808590,217.704820,-323.805940,61047.425780,1.000000,3.329960,-399.315160
9.354000,0.745970,1.307370,6.336910,217.720750,-323.805940,60523.242190,,3.320980,-399.317230
9.356000,0.897220,1.026670,6.019040,217.738600,-323.806210,60684.609380,,3.354310,-399.318390
9.358000,0.780580,0.563960,5.639650,217.757870,-323.806400,60878.679690,,3.355590,-399.317930
9.360000,0.543460,0.129460,3.999020,217.777680,-323.806880,60956.722660,1.000000,3.463260,-399.316310
9.362000,0.251220,-0.097410,3.629880,217.796800,-323.807340,60883.949220,,3.542720,-399.314150
9.364000,-0.012820,-0.112790,4.737300,217.814420,-323.807190,60725.746090,,3.473510,-399.312070
9.366000,-0.155090,0.189700,5.188480,217.830030,-323.806980,60431.488280,,3.494020,-399.311040
9.368000,-0.020510,0.671630,5.885740,217.844060,-323.806550,60545.390630,1.000000,3.385070,-399.311800
9.370000,0.294800,1.133060,6.336910,217.857700,-323.806180,60586.527340,,3.347900,-399.313870
9.372000,0.624210,1.285580,5.485840,217.872540,-323.806150,60318.632810,,3.317140,-399.316220
9.374000,0.819030,1.135620,4.675780,217.889280,-323.806400,60594.964840,,3.354310,-399.317810
9.376000,0.743410,0.786990,4.706540,217.907590,-323.806610,60466.292970,1.000000,3.368410,-399.317810
9.378000,0.478090,0.419130,3.117190,217.926730,-323.807040,60795.355470,,3.464540,-399.316350
9.380000,0.185850,0.239690,3.312010,217.945420,-323.807430,60612.894530,,3.537600,-399.314300
9.382000,-0.026920,0.252500,4.962890,217.962980,-323.807400,61105.433590,,3.524780,-399.312560
9.384000,-0.058960,0.565250,5.496090,217.978730,-323.807130,60511.644530,1.000000,3.491460,-399.312100
9.386000,0.180730,0.997190,6.357420,217.993230,-323.806370,60871.292970,,3.354310,-399.313420
9.388000,0.519100,1.348390,7.034180,218.007800,-323.805940,60976.761720,,3.324830,-399.315610
9.390000,0.793400,1.304810,6.275390,218.023970,-323.806030,60632.933590,,3.336360,-399.317540
9.392000,0.898500,1.029240,5.978030,218.041900,-323.806240,60979.925780,1.000000,3.360720,-399.318420
9.394000,0.737000,0.579350,5.557620,218.061170,-323.806460,60761.605470,,3.356870,-399.317690
9.396000,0.494750,0.190980,3.722170,218.080750,-323.807040,60969.378910,,3.500430,-399.315890
9.398000,0.192260,0.000000,3.609380,218.099550,-323.807310,61009.460940,,3.527340,-399.313690
9.400000,-0.064090,0.025630,4.788570,218.116820,-323.807130,60791.136720,1.000000,3.474790,-399.311710
9.402000,-0.152530,0.365300,5.126950,218.132160,-323.806920,60706.761720,,3.477360,-399.310970
9.404000,0.032040,0.825440,5.588380,218.146190,-323.806460,60759.496090,,3.359440,-399.312100
9.406000,0.364010,1.229190,5.731930,218.160200,-323.806150,60707.812500,,3.331240,-399.314300
9.408000,0.667790,1.288150,5.475590,218.175640,-323.806210,60461.019530,1.000000,3.319700,-399.316560
9.410000,0.822880,1.075380,4.809080,218.192950,-323.806490,60764.769530,,3.354310,-399.317870
9.412000,0.694700,0.693420,4.224610,218.211700,-323.806730,60370.316410,,3.369690,-399.317540
9.414000,0.419130,0.365300,3.106930,218.230880,-323.807190,60689.886720,,3.487610,-399.315890
9.416000,0.133300,0.216610,3.629880,218.249400,-323.807460,60522.191410,1.000000,3.523500,-399.313840
9.418000,-0.055110,0.296080,4.942380,218.266600,-323.807370,60643.484380,,3.514530,-399.312290
9.420000,-0.026920,0.647280,5.937010,218.282040,-323.807040,60458.910160,,3.465820,-399.312230
9.422000,0.251220,1.080510,6.429200,218.296490,-323.806240,60502.152340,,3.332520,-399.313810
9.424000,0.588320,1.349670,6.685550,218.311370,-323.805910,60418.832030,1.000000,3.305600,-399.316040
9.426000,0.835690,1.224060,7.167480,218.328090,-323.806060,61272.070310,,3.336360,-399.317810
9.428000,0.877990,0.879270,5.896000,218.346500,-323.806300,60972.542970,,3.340210,-399.318330
9.430000,0.685730,0.394780,5.229490,218.366120,-323.806580,61102.265630,,3.372250,-399.317260
9.432000,0.434510,0.061520,4.193850,218.385680,-323.807190,61243.597660,1.000000,3.519650,-399.315400
9.434000,0.134580,-0.099980,3.988770,218.404250,-323.807340,60856.527340,,3.492740,-399.313170
9.436000,-0.102540,0.012820,4.593750,218.421010,-323.807130,61044.257810,,3.478640,-399.311370
9.438000,-0.130740,0.433230,5.588380,218.435750,-323.806880,61027.386720,,3.445310,-399.311040
9.440000,0.092290,0.954900,5.506350,218.449330,-323.806370,60918.753910,1.000000,3.349180,-399.312470
9.442000,0.438350,1.330440,5.506350,218.463200,-323.806180,60747.894530,,3.306880,-399.314790
9.444000,0.719060,1.313780,5.731930,218.478850,-323.806300,60822.777340,,3.324830,-399.316930
9.446000,0.817750,1.088200,4.552730,218.496280,-323.806520,60585.476560,,3.341490,-399.317930
9.448000,0.640870,0.697270,3.619630,218.515080,-323.806820,60622.386720,1.000000,3.377380,-399.317260
9.450000,0.358890,0.402470,3.414550,218.534100,-323.807310,60568.593750,,3.511960,-399.315460
9.452000,0.087160,0.280700,3.927250,218.552370,-323.807460,60228.988280,,3.505550,-399.313450
9.454000,-0.070500,0.420410,4.901370,218.569200,-323.807370,60568.593750,,3.510680,-399.312100
9.456000,0.006410,0.795960,6.531740,218.584400,-323.806880,60347.113280,1.000000,3.427370,-399.312440
9.458000,0.312740,1.207400,6.459960,218.598850,-323.806180,60583.359380,,3.320980,-399.314240
9.460000,0.647280,1.397090,6.429200,218.614110,-323.805940,60562.265630,,3.317140,-399.316440
9.462000,0.866460,1.183040,6.839360,218.631300,-323.806150,60428.324220,,3.337650,-399.318050
9.464000,0.856200,0.792110,5.875490,218.650130,-323.806370,60534.847660,1.000000,3.341490,-399.318240
9.466000,0.639590,0.285830,4.788570,218.670000,-323.806700,60587.582030,,3.397890,-399.316990
9.468000,0.372990,-0.028200,4.255370,218.689610,-323.807310,61173.988280,,3.532470,-399.314940
9.470000,0.079470,-0.166630,4.070800,218.707990,-323.807310,60760.550780,,3.482480,-399.312740
9.472000,-0.132020,0.000000,4.778320,218.724500,-323.807100,60858.632810,1.000000,3.481200,-399.311190
9.472000,-0.132020,0.000000,4.778320,218.724500,-323.807100,60858.632810,1.000000,3.481200,-399.311190
9.474000,-0.097410,0.430660,5.680660,218.739110,-323.806760,60476.839840,,3.420960,-399.311220
9.476000,0.162780,0.920290,5.578130,218.752810,-323.806340,60905.039060,,3.341490,-399.312930
9.478000,0.508850,1.207400,5.506350,218.767110,-323.806180,60909.257810,,3.317140,-399.315310
9.480000,0.760070,1.151000,5.444820,218.783160,-323.806340,60929.300780,1.000000,3.336360,-399.317290
9.482000,0.806210,0.876710,4.070800,218.800900,-323.806610,60851.250000,,3.353030,-399.317960
9.484000,0.583190,0.487060,3.537600,218.819820,-323.806880,60829.105470,,3.411990,-399.316990
9.486000,0.298650,0.246090,3.168460,218.838700,-323.807370,60989.417970,,3.522220,-399.315060
9.488000,0.047420,0.190980,4.470700,218.856630,-323.807460,60418.832030,1.000000,3.508120,-399.313110
9.490000,-0.079470,0.414000,5.373050,218.872890,-323.807280,60530.625000,,3.515810,-399.312040
9.492000,0.058960,0.833130,6.326660,218.887680,-323.806670,60271.175780,,3.390200,-399.312740
9.494000,0.390930,1.257390,6.583010,218.901950,-323.806060,60438.875000,,3.327390,-399.314760
9.496000,0.701110,1.367610,6.644530,218.917450,-323.805940,60350.281250,1.000000,3.318420,-399.316890
9.498000,0.886960,1.131770,6.388180,218.934880,-323.806210,60563.324220,,3.337650,-399.318240
9.500000,0.819030,0.719060,5.731930,218.953830,-323.806370,60720.468750,,3.351750,-399.318120
9.500000,0.819030,0.719060,5.731930,218.953830,-323.806370,60720.468750,,3.351750,-399.318120
9.502000,0.589600,0.248660,4.542480,218.973600,-323.806820,60545.390630,,3.427370,-399.316650
9.504000,0.312740,0.005130,3.875980,218.992830,-323.807340,60647.699220,1.000000,3.544010,-399.314540
9.506000,0.032040,-0.057680,4.604000,219.010770,-323.807190,60579.144530,,3.469670,-399.312380
9.508000,-0.151250,0.189700,5.044920,219.026720,-323.807040,61014.730470,,3.492740,-399.311040
9.510000,-0.062810,0.646000,5.414060,219.041030,-323.806640,60717.308590,,3.399170,-399.311460
9.512000,0.230710,1.116390,5.875490,219.054720,-323.806270,60916.644530,1.000000,3.345340,-399.313420
9.514000,0.571660,1.322750,5.711430,219.069350,-323.806180,60594.964840,,3.318420,-399.315800
9.516000,0.792110,1.206120,5.044920,219.085830,-323.806370,60876.562500,,3.338930,-399.317600
9.518000,0.776730,0.883120,4.614260,219.103930,-323.806610,61119.144530,,3.364560,-399.317930
9.520000,0.524230,0.503720,3.301760,219.123000,-323.806980,60896.601560,1.000000,3.437620,-399.316650
9.522000,0.235840,0.281980,3.158200,219.141830,-323.807430,60982.035160,,3.529910,-399.314670
9.524000,0.007690,0.253780,4.870610,219.159650,-323.807460,60787.972660,,3.518370,-399.312840
9.526000,-0.065370,0.502440,5.557620,219.175800,-323.807220,60403.011720,,3.502990,-399.312100
9.528000,0.130740,0.904910,6.111330,219.190580,-323.806520,60271.175780,1.000000,3.368410,-399.313140
9.530000,0.462710,1.274050,7.126460,219.205150,-323.805970,60358.714840,,3.331240,-399.315250
9.532000,0.754940,1.277890,6.531740,219.221210,-323.805970,59895.707030,,3.322270,-399.317290
9.534000,0.894650,0.992070,5.854980,219.239150,-323.806210,60471.566410,,3.355590,-399.318390
9.536000,0.769040,0.544740,6.265140,219.258450,-323.806400,60378.750000,1.000000,3.356870,-399.317840
9.538000,0.531920,0.124330,4.152830,219.278230,-323.806920,60652.972660,,3.468380,-399.316220
9.540000,0.242250,-0.087160,3.619630,219.297260,-323.807340,60668.792970,,3.542720,-399.314090
9.542000,-0.020510,-0.082030,5.311520,219.314740,-323.807160,60719.417970,,3.473510,-399.312010
9.544000,-0.153810,0.244810,5.219240,219.330170,-323.806980,60500.039060,1.000000,3.491460,-399.311040
9.546000,-0.014100,0.737000,5.649900,219.344130,-323.806520,60828.054690,,3.382510,-399.311860
9.548000,0.306340,1.208680,6.142090,219.357730,-323.806180,60968.324220,,3.345340,-399.313960
9.550000,0.629330,1.350950,5.352540,219.372600,-323.806150,60628.714840,,3.315860,-399.316310
9.552000,0.816470,1.195860,4.686040,219.389420,-323.806400,61004.183590,1.000000,3.355590,-399.317810
9.554000,0.725460,0.840820,4.255370,219.407850,-323.806610,60639.257810,,3.365840,-399.317750
9.556000,0.458860,0.479370,3.168460,219.427030,-323.807100,61197.191410,,3.467100,-399.316250
9.558000,0.174320,0.296080,3.373540,219.445760,-323.807430,60854.414060,,3.536320,-399.314240
9.560000,-0.026920,0.317870,4.870610,219.463300,-323.807430,60762.656250,1.000000,3.522220,-399.312560
9.562000,-0.041020,0.630620,5.619140,219.479100,-323.807130,60722.578130,,3.487610,-399.312190
9.564000,0.201230,1.049740,6.326660,219.493740,-323.806370,60741.566410,,3.353030,-399.313570
9.566000,0.538330,1.376590,6.665040,219.508530,-323.805940,60589.691410,,3.323550,-399.315730
9.568000,0.803650,1.302250,6.511230,219.524980,-323.806060,60413.558590,1.000000,3.335080,-399.317660
9.570000,0.888240,0.990780,5.937010,219.543200,-323.806240,60741.566410,,3.358150,-399.318390
9.572000,0.719060,0.507570,5.188480,219.562740,-323.806490,60342.898440,,3.363280,-399.317540
9.574000,0.474240,0.110230,4.070800,219.582550,-323.807070,60592.859380,,3.505550,-399.315730
9.576000,0.173030,-0.099980,3.742680,219.601470,-323.807340,60543.281250,1.000000,3.519650,-399.313540
9.578000,-0.071780,-0.055110,4.727050,219.618740,-323.807130,60631.875000,,3.478640,-399.311610
9.580000,-0.146120,0.307620,5.434570,219.633900,-323.806920,60539.062500,,3.473510,-399.311040
9.582000,0.047420,0.801090,5.803710,219.647710,-323.806430,60454.691410,,3.358150,-399.312230
9.584000,0.383240,1.207400,5.947270,219.661530,-323.806180,60579.144530,1.000000,3.331240,-399.314450
9.586000,0.685730,1.262510,6.090820,219.676820,-323.806240,60486.332030,,3.327390,-399.316680
9.588000,0.830570,1.063840,4.819340,219.693920,-323.806490,61123.363280,,3.355590,-399.317960
9.590000,0.689580,0.694700,3.958010,219.712550,-323.806730,60842.816410,,3.368410,-399.317540
9.592000,0.407590,0.351200,3.281250,219.731670,-323.807190,61112.816410,1.000000,3.501710,-399.315800
9.594000,0.121770,0.194820,3.650390,219.750200,-323.807460,60825.941410,,3.520940,-399.313750
9.596000,-0.064090,0.279420,4.573240,219.767320,-323.807370,61055.859380,,3.509400,-399.312190
9.598000,-0.026920,0.653690,6.131840,219.782700,-323.807010,60911.371090,,3.468380,-399.312190
9.600000,0.260190,1.092040,6.224120,219.797120,-323.806240,60699.378910,1.000000,3.333800,-399.313840
9.602000,0.597290,1.365050,6.183110,219.812000,-323.805940,60725.746090,,3.320980,-399.316070
9.604000,0.843380,1.224060,6.706050,219.828780,-323.806090,60766.875000,,3.341490,-399.317840
9.606000,0.880550,0.879270,5.772950,219.847240,-323.806340,60718.363280,,3.346620,-399.318330
9.608000,0.681880,0.388370,4.675780,219.866900,-323.806610,60461.019530,1.000000,3.378660,-399.317260
9.610000,0.425540,0.060240,4.183590,219.886470,-323.807190,60689.886720,,3.527340,-399.315340
9.612000,0.121770,-0.089720,3.978520,219.905040,-323.807310,60191.019530,,3.490170,-399.313110
9.614000,-0.108950,0.020510,4.706540,219.921880,-323.807070,60458.910160,,3.482480,-399.311310
9.616000,-0.125610,0.420410,5.854980,219.936770,-323.806820,60481.054690,1.000000,3.450440,-399.311040
9.618000,0.102540,0.902340,5.762700,219.950620,-323.806370,60578.089840,,3.349180,-399.312530
9.620000,0.455020,1.247130,5.475590,219.964750,-323.806180,60682.503910,,3.322270,-399.314880
9.622000,0.733150,1.236880,5.824220,219.980530,-323.806300,60469.453130,,3.328670,-399.316990
9.624000,0.819030,0.993350,4.839840,219.998080,-323.806520,60591.800780,1.000000,3.350460,-399.317960
9.626000,0.628050,0.604980,3.537600,220.016920,-323.806820,60774.257810,,3.382510,-399.317170
9.628000,0.347350,0.333250,3.342770,220.035950,-323.807280,61025.273440,,3.517090,-399.315340
9.630000,0.078190,0.223020,3.968260,220.054200,-323.807460,60680.394530,,3.508120,-399.313350
9.632000,-0.070500,0.375550,4.860350,220.070950,-323.807340,60902.933590,1.000000,3.515810,-399.312070
9.634000,0.019230,0.774170,6.162600,220.086030,-323.806790,60641.371090,,3.424800,-399.312470
9.636000,0.329410,1.193300,6.357420,220.100420,-323.806150,60926.136720,,3.320980,-399.314330
9.638000,0.657530,1.380430,6.152340,220.115650,-323.805940,60886.062500,,3.331240,-399.316530
9.640000,0.872860,1.174070,6.285640,220.132830,-323.806150,60755.273440,1.000000,3.338930,-399.318080
9.642000,0.851070,0.797240,5.280760,220.151580,-323.806370,61045.316410,,3.349180,-399.318210
9.644000,0.629330,0.308900,4.552730,220.171330,-323.806700,60793.242190,,3.406860,-399.316860
9.646000,0.362730,0.024350,4.060550,220.190720,-323.807310,60995.746090,,3.533750,-399.314880
9.648000,0.071780,-0.075620,4.327150,220.208920,-323.807250,60392.460940,1.000000,3.481200,-399.312680
9.650000,-0.133300,0.108950,4.962890,220.225220,-323.807040,60609.730470,,3.483760,-399.311130
9.652000,-0.092290,0.544740,5.537110,220.239780,-323.806730,60241.644530,,3.420960,-399.311250
9.654000,0.170470,1.008730,5.885740,220.253560,-323.806300,60531.679690,,3.342770,-399.312990
9.656000,0.520390,1.271480,5.793460,220.268020,-323.806180,60488.437500,1.000000,3.323550,-399.315400
9.658000,0.771610,1.174070,5.157710,220.284330,-323.806340,60668.792970,,3.337650,-399.317350
9.660000,0.804930,0.871580,4.645020,220.302350,-323.806580,60698.324220,,3.351750,-399.317990
9.662000,0.571660,0.466550,3.588870,220.321520,-323.806880,60473.671880,,3.418400,-399.316930
9.664000,0.287110,0.212770,3.229980,220.340580,-323.807370,60682.503910,1.000000,3.522220,-399.315000
9.666000,0.039730,0.143550,4.583500,220.358640,-323.807460,60625.550780,,3.511960,-399.313050
9.668000,-0.076900,0.362730,5.444820,220.375080,-323.807280,61052.699220,,3.518370,-399.312040
9.670000,0.070500,0.770320,6.070310,220.389950,-323.806640,60710.980470,,3.386350,-399.312840
9.672000,0.401180,1.181760,6.726560,220.404300,-323.806060,61172.933590,1.000000,3.332520,-399.314820
9.674000,0.711360,1.281740,6.511230,220.419880,-323.805940,60720.468750,,3.319700,-399.316990
9.676000,0.890810,1.040770,5.937010,220.437380,-323.806210,60880.785160,,3.344060,-399.318300
9.678000,0.811340,0.625490,5.742190,220.456380,-323.806370,60898.714840,,3.354310,-399.318080
9.680000,0.581910,0.170470,4.388670,220.476120,-323.806820,60939.843750,1.000000,3.432500,-399.316590
9.682000,0.298650,-0.080750,3.537600,220.495350,-323.807340,61002.078130,,3.549130,-399.314450
9.684000,0.021790,-0.139710,4.665530,220.513240,-323.807190,60680.394530,,3.468380,-399.312320
9.686000,-0.153810,0.125610,5.167970,220.529050,-323.807040,60815.394530,,3.495300,-399.311040
9.688000,-0.055110,0.613950,5.444820,220.543150,-323.806610,60450.468750,1.000000,3.397890,-399.311520
9.690000,0.242250,1.127930,6.193360,220.556660,-323.806240,60550.664060,,3.349180,-399.313510
9.692000,0.581910,1.347110,5.742190,220.571150,-323.806180,59145.820310,,3.320980,-399.315890
9.694000,0.802370,1.243290,4.788570,220.587480,-323.806400,60534.847660,,3.345340,-399.317690
9.696000,0.776730,0.952330,4.870610,220.605470,-323.806610,60657.187500,1.000000,3.365840,-399.317960
9.698000,0.516540,0.594730,3.353030,220.624420,-323.806980,60795.355470,,3.442750,-399.316620
9.700000,0.224300,0.390930,3.045410,220.643140,-323.807400,60679.339840,,3.532470,-399.314610
9.702000,-0.001280,0.371700,4.768070,220.660840,-323.807400,60656.136720,,3.518370,-399.312740
9.704000,-0.073060,0.634460,5.608890,220.676970,-323.807190,60324.964840,1.000000,3.499150,-399.312040
9.706000,0.130740,1.027950,6.162600,220.691820,-323.806490,60639.257810,,3.370970,-399.313170
9.708000,0.467830,1.377870,6.880370,220.706570,-323.805970,61015.781250,,3.336360,-399.315280
9.710000,0.757510,1.353520,6.429200,220.722850,-323.806000,60574.925780,,3.327390,-399.317350
9.712000,0.897220,1.049740,5.937010,220.740950,-323.806240,60987.308590,1.000000,3.363280,-399.318390
9.714000,0.769040,0.575500,5.567870,220.760470,-323.806430,60699.378910,,3.356870,-399.317870
9.716000,0.528080,0.137150,4.173340,220.780430,-323.806950,60950.390630,,3.479920,-399.316190
9.718000,0.233280,-0.099980,3.691410,220.799680,-323.807310,61059.023440,,3.542720,-399.314030
9.720000,-0.033330,-0.106380,4.727050,220.817320,-323.807130,60777.425780,1.000000,3.474790,-399.311950
9.722000,-0.160220,0.214050,5.311520,220.832860,-323.806950,60997.851560,,3.491460,-399.311000
9.724000,-0.007690,0.699830,5.619140,220.846890,-323.806490,60665.628910,,3.382510,-399.311890
9.726000,0.320430,1.142030,5.865230,220.860670,-323.806150,60882.894530,,3.346620,-399.314030
9.728000,0.643430,1.257390,5.690920,220.875730,-323.806150,60375.589840,1.000000,3.319700,-399.316380
9.730000,0.826720,1.081790,4.880860,220.892650,-323.806400,60745.785160,,3.360720,-399.317900
9.732000,0.733150,0.724180,4.040040,220.911120,-323.806640,60275.390630,,3.368410,-399.317780
9.734000,0.461430,0.372990,3.486330,220.930250,-323.807100,60739.460940,,3.476070,-399.316220
9.736000,0.166630,0.205080,3.588870,220.948850,-323.807400,60602.347660,1.000000,3.536320,-399.314150
9.738000,-0.042300,0.256350,4.542480,220.966160,-323.807340,60611.835940,,3.519650,-399.312440
9.740000,-0.052550,0.603700,5.752440,220.981700,-323.807070,60443.089840,,3.486330,-399.312100
9.742000,0.199950,1.049740,6.541990,220.996150,-323.806340,60281.722660,,3.355590,-399.313540
9.744000,0.542180,1.375310,6.593260,221.010770,-323.805940,60544.339840,1.000000,3.323550,-399.315730
9.746000,0.811340,1.298400,7.105960,221.027150,-323.806060,60300.707030,,3.342770,-399.317690
9.748000,0.895940,1.002320,6.008790,221.045270,-323.806240,60931.410160,,3.359440,-399.318420
9.750000,0.722900,0.530640,5.024410,221.064700,-323.806490,60847.031250,,3.360720,-399.317570
9.750000,0.722900,0.530640,5.024410,221.064700,-323.806490,60847.031250,,3.360720,-399.317570
9.752000,0.474240,0.157650,4.173340,221.084300,-323.807070,61157.113280,1.000000,3.519650,-399.315730
9.754000,0.167910,-0.024350,3.834960,221.103100,-323.807310,60816.445310,,3.511960,-399.313510
9.756000,-0.083310,0.034610,4.409180,221.120190,-323.807100,61067.460940,,3.482480,-399.311550
9.758000,-0.155090,0.410160,5.393550,221.135350,-323.806880,60862.859380,,3.470950,-399.310940
9.760000,0.048710,0.884400,5.721680,221.149310,-323.806430,60784.808590,1.000000,3.363280,-399.312190
9.762000,0.392210,1.262510,5.475590,221.163270,-323.806180,60876.562500,,3.331240,-399.314510
9.764000,0.693420,1.297120,5.752440,221.178820,-323.806240,60785.859380,,3.328670,-399.316710
9.766000,0.830570,1.080510,4.778320,221.196150,-323.806490,60779.535160,,3.360720,-399.317960
9.768000,0.679320,0.690860,3.701660,221.214920,-323.806760,60495.820310,1.000000,3.374820,-399.317470
9.770000,0.401180,0.356320,3.322270,221.234100,-323.807190,60628.714840,,3.506840,-399.315730
9.772000,0.116640,0.206360,3.958010,221.252620,-323.807400,60093.988280,,3.522220,-399.313690
9.774000,-0.064090,0.289670,4.778320,221.269780,-323.807310,60607.621090,,3.511960,-399.312160
9.776000,-0.020510,0.644710,6.326660,221.285200,-323.806880,60542.230470,1.000000,3.463260,-399.312230
9.778000,0.267880,1.061280,6.583010,221.299700,-323.806180,60541.175780,,3.329960,-399.313900
9.780000,0.607540,1.297120,6.244630,221.314740,-323.805910,60645.589840,,3.320980,-399.316160
9.782000,0.849790,1.127930,6.829100,221.331760,-323.806090,60461.019530,,3.346620,-399.317900
9.784000,0.872860,0.762630,6.080570,221.350400,-323.806340,60592.859380,1.000000,3.341490,-399.318300
9.786000,0.671630,0.276860,4.819340,221.370100,-323.806610,60705.707030,,3.387630,-399.317170
9.788000,0.414000,-0.028200,4.060550,221.389600,-323.807190,61210.902340,,3.531190,-399.315250
9.790000,0.115360,-0.149960,4.019530,221.407930,-323.807310,60844.925780,,3.491460,-399.313020
9.792000,-0.114070,0.021790,4.583500,221.424380,-323.807070,61032.664060,1.000000,3.486330,-399.311280
9.794000,-0.123050,0.471680,5.332030,221.438870,-323.806790,60610.785160,,3.446590,-399.311040
9.796000,0.112790,0.995910,5.588380,221.452350,-323.806340,60874.453130,,3.353030,-399.312590
9.798000,0.460140,1.358640,5.414060,221.466280,-323.806120,60831.210940,,3.315860,-399.314940
9.800000,0.731870,1.333010,5.557620,221.481990,-323.806270,60813.281250,1.000000,3.332520,-399.317050
9.802000,0.807500,1.080510,4.409180,221.499600,-323.806490,60997.851560,,3.346620,-399.317930
9.804000,0.611390,0.663940,3.619630,221.518600,-323.806790,60877.621090,,3.387630,-399.317110
9.806000,0.331970,0.375550,3.332520,221.537780,-323.807280,60964.105470,,3.517090,-399.315310
9.808000,0.071780,0.260190,4.286130,221.556170,-323.807460,60424.105470,1.000000,3.508120,-399.313320
9.810000,-0.070500,0.403750,5.147460,221.573040,-323.807340,60546.445310,,3.518370,-399.312100
9.812000,0.026920,0.785710,6.142090,221.588300,-323.806790,60180.468750,,3.420960,-399.312560
9.814000,0.342220,1.195860,6.777830,221.602830,-323.806150,60507.421880,,3.327390,-399.314450
9.816000,0.667790,1.367610,6.665040,221.618180,-323.805940,60478.949220,1.000000,3.328670,-399.316650
9.818000,0.877990,1.162540,6.101070,221.635420,-323.806180,60500.039060,,3.344060,-399.318180
9.820000,0.844670,0.781860,5.916500,221.654210,-323.806370,60693.046880,,3.350460,-399.318210
9.822000,0.617800,0.324280,4.860350,221.673840,-323.806700,59655.238280,,3.411990,-399.316860
9.824000,0.347350,0.047420,3.629880,221.693150,-323.807310,60541.175780,1.000000,3.537600,-399.314790
9.826000,0.060240,-0.039730,4.286130,221.711240,-323.807220,60564.378910,,3.482480,-399.312590
9.828000,-0.138430,0.161500,5.024410,221.727450,-323.807040,61012.621090,,3.485050,-399.311130
9.830000,-0.084590,0.598570,5.280760,221.741930,-323.806700,60630.824220,,3.420960,-399.311310
9.832000,0.189700,1.070250,5.865230,221.755650,-323.806300,62142.187500,1.000000,3.349180,-399.313110
9.834000,0.533200,1.318910,5.619140,221.770130,-323.806180,60774.257810,,3.323550,-399.315490
9.836000,0.770320,1.222780,4.932130,221.786420,-323.806340,60778.476560,,3.345340,-399.317410
9.838000,0.792110,0.943360,4.593750,221.804350,-323.806610,60989.417970,,3.360720,-399.317960
9.840000,0.556270,0.565250,3.681150,221.823320,-323.806880,60794.300780,1.000000,3.428650,-399.316860
9.842000,0.271730,0.329410,2.983890,221.842190,-323.807340,60906.097660,,3.524780,-399.314910
9.844000,0.030760,0.281980,4.593750,221.860110,-323.807400,60629.769530,,3.518370,-399.312990
9.846000,-0.076900,0.520390,5.496090,221.876340,-323.807190,60918.753910,,3.514530,-399.312040
9.848000,0.079470,0.926700,6.019040,221.891170,-323.806580,60296.488280,1.000000,3.385070,-399.312870
9.850000,0.414000,1.320190,6.685550,221.905700,-323.806000,60503.203130,,3.336360,-399.314910
9.852000,0.720340,1.375310,6.736820,221.921550,-323.805940,59081.488280,,3.322270,-399.317050
9.854000,0.889530,1.097170,6.039550,221.939350,-323.806210,60414.609380,,3.350460,-399.318330
9.856000,0.798520,0.657530,5.916500,221.958600,-323.806370,60416.722660,1.000000,3.356870,-399.318020
9.858000,0.563960,0.208920,4.511720,221.978450,-323.806820,60659.300780,,3.442750,-399.316500
9.860000,0.281980,-0.025630,3.496580,221.997700,-323.807310,60688.832030,,3.549130,-399.314390
9.862000,0.010250,-0.073060,4.675780,222.015580,-323.807160,60442.031250,,3.469670,-399.312290
9.864000,-0.156370,0.189700,5.342290,222.031400,-323.807010,60527.468750,1.000000,3.497860,-399.311070
9.866000,-0.044860,0.653690,5.578130,222.045620,-323.806580,60511.644530,,3.397890,-399.311650
9.868000,0.256350,1.117680,5.824220,222.059360,-323.806210,60978.867190,,3.347900,-399.313690
9.870000,0.594730,1.294560,5.742190,222.074130,-323.806150,60698.324220,,3.323550,-399.316040
9.872000,0.804930,1.152280,4.911620,222.090770,-323.806370,61052.699220,1.000000,3.350460,-399.317750
9.874000,0.765200,0.804930,4.286130,222.109100,-323.806580,60759.496090,,3.367130,-399.317960
9.876000,0.505000,0.422970,3.445310,222.128300,-323.806980,61219.339840,,3.449160,-399.316590
9.878000,0.211490,0.215330,3.240230,222.147090,-323.807370,60843.867190,,3.535030,-399.314540
9.880000,-0.010250,0.203800,4.655270,222.164780,-323.807370,60856.527340,1.000000,3.517090,-399.312710
9.882000,-0.070500,0.503720,5.742190,222.180650,-323.807160,60756.332030,,3.499150,-399.312070
9.884000,0.143550,0.947200,6.265140,222.195140,-323.806460,60552.777340,,3.368410,-399.313260
9.886000,0.485780,1.345830,6.788090,222.209470,-323.805940,60780.585940,,3.331240,-399.315400
9.888000,0.772890,1.350950,6.624020,222.225360,-323.806000,60369.257810,1.000000,3.333800,-399.317440
9.890000,0.899780,1.097170,6.090820,222.243060,-323.806240,60706.761720,,3.367130,-399.318450
9.892000,0.757510,0.665220,5.250000,222.262150,-323.806430,60283.828130,,3.358150,-399.317810
9.894000,0.517820,0.258910,4.368160,222.281690,-323.806950,60539.062500,,3.485050,-399.316130
9.896000,0.219180,0.051270,3.742680,222.300550,-323.807310,60584.417970,1.000000,3.537600,-399.313930
9.898000,-0.042300,0.071780,4.378420,222.317950,-323.807100,60594.964840,,3.473510,-399.311890
9.900000,-0.160220,0.389650,5.321780,222.333500,-323.806880,60617.113280,,3.490170,-399.311000
9.902000,0.001280,0.821590,5.793460,222.347750,-323.806490,60362.933590,,3.377380,-399.311950
9.904000,0.326840,1.213810,5.588380,222.361880,-323.806180,60568.593750,1.000000,3.349180,-399.314090
9.906000,0.639590,1.289430,5.547360,222.377300,-323.806210,60359.769530,,3.322270,-399.316410
9.908000,0.812620,1.090760,4.973140,222.394530,-323.806460,62038.828130,,3.365840,-399.317840
9.910000,0.711360,0.726750,3.722170,222.413220,-323.806670,60809.062500,,3.368410,-399.317690
9.912000,0.444760,0.370420,3.353030,222.432500,-323.807130,60997.851560,1.000000,3.482480,-399.316160
9.914000,0.160220,0.196110,3.599120,222.451200,-323.807370,60986.250000,,3.533750,-399.314090
9.916000,-0.041020,0.249940,4.480960,222.468580,-323.807340,60887.113280,,3.519650,-399.312440
9.918000,-0.039730,0.596010,5.721680,222.484130,-323.807040,60791.136720,,3.486330,-399.312190
9.920000,0.219180,1.035640,6.583010,222.498580,-323.806210,60646.640630,1.000000,3.338930,-399.313690
9.922000,0.557560,1.338130,6.326660,222.513310,-323.805880,60847.031250,,3.319700,-399.315890
9.924000,0.813900,1.233030,6.603520,222.529850,-323.806060,60737.347660,,3.338930,-399.317720
9.926000,0.884400,0.895940,6.131840,222.548170,-323.806270,60736.292970,,3.346620,-399.318390
9.928000,0.703670,0.410160,4.911620,222.567750,-323.806520,60440.980470,1.000000,3.364560,-399.317470
9.930000,0.462710,0.051270,4.111820,222.587400,-323.807130,60778.476560,,3.511960,-399.315640
9.932000,0.160220,-0.117920,4.122070,222.606050,-323.807310,59220.707030,,3.508120,-399.313450
9.934000,-0.083310,-0.016660,4.747560,222.622960,-323.807100,60449.414060,,3.478640,-399.311550
9.936000,-0.147400,0.390930,5.403810,222.637770,-323.806880,60447.308590,1.000000,3.468380,-399.311000
9.938000,0.055110,0.907470,5.947270,222.651430,-323.806400,60502.152340,,3.355590,-399.312290
9.940000,0.399900,1.304810,5.526860,222.665210,-323.806180,60569.648440,,3.328670,-399.314580
9.942000,0.697270,1.326600,5.598630,222.680620,-323.806270,60397.738280,,3.329960,-399.316770
9.944000,0.825440,1.124080,5.055180,222.697850,-323.806490,60629.769530,1.000000,3.346620,-399.317960
9.946000,0.671630,0.744690,3.711910,222.716510,-323.806730,60710.980470,,3.368410,-399.317410
9.948000,0.389650,0.435790,3.240230,222.735550,-323.807190,61250.980470,,3.501710,-399.315700
9.950000,0.108950,0.305050,4.040040,222.753920,-323.807430,60860.746090,,3.510680,-399.313660
9.952000,-0.067930,0.406310,4.675780,222.770950,-323.807340,61082.226560,1.000000,3.506840,-399.312160
9.954000,-0.015380,0.761350,5.885740,222.786350,-323.806950,60821.722660,,3.455570,-399.312290
9.956000,0.279420,1.163820,6.429200,222.800900,-323.806210,60868.128910,,3.323550,-399.314000
9.958000,0.616520,1.385560,6.285640,222.816060,-323.805940,60868.128910,,3.323550,-399.316220
9.960000,0.853640,1.200990,6.583010,222.833100,-323.806150,60784.808590,1.000000,3.342770,-399.317960
9.960000,0.853640,1.200990,6.583010,222.833100,-323.806150,60784.808590,1.000000,3.342770,-399.317960
9.962000,0.874150,0.833130,5.926760,222.851810,-323.806370,61007.347660,,3.342770,-399.318330
9.964000,0.670350,0.334530,4.829590,222.871580,-323.806610,60664.570310,,3.386350,-399.317170
9.966000,0.411440,0.005130,3.988770,222.891250,-323.807220,60869.179690,,3.529910,-399.315190
9.968000,0.106380,-0.158940,4.286130,222.909850,-323.807310,60451.527340,1.000000,3.488890,-399.312960
9.970000,-0.121770,-0.021790,4.850100,222.926540,-323.807070,60743.671880,,3.481200,-399.311220
9.972000,-0.120480,0.387080,5.311520,222.941330,-323.806790,60234.265630,,3.440190,-399.311040
9.974000,0.123050,0.877990,5.926760,222.955090,-323.806340,60615.003910,,3.349180,-399.312650
9.976000,0.471680,1.198430,5.885740,222.969300,-323.806180,60481.054690,1.000000,3.323550,-399.315030
9.978000,0.742130,1.153560,5.239750,222.985230,-323.806340,60697.265630,,3.336360,-399.317110
9.980000,0.815190,0.911320,4.921880,223.002850,-323.806580,60750.003910,,3.353030,-399.317960
9.982000,0.610110,0.540890,3.947750,223.021620,-323.806850,59721.679690,,3.394040,-399.317080
9.984000,0.326840,0.310180,2.922360,223.040420,-323.807280,60792.191410,1.000000,3.518370,-399.315220
9.986000,0.064090,0.256350,4.409180,223.058300,-323.807400,60676.175780,,3.505550,-399.313230
9.988000,-0.074340,0.469120,5.332030,223.074650,-323.807280,61113.867190,,3.513240,-399.312010
9.990000,0.030760,0.893370,5.937010,223.089430,-323.806730,60652.972660,,3.409420,-399.312560
9.992000,0.351200,1.321470,6.624020,223.103700,-323.806090,62199.144530,1.000000,3.327390,-399.314480
9.994000,0.672910,1.477840,6.500980,223.119000,-323.805940,60832.265630,,3.327390,-399.316650
9.996000,0.870300,1.253540,5.978030,223.136320,-323.806210,60810.121090,,3.338930,-399.318120
9.998000,0.831850,0.854920,5.721680,223.155240,-323.806400,60891.332030,,3.350460,-399.318120
10.000000,0.606260,0.365300,4.860350,223.175090,-323.806760,60951.453130,1.000000,3.413270,-399.316740
10.000000,0.606260,0.365300,4.860350,223.175090,-323.806760,60951.453130,1.000000,3.413270,-399.316740
10.002000,0.335820,0.076900,3.670900,223.194580,-323.807340,60995.746090,,3.540160,-399.314730
10.004000,0.049990,-0.003850,4.491210,223.212800,-323.807220,60598.128910,,3.479920,-399.312530
10.006000,-0.144840,0.192260,5.291020,223.229100,-323.807040,60876.562500,,3.486330,-399.311100
10.008000,-0.078190,0.637020,5.424320,223.243620,-323.806700,60415.664060,1.000000,3.417110,-399.311370
10.010000,0.199950,1.112550,5.875490,223.257370,-323.806300,60681.453130,,3.349180,-399.313230
10.012000,0.544740,1.350950,6.101070,223.271930,-323.806150,59305.078130,,3.319700,-399.315610
10.014000,0.786990,1.252260,5.188480,223.288270,-323.806340,60484.222660,,3.344060,-399.317540
10.016000,0.802370,0.935670,4.593750,223.306320,-323.806580,60736.292970,1.000000,3.359440,-399.318050
10.018000,0.557560,0.539610,3.732420,223.325420,-323.806920,60739.460940,,3.427370,-399.316860
10.020000,0.265320,0.292240,3.065920,223.344380,-323.807340,60704.648440,,3.526060,-399.314880
10.022000,0.023070,0.228150,4.583500,223.362350,-323.807400,60424.105470,,3.511960,-399.312930
10.024000,-0.080750,0.448610,5.598630,223.378690,-323.807190,60785.859380,1.000000,3.508120,-399.312010
10.026000,0.084590,0.840820,6.060060,223.393570,-323.806580,60574.925780,,3.382510,-399.312900
10.028000,0.424260,1.233030,6.449710,223.408080,-323.806030,60973.597660,,3.337650,-399.314970
10.030000,0.730590,1.286870,6.634280,223.423830,-323.805970,60757.386720,,3.327390,-399.317110
10.032000,0.901060,1.042050,6.039550,223.441480,-323.806240,61126.527340,1.000000,3.356870,-399.318390
10.034000,0.804930,0.630620,5.444820,223.460490,-323.806400,60959.886720,,3.355590,-399.318050
10.036000,0.565250,0.193540,4.573240,223.480150,-323.806880,60959.886720,,3.451720,-399.316470
10.038000,0.276860,-0.020510,3.537600,223.499180,-323.807340,61016.839840,,3.554260,-399.314330
10.040000,0.000000,-0.039730,4.357910,223.516750,-323.807160,60694.105470,1.000000,3.470950,-399.312160
10.042000,-0.158940,0.261470,5.147460,223.532320,-323.806980,60933.519530,,3.501710,-399.311000
10.044000,-0.043580,0.733150,5.557620,223.546430,-323.806550,60488.437500,,3.397890,-399.311610
10.046000,0.267880,1.183040,5.639650,223.560150,-323.806210,60696.214840,,3.350460,-399.313690
10.048000,0.601140,1.345830,5.619140,223.575000,-323.806180,60496.882810,1.000000,3.324830,-399.316040
10.050000,0.810060,1.194580,4.962890,223.591750,-323.806400,60745.785160,,3.355590,-399.317750
10.052000,0.762630,0.851070,4.081050,223.610080,-323.806610,60212.113280,,3.368410,-399.317900
10.054000,0.497310,0.476810,3.517090,223.629270,-323.807010,60525.351560,,3.453000,-399.316470
10.056000,0.203800,0.270450,3.506840,223.648100,-323.807370,60572.816410,1.000000,3.541440,-399.314450
10.058000,-0.016660,0.276860,4.573240,223.665760,-323.807370,60582.308590,,3.519650,-399.312620
10.060000,-0.067930,0.574220,5.701170,223.681660,-323.807130,60458.910160,,3.500430,-399.312070
10.062000,0.157650,0.992070,6.685550,223.696300,-323.806430,60330.238280,,3.369690,-399.313290
10.064000,0.497310,1.338130,6.634280,223.710950,-323.805940,60620.273440,1.000000,3.332520,-399.315460
10.064000,0.497310,1.338130,6.634280,223.710950,-323.805940,60620.273440,1.000000,3.332520,-399.315460
10.066000,0.780580,1.297120,6.572750,223.727170,-323.806000,60488.437500,,3.338930,-399.317470
10.068000,0.899780,0.993350,6.418950,223.745250,-323.806210,61219.339840,,3.365840,-399.318420
10.070000,0.753660,0.515260,5.167970,223.764720,-323.806430,60805.902340,,3.358150,-399.317780
10.072000,0.515260,0.105100,4.163090,223.784500,-323.806980,61033.714840,1.000000,3.492740,-399.316040
10.074000,0.210210,-0.099980,3.845210,223.803420,-323.807310,60919.804690,,3.533750,-399.313810
10.076000,-0.051270,-0.056400,4.275880,223.820680,-323.807100,60905.039060,,3.472230,-399.311770
10.078000,-0.161500,0.305050,5.250000,223.835850,-323.806880,60774.257810,,3.491460,-399.310940
10.080000,0.008970,0.801090,6.070310,223.849620,-323.806490,60785.859380,1.000000,3.376100,-399.311950
10.082000,0.340940,1.239440,5.639650,223.863300,-323.806180,60941.957030,,3.347900,-399.314150
10.084000,0.658810,1.331730,5.578130,223.878360,-323.806210,60608.671880,,3.327390,-399.316470
10.086000,0.833130,1.153560,5.137210,223.895290,-323.806460,60751.054690,,3.362000,-399.317930
10.088000,0.719060,0.792110,3.681150,223.913800,-323.806670,60498.988280,1.000000,3.370970,-399.317690
10.090000,0.442200,0.438350,3.127440,223.932920,-323.807100,60654.023440,,3.483760,-399.316040
10.092000,0.147400,0.273010,4.111820,223.951510,-323.807370,60354.496090,,3.527340,-399.313960
10.094000,-0.053830,0.325560,4.624510,223.968860,-323.807310,60466.292970,,3.513240,-399.312290
10.096000,-0.046140,0.661380,5.721680,223.984480,-323.807010,60495.820310,1.000000,3.479920,-399.312100
10.098000,0.220460,1.080510,6.839360,223.999050,-323.806270,60505.316410,,3.346620,-399.313600
10.100000,0.562680,1.370180,6.429200,224.013950,-323.805940,60615.003910,,3.323550,-399.315860
10.102000,0.829280,1.248410,6.480470,224.030650,-323.806090,60424.105470,,3.347900,-399.317750
10.104000,0.895940,0.904910,6.234380,224.049070,-323.806300,60640.316410,1.000000,3.350460,-399.318420
10.106000,0.711360,0.425540,5.065430,224.068700,-323.806550,60655.078130,,3.370970,-399.317440
10.108000,0.457580,0.073060,3.896480,224.088350,-323.807130,61101.210940,,3.522220,-399.315580
10.110000,0.151250,-0.093570,4.081050,224.107030,-323.807310,60814.339840,,3.501710,-399.313320
10.112000,-0.094850,-0.005130,4.604000,224.123990,-323.807070,61140.234380,1.000000,3.483760,-399.311460
10.114000,-0.147400,0.384520,5.106450,224.138950,-323.806850,60823.828130,,3.463260,-399.310940
10.116000,0.069210,0.877990,5.711430,224.152730,-323.806370,60805.902340,,3.355590,-399.312290
10.118000,0.419130,1.254820,5.701170,224.166660,-323.806150,60993.632810,,3.326110,-399.314640
10.120000,0.715210,1.275330,5.608890,224.182210,-323.806270,60853.363280,1.000000,3.329960,-399.316830
10.122000,0.830570,1.049740,4.819340,224.199550,-323.806490,61032.664060,,3.354310,-399.317960
10.124000,0.661380,0.675480,3.814450,224.218250,-323.806760,60706.761720,,3.377380,-399.317350
10.126000,0.378110,0.396060,2.983890,224.237180,-323.807220,60914.535160,,3.509400,-399.315580
10.128000,0.097410,0.297360,4.050290,224.255360,-323.807400,60365.042970,1.000000,3.510680,-399.313510
10.130000,-0.073060,0.439640,4.962890,224.272130,-323.807310,60525.351560,,3.508120,-399.312070
10.132000,-0.010250,0.828000,5.978030,224.287250,-323.806880,60010.664060,,3.449160,-399.312290
10.134000,0.292240,1.250980,6.521480,224.301610,-323.806180,60159.375000,,3.327390,-399.314060
10.136000,0.630620,1.468870,6.777830,224.316700,-323.805940,60224.765630,1.000000,3.329960,-399.316310
10.138000,0.862610,1.290710,6.347170,224.333680,-323.806150,60399.843750,,3.342770,-399.317960
10.140000,0.871580,0.944640,5.988280,224.352250,-323.806340,60694.105470,,3.342770,-399.318270
10.142000,0.656250,0.457580,5.208980,224.371920,-323.806640,60408.281250,,3.395320,-399.317080
10.144000,0.393490,0.135860,3.793950,224.391400,-323.807250,60750.003910,1.000000,3.531190,-399.315060
10.146000,0.093570,0.011540,4.419430,224.409810,-323.807280,60664.570310,,3.486330,-399.312840
10.148000,-0.125610,0.162780,5.085940,224.426410,-323.807040,61136.019530,,3.483760,-399.311190
10.150000,-0.114070,0.566530,5.332030,224.441190,-323.806760,60654.023440,,3.436340,-399.311100
10.152000,0.138430,1.024110,5.783200,224.455090,-323.806340,61133.910160,1.000000,3.350460,-399.312740
10.154000,0.485780,1.307370,6.029300,224.469530,-323.806150,61003.128910,,3.320980,-399.315120
10.156000,0.752380,1.231750,5.167970,224.485750,-323.806340,60828.054690,,3.335080,-399.317170
10.158000,0.817750,0.943360,4.583500,224.503680,-323.806580,61078.011720,,3.351750,-399.317990
10.160000,0.606260,0.529360,3.896480,224.522800,-323.806850,60965.156250,1.000000,3.403020,-399.317080
10.162000,0.319150,0.256350,3.014650,224.541930,-323.807310,60844.925780,,3.520940,-399.315190
10.164000,0.057680,0.165340,4.265630,224.560150,-323.807430,60520.078130,,3.509400,-399.313170
10.166000,-0.080750,0.348630,5.629390,224.576720,-323.807250,60840.710940,,3.513240,-399.312010
10.168000,0.037170,0.757510,5.978030,224.591640,-323.806700,60182.582030,1.000000,3.405580,-399.312590
10.170000,0.362730,1.177920,6.500980,224.605970,-323.806090,60536.957030,,3.331240,-399.314510
10.172000,0.685730,1.322750,6.972660,224.621320,-323.805970,60237.421880,,3.331240,-399.316710
10.174000,0.885680,1.103580,6.306150,224.638630,-323.806210,60314.417970,,3.344060,-399.318210
10.176000,0.839540,0.717770,5.813960,224.657390,-323.806370,60485.273440,1.000000,3.353030,-399.318180
10.178000,0.608830,0.255070,5.014160,224.677030,-323.806760,60677.226560,,3.419680,-399.316740
10.180000,0.330690,0.008970,3.814450,224.696150,-323.807310,60818.554690,,3.541440,-399.314640
10.182000,0.044860,-0.043580,4.306640,224.713970,-323.807190,60477.894530,,3.474790,-399.312440
10.184000,-0.148680,0.210210,5.219240,224.729830,-323.807040,60625.550780,1.000000,3.488890,-399.311040
10.186000,-0.078190,0.690860,5.403810,224.743970,-323.806670,60567.542970,,3.415830,-399.311310
10.188000,0.203800,1.189450,5.629390,224.757480,-323.806300,61017.894530,,3.347900,-399.313200
10.190000,0.551150,1.427860,5.711430,224.771900,-323.806180,60686.722660,,3.327390,-399.315610
10.192000,0.786990,1.336850,4.921880,224.788180,-323.806370,61099.105470,1.000000,3.345340,-399.317500
10.194000,0.793400,1.027950,4.070800,224.806200,-323.806610,60948.281250,,3.362000,-399.317960
10.196000,0.540890,0.633180,3.588870,224.825270,-323.806920,60983.089840,,3.429930,-399.316740
10.198000,0.253780,0.397340,3.147950,224.844220,-323.807340,60831.210940,,3.526060,-399.314790
10.200000,0.015380,0.347350,4.439940,224.862150,-323.807370,60682.503910,1.000000,3.514530,-399.312870
10.202000,-0.076900,0.580630,5.701170,224.878450,-323.807190,60855.476560,,3.505550,-399.312010
10.204000,0.101260,0.971560,6.367680,224.893370,-323.806550,60489.500000,,3.382510,-399.312990
10.206000,0.439640,1.340700,6.521480,224.908000,-323.805970,60642.421880,,3.337650,-399.315060
10.208000,0.743410,1.354800,6.593260,224.924030,-323.805970,60663.519530,1.000000,3.327390,-399.317200
10.210000,0.904910,1.065120,6.418950,224.941960,-323.806240,60677.226560,,3.359440,-399.318390
10.212000,0.794680,0.594730,5.465330,224.961320,-323.806370,60438.875000,,3.358150,-399.317990
10.214000,0.557560,0.133300,4.409180,224.981250,-323.806880,60372.425780,,3.455570,-399.316380
10.216000,0.261470,-0.115360,3.978520,225.000520,-323.807310,60591.800780,1.000000,3.549130,-399.314210
10.218000,-0.010250,-0.128170,4.460450,225.018200,-323.807130,60613.949220,,3.467100,-399.312070
10.220000,-0.166630,0.178160,5.096190,225.033750,-323.806950,60681.453130,,3.500430,-399.310940
10.222000,-0.035890,0.671630,5.937010,225.047740,-323.806520,60408.281250,,3.394040,-399.311680
10.224000,0.278140,1.130490,5.629390,225.061370,-323.806210,60669.843750,1.000000,3.350460,-399.313750
10.226000,0.612670,1.279170,5.383300,225.076200,-323.806180,60572.816410,,3.328670,-399.316130
10.228000,0.816470,1.131770,5.291020,225.092880,-323.806400,62026.171880,,3.356870,-399.317810
10.230000,0.756230,0.806210,3.927250,225.111130,-323.806610,60873.402340,,3.367130,-399.317870
10.232000,0.490910,0.449890,3.188960,225.130160,-323.807010,60857.582030,1.000000,3.456850,-399.316440
10.234000,0.192260,0.275570,3.640140,225.148770,-323.807370,61075.902340,,3.537600,-399.314360
10.236000,-0.026920,0.297360,4.439940,225.166230,-323.807340,60918.753910,,3.514530,-399.312560
10.238000,-0.066650,0.615230,5.485840,225.181930,-323.807100,60844.925780,,3.495300,-399.312040
10.240000,0.166630,1.042050,6.675290,225.196470,-323.806370,60663.519530,1.000000,3.365840,-399.313320
10.242000,0.507570,1.385560,6.490720,225.211070,-323.805940,61010.511720,,3.331240,-399.315520
10.244000,0.788270,1.329160,6.357420,225.227360,-323.806030,60610.785160,,3.340210,-399.317540
10.246000,0.899780,1.022830,6.265140,225.245450,-323.806240,60790.085940,,3.362000,-399.318450
10.248000,0.744690,0.552430,5.034670,225.264850,-323.806460,60445.195310,1.000000,3.356870,-399.317720
10.250000,0.502440,0.160220,3.875980,225.284550,-323.807010,60702.542970,,3.494020,-399.315980
10.250000,0.502440,0.160220,3.875980,225.284550,-323.807010,60702.542970,,3.494020,-399.315980
10.252000,0.201230,-0.028200,4.173340,225.303450,-323.807280,60571.761720,,3.523500,-399.313750
10.254000,-0.057680,-0.007690,4.501460,225.320770,-323.807100,60312.308590,,3.472230,-399.311740
10.256000,-0.160220,0.339660,5.219240,225.336110,-323.806880,60455.746090,1.000000,3.483760,-399.310940
10.258000,0.016660,0.808780,6.244630,225.350080,-323.806460,60505.316410,,3.365840,-399.312010
10.260000,0.353760,1.216370,5.906250,225.363950,-323.806210,60695.160160,,3.346620,-399.314240
10.262000,0.667790,1.285580,5.444820,225.379230,-323.806240,60501.097660,,3.327390,-399.316530
10.264000,0.829280,1.083070,5.229490,225.396330,-323.806490,60735.234380,1.000000,3.358150,-399.317900
10.266000,0.706240,0.712650,4.060550,225.414900,-323.806700,60833.324220,,3.368410,-399.317600
10.268000,0.426820,0.384520,3.147950,225.433930,-323.807160,61187.699220,,3.485050,-399.315980
10.270000,0.140990,0.242250,3.906740,225.452350,-323.807370,60767.933590,,3.518370,-399.313900
10.272000,-0.055110,0.311460,4.604000,225.469500,-323.807310,61417.617190,1.000000,3.504270,-399.312290
10.274000,-0.035890,0.652400,5.506350,225.484920,-323.807010,60915.589840,,3.473510,-399.312160
10.276000,0.238400,1.068970,6.429200,225.499400,-323.806210,60763.714840,,3.333800,-399.313720
10.278000,0.575500,1.339420,6.593260,225.514280,-323.805940,60864.964840,,3.315860,-399.315950
10.280000,0.830570,1.206120,6.367680,225.531020,-323.806120,60809.062500,1.000000,3.346620,-399.317780
10.282000,0.883120,0.875430,5.752440,225.549450,-323.806340,60971.488280,,3.340210,-399.318360
10.284000,0.694700,0.397340,5.116700,225.569030,-323.806580,60678.281250,,3.369690,-399.317350
10.286000,0.440920,0.066650,3.773440,225.588550,-323.807190,60784.808590,,3.523500,-399.315460
10.288000,0.137150,-0.085880,3.999020,225.607100,-323.807310,60337.621090,1.000000,3.494020,-399.313230
10.290000,-0.099980,0.032040,4.993650,225.623870,-323.807070,60635.039060,,3.483760,-399.311400
10.292000,-0.142270,0.451170,5.291020,225.638660,-323.806850,60170.980470,,3.455570,-399.310970
10.294000,0.076900,0.957460,5.742190,225.652330,-323.806400,60247.972660,,3.353030,-399.312380
10.296000,0.424260,1.333010,6.101070,225.666280,-323.806150,60467.347660,1.000000,3.315860,-399.314730
10.298000,0.717770,1.322750,5.455080,225.682010,-323.806300,60627.656250,,3.326110,-399.316890
10.300000,0.833130,1.068970,4.675780,225.699520,-323.806520,60800.625000,,3.346620,-399.317990
10.302000,0.657530,0.660100,3.865720,225.718510,-323.806790,60473.671880,,3.373540,-399.317350
10.304000,0.370420,0.355040,2.973630,225.737670,-323.807250,60802.738280,1.000000,3.505550,-399.315550
10.306000,0.088440,0.225590,3.824710,225.756120,-323.807460,60698.324220,,3.505550,-399.313480
10.308000,-0.076900,0.348630,5.157710,225.773070,-323.807310,60887.113280,,3.505550,-399.312070
10.310000,-0.005130,0.731870,5.937010,225.788330,-323.806880,60638.207030,,3.437620,-399.312320
10.312000,0.303770,1.159970,6.213870,225.802700,-323.806210,60810.121090,1.000000,3.326110,-399.314150
10.314000,0.642150,1.377870,6.757320,225.817790,-323.805970,60862.859380,,3.324830,-399.316410
10.316000,0.870300,1.200990,6.244630,225.834780,-323.806180,60748.949220,,3.342770,-399.318050
10.318000,0.871580,0.834410,5.834470,225.853380,-323.806400,60974.656250,,3.338930,-399.318300
10.320000,0.653690,0.371700,5.270510,225.872960,-323.806670,61088.558590,1.000000,3.396610,-399.317050
10.322000,0.384520,0.074340,3.855470,225.892240,-323.807280,61113.867190,,3.523500,-399.315030
10.324000,0.084590,-0.028200,4.060550,225.910450,-323.807280,60739.460940,,3.481200,-399.312740
10.326000,-0.138430,0.143550,5.208980,225.926800,-323.807040,60819.613280,,3.478640,-399.311100
10.328000,-0.111510,0.570370,5.198730,225.941380,-323.806760,59451.679690,1.000000,3.429930,-399.311100
10.330000,0.143550,1.042050,5.506350,225.955080,-323.806370,60688.832030,,3.351750,-399.312770
10.332000,0.494750,1.327880,6.039550,225.969410,-323.806210,60842.816410,,3.324830,-399.315190
10.334000,0.758790,1.256100,5.250000,225.985470,-323.806370,60260.625000,,3.336360,-399.317230
10.336000,0.817750,0.992070,4.286130,226.003250,-323.806610,60619.218750,1.000000,3.353030,-399.317990
10.338000,0.599850,0.590880,4.029790,226.022230,-323.806880,60763.714840,,3.404300,-399.317050
10.340000,0.307620,0.320430,3.240230,226.041230,-323.807310,60704.648440,,3.515810,-399.315120
10.342000,0.048710,0.244810,4.060550,226.059300,-323.807400,60456.800780,,3.506840,-399.313110
10.344000,-0.087160,0.440920,5.342290,226.075820,-323.807250,60721.527340,1.000000,3.506840,-399.311980
10.346000,0.039730,0.833130,6.029300,226.090850,-323.806700,60604.453130,,3.397890,-399.312590
10.348000,0.367860,1.218930,6.377930,226.105380,-323.806060,60899.769530,,3.329960,-399.314610
10.350000,0.693420,1.315060,6.541990,226.121050,-323.805970,60648.753910,,3.327390,-399.316800
10.352000,0.892090,1.051030,6.224120,226.138700,-323.806240,60960.941410,1.000000,3.344060,-399.318270
10.354000,0.835690,0.626770,5.537110,226.157820,-323.806400,60941.957030,,3.350460,-399.318210
10.356000,0.602420,0.157650,4.727050,226.177670,-323.806790,60868.128910,,3.419680,-399.316710
10.358000,0.321720,-0.096130,3.927250,226.196950,-323.807340,61168.714840,,3.544010,-399.314640
10.360000,0.034610,-0.143550,4.224610,226.214840,-323.807190,60860.746090,1.000000,3.470950,-399.312440
10.362000,-0.157650,0.107670,5.075680,226.230700,-323.807040,60948.281250,,3.490170,-399.311040
10.364000,-0.074340,0.578060,5.701170,226.244870,-323.806640,60539.062500,,3.410710,-399.311370
10.366000,0.215330,1.052310,5.629390,226.258470,-323.806270,60713.089840,,3.341490,-399.313290
10.368000,0.562680,1.267640,5.649900,226.272990,-323.806180,60681.453130,1.000000,3.324830,-399.315730
10.370000,0.795960,1.154850,5.352540,226.289400,-323.806370,60750.003910,,3.345340,-399.317600
10.372000,0.793400,0.839540,4.286130,226.307450,-323.806610,60580.199220,,3.362000,-399.317990
10.374000,0.540890,0.462710,3.445310,226.326480,-323.806950,60490.550780,,3.431210,-399.316740
10.376000,0.244810,0.255070,3.568360,226.345230,-323.807370,60647.699220,1.000000,3.528630,-399.314760
10.378000,0.007690,0.251220,4.634770,226.362850,-323.807400,60721.527340,,3.513240,-399.312810
10.380000,-0.085880,0.517820,5.383300,226.378800,-323.807190,60746.839840,,3.501710,-399.311980
10.382000,0.103820,0.963870,6.521480,226.393330,-323.806550,60340.781250,,3.381230,-399.312990
10.384000,0.444760,1.365050,6.541990,226.407650,-323.805970,60567.542970,1.000000,3.333800,-399.315090
10.386000,0.745970,1.384280,6.234380,226.423480,-323.806000,60542.230470,,3.331240,-399.317230
10.388000,0.902340,1.124080,6.357420,226.441150,-323.806240,61187.699220,,3.362000,-399.318390
10.390000,0.789550,0.685730,5.280760,226.460300,-323.806400,60763.714840,,3.351750,-399.317960
10.392000,0.551150,0.244810,4.009280,226.480000,-323.806880,60660.355470,1.000000,3.460690,-399.316350
10.394000,0.255070,0.015380,4.029790,226.499130,-323.807310,60914.535160,,3.545290,-399.314180
10.396000,-0.017940,-0.019230,4.419430,226.516850,-323.807130,60900.824220,,3.464540,-399.312010
10.398000,-0.167910,0.255070,5.034670,226.532580,-323.806950,60911.371090,,3.496580,-399.310940
10.400000,-0.030760,0.702390,5.906250,226.546910,-323.806520,60802.738280,1.000000,3.390200,-399.311710
10.402000,0.287110,1.124080,5.690920,226.560820,-323.806210,60893.441410,,3.345340,-399.313810
10.404000,0.619080,1.245850,5.465330,226.575940,-323.806210,60605.511720,,3.331240,-399.316190
10.406000,0.822880,1.070250,5.198730,226.592900,-323.806430,60704.648440,,3.354310,-399.317840
10.408000,0.754940,0.716490,4.132320,226.611370,-323.806640,60758.437500,1.000000,3.368410,-399.317870
10.410000,0.484500,0.366580,3.209470,226.630490,-323.807040,60781.640630,,3.464540,-399.316410
10.412000,0.187130,0.190980,4.122070,226.649150,-323.807370,60639.257810,,3.535030,-399.314330
10.414000,-0.029480,0.224300,4.706540,226.666580,-323.807310,60437.812500,,3.513240,-399.312530
10.416000,-0.065370,0.549870,5.444820,226.682250,-323.807070,60661.410160,1.000000,3.492740,-399.312040
10.418000,0.175600,0.986940,6.736820,226.696700,-323.806340,60590.746090,,3.358150,-399.313390
10.420000,0.517820,1.324040,6.808590,226.711270,-323.805910,60723.636720,,3.324830,-399.315580
10.422000,0.793400,1.259950,6.306150,226.727600,-323.806060,60369.257810,,3.344060,-399.317540
10.424000,0.898500,0.949770,6.142090,226.745700,-323.806270,60619.218750,1.000000,3.356870,-399.318420
10.426000,0.738280,0.496030,5.332030,226.765080,-323.806490,60594.964840,,3.356870,-399.317690
10.428000,0.493470,0.123050,3.958010,226.784670,-323.807040,60771.097660,,3.504270,-399.315890
10.430000,0.189700,-0.053830,3.937500,226.803450,-323.807310,60771.097660,,3.519650,-399.313660
10.432000,-0.070500,0.000000,4.245120,226.820570,-323.807100,61064.300780,1.000000,3.476070,-399.311650
10.432000,-0.070500,0.000000,4.245120,226.820570,-323.807100,61064.300780,1.000000,3.476070,-399.311650
10.434000,-0.162780,0.376830,5.178220,226.835690,-323.806880,60940.902340,,3.481200,-399.310910
10.436000,0.023070,0.871580,5.937010,226.849500,-323.806460,60761.605470,,3.368410,-399.312040
10.438000,0.360170,1.288150,6.049800,226.863300,-323.806180,61070.628910,,3.336360,-399.314270
10.440000,0.674190,1.357360,5.424320,226.878570,-323.806210,60888.167970,1.000000,3.327390,-399.316590
10.442000,0.831850,1.139470,4.706540,226.895750,-323.806490,60994.695310,,3.351750,-399.317960
10.444000,0.702390,0.761350,4.060550,226.914430,-323.806700,60664.570310,,3.367130,-399.317600
10.446000,0.421690,0.420410,3.178710,226.933580,-323.807160,60888.167970,,3.486330,-399.315920
10.448000,0.132020,0.257630,3.824710,226.952150,-323.807400,60425.160160,1.000000,3.517090,-399.313840
10.450000,-0.062810,0.323000,5.137210,226.969410,-323.807310,60574.925780,,3.509400,-399.312230
10.452000,-0.035890,0.666500,5.967770,226.984890,-323.807010,60219.496090,,3.467100,-399.312160
10.454000,0.244810,1.085630,6.429200,226.999400,-323.806240,60259.574220,,3.335080,-399.313750
10.456000,0.589600,1.352230,7.075200,227.014300,-323.805940,60457.851560,1.000000,3.320980,-399.316040
10.458000,0.848510,1.213810,6.706050,227.031080,-323.806120,60551.722660,,3.344060,-399.317870
10.460000,0.898500,0.856200,5.978030,227.049530,-323.806340,60605.511720,,3.342770,-399.318420
10.462000,0.701110,0.362730,5.547360,227.069170,-323.806580,60425.160160,,3.376100,-399.317350
10.464000,0.440920,0.011540,4.245120,227.088850,-323.807190,60713.089840,1.000000,3.522220,-399.315430
10.466000,0.129460,-0.167910,4.132320,227.107470,-323.807310,60732.078130,,3.491460,-399.313110
10.468000,-0.115360,-0.048710,5.332030,227.124270,-323.807040,61001.015630,,3.479920,-399.311250
10.470000,-0.147400,0.351200,5.444820,227.139130,-323.806820,60946.175780,,3.453000,-399.310910
10.472000,0.082030,0.836980,5.588380,227.152890,-323.806400,61010.511720,1.000000,3.354310,-399.312350
10.474000,0.437070,1.188170,5.875490,227.166980,-323.806210,61084.339840,,3.331240,-399.314730
10.476000,0.728030,1.171510,5.280760,227.182690,-323.806340,60880.785160,,3.327390,-399.316930
10.478000,0.831850,0.945920,4.398930,227.200150,-323.806550,61198.242190,,3.353030,-399.317960
10.480000,0.651120,0.578060,3.958010,227.218870,-323.806790,61034.769530,1.000000,3.382510,-399.317260
10.482000,0.361450,0.305050,3.014650,227.237780,-323.807280,60801.679690,,3.509400,-399.315460
10.484000,0.084590,0.219180,3.701660,227.255840,-323.807400,60464.183590,,3.505550,-399.313390
10.486000,-0.079470,0.387080,5.414060,227.272450,-323.807280,60731.019530,,3.502990,-399.312010
10.488000,-0.002560,0.792110,6.183110,227.287430,-323.806790,59107.851560,1.000000,3.431210,-399.312320
10.490000,0.307620,1.222780,6.357420,227.301730,-323.806150,60619.218750,,3.326110,-399.314150
10.492000,0.646000,1.416320,6.993160,227.316890,-323.805940,60656.136720,,3.327390,-399.316410
10.494000,0.871580,1.197140,6.470210,227.334150,-323.806180,60254.300780,,3.340210,-399.318050
10.496000,0.866460,0.795960,5.844730,227.353030,-323.806370,60607.621090,1.000000,3.342770,-399.318270
10.498000,0.644710,0.299930,5.198730,227.372880,-323.806700,60781.640630,,3.399170,-399.316990
10.500000,0.374270,0.019230,4.081050,227.392350,-323.807280,60849.144530,,3.528630,-399.314940
10.500000,0.374270,0.019230,4.081050,227.392350,-323.807280,60849.144530,,3.528630,-399.314940
10.502000,0.076900,-0.098690,4.060550,227.410680,-323.807250,60577.031250,,3.479920,-399.312710
10.504000,-0.140990,0.087160,4.962890,227.427030,-323.807040,60718.363280,1.000000,3.479920,-399.311100
10.506000,-0.108950,0.533200,5.557620,227.441530,-323.806760,60654.023440,,3.427370,-399.311130
10.508000,0.152530,1.027950,5.629390,227.455150,-323.806340,60708.875000,,3.351750,-399.312870
10.510000,0.506290,1.315060,5.670410,227.469410,-323.806180,60839.648440,,3.318420,-399.315280
10.512000,0.767760,1.247130,5.250000,227.485440,-323.806340,60687.777340,1.000000,3.337650,-399.317290
10.514000,0.810060,0.957460,4.327150,227.503300,-323.806580,61065.355470,,3.351750,-399.317990
10.516000,0.584470,0.554990,3.742680,227.522290,-323.806880,61048.476560,,3.405580,-399.316990
10.518000,0.297360,0.299930,3.271000,227.541240,-323.807310,60939.843750,,3.514530,-399.315060
10.520000,0.046140,0.224300,4.111820,227.559300,-323.807400,60719.417970,1.000000,3.504270,-399.313110
10.522000,-0.082030,0.416560,5.414060,227.575780,-323.807220,60669.843750,,3.502990,-399.312010
10.524000,0.056400,0.813900,6.367680,227.590730,-323.806670,60413.558590,,3.392760,-399.312710
10.526000,0.387080,1.208680,6.552250,227.605190,-323.806060,60578.089840,,3.331240,-399.314730
10.528000,0.702390,1.299680,6.583010,227.620850,-323.806000,60675.121090,1.000000,3.323550,-399.316860
10.530000,0.885680,1.053590,6.654790,227.638400,-323.806240,60714.144530,,3.346620,-399.318240
10.532000,0.816470,0.642150,5.701170,227.657460,-323.806430,60777.425780,,3.350460,-399.318080
10.534000,0.585750,0.183290,4.439940,227.677200,-323.806820,60433.597660,,3.424800,-399.316590
10.536000,0.306340,-0.055110,4.224610,227.696400,-323.807310,60713.089840,1.000000,3.540160,-399.314510
10.538000,0.029480,-0.107670,4.501460,227.714280,-323.807160,60577.031250,,3.465820,-399.312350
10.540000,-0.152530,0.138430,4.942380,227.730150,-323.807010,60755.273440,,3.488890,-399.311040
10.542000,-0.061520,0.598570,5.793460,227.744450,-323.806610,60429.375000,,3.403020,-399.311490
10.544000,0.231990,1.052310,5.649900,227.758180,-323.806270,60628.714840,1.000000,3.346620,-399.313420
10.546000,0.570370,1.252260,5.137210,227.772900,-323.806210,60550.664060,,3.327390,-399.315830
10.548000,0.788270,1.126650,5.147460,227.789430,-323.806430,60909.257810,,3.344060,-399.317600
10.550000,0.770320,0.806210,4.163090,227.807570,-323.806610,60735.234380,,3.359440,-399.317900
10.552000,0.515260,0.439640,3.137700,227.826630,-323.806980,60547.503910,1.000000,3.432500,-399.316620
10.554000,0.230710,0.235840,3.568360,227.845400,-323.807370,60983.089840,,3.526060,-399.314640
10.556000,0.005130,0.219180,4.727050,227.863130,-323.807370,60903.988280,,3.504270,-399.312840
10.558000,-0.069210,0.488340,5.393550,227.879150,-323.807160,60775.316410,,3.499150,-399.312100
10.560000,0.126890,0.903630,6.521480,227.893830,-323.806490,60696.214840,1.000000,3.373540,-399.313170
10.562000,0.463990,1.281740,6.767580,227.908290,-323.805970,60956.722660,,3.335080,-399.315280
10.564000,0.753660,1.279170,6.418950,227.924330,-323.806030,60531.679690,,3.332520,-399.317320
10.566000,0.892090,0.990780,6.295900,227.942230,-323.806270,60780.585940,,3.360720,-399.318390
10.568000,0.765200,0.544740,5.496090,227.961470,-323.806430,60782.699220,1.000000,3.350460,-399.317870
10.570000,0.530640,0.134580,4.122070,227.981120,-323.806920,60873.402340,,3.464540,-399.316220
10.572000,0.242250,-0.066650,4.101560,228.000080,-323.807310,60743.671880,,3.536320,-399.314090
10.574000,-0.020510,-0.061520,4.716800,228.017530,-323.807100,60343.949220,,3.460690,-399.312010
10.576000,-0.156370,0.270450,5.116700,228.032870,-323.806950,60626.601560,1.000000,3.494020,-399.311040
10.578000,-0.017940,0.761350,5.947270,228.046750,-323.806520,60659.300780,,3.382510,-399.311830
10.580000,0.302490,1.229190,5.926760,228.060350,-323.806210,60717.308590,,3.349180,-399.313960
10.582000,0.625490,1.356080,5.332030,228.075260,-323.806210,60459.964840,,3.327390,-399.316280
10.584000,0.812620,1.189450,4.921880,228.092060,-323.806460,60683.558590,1.000000,3.354310,-399.317810
10.586000,0.731870,0.839540,4.204100,228.110440,-323.806640,60725.746090,,3.360720,-399.317780
10.588000,0.462710,0.472960,3.096680,228.129620,-323.807070,60901.875000,,3.467100,-399.316280
10.590000,0.174320,0.280700,3.578610,228.148350,-323.807370,60756.332030,,3.523500,-399.314240
10.592000,-0.033330,0.285830,4.419430,228.165950,-323.807310,60668.792970,1.000000,3.509400,-399.312530
10.594000,-0.052550,0.590880,5.393550,228.181850,-323.807070,60908.207030,,3.483760,-399.312160
10.596000,0.190980,1.006160,6.295900,228.196550,-323.806370,60836.488280,,3.356870,-399.313540
10.598000,0.526790,1.331730,6.736820,228.211350,-323.805970,60930.355470,,3.329960,-399.315700
10.600000,0.797240,1.257390,6.183110,228.227840,-323.806090,60790.085940,1.000000,3.346620,-399.317630
10.602000,0.888240,0.930540,5.762700,228.246150,-323.806340,60842.816410,,3.360720,-399.318420
10.604000,0.725460,0.451170,5.465330,228.265730,-323.806520,60662.460940,,3.358150,-399.317630
10.606000,0.480650,0.071780,4.029790,228.285480,-323.807070,60734.183590,,3.510680,-399.315830
10.608000,0.178160,-0.125610,3.732420,228.304310,-323.807280,60766.875000,1.000000,3.509400,-399.313600
10.610000,-0.074340,-0.064090,4.891110,228.321430,-323.807070,60651.917970,,3.478640,-399.311650
10.612000,-0.153810,0.307620,5.352540,228.336530,-323.806880,60592.859380,,3.477360,-399.311000
10.614000,0.039730,0.797240,5.680660,228.350330,-323.806460,60258.519530,,3.363280,-399.312160
10.616000,0.378110,1.203550,6.234380,228.364150,-323.806210,60520.078130,1.000000,3.341490,-399.314420
10.618000,0.687010,1.257390,5.629390,228.379470,-323.806270,60526.410160,,3.331240,-399.316710
10.620000,0.838260,1.049740,4.716800,228.396650,-323.806490,60744.730470,,3.354310,-399.317990
10.622000,0.694700,0.687010,4.163090,228.415250,-323.806730,60526.410160,,3.373540,-399.317570
10.624000,0.411440,0.372990,3.373540,228.434280,-323.807190,60950.390630,1.000000,3.494020,-399.315860
10.626000,0.121770,0.237120,3.578610,228.452650,-323.807400,60818.554690,,3.514530,-399.313750
10.628000,-0.067930,0.340940,4.993650,228.469650,-323.807310,60776.371090,,3.508120,-399.312160
10.630000,-0.033330,0.710080,5.885740,228.484920,-323.806920,60696.214840,,3.463260,-399.312160
10.632000,0.253780,1.142030,6.172850,228.499330,-323.806210,60507.421880,1.000000,3.336360,-399.313810
10.634000,0.597290,1.391970,6.624020,228.514220,-323.805940,60939.843750,,3.326110,-399.316070
10.636000,0.847230,1.243290,6.521480,228.531020,-323.806120,60823.828130,,3.342770,-399.317900
10.638000,0.888240,0.899780,5.629390,228.549530,-323.806340,61076.957030,,3.342770,-399.318390
10.640000,0.685730,0.402470,5.157710,228.569170,-323.806610,60961.996090,1.000000,3.382510,-399.317260
10.642000,0.424260,0.066650,3.916990,228.588750,-323.807190,60970.429690,,3.524780,-399.315340
10.644000,0.119200,-0.083310,3.670900,228.607270,-323.807280,60541.175780,,3.487610,-399.313080
10.646000,-0.117920,0.035890,5.044920,228.623990,-323.807040,60701.488280,,3.483760,-399.311280
10.648000,-0.137150,0.438350,5.557620,228.638820,-323.806820,60444.144530,1.000000,3.450440,-399.310970
10.650000,0.097410,0.912600,5.588380,228.652650,-323.806370,60658.246090,,3.355590,-399.312470
10.652000,0.451170,1.239440,6.213870,228.666820,-323.806180,60753.167970,,3.320980,-399.314880
10.654000,0.735720,1.206120,5.547360,228.682720,-323.806340,60295.429690,,3.331240,-399.317020
10.656000,0.825440,0.951050,4.624510,228.700390,-323.806550,60683.558590,1.000000,3.349180,-399.317960
10.658000,0.637020,0.551150,4.060550,228.719350,-323.806790,60755.273440,,3.382510,-399.317230
10.660000,0.349910,0.265320,3.322270,228.738450,-323.807280,60740.511720,,3.509400,-399.315370
10.662000,0.076900,0.160220,3.845210,228.756740,-323.807430,60412.503910,,3.508120,-399.313320
10.664000,-0.079470,0.299930,4.993650,228.773570,-323.807280,60740.511720,1.000000,3.504270,-399.312010
10.666000,0.007690,0.689580,6.224120,228.788730,-323.806790,60698.324220,,3.426090,-399.312380
10.668000,0.320430,1.104860,6.347170,228.803150,-323.806150,60747.894530,,3.328670,-399.314240
10.670000,0.656250,1.286870,6.265140,228.818410,-323.805970,60710.980470,,3.329960,-399.316500
10.672000,0.872860,1.086910,6.183110,228.835570,-323.806210,60608.671880,1.000000,3.347900,-399.318120
10.674000,0.856200,0.713930,5.711430,228.854290,-323.806370,61033.714840,,3.344060,-399.318240
10.676000,0.635740,0.248660,4.788570,228.873900,-323.806700,60778.476560,,3.405580,-399.316930
10.678000,0.364010,-0.008970,4.029790,228.893140,-323.807280,61851.097660,,3.533750,-399.314910
10.680000,0.070500,-0.093570,4.040040,228.911180,-323.807190,60802.738280,1.000000,3.479920,-399.312650
10.682000,-0.143550,0.101260,4.880860,228.927320,-323.807040,60709.925780,,3.481200,-399.311070
10.684000,-0.099980,0.557560,5.701170,228.941700,-323.806730,60418.832030,,3.428650,-399.311190
10.686000,0.165340,1.040770,5.772950,228.955320,-323.806340,60666.679690,,3.351750,-399.312960
10.688000,0.517820,1.325320,5.701170,228.969650,-323.806210,60781.640630,1.000000,3.324830,-399.315370
10.690000,0.772890,1.247130,5.506350,228.985750,-323.806370,60722.578130,,3.344060,-399.317380
10.692000,0.811340,0.961300,4.645020,229.003650,-323.806580,60751.054690,,3.355590,-399.318020
10.694000,0.576780,0.561400,3.517090,229.022640,-323.806880,60522.191410,,3.411990,-399.316960
10.696000,0.285830,0.317870,3.568360,229.041600,-323.807310,60754.222660,1.000000,3.522220,-399.315000
10.698000,0.035890,0.257630,4.614260,229.059600,-323.807400,60552.777340,,3.504270,-399.312990
10.700000,-0.087160,0.470400,5.332030,229.076000,-323.807190,60606.566410,,3.510680,-399.311980
10.702000,0.062810,0.867740,6.193360,229.090930,-323.806610,60565.433590,,3.395320,-399.312740
10.704000,0.396060,1.252260,6.818850,229.105450,-323.806060,60593.910160,1.000000,3.333800,-399.314790
10.706000,0.712650,1.330440,6.275390,229.121150,-323.805970,60622.386720,,3.327390,-399.316960
10.708000,0.895940,1.067690,6.285640,229.138780,-323.806240,60822.777340,,3.350460,-399.318330
10.710000,0.820310,0.642150,5.598630,229.157870,-323.806400,60772.152340,,3.350460,-399.318120
10.712000,0.584470,0.185850,4.193850,229.177640,-323.806820,60696.214840,1.000000,3.429930,-399.316590
10.714000,0.299930,-0.064090,3.988770,229.196900,-323.807310,60959.886720,,3.544010,-399.314480
10.716000,0.017940,-0.125610,4.583500,229.214770,-323.807130,60863.910160,,3.464540,-399.312290
10.718000,-0.160220,0.128170,4.860350,229.230620,-323.806980,60901.875000,,3.491460,-399.310970
10.720000,-0.060240,0.601140,5.680660,229.244830,-323.806610,60742.617190,1.000000,3.405580,-399.311460
10.722000,0.238400,1.076660,6.172850,229.258500,-323.806240,60782.699220,,3.344060,-399.313480
10.724000,0.581910,1.271480,5.403810,229.273180,-323.806210,60543.281250,,3.324830,-399.315890
10.726000,0.801090,1.149720,5.116700,229.289720,-323.806400,60690.941410,,3.350460,-399.317660
10.728000,0.774170,0.839540,4.501460,229.307880,-323.806610,60847.031250,1.000000,3.359440,-399.317930
10.728000,0.774170,0.839540,4.501460,229.307880,-323.806610,60847.031250,1.000000,3.359440,-399.317930
10.730000,0.516540,0.480650,3.332520,229.326900,-323.806980,60710.980470,,3.446590,-399.316620
10.732000,0.223020,0.274290,3.670900,229.345670,-323.807340,60650.867190,,3.528630,-399.314610
10.734000,-0.003850,0.258910,4.993650,229.363360,-323.807340,60438.875000,,3.514530,-399.312710
10.736000,-0.079470,0.537050,5.506350,229.379350,-323.807130,60408.281250,1.000000,3.500430,-399.312010
10.738000,0.129460,0.956180,6.449710,229.394030,-323.806490,60551.722660,,3.377380,-399.313140
10.740000,0.467830,1.331730,6.870120,229.408570,-323.805970,60688.832030,,3.341490,-399.315310
10.742000,0.758790,1.325320,6.388180,229.424680,-323.806030,60410.394530,,3.333800,-399.317350
10.744000,0.902340,1.026670,5.957520,229.442670,-323.806240,60668.792970,1.000000,3.367130,-399.318450
10.746000,0.772890,0.570370,5.516600,229.462020,-323.806430,60554.886720,,3.351750,-399.317900
10.748000,0.531920,0.149960,4.122070,229.481800,-323.806950,60721.527340,,3.478640,-399.316220
10.750000,0.233280,-0.064090,3.629880,229.500870,-323.807280,60859.691410,,3.535030,-399.314030
10.750000,0.233280,-0.064090,3.629880,229.500870,-323.807280,60859.691410,,3.535030,-399.314030
10.752000,-0.037170,-0.069210,4.316890,229.518400,-323.807100,60448.363280,1.000000,3.467100,-399.311920
10.754000,-0.170470,0.238400,5.157710,229.533920,-323.806880,61095.941410,,3.495300,-399.310940
10.756000,-0.014100,0.713930,5.721680,229.547940,-323.806490,60689.886720,,3.382510,-399.311830
10.758000,0.312740,1.151000,5.978030,229.561720,-323.806210,60959.886720,,3.353030,-399.314000
10.760000,0.646000,1.271480,5.496090,229.576750,-323.806210,60820.664060,1.000000,3.328670,-399.316380
10.762000,0.831850,1.098450,4.727050,229.593670,-323.806430,60877.621090,,3.359440,-399.317930
10.764000,0.737000,0.743410,4.245120,229.612120,-323.806640,60617.113280,,3.364560,-399.317810
10.766000,0.461430,0.392210,3.322270,229.631230,-323.807070,60858.632810,,3.476070,-399.316220
10.768000,0.165340,0.219180,3.537600,229.649800,-323.807370,60580.199220,1.000000,3.527340,-399.314120
10.770000,-0.046140,0.255070,4.850100,229.667210,-323.807310,60506.371090,,3.511960,-399.312410
10.772000,-0.056400,0.578060,5.803710,229.682830,-323.807040,60433.597660,,3.486330,-399.312040
10.774000,0.194820,1.002320,6.408690,229.697360,-323.806340,60186.796880,,3.354310,-399.313480
10.776000,0.542180,1.318910,6.911130,229.712080,-323.805940,60478.949220,1.000000,3.331240,-399.315730
10.778000,0.816470,1.224060,6.706050,229.728580,-323.806060,60349.218750,,3.345340,-399.317690
10.780000,0.901060,0.911320,5.783200,229.746830,-323.806300,60677.226560,,3.358150,-399.318450
10.782000,0.726750,0.434510,5.342290,229.766360,-323.806490,60600.238280,,3.360720,-399.317570
10.784000,0.476810,0.070500,4.224610,229.786000,-323.807040,60735.234380,1.000000,3.511960,-399.315730
10.786000,0.167910,-0.096130,3.558110,229.804700,-323.807250,60738.402340,,3.505550,-399.313480
10.788000,-0.087160,-0.011540,4.716800,229.821670,-323.807040,60759.496090,,3.478640,-399.311490
10.790000,-0.160220,0.376830,5.342290,229.836700,-323.806850,60826.996090,,3.468380,-399.310910
10.792000,0.042300,0.848510,5.506350,229.850600,-323.806430,60519.027340,1.000000,3.364560,-399.312160
10.794000,0.384520,1.225340,5.885740,229.864590,-323.806210,60852.308590,,3.338930,-399.314420
10.796000,0.689580,1.258670,5.752440,229.880160,-323.806300,60820.664060,,3.329960,-399.316680
10.798000,0.826720,1.052310,4.562990,229.897510,-323.806490,61025.273440,,3.354310,-399.317930
10.800000,0.679320,0.672910,4.009280,229.916240,-323.806760,60848.093750,1.000000,3.368410,-399.317440
10.802000,0.398620,0.348630,3.424800,229.935420,-323.807190,60852.308590,,3.496580,-399.315730
10.804000,0.112790,0.203800,3.650390,229.953950,-323.807400,60528.519530,,3.508120,-399.313690
10.806000,-0.069210,0.293520,4.993650,229.971100,-323.807310,60767.933590,,3.505550,-399.312160
10.808000,-0.024350,0.661380,6.480470,229.986450,-323.806920,60335.511720,1.000000,3.456850,-399.312230
10.810000,0.266600,1.090760,6.377930,230.000930,-323.806210,60516.917970,,3.335080,-399.313900
10.812000,0.610110,1.338130,6.685550,230.015900,-323.805970,60644.535160,,3.329960,-399.316160
10.814000,0.852360,1.176640,6.798340,230.032820,-323.806180,60299.656250,,3.344060,-399.317930
10.816000,0.880550,0.819030,5.947270,230.051410,-323.806340,60581.250000,1.000000,3.344060,-399.318360
10.818000,0.675480,0.330690,5.055180,230.071040,-323.806610,60572.816410,,3.383790,-399.317200
10.820000,0.415280,0.021790,4.224610,230.090550,-323.807190,60721.527340,,3.526060,-399.315250
10.822000,0.108950,-0.115360,4.050290,230.108950,-323.807250,60427.265630,,3.479920,-399.312990
10.824000,-0.124330,0.023070,4.850100,230.125520,-323.807040,60624.496090,1.000000,3.478640,-399.311220
10.826000,-0.132020,0.442200,5.649900,230.140200,-323.806790,60728.910160,,3.449160,-399.311000
10.828000,0.107670,0.939510,5.690920,230.153850,-323.806370,60346.054690,,3.353030,-399.312560
10.830000,0.463990,1.277890,5.557620,230.167920,-323.806210,60789.023440,,3.323550,-399.314940
10.832000,0.743410,1.248410,5.475590,230.183750,-323.806340,60689.886720,1.000000,3.335080,-399.317110
10.834000,0.824160,1.010010,4.706540,230.201320,-323.806580,61110.707030,,3.350460,-399.317990
10.836000,0.622920,0.613950,3.773440,230.220200,-323.806820,61072.738280,,3.387630,-399.317140
10.838000,0.334530,0.337100,3.168460,230.239230,-323.807280,61099.105470,,3.510680,-399.315280
10.840000,0.066650,0.229430,4.019530,230.257480,-323.807400,60717.308590,1.000000,3.506840,-399.313260
10.842000,-0.083310,0.371700,4.891110,230.274310,-323.807250,60690.941410,,3.500430,-399.312010
10.844000,0.017940,0.743410,6.254880,230.289550,-323.806760,60487.382810,,3.422240,-399.312440
10.846000,0.334530,1.134340,6.552250,230.304150,-323.806120,60644.535160,,3.327390,-399.314360
10.848000,0.669070,1.299680,6.398440,230.319600,-323.805970,60765.820310,1.000000,3.329960,-399.316590
10.850000,0.881840,1.076660,6.459960,230.337020,-323.806210,60552.777340,,3.345340,-399.318180
10.852000,0.851070,0.681880,5.957520,230.355970,-323.806400,60823.828130,,3.345340,-399.318240
10.854000,0.622920,0.205080,4.675780,230.375790,-323.806730,60351.332030,,3.408140,-399.316860
10.856000,0.347350,-0.067930,4.101560,230.395220,-323.807310,60666.679690,1.000000,3.535030,-399.314790
10.858000,0.057680,-0.171750,4.511720,230.413410,-323.807190,60199.453130,,3.473510,-399.312560
10.860000,-0.148680,0.029480,4.860350,230.429630,-323.807040,60646.640630,,3.483760,-399.311040
10.862000,-0.093570,0.479370,5.485840,230.444050,-323.806700,60539.062500,,3.420960,-399.311220
10.864000,0.182010,0.970280,5.988280,230.457670,-323.806300,60670.902340,1.000000,3.347900,-399.313080
10.866000,0.534480,1.239440,5.537110,230.472030,-323.806210,60717.308590,,3.326110,-399.315490
10.868000,0.783140,1.154850,5.198730,230.488220,-323.806370,60858.632810,,3.344060,-399.317440
10.870000,0.807500,0.875430,4.634770,230.506070,-323.806610,60986.250000,,3.355590,-399.318020
10.872000,0.565250,0.499880,3.353030,230.525020,-323.806880,60684.609380,1.000000,3.415830,-399.316890
10.874000,0.271730,0.271730,3.250490,230.543820,-323.807340,61015.781250,,3.522220,-399.314910
10.876000,0.023070,0.239690,4.614260,230.561650,-323.807340,60937.738280,,3.501710,-399.312930
10.878000,-0.087160,0.488340,5.075680,230.577800,-323.807190,60879.730470,,3.502990,-399.311950
10.880000,0.069210,0.920290,6.029300,230.592500,-323.806610,60637.152340,1.000000,3.394040,-399.312810
10.882000,0.407590,1.333010,6.798340,230.606830,-323.806060,60755.273440,,3.335080,-399.314880
10.884000,0.721620,1.416320,6.336910,230.622450,-323.806030,60552.777340,,3.332520,-399.317050
10.886000,0.901060,1.165100,6.111330,230.640050,-323.806270,60763.714840,,3.355590,-399.318390
10.888000,0.811340,0.735720,5.772950,230.659150,-323.806400,60829.105470,1.000000,3.350460,-399.318120
10.890000,0.571660,0.271730,4.378420,230.678960,-323.806850,60675.121090,,3.440190,-399.316530
10.892000,0.283260,0.021790,3.978520,230.698260,-323.807310,60675.121090,,3.549130,-399.314360
10.894000,0.006410,-0.034610,4.727050,230.716200,-323.807130,60361.875000,,3.460690,-399.312190
10.896000,-0.166630,0.212770,5.137210,230.732180,-323.806980,60661.410160,1.000000,3.499150,-399.310970
10.898000,-0.051270,0.654970,5.680660,230.746580,-323.806610,60555.941410,,3.406860,-399.311580
10.900000,0.252500,1.093320,5.998540,230.760470,-323.806270,60620.273440,,3.351750,-399.313600
10.902000,0.597290,1.257390,5.516600,230.775420,-323.806210,60531.679690,,3.333800,-399.316040
10.904000,0.812620,1.112550,4.880860,230.792180,-323.806430,60659.300780,1.000000,3.355590,-399.317780
10.906000,0.774170,0.775450,4.378420,230.810530,-323.806610,60838.593750,,3.368410,-399.317960
10.908000,0.508850,0.407590,3.342770,230.829680,-323.806980,60832.265630,,3.446590,-399.316590
10.910000,0.210210,0.203800,3.301760,230.848480,-323.807310,60734.183590,,3.529910,-399.314510
10.912000,-0.016660,0.199950,4.409180,230.866120,-323.807310,60567.542970,1.000000,3.508120,-399.312650
10.914000,-0.076900,0.484500,5.567870,230.882100,-323.807070,60922.972660,,3.497860,-399.312010
10.916000,0.138430,0.897220,6.193360,230.896740,-323.806430,60844.925780,,3.372250,-399.313200
10.918000,0.484500,1.262510,6.552250,230.911350,-323.805940,61029.496090,,3.342770,-399.315370
10.920000,0.778020,1.238160,6.449710,230.927470,-323.806060,60812.230470,1.000000,3.346620,-399.317440
10.922000,0.907470,0.947200,5.824220,230.945500,-323.806270,60756.332030,,3.365840,-399.318480
10.924000,0.766480,0.498600,5.444820,230.964830,-323.806430,60640.316410,,3.359440,-399.317870
10.926000,0.522950,0.102540,4.316890,230.984480,-323.806950,60768.988280,,3.487610,-399.316160
10.928000,0.217900,-0.078190,3.650390,231.003280,-323.807280,60750.003910,1.000000,3.535030,-399.313900
10.930000,-0.051270,-0.034610,4.675780,231.020480,-323.807040,60670.902340,,3.472230,-399.311800
10.932000,-0.171750,0.330690,5.506350,231.035640,-323.806880,60607.621090,,3.496580,-399.310910
10.934000,-0.007690,0.812620,5.783200,231.049500,-323.806490,60183.636720,,3.383790,-399.311860
10.936000,0.326840,1.245850,5.998540,231.063230,-323.806180,60519.027340,1.000000,3.356870,-399.314060
10.938000,0.653690,1.344540,5.875490,231.078350,-323.806210,60026.488280,,3.331240,-399.316440
10.940000,0.831850,1.159970,4.716800,231.095350,-323.806430,60758.437500,,3.362000,-399.317930
10.942000,0.725460,0.794680,4.060550,231.113920,-323.806610,60578.089840,,3.367130,-399.317750
10.944000,0.448610,0.444760,3.455570,231.133120,-323.807070,60976.761720,1.000000,3.477360,-399.316130
10.946000,0.153810,0.269170,3.435060,231.151820,-323.807340,60864.964840,,3.524780,-399.314030
10.948000,-0.055110,0.301210,4.368160,231.169300,-323.807310,60750.003910,,3.514530,-399.312320
10.950000,-0.053830,0.620360,5.844730,231.185030,-323.807010,60776.371090,,3.479920,-399.312070
10.952000,0.210210,1.026670,6.234380,231.199680,-323.806300,60521.136720,1.000000,3.353030,-399.313570
10.954000,0.557560,1.315060,6.531740,231.214550,-323.805940,60830.160160,,3.329960,-399.315830
10.956000,0.826720,1.212520,6.603520,231.231170,-323.806090,60646.640630,,3.349180,-399.317750
10.958000,0.902340,0.877990,5.660160,231.249530,-323.806300,61426.054690,,3.358150,-399.318450
10.960000,0.721620,0.394780,5.096190,231.269120,-323.806520,60886.062500,1.000000,3.362000,-399.317540
10.962000,0.467830,0.029480,4.255370,231.288850,-323.807070,60743.671880,,3.520940,-399.315640
10.964000,0.157650,-0.171750,3.711910,231.307630,-323.807250,60543.281250,,3.500430,-399.313390
10.966000,-0.097410,-0.096130,4.686040,231.324710,-323.807040,60813.281250,,3.482480,-399.311430
10.968000,-0.160220,0.270450,5.660160,231.339750,-323.806820,60764.769530,1.000000,3.468380,-399.310880
10.970000,0.051270,0.762630,5.629390,231.353610,-323.806430,60531.679690,,3.363280,-399.312160
10.972000,0.398620,1.148440,5.824220,231.367550,-323.806210,60631.875000,,3.341490,-399.314510
10.974000,0.701110,1.185610,5.875490,231.383030,-323.806340,60366.097660,,3.331240,-399.316740
10.976000,0.835690,0.994630,4.788570,231.400250,-323.806520,60733.128910,1.000000,3.360720,-399.317960
10.978000,0.678040,0.651120,3.875980,231.418790,-323.806760,60776.371090,,3.377380,-399.317440
10.980000,0.392210,0.372990,3.486330,231.437620,-323.807190,60813.281250,,3.501710,-399.315670
10.982000,0.103820,0.273010,3.691410,231.455800,-323.807340,60476.839840,,3.511960,-399.313570
10.984000,-0.075620,0.396060,4.675780,231.472660,-323.807250,60712.035160,1.000000,3.504270,-399.312070
10.986000,-0.021790,0.767760,6.029300,231.487900,-323.806850,60747.894530,,3.451720,-399.312190
10.988000,0.274290,1.180480,6.285640,231.502380,-323.806150,60137.226560,,3.335080,-399.313930
10.990000,0.616520,1.400940,6.121580,231.517530,-323.805940,60832.265630,,3.329960,-399.316190
10.992000,0.858760,1.209960,6.347170,231.534670,-323.806180,60618.167970,1.000000,3.347900,-399.317960
10.994000,0.877990,0.836980,5.865230,231.553420,-323.806340,61125.468750,,3.341490,-399.318330
10.996000,0.667790,0.348630,4.716800,231.573230,-323.806610,60781.640630,,3.387630,-399.317140
10.998000,0.403750,0.038450,3.834960,231.592800,-323.807250,61175.039060,,3.531190,-399.315190
11.000000,0.102540,-0.096130,3.988770,231.611280,-323.807250,60805.902340,1.000000,3.483760,-399.312930
11.000000,0.102540,-0.096130,3.988770,231.611280,-323.807250,60805.902340,1.000000,3.483760,-399.312930
11.002000,-0.129460,0.044860,4.727050,231.627900,-323.807040,60750.003910,,3.483760,-399.311190
11.004000,-0.126890,0.476810,5.414060,231.642550,-323.806790,60476.839840,,3.445310,-399.311040
11.006000,0.119200,0.980530,5.875490,231.656200,-323.806340,60724.691410,,3.351750,-399.312620
11.008000,0.475520,1.311220,5.649900,231.670270,-323.806180,60758.437500,1.000000,3.322270,-399.315060
11.010000,0.758790,1.271480,5.393550,231.686160,-323.806340,60611.835940,,3.336360,-399.317200
11.012000,0.834410,1.010010,5.085940,231.703830,-323.806550,60717.308590,,3.349180,-399.318080
11.014000,0.625490,0.612670,3.814450,231.722730,-323.806790,60420.941410,,3.387630,-399.317170
11.016000,0.328130,0.347350,3.291500,231.741700,-323.807250,60694.105470,1.000000,3.508120,-399.315220
11.018000,0.055110,0.258910,4.788570,231.759860,-323.807370,60492.656250,,3.500430,-399.313140
11.020000,-0.094850,0.425540,5.157710,231.776520,-323.807220,60579.144530,,3.497860,-399.311890
11.022000,0.019230,0.815190,5.978030,231.791580,-323.806760,60579.144530,,3.417110,-399.312440
11.024000,0.342220,1.222780,6.818850,231.806050,-323.806120,60689.886720,1.000000,3.335080,-399.314390
11.026000,0.679320,1.377870,6.388180,231.821460,-323.806000,60686.722660,,3.332520,-399.316680
11.028000,0.893370,1.161250,6.121580,231.838810,-323.806240,60636.097660,,3.350460,-399.318240
11.030000,0.857480,0.778020,6.029300,231.857650,-323.806400,61040.042970,,3.346620,-399.318270
11.032000,0.624210,0.305050,4.562990,231.877400,-323.806760,60838.593750,1.000000,3.411990,-399.316860
11.034000,0.340940,0.033330,3.742680,231.896740,-323.807310,61053.753910,,3.538880,-399.314730
11.036000,0.046140,-0.046140,4.429690,231.914870,-323.807190,60903.988280,,3.473510,-399.312470
11.038000,-0.157650,0.157650,4.583500,231.931050,-323.807040,60903.988280,,3.482480,-399.310970
11.040000,-0.092290,0.597290,5.280760,231.945570,-323.806700,60782.699220,1.000000,3.424800,-399.311220
11.042000,0.190980,1.047180,5.947270,231.959460,-323.806340,60695.160160,,3.345340,-399.313110
11.044000,0.543460,1.279170,5.496090,231.974080,-323.806210,60551.722660,,3.332520,-399.315550
11.046000,0.788270,1.174070,4.901370,231.990520,-323.806400,60737.347660,,3.351750,-399.317500
11.048000,0.803650,0.875430,4.788570,232.008540,-323.806610,60921.917970,1.000000,3.356870,-399.317990
11.050000,0.556270,0.498600,3.578610,232.027620,-323.806920,60608.671880,,3.424800,-399.316830
11.052000,0.261470,0.262760,3.188960,232.046520,-323.807310,60761.605470,,3.522220,-399.314820
11.054000,0.017940,0.212770,4.768070,232.064420,-323.807340,60560.160160,,3.505550,-399.312870
11.056000,-0.088440,0.437070,5.403810,232.080700,-323.807160,60684.609380,1.000000,3.505550,-399.311950
11.058000,0.084590,0.842100,6.142090,232.095520,-323.806550,60509.535160,,3.388920,-399.312870
11.060000,0.425540,1.221500,6.706050,232.110030,-323.806000,60507.421880,,3.337650,-399.314970
11.062000,0.735720,1.268920,6.459960,232.125850,-323.806030,60372.425780,,3.336360,-399.317140
11.064000,0.903630,0.997190,5.998540,232.143600,-323.806270,60573.867190,1.000000,3.354310,-399.318390
11.066000,0.803650,0.565250,5.537110,232.162750,-323.806430,60513.753910,,3.353030,-399.318050
11.068000,0.565250,0.133300,4.388670,232.182450,-323.806880,60833.324220,,3.447880,-399.316440
11.070000,0.274290,-0.075620,3.629880,232.201400,-323.807310,60969.378910,,3.544010,-399.314270
11.072000,-0.003850,-0.067930,4.429690,232.218830,-323.807100,60541.175780,1.000000,3.460690,-399.312100
11.074000,-0.169190,0.261470,5.147460,232.234180,-323.806950,62144.304690,,3.500430,-399.310910
11.076000,-0.047420,0.761350,5.291020,232.248030,-323.806580,60675.121090,,3.399170,-399.311580
11.078000,0.267880,1.235600,5.680660,232.261520,-323.806210,61035.820310,,3.350460,-399.313660
11.080000,0.608830,1.398380,5.619140,232.276200,-323.806210,60831.210940,1.000000,3.331240,-399.316070
11.082000,0.815190,1.250980,4.788570,232.292850,-323.806430,60902.933590,,3.351750,-399.317780
11.084000,0.761350,0.913880,4.173340,232.311160,-323.806610,60617.113280,,3.365840,-399.317900
11.086000,0.493470,0.534480,3.517090,232.330320,-323.807010,60893.441410,,3.447880,-399.316440
11.088000,0.197390,0.314030,3.455570,232.349230,-323.807340,60610.785160,1.000000,3.529910,-399.314390
11.090000,-0.021790,0.287110,4.645020,232.367080,-323.807310,60454.691410,,3.508120,-399.312590
11.092000,-0.073060,0.553710,5.988280,232.383220,-323.807100,60541.175780,,3.495300,-399.312010
11.094000,0.151250,0.948490,6.531740,232.398100,-323.806430,60283.828130,,3.369690,-399.313260
11.096000,0.497310,1.289430,6.665040,232.412920,-323.805970,60652.972660,1.000000,3.338930,-399.315460
11.098000,0.786990,1.249690,6.993160,232.429310,-323.806060,60506.371090,,3.347900,-399.317540
11.100000,0.910030,0.934390,5.926760,232.447480,-323.806300,60651.917970,,3.363280,-399.318510
11.102000,0.761350,0.469120,5.301270,232.466980,-323.806460,60587.582030,,3.360720,-399.317810
11.104000,0.516540,0.076900,4.655270,232.486690,-323.806980,60892.386720,1.000000,3.488890,-399.316070
11.106000,0.210210,-0.126890,3.763180,232.505600,-323.807250,60838.593750,,3.524780,-399.313810
11.108000,-0.056400,-0.084590,4.286130,232.522870,-323.807040,60794.300780,,3.472230,-399.311740
11.110000,-0.165340,0.256350,5.455080,232.538100,-323.806880,60860.746090,,3.486330,-399.310910
11.112000,0.006410,0.731870,5.731930,232.552030,-323.806490,60659.300780,1.000000,3.376100,-399.311920
11.114000,0.340940,1.145870,5.629390,232.565860,-323.806210,60890.273440,,3.353030,-399.314120
11.116000,0.658810,1.231750,5.660160,232.581070,-323.806240,60805.902340,,3.328670,-399.316470
11.118000,0.830570,1.052310,4.275880,232.598070,-323.806490,61740.355470,,3.362000,-399.317900
11.120000,0.712650,0.708800,3.834960,232.616550,-323.806700,60927.187500,1.000000,3.368410,-399.317660
11.122000,0.435790,0.392210,3.558110,232.635500,-323.807130,60675.121090,,3.481200,-399.316040
11.124000,0.143550,0.256350,3.599120,232.653850,-323.807340,60550.664060,,3.522220,-399.313930
11.126000,-0.055110,0.334530,4.511720,232.670930,-323.807280,60718.363280,,3.509400,-399.312290
11.128000,-0.044860,0.704960,6.295900,232.686250,-323.806980,60497.933590,1.000000,3.476070,-399.312100
11.130000,0.220460,1.136900,6.377930,232.700610,-323.806240,60323.910160,,3.345340,-399.313630
11.132000,0.565250,1.430420,6.613770,232.715380,-323.805940,60483.167970,,3.327390,-399.315890
11.134000,0.826720,1.306090,6.716310,232.732030,-323.806120,60186.796880,,3.346620,-399.317750
11.136000,0.892090,0.960020,6.049800,232.750430,-323.806340,60531.679690,1.000000,3.346620,-399.318390
11.138000,0.706240,0.469120,5.188480,232.770050,-323.806550,60432.542970,,3.368410,-399.317410
11.140000,0.453740,0.106380,4.275880,232.789750,-323.807130,60766.875000,,3.517090,-399.315550
11.142000,0.147400,-0.067930,3.906740,232.808500,-323.807280,60562.265630,,3.496580,-399.313290
11.144000,-0.098690,0.003850,4.593750,232.825550,-323.807040,60817.503910,1.000000,3.479920,-399.311400
11.146000,-0.153810,0.378110,5.362790,232.840620,-323.806850,60729.960940,,3.461980,-399.310910
11.148000,0.062810,0.860050,5.660160,232.854510,-323.806430,60674.062500,,3.362000,-399.312290
11.150000,0.415280,1.217650,5.537110,232.868550,-323.806210,60890.273440,,3.328670,-399.314640
11.152000,0.719060,1.224060,5.434570,232.884230,-323.806340,60610.785160,1.000000,3.329960,-399.316860
11.154000,0.842100,0.980530,4.860350,232.901720,-323.806520,60928.242190,,3.354310,-399.318050
11.156000,0.674190,0.580630,3.732420,232.920620,-323.806760,60862.859380,,3.370970,-399.317410
11.158000,0.384520,0.269170,3.045410,232.939770,-323.807220,60900.824220,,3.501710,-399.315610
11.160000,0.093570,0.143550,3.937500,232.958180,-323.807370,60627.656250,1.000000,3.505550,-399.313510
11.162000,-0.084590,0.265320,4.798830,232.975140,-323.807280,60676.175780,,3.496580,-399.312010
11.164000,-0.021790,0.642150,5.844730,232.990370,-323.806850,60458.910160,,3.446590,-399.312160
11.166000,0.283260,1.071530,6.644530,233.004780,-323.806210,60698.324220,,3.331240,-399.313960
11.168000,0.629330,1.312500,6.429200,233.019740,-323.806000,60649.804690,1.000000,3.332520,-399.316280
11.170000,0.869020,1.151000,6.295900,233.036650,-323.806210,60475.785160,,3.347900,-399.317990
11.172000,0.884400,0.822880,6.521480,233.055100,-323.806400,60762.656250,,3.344060,-399.318360
11.174000,0.669070,0.366580,5.044920,233.074570,-323.806640,60283.828130,,3.387630,-399.317140
11.176000,0.398620,0.085880,3.947750,233.093780,-323.807250,60678.281250,1.000000,3.528630,-399.315090
11.178000,0.089720,-0.003850,4.860350,233.111890,-323.807220,60087.664060,,3.479920,-399.312840
11.180000,-0.139710,0.174320,4.901370,233.128250,-323.807040,60673.011720,,3.476070,-399.311070
11.182000,-0.129460,0.597290,5.342290,233.142850,-323.806760,60462.070310,,3.442750,-399.310970
11.184000,0.123050,1.067690,6.060060,233.156650,-323.806370,60770.042970,1.000000,3.353030,-399.312620
11.186000,0.481930,1.367610,5.660160,233.170970,-323.806210,60710.980470,,3.324830,-399.315060
11.188000,0.757510,1.300960,5.044920,233.187120,-323.806370,60867.070310,,3.338930,-399.317170
11.190000,0.825440,1.021550,4.809080,233.204970,-323.806610,61054.808590,,3.353030,-399.318020
11.192000,0.612670,0.629330,3.619630,233.224000,-323.806880,60777.425780,1.000000,3.396610,-399.317110
11.194000,0.317870,0.378110,2.809570,233.243000,-323.807310,61059.023440,,3.514530,-399.315190
11.196000,0.052550,0.305050,4.265630,233.261090,-323.807370,60843.867190,,3.502990,-399.313140
11.198000,-0.089720,0.487060,4.921880,233.277650,-323.807190,60858.632810,,3.501710,-399.311950
11.200000,0.030760,0.888240,5.978030,233.292650,-323.806700,60559.105470,1.000000,3.409420,-399.312530
11.200000,0.030760,0.888240,5.978030,233.292650,-323.806700,60559.105470,1.000000,3.409420,-399.312530
11.202000,0.358890,1.277890,6.818850,233.307130,-323.806060,60708.875000,,3.329960,-399.314510
11.204000,0.692140,1.393250,6.439450,233.322690,-323.805970,60519.027340,,3.331240,-399.316740
11.206000,0.897220,1.133060,5.926760,233.340270,-323.806210,60733.128910,,3.349180,-399.318240
11.208000,0.844670,0.703670,6.080570,233.359410,-323.806400,60979.925780,1.000000,3.345340,-399.318210
11.210000,0.612670,0.216610,4.839840,233.379300,-323.806760,60647.699220,,3.417110,-399.316770
11.212000,0.331970,-0.053830,3.875980,233.398700,-323.807310,60756.332030,,3.538880,-399.314640
11.214000,0.042300,-0.126890,4.614260,233.416720,-323.807160,60534.847660,,3.467100,-399.312440
11.216000,-0.158940,0.115360,5.065430,233.432680,-323.807010,60585.476560,1.000000,3.487610,-399.310940
11.218000,-0.087160,0.590880,5.567870,233.446900,-323.806640,60555.941410,,3.417110,-399.311250
11.220000,0.198670,1.081790,5.752440,233.460480,-323.806270,60590.746090,,3.345340,-399.313170
11.222000,0.552430,1.309940,5.731930,233.475010,-323.806210,60487.382810,,3.328670,-399.315610
11.224000,0.792110,1.198430,5.024410,233.491350,-323.806400,60729.960940,1.000000,3.347900,-399.317540
11.226000,0.799800,0.910030,4.306640,233.509370,-323.806610,60771.097660,,3.355590,-399.317990
11.228000,0.548580,0.533200,3.455570,233.528350,-323.806920,60887.113280,,3.426090,-399.316800
11.230000,0.253780,0.316590,3.178710,233.547120,-323.807310,60973.597660,,3.520940,-399.314790
11.232000,0.011540,0.288390,4.296390,233.564880,-323.807340,60781.640630,1.000000,3.501710,-399.312840
11.234000,-0.087160,0.540890,5.496090,233.581020,-323.807160,62015.628910,,3.501710,-399.311950
11.236000,0.089720,0.945920,5.988280,233.595790,-323.806550,60851.250000,,3.383790,-399.312900
11.238000,0.431950,1.324040,6.326660,233.610320,-323.806030,61122.308590,,3.337650,-399.315000
11.238000,0.431950,1.324040,6.326660,233.610320,-323.806030,61122.308590,,3.337650,-399.315000
11.240000,0.739560,1.353520,6.388180,233.626250,-323.806030,61063.242190,1.000000,3.333800,-399.317140
11.242000,0.902340,1.068970,5.701170,233.644120,-323.806270,60939.843750,,3.354310,-399.318390
11.244000,0.798520,0.624210,5.147460,233.663410,-323.806430,60713.089840,,3.350460,-399.318020
11.246000,0.558840,0.179440,4.480960,233.683230,-323.806880,60689.886720,,3.450440,-399.316440
11.248000,0.267880,-0.056400,3.773440,233.702390,-323.807310,60733.128910,1.000000,3.544010,-399.314240
11.250000,-0.007690,-0.085880,4.286130,233.720120,-323.807100,60437.812500,,3.461980,-399.312100
11.250000,-0.007690,-0.085880,4.286130,233.720120,-323.807100,60437.812500,,3.461980,-399.312100
11.252000,-0.169190,0.202510,5.383300,233.735750,-323.806950,60543.281250,,3.499150,-399.310940
11.254000,-0.041020,0.671630,5.762700,233.749880,-323.806550,60106.640630,,3.394040,-399.311610
11.256000,0.275570,1.129210,5.660160,233.763550,-323.806210,60599.183590,1.000000,3.349180,-399.313720
11.258000,0.612670,1.271480,6.275390,233.778430,-323.806210,60521.136720,,3.329960,-399.316130
11.260000,0.819030,1.130490,4.973140,233.795120,-323.806430,60708.875000,,3.350460,-399.317810
11.262000,0.762630,0.795960,3.988770,233.813400,-323.806640,60613.949220,,3.365840,-399.317900
11.264000,0.489620,0.446040,3.711910,233.832400,-323.807040,60972.542970,1.000000,3.455570,-399.316440
11.266000,0.190980,0.275570,3.517090,233.850920,-323.807340,60820.664060,,3.528630,-399.314360
11.268000,-0.029480,0.308900,4.275880,233.868260,-323.807310,60759.496090,,3.509400,-399.312530
11.270000,-0.073060,0.631900,5.772950,233.883880,-323.807040,60810.121090,,3.491460,-399.312010
11.272000,0.160220,1.065120,6.531740,233.898350,-323.806370,60474.730470,1.000000,3.363280,-399.313290
11.274000,0.505000,1.402220,6.480470,233.912950,-323.805940,60841.761720,,3.335080,-399.315490
11.276000,0.786990,1.334290,6.593260,233.929310,-323.806060,60698.324220,,3.344060,-399.317540
11.278000,0.903630,1.027950,5.619140,233.947450,-323.806300,60897.656250,,3.358150,-399.318450
11.280000,0.749820,0.548580,5.342290,233.966950,-323.806490,60948.281250,1.000000,3.355590,-399.317750
11.282000,0.503720,0.149960,4.604000,233.986720,-323.807040,60909.257810,,3.492740,-399.315980
11.284000,0.197390,-0.042300,3.855470,234.005650,-323.807280,60523.242190,,3.520940,-399.313720
11.286000,-0.065370,-0.008970,4.245120,234.022990,-323.807070,60821.722660,,3.470950,-399.311710
11.288000,-0.169190,0.339660,5.393550,234.038330,-323.806880,60501.097660,1.000000,3.482480,-399.310910
11.290000,0.010250,0.815190,5.896000,234.052320,-323.806490,60494.769530,,3.374820,-399.311980
11.292000,0.348630,1.222780,5.783200,234.066250,-323.806210,60633.984380,,3.346620,-399.314210
11.294000,0.669070,1.291990,5.649900,234.081570,-323.806240,60345.003910,,3.329960,-399.316560
11.296000,0.836980,1.093320,4.962890,234.098690,-323.806490,60603.402340,1.000000,3.358150,-399.317960
11.298000,0.715210,0.725460,4.101560,234.117290,-323.806700,60707.812500,,3.367130,-399.317690
11.300000,0.431950,0.401180,3.476070,234.136350,-323.807130,60783.753910,,3.482480,-399.316010
11.302000,0.137150,0.258910,3.722170,234.154850,-323.807340,60547.503910,,3.511960,-399.313900
11.304000,-0.062810,0.334530,4.593750,234.172000,-323.807250,60909.257810,1.000000,3.504270,-399.312260
11.306000,-0.046140,0.683170,5.731930,234.187450,-323.806950,60745.785160,,3.465820,-399.312100
11.308000,0.230710,1.116390,6.388180,234.201900,-323.806270,60666.679690,,3.345340,-399.313690
11.310000,0.579350,1.391970,6.439450,234.216720,-323.805970,60935.625000,,3.323550,-399.315950
11.312000,0.839540,1.257390,6.152340,234.233440,-323.806180,60651.917970,1.000000,3.347900,-399.317810
11.314000,0.897220,0.917720,6.080570,234.251850,-323.806340,60832.265630,,3.347900,-399.318420
11.316000,0.702390,0.449890,4.911620,234.271380,-323.806580,60737.347660,,3.368410,-399.317410
11.318000,0.446040,0.134580,3.773440,234.290760,-323.807160,60801.679690,,3.518370,-399.315460
11.320000,0.134580,0.007690,4.040040,234.309130,-323.807250,60747.894530,1.000000,3.490170,-399.313200
11.322000,-0.108950,0.152530,4.706540,234.325700,-323.807040,60741.566410,,3.479920,-399.311310
11.324000,-0.151250,0.572940,5.044920,234.340390,-323.806820,60506.371090,,3.454280,-399.310910
11.326000,0.071780,1.061280,5.854980,234.354100,-323.806400,60762.656250,,3.358150,-399.312320
11.328000,0.422970,1.407350,5.752440,234.368120,-323.806210,60696.214840,1.000000,3.324830,-399.314670
11.330000,0.716490,1.386840,5.178220,234.383900,-323.806340,60519.027340,,3.329960,-399.316860
11.332000,0.828000,1.131770,5.239750,234.401470,-323.806550,60750.003910,,3.351750,-399.317960
11.334000,0.653690,0.720340,3.958010,234.420430,-323.806790,60059.183590,,3.372250,-399.317320
11.336000,0.366580,0.415280,3.065920,234.439610,-323.807250,60710.980470,1.000000,3.504270,-399.315490
11.338000,0.087160,0.284550,4.675780,234.458050,-323.807400,60433.597660,,3.504270,-399.313450
11.340000,-0.078190,0.402470,4.973140,234.475020,-323.807250,60473.671880,,3.496580,-399.312040
11.342000,-0.006410,0.771610,5.967770,234.490360,-323.806820,60444.144530,,3.438900,-399.312290
11.344000,0.299930,1.172790,6.829100,234.504940,-323.806150,60684.609380,1.000000,3.324830,-399.314120
11.346000,0.643430,1.353520,6.644530,234.520280,-323.805970,60658.246090,,3.326110,-399.316410
11.348000,0.871580,1.139470,6.121580,234.537600,-323.806210,60698.324220,,3.344060,-399.318080
11.350000,0.870300,0.743410,6.203610,234.556500,-323.806400,61063.242190,,3.336360,-399.318300
11.352000,0.653690,0.246090,5.096190,234.576350,-323.806670,60785.859380,1.000000,3.392760,-399.317020
11.354000,0.383240,-0.053830,3.752930,234.595870,-323.807250,60963.046880,,3.526060,-399.315000
11.356000,0.084590,-0.160220,4.296390,234.614110,-323.807220,60920.859380,,3.476070,-399.312740
11.358000,-0.138430,0.041020,4.757810,234.630290,-323.807040,60778.476560,,3.474790,-399.311100
11.360000,-0.114070,0.508850,5.260250,234.644610,-323.806760,60747.894530,1.000000,3.435060,-399.311070
11.362000,0.143550,1.012570,5.896000,234.658100,-323.806340,60718.363280,,3.347900,-399.312770
11.364000,0.499880,1.313780,5.701170,234.672230,-323.806210,60459.964840,,3.318420,-399.315190
11.366000,0.769040,1.254820,4.911620,234.688160,-323.806370,60610.785160,,3.341490,-399.317260
11.368000,0.822880,1.004880,4.860350,234.705800,-323.806610,60972.542970,1.000000,3.345340,-399.318020
11.370000,0.601140,0.639590,3.958010,234.724590,-323.806880,60527.468750,,3.395320,-399.317020
11.372000,0.305050,0.398620,3.137700,234.743380,-323.807310,60638.207030,,3.515810,-399.315060
11.374000,0.043580,0.340940,4.491210,234.761310,-323.807400,60500.039060,,3.500430,-399.313020
11.376000,-0.093570,0.553710,5.352540,234.777620,-323.807220,60629.769530,1.000000,3.502990,-399.311890
11.378000,0.033330,0.970280,6.213870,234.792480,-323.806700,60509.535160,,3.405580,-399.312530
11.380000,0.366580,1.376590,6.552250,234.806820,-323.806090,60587.582030,,3.327390,-399.314540
11.382000,0.693420,1.490660,6.613770,234.822370,-323.806000,60496.882810,,3.332520,-399.316800
11.384000,0.894650,1.231750,6.213870,234.839920,-323.806240,60690.941410,1.000000,3.347900,-399.318270
11.386000,0.839540,0.812620,5.475590,234.858950,-323.806400,60628.714840,,3.344060,-399.318180
11.388000,0.603700,0.340940,4.614260,234.878800,-323.806760,60834.378910,,3.419680,-399.316710
11.390000,0.321720,0.066650,3.773440,234.898150,-323.807310,61071.679690,,3.538880,-399.314610
11.392000,0.032040,-0.010250,3.978520,234.916240,-323.807160,60655.078130,1.000000,3.464540,-399.312380
11.394000,-0.160220,0.197390,5.014160,234.932420,-323.807010,61008.398440,,3.486330,-399.310970
11.396000,-0.078190,0.628050,5.444820,234.946950,-323.806640,60740.511720,,3.415830,-399.311340
11.398000,0.215330,1.060000,5.465330,234.960850,-323.806300,60856.527340,,3.342770,-399.313260
11.400000,0.566530,1.256100,5.701170,234.975630,-323.806210,60787.972660,1.000000,3.331240,-399.315730
11.402000,0.804930,1.126650,4.993650,234.992220,-323.806430,60858.632810,,3.347900,-399.317630
11.404000,0.803650,0.801090,4.163090,235.010420,-323.806610,60512.699220,,3.358150,-399.318050
11.406000,0.544740,0.435790,3.640140,235.029450,-323.806920,60820.664060,,3.428650,-399.316770
11.408000,0.243530,0.242250,3.496580,235.048130,-323.807310,60602.347660,1.000000,3.522220,-399.314700
11.410000,0.001280,0.240970,4.429690,235.065720,-323.807310,60478.949220,,3.502990,-399.312740
11.412000,-0.093570,0.513980,5.813960,235.081650,-323.807130,60688.832030,,3.500430,-399.311890
11.414000,0.098690,0.942080,6.470210,235.096220,-323.806490,60206.835940,,3.378660,-399.312930
11.414000,0.098690,0.942080,6.470210,235.096220,-323.806490,60206.835940,,3.378660,-399.312930
11.416000,0.446040,1.320190,6.459960,235.110670,-323.806000,60515.859380,1.000000,3.335080,-399.315060
11.418000,0.748540,1.327880,7.085450,235.126600,-323.806030,60669.843750,,3.336360,-399.317200
11.420000,0.906190,1.053590,6.234380,235.144450,-323.806300,60546.445310,,3.354310,-399.318390
11.422000,0.792110,0.612670,5.291020,235.163680,-323.806460,60671.953130,,3.353030,-399.317960
11.424000,0.552430,0.198670,4.706540,235.183300,-323.806880,60781.640630,1.000000,3.456850,-399.316310
11.426000,0.255070,0.005130,3.906740,235.202190,-323.807280,60806.957030,,3.536320,-399.314120
11.428000,-0.020510,0.014100,4.163090,235.219650,-323.807070,60689.886720,,3.463260,-399.311980
11.430000,-0.173030,0.343510,5.270510,235.235050,-323.806920,60948.281250,,3.495300,-399.310880
11.432000,-0.035890,0.820310,5.721680,235.249070,-323.806520,60636.097660,1.000000,3.387630,-399.311650
11.434000,0.284550,1.258670,5.414060,235.262820,-323.806210,60733.128910,,3.347900,-399.313780
11.436000,0.624210,1.379150,5.434570,235.277880,-323.806210,60678.281250,,3.329960,-399.316190
11.438000,0.822880,1.195860,4.388670,235.294830,-323.806460,60785.859380,,3.347900,-399.317840
11.440000,0.753660,0.830570,4.029790,235.313320,-323.806640,60947.226560,1.000000,3.363280,-399.317840
11.442000,0.478090,0.471680,3.486330,235.332520,-323.807040,60726.800780,,3.458130,-399.316350
11.444000,0.180730,0.289670,3.640140,235.351230,-323.807370,60471.566410,,3.520940,-399.314270
11.446000,-0.035890,0.319150,4.296390,235.368730,-323.807310,60680.394530,,3.509400,-399.312470
11.448000,-0.065370,0.637020,5.752440,235.384450,-323.807040,60547.503910,1.000000,3.482480,-399.312010
11.450000,0.174320,1.063840,6.798340,235.398970,-323.806340,60418.832030,,3.359440,-399.313390
11.452000,0.525510,1.388120,6.706050,235.413650,-323.805940,60582.308590,,3.331240,-399.315610
11.454000,0.806210,1.315060,6.500980,235.430020,-323.806060,60241.644530,,3.341490,-399.317630
11.456000,0.906190,0.981810,6.285640,235.448260,-323.806300,60547.503910,1.000000,3.358150,-399.318480
11.458000,0.742130,0.503720,5.578130,235.467740,-323.806490,60427.265630,,3.354310,-399.317690
11.460000,0.496030,0.105100,4.224610,235.487500,-323.807040,60733.128910,,3.499150,-399.315890
11.462000,0.188420,-0.092290,3.906740,235.506380,-323.807280,60525.351560,,3.510680,-399.313630
11.464000,-0.071780,-0.043580,4.562990,235.523540,-323.807040,60737.347660,1.000000,3.472230,-399.311610
11.466000,-0.167910,0.328130,5.157710,235.538650,-323.806880,60702.542970,,3.477360,-399.310850
11.468000,0.020510,0.834410,5.701170,235.552430,-323.806460,60760.550780,,3.364560,-399.312010
11.470000,0.360170,1.261230,5.742190,235.566190,-323.806210,61006.292970,,3.340210,-399.314240
11.472000,0.678040,1.316350,5.085940,235.581500,-323.806300,60712.035160,1.000000,3.328670,-399.316590
11.474000,0.834410,1.120240,4.901370,235.598620,-323.806520,60883.949220,,3.354310,-399.317960
11.476000,0.703670,0.758790,3.752930,235.617200,-323.806730,60764.769530,,3.360720,-399.317570
11.478000,0.419130,0.438350,2.912110,235.636230,-323.807190,60959.886720,,3.485050,-399.315890
11.480000,0.125610,0.306340,3.742680,235.654630,-323.807400,60538.007810,1.000000,3.513240,-399.313810
11.482000,-0.066650,0.394780,4.737300,235.671720,-323.807280,60649.804690,,3.497860,-399.312160
11.484000,-0.038450,0.747250,5.567870,235.687120,-323.806950,60329.183590,,3.461980,-399.312130
11.486000,0.246090,1.163820,6.541990,235.701680,-323.806240,60772.152340,,3.338930,-399.313750
11.488000,0.590880,1.407350,6.777830,235.716720,-323.805970,60581.250000,1.000000,3.319700,-399.316040
11.490000,0.844670,1.247130,6.265140,235.733670,-323.806180,60453.636720,,3.346620,-399.317840
11.492000,0.892090,0.874150,6.541990,235.752300,-323.806340,60732.078130,,3.342770,-399.318390
11.494000,0.692140,0.387080,5.516600,235.772050,-323.806610,59364.144530,,3.368410,-399.317320
11.496000,0.435790,0.057680,3.906740,235.791630,-323.807190,60630.824220,1.000000,3.515810,-399.315400
11.498000,0.129460,-0.075620,4.511720,235.810120,-323.807280,60644.535160,,3.490170,-399.313110
11.500000,-0.110230,0.061520,4.921880,235.826720,-323.807040,60561.210940,,3.476070,-399.311310
11.500000,-0.110230,0.061520,4.921880,235.826720,-323.807040,60561.210940,,3.476070,-399.311310
11.502000,-0.143550,0.490910,5.116700,235.841370,-323.806820,60469.453130,,3.454280,-399.310910
11.504000,0.083310,0.990780,5.906250,235.855000,-323.806400,60682.503910,1.000000,3.354310,-399.312410
11.506000,0.437070,1.335570,5.967770,235.868970,-323.806210,60642.421880,,3.322270,-399.314760
11.508000,0.729310,1.316350,5.137210,235.884670,-323.806370,60739.460940,,3.329960,-399.316960
11.510000,0.836980,1.074100,4.921880,235.902180,-323.806550,61071.679690,,3.346620,-399.318020
11.512000,0.656250,0.694700,4.122070,235.920970,-323.806790,60913.476560,1.000000,3.370970,-399.317290
11.514000,0.360170,0.412720,2.830080,235.939930,-323.807280,61160.273440,,3.504270,-399.315460
11.516000,0.079470,0.305050,3.875980,235.958130,-323.807400,60969.378910,,3.500430,-399.313350
11.518000,-0.089720,0.456300,4.839840,235.974870,-323.807280,60845.980470,,3.492740,-399.311950
11.520000,-0.007690,0.843380,5.598630,235.989970,-323.806850,60651.917970,1.000000,3.435060,-399.312290
11.522000,0.306340,1.244570,6.265140,236.004430,-323.806180,60697.265630,,3.324830,-399.314120
11.524000,0.648560,1.409910,6.388180,236.019780,-323.806000,60332.347660,,3.329960,-399.316440
11.526000,0.877990,1.190730,5.947270,236.037050,-323.806210,60543.281250,,3.345340,-399.318080
11.528000,0.871580,0.802370,5.988280,236.055920,-323.806430,60723.636720,1.000000,3.338930,-399.318300
11.530000,0.648560,0.302490,5.198730,236.075780,-323.806700,60527.468750,,3.394040,-399.316990
11.532000,0.375550,0.006410,3.875980,236.095280,-323.807280,60722.578130,,3.527340,-399.314940
11.534000,0.075620,-0.111510,4.337400,236.113600,-323.807190,60473.671880,,3.473510,-399.312680
11.536000,-0.146120,0.061520,5.137210,236.130000,-323.807040,60574.925780,1.000000,3.473510,-399.311040
11.538000,-0.114070,0.494750,5.629390,236.144610,-323.806760,60516.917970,,3.432500,-399.311040
11.540000,0.148680,0.960020,5.711430,236.158400,-323.806370,60571.761720,,3.347900,-399.312810
11.542000,0.507570,1.229190,5.875490,236.172820,-323.806210,60646.640630,,3.322270,-399.315250
11.544000,0.772890,1.152280,5.321780,236.189030,-323.806400,60756.332030,1.000000,3.342770,-399.317320
11.546000,0.824160,0.869020,4.562990,236.206880,-323.806610,60819.613280,,3.351750,-399.318050
11.548000,0.596010,0.493470,3.824710,236.225800,-323.806880,60999.964840,,3.405580,-399.317020
11.550000,0.301210,0.267880,3.199220,236.244600,-323.807310,60970.429690,,3.513240,-399.315060
11.552000,0.039730,0.216610,4.163090,236.262480,-323.807340,60663.519530,1.000000,3.497860,-399.313020
11.554000,-0.091000,0.431950,5.260250,236.278730,-323.807190,60925.078130,,3.501710,-399.311890
11.556000,0.048710,0.860050,6.162600,236.293460,-323.806610,60799.574220,,3.395320,-399.312590
11.558000,0.384520,1.261230,6.234380,236.307770,-323.806060,60755.273440,,3.323550,-399.314640
11.560000,0.706240,1.352230,6.511230,236.323380,-323.806000,60856.527340,1.000000,3.329960,-399.316860
11.562000,0.895940,1.094600,6.295900,236.340940,-323.806270,60835.433590,,3.344060,-399.318270
11.564000,0.828000,0.676760,5.496090,236.359970,-323.806430,60572.816410,,3.341490,-399.318120
11.566000,0.592160,0.235840,4.778320,236.379620,-323.806820,60706.761720,,3.423520,-399.316590
11.568000,0.307620,0.017940,4.163090,236.398680,-323.807310,60870.238280,1.000000,3.538880,-399.314480
11.570000,0.023070,-0.007690,4.163090,236.416320,-323.807160,60535.902340,,3.465820,-399.312290
11.572000,-0.166630,0.271730,5.147460,236.432020,-323.807010,60631.875000,,3.491460,-399.310910
11.574000,-0.071780,0.747250,5.813960,236.446120,-323.806610,60328.128910,,3.405580,-399.311340
11.576000,0.223020,1.220210,5.557620,236.459730,-323.806270,60562.265630,1.000000,3.344060,-399.313320
11.578000,0.571660,1.413760,6.039550,236.474380,-323.806210,60584.417970,,3.323550,-399.315770
11.580000,0.799800,1.270200,5.208980,236.490980,-323.806430,60703.597660,,3.341490,-399.317630
11.580000,0.799800,1.270200,5.208980,236.490980,-323.806430,60703.597660,,3.341490,-399.317630
11.582000,0.783140,0.911320,4.163090,236.509290,-323.806640,60574.925780,,3.355590,-399.317960
11.584000,0.522950,0.508850,3.681150,236.528580,-323.806980,60955.664060,1.000000,3.431210,-399.316650
11.586000,0.229430,0.269170,3.547850,236.547610,-323.807340,60875.511720,,3.517090,-399.314640
11.588000,-0.001280,0.233280,4.183590,236.565520,-323.807340,60708.875000,,3.501710,-399.312710
11.590000,-0.082030,0.487060,5.526860,236.581760,-323.807130,60847.031250,,3.497860,-399.312010
11.592000,0.117920,0.895940,6.439450,236.596570,-323.806490,60502.152340,1.000000,3.373540,-399.313080
11.594000,0.458860,1.259950,6.285640,236.611220,-323.806000,60799.574220,,3.337650,-399.315220
11.596000,0.758790,1.261230,6.326660,236.627300,-323.806060,60617.113280,,3.333800,-399.317320
11.598000,0.906190,0.971560,6.070310,236.645250,-323.806300,60756.332030,,3.356870,-399.318450
11.600000,0.783140,0.522950,5.311520,236.664520,-323.806460,61286.835940,1.000000,3.347900,-399.317960
11.602000,0.540890,0.115360,4.573240,236.684200,-323.806920,60960.941410,,3.464540,-399.316280
11.604000,0.242250,-0.080750,3.999020,236.703090,-323.807310,60549.613280,,3.529910,-399.314060
11.606000,-0.029480,-0.058960,4.214360,236.720440,-323.807070,60655.078130,,3.461980,-399.311920
11.608000,-0.170470,0.280700,5.301270,236.735750,-323.806880,60744.730470,1.000000,3.492740,-399.310910
11.610000,-0.024350,0.770320,6.029300,236.749650,-323.806520,60566.488280,,3.383790,-399.311740
11.612000,0.299930,1.212520,5.793460,236.763380,-323.806210,60613.949220,,3.351750,-399.313870
11.614000,0.629330,1.321470,5.434570,236.778430,-323.806240,60412.503910,,3.327390,-399.316250
11.616000,0.819030,1.149720,5.157710,236.795350,-323.806490,60627.656250,1.000000,3.351750,-399.317810
11.618000,0.737000,0.810060,4.316890,236.813720,-323.806670,60685.664060,,3.363280,-399.317780
11.620000,0.463990,0.475520,3.291500,236.832780,-323.807070,60767.933590,,3.460690,-399.316250
11.622000,0.171750,0.321720,3.640140,236.851270,-323.807370,60589.691410,,3.524780,-399.314180
11.624000,-0.039730,0.371700,4.686040,236.868550,-323.807310,60897.656250,1.000000,3.506840,-399.312440
11.626000,-0.061520,0.708800,5.444820,236.884090,-323.807040,60700.429690,,3.482480,-399.312040
11.628000,0.189700,1.144590,6.429200,236.898570,-323.806340,60751.054690,,3.358150,-399.313480
11.630000,0.531920,1.457340,6.767580,236.913330,-323.805940,61030.550780,,3.329960,-399.315700
11.632000,0.804930,1.343260,6.172850,236.929900,-323.806090,60673.011720,1.000000,3.342770,-399.317660
11.634000,0.897220,0.986940,6.008790,236.948350,-323.806340,60705.707030,,3.356870,-399.318450
11.636000,0.729310,0.488340,5.414060,236.968020,-323.806520,60867.070310,,3.354310,-399.317630
11.638000,0.483220,0.103820,3.988770,236.987820,-323.807040,60919.804690,,3.499150,-399.315800
11.640000,0.175600,-0.078190,3.958010,237.006670,-323.807280,61048.476560,1.000000,3.508120,-399.313540
11.642000,-0.079470,-0.016660,4.809080,237.023800,-323.807040,60812.230470,,3.473510,-399.311580
11.644000,-0.162780,0.352480,5.075680,237.038890,-323.806880,60485.273440,,3.472230,-399.310910
11.646000,0.033330,0.833130,5.844730,237.052720,-323.806460,60786.917970,,3.368410,-399.312100
11.648000,0.376830,1.215090,6.080570,237.066650,-323.806210,60764.769530,1.000000,3.340210,-399.314390
11.650000,0.693420,1.240720,5.270510,237.082150,-323.806300,60568.593750,,3.328670,-399.316710
11.652000,0.845950,1.010010,5.096190,237.099500,-323.806520,60699.378910,,3.354310,-399.318020
11.654000,0.699830,0.622920,4.450200,237.118300,-323.806730,59752.265630,,3.363280,-399.317570
11.656000,0.410160,0.299930,3.117190,237.137420,-323.807190,60728.910160,1.000000,3.490170,-399.315830
11.658000,0.117920,0.165340,3.865720,237.155850,-323.807370,60550.664060,,3.508120,-399.313690
11.660000,-0.076900,0.270450,5.024410,237.172880,-323.807280,60682.503910,,3.500430,-399.312100
11.662000,-0.039730,0.646000,5.660160,237.188130,-323.806920,60311.250000,,3.458130,-399.312070
11.664000,0.251220,1.090760,6.521480,237.202450,-323.806210,60533.792970,1.000000,3.337650,-399.313780
11.666000,0.602420,1.356080,6.757320,237.217300,-323.805970,60524.300780,,3.324830,-399.316070
11.668000,0.857480,1.220210,6.203610,237.233990,-323.806210,60539.062500,,3.347900,-399.317930
11.670000,0.901060,0.902340,6.060060,237.252380,-323.806370,60921.917970,,3.341490,-399.318420
11.672000,0.695980,0.422970,5.424320,237.271900,-323.806610,60732.078130,1.000000,3.372250,-399.317290
11.674000,0.429380,0.097410,3.834960,237.291320,-323.807190,60878.679690,,3.520940,-399.315340
11.676000,0.119200,-0.032040,4.060550,237.309750,-323.807250,60848.093750,,3.482480,-399.312990
11.678000,-0.125610,0.089720,4.911620,237.326430,-323.807040,60878.679690,,3.476070,-399.311190
11.680000,-0.146120,0.499880,5.106450,237.341250,-323.806820,60838.593750,1.000000,3.447880,-399.310850
11.682000,0.089720,0.966430,5.690920,237.355120,-323.806400,60763.714840,,3.355590,-399.312380
11.684000,0.447330,1.284300,5.854980,237.369370,-323.806210,60225.824220,,3.322270,-399.314790
11.686000,0.738280,1.254820,5.332030,237.385300,-323.806370,60626.601560,,3.335080,-399.316990
11.688000,0.838260,1.010010,4.891110,237.402920,-323.806580,60876.562500,1.000000,3.346620,-399.317990
11.690000,0.648560,0.635740,4.101560,237.421750,-323.806850,60609.730470,,3.379940,-399.317260
11.692000,0.355040,0.369140,3.014650,237.440670,-323.807280,60725.746090,,3.510680,-399.315370
11.694000,0.071780,0.287110,3.988770,237.458770,-323.807370,60485.273440,,3.499150,-399.313260
11.696000,-0.091000,0.455020,5.219240,237.475370,-323.807220,60664.570310,1.000000,3.497860,-399.311890
11.698000,0.000000,0.860050,6.254880,237.490330,-323.806760,60523.242190,,3.427370,-399.312290
11.700000,0.319150,1.266360,6.347170,237.504730,-323.806120,60607.621090,,3.322270,-399.314210
11.702000,0.660100,1.415040,6.490720,237.520080,-323.806000,60403.011720,,3.329960,-399.316470
11.704000,0.883120,1.180480,6.511230,237.537450,-323.806210,60954.613280,1.000000,3.342770,-399.318120
11.706000,0.871580,0.772890,5.926760,237.556430,-323.806400,60668.792970,,3.335080,-399.318270
11.708000,0.646000,0.270450,4.942380,237.576290,-323.806730,60983.089840,,3.401730,-399.316960
11.710000,0.370420,-0.005130,4.101560,237.595720,-323.807310,61159.222660,,3.533750,-399.314880
11.712000,0.065370,-0.103820,4.070800,237.613910,-323.807190,60714.144530,1.000000,3.469670,-399.312560
11.714000,-0.158940,0.093570,4.870610,237.630130,-323.807040,60968.324220,,3.481200,-399.310940
11.716000,-0.116640,0.544740,5.588380,237.644550,-323.806730,60773.203130,,3.429930,-399.311040
11.718000,0.153810,1.034360,5.475590,237.658200,-323.806340,60845.980470,,3.345340,-399.312840
11.720000,0.516540,1.290710,5.567870,237.672650,-323.806210,60931.410160,1.000000,3.323550,-399.315310
11.720000,0.516540,1.290710,5.567870,237.672650,-323.806210,60931.410160,1.000000,3.323550,-399.315310
11.722000,0.780580,1.200990,5.342290,237.688900,-323.806370,60877.621090,,3.338930,-399.317380
11.724000,0.821590,0.903630,4.245120,237.706880,-323.806610,60493.714840,,3.346620,-399.318050
11.726000,0.583190,0.506290,3.660640,237.725920,-323.806880,60775.316410,,3.406860,-399.316960
11.728000,0.284550,0.267880,3.527340,237.744840,-323.807340,60690.941410,1.000000,3.517090,-399.314970
11.730000,0.029480,0.212770,4.224610,237.762800,-323.807400,60513.753910,,3.499150,-399.312960
11.732000,-0.097410,0.433230,5.250000,237.779130,-323.807190,60555.941410,,3.502990,-399.311890
11.734000,0.055110,0.849790,6.552250,237.793950,-323.806640,60358.714840,,3.394040,-399.312710
11.736000,0.394780,1.244570,6.470210,237.808400,-323.806060,60464.183590,1.000000,3.331240,-399.314790
11.738000,0.721620,1.324040,6.695800,237.824080,-323.806030,60551.722660,,3.328670,-399.316990
11.740000,0.913880,1.067690,6.531740,237.841720,-323.806270,60578.089840,,3.346620,-399.318390
11.742000,0.838260,0.630620,5.547360,237.860820,-323.806430,60559.105470,,3.345340,-399.318210
11.744000,0.593440,0.176880,4.624510,237.880570,-323.806820,60708.875000,1.000000,3.428650,-399.316620
11.746000,0.296080,-0.048710,4.132320,237.899720,-323.807310,60819.613280,,3.538880,-399.314390
11.748000,0.005130,-0.091000,4.122070,237.917500,-323.807130,60816.445310,,3.461980,-399.312160
11.750000,-0.179440,0.180730,5.003910,237.933230,-323.806980,61048.476560,,3.488890,-399.310820
11.750000,-0.179440,0.180730,5.003910,237.933230,-323.806980,61048.476560,,3.488890,-399.310820
11.752000,-0.070500,0.657530,5.752440,237.947370,-323.806610,60658.246090,1.000000,3.406860,-399.311340
11.754000,0.234560,1.115110,5.434570,237.961000,-323.806300,60721.527340,,3.346620,-399.313390
11.756000,0.585750,1.302250,5.383300,237.975690,-323.806240,60756.332030,,3.332520,-399.315890
11.758000,0.811340,1.176640,5.014160,237.992250,-323.806460,60842.816410,,3.347900,-399.317690
11.760000,0.785710,0.857480,4.070800,238.010350,-323.806640,61197.191410,1.000000,3.360720,-399.317960
11.762000,0.519100,0.501160,3.178710,238.029330,-323.806980,60737.347660,,3.441470,-399.316620
11.764000,0.220460,0.315310,3.537600,238.047940,-323.807310,60475.785160,,3.519650,-399.314540
11.766000,-0.011540,0.326840,4.450200,238.065430,-323.807310,60530.625000,,3.502990,-399.312650
11.768000,-0.085880,0.624210,5.690920,238.081250,-323.807070,60549.613280,1.000000,3.495300,-399.311950
11.770000,0.121770,1.048460,6.531740,238.095790,-323.806460,60410.394530,,3.373540,-399.313080
11.772000,0.471680,1.402220,6.541990,238.110400,-323.805970,60640.316410,,3.340210,-399.315280
11.774000,0.767760,1.361210,6.254880,238.126600,-323.806060,60336.566410,,3.342770,-399.317380
11.776000,0.910030,1.049740,6.234380,238.144740,-323.806300,60545.390630,1.000000,3.360720,-399.318450
11.778000,0.775450,0.563960,5.711430,238.164280,-323.806430,60657.187500,,3.353030,-399.317900
11.780000,0.531920,0.133300,4.234860,238.184200,-323.806950,60662.460940,,3.472230,-399.316190
11.782000,0.229430,-0.076900,3.875980,238.203350,-323.807280,60433.597660,,3.535030,-399.313960
11.784000,-0.042300,-0.061520,4.675780,238.220900,-323.807070,60959.886720,1.000000,3.464540,-399.311860
11.786000,-0.175600,0.269170,5.075680,238.236330,-323.806880,60691.992190,,3.492740,-399.310880
11.788000,-0.016660,0.752380,5.670410,238.250350,-323.806490,60802.738280,,3.385070,-399.311770
11.790000,0.312740,1.172790,5.947270,238.264210,-323.806210,61105.433590,,3.353030,-399.313960
11.792000,0.648560,1.266360,5.239750,238.279370,-323.806210,60664.570310,1.000000,3.329960,-399.316380
11.794000,0.840820,1.088200,4.747560,238.296400,-323.806490,60864.964840,,3.358150,-399.317960
11.796000,0.747250,0.734440,4.142580,238.314850,-323.806640,60869.179690,,3.368410,-399.317840
11.798000,0.465270,0.405030,3.076170,238.333890,-323.807070,60953.558590,,3.467100,-399.316250
11.800000,0.161500,0.248660,3.435060,238.352400,-323.807340,60527.468750,1.000000,3.527340,-399.314090
11.802000,-0.057680,0.303770,4.880860,238.369670,-323.807250,60709.925780,,3.506840,-399.312320
11.804000,-0.066650,0.638310,5.434570,238.385220,-323.807010,60253.242190,,3.479920,-399.311980
11.806000,0.192260,1.062560,6.418950,238.399700,-323.806300,60704.648440,,3.359440,-399.313420
11.808000,0.542180,1.367610,7.034180,238.414440,-323.805940,60678.281250,1.000000,3.333800,-399.315700
11.810000,0.816470,1.265080,6.285640,238.430970,-323.806120,60471.566410,,3.350460,-399.317690
11.812000,0.904910,0.954900,5.875490,238.449200,-323.806340,60727.851560,,3.360720,-399.318450
11.814000,0.729310,0.501160,6.193360,238.468630,-323.806520,60411.445310,,3.358150,-399.317600
11.816000,0.479370,0.139710,3.916990,238.488140,-323.807070,60579.144530,1.000000,3.511960,-399.315730
11.818000,0.169190,-0.010250,3.804200,238.506700,-323.807250,60670.902340,,3.506840,-399.313480
11.820000,-0.088440,0.076900,5.003910,238.523540,-323.807040,60615.003910,,3.482480,-399.311460
11.822000,-0.164060,0.475520,5.137210,238.538500,-323.806820,60433.597660,,3.470950,-399.310850
11.824000,0.038450,0.947200,5.834470,238.552320,-323.806430,60656.136720,1.000000,3.368410,-399.312100
11.826000,0.384520,1.317630,6.121580,238.566330,-323.806180,60687.777340,,3.340210,-399.314420
11.828000,0.694700,1.327880,5.383300,238.581920,-323.806300,60659.300780,,3.329960,-399.316710
11.830000,0.839540,1.092040,4.768070,238.599350,-323.806520,61013.671880,,3.359440,-399.317960
11.832000,0.688290,0.697270,4.224610,238.618180,-323.806760,60750.003910,1.000000,3.365840,-399.317500
11.834000,0.401180,0.370420,2.994140,238.637340,-323.807190,61032.664060,,3.497860,-399.315730
11.836000,0.111510,0.229430,3.691410,238.655820,-323.807370,60886.062500,,3.513240,-399.313660
11.838000,-0.075620,0.323000,4.993650,238.672900,-323.807250,60825.941410,,3.499150,-399.312100
11.840000,-0.028200,0.689580,5.711430,238.688250,-323.806880,60668.792970,1.000000,3.460690,-399.312160
11.842000,0.266600,1.108700,6.347170,238.702740,-323.806180,60611.835940,,3.336360,-399.313870
11.844000,0.611390,1.325320,6.552250,238.717880,-323.805940,60351.332030,,3.327390,-399.316160
11.846000,0.860050,1.144590,6.429200,238.734970,-323.806180,60467.347660,,3.347900,-399.317930
11.848000,0.886960,0.765200,6.121580,238.753720,-323.806340,60780.585940,1.000000,3.342770,-399.318360
11.850000,0.681880,0.269170,5.301270,238.773530,-323.806610,60633.984380,,3.377380,-399.317230
11.852000,0.419130,-0.043580,3.916990,238.793080,-323.807190,60745.785160,,3.528630,-399.315220
11.854000,0.111510,-0.178160,3.988770,238.811480,-323.807220,60482.113280,,3.482480,-399.312960
11.856000,-0.126890,-0.011540,5.034670,238.827930,-323.807010,60514.808590,1.000000,3.479920,-399.311160
11.858000,-0.139710,0.431950,5.875490,238.842420,-323.806790,60668.792970,,3.450440,-399.310910
11.860000,0.099980,0.949770,5.680660,238.855960,-323.806370,60569.648440,,3.356870,-399.312440
11.862000,0.462710,1.289430,5.783200,238.869950,-323.806210,60524.300780,,3.326110,-399.314910
11.864000,0.747250,1.254820,5.680660,238.885760,-323.806340,61075.902340,1.000000,3.336360,-399.317080
11.866000,0.838260,1.016420,4.768070,238.903310,-323.806550,60958.832030,,3.349180,-399.318020
11.868000,0.635740,0.626770,3.804200,238.922120,-323.806820,61115.980470,,3.385070,-399.317200
11.870000,0.340940,0.364010,3.291500,238.941070,-323.807250,60996.800780,,3.511960,-399.315280
11.872000,0.064090,0.275570,3.958010,238.959200,-323.807340,60620.273440,1.000000,3.497860,-399.313200
11.874000,-0.094850,0.448610,5.003910,238.975800,-323.807220,60899.769530,,3.499150,-399.311890
11.876000,0.005130,0.843380,6.295900,238.990840,-323.806760,60886.062500,,3.424800,-399.312320
11.878000,0.329410,1.261230,6.254880,239.005250,-323.806120,60873.402340,,3.326110,-399.314270
11.880000,0.670350,1.412480,6.080570,239.020650,-323.806000,60860.746090,1.000000,3.338930,-399.316560
11.882000,0.892090,1.174070,6.521480,239.038070,-323.806240,60833.324220,,3.347900,-399.318180
11.884000,0.866460,0.775450,5.557620,239.057010,-323.806400,60601.292970,,3.342770,-399.318270
11.886000,0.637020,0.301210,4.655270,239.076750,-323.806730,60754.222660,,3.406860,-399.316890
11.888000,0.356320,0.038450,4.378420,239.096070,-323.807280,60812.230470,1.000000,3.535030,-399.314790
11.890000,0.056400,-0.042300,4.081050,239.114180,-323.807160,60443.089840,,3.472230,-399.312500
11.892000,-0.158940,0.153810,4.716800,239.130370,-323.807010,60511.644530,,3.482480,-399.310940
11.894000,-0.103820,0.597290,5.916500,239.144820,-323.806670,60299.656250,,3.428650,-399.311100
11.896000,0.170470,1.058720,5.731930,239.158570,-323.806340,60546.445310,1.000000,3.349180,-399.312960
11.898000,0.533200,1.290710,5.608890,239.173130,-323.806210,60718.363280,,3.332520,-399.315430
11.900000,0.789550,1.180480,5.588380,239.189530,-323.806400,60758.437500,,3.347900,-399.317440
11.902000,0.820310,0.871580,4.491210,239.207600,-323.806610,60573.867190,,3.354310,-399.318050
11.904000,0.575500,0.481930,3.711910,239.226670,-323.806880,61014.730470,1.000000,3.420960,-399.316890
11.906000,0.276860,0.262760,3.476070,239.245540,-323.807310,61098.054690,,3.518370,-399.314880
11.908000,0.020510,0.233280,4.101560,239.263380,-323.807310,60771.097660,,3.497860,-399.312870
11.910000,-0.098690,0.476810,5.157710,239.279570,-323.807130,60909.257810,,3.506840,-399.311860
11.912000,0.061520,0.890810,6.224120,239.294360,-323.806580,60547.503910,1.000000,3.390200,-399.312680
11.914000,0.402470,1.280460,6.224120,239.308810,-323.806030,60830.160160,,3.335080,-399.314790
11.916000,0.721620,1.331730,6.203610,239.324600,-323.806030,60667.738280,,3.337650,-399.316990
11.918000,0.904910,1.071530,6.029300,239.342330,-323.806300,60826.996090,,3.351750,-399.318360
11.920000,0.821590,0.649840,5.434570,239.361420,-323.806430,61049.535160,1.000000,3.350460,-399.318120
11.922000,0.579350,0.219180,4.204100,239.381120,-323.806820,60966.214840,,3.440190,-399.316560
11.924000,0.287110,0.007690,3.886230,239.400150,-323.807310,60813.281250,,3.541440,-399.314360
11.926000,0.005130,-0.005130,4.450200,239.417800,-323.807100,60577.031250,,3.464540,-399.312160
11.928000,-0.173030,0.289670,5.188480,239.433460,-323.806920,60713.089840,1.000000,3.495300,-399.310910
11.930000,-0.058960,0.751100,5.752440,239.447650,-323.806580,60552.777340,,3.406860,-399.311460
11.932000,0.247380,1.188170,5.742190,239.461470,-323.806240,60592.859380,,3.350460,-399.313540
11.934000,0.590880,1.333010,5.516600,239.476460,-323.806210,60455.746090,,3.328670,-399.315950
11.936000,0.810060,1.174070,4.993650,239.493300,-323.806430,60495.820310,1.000000,3.353030,-399.317720
11.938000,0.774170,0.828000,4.460450,239.511700,-323.806610,60748.949220,,3.363280,-399.317960
11.940000,0.506290,0.470400,3.445310,239.530870,-323.806980,60713.089840,,3.445310,-399.316560
11.942000,0.211490,0.274290,3.445310,239.549620,-323.807310,60540.121090,,3.524780,-399.314510
11.944000,-0.016660,0.280700,4.778320,239.567250,-323.807310,61106.488280,1.000000,3.508120,-399.312620
11.946000,-0.082030,0.575500,5.526860,239.583130,-323.807040,60829.105470,,3.495300,-399.312010
11.948000,0.138430,0.997190,6.234380,239.597700,-323.806400,60832.265630,,3.368410,-399.313200
11.950000,0.485780,1.344540,6.859860,239.612320,-323.805940,61041.097660,,3.338930,-399.315370
11.952000,0.775450,1.293270,6.224120,239.628570,-323.806060,60718.363280,1.000000,3.342770,-399.317440
11.954000,0.902340,0.976680,5.844730,239.646700,-323.806300,60677.226560,,3.360720,-399.318450
11.956000,0.761350,0.512700,5.690920,239.666150,-323.806430,60897.656250,,3.354310,-399.317810
11.958000,0.519100,0.102540,4.122070,239.685880,-323.806950,60912.421880,,3.479920,-399.316100
11.960000,0.217900,-0.103820,3.455570,239.704800,-323.807280,60871.292970,1.000000,3.532470,-399.313870
11.962000,-0.049990,-0.073060,4.788570,239.722110,-323.807040,60656.136720,,3.468380,-399.311800
11.964000,-0.171750,0.273010,5.075680,239.737380,-323.806880,60137.226560,,3.491460,-399.310880
11.966000,-0.007690,0.762630,5.639650,239.751280,-323.806490,60483.167970,,3.385070,-399.311860
11.968000,0.323000,1.197140,6.224120,239.765050,-323.806210,60603.402340,1.000000,3.351750,-399.314060
11.970000,0.646000,1.289430,5.414060,239.780200,-323.806240,60450.468750,,3.335080,-399.316410
11.972000,0.824160,1.107420,4.634770,239.797230,-323.806490,60698.324220,,3.359440,-399.317900
11.974000,0.720340,0.762630,5.270510,239.815720,-323.806670,60541.175780,,3.367130,-399.317720
11.976000,0.444760,0.422970,3.096680,239.834780,-323.807070,60887.113280,1.000000,3.468380,-399.316130
11.978000,0.151250,0.267880,3.281250,239.853330,-323.807340,60720.468750,,3.522220,-399.314030
11.980000,-0.055110,0.323000,5.044920,239.870610,-323.807250,60670.902340,,3.504270,-399.312350
11.982000,-0.055110,0.661380,5.475590,239.886200,-323.806950,60394.574220,,3.473510,-399.312100
11.984000,0.208920,1.080510,6.265140,239.900760,-323.806270,60836.488280,1.000000,3.353030,-399.313570
11.986000,0.553710,1.365050,6.716310,239.915650,-323.805940,60883.949220,,3.326110,-399.315860
11.988000,0.820310,1.244570,6.244630,239.932370,-323.806120,60604.453130,,3.347900,-399.317750
11.990000,0.895940,0.898500,5.885740,239.950880,-323.806340,60972.542970,,3.355590,-399.318450
11.992000,0.715210,0.415280,5.578130,239.970520,-323.806550,60772.152340,1.000000,3.359440,-399.317540
11.994000,0.465270,0.064090,3.927250,239.990200,-323.807100,60874.453130,,3.509400,-399.315640
11.996000,0.156370,-0.102540,3.752930,240.008880,-323.807250,60792.191410,,3.499150,-399.313390
11.998000,-0.096130,0.003850,4.778320,240.025730,-323.807040,60906.097660,,3.474790,-399.311460
12.000000,-0.158940,0.396060,5.229490,240.040620,-323.806820,60766.875000,1.000000,3.464540,-399.310910
12.000000,-0.158940,0.396060,5.229490,240.040620,-323.806820,60766.875000,1.000000,3.464540,-399.310910
12.002000,0.053830,0.893370,5.660160,240.054380,-323.806430,60768.988280,,3.365840,-399.312230
12.004000,0.399900,1.261230,5.721680,240.068340,-323.806210,60495.820310,,3.329960,-399.314540
12.006000,0.702390,1.276610,5.557620,240.083920,-323.806340,60554.886720,,3.331240,-399.316800
12.008000,0.833130,1.054870,4.942380,240.101270,-323.806550,60894.496090,1.000000,3.353030,-399.317990
12.010000,0.672910,0.687010,4.132320,240.119980,-323.806760,60621.332030,,3.367130,-399.317440
12.012000,0.387080,0.393490,3.209470,240.138950,-323.807190,60757.386720,,3.494020,-399.315640
12.014000,0.099980,0.280700,3.896480,240.157230,-323.807340,60448.363280,,3.502990,-399.313570
12.016000,-0.079470,0.403750,4.921880,240.174070,-323.807250,60581.250000,1.000000,3.496580,-399.312070
12.018000,-0.024350,0.785710,6.213870,240.189270,-323.806880,60514.808590,,3.449160,-399.312190
12.020000,0.273010,1.202270,6.572750,240.203750,-323.806210,60492.656250,,3.336360,-399.313960
12.022000,0.619080,1.404790,6.326660,240.218920,-323.806000,60489.500000,,3.326110,-399.316250
12.024000,0.858760,1.200990,6.839360,240.236100,-323.806210,60988.363280,1.000000,3.347900,-399.317960
12.026000,0.877990,0.810060,5.896000,240.254930,-323.806400,60834.378910,,3.338930,-399.318360
12.028000,0.667790,0.310180,4.614260,240.274780,-323.806640,60877.621090,,3.379940,-399.317170
12.030000,0.405030,0.006410,4.040040,240.294360,-323.807220,61057.972660,,3.524780,-399.315190
12.032000,0.102540,-0.123050,3.968260,240.312820,-323.807220,60579.144530,1.000000,3.477360,-399.312930
12.034000,-0.130740,0.023070,4.634770,240.329420,-323.807040,60797.468750,,3.473510,-399.311190
12.036000,-0.130740,0.451170,5.598630,240.344100,-323.806790,60809.062500,,3.447880,-399.311000
12.038000,0.115360,0.935670,5.557620,240.357880,-323.806370,60781.640630,,3.351750,-399.312590
12.040000,0.474240,1.239440,5.342290,240.372130,-323.806210,60794.300780,1.000000,3.323550,-399.315030
12.042000,0.756230,1.183040,5.608890,240.388150,-323.806400,60738.402340,,3.341490,-399.317170
12.044000,0.833130,0.921570,4.614260,240.405900,-323.806610,60428.324220,,3.345340,-399.318050
12.046000,0.624210,0.533200,3.742680,240.424800,-323.806850,60640.316410,,3.391480,-399.317140
12.048000,0.329410,0.285830,3.763180,240.443730,-323.807280,60746.839840,1.000000,3.508120,-399.315220
12.050000,0.058960,0.219180,4.173340,240.461750,-323.807340,60332.347660,,3.495300,-399.313170
12.052000,-0.093570,0.405030,4.891110,240.478260,-323.807190,60554.886720,,3.497860,-399.311890
12.054000,0.016660,0.816470,6.583010,240.493180,-323.806700,60419.886720,,3.415830,-399.312440
12.056000,0.342220,1.227910,6.470210,240.507520,-323.806120,60487.382810,1.000000,3.327390,-399.314360
12.058000,0.681880,1.368900,6.152340,240.522950,-323.806030,60700.429690,,3.335080,-399.316650
12.060000,0.894650,1.140750,6.665040,240.540330,-323.806270,60474.730470,,3.349180,-399.318240
12.062000,0.860050,0.756230,5.865230,240.559200,-323.806430,60543.281250,,3.338930,-399.318240
12.064000,0.624210,0.301210,4.798830,240.578860,-323.806760,60797.468750,1.000000,3.410710,-399.316830
12.066000,0.339660,0.067930,4.111820,240.597930,-323.807310,61012.621090,,3.538880,-399.314700
12.068000,0.043580,0.037170,4.101560,240.615720,-323.807190,60822.777340,,3.467100,-399.312440
12.070000,-0.158940,0.289670,4.757810,240.631650,-323.807010,60987.308590,,3.486330,-399.310910
12.072000,-0.094850,0.735720,5.557620,240.645950,-323.806670,60561.210940,1.000000,3.423520,-399.311190
12.074000,0.187130,1.200990,5.547360,240.659670,-323.806340,60759.496090,,3.347900,-399.313080
12.076000,0.539610,1.422730,5.414060,240.674300,-323.806210,60814.339840,,3.329960,-399.315520
12.078000,0.788270,1.291990,5.116700,240.690830,-323.806400,60841.761720,,3.345340,-399.317470
12.080000,0.807500,0.966430,4.060550,240.709050,-323.806610,60888.167970,1.000000,3.355590,-399.318020
12.082000,0.558840,0.563960,3.404300,240.728300,-323.806920,60816.445310,,3.420960,-399.316860
12.084000,0.262760,0.317870,3.291500,240.747340,-323.807310,60953.558590,,3.517090,-399.314820
12.086000,0.015380,0.266600,4.532230,240.765380,-323.807310,60524.300780,,3.504270,-399.312840
12.088000,-0.096130,0.488340,5.475590,240.781720,-323.807130,60637.152340,1.000000,3.504270,-399.311890
12.090000,0.076900,0.893370,6.183110,240.796630,-323.806550,60324.964840,,3.387630,-399.312840
12.092000,0.420410,1.271480,6.644530,240.811220,-323.806000,60471.566410,,3.338930,-399.314910
12.094000,0.733150,1.315060,6.634280,240.827120,-323.806030,60295.429690,,3.336360,-399.317110
12.096000,0.910030,1.044620,6.111330,240.844920,-323.806270,60553.828130,1.000000,3.353030,-399.318420
12.098000,0.816470,0.606260,5.875490,240.864180,-323.806430,60665.628910,,3.349180,-399.318120
12.100000,0.574220,0.157650,4.511720,240.883970,-323.806850,60529.574220,,3.446590,-399.316500
12.102000,0.276860,-0.073060,3.763180,240.903120,-323.807310,60585.476560,,3.544010,-399.314270
12.104000,-0.006410,-0.092290,4.870610,240.920780,-323.807100,61219.339840,1.000000,3.464540,-399.312070
12.106000,-0.178160,0.199950,5.106450,240.936400,-323.806920,60901.875000,,3.501710,-399.310850
12.108000,-0.053830,0.674190,5.414060,240.950500,-323.806580,60746.839840,,3.404300,-399.311490
12.110000,0.261470,1.130490,5.865230,240.964200,-323.806270,61070.628910,,3.359440,-399.313600
12.112000,0.607540,1.286870,5.465330,240.979050,-323.806210,60666.679690,1.000000,3.333800,-399.316040
12.114000,0.824160,1.153560,4.645020,240.995700,-323.806460,60815.394530,,3.356870,-399.317810
12.116000,0.778020,0.851070,4.409180,241.013850,-323.806610,60914.535160,,3.370970,-399.317960
12.118000,0.505000,0.512700,3.281250,241.032780,-323.806980,60948.281250,,3.449160,-399.316500
12.120000,0.201230,0.343510,3.086430,241.051270,-323.807310,60552.777340,1.000000,3.526060,-399.314390
12.122000,-0.032040,0.366580,4.747560,241.068680,-323.807250,60578.089840,,3.509400,-399.312500
12.124000,-0.084590,0.670350,5.485840,241.084460,-323.807040,59593.007810,,3.492740,-399.311890
12.126000,0.142270,1.085630,6.316410,241.099040,-323.806370,60388.246090,,3.372250,-399.313170
12.128000,0.494750,1.418880,7.116210,241.113750,-323.805940,60509.535160,1.000000,3.341490,-399.315400
12.130000,0.786990,1.352230,6.377930,241.130160,-323.806060,60334.453130,,3.347900,-399.317470
12.132000,0.913880,1.029240,5.813960,241.148410,-323.806300,60622.386720,,3.367130,-399.318480
12.134000,0.765200,0.558840,5.998540,241.167920,-323.806460,60434.648440,,3.356870,-399.317810
12.136000,0.517820,0.166630,4.306640,241.187670,-323.806980,60582.308590,1.000000,3.492740,-399.316070
12.138000,0.211490,-0.021790,3.476070,241.206540,-323.807250,60747.894530,,3.527340,-399.313810
12.140000,-0.060240,0.007690,4.901370,241.223880,-323.807040,60627.656250,,3.477360,-399.311710
12.142000,-0.179440,0.344790,5.280760,241.239200,-323.806820,60393.519530,,3.488890,-399.310820
12.144000,-0.003850,0.807500,5.731930,241.253250,-323.806460,60759.496090,1.000000,3.387630,-399.311830
12.146000,0.337100,1.192020,5.957520,241.267230,-323.806180,60841.761720,,3.355590,-399.314090
12.148000,0.662660,1.254820,5.434570,241.282620,-323.806240,60690.941410,,3.329960,-399.316470
12.150000,0.843380,1.039490,4.809080,241.299880,-323.806490,61094.886720,,3.367130,-399.317960
12.152000,0.729310,0.661380,4.296390,241.318600,-323.806670,60744.730470,1.000000,3.364560,-399.317720
12.154000,0.444760,0.315310,3.117190,241.337800,-323.807100,60995.746090,,3.479920,-399.316070
12.156000,0.143550,0.176880,3.547850,241.356280,-323.807310,60914.535160,,3.520940,-399.313930
12.158000,-0.067930,0.258910,4.716800,241.373430,-323.807220,60812.230470,,3.508120,-399.312190
12.160000,-0.056400,0.628050,5.680660,241.388780,-323.806950,60582.308590,1.000000,3.473510,-399.312010
12.162000,0.214050,1.092040,6.306150,241.403080,-323.806240,60664.570310,,3.353030,-399.313540
12.164000,0.565250,1.389400,6.265140,241.417770,-323.805940,60568.593750,,3.331240,-399.315860
12.166000,0.833130,1.279170,6.531740,241.434370,-323.806150,60339.730470,,3.353030,-399.317780
12.168000,0.906190,0.960020,5.988280,241.452620,-323.806340,60717.308590,1.000000,3.354310,-399.318450
12.170000,0.719060,0.485780,5.198730,241.472120,-323.806550,60437.812500,,3.364560,-399.317470
12.172000,0.460140,0.134580,4.173340,241.491670,-323.807100,60584.417970,,3.514530,-399.315550
12.174000,0.146120,-0.011540,3.999020,241.510270,-323.807220,60455.746090,,3.499150,-399.313260
12.176000,-0.106380,0.076900,4.655270,241.527220,-323.807010,60682.503910,1.000000,3.474790,-399.311310
12.178000,-0.160220,0.460140,5.608890,241.542280,-323.806820,60639.257810,,3.465820,-399.310820
12.180000,0.056400,0.926700,5.865230,241.556230,-323.806400,60625.550780,,3.364560,-399.312160
12.182000,0.408870,1.268920,5.608890,241.570420,-323.806210,60559.105470,,3.335080,-399.314540
12.182000,0.408870,1.268920,5.608890,241.570420,-323.806210,60559.105470,,3.335080,-399.314540
12.184000,0.712650,1.268920,6.295900,241.586200,-323.806340,60857.582030,1.000000,3.337650,-399.316800
12.186000,0.838260,1.038210,4.727050,241.603650,-323.806550,60956.722660,,3.356870,-399.317990
12.188000,0.674190,0.653690,3.650390,241.622450,-323.806760,60929.300780,,3.374820,-399.317410
12.190000,0.380680,0.371700,3.322270,241.641480,-323.807190,61075.902340,,3.502990,-399.315610
12.192000,0.094850,0.278140,3.886230,241.659670,-323.807310,60611.835940,1.000000,3.504270,-399.313480
12.194000,-0.083310,0.415280,4.583500,241.676420,-323.807190,60902.933590,,3.496580,-399.312010
12.196000,-0.020510,0.811340,6.131840,241.691500,-323.806790,60824.886720,,3.451720,-399.312190
12.198000,0.285830,1.235600,6.377930,241.705830,-323.806120,60800.625000,,3.327390,-399.313960
12.200000,0.630620,1.438110,6.193360,241.720980,-323.805970,60753.167970,1.000000,3.331240,-399.316280
12.202000,0.866460,1.224060,6.675290,241.738130,-323.806210,60752.113280,,3.347900,-399.317990
12.204000,0.879270,0.845950,6.039550,241.756900,-323.806400,60558.046880,,3.338930,-399.318330
12.206000,0.663940,0.353760,5.024410,241.776670,-323.806670,60544.339840,,3.387630,-399.317080
12.208000,0.394780,0.067930,4.562990,241.796080,-323.807220,60792.191410,1.000000,3.531190,-399.315060
12.208000,0.394780,0.067930,4.562990,241.796080,-323.807220,60792.191410,1.000000,3.531190,-399.315060
12.210000,0.091000,-0.028200,4.163090,241.814330,-323.807190,60362.933590,,3.476070,-399.312810
12.212000,-0.138430,0.146120,4.604000,241.830720,-323.807010,60666.679690,,3.483760,-399.311070
12.214000,-0.126890,0.579350,5.793460,241.845320,-323.806760,60512.699220,,3.442750,-399.310970
12.216000,0.124330,1.065120,5.670410,241.859050,-323.806340,60582.308590,1.000000,3.354310,-399.312620
12.216000,0.124330,1.065120,5.670410,241.859050,-323.806340,60582.308590,1.000000,3.354310,-399.312620
12.218000,0.481930,1.353520,5.434570,241.873400,-323.806180,60681.453130,,3.324830,-399.315060
12.220000,0.756230,1.279170,5.537110,241.889560,-323.806370,60602.347660,,3.338930,-399.317170
12.222000,0.820310,0.998470,4.768070,241.907470,-323.806580,60617.113280,,3.349180,-399.317990
12.224000,0.606260,0.593440,3.681150,241.926530,-323.806850,60854.414060,1.000000,3.391480,-399.317080
12.226000,0.315310,0.340940,3.199220,241.945560,-323.807280,61093.828130,,3.514530,-399.315160
12.228000,0.051270,0.273010,4.040040,241.963650,-323.807340,60805.902340,,3.497860,-399.313110
12.230000,-0.089720,0.458860,4.911620,241.980220,-323.807190,60990.468750,,3.500430,-399.311920
12.232000,0.030760,0.858760,6.213870,241.995250,-323.806670,60562.265630,1.000000,3.410710,-399.312530
12.234000,0.357600,1.249690,6.316410,242.009750,-323.806090,60832.265630,,3.332520,-399.314510
12.236000,0.689580,1.361210,6.193360,242.025340,-323.806000,60809.062500,,3.336360,-399.316770
12.238000,0.894650,1.116390,6.213870,242.042890,-323.806240,60832.265630,,3.350460,-399.318240
12.240000,0.845950,0.702390,5.752440,242.061950,-323.806400,61397.582030,1.000000,3.341490,-399.318240
12.242000,0.613950,0.228150,4.604000,242.081770,-323.806760,60982.035160,,3.419680,-399.316770
12.244000,0.334530,-0.033330,3.804200,242.101120,-323.807310,60972.542970,,3.538880,-399.314640
12.246000,0.042300,-0.103820,4.439940,242.119090,-323.807160,60580.199220,,3.464540,-399.312410
12.248000,-0.162780,0.142270,4.983400,242.135030,-323.806980,60716.257810,1.000000,3.491460,-399.310910
12.250000,-0.092290,0.590880,5.383300,242.149320,-323.806640,60420.941410,,3.418400,-399.311220
12.250000,-0.092290,0.590880,5.383300,242.149320,-323.806640,60420.941410,,3.418400,-399.311220
12.252000,0.197390,1.061280,5.793460,242.163020,-323.806340,60528.519530,,3.359440,-399.313110
12.254000,0.548580,1.280460,5.762700,242.177600,-323.806210,60405.121090,,3.329960,-399.315610
12.256000,0.794680,1.180480,4.983400,242.193890,-323.806430,60594.964840,1.000000,3.350460,-399.317540
12.258000,0.803650,0.911320,4.706540,242.211780,-323.806610,60833.324220,,3.362000,-399.317990
12.260000,0.548580,0.569090,3.783690,242.230550,-323.806880,60660.355470,,3.422240,-399.316770
12.262000,0.252500,0.381960,3.260740,242.249070,-323.807280,60573.867190,,3.518370,-399.314760
12.264000,0.010250,0.378110,4.850100,242.266560,-323.807280,60953.558590,1.000000,3.499150,-399.312810
12.266000,-0.091000,0.649840,5.865230,242.282470,-323.807070,61161.332030,,3.501710,-399.311890
12.268000,0.085880,1.062560,6.234380,242.297120,-323.806490,60887.113280,,3.385070,-399.312870
12.270000,0.430660,1.430420,6.941890,242.311650,-323.806000,61200.355470,,3.341490,-399.315000
12.272000,0.739560,1.427860,6.644530,242.327740,-323.806060,60763.714840,1.000000,3.338930,-399.317140
12.274000,0.902340,1.104860,5.844730,242.345830,-323.806300,60707.812500,,3.354310,-399.318390
12.276000,0.794680,0.628050,5.793460,242.365370,-323.806460,60975.707030,,3.350460,-399.317990
12.278000,0.554990,0.173030,4.419430,242.385380,-323.806880,60896.601560,,3.453000,-399.316380
12.280000,0.261470,-0.053830,3.353030,242.404650,-323.807310,60976.761720,1.000000,3.536320,-399.314210
12.282000,-0.012820,-0.067930,4.470700,242.422380,-323.807070,60724.691410,,3.463260,-399.312040
12.284000,-0.171750,0.229430,4.901370,242.438050,-323.806920,60696.214840,,3.496580,-399.310910
12.286000,-0.042300,0.703670,5.465330,242.452190,-323.806550,60405.121090,,3.400450,-399.311610
12.288000,0.275570,1.143310,5.998540,242.466000,-323.806210,60575.976560,1.000000,3.350460,-399.313720
12.290000,0.616520,1.284300,5.608890,242.480970,-323.806210,60282.773440,,3.331240,-399.316160
12.292000,0.824160,1.126650,4.583500,242.497800,-323.806460,60643.484380,,3.355590,-399.317840
12.294000,0.762630,0.778020,4.675780,242.516170,-323.806610,60386.136720,,3.364560,-399.317930
12.296000,0.488340,0.429380,3.588870,242.535280,-323.807010,60816.445310,1.000000,3.450440,-399.316440
12.298000,0.185850,0.249940,3.291500,242.553890,-323.807280,60681.453130,,3.515810,-399.314330
12.300000,-0.035890,0.270450,4.757810,242.571380,-323.807220,60666.679690,,3.501710,-399.312470
12.302000,-0.079470,0.576780,5.701170,242.587140,-323.807010,60440.980470,,3.482480,-399.311980
12.304000,0.158940,1.007450,6.275390,242.601700,-323.806370,60801.679690,1.000000,3.369690,-399.313290
12.306000,0.507570,1.349670,6.624020,242.616350,-323.805970,60883.949220,,3.342770,-399.315520
12.308000,0.793400,1.293270,6.357420,242.632630,-323.806120,60640.316410,,3.351750,-399.317570
12.310000,0.912600,0.999760,5.957520,242.650730,-323.806340,60972.542970,,3.367130,-399.318510
12.312000,0.758790,0.554990,5.475590,242.670000,-323.806490,60667.738280,1.000000,3.356870,-399.317810
12.314000,0.507570,0.180730,4.019530,242.689500,-323.807010,60928.242190,,3.491460,-399.316010
12.316000,0.197390,0.029480,3.629880,242.708100,-323.807220,60880.785160,,3.519650,-399.313720
12.318000,-0.070500,0.102540,4.368160,242.725130,-323.807040,60854.414060,,3.472230,-399.311650
12.320000,-0.173030,0.465270,5.260250,242.740280,-323.806820,61001.015630,1.000000,3.479920,-399.310850
12.322000,0.008970,0.917720,5.639650,242.754270,-323.806460,60880.785160,,3.378660,-399.311920
12.324000,0.348630,1.299680,5.537110,242.768280,-323.806210,60786.917970,,3.349180,-399.314180
12.326000,0.667790,1.340700,5.619140,242.783750,-323.806270,60555.941410,,3.331240,-399.316530
12.328000,0.834410,1.118960,4.901370,242.801070,-323.806490,60852.308590,1.000000,3.363280,-399.317930
12.330000,0.712650,0.739560,3.845210,242.819820,-323.806730,60585.476560,,3.365840,-399.317660
12.332000,0.431950,0.394780,3.383790,242.839020,-323.807160,60657.187500,,3.483760,-399.315980
12.334000,0.134580,0.247380,3.619630,242.857540,-323.807310,60448.363280,,3.515810,-399.313840
12.336000,-0.065370,0.315310,4.604000,242.874800,-323.807220,60637.152340,1.000000,3.504270,-399.312190
12.338000,-0.047420,0.654970,5.957520,242.890320,-323.806920,60611.835940,,3.470950,-399.312040
12.340000,0.228150,1.062560,6.890630,242.904910,-323.806210,60416.722660,,3.342770,-399.313660
12.342000,0.578060,1.303530,6.224120,242.919950,-323.805940,60453.636720,,3.329960,-399.315950
12.344000,0.838260,1.138180,7.229000,242.936920,-323.806150,60475.785160,1.000000,3.346620,-399.317810
12.346000,0.898500,0.774170,5.967770,242.955510,-323.806340,60830.160160,,3.350460,-399.318420
12.348000,0.707520,0.292240,4.921880,242.975200,-323.806580,60725.746090,,3.367130,-399.317410
12.350000,0.448610,-0.028200,4.173340,242.994750,-323.807160,61046.371090,,3.518370,-399.315490
12.352000,0.140990,-0.161500,4.091310,243.013150,-323.807220,60572.816410,1.000000,3.490170,-399.313200
12.354000,-0.110230,-0.008970,4.501460,243.029680,-323.807010,60684.609380,,3.476070,-399.311310
12.356000,-0.158940,0.439640,5.608890,243.044200,-323.806820,60880.785160,,3.460690,-399.310820
12.358000,0.064090,0.971560,5.916500,243.057630,-323.806400,60841.761720,,3.359440,-399.312260
12.360000,0.421690,1.348390,5.496090,243.071460,-323.806210,61186.644530,1.000000,3.332520,-399.314640
12.362000,0.719060,1.343260,5.598630,243.087020,-323.806340,60867.070310,,3.335080,-399.316860
12.364000,0.835690,1.120240,4.891110,243.104430,-323.806550,60859.691410,,3.349180,-399.317990
12.366000,0.661380,0.747250,3.783690,243.123170,-323.806790,60603.402340,,3.373540,-399.317320
12.368000,0.369140,0.461430,3.373540,243.142150,-323.807220,60811.171880,1.000000,3.500430,-399.315490
12.370000,0.087160,0.357600,4.029790,243.160430,-323.807340,60201.566410,,3.496580,-399.313420
12.372000,-0.085880,0.493470,4.788570,243.177310,-323.807190,60481.054690,,3.494020,-399.312010
12.374000,-0.015380,0.870300,6.285640,243.192550,-323.806790,60449.414060,,3.442750,-399.312230
12.376000,0.292240,1.285580,6.562500,243.207080,-323.806180,60450.468750,1.000000,3.328670,-399.314060
12.378000,0.639590,1.463750,6.326660,243.222430,-323.806000,60630.824220,,3.335080,-399.316380
12.380000,0.876710,1.250980,6.634280,243.239730,-323.806210,60450.468750,,3.349180,-399.318080
12.382000,0.880550,0.862610,6.316410,243.258610,-323.806400,60606.566410,,3.337650,-399.318360
12.384000,0.660100,0.369140,5.137210,243.278430,-323.806700,60687.777340,1.000000,3.395320,-399.317080
12.386000,0.388370,0.069210,3.999020,243.297900,-323.807250,61042.152340,,3.529910,-399.315030
12.388000,0.083310,-0.035890,4.111820,243.316180,-323.807190,60862.859380,,3.472230,-399.312710
12.390000,-0.143550,0.137150,4.788570,243.332580,-323.807010,61167.656250,,3.478640,-399.311040
12.392000,-0.124330,0.563960,5.496090,243.347150,-323.806760,60624.496090,1.000000,3.441470,-399.311000
12.394000,0.135860,1.022830,5.311520,243.360950,-323.806340,60784.808590,,3.345340,-399.312710
12.396000,0.496030,1.285580,5.496090,243.375380,-323.806210,60838.593750,,3.326110,-399.315160
12.398000,0.771610,1.195860,5.065430,243.391600,-323.806400,60763.714840,,3.342770,-399.317260
12.400000,0.829280,0.913880,4.234860,243.409500,-323.806610,60939.843750,1.000000,3.346620,-399.318050
12.402000,0.606260,0.530640,3.793950,243.428480,-323.806880,60876.562500,,3.401730,-399.317050
12.404000,0.308900,0.298650,3.065920,243.447330,-323.807280,60877.621090,,3.511960,-399.315060
12.406000,0.043580,0.256350,4.347660,243.465180,-323.807310,60371.367190,,3.496580,-399.313020
12.408000,-0.098690,0.483220,5.352540,243.481450,-323.807190,60621.332030,1.000000,3.502990,-399.311860
12.410000,0.029480,0.902340,5.947270,243.496230,-323.806640,60161.488280,,3.406860,-399.312500
12.412000,0.365300,1.298400,6.521480,243.510600,-323.806060,60414.609380,,3.329960,-399.314510
12.414000,0.693420,1.391970,6.624020,243.526200,-323.806000,60329.183590,,3.333800,-399.316770
12.416000,0.893370,1.139470,6.121580,243.543750,-323.806270,60446.257810,1.000000,3.346620,-399.318240
12.418000,0.840820,0.729310,6.121580,243.562810,-323.806430,60627.656250,,3.342770,-399.318180
12.420000,0.604980,0.265320,5.065430,243.582580,-323.806760,60659.300780,,3.423520,-399.316710
12.422000,0.321720,0.021790,3.763180,243.601810,-323.807310,60604.453130,,3.536320,-399.314580
12.424000,0.033330,-0.032040,4.542480,243.619710,-323.807130,60882.894530,1.000000,3.465820,-399.312350
12.426000,-0.162780,0.215330,5.178220,243.635650,-323.806950,60965.156250,,3.490170,-399.310910
12.428000,-0.083310,0.670350,5.208980,243.649950,-323.806640,60669.843750,,3.415830,-399.311310
12.430000,0.210210,1.120240,5.711430,243.663730,-323.806300,61074.843750,,3.353030,-399.313260
12.432000,0.563960,1.318910,5.731930,243.678420,-323.806210,60603.402340,1.000000,3.329960,-399.315700
12.434000,0.801090,1.193300,4.819340,243.694980,-323.806430,60738.402340,,3.347900,-399.317600
12.436000,0.801090,0.869020,4.511720,243.713150,-323.806610,60899.769530,,3.359440,-399.318020
12.438000,0.540890,0.498600,3.711910,243.732190,-323.806950,61003.128910,,3.429930,-399.316740
12.440000,0.243530,0.278140,2.963380,243.751010,-323.807310,60688.832030,1.000000,3.519650,-399.314700
12.442000,0.002560,0.267880,4.521970,243.768720,-323.807310,60719.417970,,3.497860,-399.312740
12.444000,-0.091000,0.531920,5.455080,243.784740,-323.807070,61036.875000,,3.501710,-399.311890
12.446000,0.097410,0.958740,6.142090,243.799380,-323.806490,60273.281250,,3.381230,-399.312930
12.448000,0.448610,1.336850,6.572750,243.813830,-323.806000,60564.378910,1.000000,3.341490,-399.315060
12.450000,0.754940,1.340700,6.685550,243.829800,-323.806060,60254.300780,,3.342770,-399.317260
12.452000,0.913880,1.054870,5.998540,243.847670,-323.806300,60502.152340,,3.359440,-399.318450
12.454000,0.799800,0.613950,5.793460,243.866880,-323.806430,60524.300780,,3.353030,-399.317990
12.456000,0.552430,0.203800,4.583500,243.886510,-323.806880,60583.359380,1.000000,3.459410,-399.316310
12.458000,0.251220,0.014100,3.527340,243.905320,-323.807280,60773.203130,,3.538880,-399.314090
12.460000,-0.026920,0.025630,4.532230,243.922700,-323.807040,60606.566410,,3.463260,-399.311920
12.462000,-0.180730,0.343510,5.434570,243.938170,-323.806880,60584.417970,,3.496580,-399.310790
12.464000,-0.039730,0.808780,5.772950,243.952270,-323.806520,60689.886720,1.000000,3.397890,-399.311580
12.466000,0.283260,1.235600,5.680660,243.966130,-323.806210,60936.687500,,3.351750,-399.313720
12.468000,0.621640,1.352230,5.557620,243.981250,-323.806240,60756.332030,,3.336360,-399.316160
12.470000,0.822880,1.172790,4.901370,243.998310,-323.806490,61117.031250,,3.356870,-399.317810
12.472000,0.753660,0.799800,4.173340,244.016850,-323.806640,60789.023440,1.000000,3.365840,-399.317840
12.474000,0.479370,0.438350,3.342770,244.036100,-323.807040,61053.753910,,3.458130,-399.316350
12.476000,0.179440,0.267880,3.414550,244.054780,-323.807310,61057.972660,,3.526060,-399.314240
12.478000,-0.041020,0.306340,4.768070,244.072220,-323.807250,60823.828130,,3.506840,-399.312440
12.480000,-0.073060,0.631900,5.701170,244.087920,-323.807010,60882.894530,1.000000,3.486330,-399.311980
12.482000,0.170470,1.058720,6.398440,244.102450,-323.806340,60660.355470,,3.364560,-399.313350
12.484000,0.522950,1.375310,6.459960,244.117170,-323.805940,60782.699220,,3.336360,-399.315610
12.486000,0.804930,1.297120,6.552250,244.133620,-323.806090,60393.519530,,3.351750,-399.317630
12.488000,0.908750,0.954900,6.244630,244.151870,-323.806340,60694.105470,1.000000,3.362000,-399.318480
12.490000,0.745970,0.489620,5.362790,244.171370,-323.806490,60409.339840,,3.359440,-399.317690
12.492000,0.497310,0.111510,4.439940,244.191020,-323.807010,60745.785160,,3.494020,-399.315890
12.494000,0.187130,-0.047420,3.999020,244.209700,-323.807220,60474.730470,,3.515810,-399.313600
12.496000,-0.076900,0.026920,4.460450,244.226670,-323.807010,60591.800780,1.000000,3.474790,-399.311580
12.498000,-0.171750,0.426820,5.321780,244.241620,-323.806820,60722.578130,,3.477360,-399.310820
12.500000,0.015380,0.926700,6.511230,244.255360,-323.806430,60418.832030,,3.377380,-399.311980
12.500000,0.015380,0.926700,6.511230,244.255360,-323.806430,60418.832030,,3.377380,-399.311980
12.502000,0.356320,1.318910,5.444820,244.269180,-323.806210,60569.648440,,3.347900,-399.314240
12.504000,0.674190,1.365050,5.680660,244.284530,-323.806300,60473.671880,1.000000,3.336360,-399.316590
12.506000,0.838260,1.166380,4.993650,244.301680,-323.806490,60997.851560,,3.359440,-399.317960
12.508000,0.707520,0.822880,3.752930,244.320210,-323.806700,60814.339840,,3.365840,-399.317630
12.510000,0.421690,0.511410,3.394040,244.339170,-323.807130,61018.949220,,3.486330,-399.315920
12.512000,0.126890,0.381960,3.845210,244.357500,-323.807310,60572.816410,1.000000,3.513240,-399.313780
12.514000,-0.071780,0.471680,4.450200,244.374560,-323.807190,60948.281250,,3.499150,-399.312160
12.516000,-0.047420,0.828000,5.783200,244.389890,-323.806880,60811.171880,,3.467100,-399.312040
12.518000,0.235840,1.245850,6.624020,244.404400,-323.806210,60780.585940,,3.340210,-399.313690
12.520000,0.583190,1.481690,6.183110,244.419480,-323.805940,61015.781250,1.000000,3.327390,-399.316010
12.522000,0.845950,1.288150,6.583010,244.436550,-323.806180,60784.808590,,3.349180,-399.317870
12.524000,0.901060,0.903630,6.203610,244.455310,-323.806340,60819.613280,,3.344060,-399.318450
12.526000,0.703670,0.399900,5.024410,244.475140,-323.806580,60520.078130,,3.368410,-399.317410
12.528000,0.442200,0.058960,4.060550,244.494870,-323.807160,60753.167970,1.000000,3.522220,-399.315430
12.530000,0.128170,-0.094850,4.173340,244.513520,-323.807220,59639.414060,,3.486330,-399.313110
12.532000,-0.117920,0.014100,4.675780,244.530380,-323.807010,60606.566410,,3.478640,-399.311250
12.534000,-0.155090,0.403750,5.373050,244.545300,-323.806790,60443.089840,,3.458130,-399.310850
12.536000,0.075620,0.879270,5.947270,244.559170,-323.806370,60454.691410,1.000000,3.359440,-399.312290
12.538000,0.434510,1.200990,5.598630,244.573380,-323.806210,60751.054690,,3.322270,-399.314730
12.540000,0.730590,1.174070,5.588380,244.589250,-323.806340,60552.777340,,3.335080,-399.316930
12.542000,0.838260,0.927980,5.096190,244.606800,-323.806550,60625.550780,,3.347900,-399.317990
12.544000,0.656250,0.558840,3.937500,244.625550,-323.806790,60816.445310,1.000000,3.372250,-399.317290
12.546000,0.362730,0.305050,3.076170,244.644380,-323.807220,61136.019530,,3.505550,-399.315460
12.548000,0.080750,0.234560,3.947750,244.662350,-323.807340,60823.828130,,3.495300,-399.313350
12.550000,-0.087160,0.408870,4.809080,244.678820,-323.807220,61184.535160,,3.495300,-399.311920
12.552000,-0.007690,0.817750,5.978030,244.693700,-323.806760,60522.191410,1.000000,3.437620,-399.312260
12.554000,0.308900,1.252260,5.998540,244.707930,-323.806120,60656.136720,,3.322270,-399.314120
12.556000,0.654970,1.435550,6.388180,244.723070,-323.806000,60787.972660,,3.332520,-399.316440
12.558000,0.880550,1.226620,6.265140,244.740220,-323.806210,60702.542970,,3.344060,-399.318120
12.560000,0.874150,0.863890,5.854980,244.758960,-323.806430,61045.316410,1.000000,3.336360,-399.318300
12.562000,0.648560,0.390930,5.075680,244.778580,-323.806700,61004.183590,,3.399170,-399.316990
12.564000,0.371700,0.114070,3.711910,244.797820,-323.807280,60899.769530,,3.524780,-399.314910
12.566000,0.071780,0.038450,4.193850,244.815860,-323.807190,60490.550780,,3.473510,-399.312590
12.568000,-0.151250,0.256350,5.065430,244.832080,-323.807010,60728.910160,1.000000,3.476070,-399.310970
12.570000,-0.116640,0.684450,5.352540,244.846570,-323.806730,60266.957030,,3.437620,-399.311040
12.572000,0.147400,1.139470,5.752440,244.860380,-323.806340,60579.144530,,3.347900,-399.312770
12.574000,0.503720,1.386840,5.947270,244.874890,-323.806210,60494.769530,,3.328670,-399.315220
12.576000,0.772890,1.284300,5.188480,244.891250,-323.806430,60551.722660,1.000000,3.342770,-399.317320
12.578000,0.824160,0.980530,4.809080,244.909300,-323.806610,60916.644530,,3.350460,-399.318050
12.580000,0.597290,0.562680,4.060550,244.928450,-323.806880,60559.105470,,3.404300,-399.317020
12.582000,0.297360,0.298650,2.994140,244.947560,-323.807310,60551.722660,,3.515810,-399.315030
12.584000,0.035890,0.220460,4.152830,244.965650,-323.807310,60759.496090,1.000000,3.492740,-399.312990
12.586000,-0.097410,0.416560,5.455080,244.982130,-323.807160,61027.386720,,3.500430,-399.311890
12.588000,0.043580,0.831850,5.854980,244.997060,-323.806610,60652.972660,,3.404300,-399.312560
12.590000,0.380680,1.225340,6.439450,245.011510,-323.806060,60993.632810,,3.331240,-399.314640
12.592000,0.710080,1.316350,6.716310,245.027180,-323.806030,60668.792970,1.000000,3.340210,-399.316860
12.594000,0.904910,1.058720,5.967770,245.044800,-323.806270,60739.460940,,3.347900,-399.318330
12.596000,0.842100,0.637020,5.721680,245.063870,-323.806430,60875.511720,,3.347900,-399.318180
12.598000,0.601140,0.182010,4.932130,245.083600,-323.806790,60868.128910,,3.428650,-399.316650
12.600000,0.308900,-0.043580,3.547850,245.102720,-323.807310,61192.972660,1.000000,3.540160,-399.314480
12.602000,0.015380,-0.076900,4.398930,245.120450,-323.807100,60733.128910,,3.461980,-399.312190
12.604000,-0.175600,0.206360,5.106450,245.136120,-323.806950,61007.347660,,3.494020,-399.310820
12.606000,-0.079470,0.681880,5.516600,245.150250,-323.806610,60299.656250,,3.410710,-399.311280
12.608000,0.223020,1.154850,5.588380,245.163880,-323.806300,60695.160160,1.000000,3.354310,-399.313290
12.610000,0.575500,1.343260,5.885740,245.178540,-323.806210,60223.714840,,3.329960,-399.315770
12.612000,0.811340,1.212520,5.075680,245.195100,-323.806460,60487.382810,,3.351750,-399.317690
12.614000,0.798520,0.893370,4.583500,245.213270,-323.806610,60502.152340,,3.362000,-399.318020
12.616000,0.531920,0.524230,3.814450,245.232330,-323.806950,60772.152340,1.000000,3.435060,-399.316710
12.618000,0.230710,0.325560,3.199220,245.251020,-323.807310,60765.820310,,3.523500,-399.314610
12.620000,-0.007690,0.320430,4.552730,245.268680,-323.807280,60503.203130,,3.500430,-399.312650
12.622000,-0.092290,0.594730,5.731930,245.284670,-323.807070,60630.824220,,3.501710,-399.311890
12.624000,0.108950,1.006160,6.295900,245.299350,-323.806460,60609.730470,1.000000,3.377380,-399.312990
12.626000,0.460140,1.363770,6.398440,245.313950,-323.805940,60837.542970,,3.342770,-399.315190
12.628000,0.763920,1.341980,6.511230,245.330090,-323.806060,60678.281250,,3.341490,-399.317320
12.630000,0.919010,1.035640,6.234380,245.348130,-323.806300,61132.851560,,3.362000,-399.318480
12.632000,0.797240,0.570370,5.485840,245.367490,-323.806430,60712.035160,1.000000,3.356870,-399.317960
12.634000,0.548580,0.152530,4.409180,245.387270,-323.806920,60897.656250,,3.469670,-399.316280
12.636000,0.244810,-0.042300,3.722170,245.406220,-323.807250,60980.980470,,3.538880,-399.314030
12.638000,-0.033330,-0.029480,4.573240,245.423630,-323.807040,60878.679690,,3.467100,-399.311860
12.640000,-0.183290,0.297360,5.219240,245.439000,-323.806880,61001.015630,1.000000,3.500430,-399.310760
12.642000,-0.033330,0.776730,5.875490,245.452970,-323.806490,60854.414060,,3.394040,-399.311610
12.644000,0.296080,1.193300,5.680660,245.466750,-323.806210,60655.078130,,3.353030,-399.313810
12.646000,0.637020,1.288150,5.629390,245.481870,-323.806210,60744.730470,,3.338930,-399.316250
12.648000,0.838260,1.095890,5.270510,245.498870,-323.806460,60725.746090,1.000000,3.358150,-399.317900
12.650000,0.756230,0.735720,4.152830,245.517400,-323.806640,60409.339840,,3.368410,-399.317840
12.652000,0.476810,0.389650,3.496580,245.536500,-323.807040,60739.460940,,3.467100,-399.316310
12.654000,0.169190,0.242250,3.722170,245.554990,-323.807310,60622.386720,,3.528630,-399.314150
12.656000,-0.049990,0.307620,4.480960,245.572220,-323.807220,60646.640630,1.000000,3.505550,-399.312320
12.658000,-0.075620,0.661380,5.506350,245.587720,-323.806980,60663.519530,,3.488890,-399.311920
12.660000,0.176880,1.098450,7.229000,245.602130,-323.806300,59678.441410,,3.363280,-399.313350
12.662000,0.530640,1.413760,6.336910,245.616820,-323.805910,60531.679690,,3.336360,-399.315610
12.664000,0.811340,1.317630,6.859860,245.633330,-323.806060,60382.972660,1.000000,3.353030,-399.317630
12.666000,0.911320,0.986940,6.757320,245.651630,-323.806300,60896.601560,,3.363280,-399.318480
12.668000,0.745970,0.508850,5.250000,245.671170,-323.806490,60771.097660,,3.360720,-399.317690
12.670000,0.493470,0.129460,4.245120,245.690870,-323.807040,61167.656250,,3.509400,-399.315830
12.672000,0.176880,-0.037170,4.050290,245.709660,-323.807220,60795.355470,1.000000,3.514530,-399.313510
12.674000,-0.089720,0.032040,4.265630,245.726730,-323.807010,60835.433590,,3.476070,-399.311460
12.676000,-0.179440,0.401180,5.055180,245.741900,-323.806820,60927.187500,,3.481200,-399.310760
12.678000,0.023070,0.869020,5.844730,245.755870,-323.806430,60867.070310,,3.374820,-399.311950
12.680000,0.366580,1.229190,5.321780,245.769970,-323.806210,61175.039060,1.000000,3.344060,-399.314270
12.682000,0.688290,1.256100,5.393550,245.785570,-323.806300,60832.265630,,3.340210,-399.316620
12.684000,0.840820,1.042050,5.137210,245.802900,-323.806520,60815.394530,,3.362000,-399.317960
12.686000,0.698550,0.684450,3.845210,245.821550,-323.806730,60473.671880,,3.369690,-399.317540
12.688000,0.410160,0.390930,3.178710,245.840470,-323.807160,60778.476560,1.000000,3.488890,-399.315830
12.688000,0.410160,0.390930,3.178710,245.840470,-323.807160,60778.476560,1.000000,3.488890,-399.315830
12.690000,0.115360,0.274290,4.081050,245.858720,-323.807310,59178.519530,,3.511960,-399.313690
12.692000,-0.074340,0.389650,4.778320,245.875580,-323.807190,60476.839840,,3.497860,-399.312100
12.694000,-0.038450,0.769040,5.742190,245.890730,-323.806880,60465.234380,,3.463260,-399.312100
12.696000,0.248660,1.202270,6.634280,245.905040,-323.806180,60461.019530,1.000000,3.338930,-399.313780
12.698000,0.597290,1.439390,6.470210,245.920000,-323.805940,60631.875000,,3.327390,-399.316070
12.700000,0.851070,1.256100,6.531740,245.936950,-323.806180,60553.828130,,3.351750,-399.317900
12.702000,0.890810,0.901060,6.224120,245.955550,-323.806370,60658.246090,,3.342770,-399.318390
12.704000,0.687010,0.408870,5.342290,245.975250,-323.806610,60579.144530,1.000000,3.377380,-399.317260
12.706000,0.425540,0.083310,3.814450,245.994750,-323.807190,61028.437500,,3.524780,-399.315310
12.708000,0.117920,-0.039730,4.029790,246.013150,-323.807220,60823.828130,,3.486330,-399.313020
12.710000,-0.121770,0.084590,4.747560,246.029770,-323.807010,62290.906250,,3.481200,-399.311190
12.712000,-0.144840,0.498600,5.034670,246.044560,-323.806760,60768.988280,1.000000,3.456850,-399.310910
12.714000,0.089720,0.971560,5.506350,246.058380,-323.806340,60697.265630,,3.359440,-399.312440
12.716000,0.452450,1.289430,5.680660,246.072630,-323.806210,60786.917970,,3.326110,-399.314850
12.718000,0.737000,1.238160,5.424320,246.088620,-323.806340,60860.746090,,3.337650,-399.317020
12.720000,0.830570,0.958740,4.809080,246.106450,-323.806550,61120.199220,1.000000,3.349180,-399.317990
12.722000,0.637020,0.544740,4.060550,246.125500,-323.806820,60855.476560,,3.382510,-399.317230
12.724000,0.346070,0.253780,2.901860,246.144650,-323.807250,60920.859380,,3.509400,-399.315340
12.726000,0.069210,0.152530,3.865720,246.162920,-323.807310,60347.113280,,3.494020,-399.313260
12.728000,-0.092290,0.315310,5.106450,246.179630,-323.807190,60558.046880,1.000000,3.499150,-399.311920
12.730000,0.000000,0.717770,5.885740,246.194660,-323.806760,60034.925780,,3.432500,-399.312320
12.732000,0.323000,1.135620,6.213870,246.209000,-323.806120,60424.105470,,3.328670,-399.314240
12.734000,0.665220,1.303530,6.767580,246.224270,-323.806000,60199.453130,,3.337650,-399.316560
12.736000,0.886960,1.085630,6.418950,246.241530,-323.806210,60488.437500,1.000000,3.347900,-399.318180
12.738000,0.870300,0.693420,6.008790,246.260350,-323.806430,60702.542970,,3.342770,-399.318300
12.740000,0.642150,0.219180,5.434570,246.280030,-323.806700,60651.917970,,3.404300,-399.316930
12.740000,0.642150,0.219180,5.434570,246.280030,-323.806700,60651.917970,,3.404300,-399.316930
12.742000,0.364010,-0.041020,3.834960,246.299300,-323.807250,60829.105470,,3.529910,-399.314850
12.744000,0.065370,-0.120480,4.306640,246.317310,-323.807160,60611.835940,1.000000,3.468380,-399.312560
12.746000,-0.152530,0.094850,5.106450,246.333340,-323.806980,60922.972660,,3.478640,-399.310940
12.748000,-0.108950,0.558840,5.229490,246.347660,-323.806700,60641.371090,,3.429930,-399.311070
12.750000,0.160220,1.038210,5.537110,246.361280,-323.806340,60975.707030,,3.353030,-399.312840
12.750000,0.160220,1.038210,5.537110,246.361280,-323.806340,60975.707030,,3.353030,-399.312840
12.752000,0.519100,1.294560,5.957520,246.375670,-323.806240,60767.933590,1.000000,3.333800,-399.315340
12.754000,0.776730,1.208680,5.034670,246.391850,-323.806430,60805.902340,,3.345340,-399.317350
12.756000,0.817750,0.944640,4.511720,246.409650,-323.806610,60937.738280,,3.353030,-399.318020
12.758000,0.581910,0.576780,3.958010,246.428500,-323.806880,61053.753910,,3.409420,-399.316930
12.760000,0.283260,0.355040,2.860840,246.447220,-323.807280,60987.308590,1.000000,3.513240,-399.314910
12.762000,0.026920,0.312740,4.091310,246.465030,-323.807310,60630.824220,,3.492740,-399.312900
12.764000,-0.098690,0.540890,5.567870,246.481230,-323.807130,60809.062500,,3.501710,-399.311860
12.766000,0.052550,0.948490,5.926760,246.496050,-323.806580,60188.910160,,3.394040,-399.312650
12.768000,0.393490,1.313780,6.121580,246.510570,-323.806030,60539.062500,1.000000,3.332520,-399.314730
12.770000,0.713930,1.354800,6.624020,246.526500,-323.806030,60347.113280,,3.337650,-399.316960
12.772000,0.904910,1.044620,6.254880,246.544420,-323.806300,60330.238280,,3.347900,-399.318360
12.774000,0.826720,0.580630,5.762700,246.563800,-323.806430,60417.777340,,3.349180,-399.318120
12.776000,0.588320,0.121770,4.911620,246.583770,-323.806820,60532.738280,1.000000,3.431210,-399.316590
12.778000,0.298650,-0.124330,3.906740,246.603070,-323.807310,60785.859380,,3.540160,-399.314390
12.780000,0.012820,-0.153810,4.480960,246.620900,-323.807100,60504.265630,,3.460690,-399.312190
12.782000,-0.171750,0.124330,5.362790,246.636630,-323.806950,60610.785160,,3.495300,-399.310880
12.784000,-0.066650,0.608830,5.865230,246.650760,-323.806580,60501.097660,1.000000,3.405580,-399.311400
12.786000,0.234560,1.068970,5.629390,246.664430,-323.806270,60950.390630,,3.350460,-399.313390
12.788000,0.587040,1.248410,5.721680,246.679170,-323.806210,60811.171880,,3.332520,-399.315890
12.790000,0.812620,1.102290,5.239750,246.695800,-323.806430,61239.378910,,3.347900,-399.317690
12.792000,0.788270,0.770320,4.204100,246.714020,-323.806610,61034.769530,1.000000,3.360720,-399.317960
12.794000,0.521670,0.419130,3.404300,246.733030,-323.806980,60855.476560,,3.436340,-399.316620
12.796000,0.219180,0.242250,3.240230,246.751620,-323.807310,61036.875000,,3.519650,-399.314510
12.798000,-0.016660,0.260190,4.501460,246.769100,-323.807280,60797.468750,,3.499150,-399.312590
12.800000,-0.092290,0.556270,5.465330,246.784930,-323.807040,60824.886720,1.000000,3.494020,-399.311890
12.802000,0.120480,0.990780,6.511230,246.799420,-323.806460,60525.351560,,3.374820,-399.313050
12.804000,0.470400,1.358640,6.418950,246.813950,-323.805970,60701.488280,,3.341490,-399.315250
12.806000,0.772890,1.331730,6.347170,246.830080,-323.806060,60358.714840,,3.344060,-399.317380
12.808000,0.916440,1.040770,6.470210,246.848050,-323.806340,60690.941410,1.000000,3.363280,-399.318480
12.810000,0.783140,0.588320,5.506350,246.867370,-323.806460,60318.632810,,3.354310,-399.317930
12.812000,0.534480,0.184570,4.183590,246.887050,-323.806950,60752.113280,,3.474790,-399.316160
12.814000,0.224300,-0.012820,4.019530,246.905980,-323.807280,60459.964840,,3.535030,-399.313900
12.816000,-0.048710,0.002560,4.480960,246.923360,-323.807040,60533.792970,1.000000,3.464540,-399.311770
12.818000,-0.183290,0.329410,4.932130,246.938780,-323.806880,60750.003910,,3.494020,-399.310790
12.820000,-0.020510,0.781860,6.439450,246.952900,-323.806490,60386.136720,,3.390200,-399.311740
12.822000,0.312740,1.184330,5.537110,246.966840,-323.806210,60494.769530,,3.354310,-399.313960
12.824000,0.651120,1.265080,5.311520,246.982130,-323.806240,60469.453130,1.000000,3.337650,-399.316380
12.826000,0.840820,1.074100,5.291020,246.999220,-323.806490,60916.644530,,3.360720,-399.317930
12.828000,0.745970,0.724180,4.091310,247.017730,-323.806670,60740.511720,,3.372250,-399.317810
12.830000,0.465270,0.378110,3.209470,247.036820,-323.807070,61172.933590,,3.469670,-399.316220
12.832000,0.160220,0.219180,3.824710,247.055340,-323.807310,60610.785160,1.000000,3.524780,-399.314060
12.834000,-0.060240,0.264040,4.460450,247.072630,-323.807190,60887.113280,,3.501710,-399.312290
12.836000,-0.073060,0.580630,5.516600,247.088230,-323.806950,60785.859380,,3.482480,-399.311920
12.838000,0.189700,0.992070,6.562500,247.102770,-323.806270,60799.574220,,3.355590,-399.313390
12.840000,0.544740,1.276610,6.470210,247.117630,-323.805940,61253.089840,1.000000,3.333800,-399.315700
12.842000,0.821590,1.158690,6.490720,247.134320,-323.806120,60738.402340,,3.354310,-399.317690
12.844000,0.912600,0.819030,6.398440,247.152760,-323.806340,60804.847660,,3.358150,-399.318480
12.846000,0.735720,0.351200,5.260250,247.172320,-323.806520,60486.332030,,3.362000,-399.317600
12.848000,0.479370,0.003850,3.916990,247.191930,-323.807070,60825.941410,1.000000,3.514530,-399.315730
12.850000,0.165340,-0.155090,4.091310,247.210480,-323.807220,60349.218750,,3.506840,-399.313420
12.852000,-0.096130,-0.039730,4.614260,247.227250,-323.807010,60420.941410,,3.481200,-399.311430
12.854000,-0.173030,0.371700,5.126950,247.242020,-323.806790,60415.664060,,3.477360,-399.310760
12.856000,0.033330,0.876710,5.793460,247.255650,-323.806400,60348.167970,1.000000,3.369690,-399.312040
12.858000,0.387080,1.263790,5.813960,247.269500,-323.806210,60657.187500,,3.342770,-399.314390
12.860000,0.704960,1.288150,5.578130,247.284940,-323.806300,60538.007810,,3.335080,-399.316740
12.862000,0.852360,1.072810,5.126950,247.302250,-323.806520,60675.121090,,3.359440,-399.318020
12.864000,0.695980,0.695980,4.214360,247.320970,-323.806760,60585.476560,1.000000,3.369690,-399.317540
12.866000,0.402470,0.372990,3.086430,247.340070,-323.807190,61185.589840,,3.494020,-399.315730
12.868000,0.107670,0.242250,3.834960,247.358510,-323.807310,60851.250000,,3.506840,-399.313570
12.870000,-0.085880,0.348630,4.850100,247.375580,-323.807190,62187.542970,,3.495300,-399.312010
12.872000,-0.039730,0.719060,5.608890,247.390900,-323.806880,60783.753910,1.000000,3.463260,-399.312040
12.874000,0.260190,1.138180,6.142090,247.405400,-323.806180,60721.527340,,3.333800,-399.313810
12.876000,0.613950,1.366330,6.675290,247.420500,-323.805970,60857.582030,,3.336360,-399.316130
12.878000,0.869020,1.188170,6.511230,247.437530,-323.806210,60729.960940,,3.356870,-399.317960
12.880000,0.898500,0.826720,5.875490,247.456180,-323.806370,61122.308590,1.000000,3.344060,-399.318390
12.882000,0.684450,0.342220,5.373050,247.475850,-323.806610,60779.535160,,3.382510,-399.317230
12.884000,0.416560,0.042300,3.711910,247.495250,-323.807190,60802.738280,,3.531190,-399.315220
12.886000,0.106380,-0.070500,3.834960,247.513520,-323.807190,60528.519530,,3.481200,-399.312900
12.888000,-0.130740,0.084590,5.034670,247.529970,-323.806980,60657.187500,1.000000,3.483760,-399.311100
12.890000,-0.140990,0.496030,5.219240,247.544630,-323.806760,60208.949220,,3.453000,-399.310880
12.892000,0.103820,0.956180,5.434570,247.558460,-323.806340,60555.941410,,3.356870,-399.312440
12.894000,0.462710,1.242000,6.090820,247.572800,-323.806210,60397.738280,,3.335080,-399.314880
12.896000,0.744690,1.180480,5.506350,247.588850,-323.806400,60458.910160,1.000000,3.342770,-399.317050
12.898000,0.833130,0.920290,4.706540,247.606630,-323.806580,60803.789060,,3.355590,-399.317990
12.900000,0.630620,0.522950,4.419430,247.625580,-323.806820,60564.378910,,3.387630,-399.317140
12.902000,0.335820,0.266600,3.209470,247.644530,-323.807220,60779.535160,,3.511960,-399.315250
12.904000,0.060240,0.193540,4.132320,247.662580,-323.807310,60713.089840,1.000000,3.499150,-399.313140
12.906000,-0.093570,0.375550,5.373050,247.679090,-323.807160,61197.191410,,3.501710,-399.311890
12.908000,0.006410,0.793400,5.978030,247.694030,-323.806700,60800.625000,,3.428650,-399.312320
12.910000,0.330690,1.197140,6.224120,247.708420,-323.806060,61150.785160,,3.326110,-399.314270
12.912000,0.670350,1.331730,6.665040,247.723910,-323.805970,60964.105470,1.000000,3.342770,-399.316590
12.914000,0.886960,1.080510,6.101070,247.741390,-323.806210,60739.460940,,3.346620,-399.318180
12.916000,0.860050,0.672910,5.762700,247.760410,-323.806400,60963.046880,,3.344060,-399.318240
12.918000,0.629330,0.197390,5.178220,247.780200,-323.806730,60914.535160,,3.410710,-399.316860
12.920000,0.349910,-0.056400,3.711910,247.799530,-323.807280,61238.324220,1.000000,3.536320,-399.314760
12.922000,0.051270,-0.134580,4.019530,247.817580,-323.807160,60643.484380,,3.472230,-399.312470
12.924000,-0.161500,0.083310,5.147460,247.833650,-323.806980,60742.617190,,3.482480,-399.310910
12.926000,-0.101260,0.538330,5.373050,247.848010,-323.806700,60297.542970,,3.429930,-399.311130
12.928000,0.176880,1.006160,5.485840,247.861690,-323.806340,60776.371090,1.000000,3.355590,-399.312990
12.930000,0.538330,1.243290,5.803710,247.876220,-323.806210,60625.550780,,3.328670,-399.315490
12.932000,0.793400,1.142030,5.291020,247.892580,-323.806400,60439.925780,,3.347900,-399.317500
12.934000,0.817750,0.835690,4.634770,247.910600,-323.806610,60492.656250,,3.359440,-399.318080
12.936000,0.571660,0.460140,3.855470,247.929580,-323.806880,60754.222660,1.000000,3.413270,-399.316890
12.938000,0.271730,0.248660,3.240230,247.948350,-323.807280,60713.089840,,3.513240,-399.314850
12.940000,0.016660,0.219180,4.316890,247.966130,-323.807280,60375.589840,,3.494020,-399.312840
12.942000,-0.102540,0.457580,5.414060,247.982300,-323.807100,60390.355470,,3.502990,-399.311830
12.944000,0.058960,0.879270,6.234380,247.996990,-323.806550,60451.527340,1.000000,3.392760,-399.312680
12.946000,0.407590,1.272770,6.511230,248.011350,-323.806030,60825.941410,,3.336360,-399.314790
12.948000,0.730590,1.334290,6.572750,248.027050,-323.806060,60706.761720,,3.342770,-399.317050
12.950000,0.912600,1.079220,6.603520,248.044680,-323.806300,61534.691410,,3.350460,-399.318390
12.952000,0.825440,0.662660,5.670410,248.063710,-323.806430,60932.460940,1.000000,3.351750,-399.318120
12.954000,0.579350,0.229430,4.450200,248.083330,-323.806850,60893.441410,,3.442750,-399.316530
12.956000,0.285830,0.014100,3.927250,248.102330,-323.807310,61024.222660,,3.538880,-399.314330
12.958000,0.001280,-0.007690,4.327150,248.119950,-323.807040,60911.371090,,3.463260,-399.312100
12.960000,-0.174320,0.258910,4.932130,248.135700,-323.806920,60978.867190,1.000000,3.495300,-399.310850
12.962000,-0.060240,0.702390,5.731930,248.150020,-323.806550,60679.339840,,3.409420,-399.311430
12.964000,0.248660,1.120240,5.526860,248.163970,-323.806240,60638.207030,,3.350460,-399.313510
12.966000,0.596010,1.252260,5.383300,248.179090,-323.806240,60539.062500,,3.338930,-399.315950
12.968000,0.811340,1.084350,5.362790,248.196040,-323.806460,60794.300780,1.000000,3.354310,-399.317720
12.970000,0.774170,0.744690,4.286130,248.214450,-323.806640,59404.218750,,3.365840,-399.317930
12.972000,0.506290,0.397340,3.363280,248.233580,-323.806980,60488.437500,,3.447880,-399.316530
12.974000,0.205080,0.208920,3.752930,248.252270,-323.807280,60590.746090,,3.522220,-399.314420
12.976000,-0.023070,0.226870,4.624510,248.269780,-323.807220,60491.605470,1.000000,3.501710,-399.312560
12.978000,-0.087160,0.525510,5.188480,248.285600,-323.807010,60323.910160,,3.494020,-399.311920
12.980000,0.137150,0.945920,6.798340,248.300170,-323.806370,60305.976560,,3.376100,-399.313140
12.982000,0.485780,1.294560,6.603520,248.314740,-323.805940,60502.152340,,3.341490,-399.315370
12.984000,0.778020,1.252260,6.326660,248.330980,-323.806060,60366.097660,1.000000,3.349180,-399.317440
12.986000,0.911320,0.934390,6.613770,248.349120,-323.806300,60778.476560,,3.365840,-399.318480
12.988000,0.769040,0.479370,5.485840,248.368500,-323.806460,60682.503910,,3.355590,-399.317840
12.990000,0.524230,0.088440,4.019530,248.388170,-323.806950,61294.218750,,3.486330,-399.316100
12.992000,0.219180,-0.098690,3.886230,248.406980,-323.807220,60851.250000,1.000000,3.532470,-399.313840
12.994000,-0.052550,-0.049990,4.316890,248.424150,-323.807010,60677.226560,,3.469670,-399.311740
12.996000,-0.176880,0.308900,5.055180,248.439330,-323.806850,60808.011720,,3.497860,-399.310820
12.998000,-0.010250,0.789550,5.875490,248.453170,-323.806490,60714.144530,,3.391480,-399.311800
13.000000,0.323000,1.212520,5.660160,248.466980,-323.806210,61052.699220,1.000000,3.358150,-399.314030
13.000000,0.323000,1.212520,5.660160,248.466980,-323.806210,61052.699220,1.000000,3.358150,-399.314030
13.002000,0.654970,1.290710,5.547360,248.482180,-323.806240,60597.070310,,3.341490,-399.316440
13.004000,0.839540,1.106140,5.147460,248.499210,-323.806490,60836.488280,,3.365840,-399.317960
13.006000,0.734440,0.758790,4.132320,248.517700,-323.806640,60507.421880,,3.372250,-399.317780
13.008000,0.451170,0.419130,3.106930,248.536730,-323.807040,60943.007810,1.000000,3.473510,-399.316130
13.010000,0.149960,0.265320,3.824710,248.555210,-323.807280,60398.792970,,3.522220,-399.313960
13.012000,-0.064090,0.324280,4.706540,248.572420,-323.807190,60359.769530,,3.505550,-399.312260
13.014000,-0.065370,0.662660,5.598630,248.587950,-323.806920,60466.292970,,3.481200,-399.311980
13.016000,0.203800,1.084350,6.398440,248.602430,-323.806240,60508.476560,1.000000,3.359440,-399.313510
13.018000,0.557560,1.368900,6.767580,248.617280,-323.805940,60637.152340,,3.333800,-399.315800
13.020000,0.830570,1.234310,6.572750,248.634000,-323.806120,60436.761720,,3.356870,-399.317780
13.022000,0.911320,0.872860,6.101070,248.652500,-323.806340,60575.976560,,3.356870,-399.318510
13.024000,0.728030,0.378110,5.649900,248.672230,-323.806520,60476.839840,1.000000,3.368410,-399.317540
13.026000,0.467830,0.024350,3.978520,248.691930,-323.807070,60951.453130,,3.519650,-399.315640
13.028000,0.155090,-0.151250,3.763180,248.710630,-323.807220,60843.867190,,3.504270,-399.313320
13.030000,-0.105100,-0.062810,4.798830,248.727600,-323.806980,62185.429690,,3.483760,-399.311340
13.032000,-0.171750,0.306340,4.952640,248.742630,-323.806790,60809.062500,1.000000,3.472230,-399.310760
13.034000,0.047420,0.780580,5.362790,248.756530,-323.806400,60732.078130,,3.372250,-399.312130
13.036000,0.401180,1.138180,5.978030,248.770600,-323.806210,60774.257810,,3.345340,-399.314510
13.038000,0.713930,1.147160,5.567870,248.786250,-323.806340,60759.496090,,3.337650,-399.316800
13.040000,0.851070,0.920290,4.778320,248.803700,-323.806520,61041.097660,1.000000,3.364560,-399.318020
13.042000,0.687010,0.549870,4.357910,248.822420,-323.806760,60685.664060,,3.376100,-399.317470
13.044000,0.390930,0.265320,3.229980,248.841320,-323.807160,60883.949220,,3.497860,-399.315640
13.046000,0.097410,0.174320,3.752930,248.859480,-323.807280,60564.378910,,3.502990,-399.313510
13.048000,-0.091000,0.310180,5.280760,248.876220,-323.807160,60757.386720,1.000000,3.499150,-399.311950
13.050000,-0.033330,0.702390,5.937010,248.891280,-323.806790,60337.621090,,3.455570,-399.312070
13.052000,0.270450,1.140750,6.111330,248.905580,-323.806120,60395.628910,,3.336360,-399.313840
13.054000,0.622920,1.358640,6.972660,248.920590,-323.805970,60442.031250,,3.338930,-399.316190
13.056000,0.871580,1.171510,6.593260,248.937620,-323.806210,60414.609380,1.000000,3.353030,-399.317990
13.058000,0.897220,0.813900,5.619140,248.956250,-323.806370,60750.003910,,3.341490,-399.318390
13.060000,0.679320,0.329410,5.444820,248.975910,-323.806610,60546.445310,,3.386350,-399.317170
13.062000,0.408870,0.043580,3.886230,248.995270,-323.807190,60714.144530,,3.531190,-399.315160
13.064000,0.098690,-0.066650,3.773440,249.013580,-323.807190,60531.679690,1.000000,3.482480,-399.312810
13.066000,-0.139710,0.093570,5.065430,249.030030,-323.806980,60660.355470,,3.481200,-399.311040
13.068000,-0.139710,0.519100,5.250000,249.044680,-323.806760,60736.292970,,3.451720,-399.310850
13.070000,0.111510,0.983090,5.301270,249.058500,-323.806370,61045.316410,,3.363280,-399.312500
13.072000,0.474240,1.265080,5.803710,249.072850,-323.806210,60926.136720,1.000000,3.329960,-399.314940
13.074000,0.760070,1.207400,5.332030,249.088930,-323.806370,60812.230470,,3.347900,-399.317140
13.076000,0.839540,0.939510,4.552730,249.106700,-323.806580,60940.902340,,3.354310,-399.318050
13.078000,0.630620,0.546020,4.029790,249.125630,-323.806820,61001.015630,,3.390200,-399.317140
13.080000,0.330690,0.301210,2.707030,249.144550,-323.807190,60991.527340,1.000000,3.509400,-399.315190
13.082000,0.053830,0.226870,4.019530,249.162580,-323.807280,60506.371090,,3.496580,-399.313080
13.084000,-0.105100,0.396060,5.424320,249.179120,-323.807130,60710.980470,,3.497860,-399.311800
13.086000,0.008970,0.797240,6.090820,249.194120,-323.806670,60075.003910,,3.424800,-399.312320
13.088000,0.342220,1.186890,6.408690,249.208600,-323.806060,60695.160160,1.000000,3.329960,-399.314330
13.090000,0.681880,1.306090,6.634280,249.224180,-323.806000,60810.121090,,3.346620,-399.316620
13.092000,0.895940,1.052310,6.572750,249.241740,-323.806240,60373.476560,,3.350460,-399.318210
13.094000,0.861330,0.651120,6.131840,249.260770,-323.806430,60539.062500,,3.346620,-399.318240
13.096000,0.629330,0.185850,4.962890,249.280580,-323.806760,60600.238280,1.000000,3.417110,-399.316830
13.098000,0.344790,-0.055110,4.009280,249.299820,-323.807280,60921.917970,,3.538880,-399.314700
13.100000,0.046140,-0.106380,4.173340,249.317700,-323.807130,60513.753910,,3.474790,-399.312410
13.102000,-0.165340,0.137150,4.716800,249.333620,-323.806950,60594.964840,,3.488890,-399.310880
13.104000,-0.099980,0.601140,5.506350,249.347900,-323.806640,60509.535160,1.000000,3.429930,-399.311130
13.106000,0.183290,1.060000,5.598630,249.361600,-323.806300,60924.027340,,3.358150,-399.312990
13.108000,0.548580,1.283020,5.547360,249.376220,-323.806210,60756.332030,,3.332520,-399.315520
13.110000,0.801090,1.168950,5.424320,249.392670,-323.806400,61221.445310,,3.354310,-399.317540
13.112000,0.820310,0.863890,4.460450,249.410750,-323.806610,60915.589840,1.000000,3.360720,-399.318050
13.114000,0.563960,0.489620,3.445310,249.429790,-323.806880,60802.738280,,3.424800,-399.316830
13.116000,0.261470,0.270450,3.342770,249.448650,-323.807250,61052.699220,,3.515810,-399.314790
13.118000,0.008970,0.234560,4.388670,249.466450,-323.807250,60752.113280,,3.499150,-399.312740
13.120000,-0.102540,0.469120,5.301270,249.482680,-323.807070,60894.496090,1.000000,3.505550,-399.311800
13.122000,0.070500,0.871580,6.213870,249.497530,-323.806490,60412.503910,,3.390200,-399.312710
13.124000,0.421690,1.242000,6.449710,249.512070,-323.806000,60504.265630,,3.346620,-399.314880
13.126000,0.739560,1.275330,6.398440,249.528000,-323.806030,60254.300780,,3.344060,-399.317110
13.128000,0.920290,0.994630,6.654790,249.545870,-323.806270,60590.746090,1.000000,3.360720,-399.318420
13.130000,0.825440,0.553710,5.711430,249.565120,-323.806400,59103.632810,,3.356870,-399.318120
13.132000,0.578060,0.121770,4.460450,249.584900,-323.806850,60410.394530,,3.456850,-399.316470
13.134000,0.278140,-0.101260,4.347660,249.603970,-323.807280,60481.054690,,3.549130,-399.314240
13.136000,-0.010250,-0.106380,4.624510,249.621520,-323.807040,60571.761720,1.000000,3.464540,-399.312010
13.138000,-0.188420,0.184570,4.706540,249.637070,-323.806880,60775.316410,,3.505550,-399.310760
13.140000,-0.060240,0.651120,6.008790,249.651170,-323.806520,60522.191410,,3.409420,-399.311400
13.142000,0.257630,1.089480,5.721680,249.664900,-323.806210,60571.761720,,3.356870,-399.313540
13.144000,0.611390,1.233030,5.280760,249.679820,-323.806210,60487.382810,1.000000,3.342770,-399.316040
13.146000,0.826720,1.076660,5.291020,249.696590,-323.806430,60945.121090,,3.362000,-399.317810
13.148000,0.779300,0.753660,4.327150,249.714900,-323.806610,60864.964840,,3.369690,-399.317960
13.150000,0.499880,0.398620,3.086430,249.733980,-323.806950,61245.707030,,3.455570,-399.316470
13.152000,0.194820,0.210210,3.527340,249.752620,-323.807250,60933.519530,1.000000,3.524780,-399.314360
13.152000,0.194820,0.210210,3.527340,249.752620,-323.807250,60933.519530,1.000000,3.524780,-399.314360
13.154000,-0.033330,0.225590,4.593750,249.770130,-323.807190,60921.917970,,3.506840,-399.312440
13.156000,-0.087160,0.535770,5.342290,249.785920,-323.806980,60790.085940,,3.494020,-399.311890
13.158000,0.142270,0.968990,6.285640,249.800480,-323.806340,60843.867190,,3.376100,-399.313140
13.160000,0.494750,1.325320,6.572750,249.815090,-323.805940,61026.332030,1.000000,3.350460,-399.315400
13.162000,0.788270,1.270200,6.398440,249.831410,-323.806060,60625.550780,,3.353030,-399.317470
13.164000,0.917720,0.947200,6.183110,249.849590,-323.806300,60623.441410,,3.370970,-399.318510
13.166000,0.767760,0.485780,5.598630,249.869080,-323.806430,60453.636720,,3.360720,-399.317810
13.168000,0.519100,0.094850,4.019530,249.888790,-323.806950,60847.031250,1.000000,3.490170,-399.316040
13.170000,0.207640,-0.083310,3.742680,249.907670,-323.807190,60748.949220,,3.532470,-399.313750
13.172000,-0.062810,-0.044860,4.706540,249.924960,-323.806980,60272.230470,,3.468380,-399.311680
13.174000,-0.178160,0.292240,5.301270,249.940280,-323.806820,60456.800780,,3.496580,-399.310790
13.176000,-0.001280,0.751100,5.783200,249.954330,-323.806460,60488.437500,1.000000,3.391480,-399.311830
13.178000,0.339660,1.147160,6.070310,249.968310,-323.806210,60679.339840,,3.363280,-399.314090
13.180000,0.669070,1.224060,5.680660,249.983640,-323.806240,60520.078130,,3.345340,-399.316500
13.182000,0.847230,1.033080,4.952640,250.000780,-323.806490,60686.722660,,3.367130,-399.317960
13.184000,0.730590,0.679320,4.357910,250.019350,-323.806670,60558.046880,1.000000,3.377380,-399.317720
13.186000,0.442200,0.352480,3.281250,250.038410,-323.807040,61234.105470,,3.478640,-399.316040
13.188000,0.142270,0.221740,3.629880,250.056790,-323.807250,60832.265630,,3.517090,-399.313870
13.190000,-0.071780,0.294800,4.645020,250.073900,-323.807160,62019.847660,,3.505550,-399.312160
13.192000,-0.061520,0.644710,5.362790,250.089320,-323.806880,60817.503910,1.000000,3.474790,-399.311950
13.194000,0.214050,1.071530,5.967770,250.103740,-323.806210,60643.484380,,3.356870,-399.313540
13.196000,0.566530,1.343260,6.736820,250.118620,-323.805940,60902.933590,,3.338930,-399.315860
13.198000,0.836980,1.209960,6.531740,250.135350,-323.806150,60736.292970,,3.358150,-399.317810
13.200000,0.911320,0.867740,5.783200,250.153780,-323.806340,61036.875000,1.000000,3.358150,-399.318480
13.202000,0.721620,0.388370,5.434570,250.173370,-323.806520,60745.785160,,3.370970,-399.317500
13.204000,0.458860,0.060240,3.968260,250.192860,-323.807070,60732.078130,,3.524780,-399.315550
13.206000,0.142270,-0.071780,3.681150,250.211300,-323.807190,60393.519530,,3.501710,-399.313230
13.208000,-0.112790,0.033330,4.962890,250.228040,-323.806980,60763.714840,1.000000,3.486330,-399.311280
13.210000,-0.167910,0.424260,5.342290,250.242950,-323.806760,60317.582030,,3.470950,-399.310760
13.212000,0.057680,0.881840,5.485840,250.256880,-323.806370,60280.664060,,3.372250,-399.312160
13.214000,0.412720,1.212520,6.203610,250.271070,-323.806180,60461.019530,,3.340210,-399.314540
13.216000,0.721620,1.199710,5.783200,250.286930,-323.806340,60501.097660,1.000000,3.341490,-399.316860
13.218000,0.849790,0.948490,4.809080,250.304550,-323.806520,60875.511720,,3.363280,-399.318020
13.220000,0.678040,0.557560,4.163090,250.323500,-323.806760,60708.875000,,3.381230,-399.317410
13.222000,0.381960,0.261470,3.199220,250.342620,-323.807160,60860.746090,,3.501710,-399.315550
13.224000,0.089720,0.164060,3.476070,250.360950,-323.807280,60733.128910,1.000000,3.505550,-399.313390
13.226000,-0.093570,0.288390,4.962890,250.377820,-323.807160,60741.566410,,3.500430,-399.311890
13.228000,-0.029480,0.675480,5.957520,250.393010,-323.806760,60748.949220,,3.453000,-399.312100
13.230000,0.283260,1.089480,6.060060,250.407420,-323.806090,60916.644530,,3.335080,-399.313930
13.232000,0.638310,1.291990,6.480470,250.422610,-323.805940,60810.121090,1.000000,3.336360,-399.316280
13.234000,0.877990,1.099730,6.531740,250.439730,-323.806180,60674.062500,,3.354310,-399.318050
13.236000,0.892090,0.730590,5.834470,250.458420,-323.806370,60915.589840,,3.345340,-399.318390
13.238000,0.671630,0.253780,5.157710,250.478120,-323.806640,60907.152340,,3.395320,-399.317110
13.240000,0.397340,-0.016660,3.804200,250.497480,-323.807190,61128.636720,1.000000,3.533750,-399.315060
13.242000,0.088440,-0.123050,3.875980,250.515660,-323.807190,60629.769530,,3.482480,-399.312710
13.244000,-0.146120,0.057680,4.901370,250.531950,-323.806950,60751.054690,,3.485050,-399.310970
13.246000,-0.135860,0.506290,5.393550,250.546430,-323.806730,60323.910160,,3.449160,-399.310880
13.248000,0.121770,1.004880,5.537110,250.560030,-323.806340,60792.191410,1.000000,3.364560,-399.312560
13.250000,0.484500,1.304810,5.690920,250.574250,-323.806210,60824.886720,,3.331240,-399.315060
13.250000,0.484500,1.304810,5.690920,250.574250,-323.806210,60824.886720,,3.331240,-399.315060
13.252000,0.762630,1.258670,5.639650,250.590230,-323.806370,60391.406250,,3.350460,-399.317170
13.254000,0.830570,1.017700,4.798830,250.607850,-323.806580,60525.351560,,3.356870,-399.318020
13.256000,0.615230,0.652400,3.773440,250.626650,-323.806820,60628.714840,1.000000,3.397890,-399.317080
13.258000,0.315310,0.415280,3.301760,250.645450,-323.807190,60705.707030,,3.511960,-399.315090
13.260000,0.048710,0.342220,4.111820,250.663470,-323.807250,60359.769530,,3.494020,-399.313050
13.262000,-0.099980,0.510130,5.014160,250.680020,-323.807100,60581.250000,,3.499150,-399.311830
13.264000,0.020510,0.894650,6.234380,250.695130,-323.806610,60523.242190,1.000000,3.417110,-399.312440
13.266000,0.351200,1.263790,6.562500,250.709780,-323.806060,60843.867190,,3.333800,-399.314420
13.268000,0.690860,1.359920,6.449710,250.725560,-323.806000,60661.410160,,3.345340,-399.316710
13.270000,0.902340,1.085630,6.572750,250.743300,-323.806270,60908.207030,,3.353030,-399.318270
13.272000,0.857480,0.661380,6.111330,250.762500,-323.806400,61001.015630,1.000000,3.350460,-399.318240
13.274000,0.619080,0.187130,4.521970,250.782420,-323.806760,60699.378910,,3.418400,-399.316770
13.276000,0.335820,-0.062810,4.009280,250.801770,-323.807280,61020.003910,,3.544010,-399.314640
13.278000,0.039730,-0.130740,4.378420,250.819750,-323.807100,60813.281250,,3.468380,-399.312350
13.280000,-0.165340,0.103820,4.819340,250.835720,-323.806920,60885.003910,1.000000,3.490170,-399.310880
13.282000,-0.093570,0.558840,5.588380,250.850080,-323.806610,60688.832030,,3.424800,-399.311190
13.284000,0.197390,1.018980,5.783200,250.863830,-323.806270,60695.160160,,3.355590,-399.313110
13.286000,0.560120,1.226620,5.547360,250.878490,-323.806210,60583.359380,,3.337650,-399.315610
13.288000,0.804930,1.101010,5.434570,250.895000,-323.806400,60823.828130,1.000000,3.355590,-399.317540
13.290000,0.811340,0.797240,4.634770,250.913100,-323.806610,60562.265630,,3.363280,-399.318020
13.292000,0.549870,0.422970,3.363280,250.932140,-323.806880,60338.671880,,3.428650,-399.316740
13.294000,0.249940,0.217900,3.496580,250.950900,-323.807250,60635.039060,,3.519650,-399.314670
13.296000,0.002560,0.215330,4.583500,250.968520,-323.807220,60612.894530,1.000000,3.495300,-399.312710
13.298000,-0.099980,0.492190,5.239750,250.984480,-323.807040,60655.078130,,3.508120,-399.311800
13.300000,0.082030,0.930540,6.306150,250.999050,-323.806490,60342.898440,,3.387630,-399.312810
13.302000,0.433230,1.324040,6.603520,251.013430,-323.806000,60561.210940,,3.346620,-399.314970
13.304000,0.747250,1.352230,6.234380,251.029280,-323.806030,60436.761720,1.000000,3.345340,-399.317170
13.306000,0.913880,1.077940,6.429200,251.047040,-323.806300,60816.445310,,3.360720,-399.318420
13.308000,0.806210,0.646000,5.793460,251.066250,-323.806400,60705.707030,,3.353030,-399.318020
13.310000,0.558840,0.214050,4.152830,251.085970,-323.806850,61214.062500,,3.456850,-399.316350
13.312000,0.261470,0.007690,3.670900,251.105000,-323.807250,60989.417970,1.000000,3.544010,-399.314120
13.314000,-0.017940,-0.002560,4.419430,251.122570,-323.807040,60737.347660,,3.460690,-399.311950
13.316000,-0.178160,0.299930,4.901370,251.138200,-323.806880,60992.582030,,3.501710,-399.310790
13.318000,-0.042300,0.751100,5.506350,251.152420,-323.806520,60734.183590,,3.408140,-399.311550
13.320000,0.275570,1.162540,5.865230,251.166400,-323.806240,61008.398440,1.000000,3.359440,-399.313690
13.322000,0.620360,1.277890,5.516600,251.181550,-323.806240,60635.039060,,3.342770,-399.316130
13.324000,0.828000,1.103580,5.116700,251.198530,-323.806460,60751.054690,,3.364560,-399.317810
13.326000,0.767760,0.752380,4.521970,251.217000,-323.806640,60791.136720,,3.373540,-399.317900
13.328000,0.489620,0.392210,3.281250,251.236180,-323.806980,60936.687500,1.000000,3.459410,-399.316410
13.330000,0.189700,0.206360,3.486330,251.254850,-323.807220,60698.324220,,3.522220,-399.314270
13.332000,-0.037170,0.223020,4.911620,251.272350,-323.807160,60323.910160,,3.505550,-399.312440
13.334000,-0.083310,0.524230,5.608890,251.288130,-323.806920,60481.054690,,3.490170,-399.311890
13.336000,0.155090,0.940800,6.213870,251.302720,-323.806300,60487.382810,1.000000,3.370970,-399.313230
13.338000,0.508850,1.265080,6.839360,251.317440,-323.805940,60620.273440,,3.346620,-399.315460
13.340000,0.795960,1.186890,6.644530,251.333890,-323.806060,60395.628910,,3.354310,-399.317540
13.342000,0.915160,0.856200,6.049800,251.352200,-323.806300,60500.039060,,3.367130,-399.318510
13.344000,0.760070,0.394780,5.670410,251.371670,-323.806490,60505.316410,1.000000,3.360720,-399.317780
13.346000,0.507570,0.043580,4.429690,251.391250,-323.806980,61662.308590,,3.501710,-399.315950
13.348000,0.196110,-0.107670,3.650390,251.409880,-323.807190,60840.710940,,3.524780,-399.313660
13.350000,-0.075620,-0.025630,4.757810,251.426800,-323.806980,60667.738280,,3.477360,-399.311580
13.352000,-0.183290,0.361450,5.137210,251.441800,-323.806790,60946.175780,1.000000,3.494020,-399.310760
13.354000,0.003850,0.842100,5.444820,251.455600,-323.806430,60753.167970,,3.386350,-399.311860
13.356000,0.346070,1.240720,5.803710,251.469450,-323.806180,60864.964840,,3.359440,-399.314150
13.358000,0.672910,1.303530,5.608890,251.484800,-323.806240,60857.582030,,3.337650,-399.316530
13.360000,0.839540,1.088200,4.593750,251.502040,-323.806490,61055.859380,1.000000,3.367130,-399.317960
13.362000,0.711360,0.717770,4.040040,251.520750,-323.806670,60756.332030,,3.373540,-399.317660
13.364000,0.425540,0.384520,3.322270,251.539870,-323.807070,60792.191410,,3.477360,-399.315950
13.366000,0.129460,0.253780,3.455570,251.558380,-323.807250,60588.632810,,3.514530,-399.313810
13.368000,-0.071780,0.325560,4.829590,251.575620,-323.807160,60666.679690,1.000000,3.502990,-399.312160
13.368000,-0.071780,0.325560,4.829590,251.575620,-323.807160,60666.679690,1.000000,3.502990,-399.312160
13.370000,-0.048710,0.670350,5.926760,251.591130,-323.806880,60591.800780,,3.469670,-399.312040
13.372000,0.229430,1.093320,6.142090,251.605650,-323.806210,60085.550780,,3.351750,-399.313660
13.374000,0.581910,1.356080,6.767580,251.620610,-323.805940,60313.359380,,3.331240,-399.315980
13.376000,0.847230,1.220210,6.829100,251.637410,-323.806150,60176.257810,1.000000,3.358150,-399.317870
13.378000,0.903630,0.876710,6.008790,251.655870,-323.806340,60573.867190,,3.353030,-399.318450
13.380000,0.708800,0.406310,5.455080,251.675450,-323.806580,60509.535160,,3.372250,-399.317410
13.382000,0.447330,0.084590,4.245120,251.694930,-323.807100,60726.800780,,3.524780,-399.315460
13.384000,0.135860,-0.044860,3.711910,251.713380,-323.807190,60651.917970,1.000000,3.492740,-399.313140
13.386000,-0.114070,0.070500,4.675780,251.730060,-323.806950,60675.121090,,3.483760,-399.311250
13.388000,-0.158940,0.467830,5.414060,251.744900,-323.806760,60786.917970,,3.464540,-399.310820
13.390000,0.069210,0.930540,5.444820,251.758800,-323.806400,60920.859380,,3.368410,-399.312260
13.392000,0.424260,1.245850,5.793460,251.773070,-323.806210,60909.257810,1.000000,3.338930,-399.314640
13.392000,0.424260,1.245850,5.793460,251.773070,-323.806210,60909.257810,1.000000,3.338930,-399.314640
13.394000,0.720340,1.220210,5.598630,251.788960,-323.806370,60658.246090,,3.338930,-399.316860
13.396000,0.835690,0.994630,4.686040,251.806500,-323.806580,61043.203130,,3.359440,-399.317960
13.398000,0.657530,0.635740,3.865720,251.825260,-323.806790,60924.027340,,3.378660,-399.317290
13.400000,0.365300,0.369140,3.486330,251.844130,-323.807190,60949.339840,1.000000,3.497860,-399.315460
13.400000,0.365300,0.369140,3.486330,251.844130,-323.807190,60949.339840,1.000000,3.497860,-399.315460
13.402000,0.082030,0.285830,3.670900,251.862230,-323.807280,60550.664060,,3.497860,-399.313350
13.404000,-0.091000,0.428100,5.003910,251.878950,-323.807160,60657.187500,,3.492740,-399.311920
13.406000,-0.015380,0.816470,5.967770,251.894040,-323.806760,60330.238280,,3.442750,-399.312190
13.408000,0.296080,1.230470,6.347170,251.908520,-323.806090,60657.187500,1.000000,3.328670,-399.314060
13.410000,0.643430,1.403500,6.429200,251.923900,-323.805970,60673.011720,,3.333800,-399.316380
13.412000,0.875430,1.161250,6.736820,251.941350,-323.806210,60187.851560,,3.346620,-399.318080
13.414000,0.874150,0.762630,6.265140,251.960340,-323.806400,60467.347660,,3.340210,-399.318300
13.416000,0.652400,0.270450,4.962890,251.980220,-323.806700,60464.183590,1.000000,3.397890,-399.317020
13.418000,0.381960,-0.003850,4.070800,251.999730,-323.807250,60849.144530,,3.529910,-399.314970
13.420000,0.079470,-0.112790,4.101560,252.017970,-323.807190,60459.964840,,3.476070,-399.312680
13.422000,-0.144840,0.070500,4.655270,252.034300,-323.806980,60659.300780,,3.482480,-399.311040
13.424000,-0.124330,0.503720,5.465330,252.048840,-323.806730,60583.359380,1.000000,3.441470,-399.311000
13.424000,-0.124330,0.503720,5.465330,252.048840,-323.806730,60583.359380,1.000000,3.441470,-399.311000
13.426000,0.139710,0.972840,5.783200,252.062610,-323.806340,60646.640630,,3.355590,-399.312710
13.428000,0.502440,1.234310,5.485840,252.077000,-323.806210,60729.960940,,3.324830,-399.315190
13.430000,0.775450,1.149720,4.952640,252.093250,-323.806400,60973.597660,,3.345340,-399.317290
13.432000,0.825440,0.861330,4.747560,252.111180,-323.806610,60958.832030,1.000000,3.355590,-399.318050
13.434000,0.598570,0.471680,3.465820,252.130170,-323.806880,60761.605470,,3.400450,-399.316990
13.436000,0.302490,0.237120,3.137700,252.149050,-323.807250,61013.671880,,3.509400,-399.315030
13.438000,0.039730,0.185850,4.265630,252.166930,-323.807280,60774.257810,,3.492740,-399.312990
13.440000,-0.099980,0.406310,5.014160,252.183200,-323.807130,60879.730470,1.000000,3.495300,-399.311830
13.440000,-0.099980,0.406310,5.014160,252.183200,-323.807130,60879.730470,1.000000,3.495300,-399.311830
13.442000,0.033330,0.842100,6.060060,252.197910,-323.806610,60470.511720,,3.409420,-399.312500
13.444000,0.370420,1.270200,6.736820,252.212100,-323.806060,60686.722660,,3.331240,-399.314540
13.446000,0.702390,1.395810,6.367680,252.227480,-323.806060,60687.777340,,3.346620,-399.316830
13.448000,0.898500,1.161250,6.429200,252.244840,-323.806270,60708.875000,1.000000,3.354310,-399.318300
13.450000,0.838260,0.774170,6.408690,252.263720,-323.806430,61042.152340,,3.347900,-399.318180
13.452000,0.598570,0.321720,4.604000,252.283330,-323.806760,60263.792970,,3.424800,-399.316650
13.454000,0.317870,0.080750,3.886230,252.302400,-323.807280,60514.808590,,3.540160,-399.314510
13.456000,0.030760,0.033330,4.398930,252.320220,-323.807070,60429.375000,1.000000,3.465820,-399.312290
13.456000,0.030760,0.033330,4.398930,252.320220,-323.807070,60429.375000,1.000000,3.465820,-399.312290
13.458000,-0.164060,0.279420,4.839840,252.336240,-323.806920,60615.003910,,3.490170,-399.310910
13.460000,-0.079470,0.689580,5.321780,252.350800,-323.806610,60450.468750,,3.419680,-399.311310
13.462000,0.211490,1.094600,5.752440,252.364900,-323.806300,60490.550780,,3.354310,-399.313260
13.464000,0.560120,1.263790,5.485840,252.379930,-323.806240,60547.503910,1.000000,3.340210,-399.315700
13.466000,0.792110,1.122800,5.208980,252.396730,-323.806430,60814.339840,,3.356870,-399.317540
13.468000,0.789550,0.802370,4.716800,252.415050,-323.806640,60862.859380,,3.367130,-399.317960
13.470000,0.533200,0.434510,3.301760,252.434200,-323.806920,61075.902340,,3.431210,-399.316680
13.472000,0.237120,0.228150,3.209470,252.453000,-323.807250,60819.613280,1.000000,3.518370,-399.314640
13.472000,0.237120,0.228150,3.209470,252.453000,-323.807250,60819.613280,1.000000,3.518370,-399.314640
13.474000,0.000000,0.228150,4.696290,252.470700,-323.807190,60899.769530,,3.496580,-399.312710
13.476000,-0.087160,0.498600,5.352540,252.486680,-323.807010,61111.761720,,3.502990,-399.311920
13.478000,0.106380,0.922850,6.090820,252.501330,-323.806430,60796.406250,,3.381230,-399.312990
13.480000,0.451170,1.279170,6.808590,252.515870,-323.805940,60848.093750,1.000000,3.337650,-399.315120
13.482000,0.753660,1.267640,6.562500,252.532000,-323.806060,60701.488280,,3.349180,-399.317260
13.484000,0.906190,0.951050,6.336910,252.550050,-323.806300,60676.175780,,3.356870,-399.318420
13.486000,0.788270,0.506290,5.824220,252.569380,-323.806430,60888.167970,,3.354310,-399.317960
13.488000,0.546020,0.101260,4.429690,252.589080,-323.806880,60844.925780,1.000000,3.459410,-399.316280
13.490000,0.249940,-0.084590,3.752930,252.607960,-323.807280,60886.062500,,3.542720,-399.314060
13.492000,-0.025630,-0.049990,4.778320,252.625240,-323.807040,60269.062500,,3.463260,-399.311890
13.494000,-0.178160,0.293520,5.291020,252.640500,-323.806880,60594.964840,,3.501710,-399.310820
13.496000,-0.038450,0.780580,5.537110,252.654400,-323.806520,60434.648440,1.000000,3.401730,-399.311610
13.496000,-0.038450,0.780580,5.537110,252.654400,-323.806520,60434.648440,1.000000,3.401730,-399.311610
13.498000,0.284550,1.216370,5.885740,252.668110,-323.806210,60736.292970,,3.351750,-399.313780
13.500000,0.621640,1.333010,5.639650,252.683110,-323.806210,60520.078130,,3.341490,-399.316190
13.500000,0.621640,1.333010,5.639650,252.683110,-323.806210,60520.078130,,3.341490,-399.316190
13.502000,0.820310,1.168950,4.829590,252.699980,-323.806460,60736.292970,,3.355590,-399.317810
13.504000,0.749820,0.839540,4.183590,252.718310,-323.806610,60668.792970,1.000000,3.367130,-399.317840
13.506000,0.474240,0.492190,3.599120,252.737350,-323.806980,60966.214840,,3.453000,-399.316310
13.508000,0.174320,0.326840,3.014650,252.755910,-323.807280,60754.222660,,3.520940,-399.314240
13.510000,-0.044860,0.353760,4.409180,252.773330,-323.807190,60343.949220,,3.500430,-399.312410
13.512000,-0.074340,0.656250,5.567870,252.789090,-323.806980,60786.917970,1.000000,3.483760,-399.311980
13.512000,-0.074340,0.656250,5.567870,252.789090,-323.806980,60786.917970,1.000000,3.483760,-399.311980
13.514000,0.170470,1.061280,5.947270,252.803730,-323.806340,60589.691410,,3.367130,-399.313350
13.516000,0.521670,1.365050,6.541990,252.818570,-323.805940,60840.710940,,3.340210,-399.315610
13.518000,0.807500,1.270200,6.716310,252.835170,-323.806090,60684.609380,,3.356870,-399.317660
13.520000,0.912600,0.921570,5.865230,252.853580,-323.806340,61014.730470,1.000000,3.364560,-399.318510
13.522000,0.751100,0.437070,5.465330,252.873200,-323.806490,60610.785160,,3.363280,-399.317750
13.524000,0.498600,0.055110,4.327150,252.893010,-323.807010,60824.886720,,3.501710,-399.315890
13.526000,0.184570,-0.138430,3.537600,252.911850,-323.807190,60735.234380,,3.518370,-399.313600
13.528000,-0.079470,-0.076900,4.532230,252.929030,-323.806980,60737.347660,1.000000,3.473510,-399.311550
13.530000,-0.174320,0.283260,5.444820,252.944170,-323.806790,60699.378910,,3.486330,-399.310790
13.532000,0.017940,0.762630,5.465330,252.958100,-323.806430,60277.503910,,3.378660,-399.311980
13.534000,0.365300,1.143310,5.619140,252.972110,-323.806210,60496.882810,,3.354310,-399.314270
13.536000,0.684450,1.190730,5.772950,252.987550,-323.806300,59927.347660,1.000000,3.340210,-399.316620
13.536000,0.684450,1.190730,5.772950,252.987550,-323.806300,59927.347660,1.000000,3.340210,-399.316620
13.538000,0.844670,0.989500,4.665530,253.004750,-323.806520,60694.105470,,3.364560,-399.317960
13.540000,0.708800,0.647280,3.927250,253.023300,-323.806730,60621.332030,,3.377380,-399.317600
13.542000,0.417850,0.356320,3.424800,253.042140,-323.807100,60719.417970,,3.482480,-399.315860
13.544000,0.121770,0.271730,3.558110,253.060260,-323.807250,60673.011720,1.000000,3.510680,-399.313690
13.544000,0.121770,0.271730,3.558110,253.060260,-323.807250,60673.011720,1.000000,3.510680,-399.313690
13.546000,-0.078190,0.393490,4.562990,253.077030,-323.807160,60661.410160,,3.499150,-399.312040
13.548000,-0.049990,0.776730,5.896000,253.092150,-323.806850,60635.039060,,3.467100,-399.312010
13.550000,0.235840,1.215090,6.316410,253.106480,-323.806180,60697.265630,,3.341490,-399.313660
13.552000,0.588320,1.462460,6.665040,253.121400,-323.805940,60857.582030,1.000000,3.331240,-399.315980
13.554000,0.848510,1.304810,6.624020,253.138320,-323.806180,60639.257810,,3.354310,-399.317840
13.556000,0.898500,0.939510,6.049800,253.156920,-323.806340,61359.609380,,3.346620,-399.318390
13.558000,0.698550,0.447330,5.126950,253.176680,-323.806580,60892.386720,,3.374820,-399.317320
13.560000,0.434510,0.110230,4.234860,253.196300,-323.807160,60959.886720,1.000000,3.523500,-399.315370
13.562000,0.124330,-0.017940,3.886230,253.214830,-323.807220,60690.941410,,3.491460,-399.313080
13.564000,-0.120480,0.110230,4.634770,253.231550,-323.806980,60643.484380,,3.482480,-399.311190
13.566000,-0.152530,0.519100,5.311520,253.246400,-323.806790,60467.347660,,3.460690,-399.310850
13.568000,0.082030,0.988220,5.639650,253.260250,-323.806370,60706.761720,1.000000,3.364560,-399.312350
13.568000,0.082030,0.988220,5.639650,253.260250,-323.806370,60706.761720,1.000000,3.364560,-399.312350
13.570000,0.442200,1.304810,5.680660,253.274480,-323.806210,60741.566410,,3.329960,-399.314790
13.572000,0.740840,1.272770,5.649900,253.290370,-323.806340,60283.828130,,3.338930,-399.316990
13.574000,0.844670,1.017700,5.075680,253.308000,-323.806550,60531.679690,,3.355590,-399.318050
13.576000,0.654970,0.626770,3.886230,253.326870,-323.806790,60622.386720,1.000000,3.381230,-399.317290
13.576000,0.654970,0.626770,3.886230,253.326870,-323.806790,60622.386720,1.000000,3.381230,-399.317290
13.578000,0.358890,0.347350,3.363280,253.345860,-323.807190,60863.910160,,3.502990,-399.315370
13.580000,0.074340,0.247380,3.947750,253.364040,-323.807280,60437.812500,,3.495300,-399.313260
13.582000,-0.096130,0.384520,4.870610,253.380800,-323.807160,60632.933590,,3.492740,-399.311860
13.584000,-0.010250,0.774170,5.967770,253.395900,-323.806760,60640.316410,1.000000,3.438900,-399.312160
13.586000,0.307620,1.180480,6.685550,253.410370,-323.806090,60494.769530,,3.327390,-399.314090
13.588000,0.657530,1.347110,6.336910,253.425720,-323.805970,60707.812500,,3.333800,-399.316440
13.590000,0.892090,1.120240,6.377930,253.443050,-323.806210,60912.421880,,3.347900,-399.318120
13.592000,0.881840,0.743410,6.224120,253.461930,-323.806430,61092.777340,1.000000,3.338930,-399.318330
13.594000,0.651120,0.274290,4.860350,253.481600,-323.806700,60803.789060,,3.400450,-399.316960
13.596000,0.374270,0.028200,3.875980,253.500790,-323.807250,61189.804690,,3.528630,-399.314850
13.598000,0.069210,-0.030760,4.193850,253.518720,-323.807190,61046.371090,,3.476070,-399.312560
13.600000,-0.152530,0.190980,4.562990,253.534810,-323.806980,61011.566410,1.000000,3.476070,-399.310910
13.600000,-0.152530,0.190980,4.562990,253.534810,-323.806980,61011.566410,1.000000,3.476070,-399.310910
13.602000,-0.117920,0.633180,5.116700,253.549190,-323.806700,60565.433590,,3.438900,-399.310940
13.604000,0.151250,1.088200,5.875490,253.562970,-323.806340,60699.378910,,3.355590,-399.312740
13.606000,0.512700,1.343260,5.403810,253.577500,-323.806210,60760.550780,,3.323550,-399.315220
13.608000,0.775450,1.240720,5.126950,253.593860,-323.806400,60716.257810,1.000000,3.345340,-399.317260
13.610000,0.812620,0.947200,5.239750,253.611890,-323.806610,60937.738280,,3.351750,-399.317960
13.612000,0.581910,0.549870,3.670900,253.631000,-323.806880,60237.421880,,3.406860,-399.316860
13.614000,0.287110,0.314030,2.830080,253.649950,-323.807280,60629.769530,,3.509400,-399.314910
13.616000,0.034610,0.264040,4.501460,253.667890,-323.807280,60554.886720,1.000000,3.491460,-399.312900
13.618000,-0.092290,0.480650,5.167970,253.684280,-323.807130,60561.210940,,3.502990,-399.311860
13.620000,0.051270,0.892090,6.101070,253.699140,-323.806610,60271.175780,,3.400450,-399.312620
13.622000,0.390930,1.270200,6.900880,253.713650,-323.806060,60466.292970,,3.331240,-399.314700
13.624000,0.716490,1.340700,6.572750,253.729430,-323.806030,60440.980470,1.000000,3.340210,-399.316930
13.624000,0.716490,1.340700,6.572750,253.729430,-323.806030,60440.980470,1.000000,3.340210,-399.316930
13.626000,0.904910,1.060000,6.367680,253.747180,-323.806270,60466.292970,,3.349180,-399.318330
13.628000,0.830570,0.629330,6.008790,253.766370,-323.806430,60728.910160,,3.350460,-399.318120
13.630000,0.589600,0.167910,4.532230,253.786180,-323.806790,60819.613280,,3.428650,-399.316560
13.632000,0.302490,-0.053830,3.711910,253.805300,-323.807310,61093.828130,1.000000,3.541440,-399.314360
13.634000,0.014100,-0.074340,4.388670,253.822950,-323.807070,60867.070310,,3.460690,-399.312160
13.636000,-0.167910,0.214050,4.901370,253.838580,-323.806950,61073.789060,,3.492740,-399.310850
13.638000,-0.069210,0.692140,5.260250,253.852630,-323.806610,60792.191410,,3.419680,-399.311340
13.640000,0.231990,1.152280,5.824220,253.866260,-323.806270,60941.957030,1.000000,3.347900,-399.313350
13.640000,0.231990,1.152280,5.824220,253.866260,-323.806270,60941.957030,1.000000,3.347900,-399.313350
13.642000,0.580630,1.339420,5.608890,253.880920,-323.806210,60556.996090,,3.340210,-399.315830
13.644000,0.806210,1.198430,5.178220,253.897510,-323.806430,60721.527340,,3.353030,-399.317660
13.646000,0.784420,0.889530,4.450200,253.915650,-323.806640,60840.710940,,3.367130,-399.317960
13.648000,0.520390,0.520390,3.465820,253.934720,-323.806920,60843.867190,1.000000,3.433780,-399.316590
13.650000,0.221740,0.320430,3.240230,253.953450,-323.807250,60636.097660,,3.518370,-399.314510
13.652000,-0.011540,0.312740,4.675780,253.971100,-323.807220,60425.160160,,3.497860,-399.312590
13.654000,-0.094850,0.585750,5.588380,253.987150,-323.807040,60679.339840,,3.500430,-399.311890
13.656000,0.114070,1.001040,6.111330,254.001880,-323.806460,60421.992190,1.000000,3.382510,-399.313020
13.658000,0.465270,1.354800,6.521480,254.016570,-323.805940,60551.722660,,3.341490,-399.315190
13.660000,0.767760,1.329160,6.634280,254.032820,-323.806060,60452.582030,,3.350460,-399.317350
13.662000,0.912600,1.011290,6.142090,254.050980,-323.806300,60545.390630,,3.363280,-399.318480
13.664000,0.785710,0.557560,5.229490,254.070400,-323.806430,60639.257810,1.000000,3.359440,-399.317930
13.664000,0.785710,0.557560,5.229490,254.070400,-323.806430,60639.257810,1.000000,3.359440,-399.317930
13.666000,0.537050,0.155090,4.850100,254.090150,-323.806880,61083.289060,,3.470950,-399.316190
13.668000,0.233280,-0.029480,3.373540,254.109070,-323.807250,60823.828130,,3.544010,-399.313960
13.670000,-0.039730,-0.015380,4.204100,254.126500,-323.807040,60636.097660,,3.469670,-399.311830
13.672000,-0.176880,0.307620,5.403810,254.141920,-323.806850,60949.339840,1.000000,3.502990,-399.310820
13.672000,-0.176880,0.307620,5.403810,254.141920,-323.806850,60949.339840,1.000000,3.502990,-399.310820
13.674000,-0.021790,0.780580,5.506350,254.155980,-323.806490,60707.812500,,3.397890,-399.311740
13.676000,0.307620,1.189450,5.731930,254.169880,-323.806210,61005.234380,,3.355590,-399.313900
13.678000,0.646000,1.294560,5.875490,254.185040,-323.806210,60877.621090,,3.346620,-399.316310
13.680000,0.836980,1.111270,4.860350,254.202060,-323.806460,61061.136720,1.000000,3.362000,-399.317930
13.682000,0.752380,0.774170,4.101560,254.220470,-323.806670,60795.355470,,3.383790,-399.317840
13.684000,0.470400,0.447330,3.568360,254.239460,-323.807010,60787.972660,,3.465820,-399.316220
13.686000,0.160220,0.325560,3.373540,254.257800,-323.807250,60876.562500,,3.524780,-399.314090
13.688000,-0.060240,0.405030,4.511720,254.274870,-323.807160,60724.691410,1.000000,3.508120,-399.312290
13.690000,-0.076900,0.740840,5.803710,254.290340,-323.806880,60686.722660,,3.487610,-399.311890
13.692000,0.178160,1.181760,6.254880,254.304720,-323.806210,60141.445310,,3.360720,-399.313350
13.694000,0.533200,1.475280,6.429200,254.319500,-323.805910,60454.691410,,3.346620,-399.315640
13.696000,0.816470,1.366330,6.921390,254.336070,-323.806090,59476.992190,1.000000,3.362000,-399.317690
13.696000,0.816470,1.366330,6.921390,254.336070,-323.806090,59476.992190,1.000000,3.362000,-399.317690
13.698000,0.915160,1.042050,6.019040,254.354400,-323.806300,60548.558590,,3.364560,-399.318510
13.700000,0.743410,0.570370,5.157710,254.373930,-323.806490,60488.437500,,3.370970,-399.317690
13.702000,0.484500,0.197390,4.388670,254.393550,-323.807040,60631.875000,,3.513240,-399.315800
13.704000,0.171750,0.038450,3.732420,254.412230,-323.807190,60601.292970,1.000000,3.520940,-399.313480
13.704000,0.171750,0.038450,3.732420,254.412230,-323.807190,60601.292970,1.000000,3.520940,-399.313480
13.706000,-0.089720,0.116640,4.419430,254.429280,-323.806950,60616.054690,,3.483760,-399.311460
13.708000,-0.173030,0.472960,5.301270,254.444440,-323.806760,60879.730470,,3.487610,-399.310790
13.708000,-0.173030,0.472960,5.301270,254.444440,-323.806760,60879.730470,,3.487610,-399.310790
13.710000,0.028200,0.913880,5.711430,254.458570,-323.806370,60568.593750,,3.376100,-399.312010
13.712000,0.374270,1.249690,5.721680,254.472820,-323.806150,61042.152340,1.000000,3.347900,-399.314360
13.714000,0.692140,1.249690,5.680660,254.488650,-323.806270,60718.363280,,3.341490,-399.316680
13.716000,0.840820,1.006160,4.829590,254.506230,-323.806490,62063.089840,,3.367130,-399.317990
13.718000,0.697270,0.619080,3.568360,254.525100,-323.806730,60920.859380,,3.379940,-399.317540
13.720000,0.407590,0.297360,3.527340,254.544280,-323.807130,60757.386720,1.000000,3.494020,-399.315800
13.722000,0.112790,0.174320,3.732420,254.562650,-323.807280,60456.800780,,3.514530,-399.313660
13.724000,-0.080750,0.285830,4.686040,254.579610,-323.807160,60723.636720,,3.502990,-399.312040
13.726000,-0.039730,0.676760,5.711430,254.594770,-323.806820,60613.949220,,3.467100,-399.312040
13.728000,0.251220,1.122800,6.408690,254.609050,-323.806120,60661.410160,1.000000,3.338930,-399.313780
13.728000,0.251220,1.122800,6.408690,254.609050,-323.806120,60661.410160,1.000000,3.338930,-399.313780
13.730000,0.603700,1.361210,6.459960,254.623980,-323.805940,60702.542970,,3.335080,-399.316070
13.732000,0.852360,1.189450,6.449710,254.640850,-323.806180,60374.535160,,3.355590,-399.317900
13.734000,0.889530,0.842100,6.367680,254.659380,-323.806340,60554.886720,,3.349180,-399.318390
13.736000,0.685730,0.374270,5.157710,254.678920,-323.806580,60404.062500,1.000000,3.381230,-399.317260
13.738000,0.425540,0.078190,3.999020,254.698230,-323.807160,60812.230470,,3.527340,-399.315280
13.740000,0.116640,-0.011540,3.855470,254.716370,-323.807190,60463.128910,,3.491460,-399.312990
13.742000,-0.120480,0.161500,4.706540,254.732730,-323.806950,60642.421880,,3.483760,-399.311160
13.744000,-0.144840,0.601140,4.993650,254.747270,-323.806760,60606.566410,1.000000,3.459410,-399.310880
13.744000,-0.144840,0.601140,4.993650,254.747270,-323.806760,60606.566410,1.000000,3.459410,-399.310880
13.746000,0.093570,1.086910,5.742190,254.760970,-323.806340,60498.988280,,3.368410,-399.312410
13.748000,0.451170,1.394530,5.475590,254.775180,-323.806210,60663.519530,,3.332520,-399.314820
13.750000,0.737000,1.352230,5.352540,254.791120,-323.806370,60637.152340,,3.347900,-399.316990
13.750000,0.737000,1.352230,5.352540,254.791120,-323.806370,60637.152340,,3.347900,-399.316990
13.752000,0.826720,1.108700,5.003910,254.808780,-323.806550,61110.707030,1.000000,3.356870,-399.317960
13.754000,0.633180,0.719060,3.691410,254.827680,-323.806820,60780.585940,,3.388920,-399.317170
13.756000,0.339660,0.448610,2.860840,254.846650,-323.807190,61068.519530,,3.505550,-399.315280
13.758000,0.066650,0.364010,4.111820,254.864780,-323.807280,60762.656250,,3.497860,-399.313200
13.760000,-0.094850,0.517820,4.860350,254.881470,-323.807130,60794.300780,1.000000,3.496580,-399.311890
13.762000,0.001280,0.904910,5.731930,254.896610,-323.806700,60447.308590,,3.435060,-399.312320
13.764000,0.325560,1.283020,6.726560,254.911190,-323.806060,60625.550780,,3.324830,-399.314270
13.766000,0.665220,1.407350,6.398440,254.926740,-323.805970,60678.281250,,3.344060,-399.316590
13.768000,0.889530,1.140750,6.326660,254.944350,-323.806210,60724.691410,1.000000,3.351750,-399.318180
13.770000,0.867740,0.721620,6.480470,254.963470,-323.806400,60955.664060,,3.346620,-399.318270
13.772000,0.637020,0.225590,4.942380,254.983400,-323.806700,60133.011720,,3.408140,-399.316890
13.774000,0.362730,-0.042300,3.558110,255.002810,-323.807250,60618.167970,,3.541440,-399.314790
13.776000,0.062810,-0.115360,4.480960,255.020830,-323.807130,60461.019530,1.000000,3.473510,-399.312500
13.778000,-0.155090,0.117920,4.911620,255.036850,-323.806920,60573.867190,,3.485050,-399.310910
13.780000,-0.111510,0.574220,5.219240,255.051180,-323.806670,60444.144530,,3.438900,-399.311040
13.782000,0.164060,1.031800,6.070310,255.064900,-323.806300,60563.324220,,3.354310,-399.312870
13.784000,0.528080,1.270200,5.813960,255.079410,-323.806210,60597.070310,1.000000,3.336360,-399.315370
13.786000,0.785710,1.167660,5.311520,255.095720,-323.806400,60602.347660,,3.349180,-399.317410
13.788000,0.819030,0.893370,4.819340,255.113650,-323.806610,60885.003910,,3.358150,-399.318020
13.790000,0.576780,0.522950,3.681150,255.132550,-323.806880,60785.859380,,3.411990,-399.316860
13.792000,0.276860,0.319150,2.953130,255.151250,-323.807250,60994.695310,1.000000,3.518370,-399.314850
13.792000,0.276860,0.319150,2.953130,255.151250,-323.807250,60994.695310,1.000000,3.518370,-399.314850
13.794000,0.019230,0.297360,4.470700,255.168930,-323.807250,60950.390630,,3.492740,-399.312840
13.796000,-0.099980,0.549870,5.126950,255.185030,-323.807070,60968.324220,,3.504270,-399.311800
13.798000,0.052550,0.972840,5.793460,255.199710,-323.806550,60786.917970,,3.400450,-399.312620
13.800000,0.394780,1.353520,6.531740,255.214160,-323.806030,60744.730470,1.000000,3.336360,-399.314730
13.802000,0.719060,1.403500,6.593260,255.229950,-323.806030,60549.613280,,3.344060,-399.316960
13.804000,0.907470,1.118960,6.172850,255.247760,-323.806270,60636.097660,,3.355590,-399.318360
13.806000,0.828000,0.683170,5.670410,255.266920,-323.806430,60774.257810,,3.353030,-399.318120
13.808000,0.587040,0.251220,4.788570,255.286680,-323.806790,60618.167970,1.000000,3.438900,-399.316590
13.808000,0.587040,0.251220,4.788570,255.286680,-323.806790,60618.167970,1.000000,3.438900,-399.316590
13.810000,0.296080,0.033330,3.824710,255.305760,-323.807250,60830.160160,,3.542720,-399.314360
13.812000,0.008970,0.014100,4.450200,255.323390,-323.807040,60381.917970,,3.465820,-399.312160
13.814000,-0.173030,0.296080,5.157710,255.339160,-323.806880,60550.664060,,3.496580,-399.310850
13.816000,-0.065370,0.745970,5.506350,255.353390,-323.806580,60346.054690,1.000000,3.415830,-399.311370
13.818000,0.239690,1.170230,5.588380,255.367280,-323.806240,60725.746090,,3.350460,-399.313420
13.820000,0.589600,1.317630,5.854980,255.382250,-323.806210,60482.113280,,3.341490,-399.315890
13.822000,0.808780,1.153560,5.085940,255.399090,-323.806430,60700.429690,,3.358150,-399.317690
13.824000,0.778020,0.810060,3.978520,255.417400,-323.806640,60732.078130,1.000000,3.368410,-399.317930
13.826000,0.511410,0.460140,3.496580,255.436450,-323.806950,61100.160160,,3.445310,-399.316560
13.828000,0.214050,0.279420,3.188960,255.455050,-323.807250,60966.214840,,3.520940,-399.314480
13.830000,-0.016660,0.290950,4.368160,255.472550,-323.807190,60535.902340,,3.500430,-399.312560
13.832000,-0.087160,0.575500,5.639650,255.488370,-323.806980,60875.511720,1.000000,3.500430,-399.311890
13.832000,-0.087160,0.575500,5.639650,255.488370,-323.806980,60875.511720,1.000000,3.500430,-399.311890
13.834000,0.125610,0.994630,6.131840,255.502940,-323.806370,60652.972660,,3.377380,-399.313080
13.836000,0.474240,1.338130,6.418950,255.517580,-323.805940,61045.316410,,3.340210,-399.315280
13.838000,0.771610,1.286870,6.788090,255.533840,-323.806060,60768.988280,,3.350460,-399.317410
13.840000,0.907470,0.975400,6.193360,255.552030,-323.806300,61081.171880,1.000000,3.362000,-399.318450
13.842000,0.771610,0.522950,5.383300,255.571400,-323.806460,60818.554690,,3.363280,-399.317840
13.844000,0.525510,0.134580,4.552730,255.591020,-323.806920,60850.199220,,3.481200,-399.316130
13.846000,0.221740,-0.023070,3.711910,255.609760,-323.807220,61949.183590,,3.540160,-399.313870
13.848000,-0.046140,0.020510,4.450200,255.626880,-323.807010,60741.566410,1.000000,3.469670,-399.311770
13.850000,-0.176880,0.381960,5.485840,255.642070,-323.806820,60779.535160,,3.505550,-399.310820
13.852000,-0.017940,0.862610,5.670410,255.656010,-323.806460,60323.910160,,3.391480,-399.311770
13.854000,0.317870,1.274050,5.496090,255.669850,-323.806180,60583.359380,,3.354310,-399.314000
13.856000,0.648560,1.348390,5.783200,255.685150,-323.806210,59782.851560,1.000000,3.341490,-399.316410
13.858000,0.828000,1.142030,4.962890,255.702350,-323.806460,60615.003910,,3.358150,-399.317900
13.860000,0.729310,0.762630,3.865720,255.720990,-323.806670,60550.664060,,3.377380,-399.317750
13.862000,0.451170,0.417850,3.619630,255.740200,-323.807040,60797.468750,,3.468380,-399.316160
13.864000,0.152530,0.257630,3.599120,255.758770,-323.807250,60727.851560,1.000000,3.519650,-399.314030
13.864000,0.152530,0.257630,3.599120,255.758770,-323.807250,60727.851560,1.000000,3.519650,-399.314030
13.866000,-0.058960,0.320430,4.409180,255.776080,-323.807190,60673.011720,,3.506840,-399.312290
13.868000,-0.066650,0.662660,5.567870,255.791630,-323.806920,60803.789060,,3.481200,-399.311980
13.870000,0.198670,1.102290,6.121580,255.806050,-323.806270,60539.062500,,3.362000,-399.313510
13.872000,0.551150,1.404790,6.634280,255.820770,-323.805940,60953.558590,1.000000,3.338930,-399.315800
13.874000,0.826720,1.298400,6.603520,255.837300,-323.806090,60674.062500,,3.355590,-399.317780
13.876000,0.911320,0.976680,6.070310,255.855580,-323.806340,61965.003910,,3.364560,-399.318510
13.878000,0.730590,0.510130,4.993650,255.875030,-323.806490,61033.714840,,3.367130,-399.317600
13.880000,0.474240,0.165340,3.978520,255.894500,-323.807040,60932.460940,1.000000,3.515810,-399.315700
13.882000,0.160220,0.026920,3.845210,255.912980,-323.807190,60686.722660,,3.508120,-399.313390
13.884000,-0.098690,0.134580,4.460450,255.929780,-323.806950,60645.589840,,3.481200,-399.311400
13.886000,-0.169190,0.516540,5.137210,255.944750,-323.806760,60795.355470,,3.474790,-399.310790
13.888000,0.041020,0.971560,6.049800,255.958690,-323.806430,60662.460940,1.000000,3.378660,-399.312100
13.888000,0.041020,0.971560,6.049800,255.958690,-323.806430,60662.460940,1.000000,3.378660,-399.312100
13.890000,0.389650,1.312500,5.926760,255.972870,-323.806210,60773.203130,,3.353030,-399.314450
13.892000,0.699830,1.303530,5.506350,255.988630,-323.806340,60365.042970,,3.340210,-399.316710
13.894000,0.839540,1.071530,5.167970,256.006160,-323.806550,60592.859380,,3.368410,-399.317990
13.896000,0.683170,0.694700,4.122070,256.024960,-323.806760,60244.804690,1.000000,3.378660,-399.317470
13.896000,0.683170,0.694700,4.122070,256.024960,-323.806760,60244.804690,1.000000,3.378660,-399.317470
13.898000,0.393490,0.380680,3.209470,256.044040,-323.807130,60898.714840,,3.494020,-399.315670
13.900000,0.103820,0.266600,3.845210,256.062350,-323.807220,60470.511720,,3.504270,-399.313540
13.902000,-0.085880,0.387080,4.768070,256.079250,-323.807100,60717.308590,,3.496580,-399.312010
13.904000,-0.035890,0.751100,5.506350,256.094540,-323.806760,60602.347660,1.000000,3.456850,-399.312070
13.906000,0.262760,1.158690,6.480470,256.109070,-323.806120,60543.281250,,3.340210,-399.313840
13.908000,0.615230,1.349670,6.398440,256.124360,-323.805940,60793.242190,,3.336360,-399.316160
13.910000,0.867740,1.131770,6.254880,256.141600,-323.806210,60602.347660,,3.353030,-399.317990
13.912000,0.895940,0.744690,6.183110,256.160460,-323.806370,60938.792970,1.000000,3.347900,-399.318420
13.914000,0.684450,0.257630,5.147460,256.180240,-323.806610,60654.023440,,3.386350,-399.317230
13.916000,0.417850,-0.024350,3.732420,256.199680,-323.807190,61108.597660,,3.533750,-399.315220
13.918000,0.107670,-0.117920,4.286130,256.217830,-323.807190,60971.488280,,3.482480,-399.312900
13.920000,-0.134580,0.070500,4.737300,256.234100,-323.806950,60927.187500,1.000000,3.487610,-399.311070
13.920000,-0.134580,0.070500,4.737300,256.234100,-323.806950,60927.187500,1.000000,3.487610,-399.311070
13.922000,-0.146120,0.510130,5.024410,256.248570,-323.806760,60645.589840,,3.451720,-399.310850
13.924000,0.103820,0.980530,5.967770,256.262240,-323.806340,60701.488280,,3.362000,-399.312440
13.926000,0.469120,1.274050,5.762700,256.276490,-323.806180,60746.839840,,3.328670,-399.314910
13.928000,0.756230,1.213810,5.383300,256.292510,-323.806370,60700.429690,1.000000,3.341490,-399.317110
13.930000,0.838260,0.945920,5.506350,256.310270,-323.806550,60957.773440,,3.356870,-399.318020
13.932000,0.633180,0.558840,3.927250,256.329160,-323.806820,60327.070310,,3.383790,-399.317140
13.934000,0.333250,0.315310,3.014650,256.348020,-323.807220,60708.875000,,3.513240,-399.315190
13.936000,0.058960,0.264040,4.327150,256.365940,-323.807280,60527.468750,1.000000,3.494020,-399.313080
13.936000,0.058960,0.264040,4.327150,256.365940,-323.807280,60527.468750,1.000000,3.494020,-399.313080
13.938000,-0.099980,0.470400,5.075680,256.382260,-323.807160,60654.023440,,3.495300,-399.311770
13.940000,0.002560,0.893370,5.762700,256.397060,-323.806700,60449.414060,,3.428650,-399.312290
13.942000,0.333250,1.316350,6.613770,256.411320,-323.806060,60664.570310,,3.323550,-399.314240
13.944000,0.679320,1.458620,6.521480,256.426670,-323.806000,60516.917970,1.000000,3.340210,-399.316590
13.946000,0.899780,1.224060,6.265140,256.444030,-323.806210,60462.070310,,3.347900,-399.318240
13.948000,0.871580,0.828000,5.896000,256.462920,-323.806430,60665.628910,,3.342770,-399.318270
13.950000,0.634460,0.347350,4.819340,256.482670,-323.806760,60782.699220,,3.411990,-399.316860
13.952000,0.348630,0.071780,3.629880,256.502010,-323.807280,61112.816410,1.000000,3.538880,-399.314700
13.954000,0.047420,-0.008970,4.142580,256.520110,-323.807160,60733.128910,,3.470950,-399.312410
13.956000,-0.165340,0.196110,4.788570,256.536350,-323.806950,61268.910160,,3.483760,-399.310850
13.958000,-0.103820,0.610110,5.167970,256.550960,-323.806670,60780.585940,,3.431210,-399.311040
13.960000,0.176880,1.035640,5.793460,256.564970,-323.806300,60851.250000,1.000000,3.351750,-399.312960
13.960000,0.176880,1.035640,5.793460,256.564970,-323.806300,60851.250000,1.000000,3.351750,-399.312960
13.962000,0.539610,1.245850,5.885740,256.579770,-323.806210,60679.339840,,3.332520,-399.315460
13.964000,0.798520,1.127930,5.403810,256.596340,-323.806430,60678.281250,,3.353030,-399.317470
13.966000,0.821590,0.822880,4.757810,256.614500,-323.806610,60781.640630,,3.359440,-399.318050
13.968000,0.572940,0.443480,3.988770,256.633510,-323.806880,60739.460940,1.000000,3.419680,-399.316860
13.968000,0.572940,0.443480,3.988770,256.633510,-323.806880,60739.460940,1.000000,3.419680,-399.316860
13.970000,0.267880,0.239690,3.281250,256.652310,-323.807250,60719.417970,,3.519650,-399.314790
13.972000,0.011540,0.226870,4.419430,256.670010,-323.807220,60471.566410,,3.491460,-399.312740
13.974000,-0.107670,0.472960,5.485840,256.686070,-323.807040,60598.128910,,3.504270,-399.311770
13.976000,0.061520,0.906190,6.254880,256.700710,-323.806520,60003.281250,1.000000,3.396610,-399.312680
13.978000,0.411440,1.281740,6.398440,256.715120,-323.806000,60581.250000,,3.333800,-399.314790
13.980000,0.731870,1.326600,6.849610,256.730960,-323.806030,60531.679690,,3.346620,-399.317050
13.982000,0.915160,1.052310,6.347170,256.748720,-323.806270,60641.371090,,3.350460,-399.318390
13.984000,0.829280,0.635740,5.280760,256.767850,-323.806430,60604.453130,1.000000,3.353030,-399.318120
13.986000,0.579350,0.214050,4.634770,256.787480,-323.806850,60728.910160,,3.445310,-399.316500
13.988000,0.281980,0.020510,3.763180,256.806400,-323.807280,61048.476560,,3.544010,-399.314240
13.990000,-0.005130,0.023070,4.183590,256.823880,-323.807040,60748.949220,,3.465820,-399.312010
13.992000,-0.182010,0.333250,5.096190,256.839420,-323.806880,60975.707030,1.000000,3.499150,-399.310760
13.992000,-0.182010,0.333250,5.096190,256.839420,-323.806880,60975.707030,1.000000,3.499150,-399.310760
13.994000,-0.062810,0.802370,5.537110,256.853520,-323.806550,60667.738280,,3.409420,-399.311400
13.996000,0.251220,1.231750,5.444820,256.867310,-323.806240,60946.175780,,3.354310,-399.313510
13.998000,0.607540,1.371460,5.783200,256.882260,-323.806210,60943.007810,,3.338930,-399.316010
14.000000,0.825440,1.212520,5.106450,256.899140,-323.806430,60974.656250,1.000000,3.355590,-399.317810
14.000000,0.825440,1.212520,5.106450,256.899140,-323.806430,60974.656250,1.000000,3.355590,-399.317810
14.002000,0.788270,0.858760,4.060550,256.917510,-323.806640,60743.671880,,3.369690,-399.317960
14.004000,0.511410,0.493470,3.547850,256.936680,-323.806950,60733.128910,,3.450440,-399.316530
14.006000,0.202510,0.302490,3.506840,256.955380,-323.807250,61530.476560,,3.517090,-399.314360
14.008000,-0.033330,0.310180,4.450200,256.972960,-323.807190,60511.644530,1.000000,3.499150,-399.312440
14.010000,-0.097410,0.601140,5.670410,256.988800,-323.806980,60468.402340,,3.496580,-399.311830
14.012000,0.130740,1.016420,6.439450,257.003420,-323.806370,60208.949220,,3.373540,-399.313080
14.014000,0.489620,1.349670,6.531740,257.018100,-323.805940,60559.105470,,3.349180,-399.315340
14.016000,0.793400,1.288150,6.993160,257.034450,-323.806060,59560.316410,1.000000,3.354310,-399.317470
14.018000,0.933110,0.961300,6.531740,257.052610,-323.806340,60502.152340,,3.368410,-399.318540
14.020000,0.786990,0.489620,5.465330,257.072110,-323.806460,60597.070310,,3.363280,-399.317900
14.022000,0.531920,0.083310,4.419430,257.091860,-323.806950,60841.761720,,3.488890,-399.316100
14.024000,0.216610,-0.105100,3.865720,257.110690,-323.807190,60650.867190,1.000000,3.535030,-399.313780
14.026000,-0.061520,-0.056400,4.286130,257.127900,-323.806980,60586.527340,,3.473510,-399.311610
14.028000,-0.189700,0.294800,5.126950,257.143130,-323.806790,60911.371090,,3.497860,-399.310670
14.030000,-0.014100,0.772890,5.711430,257.157100,-323.806460,60571.761720,,3.394040,-399.311680
14.032000,0.326840,1.161250,5.752440,257.171080,-323.806210,61121.257810,1.000000,3.364560,-399.313960
14.032000,0.326840,1.161250,5.752440,257.171080,-323.806210,61121.257810,1.000000,3.364560,-399.313960
14.034000,0.666500,1.220210,5.537110,257.186460,-323.806270,60637.152340,,3.349180,-399.316410
14.036000,0.847230,1.029240,4.706540,257.203610,-323.806490,62062.031250,,3.368410,-399.317930
14.038000,0.738280,0.697270,3.773440,257.222110,-323.806670,61074.843750,,3.383790,-399.317720
14.040000,0.449890,0.390930,3.424800,257.241000,-323.807040,60952.503910,1.000000,3.474790,-399.316040
14.042000,0.144840,0.279420,3.711910,257.259250,-323.807220,60519.027340,,3.519650,-399.313900
14.044000,-0.070500,0.372990,4.511720,257.276210,-323.807100,60635.039060,,3.506840,-399.312160
14.046000,-0.069210,0.737000,5.434570,257.291500,-323.806850,60556.996090,,3.478640,-399.311890
14.048000,0.201230,1.170230,6.788090,257.305880,-323.806210,60532.738280,1.000000,3.362000,-399.313420
14.048000,0.201230,1.170230,6.788090,257.305880,-323.806210,60532.738280,1.000000,3.362000,-399.313420
14.050000,0.560120,1.439390,6.900880,257.320770,-323.805910,60694.105470,,3.338930,-399.315770
14.052000,0.839540,1.284300,6.552250,257.337620,-323.806120,60315.468750,,3.356870,-399.317780
14.054000,0.916440,0.907470,6.521480,257.356230,-323.806340,60516.917970,,3.362000,-399.318510
14.056000,0.730590,0.419130,5.506350,257.376010,-323.806520,60346.054690,1.000000,3.369690,-399.317540
14.058000,0.467830,0.078190,3.988770,257.395630,-323.807100,60690.941410,,3.528630,-399.315610
14.060000,0.149960,-0.047420,3.999020,257.414120,-323.807190,60680.394530,,3.508120,-399.313260
14.062000,-0.108950,0.076900,4.737300,257.430850,-323.806980,60651.917970,,3.487610,-399.311280
14.064000,-0.174320,0.485780,4.973140,257.445650,-323.806760,60504.265630,1.000000,3.477360,-399.310730
14.064000,-0.174320,0.485780,4.973140,257.445650,-323.806760,60504.265630,1.000000,3.477360,-399.310730
14.066000,0.049990,0.962590,5.865230,257.459410,-323.806400,60486.332030,,3.373540,-399.312100
14.068000,0.406310,1.302250,5.926760,257.473480,-323.806180,60909.257810,,3.342770,-399.314510
14.070000,0.720340,1.303530,5.496090,257.489170,-323.806300,60696.214840,,3.338930,-399.316800
14.072000,0.853640,1.060000,5.065430,257.506650,-323.806520,60965.156250,1.000000,3.368410,-399.318020
14.074000,0.681880,0.678040,3.999020,257.525450,-323.806760,60849.144530,,3.377380,-399.317410
14.076000,0.383240,0.383240,2.871090,257.544460,-323.807160,61176.097660,,3.497860,-399.315550
14.078000,0.091000,0.278140,3.927250,257.562710,-323.807250,60915.589840,,3.505550,-399.313420
14.080000,-0.094850,0.393490,4.850100,257.579560,-323.807130,60839.648440,1.000000,3.496580,-399.311890
14.082000,-0.033330,0.758790,5.557620,257.594790,-323.806790,60522.191410,,3.455570,-399.312040
14.084000,0.275570,1.163820,6.377930,257.609310,-323.806090,60549.613280,,3.337650,-399.313870
14.086000,0.629330,1.353520,6.316410,257.624540,-323.805940,60918.753910,,3.332520,-399.316220
14.088000,0.876710,1.151000,6.039550,257.641780,-323.806210,60385.078130,1.000000,3.358150,-399.318020
14.088000,0.876710,1.151000,6.039550,257.641780,-323.806210,60385.078130,1.000000,3.358150,-399.318020
14.090000,0.894650,0.785710,6.244630,257.660550,-323.806370,60738.402340,,3.347900,-399.318390
14.092000,0.674190,0.308900,5.106450,257.680240,-323.806640,58991.835940,,3.391480,-399.317140
14.094000,0.401180,0.035890,3.732420,257.699580,-323.807190,60442.031250,,3.537600,-399.315060
14.096000,0.091000,-0.053830,4.122070,257.717710,-323.807190,60446.257810,1.000000,3.486330,-399.312740
14.098000,-0.142270,0.120480,4.921880,257.734040,-323.806950,60502.152340,,3.487610,-399.311000
14.100000,-0.135860,0.542180,5.157710,257.748690,-323.806730,60554.886720,,3.454280,-399.310880
14.102000,0.121770,0.990780,5.690920,257.762540,-323.806340,60651.917970,,3.364560,-399.312560
14.104000,0.483220,1.265080,5.875490,257.776980,-323.806210,60629.769530,1.000000,3.332520,-399.315030
14.104000,0.483220,1.265080,5.875490,257.776980,-323.806210,60629.769530,1.000000,3.332520,-399.315030
14.106000,0.761350,1.202270,5.178220,257.793120,-323.806370,60581.250000,,3.347900,-399.317170
14.108000,0.831850,0.933110,4.686040,257.810940,-323.806580,61014.730470,,3.362000,-399.318020
14.110000,0.617800,0.554990,3.958010,257.829860,-323.806820,60835.433590,,3.396610,-399.317080
14.112000,0.316590,0.326840,2.901860,257.848660,-323.807190,61105.433590,1.000000,3.506840,-399.315090
14.114000,0.046140,0.276860,3.916990,257.866580,-323.807220,60888.167970,,3.494020,-399.312990
14.116000,-0.102540,0.461430,4.860350,257.883000,-323.807100,60786.917970,,3.495300,-399.311770
14.118000,0.016660,0.870300,5.660160,257.897890,-323.806640,60854.414060,,3.426090,-399.312350
14.120000,0.348630,1.252260,6.357420,257.912350,-323.806060,60772.152340,1.000000,3.327390,-399.314360
14.122000,0.687010,1.366330,6.541990,257.927920,-323.806000,60588.632810,,3.345340,-399.316680
14.124000,0.901060,1.120240,6.193360,257.945470,-323.806240,60617.113280,,3.351750,-399.318240
14.126000,0.861330,0.708800,5.783200,257.964450,-323.806430,60773.203130,,3.345340,-399.318240
14.128000,0.624210,0.252500,5.014160,257.984160,-323.806730,60613.949220,1.000000,3.420960,-399.316770
14.128000,0.624210,0.252500,5.014160,257.984160,-323.806730,60613.949220,1.000000,3.420960,-399.316770
14.130000,0.339660,0.026920,3.865720,258.003270,-323.807250,60822.777340,,3.538880,-399.314640
14.132000,0.039730,-0.014100,4.132320,258.021030,-323.807100,60353.437500,,3.472230,-399.312320
14.134000,-0.167910,0.247380,5.096190,258.036870,-323.806920,60588.632810,,3.487610,-399.310820
14.136000,-0.096130,0.708800,5.578130,258.051030,-323.806640,59776.527340,1.000000,3.431210,-399.311100
14.136000,-0.096130,0.708800,5.578130,258.051030,-323.806640,59776.527340,1.000000,3.431210,-399.311100
14.138000,0.192260,1.174070,5.578130,258.064640,-323.806300,60542.230470,,3.358150,-399.313050
14.140000,0.554990,1.385560,5.926760,258.079250,-323.806210,60593.910160,,3.336360,-399.315550
14.142000,0.803650,1.254820,5.373050,258.095730,-323.806400,60696.214840,,3.356870,-399.317540
14.144000,0.815190,0.942080,4.296390,258.113860,-323.806610,60642.421880,1.000000,3.364560,-399.317990
14.146000,0.557560,0.544740,3.742680,258.132970,-323.806880,61107.542970,,3.426090,-399.316740
14.148000,0.256350,0.320430,3.271000,258.151860,-323.807190,60963.046880,,3.514530,-399.314670
14.150000,0.005130,0.287110,4.204100,258.169680,-323.807190,60607.621090,,3.492740,-399.312680
14.152000,-0.105100,0.522950,5.157710,258.185910,-323.807040,60941.957030,1.000000,3.502990,-399.311740
14.154000,0.071780,0.942080,6.111330,258.200710,-323.806490,60639.257810,,3.392760,-399.312710
14.156000,0.422970,1.315060,6.172850,258.215330,-323.806000,61010.511720,,3.338930,-399.314880
14.158000,0.744690,1.335570,6.511230,258.231350,-323.806060,60836.488280,,3.351750,-399.317140
14.160000,0.921570,1.034360,6.388180,258.249330,-323.806300,60998.910160,1.000000,3.356870,-399.318420
14.160000,0.921570,1.034360,6.388180,258.249330,-323.806300,60998.910160,1.000000,3.356870,-399.318420
14.162000,0.821590,0.583190,5.393550,258.268650,-323.806460,60671.953130,,3.356870,-399.318080
14.164000,0.572940,0.156370,4.491210,258.288420,-323.806850,60729.960940,,3.454280,-399.316440
14.166000,0.270450,-0.034610,4.050290,258.307370,-323.807250,60833.324220,,3.541440,-399.314180
14.166000,0.270450,-0.034610,4.050290,258.307370,-323.807250,60833.324220,,3.541440,-399.314180
14.168000,-0.012820,-0.025630,4.275880,258.324830,-323.807040,60613.949220,1.000000,3.467100,-399.311950
14.170000,-0.183290,0.285830,5.321780,258.340330,-323.806850,60649.804690,,3.502990,-399.310760
14.172000,-0.049990,0.752380,5.803710,258.354430,-323.806520,60256.410160,,3.406860,-399.311460
14.174000,0.267880,1.167660,5.660160,258.368290,-323.806210,60492.656250,,3.360720,-399.313570
14.176000,0.616520,1.284300,6.070310,258.383360,-323.806240,60442.031250,1.000000,3.342770,-399.316040
14.176000,0.616520,1.284300,6.070310,258.383360,-323.806240,60442.031250,1.000000,3.342770,-399.316040
14.178000,0.825440,1.112550,5.362790,258.400240,-323.806460,60598.128910,,3.363280,-399.317780
14.180000,0.771610,0.784420,4.183590,258.418610,-323.806640,60701.488280,,3.376100,-399.317870
14.182000,0.496030,0.447330,3.486330,258.437590,-323.806950,60801.679690,,3.456850,-399.316410
14.184000,0.192260,0.306340,3.629880,258.455990,-323.807190,60762.656250,1.000000,3.519650,-399.314270
14.186000,-0.035890,0.339660,4.327150,258.473240,-323.807160,60794.300780,,3.504270,-399.312410
14.188000,-0.088440,0.665220,5.373050,258.488860,-323.806920,60844.925780,,3.500430,-399.311830
14.190000,0.146120,1.104860,6.326660,258.503230,-323.806300,60588.632810,,3.369690,-399.313140
14.192000,0.502440,1.427860,6.459960,258.517880,-323.805880,60972.542970,1.000000,3.346620,-399.315430
14.194000,0.792110,1.343260,6.295900,258.534270,-323.806060,60607.621090,,3.353030,-399.317500
14.196000,0.913880,1.012570,5.947270,258.552520,-323.806300,60587.582030,,3.365840,-399.318480
14.198000,0.760070,0.539610,5.403810,258.572020,-323.806460,61022.113280,,3.367130,-399.317750
14.200000,0.508850,0.149960,3.947750,258.591670,-323.806950,61010.511720,1.000000,3.492740,-399.315980
14.200000,0.508850,0.149960,3.947750,258.591670,-323.806950,61010.511720,1.000000,3.492740,-399.315980
14.202000,0.201230,-0.014100,3.886230,258.610410,-323.807220,60699.378910,,3.535030,-399.313690
14.204000,-0.066650,0.037170,4.419430,258.627560,-323.806980,60601.292970,,3.474790,-399.311610
14.206000,-0.179440,0.383240,5.075680,258.642790,-323.806790,60758.437500,,3.496580,-399.310760
14.208000,0.000000,0.826720,6.039550,258.656890,-323.806430,60630.824220,1.000000,3.392760,-399.311860
14.208000,0.000000,0.826720,6.039550,258.656890,-323.806430,60630.824220,1.000000,3.392760,-399.311860
14.210000,0.343510,1.179200,5.957520,258.671050,-323.806180,60780.585940,,3.360720,-399.314120
14.212000,0.671630,1.213810,5.414060,258.686610,-323.806210,60244.804690,,3.341490,-399.316530
14.214000,0.839540,0.989500,5.147460,258.704010,-323.806490,60577.031250,,3.369690,-399.317960
14.216000,0.717770,0.626770,4.214360,258.722690,-323.806670,60341.835940,1.000000,3.383790,-399.317690
14.218000,0.431950,0.296080,3.147950,258.741820,-323.807040,60748.949220,,3.479920,-399.315980
14.220000,0.135860,0.167910,3.681150,258.760220,-323.807220,60533.792970,,3.518370,-399.313810
14.222000,-0.073060,0.248660,4.798830,258.777310,-323.807130,60725.746090,,3.506840,-399.312160
14.224000,-0.058960,0.604980,5.403810,258.792690,-323.806850,60626.601560,1.000000,3.474790,-399.311980
14.226000,0.219180,1.039490,6.306150,258.807040,-323.806180,60503.203130,,3.356870,-399.313570
14.228000,0.570370,1.311220,6.808590,258.821900,-323.805910,60978.867190,,3.340210,-399.315890
14.230000,0.839540,1.172790,6.244630,258.838650,-323.806150,60777.425780,,3.358150,-399.317810
14.232000,0.907470,0.836980,6.008790,258.857060,-323.806340,60781.640630,1.000000,3.362000,-399.318480
14.232000,0.907470,0.836980,6.008790,258.857060,-323.806340,60781.640630,1.000000,3.362000,-399.318480
14.234000,0.713930,0.378110,5.260250,258.876530,-323.806520,60756.332030,,3.372250,-399.317440
14.236000,0.455020,0.070500,3.578610,258.895870,-323.807070,61082.226560,,3.524780,-399.315520
14.238000,0.140990,-0.037170,3.855470,258.914150,-323.807190,60922.972660,,3.500430,-399.313200
14.240000,-0.108950,0.097410,4.706540,258.930730,-323.806950,60950.390630,1.000000,3.487610,-399.311280
14.242000,-0.162780,0.508850,4.798830,258.945470,-323.806760,60529.574220,,3.469670,-399.310790
14.244000,0.061520,0.976680,5.711430,258.959290,-323.806370,60689.886720,,3.377380,-399.312190
14.246000,0.414000,1.320190,6.172850,258.973420,-323.806210,60943.007810,,3.341490,-399.314610
14.248000,0.717770,1.289430,5.434570,258.989320,-323.806340,60619.218750,1.000000,3.346620,-399.316860
14.248000,0.717770,1.289430,5.434570,258.989320,-323.806340,60619.218750,1.000000,3.346620,-399.316860
14.250000,0.840820,1.036930,5.014160,259.006930,-323.806520,60832.265630,,3.368410,-399.317990
14.250000,0.840820,1.036930,5.014160,259.006930,-323.806520,60832.265630,,3.368410,-399.317990
14.252000,0.665220,0.657530,4.306640,259.025790,-323.806760,59319.847660,,3.382510,-399.317350
14.254000,0.371700,0.378110,3.024900,259.044770,-323.807130,60609.730470,,3.499150,-399.315490
14.256000,0.085880,0.294800,3.916990,259.062990,-323.807220,60425.160160,1.000000,3.505550,-399.313390
14.258000,-0.089720,0.429380,5.106450,259.079740,-323.807100,60535.902340,,3.494020,-399.311920
14.260000,-0.020510,0.811340,5.711430,259.094910,-323.806760,60471.566410,,3.455570,-399.312160
14.262000,0.288390,1.213810,6.326660,259.109380,-323.806060,60527.468750,,3.336360,-399.314000
14.264000,0.635740,1.393250,6.777830,259.124660,-323.805940,60530.625000,1.000000,3.336360,-399.316310
14.266000,0.875430,1.168950,6.418950,259.141940,-323.806210,60432.542970,,3.358150,-399.318050
14.268000,0.888240,0.779300,5.978030,259.160800,-323.806370,60871.292970,,3.344060,-399.318360
14.270000,0.669070,0.297360,5.280760,259.180570,-323.806640,60815.394530,,3.396610,-399.317110
14.272000,0.394780,0.017940,3.824710,259.200010,-323.807190,61143.402340,1.000000,3.532470,-399.315030
14.274000,0.087160,-0.085880,3.958010,259.218230,-323.807130,60673.011720,,3.485050,-399.312710
14.276000,-0.146120,0.096130,4.634770,259.234560,-323.806920,60742.617190,,3.482480,-399.310970
14.278000,-0.132020,0.533200,5.332030,259.249110,-323.806700,60948.281250,,3.453000,-399.310880
14.280000,0.128170,0.999760,5.660160,259.262940,-323.806340,60930.355470,1.000000,3.363280,-399.312590
14.282000,0.492190,1.265080,5.906250,259.277400,-323.806210,60715.195310,,3.331240,-399.315060
14.284000,0.770320,1.184330,5.434570,259.293610,-323.806370,60751.054690,,3.350460,-399.317200
14.286000,0.831850,0.922850,4.737300,259.311460,-323.806610,60910.316410,,3.362000,-399.317990
14.288000,0.611390,0.554990,4.029790,259.330320,-323.806850,60670.902340,1.000000,3.403020,-399.317020
14.288000,0.611390,0.554990,4.029790,259.330320,-323.806850,60670.902340,1.000000,3.403020,-399.317020
14.290000,0.310180,0.337100,3.260740,259.349090,-323.807190,60720.468750,,3.509400,-399.315060
14.292000,0.043580,0.293520,4.091310,259.366940,-323.807190,60401.957030,,3.491460,-399.312960
14.294000,-0.105100,0.499880,5.250000,259.383270,-323.807070,60567.542970,,3.497860,-399.311740
14.296000,0.017940,0.915160,6.736820,259.398130,-323.806610,59990.625000,1.000000,3.419680,-399.312380
14.298000,0.353760,1.309940,6.500980,259.412540,-323.806060,60490.550780,,3.328670,-399.314390
14.300000,0.692140,1.411190,6.716310,259.428220,-323.806000,60632.933590,,3.345340,-399.316710
14.302000,0.902340,1.136900,6.747070,259.445890,-323.806240,60647.699220,,3.351750,-399.318270
14.304000,0.860050,0.716490,5.752440,259.465030,-323.806430,60673.011720,1.000000,3.345340,-399.318240
14.304000,0.860050,0.716490,5.752440,259.465030,-323.806430,60673.011720,1.000000,3.345340,-399.318240
14.306000,0.619080,0.264040,4.911620,259.484800,-323.806760,60960.941410,,3.427370,-399.316770
14.308000,0.333250,0.042300,4.050290,259.503940,-323.807250,61130.746090,,3.537600,-399.314610
14.310000,0.034610,0.000000,4.009280,259.521820,-323.807070,60763.714840,,3.469670,-399.312290
14.312000,-0.171750,0.244810,4.706540,259.537750,-323.806920,60925.078130,1.000000,3.486330,-399.310790
14.314000,-0.094850,0.688290,5.547360,259.552120,-323.806610,60686.722660,,3.424800,-399.311130
14.316000,0.198670,1.124080,5.362790,259.565980,-323.806270,60959.886720,,3.355590,-399.313110
14.318000,0.563960,1.304810,5.567870,259.580810,-323.806210,60988.363280,,3.335080,-399.315610
14.320000,0.806210,1.163820,5.444820,259.597440,-323.806400,60975.707030,1.000000,3.358150,-399.317540
14.322000,0.804930,0.847230,4.224610,259.615660,-323.806610,60707.812500,,3.360720,-399.317990
14.324000,0.547300,0.474240,3.424800,259.634740,-323.806920,60697.265630,,3.432500,-399.316710
14.326000,0.246090,0.283260,3.742680,259.653410,-323.807220,60770.042970,,3.514530,-399.314640
14.328000,0.002560,0.273010,4.378420,259.671020,-323.807190,60510.585940,1.000000,3.491460,-399.312680
14.328000,0.002560,0.273010,4.378420,259.671020,-323.807190,60510.585940,1.000000,3.491460,-399.312680
14.330000,-0.099980,0.533200,5.475590,259.687040,-323.807010,60650.867190,,3.506840,-399.311800
14.332000,0.084590,0.949770,6.439450,259.701690,-323.806460,60338.671880,,3.385070,-399.312840
14.334000,0.437070,1.312500,6.500980,259.716250,-323.805940,60485.273440,,3.341490,-399.315000
14.336000,0.751100,1.306090,6.634280,259.732330,-323.806060,60513.753910,1.000000,3.349180,-399.317200
14.338000,0.919010,1.012570,6.500980,259.750340,-323.806300,60478.949220,,3.358150,-399.318450
14.340000,0.808780,0.574220,5.608890,259.769650,-323.806430,60632.933590,,3.356870,-399.318020
14.342000,0.560120,0.149960,4.429690,259.789370,-323.806850,60746.839840,,3.459410,-399.316350
14.344000,0.257630,-0.026920,3.958010,259.808290,-323.807250,60549.613280,1.000000,3.542720,-399.314090
14.344000,0.257630,-0.026920,3.958010,259.808290,-323.807250,60549.613280,1.000000,3.542720,-399.314090
14.346000,-0.021790,-0.002560,4.152830,259.825620,-323.807040,60687.777340,,3.465820,-399.311890
14.348000,-0.183290,0.321720,4.839840,259.841060,-323.806880,60944.070310,,3.501710,-399.310760
14.350000,-0.043580,0.780580,5.567870,259.855160,-323.806520,60514.808590,,3.406860,-399.311520
14.352000,0.278140,1.192020,5.649900,259.869110,-323.806210,62102.113280,1.000000,3.358150,-399.313690
14.354000,0.629330,1.303530,5.208980,259.884250,-323.806210,60583.359380,,3.338930,-399.316160
14.356000,0.835690,1.126650,4.778320,259.901280,-323.806430,60735.234380,,3.362000,-399.317870
14.358000,0.772890,0.780580,4.275880,259.919770,-323.806640,61051.640630,,3.372250,-399.317900
14.360000,0.489620,0.426820,3.014650,259.938930,-323.806980,61011.566410,1.000000,3.459410,-399.316380
14.360000,0.489620,0.426820,3.014650,259.938930,-323.806980,61011.566410,1.000000,3.459410,-399.316380
14.362000,0.179440,0.256350,3.465820,259.957580,-323.807220,60486.332030,,3.517090,-399.314210
14.364000,-0.047420,0.294800,4.521970,259.975010,-323.807190,60656.136720,,3.502990,-399.312350
14.366000,-0.085880,0.611390,5.567870,259.990690,-323.806920,60604.453130,,3.494020,-399.311860
14.368000,0.160220,1.038210,6.398440,260.005220,-323.806300,60486.332030,1.000000,3.368410,-399.313230
14.370000,0.517820,1.358640,6.921390,260.019960,-323.805910,60603.402340,,3.345340,-399.315520
14.372000,0.810060,1.274050,6.429200,260.036410,-323.806060,60193.128910,,3.359440,-399.317600
14.374000,0.926700,0.942080,6.285640,260.054690,-323.806300,60403.011720,,3.368410,-399.318510
14.376000,0.766480,0.484500,5.844730,260.074130,-323.806460,60630.824220,1.000000,3.368410,-399.317780
14.376000,0.766480,0.484500,5.844730,260.074130,-323.806460,60630.824220,1.000000,3.368410,-399.317780
14.378000,0.506290,0.115360,4.081050,260.093690,-323.806950,60602.347660,,3.501710,-399.315890
14.380000,0.188420,-0.030760,3.855470,260.112340,-323.807190,60611.835940,,3.531190,-399.313540
14.382000,-0.084590,0.034610,4.675780,260.129300,-323.806950,60646.640630,,3.478640,-399.311460
14.384000,-0.187130,0.408870,5.024410,260.144380,-323.806760,60622.386720,1.000000,3.494020,-399.310670
14.386000,0.005130,0.875430,5.557620,260.158260,-323.806430,60551.722660,,3.392760,-399.311830
14.388000,0.355040,1.254820,6.080570,260.172270,-323.806210,60975.707030,,3.360720,-399.314150
14.390000,0.684450,1.295840,5.342290,260.187740,-323.806270,60747.894530,,3.346620,-399.316590
14.392000,0.849790,1.083070,4.737300,260.205020,-323.806490,60735.234380,1.000000,3.372250,-399.317960
14.394000,0.717770,0.728030,4.122070,260.223660,-323.806700,60837.542970,,3.386350,-399.317660
14.396000,0.425540,0.398620,2.963380,260.242740,-323.807040,61102.265630,,3.479920,-399.315890
14.398000,0.123050,0.260190,3.547850,260.261170,-323.807190,60844.925780,,3.517090,-399.313720
14.400000,-0.083310,0.337100,4.921880,260.278350,-323.807100,60734.183590,1.000000,3.505550,-399.312010
14.400000,-0.083310,0.337100,4.921880,260.278350,-323.807100,60734.183590,1.000000,3.505550,-399.312010
14.402000,-0.058960,0.675480,5.373050,260.293880,-323.806820,60426.214840,,3.469670,-399.311920
14.404000,0.225590,1.081790,6.254880,260.308500,-323.806150,60582.308590,,3.355590,-399.313570
14.406000,0.583190,1.316350,7.321290,260.323640,-323.805940,60464.183590,,3.341490,-399.315920
14.408000,0.849790,1.154850,6.490720,260.340640,-323.806180,60503.203130,1.000000,3.362000,-399.317870
14.408000,0.849790,1.154850,6.490720,260.340640,-323.806180,60503.203130,1.000000,3.362000,-399.317870
14.410000,0.913880,0.795960,6.029300,260.359280,-323.806340,60789.023440,,3.358150,-399.318480
14.412000,0.715210,0.329410,5.629390,260.378940,-323.806550,60257.460940,,3.378660,-399.317440
14.414000,0.449890,0.028200,3.958010,260.398380,-323.807100,60580.199220,,3.531190,-399.315460
14.416000,0.132020,-0.098690,3.875980,260.416750,-323.807160,60547.503910,1.000000,3.497860,-399.313110
14.418000,-0.121770,0.038450,4.911620,260.433320,-323.806920,60640.316410,,3.488890,-399.311190
14.420000,-0.165340,0.453740,5.085940,260.448060,-323.806760,60462.070310,,3.468380,-399.310760
14.422000,0.070500,0.927980,5.588380,260.461850,-323.806340,60587.582030,,3.370970,-399.312230
14.424000,0.433230,1.250980,6.029300,260.476010,-323.806180,60555.941410,1.000000,3.342770,-399.314670
14.426000,0.739560,1.225340,5.506350,260.491910,-323.806340,60534.847660,,3.346620,-399.316960
14.428000,0.853640,0.984380,4.706540,260.509460,-323.806520,61005.234380,,3.367130,-399.318050
14.430000,0.669070,0.619080,3.999020,260.528260,-323.806760,60816.445310,,3.386350,-399.317320
14.432000,0.366580,0.370420,3.035160,260.547090,-323.807160,61033.714840,1.000000,3.506840,-399.315400
14.432000,0.366580,0.370420,3.035160,260.547090,-323.807160,61033.714840,1.000000,3.506840,-399.315400
14.434000,0.076900,0.307620,3.711910,260.565060,-323.807220,60764.769530,,3.502990,-399.313260
14.436000,-0.103820,0.484500,4.757810,260.581570,-323.807100,60925.078130,,3.497860,-399.311770
14.438000,-0.023070,0.903630,5.957520,260.596470,-323.806730,60798.519530,,3.451720,-399.312070
14.440000,0.294800,1.327880,6.388180,260.610780,-323.806060,60790.085940,1.000000,3.336360,-399.313960
14.442000,0.651120,1.504760,6.593260,260.626040,-323.805940,60583.359380,,3.341490,-399.316350
14.442000,0.651120,1.504760,6.593260,260.626040,-323.805940,60583.359380,,3.341490,-399.316350
14.444000,0.893370,1.288150,6.675290,260.643310,-323.806210,60604.453130,,3.356870,-399.318120
14.446000,0.892090,0.895940,6.029300,260.662140,-323.806370,60831.210940,,3.346620,-399.318390
14.448000,0.663940,0.401180,5.085940,260.681980,-323.806640,60645.589840,1.000000,3.399170,-399.317020
14.450000,0.384520,0.114070,4.101560,260.701420,-323.807190,60925.078130,,3.536320,-399.314910
14.452000,0.074340,0.019230,4.009280,260.719640,-323.807130,60447.308590,,3.478640,-399.312560
14.454000,-0.155090,0.205080,4.829590,260.736080,-323.806920,60600.238280,,3.483760,-399.310910
14.456000,-0.128170,0.613950,6.295900,260.750790,-323.806700,60524.300780,1.000000,3.447880,-399.310880
14.456000,-0.128170,0.613950,6.295900,260.750790,-323.806700,60524.300780,1.000000,3.447880,-399.310880
14.458000,0.137150,1.044620,5.578130,260.764800,-323.806340,60668.792970,,3.364560,-399.312650
14.460000,0.506290,1.283020,5.772950,260.779450,-323.806210,60619.218750,,3.337650,-399.315160
14.462000,0.781860,1.192020,5.690920,260.795870,-323.806370,60690.941410,,3.351750,-399.317260
14.464000,0.838260,0.899780,4.634770,260.813900,-323.806610,60650.867190,1.000000,3.362000,-399.318050
14.466000,0.608830,0.510130,3.804200,260.832950,-323.806850,60976.761720,,3.405580,-399.316990
14.468000,0.303770,0.280700,3.373540,260.851840,-323.807190,61103.324220,,3.514530,-399.314970
14.470000,0.034610,0.233280,3.916990,260.869750,-323.807190,60675.121090,,3.487610,-399.312870
14.472000,-0.108950,0.439640,4.768070,260.886110,-323.807040,60803.789060,1.000000,3.500430,-399.311710
14.472000,-0.108950,0.439640,4.768070,260.886110,-323.807040,60803.789060,1.000000,3.500430,-399.311710
14.474000,0.026920,0.854920,6.193360,260.900940,-323.806580,60605.511720,,3.413270,-399.312380
14.476000,0.366580,1.240720,6.254880,260.915370,-323.806060,60940.902340,,3.332520,-399.314480
14.478000,0.710080,1.326600,6.316410,260.931060,-323.806030,60888.167970,,3.351750,-399.316800
14.480000,0.916440,1.062560,6.634280,260.948700,-323.806270,60926.136720,1.000000,3.353030,-399.318330
14.482000,0.861330,0.660100,5.660160,260.967770,-323.806430,60707.812500,,3.350460,-399.318240
14.484000,0.613950,0.216610,4.593750,260.987460,-323.806760,60698.324220,,3.432500,-399.316680
14.486000,0.319150,0.020510,4.368160,261.006410,-323.807250,60833.324220,,3.545290,-399.314480
14.488000,0.023070,0.014100,4.316890,261.023960,-323.807070,60608.671880,1.000000,3.470950,-399.312160
14.490000,-0.178160,0.310180,4.798830,261.039580,-323.806880,60691.992190,,3.495300,-399.310760
14.492000,-0.087160,0.771610,5.762700,261.053710,-323.806580,60485.273440,,3.424800,-399.311160
14.494000,0.211490,1.218930,5.783200,261.067410,-323.806270,60532.738280,,3.355590,-399.313170
14.496000,0.576780,1.391970,5.701170,261.082240,-323.806210,60733.128910,1.000000,3.340210,-399.315700
14.496000,0.576780,1.391970,5.701170,261.082240,-323.806210,60733.128910,1.000000,3.340210,-399.315700
14.498000,0.816470,1.244570,5.516600,261.098940,-323.806400,60632.933590,,3.358150,-399.317630
14.500000,0.810060,0.917720,4.398930,261.117250,-323.806610,60753.167970,,3.367130,-399.317990
14.500000,0.810060,0.917720,4.398930,261.117250,-323.806610,60753.167970,,3.367130,-399.317990
14.502000,0.542180,0.544740,3.414550,261.136380,-323.806880,60726.800780,,3.436340,-399.316650
14.504000,0.235840,0.342220,3.394040,261.155210,-323.807220,60724.691410,1.000000,3.519650,-399.314540
14.506000,-0.011540,0.333250,4.224610,261.172910,-323.807190,60758.437500,,3.499150,-399.312560
14.508000,-0.106380,0.592160,5.096190,261.189000,-323.807010,60922.972660,,3.504270,-399.311740
14.510000,0.093570,0.997190,5.967770,261.203770,-323.806430,60609.730470,,3.386350,-399.312840
14.512000,0.452450,1.335570,6.418950,261.218440,-323.805940,61966.054690,1.000000,3.342770,-399.315060
14.514000,0.771610,1.315060,6.090820,261.234650,-323.806030,60649.804690,,3.353030,-399.317260
14.516000,0.934390,0.998470,6.090820,261.252780,-323.806300,60550.664060,,3.360720,-399.318510
14.518000,0.813900,0.538330,5.701170,261.272190,-323.806430,61083.289060,,3.363280,-399.318020
14.520000,0.558840,0.107670,4.122070,261.292020,-323.806880,60936.687500,1.000000,3.469670,-399.316310
14.522000,0.249940,-0.106380,3.773440,261.311040,-323.807220,60729.960940,,3.545290,-399.313960
14.524000,-0.037170,-0.092290,4.532230,261.328490,-323.807010,60605.511720,,3.467100,-399.311770
14.526000,-0.189700,0.225590,5.096190,261.343930,-323.806820,60787.972660,,3.506840,-399.310640
14.528000,-0.041020,0.690860,5.721680,261.358030,-323.806490,60604.453130,1.000000,3.405580,-399.311460
14.530000,0.289670,1.106140,6.080570,261.371920,-323.806210,60763.714840,,3.362000,-399.313690
14.532000,0.638310,1.218930,5.701170,261.387050,-323.806210,60418.832030,,3.349180,-399.316160
14.534000,0.843380,1.060000,5.157710,261.403930,-323.806490,60696.214840,,3.367130,-399.317840
14.536000,0.769040,0.758790,4.706540,261.422150,-323.806640,60761.605470,1.000000,3.386350,-399.317840
14.536000,0.769040,0.758790,4.706540,261.422150,-323.806640,60761.605470,1.000000,3.386350,-399.317840
14.538000,0.480650,0.457580,3.373540,261.440950,-323.806950,60821.722660,,3.463260,-399.316280
14.540000,0.171750,0.328130,3.301760,261.459230,-323.807190,60609.730470,,3.520940,-399.314090
14.542000,-0.055110,0.392210,4.675780,261.476320,-323.807100,60750.003910,,3.504270,-399.312260
14.544000,-0.088440,0.715210,5.496090,261.491910,-323.806880,60624.496090,1.000000,3.490170,-399.311770
14.546000,0.164060,1.124080,6.080570,261.506470,-323.806240,60650.867190,,3.369690,-399.313200
14.548000,0.519100,1.417600,6.931640,261.521360,-323.805880,60945.121090,,3.349180,-399.315490
14.550000,0.808780,1.304810,6.439450,261.538090,-323.806060,60678.281250,,3.358150,-399.317570
14.552000,0.916440,0.945920,5.906250,261.556580,-323.806300,60770.042970,1.000000,3.368410,-399.318480
14.552000,0.916440,0.945920,5.906250,261.556580,-323.806300,60770.042970,1.000000,3.368410,-399.318480
14.554000,0.751100,0.476810,5.557620,261.576230,-323.806490,60718.363280,,3.370970,-399.317690
14.556000,0.497310,0.116640,3.599120,261.595920,-323.807010,60894.496090,,3.508120,-399.315860
14.558000,0.183290,-0.037170,3.701660,261.614650,-323.807190,60996.800780,,3.529910,-399.313540
14.560000,-0.084590,0.038450,4.798830,261.631650,-323.806950,60832.265630,1.000000,3.483760,-399.311460
14.562000,-0.178160,0.422970,5.034670,261.646700,-323.806760,60495.820310,,3.491460,-399.310760
14.564000,0.020510,0.906190,5.526860,261.660550,-323.806370,60689.886720,,3.387630,-399.311950
14.566000,0.370420,1.285580,6.962400,261.674530,-323.806150,60646.640630,,3.355590,-399.314300
14.568000,0.697270,1.318910,5.526860,261.690030,-323.806240,60641.371090,1.000000,3.344060,-399.316680
14.568000,0.697270,1.318910,5.526860,261.690030,-323.806240,60641.371090,1.000000,3.344060,-399.316680
14.570000,0.853640,1.083070,4.850100,261.707400,-323.806490,60822.777340,,3.373540,-399.318020
14.572000,0.710080,0.713930,4.501460,261.726140,-323.806700,60484.222660,,3.385070,-399.317600
14.574000,0.416560,0.401180,3.301760,261.745150,-323.807040,60689.886720,,3.486330,-399.315800
14.576000,0.115360,0.290950,3.640140,261.763460,-323.807220,60721.527340,1.000000,3.515810,-399.313630
14.578000,-0.084590,0.393490,4.880860,261.780430,-323.807100,60647.699220,,3.504270,-399.311980
14.580000,-0.051270,0.760070,5.629390,261.795680,-323.806820,60400.902340,,3.468380,-399.311920
14.582000,0.240970,1.185610,6.336910,261.810120,-323.806120,60574.925780,,3.351750,-399.313660
14.584000,0.598570,1.420170,6.788090,261.825160,-323.805940,60551.722660,1.000000,3.338930,-399.316010
14.584000,0.598570,1.420170,6.788090,261.825160,-323.805940,60551.722660,1.000000,3.338930,-399.316010
14.586000,0.861330,1.250980,6.603520,261.842160,-323.806150,60429.375000,,3.362000,-399.317900
14.588000,0.912600,0.898500,5.937010,261.860810,-323.806340,60879.730470,,3.358150,-399.318450
14.590000,0.710080,0.411440,5.126950,261.880490,-323.806580,60792.191410,,3.382510,-399.317350
14.592000,0.437070,0.094850,3.855470,261.899990,-323.807130,60813.281250,1.000000,3.533750,-399.315340
14.594000,0.120480,-0.017940,3.578610,261.918400,-323.807160,60712.035160,,3.495300,-399.312960
14.596000,-0.133300,0.119200,4.316890,261.935030,-323.806920,60975.707030,,3.486330,-399.311040
14.598000,-0.164060,0.519100,5.167970,261.949890,-323.806760,60901.875000,,3.467100,-399.310700
14.600000,0.079470,0.966430,5.567870,261.963840,-323.806340,60762.656250,1.000000,3.370970,-399.312260
14.600000,0.079470,0.966430,5.567870,261.963840,-323.806340,60762.656250,1.000000,3.370970,-399.312260
14.602000,0.444760,1.261230,5.639650,261.978240,-323.806210,60543.281250,,3.340210,-399.314730
14.604000,0.747250,1.224060,5.721680,261.994260,-323.806340,60607.621090,,3.345340,-399.316990
14.606000,0.849790,0.975400,4.809080,262.011960,-323.806550,60782.699220,,3.365840,-399.318020
14.608000,0.657530,0.594730,3.886230,262.030850,-323.806790,60633.984380,1.000000,3.390200,-399.317260
14.610000,0.353760,0.328130,3.445310,262.049840,-323.807160,60772.152340,,3.505550,-399.315340
14.612000,0.070500,0.247380,3.988770,262.067930,-323.807190,60390.355470,,3.496580,-399.313170
14.614000,-0.102540,0.393490,4.860350,262.084590,-323.807070,60535.902340,,3.495300,-399.311770
14.616000,-0.014100,0.788270,7.116210,262.099640,-323.806700,60654.023440,1.000000,3.442750,-399.312160
14.618000,0.307620,1.183040,6.449710,262.114140,-323.806060,60536.957030,,3.329960,-399.314090
14.620000,0.662660,1.335570,6.398440,262.129520,-323.805970,60425.160160,,3.341490,-399.316440
14.622000,0.893370,1.088200,7.146970,262.146940,-323.806210,60574.925780,,3.356870,-399.318120
14.624000,0.884400,0.711360,6.316410,262.165830,-323.806400,60680.394530,1.000000,3.344060,-399.318330
14.624000,0.884400,0.711360,6.316410,262.165830,-323.806400,60680.394530,1.000000,3.344060,-399.318330
14.626000,0.653690,0.251220,4.952640,262.185490,-323.806670,60767.933590,,3.406860,-399.316960
14.628000,0.374270,0.026920,4.214360,262.204560,-323.807190,61115.980470,,3.536320,-399.314850
14.630000,0.066650,-0.006410,4.019530,262.222290,-323.807100,60758.437500,,3.478640,-399.312530
14.632000,-0.157650,0.247380,4.480960,262.238100,-323.806920,60863.910160,1.000000,3.486330,-399.310880
14.634000,-0.120480,0.712650,5.496090,262.252290,-323.806670,60685.664060,,3.442750,-399.310910
14.636000,0.149960,1.181760,5.352540,262.265930,-323.806300,60757.386720,,3.359440,-399.312740
14.638000,0.515260,1.412480,5.424320,262.280400,-323.806210,60978.867190,,3.335080,-399.315220
14.640000,0.781860,1.299680,5.516600,262.296750,-323.806370,60928.242190,1.000000,3.350460,-399.317290
14.640000,0.781860,1.299680,5.516600,262.296750,-323.806370,60928.242190,1.000000,3.350460,-399.317290
14.642000,0.822880,1.004880,4.511720,262.314790,-323.806610,60663.519530,,3.360720,-399.317960
14.644000,0.588320,0.598570,3.527340,262.333920,-323.806880,60727.851560,,3.411990,-399.316890
14.646000,0.288390,0.352480,3.517090,262.352940,-323.807190,60907.152340,,3.515810,-399.314880
14.648000,0.029480,0.289670,4.193850,262.371000,-323.807190,60403.011720,1.000000,3.490170,-399.312840
14.650000,-0.106380,0.488340,4.911620,262.387510,-323.807070,60582.308590,,3.502990,-399.311740
14.652000,0.039730,0.885680,6.377930,262.402560,-323.806550,60302.812500,,3.409420,-399.312500
14.654000,0.381960,1.252260,6.644530,262.417210,-323.806000,60312.308590,,3.327390,-399.314610
14.656000,0.715210,1.312500,6.634280,262.433110,-323.806030,60507.421880,1.000000,3.354310,-399.316890
14.658000,0.912600,1.029240,6.634280,262.450960,-323.806270,60489.500000,,3.351750,-399.318360
14.660000,0.848510,0.601140,5.957520,262.470150,-323.806430,60662.460940,,3.351750,-399.318210
14.662000,0.602420,0.155090,4.747560,262.489930,-323.806760,60842.816410,,3.438900,-399.316620
14.664000,0.311460,-0.058960,4.101560,262.509000,-323.807250,60645.589840,1.000000,3.545290,-399.314420
14.664000,0.311460,-0.058960,4.101560,262.509000,-323.807250,60645.589840,1.000000,3.545290,-399.314420
14.666000,0.016660,-0.075620,4.327150,262.526610,-323.807040,60744.730470,,3.468380,-399.312160
14.668000,-0.175600,0.202510,4.778320,262.542300,-323.806880,61085.394530,,3.496580,-399.310760
14.670000,-0.076900,0.665220,5.178220,262.556490,-323.806580,60712.035160,,3.418400,-399.311250
14.672000,0.228150,1.098450,5.649900,262.570280,-323.806270,61779.378910,1.000000,3.355590,-399.313260
14.672000,0.228150,1.098450,5.649900,262.570280,-323.806270,61779.378910,1.000000,3.355590,-399.313260
14.674000,0.587040,1.257390,5.731930,262.585170,-323.806210,60572.816410,,3.344060,-399.315770
14.676000,0.819030,1.113830,5.311520,262.601900,-323.806430,60925.078130,,3.358150,-399.317660
14.678000,0.799800,0.808780,4.747560,262.620090,-323.806640,61205.625000,,3.373540,-399.317960
14.680000,0.528080,0.469120,3.537600,262.639010,-323.806920,61191.917970,1.000000,3.444030,-399.316590
14.682000,0.223020,0.306340,3.188960,262.657500,-323.807220,60698.324220,,3.519650,-399.314450
14.684000,-0.017940,0.338380,4.573240,262.674840,-323.807160,60910.316410,,3.496580,-399.312500
14.686000,-0.099980,0.649840,5.362790,262.690520,-323.806950,60997.851560,,3.506840,-399.311740
14.688000,0.106380,1.081790,6.070310,262.704990,-323.806370,60514.808590,1.000000,3.379940,-399.312900
14.690000,0.463990,1.432980,6.818850,262.719510,-323.805910,60543.281250,,3.341490,-399.315120
14.692000,0.771610,1.397090,6.572750,262.735720,-323.806000,60700.429690,,3.347900,-399.317290
14.694000,0.925420,1.077940,6.183110,262.753850,-323.806270,60415.664060,,3.358150,-399.318480
14.696000,0.797240,0.610110,6.429200,262.773280,-323.806430,60724.691410,1.000000,3.363280,-399.317960
14.696000,0.797240,0.610110,6.429200,262.773280,-323.806430,60724.691410,1.000000,3.363280,-399.317960
14.698000,0.543460,0.201230,4.327150,262.793060,-323.806880,60524.300780,,3.472230,-399.316160
14.700000,0.235840,0.003850,3.670900,262.812040,-323.807250,60630.824220,,3.541440,-399.313900
14.702000,-0.042300,0.008970,4.819340,262.829530,-323.807010,60892.386720,,3.469670,-399.311740
14.704000,-0.188420,0.323000,5.270510,262.845060,-323.806820,60690.941410,1.000000,3.500430,-399.310700
14.704000,-0.188420,0.323000,5.270510,262.845060,-323.806820,60690.941410,1.000000,3.500430,-399.310700
14.706000,-0.028200,0.769040,5.547360,262.859250,-323.806490,60647.699220,,3.400450,-399.311610
14.708000,0.306340,1.157410,6.019040,262.873260,-323.806210,60960.941410,,3.360720,-399.313810
14.710000,0.651120,1.233030,5.598630,262.888640,-323.806210,60731.019530,,3.342770,-399.316310
14.712000,0.845950,1.025390,4.696290,262.905880,-323.806460,60686.722660,1.000000,3.367130,-399.317930
14.714000,0.757510,0.657530,4.316890,262.924500,-323.806640,60859.691410,,3.379940,-399.317810
14.716000,0.469120,0.317870,3.004390,262.943660,-323.807010,61186.644530,,3.467100,-399.316190
14.718000,0.158940,0.165340,3.178710,262.962190,-323.807190,60906.097660,,3.519650,-399.314030
14.720000,-0.064090,0.225590,4.696290,262.979430,-323.807130,60684.609380,1.000000,3.504270,-399.312190
14.722000,-0.082030,0.563960,5.516600,262.994960,-323.806880,60192.070310,,3.485050,-399.311830
14.724000,0.176880,1.002320,6.070310,263.009340,-323.806240,60475.785160,,3.368410,-399.313290
14.726000,0.537050,1.320190,7.239260,263.023990,-323.805940,60487.382810,,3.350460,-399.315610
14.728000,0.825440,1.235600,6.665040,263.040410,-323.806120,60356.601560,1.000000,3.362000,-399.317690
14.728000,0.825440,1.235600,6.665040,263.040410,-323.806120,60356.601560,1.000000,3.362000,-399.317690
14.730000,0.929260,0.936950,6.080570,263.058500,-323.806340,60684.609380,,3.370970,-399.318540
14.732000,0.753660,0.502440,5.680660,263.077790,-323.806490,60296.488280,,3.370970,-399.317690
14.734000,0.490910,0.173030,4.234860,263.097110,-323.807010,60532.738280,,3.510680,-399.315770
14.736000,0.169190,0.051270,3.742680,263.115450,-323.807190,60696.214840,1.000000,3.522220,-399.313390
14.738000,-0.098690,0.166630,4.583500,263.132230,-323.806920,60698.324220,,3.479920,-399.311340
14.740000,-0.180730,0.544740,5.157710,263.147250,-323.806760,60600.238280,,3.486330,-399.310670
14.742000,0.025630,0.993350,5.619140,263.161220,-323.806400,60665.628910,,3.387630,-399.311950
14.744000,0.379390,1.336850,5.824220,263.175450,-323.806210,60681.453130,1.000000,3.356870,-399.314300
14.746000,0.698550,1.336850,5.034670,263.191280,-323.806300,60604.453130,,3.354310,-399.316650
14.748000,0.844670,1.099730,4.819340,263.208800,-323.806490,61013.671880,,3.370970,-399.317960
14.750000,0.695980,0.743410,3.834960,263.227600,-323.806700,60718.363280,,3.386350,-399.317500
14.750000,0.695980,0.743410,3.834960,263.227600,-323.806700,60718.363280,,3.386350,-399.317500
14.752000,0.399900,0.433230,3.260740,263.246670,-323.807070,60885.003910,1.000000,3.488890,-399.315700
14.754000,0.107670,0.334530,3.517090,263.264980,-323.807190,60839.648440,,3.510680,-399.313540
14.756000,-0.087160,0.437070,4.409180,263.281920,-323.807070,60989.417970,,3.499150,-399.311980
14.758000,-0.042300,0.807500,5.854980,263.297210,-323.806760,60847.031250,,3.464540,-399.312010
14.760000,0.256350,1.212520,6.367680,263.311740,-323.806090,60781.640630,1.000000,3.341490,-399.313780
14.762000,0.611390,1.417600,6.418950,263.326900,-323.805940,60520.078130,,3.333800,-399.316130
14.764000,0.869020,1.212520,6.829100,263.344090,-323.806180,60590.746090,,3.355590,-399.317960
14.766000,0.904910,0.819030,6.080570,263.362920,-323.806340,60737.347660,,3.353030,-399.318450
14.768000,0.695980,0.320430,4.993650,263.382750,-323.806610,60546.445310,1.000000,3.383790,-399.317260
14.768000,0.695980,0.320430,4.993650,263.382750,-323.806610,60546.445310,1.000000,3.383790,-399.317260
14.770000,0.424260,0.016660,4.357910,263.402280,-323.807130,60811.171880,,3.535030,-399.315220
14.772000,0.108950,-0.096130,3.999020,263.420560,-323.807160,60352.386720,,3.487610,-399.312870
14.774000,-0.137150,0.078190,4.491210,263.436950,-323.806920,60566.488280,,3.490170,-399.311040
14.776000,-0.155090,0.521670,6.224120,263.451510,-323.806730,60646.640630,1.000000,3.459410,-399.310760
14.778000,0.094850,1.002320,5.639650,263.465210,-323.806340,60148.828130,,3.365840,-399.312350
14.780000,0.461430,1.295840,5.629390,263.479460,-323.806210,60517.968750,,3.338930,-399.314820
14.782000,0.749820,1.236880,5.772950,263.495510,-323.806340,60668.792970,,3.341490,-399.317020
14.784000,0.839540,0.988220,4.891110,263.513210,-323.806580,60666.679690,1.000000,3.368410,-399.317960
14.786000,0.637020,0.617800,3.558110,263.532040,-323.806790,60814.339840,,3.390200,-399.317140
14.788000,0.337100,0.364010,3.363280,263.550900,-323.807190,61055.859380,,3.505550,-399.315190
14.790000,0.061520,0.298650,3.937500,263.568940,-323.807190,60649.804690,,3.494020,-399.313110
14.792000,-0.102540,0.467830,4.511720,263.585480,-323.807070,60849.144530,1.000000,3.491460,-399.311770
14.792000,-0.102540,0.467830,4.511720,263.585480,-323.807070,60849.144530,1.000000,3.491460,-399.311770
14.794000,-0.003850,0.858760,6.070310,263.600490,-323.806670,60696.214840,,3.438900,-399.312190
14.796000,0.321720,1.252260,6.295900,263.614990,-323.806060,60736.292970,,3.326110,-399.314180
14.798000,0.669070,1.386840,6.244630,263.630490,-323.805970,60847.031250,,3.344060,-399.316530
14.800000,0.894650,1.136900,6.644530,263.648010,-323.806210,60833.324220,1.000000,3.354310,-399.318180
14.802000,0.876710,0.731870,5.988280,263.667050,-323.806400,60731.019530,,3.342770,-399.318300
14.804000,0.644710,0.256350,4.686040,263.686860,-323.806730,60670.902340,,3.417110,-399.316890
14.806000,0.364010,0.006410,4.152830,263.706120,-323.807220,60821.722660,,3.536320,-399.314790
14.808000,0.060240,-0.058960,4.132320,263.724060,-323.807100,60516.917970,1.000000,3.474790,-399.312470
14.810000,-0.161500,0.148680,4.604000,263.740170,-323.806920,60631.875000,,3.487610,-399.310880
14.812000,-0.111510,0.585750,5.578130,263.754610,-323.806640,60465.234380,,3.441470,-399.311000
14.814000,0.167910,1.036930,5.854980,263.768400,-323.806300,60506.371090,,3.353030,-399.312840
14.816000,0.535770,1.262510,5.731930,263.782990,-323.806210,60701.488280,1.000000,3.337650,-399.315370
14.816000,0.535770,1.262510,5.731930,263.782990,-323.806210,60701.488280,1.000000,3.337650,-399.315370
14.818000,0.794680,1.158690,5.373050,263.799380,-323.806400,60599.183590,,3.350460,-399.317410
14.820000,0.821590,0.870300,4.757810,263.817350,-323.806610,60707.812500,,3.364560,-399.317990
14.822000,0.575500,0.511410,3.722170,263.836210,-323.806880,60908.207030,,3.417110,-399.316830
14.824000,0.273010,0.316590,3.291500,263.854860,-323.807220,60813.281250,1.000000,3.515810,-399.314790
14.826000,0.017940,0.303770,4.234860,263.872440,-323.807190,60814.339840,,3.490170,-399.312710
14.828000,-0.102540,0.540890,5.044920,263.888490,-323.807040,60893.441410,,3.501710,-399.311740
14.830000,0.053830,0.963870,5.803710,263.903140,-323.806520,60522.191410,,3.403020,-399.312560
14.832000,0.399900,1.333010,6.644530,263.917630,-323.805970,60756.332030,1.000000,3.327390,-399.314730
14.832000,0.399900,1.333010,6.644530,263.917630,-323.805970,60756.332030,1.000000,3.327390,-399.314730
14.834000,0.728030,1.372740,6.429200,263.933530,-323.806000,60631.875000,,3.346620,-399.316990
14.836000,0.915160,1.085630,6.049800,263.951390,-323.806270,60625.550780,,3.349180,-399.318390
14.838000,0.830570,0.657530,5.824220,263.970610,-323.806430,61042.152340,,3.351750,-399.318120
14.840000,0.583190,0.216610,4.614260,263.990390,-323.806790,60968.324220,1.000000,3.441470,-399.316500
14.842000,0.289670,0.002560,3.619630,264.009520,-323.807250,60663.519530,,3.537600,-399.314270
14.844000,0.001280,-0.024350,4.429690,264.027220,-323.807040,60678.281250,,3.468380,-399.312040
14.846000,-0.176880,0.260190,5.014160,264.043000,-323.806880,60798.519530,,3.496580,-399.310760
14.848000,-0.064090,0.717770,5.414060,264.057250,-323.806550,60471.566410,1.000000,3.413270,-399.311340
14.848000,-0.064090,0.717770,5.414060,264.057250,-323.806550,60471.566410,1.000000,3.413270,-399.311340
14.850000,0.248660,1.139470,5.988280,264.071140,-323.806240,60662.460940,,3.360720,-399.313420
14.852000,0.601140,1.286870,5.844730,264.086180,-323.806240,60888.167970,,3.341490,-399.315920
14.854000,0.822880,1.125370,5.055180,264.103030,-323.806460,60554.886720,,3.363280,-399.317720
14.856000,0.788270,0.793400,4.870610,264.121340,-323.806610,60691.992190,1.000000,3.370970,-399.317960
14.858000,0.513980,0.452450,3.722170,264.140380,-323.806920,60647.699220,,3.444030,-399.316500
14.860000,0.210210,0.273010,3.106930,264.158970,-323.807190,60571.761720,,3.514530,-399.314360
14.862000,-0.026920,0.298650,4.716800,264.176420,-323.807130,61392.308590,,3.494020,-399.312440
14.864000,-0.099980,0.592160,5.547360,264.192260,-323.806920,60958.832030,1.000000,3.495300,-399.311770
14.864000,-0.099980,0.592160,5.547360,264.192260,-323.806920,60958.832030,1.000000,3.495300,-399.311770
14.866000,0.120480,1.015140,5.916500,264.206790,-323.806370,60602.347660,,3.379940,-399.312990
14.868000,0.476810,1.357360,6.665040,264.221410,-323.805940,60977.812500,,3.350460,-399.315250
14.870000,0.784420,1.315060,6.613770,264.237640,-323.806060,60660.355470,,3.354310,-399.317410
14.872000,0.927980,1.006160,5.937010,264.255740,-323.806340,60702.542970,1.000000,3.367130,-399.318510
14.874000,0.792110,0.574220,5.567870,264.274960,-323.806460,60834.378910,,3.363280,-399.317930
14.876000,0.535770,0.207640,4.019530,264.294460,-323.806880,60920.859380,,3.478640,-399.316160
14.878000,0.223020,0.052550,3.332520,264.313020,-323.807190,61030.550780,,3.537600,-399.313810
14.880000,-0.057680,0.125610,4.368160,264.330080,-323.806950,60873.402340,1.000000,3.468380,-399.311650
14.880000,-0.057680,0.125610,4.368160,264.330080,-323.806950,60873.402340,1.000000,3.468380,-399.311650
14.882000,-0.187130,0.485780,5.116700,264.345250,-323.806790,60098.203130,,3.499150,-399.310670
14.884000,-0.020510,0.945920,5.393550,264.359190,-323.806460,60549.613280,,3.399170,-399.311650
14.886000,0.320430,1.336850,5.988280,264.373140,-323.806210,60584.417970,,3.360720,-399.313930
14.888000,0.660100,1.391970,5.793460,264.388550,-323.806240,60514.808590,1.000000,3.347900,-399.316380
14.890000,0.844670,1.174070,4.860350,264.405850,-323.806490,60734.183590,,3.369690,-399.317930
14.892000,0.743410,0.797240,4.327150,264.424530,-323.806670,60474.730470,,3.383790,-399.317750
14.894000,0.455020,0.451170,3.537600,264.443760,-323.807010,60725.746090,,3.473510,-399.316100
14.896000,0.148680,0.292240,3.537600,264.462340,-323.807190,60741.566410,1.000000,3.519650,-399.313930
14.896000,0.148680,0.292240,3.537600,264.462340,-323.807190,60741.566410,1.000000,3.519650,-399.313930
14.898000,-0.070500,0.333250,4.460450,264.479740,-323.807100,60628.714840,,3.502990,-399.312160
14.900000,-0.076900,0.658810,5.660160,264.495390,-323.806850,60484.222660,,3.483760,-399.311860
14.902000,0.192260,1.063840,6.418950,264.510040,-323.806210,60567.542970,,3.360720,-399.313390
14.904000,0.553710,1.322750,6.685550,264.525090,-323.805880,60521.136720,1.000000,3.344060,-399.315730
14.906000,0.835690,1.185610,6.572750,264.541960,-323.806120,60434.648440,,3.362000,-399.317750
14.908000,0.925420,0.816470,6.101070,264.560550,-323.806340,60859.691410,,3.367130,-399.318540
14.910000,0.745970,0.343510,5.260250,264.580200,-323.806490,60735.234380,,3.373540,-399.317630
14.912000,0.481930,0.014100,4.245120,264.599760,-323.807040,60864.964840,1.000000,3.519650,-399.315700
14.914000,0.158940,-0.119200,3.660640,264.618160,-323.807160,60841.761720,,3.515810,-399.313290
14.916000,-0.108950,0.007690,4.234860,264.634830,-323.806920,60792.191410,,3.483760,-399.311280
14.918000,-0.182010,0.426820,5.260250,264.649540,-323.806760,60950.390630,,3.485050,-399.310640
14.920000,0.037170,0.910030,5.752440,264.663240,-323.806370,60873.402340,1.000000,3.377380,-399.311980
14.920000,0.037170,0.910030,5.752440,264.663240,-323.806370,60873.402340,1.000000,3.377380,-399.311980
14.922000,0.394780,1.257390,5.649900,264.677250,-323.806180,60671.953130,,3.354310,-399.314360
14.924000,0.713930,1.266360,5.762700,264.692840,-323.806300,60667.738280,,3.347900,-399.316740
14.926000,0.857480,1.054870,4.952640,264.710140,-323.806520,60793.242190,,3.369690,-399.318020
14.928000,0.697270,0.726750,3.793950,264.728700,-323.806730,60554.886720,1.000000,3.387630,-399.317470
14.930000,0.396060,0.439640,3.455570,264.747560,-323.807100,60737.347660,,3.491460,-399.315610
14.932000,0.097410,0.356320,3.916990,264.765630,-323.807220,60312.308590,,3.511960,-399.313450
14.934000,-0.097410,0.492190,4.542480,264.782350,-323.807070,60579.144530,,3.497860,-399.311860
14.936000,-0.044860,0.885680,6.019040,264.797450,-323.806760,60613.949220,1.000000,3.461980,-399.311920
14.936000,-0.044860,0.885680,6.019040,264.797450,-323.806760,60613.949220,1.000000,3.461980,-399.311920
14.938000,0.257630,1.291990,6.788090,264.811890,-323.806060,60277.503910,,3.338930,-399.313720
14.940000,0.616520,1.490660,6.398440,264.827090,-323.805940,60550.664060,,3.338930,-399.316130
14.942000,0.875430,1.281740,6.859860,264.844270,-323.806210,60693.046880,,3.360720,-399.317960
14.944000,0.906190,0.904910,6.213870,264.863040,-323.806340,60700.429690,1.000000,3.350460,-399.318420
14.946000,0.689580,0.420410,4.901370,264.882810,-323.806610,60639.257810,,3.388920,-399.317230
14.948000,0.416560,0.107670,4.019530,264.902310,-323.807160,61127.582030,,3.538880,-399.315190
14.950000,0.099980,0.003850,3.855470,264.920650,-323.807160,60719.417970,,3.487610,-399.312810
14.952000,-0.143550,0.142270,4.245120,264.937260,-323.806920,60753.167970,1.000000,3.486330,-399.310970
14.954000,-0.151250,0.526790,5.208980,264.952120,-323.806730,60736.292970,,3.461980,-399.310760
14.956000,0.105100,0.948490,5.690920,264.966190,-323.806340,60716.257810,,3.364560,-399.312440
14.958000,0.476810,1.208680,5.414060,264.980770,-323.806210,60929.300780,,3.340210,-399.314910
14.960000,0.766480,1.135620,5.475590,264.997040,-323.806370,60843.867190,1.000000,3.350460,-399.317140
14.960000,0.766480,1.135620,5.475590,264.997040,-323.806370,60843.867190,1.000000,3.350460,-399.317140
14.962000,0.847230,0.869020,4.819340,265.014890,-323.806580,60390.355470,,3.364560,-399.318050
14.964000,0.634460,0.497310,3.783690,265.033750,-323.806790,60583.359380,,3.394040,-399.317140
14.966000,0.329410,0.270450,3.322270,265.052520,-323.807160,60761.605470,,3.508120,-399.315160
14.968000,0.051270,0.226870,4.152830,265.070310,-323.807190,60388.246090,1.000000,3.494020,-399.312990
14.968000,0.051270,0.226870,4.152830,265.070310,-323.807190,60388.246090,1.000000,3.494020,-399.312990
14.970000,-0.111510,0.415280,4.737300,265.086670,-323.807040,60568.593750,,3.492740,-399.311710
14.972000,-0.001280,0.830570,6.193360,265.101500,-323.806610,60357.664060,,3.433780,-399.312190
14.974000,0.330690,1.226620,6.654790,265.115840,-323.806030,60483.167970,,3.320980,-399.314240
14.976000,0.678040,1.350950,6.593260,265.131350,-323.806000,60513.753910,1.000000,3.350460,-399.316590
14.978000,0.902340,1.102290,6.326660,265.148800,-323.806240,60491.605470,,3.351750,-399.318240
14.980000,0.874150,0.722900,6.080570,265.167690,-323.806430,60586.527340,,3.341490,-399.318300
14.982000,0.635740,0.274290,5.003910,265.187290,-323.806700,60820.664060,,3.417110,-399.316860
14.984000,0.349910,0.051270,3.886230,265.206330,-323.807220,60787.972660,1.000000,3.542720,-399.314670
14.986000,0.042300,0.012820,4.081050,265.224090,-323.807100,60675.121090,,3.473510,-399.312320
14.988000,-0.174320,0.261470,4.706540,265.240020,-323.806880,60972.542970,,3.486330,-399.310760
14.990000,-0.110230,0.689580,5.239750,265.254430,-323.806640,60623.441410,,3.437620,-399.311000
14.992000,0.178160,1.115110,5.332030,265.268340,-323.806300,60731.019530,1.000000,3.356870,-399.312930
14.992000,0.178160,1.115110,5.332030,265.268340,-323.806300,60731.019530,1.000000,3.356870,-399.312930
14.994000,0.547300,1.308650,5.670410,265.283140,-323.806210,60785.859380,,3.336360,-399.315460
14.996000,0.802370,1.177920,5.003910,265.299740,-323.806430,60811.171880,,3.355590,-399.317470
14.998000,0.822880,0.866460,4.614260,265.317900,-323.806610,60932.460940,,3.365840,-399.318020
15.000000,0.569090,0.489620,3.732420,265.336980,-323.806880,60888.167970,1.000000,3.419680,-399.316830
15.000000,0.569090,0.489620,3.732420,265.336980,-323.806880,60888.167970,1.000000,3.419680,-399.316830
15.002000,0.265320,0.281980,2.932620,265.355740,-323.807190,60434.648440,,3.509400,-399.314730
15.004000,0.006410,0.264040,4.316890,265.373440,-323.807190,60675.121090,,3.492740,-399.312680
15.006000,-0.111510,0.508850,5.332030,265.389560,-323.807010,60643.484380,,3.500430,-399.311710
15.008000,0.060240,0.927980,5.967770,265.404240,-323.806490,60437.812500,1.000000,3.397890,-399.312620
15.010000,0.414000,1.284300,6.665040,265.418730,-323.805970,60523.242190,,3.336360,-399.314790
15.012000,0.739560,1.318910,6.941890,265.434600,-323.806030,60929.300780,,3.351750,-399.317080
15.014000,0.924130,1.029240,6.193360,265.452420,-323.806300,60490.550780,,3.354310,-399.318450
15.016000,0.836980,0.592160,5.947270,265.471620,-323.806430,60667.738280,1.000000,3.356870,-399.318150
15.018000,0.584470,0.161500,4.891110,265.491300,-323.806820,60619.218750,,3.450440,-399.316500
15.020000,0.281980,-0.046140,3.568360,265.510310,-323.807220,60702.542970,,3.540160,-399.314240
15.022000,-0.011540,-0.053830,4.491210,265.527830,-323.807010,61007.347660,,3.468380,-399.311950
15.024000,-0.190980,0.246090,5.116700,265.543400,-323.806850,60802.738280,1.000000,3.497860,-399.310670
15.024000,-0.190980,0.246090,5.116700,265.543400,-323.806850,60802.738280,1.000000,3.497860,-399.310670
15.026000,-0.064090,0.713930,5.250000,265.557500,-323.806520,60506.371090,,3.415830,-399.311310
15.028000,0.255070,1.147160,5.752440,265.571320,-323.806240,60960.941410,,3.362000,-399.313450
15.030000,0.611390,1.277890,5.752440,265.586360,-323.806240,60698.324220,,3.342770,-399.315980
15.032000,0.828000,1.125370,4.757810,265.603180,-323.806460,60756.332030,1.000000,3.364560,-399.317780
15.034000,0.785710,0.804930,4.275880,265.621460,-323.806640,60885.003910,,3.376100,-399.317960
15.036000,0.505000,0.471680,3.342770,265.640410,-323.806920,60917.699220,,3.451720,-399.316440
15.038000,0.198670,0.310180,3.014650,265.658940,-323.807190,60941.957030,,3.511960,-399.314300
15.040000,-0.039730,0.333250,4.480960,265.676330,-323.807100,60684.609380,1.000000,3.497860,-399.312410
15.042000,-0.099980,0.621640,5.629390,265.692170,-323.806880,59593.007810,,3.494020,-399.311770
15.044000,0.126890,1.026670,6.265140,265.706850,-323.806340,60358.714840,,3.378660,-399.313020
15.046000,0.487060,1.340700,6.777830,265.721620,-323.805940,60694.105470,,3.349180,-399.315340
15.048000,0.793400,1.271480,6.818850,265.738100,-323.806060,60439.925780,1.000000,3.355590,-399.317500
15.048000,0.793400,1.271480,6.818850,265.738100,-323.806060,60439.925780,1.000000,3.355590,-399.317500
15.050000,0.931820,0.933110,6.172850,265.756440,-323.806340,60782.699220,,3.368410,-399.318540
15.052000,0.784420,0.467830,5.598630,265.775940,-323.806460,60570.707030,,3.368410,-399.317900
15.054000,0.525510,0.097410,4.532230,265.795560,-323.806920,60705.707030,,3.487610,-399.316070
15.056000,0.210210,-0.053830,3.752930,265.814240,-323.807190,60714.144530,1.000000,3.533750,-399.313750
15.058000,-0.065370,0.014100,4.245120,265.831240,-323.806950,60596.015630,,3.476070,-399.311610
15.060000,-0.188420,0.393490,5.280760,265.846280,-323.806790,60508.476560,,3.497860,-399.310700
15.062000,-0.010250,0.856200,5.772950,265.860170,-323.806430,60647.699220,,3.399170,-399.311740
15.064000,0.338380,1.236880,5.670410,265.874110,-323.806210,60536.957030,1.000000,3.363280,-399.314030
15.064000,0.338380,1.236880,5.670410,265.874110,-323.806210,60536.957030,1.000000,3.363280,-399.314030
15.066000,0.675480,1.290710,5.547360,265.889470,-323.806240,60569.648440,,3.350460,-399.316470
15.068000,0.852360,1.085630,4.942380,265.906680,-323.806490,61032.664060,,3.372250,-399.317960
15.070000,0.735720,0.739560,4.224610,265.925200,-323.806670,60721.527340,,3.385070,-399.317690
15.072000,0.442200,0.419130,3.476070,265.944180,-323.807010,60935.625000,1.000000,3.476070,-399.316010
15.074000,0.137150,0.297360,3.496580,265.962460,-323.807190,60840.710940,,3.517090,-399.313810
15.076000,-0.078190,0.371700,4.296390,265.979550,-323.807070,60871.292970,,3.504270,-399.312070
15.078000,-0.071780,0.715210,5.465330,265.994960,-323.806820,60746.839840,,3.478640,-399.311830
15.080000,0.202510,1.129210,6.531740,266.009460,-323.806180,60757.386720,1.000000,3.360720,-399.313420
15.082000,0.561400,1.374020,6.429200,266.024440,-323.805910,60539.062500,,3.347900,-399.315800
15.084000,0.843380,1.221500,6.541990,266.041320,-323.806150,60616.054690,,3.363280,-399.317810
15.086000,0.922850,0.866460,6.213870,266.059910,-323.806340,60674.062500,,3.367130,-399.318540
15.088000,0.735720,0.381960,5.044920,266.079590,-323.806490,60491.605470,1.000000,3.376100,-399.317570
15.088000,0.735720,0.381960,5.044920,266.079590,-323.806490,60491.605470,1.000000,3.376100,-399.317570
15.090000,0.469120,0.041020,4.091310,266.099210,-323.807040,60734.183590,,3.522220,-399.315610
15.092000,0.146120,-0.105100,4.029790,266.117800,-323.807160,59670.003910,,3.510680,-399.313230
15.094000,-0.114070,-0.007690,4.296390,266.134610,-323.806880,60456.800780,,3.481200,-399.311220
15.096000,-0.176880,0.370420,5.219240,266.149630,-323.806760,60525.351560,1.000000,3.481200,-399.310670
15.096000,-0.176880,0.370420,5.219240,266.149630,-323.806760,60525.351560,1.000000,3.481200,-399.310670
15.098000,0.051270,0.816470,6.275390,266.163640,-323.806370,60178.363280,,3.381230,-399.312070
15.100000,0.412720,1.139470,5.731930,266.177890,-323.806210,60622.386720,,3.355590,-399.314510
15.102000,0.730590,1.133060,5.772950,266.193730,-323.806340,60729.960940,,3.353030,-399.316860
15.104000,0.860050,0.902340,5.116700,266.211210,-323.806520,60821.722660,1.000000,3.376100,-399.318050
15.106000,0.685730,0.553710,3.640140,266.229890,-323.806760,60812.230470,,3.395320,-399.317410
15.108000,0.383240,0.274290,3.229980,266.248720,-323.807070,61055.859380,,3.494020,-399.315520
15.110000,0.088440,0.197390,3.886230,266.266780,-323.807160,60638.207030,,3.504270,-399.313350
15.112000,-0.101260,0.328130,4.347660,266.283450,-323.807040,60738.402340,1.000000,3.495300,-399.311800
15.114000,-0.039730,0.713930,5.772950,266.298490,-323.806730,60763.714840,,3.459410,-399.311950
15.116000,0.273010,1.136900,6.552250,266.312840,-323.806060,60667.738280,,3.338930,-399.313810
15.118000,0.630620,1.334290,6.234380,266.327970,-323.805940,60954.613280,,3.341490,-399.316190
15.120000,0.884400,1.133060,6.367680,266.345090,-323.806210,60834.378910,1.000000,3.362000,-399.318020
15.122000,0.903630,0.781860,5.875490,266.363740,-323.806370,60696.214840,,3.351750,-399.318390
15.124000,0.681880,0.315310,4.993650,266.383300,-323.806640,60676.175780,,3.399170,-399.317140
15.126000,0.402470,0.070500,3.855470,266.402400,-323.807160,60834.378910,,3.541440,-399.315060
15.128000,0.088440,0.012820,4.060550,266.420320,-323.807130,60559.105470,1.000000,3.486330,-399.312710
15.128000,0.088440,0.012820,4.060550,266.420320,-323.807130,60559.105470,1.000000,3.486330,-399.312710
15.130000,-0.148680,0.215330,4.501460,266.436490,-323.806880,60676.175780,,3.491460,-399.310910
15.132000,-0.143550,0.637020,5.239750,266.451020,-323.806700,60378.750000,,3.458130,-399.310790
15.134000,0.120480,1.083070,5.803710,266.464840,-323.806340,60374.535160,,3.368410,-399.312530
15.136000,0.490910,1.347110,5.701170,266.479340,-323.806210,60575.976560,1.000000,3.336360,-399.315030
15.136000,0.490910,1.347110,5.701170,266.479340,-323.806210,60575.976560,1.000000,3.336360,-399.315030
15.138000,0.770320,1.247130,5.280760,266.495640,-323.806370,60594.964840,,3.350460,-399.317170
15.140000,0.834410,0.944640,4.880860,266.513640,-323.806580,60680.394530,,3.368410,-399.317990
15.142000,0.613950,0.537050,4.009280,266.532750,-323.806820,61140.234380,,3.400450,-399.317020
15.144000,0.312740,0.276860,3.117190,266.551790,-323.807160,60999.964840,1.000000,3.506840,-399.315030
15.146000,0.042300,0.202510,3.999020,266.569890,-323.807160,60959.886720,,3.492740,-399.312960
15.148000,-0.106380,0.374270,5.044920,266.586490,-323.807040,60903.988280,,3.495300,-399.311740
15.150000,0.012820,0.770320,6.008790,266.601530,-323.806610,60570.707030,,3.428650,-399.312320
15.152000,0.348630,1.149720,6.111330,266.616090,-323.806030,60670.902340,1.000000,3.327390,-399.314360
15.152000,0.348630,1.149720,6.111330,266.616090,-323.806030,60670.902340,1.000000,3.327390,-399.314360
15.154000,0.692140,1.268920,6.665040,266.631650,-323.806000,60752.113280,,3.351750,-399.316710
15.156000,0.906190,1.016420,6.111330,266.649230,-323.806240,60627.656250,,3.354310,-399.318270
15.158000,0.865170,0.611390,5.824220,266.668210,-323.806430,61031.605470,,3.349180,-399.318270
15.160000,0.625490,0.169190,5.003910,266.687840,-323.806730,61037.933590,1.000000,3.423520,-399.316770
15.162000,0.338380,-0.042300,3.517090,266.706850,-323.807220,60718.363280,,3.537600,-399.314610
15.164000,0.037170,-0.071780,4.019530,266.724490,-323.807040,60598.128910,,3.472230,-399.312290
15.166000,-0.170470,0.199950,5.014160,266.740260,-323.806880,60740.511720,,3.486330,-399.310760
15.168000,-0.096130,0.652400,5.219240,266.754460,-323.806610,60471.566410,1.000000,3.431210,-399.311070
15.168000,-0.096130,0.652400,5.219240,266.754460,-323.806610,60471.566410,1.000000,3.431210,-399.311070
15.170000,0.197390,1.085630,5.578130,266.768280,-323.806300,60565.433590,,3.364560,-399.313050
15.172000,0.560120,1.283020,6.070310,266.783020,-323.806240,60324.964840,,3.341490,-399.315580
15.174000,0.804930,1.152280,4.983400,266.799560,-323.806430,60429.375000,,3.362000,-399.317540
15.176000,0.811340,0.867740,4.829590,266.817690,-323.806610,60739.460940,1.000000,3.372250,-399.317960
15.178000,0.549870,0.510130,3.947750,266.836610,-323.806880,60776.371090,,3.428650,-399.316710
15.180000,0.249940,0.334530,3.024900,266.855190,-323.807160,60594.964840,,3.511960,-399.314640
15.182000,0.000000,0.331970,4.316890,266.872740,-323.807130,60911.371090,,3.487610,-399.312620
15.184000,-0.107670,0.593440,5.537110,266.888760,-323.806950,60893.441410,1.000000,3.502990,-399.311740
15.186000,0.070500,0.999760,5.844730,266.903440,-323.806460,60578.089840,,3.394040,-399.312710
15.188000,0.424260,1.353520,6.521480,266.918060,-323.805970,60971.488280,,3.340210,-399.314910
15.190000,0.747250,1.350950,6.767580,266.934200,-323.806060,60661.410160,,3.353030,-399.317140
15.192000,0.921570,1.026670,5.947270,266.952270,-323.806300,60783.753910,1.000000,3.354310,-399.318480
15.192000,0.921570,1.026670,5.947270,266.952270,-323.806300,60783.753910,1.000000,3.354310,-399.318480
15.194000,0.824160,0.562680,5.393550,266.971710,-323.806460,60838.593750,,3.358150,-399.318120
15.196000,0.570370,0.144840,4.409180,266.991490,-323.806850,60857.582030,,3.458130,-399.316440
15.198000,0.267880,-0.041020,3.065920,267.010440,-323.807250,61065.355470,,3.542720,-399.314150
15.200000,-0.019230,-0.035890,4.234860,267.027860,-323.807010,60939.843750,1.000000,3.468380,-399.311920
15.202000,-0.190980,0.260190,5.106450,267.043370,-323.806850,60823.828130,,3.501710,-399.310730
15.204000,-0.053830,0.708800,5.444820,267.057500,-323.806520,60506.371090,,3.415830,-399.311460
15.206000,0.273010,1.104860,5.793460,267.071440,-323.806240,60676.175780,,3.358150,-399.313630
15.208000,0.629330,1.208680,5.783200,267.086640,-323.806210,60563.324220,1.000000,3.342770,-399.316130
15.210000,0.836980,1.022830,5.014160,267.103640,-323.806460,60648.753910,,3.367130,-399.317840
15.212000,0.775450,0.671630,4.337400,267.122130,-323.806640,60571.761720,,3.378660,-399.317900
15.214000,0.490910,0.333250,3.681150,267.141200,-323.806920,60659.300780,,3.454280,-399.316380
15.216000,0.184570,0.171750,3.322270,267.159700,-323.807190,60773.203130,1.000000,3.513240,-399.314210
15.216000,0.184570,0.171750,3.322270,267.159700,-323.807190,60773.203130,1.000000,3.513240,-399.314210
15.218000,-0.046140,0.214050,4.388670,267.177060,-323.807100,60643.484380,,3.499150,-399.312320
15.220000,-0.097410,0.522950,5.629390,267.192720,-323.806880,60363.984380,,3.491460,-399.311770
15.222000,0.140990,0.952330,6.644530,267.207180,-323.806300,60717.308590,,3.374820,-399.313110
15.222000,0.140990,0.952330,6.644530,267.207180,-323.806300,60717.308590,,3.374820,-399.313110
15.224000,0.502440,1.291990,6.521480,267.221770,-323.805910,60765.820310,1.000000,3.351750,-399.315430
15.226000,0.801090,1.236880,6.470210,267.238040,-323.806090,60561.210940,,3.362000,-399.317540
15.228000,0.926700,0.944640,6.254880,267.256100,-323.806340,61010.511720,,3.370970,-399.318540
15.230000,0.772890,0.505000,5.321780,267.275360,-323.806460,60845.980470,,3.368410,-399.317810
15.232000,0.515260,0.138430,4.060550,267.294860,-323.806920,60781.640630,1.000000,3.496580,-399.316010
15.234000,0.199950,-0.012820,3.609380,267.313450,-323.807190,60895.550780,,3.529910,-399.313690
15.236000,-0.073060,0.038450,4.081050,267.330540,-323.806920,60716.257810,,3.476070,-399.311550
15.236000,-0.073060,0.038450,4.081050,267.330540,-323.806920,60716.257810,,3.476070,-399.311550
15.238000,-0.185850,0.381960,4.911620,267.345760,-323.806760,61052.699220,,3.495300,-399.310700
15.240000,0.000000,0.819030,5.875490,267.359920,-323.806430,60801.679690,1.000000,3.399170,-399.311800
15.240000,0.000000,0.819030,5.875490,267.359920,-323.806430,60801.679690,1.000000,3.399170,-399.311800
15.242000,0.346070,1.174070,5.506350,267.374110,-323.806210,60543.281250,,3.368410,-399.314090
15.244000,0.678040,1.215090,5.516600,267.389740,-323.806300,60444.144530,,3.354310,-399.316530
15.246000,0.848510,1.017700,5.280760,267.407010,-323.806490,60679.339840,,3.377380,-399.317960
15.248000,0.725460,0.684450,3.947750,267.425540,-323.806670,60555.941410,1.000000,3.390200,-399.317690
15.250000,0.434510,0.378110,3.209470,267.444490,-323.807010,60799.574220,,3.479920,-399.315950
15.250000,0.434510,0.378110,3.209470,267.444490,-323.807010,60799.574220,,3.479920,-399.315950
15.252000,0.129460,0.270450,4.193850,267.462710,-323.807160,60459.964840,,3.511960,-399.313750
15.254000,-0.079470,0.367860,4.337400,267.479640,-323.807040,60565.433590,,3.504270,-399.312040
15.256000,-0.065370,0.717770,5.547360,267.494960,-323.806760,60545.390630,1.000000,3.472230,-399.311890
15.258000,0.214050,1.130490,7.352050,267.509430,-323.806150,60526.410160,,3.360720,-399.313510
15.260000,0.571660,1.371460,6.685550,267.524410,-323.805910,60475.785160,,3.340210,-399.315890
15.262000,0.847230,1.200990,6.736820,267.541350,-323.806150,60645.589840,,3.363280,-399.317810
15.264000,0.916440,0.834410,6.439450,267.559970,-323.806340,60602.347660,1.000000,3.363280,-399.318510
15.266000,0.722900,0.366580,5.126950,267.579620,-323.806550,60670.902340,,3.377380,-399.317470
15.268000,0.457580,0.044860,3.968260,267.599090,-323.807040,61112.816410,,3.527340,-399.315490
15.270000,0.139710,-0.084590,4.009280,267.617550,-323.807160,60767.933590,,3.505550,-399.313140
15.272000,-0.119200,0.030760,4.275880,267.634250,-323.806880,60585.476560,1.000000,3.486330,-399.311190
15.274000,-0.171750,0.437070,5.085940,267.649080,-323.806730,60726.800780,,3.476070,-399.310700
15.276000,0.060240,0.910030,5.865230,267.662930,-323.806370,60750.003910,,3.378660,-399.312160
15.278000,0.424260,1.230470,5.639650,267.677190,-323.806210,60887.113280,,3.345340,-399.314610
15.280000,0.734440,1.197140,5.393550,267.693120,-323.806340,60892.386720,1.000000,3.350460,-399.316890
15.280000,0.734440,1.197140,5.393550,267.693120,-323.806340,60892.386720,1.000000,3.350460,-399.316890
15.282000,0.856200,0.944640,4.521970,267.710780,-323.806520,60727.851560,,3.372250,-399.318050
15.284000,0.671630,0.566530,3.906740,267.729640,-323.806760,60610.785160,,3.390200,-399.317350
15.286000,0.371700,0.284550,3.147950,267.748630,-323.807100,60853.363280,,3.495300,-399.315460
15.288000,0.080750,0.205080,3.978520,267.766750,-323.807190,60447.308590,1.000000,3.499150,-399.313260
15.288000,0.080750,0.205080,3.978520,267.766750,-323.807190,60447.308590,1.000000,3.499150,-399.313260
15.290000,-0.103820,0.343510,4.716800,267.783510,-323.807040,60522.191410,,3.492740,-399.311770
15.292000,-0.030760,0.722900,5.937010,267.798610,-323.806700,60463.128910,,3.453000,-399.312010
15.294000,0.285830,1.126650,6.593260,267.813110,-323.806060,60424.105470,,3.335080,-399.313930
15.296000,0.647280,1.306090,6.757320,267.828370,-323.805970,60538.007810,1.000000,3.342770,-399.316310
15.298000,0.890810,1.085630,6.480470,267.845640,-323.806210,60516.917970,,3.358150,-399.318120
15.300000,0.901060,0.706240,6.203610,267.864470,-323.806400,60681.453130,,3.349180,-399.318390
15.302000,0.675480,0.239690,5.803710,267.884120,-323.806640,60840.710940,,3.396610,-399.317110
15.304000,0.396060,-0.012820,3.691410,267.903410,-323.807190,60855.476560,1.000000,3.540160,-399.314970
15.306000,0.082030,-0.094850,3.619630,267.921420,-323.807130,60815.394530,,3.479920,-399.312620
15.308000,-0.153810,0.094850,4.757810,267.937620,-323.806880,60990.468750,,3.488890,-399.310880
15.310000,-0.139710,0.524230,5.239750,267.952120,-323.806670,60661.410160,,3.451720,-399.310790
15.312000,0.132020,0.977970,5.475590,267.965910,-323.806340,60808.011720,1.000000,3.368410,-399.312560
15.312000,0.132020,0.977970,5.475590,267.965910,-323.806340,60808.011720,1.000000,3.368410,-399.312560
15.314000,0.502440,1.235600,5.813960,267.980380,-323.806210,60810.121090,,3.342770,-399.315060
15.316000,0.781860,1.157410,5.137210,267.996580,-323.806400,60757.386720,,3.353030,-399.317230
15.318000,0.842100,0.897220,4.614260,268.014340,-323.806610,61009.460940,,3.368410,-399.318020
15.320000,0.612670,0.546020,4.101560,268.033110,-323.806820,60941.957030,1.000000,3.404300,-399.316990
15.320000,0.612670,0.546020,4.101560,268.033110,-323.806820,60941.957030,1.000000,3.404300,-399.316990
15.322000,0.306340,0.335820,2.850590,268.051790,-323.807130,60434.648440,,3.505550,-399.314940
15.324000,0.034610,0.296080,3.958010,268.069520,-323.807130,60556.996090,,3.488890,-399.312840
15.326000,-0.116640,0.496030,5.455080,268.085780,-323.807040,60599.183590,,3.495300,-399.311610
15.328000,0.014100,0.901060,6.080570,268.100680,-323.806580,60323.910160,1.000000,3.418400,-399.312290
15.330000,0.360170,1.266360,6.377930,268.115170,-323.806030,60560.160160,,3.327390,-399.314390
15.332000,0.704960,1.350950,7.054690,268.130920,-323.806030,60376.640630,,3.354310,-399.316740
15.334000,0.915160,1.070250,6.377930,268.148710,-323.806270,60302.812500,,3.350460,-399.318300
15.336000,0.866460,0.633180,6.224120,268.167940,-323.806430,60658.246090,1.000000,3.349180,-399.318240
15.338000,0.617800,0.176880,5.311520,268.187770,-323.806760,60690.941410,,3.431210,-399.316710
15.340000,0.325560,-0.041020,3.896480,268.206970,-323.807250,60782.699220,,3.541440,-399.314510
15.342000,0.024350,-0.075620,4.204100,268.224760,-323.807040,60767.933590,,3.473510,-399.312160
15.344000,-0.182010,0.180730,5.188480,268.240660,-323.806880,60848.093750,1.000000,3.491460,-399.310700
15.344000,-0.182010,0.180730,5.188480,268.240660,-323.806880,60848.093750,1.000000,3.491460,-399.310700
15.346000,-0.094850,0.626770,5.208980,268.254970,-323.806610,60682.503910,,3.428650,-399.311070
15.348000,0.206360,1.045900,5.526860,268.268890,-323.806300,61027.386720,,3.363280,-399.313110
15.350000,0.575500,1.222780,5.793460,268.283780,-323.806210,60723.636720,,3.340210,-399.315640
15.352000,0.820310,1.098450,4.829590,268.300420,-323.806430,60803.789060,1.000000,3.364560,-399.317600
15.354000,0.815190,0.804930,4.163090,268.318540,-323.806610,60903.988280,,3.369690,-399.317990
15.356000,0.546020,0.455020,3.578610,268.337460,-323.806880,60873.402340,,3.428650,-399.316650
15.358000,0.238400,0.265320,2.450680,268.356140,-323.807190,60837.542970,,3.510680,-399.314510
15.360000,-0.012820,0.252500,4.111820,268.373750,-323.807130,60705.707030,1.000000,3.488890,-399.312530
15.360000,-0.012820,0.252500,4.111820,268.373750,-323.807130,60705.707030,1.000000,3.488890,-399.312530
15.362000,-0.111510,0.502440,5.229490,268.389770,-323.806950,60844.925780,,3.500430,-399.311650
15.364000,0.082030,0.916440,6.049800,268.404480,-323.806430,60313.359380,,3.386350,-399.312710
15.366000,0.438350,1.267640,6.583010,268.419040,-323.805970,60578.089840,,3.341490,-399.314940
15.368000,0.763920,1.268920,6.613770,268.435150,-323.806060,60357.664060,1.000000,3.356870,-399.317230
15.370000,0.933110,0.980530,6.265140,268.453060,-323.806340,60624.496090,,3.356870,-399.318510
15.372000,0.819030,0.558840,5.690920,268.472260,-323.806460,60472.617190,,3.363280,-399.318050
15.374000,0.563960,0.165340,4.716800,268.491790,-323.806850,60606.566410,,3.458130,-399.316310
15.376000,0.258910,0.000000,3.896480,268.510500,-323.807220,60758.437500,1.000000,3.542720,-399.314060
15.378000,-0.026920,0.015380,4.306640,268.527740,-323.806980,60696.214840,,3.467100,-399.311830
15.380000,-0.187130,0.337100,5.147460,268.543150,-323.806820,60602.347660,,3.497860,-399.310670
15.382000,-0.043580,0.781860,5.906250,268.557280,-323.806490,60685.664060,,3.409420,-399.311460
15.384000,0.284550,1.168950,5.578130,268.571260,-323.806240,60704.648440,1.000000,3.362000,-399.313660
15.384000,0.284550,1.168950,5.578130,268.571260,-323.806240,60704.648440,1.000000,3.362000,-399.313660
15.386000,0.635740,1.267640,5.383300,268.586490,-323.806270,60700.429690,,3.347900,-399.316160
15.388000,0.836980,1.081790,5.157710,268.603550,-323.806460,61139.179690,,3.368410,-399.317810
15.390000,0.767760,0.738280,4.070800,268.622010,-323.806640,60861.796880,,3.379940,-399.317810
15.392000,0.481930,0.394780,3.127440,268.641110,-323.806950,60985.195310,1.000000,3.459410,-399.316250
15.392000,0.481930,0.394780,3.127440,268.641110,-323.806950,60985.195310,1.000000,3.459410,-399.316250
15.394000,0.175600,0.226870,3.404300,268.659640,-323.807160,60900.824220,,3.511960,-399.314090
15.396000,-0.052550,0.258910,4.275880,268.677030,-323.807070,60845.980470,,3.499150,-399.312260
15.398000,-0.089720,0.551150,5.250000,268.692810,-323.806880,60806.957030,,3.488890,-399.311770
15.400000,0.155090,0.952330,6.552250,268.707460,-323.806270,60737.347660,1.000000,3.369690,-399.313170
15.402000,0.512700,1.248410,6.429200,268.722320,-323.805910,60438.875000,,3.349180,-399.315460
15.404000,0.810060,1.158690,6.388180,268.738950,-323.806090,60416.722660,,3.358150,-399.317600
15.406000,0.922850,0.813900,6.490720,268.757350,-323.806340,60437.812500,,3.368410,-399.318510
15.408000,0.761350,0.353760,5.393550,268.776890,-323.806490,60434.648440,1.000000,3.369690,-399.317750
15.410000,0.505000,-0.005130,3.927250,268.796540,-323.806980,60793.242190,,3.500430,-399.315890
15.412000,0.188420,-0.169190,4.727050,268.815120,-323.807190,60832.265630,,3.528630,-399.313540
15.414000,-0.079470,-0.075620,4.183590,268.832060,-323.806920,60529.574220,,3.474790,-399.311460
15.416000,-0.182010,0.298650,5.034670,268.846980,-323.806760,60718.363280,1.000000,3.496580,-399.310700
15.418000,0.008970,0.784420,6.254880,268.860780,-323.806430,60415.664060,,3.391480,-399.311890
15.420000,0.362730,1.175350,5.813960,268.874660,-323.806210,60623.441410,,3.362000,-399.314210
15.422000,0.692140,1.225340,5.444820,268.890050,-323.806270,60691.992190,,3.351750,-399.316590
15.424000,0.849790,1.022830,5.044920,268.907260,-323.806490,60833.324220,1.000000,3.373540,-399.317960
15.424000,0.849790,1.022830,5.044920,268.907260,-323.806490,60833.324220,1.000000,3.373540,-399.317960
15.426000,0.711360,0.688290,3.865720,268.925750,-323.806700,60753.167970,,3.387630,-399.317570
15.428000,0.416560,0.380680,3.024900,268.944640,-323.807040,61175.039060,,3.476070,-399.315800
15.430000,0.119200,0.265320,3.681150,268.962920,-323.807160,60739.460940,,3.508120,-399.313630
15.432000,-0.087160,0.355040,4.193850,268.979920,-323.807040,60766.875000,1.000000,3.499150,-399.311980
15.432000,-0.087160,0.355040,4.193850,268.979920,-323.807040,60766.875000,1.000000,3.499150,-399.311980
15.434000,-0.060240,0.701110,5.403810,268.995300,-323.806790,60652.972660,,3.469670,-399.311890
15.436000,0.228150,1.116390,6.429200,269.009830,-323.806150,60642.421880,,3.355590,-399.313570
15.438000,0.585750,1.362490,6.562500,269.024840,-323.805940,60806.957030,,3.344060,-399.315950
15.440000,0.857480,1.203550,6.347170,269.041780,-323.806180,60729.960940,1.000000,3.363280,-399.317900
15.442000,0.917720,0.844670,6.008790,269.060360,-323.806340,60688.832030,,3.360720,-399.318510
15.444000,0.715210,0.379390,5.239750,269.079960,-323.806580,60555.941410,,3.379940,-399.317410
15.446000,0.446040,0.066650,3.927250,269.099370,-323.807070,60831.210940,,3.529910,-399.315430
15.448000,0.125610,-0.049990,3.865720,269.117740,-323.807160,60523.242190,1.000000,3.497860,-399.313050
15.450000,-0.128170,0.067930,4.562990,269.134400,-323.806880,60687.777340,,3.487610,-399.311130
15.452000,-0.165340,0.462710,5.188480,269.149260,-323.806730,60471.566410,,3.469670,-399.310730
15.454000,0.076900,0.906190,5.649900,269.163210,-323.806370,60507.421880,,3.374820,-399.312260
15.456000,0.442200,1.211240,6.049800,269.177520,-323.806210,60608.671880,1.000000,3.354310,-399.314730
15.456000,0.442200,1.211240,6.049800,269.177520,-323.806210,60608.671880,1.000000,3.354310,-399.314730
15.458000,0.747250,1.177920,5.506350,269.193480,-323.806370,60676.175780,,3.347900,-399.316990
15.460000,0.857480,0.920290,4.880860,269.211150,-323.806550,60648.753910,,3.377380,-399.318050
15.462000,0.662660,0.549870,4.562990,269.230010,-323.806760,61086.445310,,3.391480,-399.317260
15.464000,0.358890,0.290950,3.055660,269.248900,-323.807100,61024.222660,1.000000,3.499150,-399.315340
15.466000,0.070500,0.223020,3.660640,269.266940,-323.807160,60821.722660,,3.497860,-399.313170
15.468000,-0.108950,0.375550,4.973140,269.283600,-323.807040,61021.054690,,3.490170,-399.311740
15.470000,-0.025630,0.762630,5.896000,269.298650,-323.806670,60659.300780,,3.450440,-399.312010
15.472000,0.294800,1.161250,6.183110,269.313140,-323.806060,60743.671880,1.000000,3.332520,-399.313960
15.474000,0.652400,1.330440,6.767580,269.328460,-323.806000,60806.957030,,3.347900,-399.316380
15.476000,0.895940,1.118960,6.326660,269.345760,-323.806210,60688.832030,,3.359440,-399.318150
15.478000,0.901060,0.744690,5.752440,269.364590,-323.806400,60989.417970,,3.345340,-399.318390
15.480000,0.667790,0.281980,5.342290,269.384250,-323.806640,61054.808590,1.000000,3.405580,-399.317050
15.480000,0.667790,0.281980,5.342290,269.384250,-323.806640,61054.808590,1.000000,3.405580,-399.317050
15.482000,0.383240,0.038450,3.568360,269.403440,-323.807190,60733.128910,,3.536320,-399.314910
15.484000,0.069210,-0.030760,3.773440,269.421420,-323.807130,60486.332030,,3.479920,-399.312530
15.486000,-0.165340,0.173030,5.291020,269.437590,-323.806880,60706.761720,,3.485050,-399.310790
15.488000,-0.134580,0.593440,5.403810,269.452150,-323.806700,60384.023440,1.000000,3.447880,-399.310820
15.490000,0.144840,1.022830,5.526860,269.466060,-323.806340,60677.226560,,3.368410,-399.312650
15.492000,0.517820,1.253540,6.306150,269.480740,-323.806210,60496.882810,,3.335080,-399.315190
15.494000,0.798520,1.161250,5.414060,269.497160,-323.806400,60482.113280,,3.355590,-399.317350
15.496000,0.847230,0.874150,4.798830,269.515170,-323.806610,60822.777340,1.000000,3.369690,-399.318080
15.496000,0.847230,0.874150,4.798830,269.515170,-323.806610,60822.777340,1.000000,3.369690,-399.318080
15.498000,0.607540,0.499880,4.214360,269.534150,-323.806850,60745.785160,,3.408140,-399.316960
15.500000,0.297360,0.281980,3.055660,269.552980,-323.807160,60667.738280,,3.506840,-399.314880
15.500000,0.297360,0.281980,3.055660,269.552980,-323.807160,60667.738280,,3.506840,-399.314880
15.502000,0.024350,0.234560,3.968260,269.570830,-323.807160,60593.910160,,3.490170,-399.312740
15.504000,-0.120480,0.433230,5.362790,269.587190,-323.807010,60908.207030,1.000000,3.495300,-399.311610
15.506000,0.021790,0.838260,5.967770,269.602020,-323.806520,60659.300780,,3.414550,-399.312320
15.508000,0.369140,1.202270,6.408690,269.616520,-323.806000,60975.707030,,3.326110,-399.314450
15.510000,0.716490,1.288150,6.665040,269.632260,-323.806030,60651.917970,,3.356870,-399.316800
15.512000,0.920290,1.017700,6.224120,269.649930,-323.806270,60822.777340,1.000000,3.350460,-399.318330
15.514000,0.860050,0.610110,5.752440,269.669010,-323.806430,60890.273440,,3.351750,-399.318240
15.516000,0.610110,0.170470,4.706540,269.688660,-323.806760,60914.535160,,3.433780,-399.316650
15.518000,0.315310,-0.042300,3.558110,269.707640,-323.807250,61603.246090,,3.541440,-399.314420
15.520000,0.015380,-0.071780,3.906740,269.725310,-323.807040,60883.949220,1.000000,3.469670,-399.312100
15.522000,-0.182010,0.192260,4.788570,269.741030,-323.806880,60838.593750,,3.491460,-399.310670
15.524000,-0.087160,0.651120,5.444820,269.755250,-323.806580,60445.195310,,3.427370,-399.311130
15.526000,0.217900,1.084350,5.813960,269.769130,-323.806300,60707.812500,,3.362000,-399.313170
15.528000,0.583190,1.261230,5.742190,269.784000,-323.806240,60546.445310,1.000000,3.346620,-399.315730
15.528000,0.583190,1.261230,5.742190,269.784000,-323.806240,60546.445310,1.000000,3.346620,-399.315730
15.530000,0.817750,1.131770,5.229490,269.800660,-323.806460,60715.195310,,3.364560,-399.317630
15.532000,0.802370,0.838260,4.573240,269.818850,-323.806640,60574.925780,,3.376100,-399.317960
15.534000,0.530640,0.483220,3.629880,269.837860,-323.806880,60621.332030,,3.432500,-399.316590
15.536000,0.225590,0.292240,3.424800,269.856540,-323.807160,60839.648440,1.000000,3.511960,-399.314450
15.538000,-0.019230,0.284550,4.470700,269.874150,-323.807100,60454.691410,,3.487610,-399.312470
15.540000,-0.108950,0.529360,5.321780,269.890290,-323.806920,60502.152340,,3.500430,-399.311710
15.542000,0.093570,0.926700,6.500980,269.905090,-323.806400,60466.292970,,3.382510,-399.312840
15.544000,0.451170,1.271480,6.603520,269.919830,-323.805940,60724.691410,1.000000,3.349180,-399.315060
15.546000,0.766480,1.263790,6.306150,269.936040,-323.806060,60628.714840,,3.358150,-399.317290
15.548000,0.926700,0.952330,6.531740,269.954160,-323.806340,61098.054690,,3.360720,-399.318510
15.550000,0.807500,0.513980,5.547360,269.973510,-323.806460,60815.394530,,3.362000,-399.318020
15.552000,0.554990,0.112790,4.081050,269.993190,-323.806880,60764.769530,1.000000,3.464540,-399.316280
15.552000,0.554990,0.112790,4.081050,269.993190,-323.806880,60764.769530,1.000000,3.464540,-399.316280
15.554000,0.246090,-0.064090,3.804200,270.012020,-323.807190,60843.867190,,3.541440,-399.313960
15.556000,-0.037170,-0.034610,4.193850,270.029330,-323.806950,60652.972660,,3.464540,-399.311770
15.558000,-0.190980,0.289670,4.798830,270.044650,-323.806820,61024.222660,,3.501710,-399.310670
15.560000,-0.035890,0.756230,5.885740,270.058690,-323.806490,60761.605470,1.000000,3.408140,-399.311550
15.560000,-0.035890,0.756230,5.885740,270.058690,-323.806490,60761.605470,1.000000,3.408140,-399.311550
15.562000,0.302490,1.159970,5.619140,270.072570,-323.806240,60609.730470,,3.363280,-399.313810
15.564000,0.654970,1.265080,5.403810,270.087740,-323.806240,60434.648440,,3.349180,-399.316310
15.566000,0.847230,1.089480,5.403810,270.104710,-323.806490,60640.316410,,3.369690,-399.317930
15.568000,0.760070,0.762630,4.224610,270.123110,-323.806670,60275.390630,1.000000,3.383790,-399.317810
15.570000,0.471680,0.429380,2.973630,270.142090,-323.806950,60810.121090,,3.460690,-399.316190
15.572000,0.160220,0.283260,4.040040,270.160520,-323.807160,60509.535160,,3.510680,-399.314000
15.574000,-0.061520,0.330690,4.480960,270.177760,-323.807070,60612.894530,,3.499150,-399.312160
15.576000,-0.088440,0.647280,5.321780,270.193390,-323.806850,60620.273440,1.000000,3.485050,-399.311770
15.578000,0.165340,1.058720,6.798340,270.207950,-323.806240,60640.316410,,3.370970,-399.313230
15.580000,0.529360,1.350950,6.747070,270.222840,-323.805910,60524.300780,,3.349180,-399.315580
15.582000,0.821590,1.243290,6.429200,270.239470,-323.806120,60621.332030,,3.362000,-399.317690
15.584000,0.929260,0.889530,6.203610,270.257930,-323.806340,60569.648440,1.000000,3.369690,-399.318540
15.584000,0.929260,0.889530,6.203610,270.257930,-323.806340,60569.648440,1.000000,3.369690,-399.318540
15.586000,0.758790,0.422970,5.393550,270.277530,-323.806490,60469.453130,,3.368410,-399.317720
15.588000,0.497310,0.064090,3.958010,270.297210,-323.806980,61093.828130,,3.505550,-399.315830
15.590000,0.179440,-0.092290,3.896480,270.315890,-323.807160,60726.800780,,3.522220,-399.313480
15.592000,-0.092290,-0.021790,4.265630,270.332950,-323.806920,60819.613280,1.000000,3.474790,-399.311370
15.594000,-0.185850,0.344790,5.178220,270.348080,-323.806760,60714.144530,,3.491460,-399.310640
15.596000,0.020510,0.802370,5.772950,270.362090,-323.806430,60772.152340,,3.390200,-399.311890
15.598000,0.376830,1.152280,5.947270,270.376280,-323.806210,60988.363280,,3.363280,-399.314270
15.600000,0.707520,1.179200,5.475590,270.391940,-323.806300,60898.714840,1.000000,3.355590,-399.316680
15.600000,0.707520,1.179200,5.475590,270.391940,-323.806300,60898.714840,1.000000,3.355590,-399.316680
15.602000,0.862610,0.954900,4.901370,270.409330,-323.806520,60699.378910,,3.377380,-399.318020
15.604000,0.711360,0.608830,4.070800,270.427980,-323.806700,60622.386720,,3.390200,-399.317540
15.606000,0.411440,0.312740,3.199220,270.446930,-323.807040,60880.785160,,3.479920,-399.315730
15.608000,0.110230,0.214050,3.578610,270.465120,-323.807130,60476.839840,1.000000,3.505550,-399.313540
15.610000,-0.093570,0.312740,4.778320,270.482090,-323.807040,60610.785160,,3.497860,-399.311890
15.612000,-0.057680,0.675480,5.844730,270.497310,-323.806760,60319.691410,,3.464540,-399.311860
15.614000,0.237120,1.099730,6.418950,270.511720,-323.806120,60401.957030,,3.350460,-399.313600
15.616000,0.597290,1.341980,7.044430,270.526730,-323.805940,60645.589840,1.000000,3.344060,-399.315980
15.618000,0.862610,1.185610,6.859860,270.543640,-323.806210,60509.535160,,3.362000,-399.317900
15.620000,0.916440,0.842100,6.183110,270.562160,-323.806370,60675.121090,,3.355590,-399.318480
15.622000,0.707520,0.393490,6.183110,270.581670,-323.806580,60575.976560,,3.385070,-399.317350
15.624000,0.434510,0.112790,3.937500,270.600860,-323.807100,60831.210940,1.000000,3.527340,-399.315310
15.624000,0.434510,0.112790,3.937500,270.600860,-323.807100,60831.210940,1.000000,3.527340,-399.315310
15.626000,0.117920,0.033330,3.558110,270.618990,-323.807160,60756.332030,,3.495300,-399.312930
15.628000,-0.133300,0.199950,4.870610,270.635380,-323.806880,61160.273440,,3.483760,-399.311040
15.630000,-0.161500,0.602420,5.137210,270.650090,-323.806730,60756.332030,,3.467100,-399.310730
15.632000,0.084590,1.042050,5.250000,270.664060,-323.806370,60796.406250,1.000000,3.372250,-399.312290
15.634000,0.452450,1.326600,5.896000,270.678500,-323.806210,60840.710940,,3.342770,-399.314790
15.636000,0.749820,1.270200,5.383300,270.694640,-323.806370,60765.820310,,3.351750,-399.316990
15.638000,0.847230,0.999760,4.439940,270.712490,-323.806580,61059.023440,,3.365840,-399.318020
15.640000,0.648560,0.619080,4.193850,270.731510,-323.806790,60883.949220,1.000000,3.394040,-399.317200
15.640000,0.648560,0.619080,4.193850,270.731510,-323.806790,60883.949220,1.000000,3.394040,-399.317200
15.642000,0.343510,0.347350,3.014650,270.750550,-323.807130,60794.300780,,3.490170,-399.315250
15.644000,0.062810,0.253780,3.609380,270.768770,-323.807190,60459.964840,,3.497860,-399.313110
15.646000,-0.108950,0.384520,5.414060,270.785580,-323.807040,60660.355470,,3.488890,-399.311740
15.648000,-0.012820,0.765200,6.060060,270.800780,-323.806670,60329.183590,1.000000,3.438900,-399.312130
15.650000,0.312740,1.151000,6.254880,270.815370,-323.806030,60589.691410,,3.326110,-399.314090
15.652000,0.663940,1.304810,6.808590,270.830810,-323.805970,60543.281250,,3.341490,-399.316470
15.654000,0.898500,1.074100,6.511230,270.848270,-323.806240,60300.707030,,3.354310,-399.318180
15.656000,0.890810,0.692140,5.967770,270.867190,-323.806400,60665.628910,1.000000,3.338930,-399.318360
15.658000,0.657530,0.228150,5.373050,270.886900,-323.806670,60580.199220,,3.405580,-399.316960
15.660000,0.371700,-0.019230,3.855470,270.906160,-323.807190,60679.339840,,3.536320,-399.314790
15.662000,0.058960,-0.098690,3.732420,270.924130,-323.807100,60339.730470,,3.472230,-399.312440
15.664000,-0.169190,0.101260,4.839840,270.940280,-323.806880,60660.355470,1.000000,3.482480,-399.310760
15.664000,-0.169190,0.101260,4.839840,270.940280,-323.806880,60660.355470,1.000000,3.482480,-399.310760
15.666000,-0.126890,0.533200,5.332030,270.954710,-323.806700,60575.976560,,3.444030,-399.310850
15.668000,0.156370,0.986940,5.516600,270.968540,-323.806370,60955.664060,,3.365840,-399.312710
15.670000,0.528080,1.227910,5.824220,270.983120,-323.806210,60681.453130,,3.331240,-399.315280
15.672000,0.797240,1.149720,5.332030,270.999390,-323.806430,60848.093750,1.000000,3.355590,-399.317350
15.674000,0.828000,0.907470,4.604000,271.017150,-323.806610,60950.390630,,3.368410,-399.317990
15.676000,0.585750,0.570370,3.916990,271.035860,-323.806850,60971.488280,,3.403020,-399.316860
15.678000,0.280700,0.372990,2.666020,271.054440,-323.807130,61153.949220,,3.500430,-399.314790
15.680000,0.016660,0.335820,4.101560,271.072110,-323.807130,60766.875000,1.000000,3.483760,-399.312710
15.680000,0.016660,0.335820,4.101560,271.072110,-323.807130,60766.875000,1.000000,3.483760,-399.312710
15.682000,-0.115360,0.539610,5.147460,271.088440,-323.807010,60906.097660,,3.491460,-399.311650
15.684000,0.035890,0.934390,6.306150,271.103330,-323.806520,60459.964840,,3.403020,-399.312440
15.686000,0.381960,1.290710,6.675290,271.117950,-323.806060,60820.664060,,3.333800,-399.314610
15.688000,0.721620,1.348390,6.377930,271.133850,-323.806060,60561.210940,1.000000,3.351750,-399.316930
15.690000,0.920290,1.060000,6.418950,271.151760,-323.806340,60796.406250,,3.349180,-399.318390
15.692000,0.851070,0.640870,5.967770,271.170960,-323.806460,60573.867190,,3.353030,-399.318210
15.694000,0.601140,0.203800,4.593750,271.190700,-323.806790,60625.550780,,3.431210,-399.316590
15.696000,0.306340,-0.008970,4.060550,271.209810,-323.807220,60841.761720,1.000000,3.536320,-399.314360
15.696000,0.306340,-0.008970,4.060550,271.209810,-323.807220,60841.761720,1.000000,3.536320,-399.314360
15.698000,0.008970,-0.043580,4.357910,271.227480,-323.807040,60523.242190,,3.465820,-399.312070
15.700000,-0.184570,0.212770,4.860350,271.243290,-323.806880,60536.957030,,3.488890,-399.310700
15.700000,-0.184570,0.212770,4.860350,271.243290,-323.806880,60536.957030,,3.488890,-399.310700
15.702000,-0.076900,0.658810,5.885740,271.257570,-323.806580,60430.429690,,3.420960,-399.311220
15.704000,0.235840,1.074100,5.916500,271.271510,-323.806270,60658.246090,1.000000,3.358150,-399.313320
15.706000,0.601140,1.218930,5.475590,271.286530,-323.806270,60651.917970,,3.341490,-399.315860
15.708000,0.828000,1.057430,5.455080,271.303410,-323.806460,61226.722660,,3.363280,-399.317690
15.710000,0.799800,0.729310,4.491210,271.321750,-323.806640,61030.550780,,3.373540,-399.317960
15.712000,0.522950,0.367860,3.188960,271.340820,-323.806920,61021.054690,1.000000,3.438900,-399.316530
15.714000,0.215330,0.188420,3.322270,271.359470,-323.807160,60924.027340,,3.508120,-399.314360
15.716000,-0.026920,0.217900,4.347660,271.376920,-323.807100,60886.062500,,3.488890,-399.312440
15.718000,-0.107670,0.507570,5.096190,271.392730,-323.806920,60995.746090,,3.497860,-399.311680
15.720000,0.102540,0.958740,6.347170,271.407200,-323.806370,60644.535160,1.000000,3.381230,-399.312840
15.720000,0.102540,0.958740,6.347170,271.407200,-323.806370,60644.535160,1.000000,3.381230,-399.312840
15.722000,0.466550,1.330440,6.377930,271.421660,-323.805940,60575.976560,,3.346620,-399.315160
15.724000,0.781860,1.320190,6.295900,271.437740,-323.806090,60319.691410,,3.356870,-399.317380
15.726000,0.935670,1.031800,6.562500,271.455690,-323.806340,60452.582030,,3.363280,-399.318510
15.728000,0.802370,0.590880,5.711430,271.474980,-323.806460,59287.152340,1.000000,3.362000,-399.317960
15.728000,0.802370,0.590880,5.711430,271.474980,-323.806460,59287.152340,1.000000,3.362000,-399.317960
15.730000,0.543460,0.184570,3.968260,271.494630,-323.806880,60800.625000,,3.472230,-399.316160
15.732000,0.228150,0.008970,4.111820,271.513460,-323.807190,60505.316410,,3.541440,-399.313840
15.734000,-0.052550,0.025630,4.491210,271.530820,-323.806950,60491.605470,,3.464540,-399.311680
15.736000,-0.192260,0.346070,4.891110,271.546330,-323.806790,60811.171880,1.000000,3.501710,-399.310640
15.738000,-0.026920,0.788270,5.947270,271.560550,-323.806490,60689.886720,,3.409420,-399.311610
15.740000,0.314030,1.168950,5.865230,271.574650,-323.806240,60652.972660,,3.363280,-399.313840
15.742000,0.661380,1.257390,5.813960,271.590030,-323.806270,60630.824220,,3.356870,-399.316350
15.744000,0.854920,1.070250,5.044920,271.607150,-323.806490,60845.980470,1.000000,3.372250,-399.317960
15.746000,0.760070,0.737000,4.204100,271.625610,-323.806670,60743.671880,,3.388920,-399.317810
15.748000,0.465270,0.422970,3.055660,271.644590,-323.806950,61241.488280,,3.464540,-399.316160
15.750000,0.153810,0.288390,3.435060,271.662960,-323.807130,60768.988280,,3.513240,-399.313930
15.750000,0.153810,0.288390,3.435060,271.662960,-323.807130,60768.988280,,3.513240,-399.313930
15.752000,-0.073060,0.351200,4.491210,271.680110,-323.807040,60837.542970,1.000000,3.500430,-399.312100
15.752000,-0.073060,0.351200,4.491210,271.680110,-323.807040,60837.542970,1.000000,3.500430,-399.312100
15.754000,-0.087160,0.675480,5.393550,271.695620,-323.806820,60847.031250,,3.481200,-399.311740
15.756000,0.178160,1.090760,6.336910,271.710110,-323.806210,60691.992190,,3.365840,-399.313260
15.758000,0.539610,1.371460,6.706050,271.724980,-323.805910,61064.300780,,3.349180,-399.315610
15.760000,0.828000,1.252260,6.377930,271.741640,-323.806120,60870.238280,1.000000,3.364560,-399.317690
15.762000,0.930540,0.911320,5.916500,271.760070,-323.806340,60844.925780,,3.367130,-399.318540
15.764000,0.754940,0.457580,5.444820,271.779570,-323.806490,60455.746090,,3.374820,-399.317690
15.766000,0.489620,0.120480,3.906740,271.799040,-323.807010,60903.988280,,3.513240,-399.315730
15.768000,0.167910,-0.001280,3.496580,271.817500,-323.807160,60462.070310,1.000000,3.519650,-399.313390
15.768000,0.167910,-0.001280,3.496580,271.817500,-323.807160,60462.070310,1.000000,3.519650,-399.313390
15.770000,-0.102540,0.096130,4.583500,271.834320,-323.806920,60651.917970,,3.481200,-399.311310
15.772000,-0.184570,0.479370,5.229490,271.849330,-323.806760,60403.011720,,3.490170,-399.310640
15.774000,0.024350,0.934390,5.526860,271.863280,-323.806400,60445.195310,,3.390200,-399.311890
15.776000,0.388370,1.280460,6.101070,271.877440,-323.806210,60660.355470,1.000000,3.360720,-399.314330
15.778000,0.713930,1.290710,5.690920,271.893220,-323.806300,60502.152340,,3.354310,-399.316710
15.780000,0.858760,1.054870,4.839840,271.910740,-323.806520,60581.250000,,3.374820,-399.318020
15.782000,0.698550,0.695980,4.788570,271.929530,-323.806730,60461.019530,,3.390200,-399.317500
15.784000,0.398620,0.398620,3.260740,271.948610,-323.807040,61072.738280,1.000000,3.481200,-399.315640
15.786000,0.101260,0.296080,3.271000,271.966920,-323.807160,60785.859380,,3.505550,-399.313450
15.786000,0.101260,0.296080,3.271000,271.966920,-323.807160,60785.859380,,3.505550,-399.313450
15.788000,-0.097410,0.383240,4.778320,271.983950,-323.807040,60920.859380,,3.496580,-399.311860
15.790000,-0.049990,0.731870,5.752440,271.999360,-323.806760,60578.089840,,3.461980,-399.311890
15.792000,0.252500,1.131770,6.080570,272.013950,-323.806120,60704.648440,1.000000,3.347900,-399.313690
15.792000,0.252500,1.131770,6.080570,272.013950,-323.806120,60704.648440,1.000000,3.347900,-399.313690
15.794000,0.613950,1.344540,6.726560,272.029140,-323.805940,60686.722660,,3.342770,-399.316100
15.796000,0.879270,1.174070,6.552250,272.046260,-323.806210,60676.175780,,3.362000,-399.317990
15.798000,0.921570,0.802370,5.690920,272.064940,-323.806340,60997.851560,,3.354310,-399.318510
15.800000,0.707520,0.329410,5.250000,272.084630,-323.806610,60939.843750,1.000000,3.388920,-399.317320
15.802000,0.428100,0.033330,3.773440,272.104060,-323.807130,60869.179690,,3.532470,-399.315220
15.804000,0.103820,-0.085880,3.496580,272.122310,-323.807130,60436.761720,,3.490170,-399.312840
15.806000,-0.147400,0.060240,4.778320,272.138790,-323.806880,60689.886720,,3.485050,-399.310910
15.808000,-0.164060,0.478090,5.239750,272.153440,-323.806730,60103.476560,1.000000,3.460690,-399.310640
15.808000,-0.164060,0.478090,5.239750,272.153440,-323.806730,60103.476560,1.000000,3.460690,-399.310640
15.810000,0.094850,0.936950,5.496090,272.167270,-323.806370,60582.308590,,3.373540,-399.312290
15.812000,0.470400,1.229190,6.008790,272.181610,-323.806240,60541.175780,,3.346620,-399.314820
15.814000,0.770320,1.195860,5.660160,272.197510,-323.806400,60347.113280,,3.351750,-399.317110
15.816000,0.858760,0.975400,4.716800,272.215030,-323.806610,60703.597660,1.000000,3.374820,-399.318050
15.818000,0.647280,0.653690,4.234860,272.233550,-323.806790,60643.484380,,3.392760,-399.317140
15.820000,0.337100,0.428100,3.240230,272.252140,-323.807100,60631.875000,,3.496580,-399.315160
15.822000,0.052550,0.378110,3.773440,272.269900,-323.807130,60569.648440,,3.491460,-399.312990
15.824000,-0.116640,0.547300,4.973140,272.286290,-323.807010,60902.933590,1.000000,3.485050,-399.311610
15.824000,-0.116640,0.547300,4.973140,272.286290,-323.807010,60902.933590,1.000000,3.485050,-399.311610
15.826000,-0.014100,0.940800,6.131840,272.301240,-323.806610,60752.113280,,3.437620,-399.312040
15.828000,0.312740,1.317630,6.388180,272.315770,-323.806060,61103.324220,,3.324830,-399.314090
15.830000,0.672910,1.439390,6.459960,272.331360,-323.806030,60702.542970,,3.351750,-399.316470
15.832000,0.906190,1.171510,6.408690,272.349030,-323.806270,60813.281250,1.000000,3.351750,-399.318210
15.834000,0.889530,0.758790,5.834470,272.368190,-323.806430,60933.519530,,3.344060,-399.318360
15.836000,0.651120,0.273010,4.809080,272.388150,-323.806730,60832.265630,,3.413270,-399.316930
15.838000,0.358890,0.020510,3.322270,272.407560,-323.807220,61288.949220,,3.535030,-399.314730
15.840000,0.047420,-0.057680,3.937500,272.425660,-323.807100,60877.621090,1.000000,3.474790,-399.312350
15.842000,-0.176880,0.146120,4.819340,272.441860,-323.806880,60818.554690,,3.483760,-399.310730
15.844000,-0.119200,0.583190,5.578130,272.456360,-323.806640,60396.679690,,3.438900,-399.310910
15.846000,0.171750,1.026670,5.824220,272.470280,-323.806340,60768.988280,,3.359440,-399.312840
15.848000,0.549870,1.250980,5.557620,272.484950,-323.806240,60529.574220,1.000000,3.336360,-399.315430
15.848000,0.549870,1.250980,5.557620,272.484950,-323.806240,60529.574220,1.000000,3.336360,-399.315430
15.850000,0.817750,1.145870,5.475590,272.501400,-323.806430,60713.089840,,3.356870,-399.317500
15.852000,0.839540,0.851070,4.860350,272.519440,-323.806610,60594.964840,,3.369690,-399.318080
15.854000,0.581910,0.485780,3.650390,272.538360,-323.806880,60650.867190,,3.410710,-399.316830
15.856000,0.271730,0.276860,3.363280,272.557100,-323.807160,60847.031250,1.000000,3.504270,-399.314700
15.858000,0.007690,0.251220,4.409180,272.574800,-323.807130,60160.433590,,3.481200,-399.312590
15.860000,-0.120480,0.475520,4.973140,272.591000,-323.806980,60438.875000,,3.492740,-399.311580
15.862000,0.042300,0.898500,6.152340,272.605710,-323.806490,60347.113280,,3.400450,-399.312440
15.864000,0.393490,1.277890,6.747070,272.620210,-323.806030,60747.894530,1.000000,3.333800,-399.314640
15.864000,0.393490,1.277890,6.747070,272.620210,-323.806030,60747.894530,1.000000,3.333800,-399.314640
15.866000,0.734440,1.343260,6.224120,272.635990,-323.806090,60599.183590,,3.358150,-399.316990
15.868000,0.931820,1.084350,6.388180,272.653630,-323.806340,61701.332030,,3.354310,-399.318420
15.870000,0.853640,0.684450,5.854980,272.672640,-323.806460,60965.156250,,3.351750,-399.318210
15.872000,0.597290,0.276860,4.193850,272.692140,-323.806790,60855.476560,1.000000,3.440190,-399.316560
15.874000,0.293520,0.080750,3.814450,272.710970,-323.807220,60885.003910,,3.537600,-399.314240
15.876000,-0.005130,0.093570,4.286130,272.728420,-323.807040,60781.640630,,3.464540,-399.311950
15.878000,-0.192260,0.378110,4.614260,272.744110,-323.806850,61060.078130,,3.490170,-399.310640
15.880000,-0.074340,0.797240,5.485840,272.758420,-323.806580,60650.867190,1.000000,3.419680,-399.311220
15.880000,-0.074340,0.797240,5.485840,272.758420,-323.806580,60650.867190,1.000000,3.419680,-399.311220
15.882000,0.248660,1.190730,5.731930,272.772460,-323.806300,60889.218750,,3.360720,-399.313390
15.884000,0.613950,1.318910,5.414060,272.787600,-323.806270,60342.898440,,3.344060,-399.315920
15.886000,0.836980,1.148440,5.188480,272.804530,-323.806490,60703.597660,,3.369690,-399.317750
15.888000,0.795960,0.815190,4.491210,272.822940,-323.806670,59222.816410,1.000000,3.373540,-399.317930
15.890000,0.513980,0.465270,3.158200,272.842010,-323.806920,60505.316410,,3.445310,-399.316440
15.892000,0.203800,0.283260,3.629880,272.860660,-323.807160,60378.750000,,3.508120,-399.314270
15.894000,-0.037170,0.299930,4.686040,272.878140,-323.807070,60604.453130,,3.490170,-399.312320
15.896000,-0.107670,0.567810,5.414060,272.894070,-323.806880,60870.238280,1.000000,3.496580,-399.311650
15.898000,0.116640,0.963870,6.531740,272.908810,-323.806340,60394.574220,,3.378660,-399.312930
15.900000,0.480650,1.276610,6.962400,272.923610,-323.805940,60410.394530,,3.351750,-399.315190
15.902000,0.789550,1.225340,6.685550,272.940030,-323.806090,60523.242190,,3.359440,-399.317410
15.904000,0.938230,0.899780,6.377930,272.958250,-323.806340,60682.503910,1.000000,3.363280,-399.318510
15.904000,0.938230,0.899780,6.377930,272.958250,-323.806340,60682.503910,1.000000,3.363280,-399.318510
15.906000,0.799800,0.455020,5.711430,272.977660,-323.806460,60733.128910,,3.365840,-399.317930
15.908000,0.537050,0.082030,4.234860,272.997310,-323.806920,61311.097660,,3.481200,-399.316100
15.910000,0.219180,-0.074340,3.527340,273.015960,-323.807190,60878.679690,,3.537600,-399.313750
15.912000,-0.066650,-0.012820,4.357910,273.032990,-323.806950,60946.175780,1.000000,3.469670,-399.311550
15.914000,-0.198670,0.366580,4.993650,273.048070,-323.806790,61006.292970,,3.502990,-399.310580
15.916000,-0.020510,0.857480,5.598630,273.061860,-323.806490,60903.988280,,3.405580,-399.311610
15.918000,0.328130,1.270200,5.731930,273.075680,-323.806240,61040.042970,,3.367130,-399.313930
15.920000,0.675480,1.347110,5.342290,273.090910,-323.806270,60880.785160,1.000000,3.354310,-399.316440
15.922000,0.861330,1.157410,4.839840,273.107970,-323.806490,60732.078130,,3.374820,-399.317990
15.924000,0.749820,0.830570,4.224610,273.126430,-323.806670,60495.820310,,3.387630,-399.317780
15.926000,0.449890,0.511410,3.240230,273.145420,-323.806950,60828.054690,,3.467100,-399.316040
15.928000,0.140990,0.369140,3.301760,273.163850,-323.807130,60366.097660,1.000000,3.509400,-399.313810
15.928000,0.140990,0.369140,3.301760,273.163850,-323.807130,60366.097660,1.000000,3.509400,-399.313810
15.930000,-0.082030,0.417850,4.716800,273.181120,-323.807040,60598.128910,,3.500430,-399.312010
15.932000,-0.085880,0.738280,5.680660,273.196750,-323.806790,60313.359380,,3.477360,-399.311740
15.932000,-0.085880,0.738280,5.680660,273.196750,-323.806790,60313.359380,,3.477360,-399.311740
15.934000,0.183290,1.151000,6.316410,273.211360,-323.806210,60363.984380,,3.370970,-399.313290
15.936000,0.552430,1.430420,7.034180,273.226290,-323.805940,60620.273440,1.000000,3.356870,-399.315700
15.936000,0.552430,1.430420,7.034180,273.226290,-323.805940,60620.273440,1.000000,3.356870,-399.315700
15.938000,0.845950,1.311220,7.013670,273.243010,-323.806150,59888.324220,,3.368410,-399.317810
15.940000,0.939510,0.966430,5.916500,273.261510,-323.806340,60566.488280,,3.373540,-399.318630
15.942000,0.753660,0.503720,6.162600,273.281040,-323.806490,60436.761720,,3.376100,-399.317690
15.944000,0.479370,0.153810,4.070800,273.300570,-323.807010,60875.511720,1.000000,3.522220,-399.315670
15.946000,0.152530,0.015380,3.435060,273.319060,-323.807160,60775.316410,,3.515810,-399.313260
15.948000,-0.117920,0.107670,4.583500,273.335940,-323.806880,60841.761720,,3.486330,-399.311190
15.950000,-0.187130,0.472960,5.321780,273.351010,-323.806730,60685.664060,,3.486330,-399.310640
15.952000,0.041020,0.907470,5.393550,273.365050,-323.806400,60708.875000,1.000000,3.391480,-399.312010
15.954000,0.408870,1.227910,5.896000,273.379360,-323.806210,60777.425780,,3.360720,-399.314450
15.956000,0.730590,1.220210,5.742190,273.395200,-323.806340,60712.035160,,3.356870,-399.316830
15.958000,0.862610,0.985660,4.614260,273.412720,-323.806550,61185.589840,,3.381230,-399.318050
15.960000,0.693420,0.646000,4.019530,273.431430,-323.806760,60886.062500,1.000000,3.399170,-399.317410
15.960000,0.693420,0.646000,4.019530,273.431430,-323.806760,60886.062500,1.000000,3.399170,-399.317410
15.962000,0.388370,0.371700,3.271000,273.450290,-323.807040,60937.738280,,3.485050,-399.315550
15.964000,0.089720,0.294800,3.373540,273.468350,-323.807100,60496.882810,,3.506840,-399.313320
15.966000,-0.106380,0.429380,4.675780,273.485050,-323.806980,60748.949220,,3.496580,-399.311740
15.968000,-0.048710,0.810060,5.947270,273.500180,-323.806700,59271.332030,1.000000,3.459410,-399.311890
15.970000,0.257630,1.218930,6.265140,273.514650,-323.806060,60401.957030,,3.347900,-399.313690
15.972000,0.620360,1.411190,6.572750,273.529850,-323.805940,60387.191410,,3.345340,-399.316130
15.974000,0.879270,1.225340,6.685550,273.546970,-323.806210,60301.761720,,3.364560,-399.317990
15.976000,0.910030,0.866460,5.803710,273.565700,-323.806370,60606.566410,1.000000,3.350460,-399.318450
15.976000,0.910030,0.866460,5.803710,273.565700,-323.806370,60606.566410,1.000000,3.350460,-399.318450
15.978000,0.692140,0.392210,5.188480,273.585390,-323.806610,60530.625000,,3.396610,-399.317230
15.980000,0.414000,0.105100,4.009280,273.604740,-323.807130,60635.039060,,3.536320,-399.315120
15.982000,0.096130,0.011540,3.855470,273.622960,-323.807100,60471.566410,,3.487610,-399.312740
15.984000,-0.148680,0.179440,4.655270,273.639340,-323.806880,60861.796880,1.000000,3.490170,-399.310910
15.986000,-0.151250,0.584470,5.393550,273.654110,-323.806700,60719.417970,,3.459410,-399.310760
15.988000,0.111510,1.024110,5.608890,273.668060,-323.806340,61261.527340,,3.378660,-399.312440
15.990000,0.488340,1.286870,5.690920,273.682590,-323.806210,60804.847660,,3.341490,-399.314970
15.992000,0.779300,1.217650,5.547360,273.698790,-323.806400,60984.144530,1.000000,3.354310,-399.317200
15.992000,0.779300,1.217650,5.547360,273.698790,-323.806400,60984.144530,1.000000,3.354310,-399.317200
15.994000,0.856200,0.947200,4.696290,273.716670,-323.806580,61066.406250,,3.373540,-399.318080
15.996000,0.637020,0.569090,3.875980,273.735570,-323.806790,60945.121090,,3.396610,-399.317110
15.998000,0.326840,0.334530,2.942870,273.754390,-323.807100,61127.582030,,3.501710,-399.315060
16.000000,0.043580,0.260190,3.711910,273.772370,-323.807100,60763.714840,1.000000,3.486330,-399.312900
16.000000,0.043580,0.260190,3.711910,273.772370,-323.807100,60763.714840,1.000000,3.486330,-399.312900
16.002000,-0.123050,0.437070,4.870610,273.788820,-323.807010,60740.511720,,3.488890,-399.311580
16.004000,-0.007690,0.851070,6.029300,273.803710,-323.806610,60342.898440,,3.431210,-399.312100
16.006000,0.330690,1.245850,6.613770,273.818120,-323.806060,60643.484380,,3.331240,-399.314180
16.008000,0.687010,1.377870,6.357420,273.833530,-323.806030,60250.078130,1.000000,3.356870,-399.316590
16.010000,0.920290,1.134340,6.531740,273.850980,-323.806270,60635.039060,,3.354310,-399.318270
16.012000,0.893370,0.747250,6.316410,273.869810,-323.806430,60535.902340,,3.347900,-399.318360
16.014000,0.647280,0.302490,4.809080,273.889400,-323.806700,60616.054690,,3.417110,-399.316860
16.016000,0.352480,0.084590,3.958010,273.908360,-323.807190,60817.503910,1.000000,3.537600,-399.314640
16.018000,0.039730,0.049990,4.296390,273.926060,-323.807040,60456.800780,,3.473510,-399.312260
16.020000,-0.180730,0.302490,4.634770,273.941990,-323.806880,60546.445310,,3.481200,-399.310640
16.022000,-0.115360,0.721620,5.711430,273.956390,-323.806610,60366.097660,,3.438900,-399.310910
16.024000,0.179440,1.149720,5.875490,273.970340,-323.806340,60737.347660,1.000000,3.368410,-399.312840
16.026000,0.554990,1.350950,5.352540,273.985200,-323.806270,60643.484380,,3.340210,-399.315430
16.028000,0.810060,1.215090,5.239750,274.001860,-323.806460,61447.152340,,3.365840,-399.317440
16.030000,0.821590,0.897220,4.768070,274.020110,-323.806640,61054.808590,,3.370970,-399.317960
16.032000,0.565250,0.530640,3.312010,274.039220,-323.806880,60874.453130,1.000000,3.420960,-399.316710
16.032000,0.565250,0.530640,3.312010,274.039220,-323.806880,60874.453130,1.000000,3.420960,-399.316710
16.034000,0.258910,0.323000,3.076170,274.058040,-323.807130,60944.070310,,3.501710,-399.314610
16.036000,0.000000,0.306340,4.357910,274.075780,-323.807070,60837.542970,,3.485050,-399.312560
16.038000,-0.116640,0.539610,4.932130,274.091980,-323.806950,60883.949220,,3.495300,-399.311610
16.038000,-0.116640,0.539610,4.932130,274.091980,-323.806950,60883.949220,,3.495300,-399.311610
16.040000,0.057680,0.949770,6.131840,274.106780,-323.806460,60562.265630,1.000000,3.397890,-399.312560
16.040000,0.057680,0.949770,6.131840,274.106780,-323.806460,60562.265630,1.000000,3.397890,-399.312560
16.042000,0.411440,1.307370,6.357420,274.121340,-323.805970,60796.406250,,3.337650,-399.314790
16.044000,0.747250,1.349670,6.347170,274.137270,-323.806060,59869.339840,,3.358150,-399.317080
16.046000,0.935670,1.063840,6.111330,274.155150,-323.806340,60650.867190,,3.355590,-399.318480
16.048000,0.844670,0.631900,5.885740,274.174380,-323.806460,60056.015630,1.000000,3.355590,-399.318180
16.050000,0.585750,0.208920,4.388670,274.194060,-323.806820,60514.808590,,3.449160,-399.316470
16.052000,0.276860,0.024350,3.855470,274.212890,-323.807220,60549.613280,,3.542720,-399.314150
16.054000,-0.021790,0.049990,4.460450,274.230290,-323.806980,60452.582030,,3.464540,-399.311860
16.056000,-0.201230,0.367860,4.932130,274.245760,-323.806850,60706.761720,1.000000,3.496580,-399.310580
16.058000,-0.065370,0.819030,5.639650,274.259860,-323.806550,60430.429690,,3.423520,-399.311280
16.060000,0.264040,1.244570,6.049800,274.273680,-323.806300,60502.152340,,3.362000,-399.313480
16.062000,0.629330,1.376590,5.813960,274.288670,-323.806270,60409.339840,,3.349180,-399.316040
16.064000,0.845950,1.221500,5.116700,274.305510,-323.806460,60863.910160,1.000000,3.370970,-399.317810
16.064000,0.845950,1.221500,5.116700,274.305510,-323.806460,60863.910160,1.000000,3.370970,-399.317810
16.066000,0.793400,0.922850,4.501460,274.323760,-323.806670,60897.656250,,3.381230,-399.317960
16.068000,0.503720,0.590880,3.363280,274.342650,-323.806880,61276.292970,,3.449160,-399.316410
16.070000,0.190980,0.421690,3.076170,274.361150,-323.807130,60744.730470,,3.505550,-399.314180
16.072000,-0.051270,0.440920,4.716800,274.378540,-323.807040,60677.226560,1.000000,3.494020,-399.312260
16.074000,-0.111510,0.720340,5.752440,274.394380,-323.806850,60952.503910,,3.491460,-399.311610
16.076000,0.121770,1.118960,6.459960,274.409090,-323.806340,60802.738280,,3.376100,-399.312960
16.078000,0.489620,1.421450,6.644530,274.423920,-323.805940,61126.527340,,3.356870,-399.315310
16.080000,0.804930,1.349670,6.593260,274.440430,-323.806090,60743.671880,1.000000,3.359440,-399.317540
16.082000,0.944640,1.010010,6.070310,274.458800,-323.806340,60876.562500,,3.365840,-399.318600
16.084000,0.797240,0.540890,5.608890,274.478360,-323.806490,60596.015630,,3.369690,-399.317960
16.086000,0.530640,0.147400,4.306640,274.498110,-323.806950,60938.792970,,3.491460,-399.316070
16.088000,0.207640,-0.016660,3.363280,274.516940,-323.807190,60457.851560,1.000000,3.537600,-399.313690
16.090000,-0.078190,0.016660,4.429690,274.534210,-323.806950,60688.832030,,3.472230,-399.311490
16.092000,-0.199950,0.356320,5.352540,274.549530,-323.806760,60395.628910,,3.504270,-399.310580
16.094000,-0.012820,0.798520,5.578130,274.563690,-323.806460,60390.355470,,3.399170,-399.311680
16.096000,0.343510,1.156130,5.875490,274.577850,-323.806210,60588.632810,1.000000,3.372250,-399.314030
16.096000,0.343510,1.156130,5.875490,274.577850,-323.806210,60588.632810,1.000000,3.372250,-399.314030
16.098000,0.690860,1.206120,5.988280,274.593410,-323.806270,60067.621090,,3.354310,-399.316530
16.100000,0.867740,1.002320,4.891110,274.610660,-323.806490,60677.226560,,3.379940,-399.318020
16.102000,0.743410,0.679320,4.173340,274.629120,-323.806670,60492.656250,,3.394040,-399.317720
16.102000,0.743410,0.679320,4.173340,274.629120,-323.806670,60492.656250,,3.394040,-399.317720
16.104000,0.443480,0.390930,3.424800,274.647920,-323.806950,61138.128910,1.000000,3.469670,-399.315950
16.106000,0.132020,0.290950,3.188960,274.666050,-323.807100,60806.957030,,3.511960,-399.313720
16.108000,-0.089720,0.381960,4.419430,274.682950,-323.807010,60829.105470,,3.497860,-399.311950
16.110000,-0.082030,0.737000,5.721680,274.698210,-323.806760,60525.351560,,3.477360,-399.311740
16.112000,0.197390,1.168950,6.090820,274.712550,-323.806180,60682.503910,1.000000,3.362000,-399.313390
16.114000,0.566530,1.441960,6.593260,274.727390,-323.805940,60727.851560,,3.355590,-399.315770
16.116000,0.852360,1.317630,6.675290,274.744050,-323.806180,60621.332030,,3.365840,-399.317810
16.118000,0.930540,0.995910,5.649900,274.762390,-323.806340,61001.015630,,3.368410,-399.318540
16.120000,0.738280,0.533200,5.291020,274.781890,-323.806520,60906.097660,1.000000,3.379940,-399.317540
16.122000,0.466550,0.208920,4.173340,274.801240,-323.807040,60737.347660,,3.523500,-399.315550
16.124000,0.142270,0.101260,3.496580,274.819520,-323.807130,60430.429690,,3.509400,-399.313140
16.126000,-0.120480,0.240970,4.532230,274.836180,-323.806880,60726.800780,,3.487610,-399.311160
16.128000,-0.176880,0.621640,5.403810,274.851100,-323.806700,60235.316410,1.000000,3.478640,-399.310640
16.128000,-0.176880,0.621640,5.403810,274.851100,-323.806700,60235.316410,1.000000,3.478640,-399.310640
16.130000,0.056400,1.058720,5.588380,274.865110,-323.806370,60408.281250,,3.387630,-399.312070
16.132000,0.421690,1.361210,5.865230,274.879490,-323.806210,60470.511720,,3.362000,-399.314540
16.134000,0.739560,1.327880,5.854980,274.895510,-323.806340,60374.535160,,3.355590,-399.316860
16.134000,0.739560,1.327880,5.854980,274.895510,-323.806340,60374.535160,,3.355590,-399.316860
16.136000,0.862610,1.062560,4.880860,274.913240,-323.806550,60766.875000,1.000000,3.383790,-399.318050
16.138000,0.681880,0.671630,4.050290,274.932190,-323.806760,60641.371090,,3.395320,-399.317350
16.140000,0.375550,0.358890,3.383790,274.951320,-323.807040,60776.371090,,3.491460,-399.315460
16.142000,0.080750,0.249940,3.670900,274.969640,-323.807100,60514.808590,,3.500430,-399.313260
16.144000,-0.108950,0.360170,4.665530,274.986540,-323.806980,60951.453130,1.000000,3.491460,-399.311740
16.146000,-0.039730,0.742130,5.926760,275.001740,-323.806700,60728.910160,,3.460690,-399.311920
16.148000,0.275570,1.154850,6.500980,275.016200,-323.806060,62075.746090,,3.341490,-399.313810
16.150000,0.638310,1.344540,6.429200,275.031430,-323.805970,60919.804690,,3.353030,-399.316220
16.152000,0.893370,1.152280,6.470210,275.048580,-323.806210,60908.207030,1.000000,3.363280,-399.318080
16.154000,0.915160,0.786990,6.070310,275.067260,-323.806400,60801.679690,,3.351750,-399.318450
16.156000,0.689580,0.320430,5.126950,275.086880,-323.806610,60702.542970,,3.399170,-399.317140
16.158000,0.402470,0.058960,3.804200,275.106080,-323.807160,61216.175780,,3.537600,-399.315030
16.160000,0.082030,-0.007690,3.855470,275.124080,-323.807100,60748.949220,1.000000,3.486330,-399.312590
16.160000,0.082030,-0.007690,3.855470,275.124080,-323.807100,60748.949220,1.000000,3.486330,-399.312590
16.162000,-0.161500,0.189700,4.624510,275.140260,-323.806880,60841.761720,,3.487610,-399.310790
16.164000,-0.148680,0.620360,5.198730,275.154750,-323.806670,60579.144530,,3.459410,-399.310700
16.166000,0.121770,1.075380,5.783200,275.168550,-323.806340,60838.593750,,3.378660,-399.312470
16.168000,0.501160,1.335570,5.424320,275.183010,-323.806240,60382.972660,1.000000,3.347900,-399.315030
16.170000,0.789550,1.257390,5.393550,275.199250,-323.806430,60583.359380,,3.362000,-399.317230
16.172000,0.852360,1.002320,5.065430,275.217040,-323.806610,60602.347660,,3.376100,-399.318050
16.174000,0.624210,0.638310,3.578610,275.235870,-323.806790,60609.730470,,3.401730,-399.317020
16.176000,0.312740,0.407590,2.891600,275.254670,-323.807070,60768.988280,1.000000,3.502990,-399.314940
16.178000,0.034610,0.352480,4.152830,275.272580,-323.807070,60365.042970,,3.490170,-399.312770
16.180000,-0.124330,0.530640,4.911620,275.289030,-323.806980,60549.613280,,3.490170,-399.311520
16.182000,0.001280,0.922850,6.357420,275.303990,-323.806550,60362.933590,,3.429930,-399.312160
16.184000,0.344790,1.289430,6.870120,275.318540,-323.806000,60820.664060,1.000000,3.329960,-399.314240
16.184000,0.344790,1.289430,6.870120,275.318540,-323.806000,60820.664060,1.000000,3.329960,-399.314240
16.186000,0.698550,1.399660,6.347170,275.334200,-323.806030,60477.894530,,3.360720,-399.316680
16.188000,0.926700,1.136900,6.470210,275.351840,-323.806270,61064.300780,,3.356870,-399.318330
16.190000,0.886960,0.731870,6.306150,275.370850,-323.806430,61084.339840,,3.350460,-399.318330
16.192000,0.637020,0.276860,4.686040,275.390560,-323.806730,60836.488280,1.000000,3.428650,-399.316800
16.194000,0.342220,0.049990,3.722170,275.409640,-323.807190,61067.460940,,3.538880,-399.314540
16.196000,0.029480,0.016660,4.337400,275.427370,-323.807040,60801.679690,,3.473510,-399.312160
16.198000,-0.185850,0.269170,4.552730,275.443240,-323.806850,61065.355470,,3.487610,-399.310640
16.198000,-0.185850,0.269170,4.552730,275.443240,-323.806850,61065.355470,,3.487610,-399.310640
16.200000,-0.106380,0.693420,5.321780,275.457610,-323.806610,60698.324220,1.000000,3.436340,-399.310940
16.202000,0.196110,1.104860,5.896000,275.471560,-323.806300,60889.218750,,3.365840,-399.312960
16.204000,0.572940,1.276610,5.342290,275.486450,-323.806270,60345.003910,,3.349180,-399.315550
16.206000,0.825440,1.129210,4.809080,275.503140,-323.806460,60761.605470,,3.369690,-399.317540
16.208000,0.826720,0.824160,4.829590,275.521330,-323.806610,60290.160160,1.000000,3.376100,-399.317990
16.210000,0.558840,0.478090,3.609380,275.540280,-323.806880,60452.582030,,3.427370,-399.316680
16.212000,0.247380,0.299930,3.199220,275.558840,-323.807100,60484.222660,,3.510680,-399.314510
16.214000,-0.010250,0.307620,4.532230,275.576320,-323.807040,60600.238280,,3.485050,-399.312470
16.216000,-0.121770,0.580630,5.270510,275.592220,-323.806880,60640.316410,1.000000,3.499150,-399.311550
16.218000,0.062810,1.007450,6.172850,275.606810,-323.806400,60420.941410,,3.396610,-399.312560
16.220000,0.424260,1.363770,6.747070,275.621340,-323.805970,60438.875000,,3.341490,-399.314820
16.222000,0.756230,1.381710,6.736820,275.637330,-323.806060,60501.097660,,3.364560,-399.317140
16.224000,0.936950,1.097170,6.142090,275.655210,-323.806340,60743.671880,1.000000,3.354310,-399.318480
16.224000,0.936950,1.097170,6.142090,275.655210,-323.806340,60743.671880,1.000000,3.354310,-399.318480
16.226000,0.835690,0.665220,5.680660,275.674410,-323.806430,60640.316410,,3.363280,-399.318120
16.228000,0.574220,0.249940,4.480960,275.694060,-323.806820,61308.984380,,3.455570,-399.316410
16.230000,0.264040,0.051270,3.476070,275.713010,-323.807220,60993.632810,,3.547850,-399.314090
16.230000,0.264040,0.051270,3.476070,275.713010,-323.807220,60993.632810,,3.547850,-399.314090
16.232000,-0.028200,0.069210,4.183590,275.730470,-323.806950,60654.023440,1.000000,3.468380,-399.311800
16.234000,-0.197390,0.366580,5.188480,275.746090,-323.806820,60861.796880,,3.496580,-399.310610
16.236000,-0.053830,0.798520,5.516600,275.760410,-323.806520,60754.222660,,3.424800,-399.311370
16.238000,0.278140,1.183040,5.649900,275.774540,-323.806270,60985.195310,,3.363280,-399.313570
16.240000,0.637020,1.291990,5.742190,275.789760,-323.806270,60881.835940,1.000000,3.359440,-399.316130
16.242000,0.844670,1.122800,5.003910,275.806760,-323.806490,60785.859380,,3.374820,-399.317840
16.244000,0.779300,0.802370,4.245120,275.825100,-323.806670,60602.347660,,3.383790,-399.317870
16.246000,0.489620,0.494750,3.547850,275.843960,-323.806880,60837.542970,,3.455570,-399.316310
16.248000,0.179440,0.351200,3.209470,275.862340,-323.807070,60354.496090,1.000000,3.505550,-399.314120
16.250000,-0.055110,0.394780,4.583500,275.879520,-323.807010,60435.707030,,3.494020,-399.312230
16.250000,-0.055110,0.394780,4.583500,275.879520,-323.807010,60435.707030,,3.494020,-399.312230
16.252000,-0.102540,0.711360,5.967770,275.895080,-323.806820,60224.765630,,3.488890,-399.311680
16.254000,0.138430,1.135620,6.388180,275.909550,-323.806270,60329.183590,,3.374820,-399.313050
16.256000,0.506290,1.439390,6.418950,275.924290,-323.805940,60661.410160,1.000000,3.356870,-399.315400
16.258000,0.808780,1.350950,7.218750,275.940730,-323.806120,60046.527340,,3.363280,-399.317570
16.260000,0.938230,1.027950,6.213870,275.959010,-323.806340,60598.128910,,3.369690,-399.318570
16.262000,0.780580,0.575500,5.567870,275.978490,-323.806490,60544.339840,,3.370970,-399.317840
16.264000,0.515260,0.192260,4.593750,275.998050,-323.806950,61004.183590,1.000000,3.495300,-399.315950
16.266000,0.193540,0.041020,3.445310,276.016660,-323.807160,60750.003910,,3.537600,-399.313570
16.268000,-0.084590,0.108950,4.357910,276.033690,-323.806920,61109.648440,,3.473510,-399.311460
16.270000,-0.194820,0.461430,5.362790,276.048950,-323.806760,60928.242190,,3.502990,-399.310610
16.270000,-0.194820,0.461430,5.362790,276.048950,-323.806760,60928.242190,,3.502990,-399.310610
16.272000,0.000000,0.892090,5.373050,276.063080,-323.806430,60622.386720,1.000000,3.397890,-399.311770
16.274000,0.358890,1.240720,5.619140,276.077330,-323.806210,60881.835940,,3.372250,-399.314150
16.276000,0.698550,1.263790,5.711430,276.093020,-323.806270,60691.992190,,3.354310,-399.316590
16.278000,0.861330,1.022830,4.470700,276.110530,-323.806490,61181.371090,,3.378660,-399.317990
16.280000,0.724180,0.654970,3.958010,276.129300,-323.806700,60797.468750,1.000000,3.396610,-399.317630
16.282000,0.425540,0.334530,3.465820,276.148410,-323.806980,60885.003910,,3.470950,-399.315860
16.284000,0.119200,0.208920,3.404300,276.166780,-323.807100,60382.972660,,3.509400,-399.313630
16.286000,-0.092290,0.290950,4.511720,276.183840,-323.807010,60780.585940,,3.501710,-399.311920
16.288000,-0.070500,0.648560,5.875490,276.199190,-323.806760,60472.617190,1.000000,3.470950,-399.311800
16.288000,-0.070500,0.648560,5.875490,276.199190,-323.806760,60472.617190,1.000000,3.470950,-399.311800
16.290000,0.216610,1.076660,6.439450,276.213560,-323.806120,60350.281250,,3.359440,-399.313510
16.292000,0.580630,1.329160,6.726560,276.228450,-323.805910,60446.257810,,3.347900,-399.315890
16.294000,0.861330,1.194580,6.788090,276.245210,-323.806180,60355.550780,,3.365840,-399.317900
16.296000,0.927980,0.842100,6.029300,276.263640,-323.806340,60532.738280,1.000000,3.365840,-399.318540
16.298000,0.728030,0.384520,5.188480,276.283140,-323.806550,60559.105470,,3.381230,-399.317470
16.300000,0.455020,0.080750,4.050290,276.302460,-323.807040,60732.078130,,3.527340,-399.315460
16.302000,0.129460,-0.015380,3.640140,276.320650,-323.807100,60485.273440,,3.502990,-399.313050
16.302000,0.129460,-0.015380,3.640140,276.320650,-323.807100,60485.273440,,3.502990,-399.313050
16.304000,-0.129460,0.132020,4.470700,276.337160,-323.806880,60842.816410,1.000000,3.487610,-399.311070
16.306000,-0.176880,0.535770,5.239750,276.351870,-323.806700,60659.300780,,3.474790,-399.310640
16.308000,0.066650,0.995910,5.957520,276.365720,-323.806400,62002.972660,,3.388920,-399.312130
16.310000,0.433230,1.312500,5.660160,276.379970,-323.806240,60964.105470,,3.359440,-399.314640
16.312000,0.739560,1.281740,5.424320,276.395840,-323.806370,61023.164060,1.000000,3.358150,-399.316930
16.314000,0.851070,1.061280,4.962890,276.413360,-323.806580,60967.265630,,3.381230,-399.318020
16.316000,0.661380,0.729310,3.793950,276.431980,-323.806760,60941.957030,,3.392760,-399.317260
16.318000,0.360170,0.471680,2.922360,276.450710,-323.807040,61185.589840,,3.486330,-399.315340
16.320000,0.075620,0.396060,3.752930,276.468720,-323.807070,60694.105470,1.000000,3.492740,-399.313200
16.322000,-0.106380,0.530640,4.593750,276.485410,-323.806980,60727.851560,,3.490170,-399.311740
16.324000,-0.029480,0.897220,5.598630,276.500550,-323.806640,60417.777340,,3.447880,-399.312010
16.326000,0.285830,1.272770,6.521480,276.515170,-323.806060,60635.039060,,3.336360,-399.313930
16.326000,0.285830,1.272770,6.521480,276.515170,-323.806060,60635.039060,,3.336360,-399.313930
16.328000,0.638310,1.413760,6.357420,276.530730,-323.806000,60175.199220,1.000000,3.350460,-399.316310
16.330000,0.885680,1.154850,6.347170,276.548280,-323.806270,60454.691410,,3.358150,-399.318080
16.332000,0.892090,0.747250,6.500980,276.567350,-323.806430,60453.636720,,3.347900,-399.318390
16.334000,0.669070,0.264040,5.003910,276.587250,-323.806670,60385.078130,,3.399170,-399.317080
16.334000,0.669070,0.264040,5.003910,276.587250,-323.806670,60385.078130,,3.399170,-399.317080
16.336000,0.392210,0.000000,3.660640,276.606660,-323.807190,60688.832030,1.000000,3.538880,-399.314940
16.338000,0.078190,-0.074340,4.234860,276.624760,-323.807100,60489.500000,,3.479920,-399.312590
16.340000,-0.153810,0.134580,4.778320,276.640960,-323.806880,60547.503910,,3.483760,-399.310880
16.342000,-0.135860,0.566530,5.403810,276.655460,-323.806670,60473.671880,,3.455570,-399.310850
16.344000,0.139710,1.013850,5.926760,276.669280,-323.806340,60808.011720,1.000000,3.368410,-399.312620
16.346000,0.513980,1.257390,5.567870,276.683840,-323.806240,60700.429690,,3.340210,-399.315190
16.348000,0.789550,1.161250,5.280760,276.700130,-323.806430,61180.316410,,3.356870,-399.317290
16.350000,0.834410,0.881840,4.983400,276.718050,-323.806610,61155.000000,,3.368410,-399.317990
16.352000,0.597290,0.533200,3.568360,276.736850,-323.806850,60820.664060,1.000000,3.401730,-399.316890
16.354000,0.294800,0.334530,2.758300,276.755460,-323.807100,60908.207030,,3.496580,-399.314850
16.356000,0.029480,0.306340,4.234860,276.773160,-323.807100,60820.664060,,3.479920,-399.312770
16.358000,-0.112790,0.521670,4.870610,276.789340,-323.806980,60873.402340,,3.487610,-399.311610
16.358000,-0.112790,0.521670,4.870610,276.789340,-323.806980,60873.402340,,3.487610,-399.311610
16.360000,0.020510,0.940800,6.019040,276.804110,-323.806550,60587.582030,1.000000,3.418400,-399.312320
16.360000,0.020510,0.940800,6.019040,276.804110,-323.806550,60587.582030,1.000000,3.418400,-399.312320
16.362000,0.364010,1.331730,6.726560,276.818510,-323.806030,60733.128910,,3.329960,-399.314450
16.364000,0.704960,1.429140,6.203610,276.834140,-323.806060,59537.113280,,3.359440,-399.316770
16.366000,0.913880,1.181760,5.947270,276.851680,-323.806340,60707.812500,,3.351750,-399.318330
16.368000,0.861330,0.781860,6.029300,276.870700,-323.806460,60963.046880,1.000000,3.349180,-399.318240
16.370000,0.615230,0.334530,4.798830,276.890350,-323.806760,60487.382810,,3.424800,-399.316680
16.372000,0.320430,0.112790,3.773440,276.909390,-323.807220,60626.601560,,3.541440,-399.314450
16.374000,0.020510,0.071780,4.296390,276.927150,-323.807040,60536.957030,,3.467100,-399.312130
16.376000,-0.179440,0.326840,4.747560,276.943120,-323.806880,60740.511720,1.000000,3.486330,-399.310700
16.378000,-0.087160,0.734440,5.434570,276.957610,-323.806610,60459.964840,,3.433780,-399.311130
16.380000,0.219180,1.135620,5.793460,276.971680,-323.806340,60577.031250,,3.365840,-399.313170
16.382000,0.589600,1.295840,5.762700,276.986690,-323.806300,60613.949220,,3.345340,-399.315730
16.384000,0.831850,1.154850,5.147460,277.003450,-323.806460,60933.519530,1.000000,3.369690,-399.317690
16.386000,0.820310,0.843380,4.655270,277.021670,-323.806670,60856.527340,,3.374820,-399.318020
16.388000,0.546020,0.489620,3.691410,277.040650,-323.806880,61362.777340,,3.433780,-399.316620
16.390000,0.234560,0.290950,3.035160,277.059300,-323.807100,60933.519530,,3.502990,-399.314450
16.392000,-0.023070,0.275570,4.265630,277.076870,-323.807040,60775.316410,1.000000,3.485050,-399.312410
16.392000,-0.023070,0.275570,4.265630,277.076870,-323.807040,60775.316410,1.000000,3.485050,-399.312410
16.394000,-0.120480,0.520390,5.414060,277.092900,-323.806880,60941.957030,,3.497860,-399.311550
16.396000,0.075620,0.922850,5.988280,277.107640,-323.806400,60676.175780,,3.390200,-399.312650
16.398000,0.442200,1.256100,6.316410,277.122310,-323.805970,60952.503910,,3.344060,-399.314910
16.398000,0.442200,1.256100,6.316410,277.122310,-323.805970,60952.503910,,3.344060,-399.314910
16.400000,0.770320,1.254820,6.675290,277.138460,-323.806090,60706.761720,1.000000,3.362000,-399.317230
16.402000,0.942080,0.960020,6.049800,277.156460,-323.806340,60757.386720,,3.356870,-399.318510
16.404000,0.828000,0.534480,5.342290,277.175690,-323.806460,60660.355470,,3.360720,-399.318080
16.406000,0.566530,0.137150,4.604000,277.195310,-323.806880,60856.527340,,3.464540,-399.316310
16.408000,0.251220,-0.021790,3.588870,277.214020,-323.807220,60172.031250,1.000000,3.544010,-399.313960
16.410000,-0.041020,0.011540,4.245120,277.231200,-323.806980,60423.046880,,3.468380,-399.311710
16.412000,-0.202510,0.365300,5.506350,277.246430,-323.806790,60346.054690,,3.504270,-399.310550
16.414000,-0.049990,0.847230,5.629390,277.260380,-323.806490,60337.621090,,3.414550,-399.311370
16.416000,0.292240,1.249690,5.311520,277.274260,-323.806240,60606.566410,1.000000,3.367130,-399.313660
16.418000,0.653690,1.340700,6.347170,277.289490,-323.806300,60609.730470,,3.355590,-399.316190
16.420000,0.854920,1.156130,5.024410,277.306520,-323.806490,60721.527340,,3.373540,-399.317900
16.422000,0.778020,0.819030,4.040040,277.325010,-323.806640,60714.144530,,3.385070,-399.317870
16.424000,0.480650,0.476810,3.691410,277.344090,-323.806880,61146.566410,1.000000,3.456850,-399.316220
16.424000,0.480650,0.476810,3.691410,277.344090,-323.806880,61146.566410,1.000000,3.456850,-399.316220
16.426000,0.169190,0.307620,3.250490,277.362700,-323.807100,60826.996090,,3.509400,-399.314000
16.428000,-0.065370,0.342220,4.419430,277.380100,-323.807040,61023.164060,,3.496580,-399.312130
16.430000,-0.102540,0.653690,5.813960,277.395810,-323.806820,60755.273440,,3.490170,-399.311650
16.432000,0.148680,1.072810,6.162600,277.410400,-323.806270,60632.933590,1.000000,3.376100,-399.313110
16.434000,0.513980,1.377870,6.490720,277.425200,-323.805940,60735.234380,,3.362000,-399.315460
16.436000,0.816470,1.290710,6.706050,277.441710,-323.806120,60742.617190,,3.368410,-399.317600
16.438000,0.940800,0.968990,5.844730,277.459960,-323.806340,61084.339840,,3.373540,-399.318570
16.440000,0.778020,0.522950,5.291020,277.479340,-323.806460,60964.105470,1.000000,3.376100,-399.317810
16.442000,0.512700,0.162780,4.152830,277.498810,-323.806920,60920.859380,,3.501710,-399.315920
16.444000,0.184570,0.028200,3.363280,277.517300,-323.807130,60567.542970,,3.536320,-399.313510
16.446000,-0.094850,0.119200,4.142580,277.534180,-323.806880,60772.152340,,3.476070,-399.311370
16.448000,-0.194820,0.475520,5.311520,277.549290,-323.806730,60709.925780,1.000000,3.500430,-399.310580
16.448000,-0.194820,0.475520,5.311520,277.549290,-323.806730,60709.925780,1.000000,3.500430,-399.310580
16.450000,0.010250,0.911320,5.772950,277.563350,-323.806430,60366.097660,,3.403020,-399.311800
16.452000,0.374270,1.238160,5.762700,277.577610,-323.806210,60523.242190,,3.374820,-399.314210
16.454000,0.708800,1.244570,5.711430,277.593380,-323.806300,60284.890630,,3.363280,-399.316650
16.456000,0.867740,1.008730,4.962890,277.610870,-323.806520,60712.035160,1.000000,3.383790,-399.318020
16.456000,0.867740,1.008730,4.962890,277.610870,-323.806520,60712.035160,1.000000,3.383790,-399.318020
16.458000,0.722900,0.652400,3.999020,277.629640,-323.806700,60529.574220,,3.401730,-399.317600
16.460000,0.421690,0.347350,3.301760,277.648650,-323.806950,60800.625000,,3.477360,-399.315730
16.462000,0.112790,0.244810,3.783690,277.666870,-323.807070,60589.691410,,3.509400,-399.313540
16.464000,-0.097410,0.351200,4.696290,277.683810,-323.806950,61005.234380,1.000000,3.504270,-399.311830
16.466000,-0.070500,0.720340,5.752440,277.699040,-323.806700,60727.851560,,3.470950,-399.311740
16.468000,0.225590,1.133060,6.849610,277.713500,-323.806060,62081.019530,,3.358150,-399.313510
16.470000,0.590880,1.354800,6.572750,277.728610,-323.805910,60947.226560,,3.351750,-399.315890
16.472000,0.865170,1.180480,6.295900,277.745640,-323.806180,60836.488280,1.000000,3.364560,-399.317900
16.474000,0.927980,0.810060,6.265140,277.764280,-323.806340,60935.625000,,3.363280,-399.318510
16.476000,0.724180,0.347350,5.219240,277.783910,-323.806550,60718.363280,,3.387630,-399.317410
16.478000,0.447330,0.052550,3.629880,277.803310,-323.807070,61141.296880,,3.532470,-399.315340
16.480000,0.120480,-0.046140,3.968260,277.821560,-323.807130,60855.476560,1.000000,3.504270,-399.312960
16.480000,0.120480,-0.046140,3.968260,277.821560,-323.807130,60855.476560,1.000000,3.504270,-399.312960
16.482000,-0.138430,0.092290,4.511720,277.838100,-323.806880,60867.070310,,3.488890,-399.310970
16.484000,-0.174320,0.494750,4.901370,277.852870,-323.806700,60471.566410,,3.474790,-399.310610
16.484000,-0.174320,0.494750,4.901370,277.852870,-323.806700,60471.566410,,3.474790,-399.310610
16.486000,0.078190,0.942080,5.937010,277.866760,-323.806370,60720.468750,,3.386350,-399.312160
16.488000,0.451170,1.234310,5.762700,277.881160,-323.806210,60262.738280,1.000000,3.358150,-399.314700
16.490000,0.760070,1.193300,5.444820,277.897160,-323.806370,60438.875000,,3.358150,-399.316990
16.492000,0.863890,0.935670,5.455080,277.914860,-323.806550,60544.339840,,3.381230,-399.318050
16.494000,0.662660,0.589600,4.009280,277.933560,-323.806760,60494.769530,,3.396610,-399.317260
16.494000,0.662660,0.589600,4.009280,277.933560,-323.806760,60494.769530,,3.396610,-399.317260
16.496000,0.353760,0.329410,2.809570,277.952420,-323.807040,60813.281250,1.000000,3.490170,-399.315250
16.498000,0.064090,0.269170,3.978520,277.970400,-323.807070,60453.636720,,3.492740,-399.313050
16.500000,-0.116640,0.420410,4.839840,277.986970,-323.806980,60550.664060,,3.488890,-399.311610
16.500000,-0.116640,0.420410,4.839840,277.986970,-323.806980,60550.664060,,3.488890,-399.311610
16.502000,-0.028200,0.813900,5.762700,278.001920,-323.806640,60523.242190,,3.447880,-399.311950
16.504000,0.292240,1.221500,6.767580,278.016300,-323.806060,60482.113280,1.000000,3.338930,-399.313900
16.506000,0.656250,1.395810,6.583010,278.031560,-323.806030,60600.238280,,3.354310,-399.316350
16.508000,0.907470,1.190730,6.490720,278.048740,-323.806270,61052.699220,,3.359440,-399.318180
16.510000,0.913880,0.833130,6.357420,278.067440,-323.806400,61164.496090,,3.346620,-399.318450
16.512000,0.678040,0.372990,4.911620,278.087010,-323.806640,60882.894530,1.000000,3.400450,-399.317080
16.514000,0.384520,0.110230,3.517090,278.106170,-323.807160,60997.851560,,3.537600,-399.314880
16.516000,0.065370,0.039730,4.081050,278.124180,-323.807100,60745.785160,,3.477360,-399.312440
16.518000,-0.170470,0.230710,4.675780,278.140440,-323.806880,61079.062500,,3.481200,-399.310700
16.520000,-0.137150,0.621640,5.208980,278.155180,-323.806670,60784.808590,1.000000,3.450440,-399.310760
16.522000,0.148680,1.038210,5.885740,278.169310,-323.806340,60828.054690,,3.370970,-399.312590
16.524000,0.528080,1.259950,5.414060,278.184110,-323.806270,60253.242190,,3.340210,-399.315190
16.526000,0.801090,1.147160,5.291020,278.200710,-323.806430,60867.070310,,3.360720,-399.317290
16.526000,0.801090,1.147160,5.291020,278.200710,-323.806430,60867.070310,,3.360720,-399.317290
16.528000,0.843380,0.857480,4.901370,278.218810,-323.806610,61088.558590,1.000000,3.372250,-399.317990
16.530000,0.603700,0.497310,3.916990,278.237760,-323.806850,60552.777340,,3.408140,-399.316860
16.532000,0.292240,0.287110,3.035160,278.256530,-323.807100,60621.332030,,3.501710,-399.314790
16.534000,0.020510,0.256350,4.173340,278.274260,-323.807070,60563.324220,,3.485050,-399.312650
16.536000,-0.124330,0.474240,5.157710,278.290500,-323.806950,60659.300780,1.000000,3.490170,-399.311490
16.538000,0.020510,0.899780,6.039550,278.305240,-323.806490,60365.042970,,3.415830,-399.312290
16.540000,0.371700,1.268920,6.429200,278.319670,-323.805970,60508.476560,,3.319700,-399.314420
16.542000,0.720340,1.343260,6.624020,278.335420,-323.806060,60515.859380,,3.358150,-399.316800
16.544000,0.926700,1.066410,6.357420,278.353180,-323.806300,60895.550780,1.000000,3.347900,-399.318330
16.546000,0.869020,0.649840,5.752440,278.372310,-323.806490,60623.441410,,3.349180,-399.318240
16.548000,0.615230,0.210210,5.065430,278.392000,-323.806760,61147.617190,,3.433780,-399.316620
16.550000,0.314030,0.008970,3.660640,278.411010,-323.807220,61037.933590,,3.536320,-399.314360
16.552000,0.007690,0.001280,4.132320,278.428530,-323.807040,60636.097660,1.000000,3.469670,-399.312010
16.552000,0.007690,0.001280,4.132320,278.428530,-323.807040,60636.097660,1.000000,3.469670,-399.312010
16.554000,-0.192260,0.293520,5.055180,278.444150,-323.806850,60802.738280,,3.487610,-399.310580
16.556000,-0.089720,0.760070,5.444820,278.458280,-323.806580,60735.234380,,3.431210,-399.311040
16.558000,0.225590,1.180480,5.465330,278.472140,-323.806340,60889.218750,,3.364560,-399.313140
16.560000,0.593440,1.330440,5.896000,278.487060,-323.806300,60842.816410,1.000000,3.346620,-399.315730
16.562000,0.829280,1.181760,5.116700,278.503810,-323.806490,60785.859380,,3.369690,-399.317660
16.564000,0.806210,0.881840,4.255370,278.522030,-323.806670,60600.238280,,3.373540,-399.317930
16.566000,0.529360,0.535770,3.763180,278.540950,-323.806880,60848.093750,,3.435060,-399.316530
16.566000,0.529360,0.535770,3.763180,278.540950,-323.806880,60848.093750,,3.435060,-399.316530
16.568000,0.223020,0.348630,3.250490,278.559570,-323.807100,60382.972660,1.000000,3.497860,-399.314360
16.570000,-0.026920,0.340940,4.368160,278.577090,-323.807040,60359.769530,,3.483760,-399.312380
16.572000,-0.114070,0.603700,5.947270,278.593080,-323.806880,60464.183590,,3.496580,-399.311610
16.574000,0.089720,1.008730,6.398440,278.607790,-323.806370,60337.621090,,3.381230,-399.312740
16.576000,0.452450,1.330440,6.336910,278.622470,-323.805970,60620.273440,1.000000,3.350460,-399.315030
16.578000,0.769040,1.291990,7.464840,278.638760,-323.806120,60511.644530,,3.359440,-399.317260
16.580000,0.934390,0.968990,6.285640,278.656950,-323.806370,60676.175780,,3.355590,-399.318510
16.582000,0.812620,0.511410,5.485840,278.676360,-323.806490,60585.476560,,3.359440,-399.318020
16.584000,0.553710,0.105100,4.716800,278.696140,-323.806880,60982.035160,1.000000,3.460690,-399.316250
16.586000,0.242250,-0.076900,3.619630,278.714970,-323.807190,60759.496090,,3.537600,-399.313930
16.588000,-0.042300,-0.051270,4.091310,278.732300,-323.806950,61167.656250,,3.460690,-399.311710
16.590000,-0.193540,0.257630,5.260250,278.747710,-323.806790,61037.933590,,3.496580,-399.310640
16.590000,-0.193540,0.257630,5.260250,278.747710,-323.806790,61037.933590,,3.496580,-399.310640
16.592000,-0.032040,0.710080,5.516600,278.761870,-323.806490,60684.609380,1.000000,3.408140,-399.311520
16.594000,0.310180,1.092040,5.547360,278.775910,-323.806300,60845.980470,,3.367130,-399.313810
16.596000,0.661380,1.179200,5.660160,278.791200,-323.806340,60671.953130,,3.353030,-399.316310
16.598000,0.848510,0.992070,4.973140,278.808320,-323.806490,61152.894530,,3.369690,-399.317900
16.598000,0.848510,0.992070,4.973140,278.808320,-323.806490,61152.894530,,3.369690,-399.317900
16.600000,0.757510,0.669070,4.081050,278.826690,-323.806700,60836.488280,1.000000,3.386350,-399.317780
16.602000,0.463990,0.369140,3.424800,278.845520,-323.806920,60933.519530,,3.456850,-399.316100
16.604000,0.156370,0.248660,3.373540,278.863740,-323.807100,60603.402340,,3.500430,-399.313930
16.606000,-0.065370,0.317870,4.439940,278.880830,-323.807010,60796.406250,,3.495300,-399.312100
16.608000,-0.089720,0.653690,5.670410,278.896240,-323.806790,60568.593750,1.000000,3.479920,-399.311740
16.610000,0.166630,1.094600,6.562500,278.910610,-323.806240,60269.062500,,3.370970,-399.313200
16.612000,0.529360,1.386840,6.747070,278.925420,-323.805940,60542.230470,,3.355590,-399.315580
16.614000,0.824160,1.284300,6.511230,278.941990,-323.806150,60291.210940,,3.363280,-399.317690
16.616000,0.933110,0.958740,6.265140,278.960300,-323.806370,60507.421880,1.000000,3.368410,-399.318570
16.618000,0.760070,0.505000,5.465330,278.979740,-323.806490,60517.968750,,3.370970,-399.317720
16.620000,0.496030,0.137150,4.009280,278.999330,-323.806950,60744.730470,,3.502990,-399.315770
16.622000,0.174320,0.012820,3.732420,279.017850,-323.807160,60495.820310,,3.522220,-399.313390
16.622000,0.174320,0.012820,3.732420,279.017850,-323.807160,60495.820310,,3.522220,-399.313390
16.624000,-0.096130,0.115360,4.480960,279.034730,-323.806880,60802.738280,1.000000,3.477360,-399.311310
16.626000,-0.185850,0.483220,5.106450,279.049800,-323.806730,60782.699220,,3.488890,-399.310640
16.628000,0.024350,0.922850,6.060060,279.063840,-323.806460,61873.242190,,3.400450,-399.311890
16.630000,0.388370,1.257390,5.608890,279.078060,-323.806270,61073.789060,,3.373540,-399.314330
16.632000,0.719060,1.266360,5.229490,279.093810,-323.806340,60667.738280,1.000000,3.356870,-399.316740
16.634000,0.871580,1.027950,5.014160,279.111330,-323.806550,60831.210940,,3.385070,-399.318080
16.636000,0.716490,0.675480,3.947750,279.130000,-323.806730,60848.093750,,3.395320,-399.317540
16.638000,0.411440,0.383240,2.922360,279.148960,-323.807010,61037.933590,,3.474790,-399.315670
16.640000,0.105100,0.276860,3.845210,279.167210,-323.807070,60646.640630,1.000000,3.500430,-399.313420
16.642000,-0.106380,0.365300,4.716800,279.184140,-323.806950,60640.316410,,3.495300,-399.311770
16.644000,-0.064090,0.716490,5.516600,279.199490,-323.806730,60397.738280,,3.463260,-399.311740
16.646000,0.231990,1.120240,6.777830,279.214020,-323.806120,60607.621090,,3.356870,-399.313540
16.648000,0.599850,1.333010,6.767580,279.229190,-323.805970,60519.027340,1.000000,3.350460,-399.315980
16.648000,0.599850,1.333010,6.767580,279.229190,-323.805970,60519.027340,1.000000,3.350460,-399.315980
16.650000,0.874150,1.153560,6.388180,279.246310,-323.806210,60294.378910,,3.363280,-399.317960
16.652000,0.927980,0.795960,6.716310,279.264980,-323.806370,60507.421880,,3.358150,-399.318510
16.654000,0.719060,0.334530,5.373050,279.284640,-323.806610,60324.964840,,3.387630,-399.317380
16.654000,0.719060,0.334530,5.373050,279.284640,-323.806610,60324.964840,,3.387630,-399.317380
16.656000,0.440920,0.049990,3.609380,279.303990,-323.807100,60754.222660,1.000000,3.535030,-399.315310
16.658000,0.114070,-0.030760,4.050290,279.322110,-323.807130,60673.011720,,3.496580,-399.312870
16.660000,-0.138430,0.146120,4.675780,279.338440,-323.806880,60739.460940,,3.488890,-399.310940
16.662000,-0.169190,0.572940,4.932130,279.353060,-323.806700,60579.144530,,3.469670,-399.310610
16.664000,0.089720,1.030520,5.772950,279.366880,-323.806370,60511.644530,1.000000,3.381230,-399.312230
16.666000,0.467830,1.325320,5.772950,279.381260,-323.806240,60706.761720,,3.345340,-399.314790
16.668000,0.769040,1.265080,5.239750,279.397370,-323.806370,61084.339840,,3.356870,-399.317050
16.670000,0.856200,0.995910,4.952640,279.415190,-323.806610,61132.851560,,3.376100,-399.317990
16.672000,0.643430,0.633180,3.742680,279.434110,-323.806790,60828.054690,1.000000,3.395320,-399.317110
16.674000,0.335820,0.393490,2.778810,279.452940,-323.807070,61064.300780,,3.490170,-399.315120
16.676000,0.056400,0.323000,3.896480,279.471010,-323.807100,60810.121090,,3.491460,-399.312990
16.678000,-0.110230,0.470400,4.993650,279.487640,-323.806980,60906.097660,,3.485050,-399.311610
16.680000,-0.014100,0.865170,5.803710,279.502690,-323.806610,60616.054690,1.000000,3.440190,-399.312040
16.682000,0.310180,1.240720,6.459960,279.517270,-323.806060,60664.570310,,3.336360,-399.314030
16.684000,0.666500,1.380430,6.459960,279.532840,-323.806030,60259.574220,,3.350460,-399.316440
16.686000,0.903630,1.152280,6.326660,279.550290,-323.806270,60661.410160,,3.358150,-399.318150
16.686000,0.903630,1.152280,6.326660,279.550290,-323.806270,60661.410160,,3.358150,-399.318150
16.688000,0.895940,0.754940,5.957520,279.569240,-323.806430,60927.187500,1.000000,3.344060,-399.318360
16.688000,0.895940,0.754940,5.957520,279.569240,-323.806430,60927.187500,1.000000,3.344060,-399.318360
16.690000,0.657530,0.293520,5.157710,279.588990,-323.806700,60502.152340,,3.406860,-399.316930
16.692000,0.369140,0.041020,3.855470,279.608180,-323.807190,60680.394530,,3.531190,-399.314760
16.694000,0.056400,-0.019230,3.999020,279.626130,-323.807070,60440.980470,,3.472230,-399.312350
16.694000,0.056400,-0.019230,3.999020,279.626130,-323.807070,60440.980470,,3.472230,-399.312350
16.696000,-0.171750,0.199950,4.952640,279.642210,-323.806880,60755.273440,1.000000,3.481200,-399.310700
16.698000,-0.121770,0.625490,5.393550,279.656680,-323.806640,60498.988280,,3.444030,-399.310850
16.700000,0.166630,1.052310,5.506350,279.670560,-323.806340,60649.804690,,3.367130,-399.312740
16.702000,0.548580,1.270200,5.906250,279.685240,-323.806270,60493.714840,,3.342770,-399.315340
16.704000,0.815190,1.159970,5.485840,279.701690,-323.806460,60747.894530,1.000000,3.360720,-399.317410
16.706000,0.843380,0.874150,4.634770,279.719760,-323.806640,60794.300780,,3.369690,-399.318020
16.708000,0.590880,0.507570,3.968260,279.738680,-323.806850,60929.300780,,3.408140,-399.316800
16.710000,0.276860,0.299930,3.014650,279.757390,-323.807130,61023.164060,,3.502990,-399.314670
16.712000,0.006410,0.271730,4.050290,279.775150,-323.807070,60638.207030,1.000000,3.478640,-399.312560
16.714000,-0.125610,0.502440,5.239750,279.791320,-323.806950,60858.632810,,3.491460,-399.311460
16.716000,0.030760,0.929260,6.111330,279.806060,-323.806490,60665.628910,,3.409420,-399.312290
16.718000,0.384520,1.302250,6.336910,279.820560,-323.806030,60912.421880,,3.332520,-399.314510
16.718000,0.384520,1.302250,6.336910,279.820560,-323.806030,60912.421880,,3.332520,-399.314510
16.720000,0.730590,1.357360,6.654790,279.836400,-323.806060,60729.960940,1.000000,3.358150,-399.316890
16.722000,0.934390,1.068970,6.388180,279.854220,-323.806340,60734.183590,,3.353030,-399.318390
16.724000,0.865170,0.654970,5.578130,279.873410,-323.806490,60558.046880,,3.354310,-399.318240
16.726000,0.604980,0.225590,4.860350,279.893100,-323.806790,60782.699220,,3.433780,-399.316590
16.728000,0.298650,0.026920,3.722170,279.912140,-323.807220,60995.746090,1.000000,3.537600,-399.314240
16.730000,-0.002560,0.003850,3.988770,279.929750,-323.807010,60429.375000,,3.463260,-399.311920
16.732000,-0.193540,0.283260,5.167970,279.945530,-323.806850,60448.363280,,3.491460,-399.310580
16.734000,-0.076900,0.720340,5.537110,279.959870,-323.806580,60290.160160,,3.427370,-399.311160
16.736000,0.242250,1.122800,5.373050,279.973910,-323.806340,60602.347660,1.000000,3.368410,-399.313260
16.736000,0.242250,1.122800,5.373050,279.973910,-323.806340,60602.347660,1.000000,3.368410,-399.313260
16.738000,0.610110,1.261230,5.937010,279.989010,-323.806300,60563.324220,,3.353030,-399.315860
16.740000,0.838260,1.106140,5.219240,280.005890,-323.806490,60666.679690,,3.370970,-399.317720
16.742000,0.806210,0.785710,4.163090,280.024200,-323.806670,60689.886720,,3.381230,-399.317960
16.744000,0.524230,0.447330,3.629880,280.043180,-323.806880,61014.730470,1.000000,3.436340,-399.316470
16.746000,0.211490,0.284550,3.342770,280.061710,-323.807070,60833.324220,,3.502990,-399.314270
16.748000,-0.037170,0.306340,4.224610,280.079070,-323.807040,61103.324220,,3.483760,-399.312290
16.750000,-0.119200,0.588320,5.496090,280.094880,-323.806850,60922.972660,,3.495300,-399.311550
16.750000,-0.119200,0.588320,5.496090,280.094880,-323.806850,60922.972660,,3.495300,-399.311550
16.752000,0.097410,1.016420,6.306150,280.109410,-323.806340,60593.910160,1.000000,3.385070,-399.312770
16.754000,0.466550,1.353520,6.377930,280.123990,-323.805970,60784.808590,,3.353030,-399.315060
16.756000,0.786990,1.322750,6.500980,280.140230,-323.806120,60646.640630,,3.364560,-399.317350
16.758000,0.942080,1.017700,6.213870,280.158260,-323.806340,60961.996090,,3.362000,-399.318540
16.760000,0.811340,0.580630,5.424320,280.177550,-323.806490,60936.687500,1.000000,3.365840,-399.317990
16.762000,0.548580,0.189700,4.183590,280.197110,-323.806880,60779.535160,,3.473510,-399.316160
16.764000,0.229430,0.026920,3.763180,280.215820,-323.807190,60848.093750,,3.537600,-399.313810
16.766000,-0.053830,0.069210,4.275880,280.233030,-323.806920,60815.394530,,3.467100,-399.311610
16.768000,-0.197390,0.392210,4.993650,280.248440,-323.806760,60956.722660,1.000000,3.502990,-399.310580
16.768000,-0.197390,0.392210,4.993650,280.248440,-323.806760,60956.722660,1.000000,3.502990,-399.310580
16.770000,-0.026920,0.820310,5.711430,280.262660,-323.806490,60354.496090,,3.409420,-399.311520
16.772000,0.320430,1.179200,5.690920,280.276890,-323.806240,60605.511720,,3.369690,-399.313840
16.774000,0.671630,1.234310,5.362790,280.292510,-323.806300,60340.781250,,3.356870,-399.316350
16.776000,0.858760,1.012570,5.147460,280.309880,-323.806490,60780.585940,1.000000,3.376100,-399.317930
16.778000,0.756230,0.657530,4.245120,280.328550,-323.806670,60572.816410,,3.388920,-399.317750
16.780000,0.458860,0.339660,3.219730,280.347690,-323.806950,60774.257810,,3.464540,-399.316040
16.782000,0.148680,0.205080,3.455570,280.366120,-323.807100,60636.097660,,3.508120,-399.313810
16.784000,-0.074340,0.271730,4.624510,280.383300,-323.807010,60729.960940,1.000000,3.499150,-399.312010
16.786000,-0.092290,0.602420,5.403810,280.398830,-323.806760,60702.542970,,3.481200,-399.311680
16.788000,0.176880,1.029240,6.347170,280.413240,-323.806210,60859.691410,,3.369690,-399.313230
16.790000,0.546020,1.317630,6.624020,280.428040,-323.805910,61101.210940,,3.351750,-399.315610
16.790000,0.546020,1.317630,6.624020,280.428040,-323.805910,61101.210940,,3.351750,-399.315610
16.792000,0.839540,1.207400,6.162600,280.444670,-323.806120,60621.332030,1.000000,3.364560,-399.317720
16.794000,0.939510,0.867740,6.121580,280.463040,-323.806340,60834.378910,,3.367130,-399.318570
16.796000,0.757510,0.421690,5.362790,280.482510,-323.806520,60599.183590,,3.378660,-399.317660
16.798000,0.485780,0.088440,3.742680,280.501950,-323.807010,61158.167970,,3.513240,-399.315670
16.800000,0.161500,-0.032040,3.824710,280.520390,-323.807160,60740.511720,1.000000,3.517090,-399.313260
16.800000,0.161500,-0.032040,3.824710,280.520390,-323.807160,60740.511720,1.000000,3.517090,-399.313260
16.802000,-0.107670,0.079470,4.562990,280.537080,-323.806880,60727.851560,,3.482480,-399.311220
16.804000,-0.187130,0.489620,4.942380,280.551910,-323.806730,60696.214840,,3.488890,-399.310580
16.806000,0.032040,0.961300,5.875490,280.565730,-323.806430,60792.191410,,3.396610,-399.311890
16.808000,0.397340,1.313780,5.926760,280.579860,-323.806210,60889.218750,1.000000,3.364560,-399.314360
16.810000,0.724180,1.324040,5.352540,280.595550,-323.806340,60463.128910,,3.362000,-399.316740
16.812000,0.861330,1.113830,5.239750,280.612920,-323.806550,60627.656250,,3.382510,-399.318020
16.814000,0.695980,0.788270,4.204100,280.631470,-323.806730,60437.812500,,3.394040,-399.317440
16.816000,0.393490,0.511410,2.963380,280.650300,-323.807010,60853.363280,1.000000,3.476070,-399.315550
16.818000,0.094850,0.410160,3.670900,280.668490,-323.807070,60583.359380,,3.500430,-399.313350
16.820000,-0.101260,0.494750,4.747560,280.685460,-323.806950,60610.785160,,3.490170,-399.311770
16.822000,-0.051270,0.836980,5.342290,280.700870,-323.806700,60472.617190,,3.458130,-399.311860
16.824000,0.249940,1.220210,6.285640,280.715580,-323.806120,60403.011720,1.000000,3.354310,-399.313660
16.826000,0.612670,1.404790,6.624020,280.730990,-323.806000,60570.707030,,3.347900,-399.316070
16.828000,0.877990,1.197140,6.295900,280.748290,-323.806240,60932.460940,,3.363280,-399.317960
16.830000,0.917720,0.806210,6.029300,280.767180,-323.806400,61029.496090,,3.355590,-399.318480
16.832000,0.702390,0.333250,5.157710,280.786990,-323.806610,60735.234380,1.000000,3.386350,-399.317260
16.832000,0.702390,0.333250,5.157710,280.786990,-323.806610,60735.234380,1.000000,3.386350,-399.317260
16.834000,0.422970,0.046140,3.496580,280.806400,-323.807100,60963.046880,,3.527340,-399.315190
16.836000,0.105100,-0.051270,3.896480,280.824650,-323.807100,60714.144530,,3.490170,-399.312810
16.838000,-0.142270,0.114070,4.788570,280.841060,-323.806880,60961.996090,,3.482480,-399.310940
16.838000,-0.142270,0.114070,4.788570,280.841060,-323.806880,60961.996090,,3.482480,-399.310940
16.840000,-0.152530,0.535770,5.065430,280.855740,-323.806700,60678.281250,1.000000,3.460690,-399.310730
16.842000,0.111510,0.976680,5.588380,280.869690,-323.806370,60660.355470,,3.381230,-399.312410
16.844000,0.483220,1.238160,5.742190,280.884220,-323.806270,60386.136720,,3.345340,-399.314910
16.846000,0.772890,1.161250,5.516600,280.900480,-323.806430,60841.761720,,3.356870,-399.317140
16.846000,0.772890,1.161250,5.516600,280.900480,-323.806430,60841.761720,,3.356870,-399.317140
16.848000,0.852360,0.894650,4.880860,280.918330,-323.806610,61033.714840,1.000000,3.374820,-399.317990
16.850000,0.634460,0.539610,4.081050,280.937190,-323.806790,60478.949220,,3.395320,-399.317050
16.852000,0.326840,0.303770,3.117190,280.955960,-323.807070,60685.664060,,3.490170,-399.315030
16.854000,0.048710,0.255070,3.804200,280.973820,-323.807070,60578.089840,,3.485050,-399.312870
16.856000,-0.119200,0.447330,5.157710,280.990200,-323.806950,60665.628910,1.000000,3.485050,-399.311550
16.858000,-0.011540,0.867740,6.090820,281.005040,-323.806610,60419.886720,,3.436340,-399.312040
16.860000,0.321720,1.270200,6.172850,281.019410,-323.806060,60516.917970,,3.335080,-399.314090
16.862000,0.679320,1.406070,6.541990,281.034790,-323.806060,60457.851560,,3.353030,-399.316500
16.864000,0.908750,1.172790,6.521480,281.052190,-323.806300,60459.964840,1.000000,3.356870,-399.318210
16.864000,0.908750,1.172790,6.521480,281.052190,-323.806300,60459.964840,1.000000,3.356870,-399.318210
16.866000,0.890810,0.784420,5.690920,281.071110,-323.806460,60621.332030,,3.342770,-399.318330
16.868000,0.649840,0.323000,4.583500,281.090790,-323.806700,61025.273440,,3.409420,-399.316860
16.868000,0.649840,0.323000,4.583500,281.090790,-323.806700,61025.273440,,3.409420,-399.316860
16.870000,0.357600,0.085880,3.793950,281.109890,-323.807190,61091.722660,,3.527340,-399.314640
16.872000,0.046140,0.035890,3.773440,281.127750,-323.807040,60655.078130,1.000000,3.469670,-399.312290
16.874000,-0.175600,0.275570,4.819340,281.143800,-323.806850,60851.250000,,3.477360,-399.310670
16.876000,-0.114070,0.694700,5.455080,281.158290,-323.806640,60640.316410,,3.441470,-399.310910
16.878000,0.180730,1.106140,5.485840,281.172330,-323.806370,60959.886720,,3.373540,-399.312840
16.880000,0.556270,1.293270,5.783200,281.187190,-323.806300,60757.386720,1.000000,3.345340,-399.315430
16.882000,0.816470,1.175350,5.537110,281.203830,-323.806490,60772.152340,,3.364560,-399.317440
16.884000,0.830570,0.874150,4.491210,281.221980,-323.806640,60919.804690,,3.370970,-399.317960
16.886000,0.575500,0.501160,3.927250,281.241000,-323.806880,60886.062500,,3.414550,-399.316710
16.886000,0.575500,0.501160,3.927250,281.241000,-323.806880,60886.062500,,3.414550,-399.316710
16.888000,0.266600,0.285830,3.681150,281.259800,-323.807100,61010.511720,1.000000,3.499150,-399.314610
16.890000,0.002560,0.238400,3.978520,281.277620,-323.807040,60313.359380,,3.474790,-399.312530
16.892000,-0.124330,0.446040,5.147460,281.293910,-323.806920,60496.882810,,3.495300,-399.311490
16.894000,0.041020,0.847230,6.285640,281.308780,-323.806460,60269.062500,,3.399170,-399.312410
16.896000,0.398620,1.194580,6.336910,281.323430,-323.806030,60470.511720,1.000000,3.337650,-399.314640
16.898000,0.737000,1.226620,6.665040,281.339420,-323.806090,60421.992190,,3.359440,-399.316990
16.900000,0.933110,0.943360,6.593260,281.357330,-323.806340,60659.300780,,3.350460,-399.318420
16.902000,0.853640,0.531920,5.588380,281.376460,-323.806490,60548.558590,,3.350460,-399.318180
16.904000,0.597290,0.132020,4.696290,281.395970,-323.806820,60793.242190,1.000000,3.442750,-399.316530
16.904000,0.597290,0.132020,4.696290,281.395970,-323.806820,60793.242190,1.000000,3.442750,-399.316530
16.906000,0.289670,-0.020510,3.947750,281.414670,-323.807220,60746.839840,,3.535030,-399.314210
16.908000,-0.008970,0.012820,4.163090,281.431850,-323.807010,61023.164060,,3.465820,-399.311890
16.910000,-0.198670,0.342220,4.973140,281.447200,-323.806850,61020.003910,,3.492740,-399.310550
16.912000,-0.073060,0.806210,5.537110,281.461210,-323.806550,60623.441410,1.000000,3.418400,-399.311190
16.914000,0.255070,1.222780,5.444820,281.475070,-323.806300,60915.589840,,3.365840,-399.313390
16.916000,0.620360,1.344540,5.547360,281.490170,-323.806300,60682.503910,,3.345340,-399.315950
16.918000,0.839540,1.168950,5.342290,281.507170,-323.806490,61152.894530,,3.370970,-399.317750
16.920000,0.785710,0.830570,4.224610,281.525600,-323.806670,60834.378910,1.000000,3.370970,-399.317840
16.922000,0.502440,0.489620,3.414550,281.544710,-323.806880,60896.601560,,3.440190,-399.316350
16.924000,0.194820,0.321720,3.486330,281.563350,-323.807100,60830.160160,,3.497860,-399.314180
16.926000,-0.042300,0.346070,4.552730,281.580870,-323.807040,60856.527340,,3.485050,-399.312290
16.928000,-0.106380,0.617800,5.526860,281.596800,-323.806850,60937.738280,1.000000,3.491460,-399.311650
16.928000,-0.106380,0.617800,5.526860,281.596800,-323.806850,60937.738280,1.000000,3.491460,-399.311650
16.930000,0.119200,1.030520,6.521480,281.611480,-323.806340,60254.300780,,3.374820,-399.312930
16.932000,0.481930,1.343260,6.736820,281.626250,-323.805940,60384.023440,,3.354310,-399.315250
16.934000,0.795960,1.304810,6.357420,281.642610,-323.806150,60195.234380,,3.359440,-399.317470
16.936000,0.940800,0.989500,6.285640,281.660740,-323.806370,60544.339840,1.000000,3.360720,-399.318570
16.936000,0.940800,0.989500,6.285640,281.660740,-323.806370,60544.339840,1.000000,3.360720,-399.318570
16.938000,0.799800,0.554990,5.629390,281.680080,-323.806490,60495.820310,,3.363280,-399.317960
16.940000,0.534480,0.182010,4.029790,281.699580,-323.806880,60629.769530,,3.477360,-399.316070
16.942000,0.215330,0.037170,3.660640,281.718140,-323.807190,60526.410160,,3.528630,-399.313720
16.944000,-0.066650,0.102540,4.562990,281.735200,-323.806920,61054.808590,1.000000,3.464540,-399.311520
16.946000,-0.193540,0.446040,4.952640,281.750430,-323.806760,60732.078130,,3.495300,-399.310610
16.948000,-0.012820,0.888240,5.526860,281.764530,-323.806490,60553.828130,,3.405580,-399.311650
16.950000,0.338380,1.245850,5.824220,281.778690,-323.806270,61038.988280,,3.367130,-399.313960
16.952000,0.680600,1.285580,5.198730,281.794220,-323.806340,60686.722660,1.000000,3.359440,-399.316440
16.954000,0.852360,1.081790,5.014160,281.811520,-323.806520,60814.339840,,3.373540,-399.317930
16.956000,0.738280,0.754940,4.265630,281.830050,-323.806700,60897.656250,,3.388920,-399.317660
16.958000,0.442200,0.453740,3.045410,281.848970,-323.806920,61091.722660,,3.461980,-399.315920
16.960000,0.134580,0.330690,3.558110,281.867250,-323.807070,60700.429690,1.000000,3.501710,-399.313720
16.960000,0.134580,0.330690,3.558110,281.867250,-323.807070,60700.429690,1.000000,3.501710,-399.313720
16.962000,-0.083310,0.406310,4.870610,281.884340,-323.806980,60623.441410,,3.494020,-399.311950
16.964000,-0.083310,0.734440,5.485840,281.899810,-323.806760,60695.160160,,3.470950,-399.311710
16.964000,-0.083310,0.734440,5.485840,281.899810,-323.806760,60695.160160,,3.470950,-399.311710
16.966000,0.188420,1.143310,6.490720,281.914400,-323.806210,60682.503910,,3.364560,-399.313290
16.968000,0.554990,1.397090,6.941890,281.929440,-323.805940,60818.554690,1.000000,3.351750,-399.315700
16.968000,0.554990,1.397090,6.941890,281.929440,-323.805940,60818.554690,1.000000,3.351750,-399.315700
16.970000,0.839540,1.244570,6.357420,281.946410,-323.806210,60252.191410,,3.359440,-399.317780
16.972000,0.929260,0.880550,6.224120,281.965030,-323.806370,60610.785160,,3.365840,-399.318540
16.974000,0.740840,0.421690,5.608890,281.984650,-323.806550,59493.875000,,3.374820,-399.317570
16.976000,0.472960,0.097410,3.824710,282.004150,-323.807040,60776.371090,1.000000,3.510680,-399.315610
16.978000,0.151250,-0.019230,3.650390,282.022610,-323.807130,60677.226560,,3.506840,-399.313230
16.980000,-0.107670,0.093570,4.819340,282.039340,-323.806880,60615.003910,,3.479920,-399.311220
16.982000,-0.174320,0.490910,5.055180,282.054200,-323.806730,60556.996090,,3.477360,-399.310670
16.984000,0.055110,0.939510,5.639650,282.068150,-323.806400,60445.195310,1.000000,3.391480,-399.312070
16.986000,0.421690,1.250980,5.967770,282.082460,-323.806270,60754.222660,,3.362000,-399.314540
16.988000,0.738280,1.226620,5.424320,282.098390,-323.806370,60877.621090,,3.354310,-399.316860
16.990000,0.858760,0.972840,4.870610,282.116060,-323.806580,61249.925780,,3.381230,-399.318020
16.992000,0.680600,0.617800,4.029790,282.134830,-323.806760,60881.835940,1.000000,3.391480,-399.317350
16.994000,0.376830,0.339660,2.871090,282.153750,-323.807040,61254.144530,,3.476070,-399.315430
16.996000,0.084590,0.251220,3.506840,282.171840,-323.807070,60800.625000,,3.490170,-399.313230
16.998000,-0.111510,0.384520,4.870610,282.188540,-323.806950,60937.738280,,3.488890,-399.311680
17.000000,-0.047420,0.788270,5.619140,282.203520,-323.806700,60469.453130,1.000000,3.450440,-399.311860
17.000000,-0.047420,0.788270,5.619140,282.203520,-323.806700,60469.453130,1.000000,3.450440,-399.311860
17.002000,0.265320,1.233030,6.234380,282.217770,-323.806090,60521.136720,,3.345340,-399.313720
17.004000,0.628050,1.452210,6.552250,282.232760,-323.806030,60310.199220,,3.349180,-399.316160
17.006000,0.890810,1.280460,6.500980,282.249660,-323.806270,60740.511720,,3.358150,-399.318080
17.006000,0.890810,1.280460,6.500980,282.249660,-323.806270,60740.511720,,3.358150,-399.318080
17.008000,0.920290,0.939510,5.844730,282.268190,-323.806430,60824.886720,1.000000,3.350460,-399.318480
17.010000,0.694700,0.479370,5.198730,282.287690,-323.806610,60459.964840,,3.383790,-399.317200
17.012000,0.411440,0.193540,3.875980,282.306880,-323.807130,60649.804690,,3.526060,-399.315060
17.014000,0.091000,0.096130,3.763180,282.325010,-323.807100,60348.167970,,3.478640,-399.312680
17.016000,-0.152530,0.267880,4.860350,282.341520,-323.806880,60813.281250,1.000000,3.478640,-399.310850
17.018000,-0.149960,0.634460,5.198730,282.356450,-323.806700,60563.324220,,3.453000,-399.310700
17.020000,0.117920,1.024110,5.301270,282.370730,-323.806400,60621.332030,,3.378660,-399.312440
17.022000,0.496030,1.253540,5.608890,282.385590,-323.806340,60577.031250,,3.346620,-399.314970
17.024000,0.780580,1.171510,5.537110,282.402040,-323.806490,60403.011720,1.000000,3.356870,-399.317140
17.026000,0.845950,0.894650,4.542480,282.420070,-323.806640,60662.460940,,3.372250,-399.317990
17.028000,0.625490,0.529360,3.660640,282.439030,-323.806820,60893.441410,,3.392760,-399.316990
17.030000,0.316590,0.301210,3.158200,282.457860,-323.807070,61080.121090,,3.490170,-399.314940
17.032000,0.042300,0.255070,3.732420,282.475740,-323.807040,60680.394530,1.000000,3.477360,-399.312840
17.032000,0.042300,0.255070,3.732420,282.475740,-323.807040,60680.394530,1.000000,3.477360,-399.312840
17.034000,-0.119200,0.438350,4.921880,282.492100,-323.806950,60984.144530,,3.482480,-399.311550
17.036000,0.000000,0.851070,6.254880,282.506960,-323.806580,60785.859380,,3.423520,-399.312130
17.038000,0.337100,1.226620,6.244630,282.521390,-323.806060,60935.625000,,3.327390,-399.314210
17.040000,0.693420,1.327880,6.408690,282.537020,-323.806060,60673.011720,1.000000,3.353030,-399.316620
17.042000,0.920290,1.066410,6.757320,282.554630,-323.806340,60754.222660,,3.349180,-399.318270
17.044000,0.886960,0.667790,5.772950,282.573640,-323.806490,60858.632810,,3.340210,-399.318300
17.046000,0.640870,0.228150,4.839840,282.593260,-323.806760,60888.167970,,3.414550,-399.316800
17.048000,0.347350,0.033330,4.255370,282.612210,-323.807190,61129.691410,1.000000,3.526060,-399.314580
17.050000,0.038450,0.016660,3.978520,282.629790,-323.807040,60324.964840,,3.467100,-399.312190
17.052000,-0.180730,0.298650,4.491210,282.645510,-323.806880,60558.046880,,3.478640,-399.310640
17.054000,-0.107670,0.756230,5.639650,282.659700,-323.806640,60244.804690,,3.433780,-399.310910
17.056000,0.190980,1.199710,5.619140,282.673460,-323.806370,60556.996090,1.000000,3.368410,-399.312930
17.056000,0.190980,1.199710,5.619140,282.673460,-323.806370,60556.996090,1.000000,3.368410,-399.312930
17.058000,0.567810,1.370180,5.619140,282.688290,-323.806300,60644.535160,,3.340210,-399.315490
17.060000,0.817750,1.242000,5.516600,282.704930,-323.806490,60664.570310,,3.362000,-399.317500
17.062000,0.821590,0.947200,4.460450,282.723080,-323.806640,60619.218750,,3.367130,-399.317960
17.064000,0.560120,0.587040,3.588870,282.742030,-323.806880,60712.035160,1.000000,3.411990,-399.316650
17.064000,0.560120,0.587040,3.588870,282.742030,-323.806880,60712.035160,1.000000,3.411990,-399.316650
17.066000,0.252500,0.397340,3.301760,282.760710,-323.807100,60768.988280,,3.491460,-399.314510
17.068000,-0.005130,0.375550,4.101560,282.778410,-323.807070,60681.453130,,3.473510,-399.312470
17.070000,-0.120480,0.597290,5.147460,282.794590,-323.806920,60895.550780,,3.486330,-399.311520
17.072000,0.056400,0.995910,6.203610,282.809420,-323.806490,60700.429690,1.000000,3.390200,-399.312500
17.074000,0.412720,1.333010,6.388180,282.824100,-323.806060,60948.281250,,3.337650,-399.314760
17.076000,0.748540,1.339420,6.326660,282.840210,-323.806150,60775.316410,,3.358150,-399.317080
17.078000,0.933110,1.025390,6.224120,282.858280,-323.806370,61045.316410,,3.349180,-399.318450
17.080000,0.843380,0.581910,5.557620,282.877590,-323.806490,60930.355470,1.000000,3.350460,-399.318120
17.082000,0.584470,0.151250,4.501460,282.897370,-323.806850,60812.230470,,3.444030,-399.316440
17.084000,0.276860,-0.048710,3.783690,282.916410,-323.807220,60894.496090,,3.528630,-399.314120
17.086000,-0.016660,-0.051270,4.378420,282.933930,-323.806980,60764.769530,,3.460690,-399.311860
17.088000,-0.193540,0.248660,4.921880,282.949490,-323.806820,60832.265630,1.000000,3.488890,-399.310610
17.088000,-0.193540,0.248660,4.921880,282.949490,-323.806820,60832.265630,1.000000,3.488890,-399.310610
17.090000,-0.056400,0.697270,5.557620,282.963710,-323.806550,60387.191410,,3.413270,-399.311310
17.092000,0.276860,1.095890,5.742190,282.977720,-323.806340,60508.476560,,3.368410,-399.313540
17.094000,0.638310,1.206120,5.465330,282.992920,-323.806340,60237.421880,,3.349180,-399.316070
17.096000,0.847230,1.040770,5.106450,283.009860,-323.806520,60754.222660,1.000000,3.368410,-399.317810
17.098000,0.781860,0.748540,4.419430,283.028080,-323.806700,60623.441410,,3.376100,-399.317840
17.100000,0.493470,0.456300,3.219730,283.046810,-323.806920,60688.832030,,3.442750,-399.316280
17.102000,0.183290,0.333250,3.117190,283.065000,-323.807070,60608.671880,,3.494020,-399.314090
17.102000,0.183290,0.333250,3.117190,283.065000,-323.807070,60608.671880,,3.494020,-399.314090
17.104000,-0.052550,0.396060,4.973140,283.082060,-323.807010,61323.750000,1.000000,3.482480,-399.312160
17.106000,-0.108950,0.716490,5.250000,283.097600,-323.806820,60691.992190,,3.483760,-399.311610
17.108000,0.128170,1.147160,6.090820,283.112030,-323.806340,60543.281250,,3.372250,-399.312960
17.110000,0.493470,1.462460,6.808590,283.126740,-323.805970,61060.078130,,3.354310,-399.315310
17.112000,0.801090,1.393250,6.162600,283.143190,-323.806180,60580.199220,1.000000,3.356870,-399.317500
17.114000,0.935670,1.062560,6.019040,283.161500,-323.806400,60986.250000,,3.359440,-399.318540
17.116000,0.784420,0.604980,5.711430,283.180970,-323.806520,60745.785160,,3.363280,-399.317840
17.118000,0.517820,0.237120,3.896480,283.200620,-323.806950,61181.371090,,3.482480,-399.315980
17.120000,0.199950,0.084590,3.609380,283.219270,-323.807190,60737.347660,1.000000,3.522220,-399.313630
17.122000,-0.078190,0.155090,4.665530,283.236420,-323.806950,60678.281250,,3.469670,-399.311460
17.124000,-0.192260,0.511410,5.014160,283.251710,-323.806760,60695.160160,,3.488890,-399.310640
17.126000,0.000000,0.948490,5.639650,283.265840,-323.806490,60784.808590,,3.404300,-399.311770
17.128000,0.360170,1.293270,6.172850,283.280090,-323.806270,60856.527340,1.000000,3.367130,-399.314150
17.128000,0.360170,1.293270,6.172850,283.280090,-323.806270,60856.527340,1.000000,3.367130,-399.314150
17.130000,0.703670,1.321470,5.516600,283.295780,-323.806340,60352.386720,,3.350460,-399.316620
17.132000,0.865170,1.090760,4.932130,283.313170,-323.806550,60561.210940,,3.378660,-399.318050
17.134000,0.730590,0.735720,4.521970,283.331850,-323.806730,59693.207030,,3.388920,-399.317660
17.134000,0.730590,0.735720,4.521970,283.331850,-323.806730,59693.207030,,3.388920,-399.317660
17.136000,0.431950,0.420410,3.240230,283.350860,-323.806980,60813.281250,1.000000,3.459410,-399.315860
17.138000,0.124330,0.290950,3.435060,283.369230,-323.807070,60633.984380,,3.497860,-399.313630
17.140000,-0.092290,0.358890,5.055180,283.386320,-323.806980,60639.257810,,3.491460,-399.311890
17.142000,-0.080750,0.694700,5.690920,283.401760,-323.806760,60536.957030,,3.464540,-399.311740
17.144000,0.203800,1.107420,6.408690,283.416260,-323.806180,60507.421880,1.000000,3.362000,-399.313390
17.146000,0.570370,1.356080,6.859860,283.431270,-323.805970,60842.816410,,3.347900,-399.315800
17.148000,0.856200,1.207400,6.244630,283.448120,-323.806210,60603.402340,,3.362000,-399.317840
17.150000,0.934390,0.876710,5.998540,283.466610,-323.806400,61043.203130,,3.360720,-399.318570
17.152000,0.739560,0.426820,5.311520,283.486110,-323.806580,60870.238280,1.000000,3.372250,-399.317540
17.154000,0.465270,0.123050,3.752930,283.505370,-323.807040,61774.105470,,3.515810,-399.315520
17.156000,0.139710,0.029480,3.455570,283.523590,-323.807130,61056.917970,,3.496580,-399.313110
17.158000,-0.126890,0.185850,4.573240,283.540040,-323.806880,61040.042970,,3.478640,-399.311070
17.160000,-0.178160,0.587040,5.055180,283.554840,-323.806730,60735.234380,1.000000,3.467100,-399.310580
17.160000,-0.178160,0.587040,5.055180,283.554840,-323.806730,60735.234380,1.000000,3.467100,-399.310580
17.162000,0.061520,1.016420,5.403810,283.568820,-323.806460,60632.933590,,3.387630,-399.312070
17.164000,0.433230,1.309940,5.680660,283.583280,-323.806300,60468.402340,,3.355590,-399.314580
17.166000,0.745970,1.268920,5.526860,283.599330,-323.806430,60680.394530,,3.353030,-399.316890
17.168000,0.861330,1.008730,4.624510,283.617030,-323.806610,60838.593750,1.000000,3.374820,-399.318020
17.170000,0.674190,0.651120,3.988770,283.635930,-323.806760,60430.429690,,3.385070,-399.317260
17.172000,0.366580,0.381960,3.209470,283.654850,-323.807040,60674.062500,,3.476070,-399.315340
17.174000,0.076900,0.301210,3.773440,283.672940,-323.807100,60542.230470,,3.486330,-399.313140
17.176000,-0.112790,0.429380,4.942380,283.689700,-323.806980,60763.714840,1.000000,3.482480,-399.311650
17.178000,-0.038450,0.811340,6.070310,283.704800,-323.806670,60399.843750,,3.442750,-399.311890
17.180000,0.276860,1.207400,6.408690,283.719300,-323.806090,60571.761720,,3.338930,-399.313810
17.182000,0.644710,1.371460,6.593260,283.734620,-323.806060,60504.265630,,3.342770,-399.316250
17.184000,0.899780,1.153560,6.890630,283.751920,-323.806300,60348.167970,1.000000,3.353030,-399.318120
17.184000,0.899780,1.153560,6.890630,283.751920,-323.806300,60348.167970,1.000000,3.353030,-399.318120
17.186000,0.915160,0.772890,5.896000,283.770750,-323.806460,60632.933590,,3.341490,-399.318420
17.188000,0.688290,0.303770,5.126950,283.790440,-323.806670,60739.460940,,3.387630,-399.317110
17.190000,0.398620,0.053830,3.855470,283.809570,-323.807160,61191.917970,,3.526060,-399.314940
17.192000,0.078190,0.000000,3.681150,283.827480,-323.807130,60669.843750,1.000000,3.469670,-399.312530
17.194000,-0.164060,0.223020,4.511720,283.843510,-323.806880,60970.429690,,3.478640,-399.310760
17.196000,-0.146120,0.661380,5.373050,283.857910,-323.806700,60941.957030,,3.445310,-399.310700
17.198000,0.134580,1.103580,5.270510,283.871700,-323.806430,60957.773440,,3.372250,-399.312500
17.198000,0.134580,1.103580,5.270510,283.871700,-323.806430,60957.773440,,3.372250,-399.312500
17.200000,0.515260,1.345830,5.557620,283.886260,-323.806340,60746.839840,1.000000,3.341490,-399.315060
17.202000,0.793400,1.252260,5.783200,283.902560,-323.806490,60838.593750,,3.350460,-399.317260
17.204000,0.845950,0.981810,4.624510,283.920470,-323.806640,60905.039060,,3.368410,-399.317960
17.206000,0.611390,0.610110,3.691410,283.939390,-323.806850,60848.093750,,3.391480,-399.316890
17.206000,0.611390,0.610110,3.691410,283.939390,-323.806850,60848.093750,,3.391480,-399.316890
17.208000,0.299930,0.375550,3.773440,283.958250,-323.807100,60952.503910,1.000000,3.483760,-399.314820
17.210000,0.029480,0.323000,4.009280,283.976140,-323.807070,60219.496090,,3.474790,-399.312710
17.212000,-0.129460,0.512700,4.737300,283.992610,-323.806980,60517.968750,,3.478640,-399.311460
17.214000,0.001280,0.906190,6.408690,284.007630,-323.806580,60361.875000,,3.417110,-399.312160
17.216000,0.348630,1.268920,6.500980,284.022250,-323.806090,60546.445310,1.000000,3.329960,-399.314270
17.218000,0.703670,1.348390,6.388180,284.038090,-323.806120,60365.042970,,3.353030,-399.316710
17.220000,0.929260,1.085630,6.695800,284.055790,-323.806340,60612.894530,,3.349180,-399.318360
17.222000,0.888240,0.681880,5.967770,284.074890,-323.806490,60578.089840,,3.338930,-399.318360
17.224000,0.634460,0.246090,4.819340,284.094510,-323.806790,60507.421880,1.000000,3.420960,-399.316770
17.226000,0.331970,0.037170,4.060550,284.113560,-323.807220,60793.242190,,3.523500,-399.314510
17.228000,0.021790,0.014100,4.111820,284.131230,-323.807040,60706.761720,,3.461980,-399.312130
17.230000,-0.188420,0.280700,4.768070,284.147030,-323.806880,60990.468750,,3.477360,-399.310610
17.230000,-0.188420,0.280700,4.768070,284.147030,-323.806880,60990.468750,,3.477360,-399.310610
17.232000,-0.097410,0.720340,5.465330,284.161350,-323.806610,60650.867190,1.000000,3.423520,-399.311000
17.234000,0.214050,1.134340,5.588380,284.175290,-323.806400,61062.191410,,3.369690,-399.313080
17.236000,0.587040,1.286870,5.434570,284.190310,-323.806340,60882.894530,,3.344060,-399.315640
17.238000,0.829280,1.143310,5.208980,284.207060,-323.806520,61142.347660,,3.364560,-399.317600
17.240000,0.817750,0.847230,4.470700,284.225190,-323.806700,60838.593750,1.000000,3.367130,-399.317960
17.242000,0.546020,0.525510,3.394040,284.244050,-323.806880,60779.535160,,3.424800,-399.316560
17.244000,0.234560,0.370420,3.199220,284.262480,-323.807100,60796.406250,,3.487610,-399.314390
17.246000,-0.019230,0.376830,4.542480,284.279880,-323.807040,60687.777340,,3.474790,-399.312380
17.248000,-0.123050,0.652400,5.362790,284.295720,-323.806880,60581.250000,1.000000,3.488890,-399.311490
17.250000,0.066650,1.080510,6.224120,284.310270,-323.806400,60214.222660,,3.381230,-399.312560
17.250000,0.066650,1.080510,6.224120,284.310270,-323.806400,60214.222660,,3.381230,-399.312560
17.252000,0.431950,1.427860,6.767580,284.324860,-323.806030,60342.898440,,3.345340,-399.314850
17.254000,0.762630,1.409910,6.613770,284.340970,-323.806150,59362.035160,,3.354310,-399.317170
17.256000,0.940800,1.115110,6.244630,284.358950,-323.806400,60624.496090,1.000000,3.350460,-399.318510
17.258000,0.831850,0.684450,5.844730,284.378200,-323.806490,60473.671880,,3.347900,-399.318120
17.260000,0.570370,0.281980,4.368160,284.397770,-323.806880,60615.003910,,3.451720,-399.316350
17.262000,0.256350,0.089720,3.465820,284.416600,-323.807190,60618.167970,,3.527340,-399.314000
17.264000,-0.032040,0.117920,4.686040,284.433960,-323.806980,60940.902340,1.000000,3.459410,-399.311740
17.266000,-0.199950,0.424260,4.829590,284.449490,-323.806790,60628.714840,,3.487610,-399.310580
17.268000,-0.046140,0.834410,5.137210,284.463870,-323.806520,60597.070310,,3.411990,-399.311400
17.270000,0.293520,1.190730,5.824220,284.478150,-323.806340,60984.144530,,3.372250,-399.313660
17.270000,0.293520,1.190730,5.824220,284.478150,-323.806340,60984.144530,,3.372250,-399.313660
17.272000,0.649840,1.253540,5.373050,284.493710,-323.806340,60667.738280,1.000000,3.347900,-399.316190
17.274000,0.849790,1.053590,4.829590,284.510990,-323.806550,60986.250000,,3.373540,-399.317870
17.276000,0.767760,0.701110,4.532230,284.529630,-323.806700,60940.902340,,3.381230,-399.317810
17.278000,0.478090,0.370420,3.188960,284.548740,-323.806920,60975.707030,,3.447880,-399.316190
17.280000,0.170470,0.202510,3.404300,284.567290,-323.807070,60651.917970,1.000000,3.495300,-399.314000
17.282000,-0.064090,0.249940,4.932130,284.584590,-323.807010,60613.949220,,3.492740,-399.312130
17.284000,-0.103820,0.572940,5.680660,284.600190,-323.806790,61726.640630,,3.474790,-399.311650
17.286000,0.142270,1.010010,6.347170,284.614560,-323.806270,60574.925780,,3.372250,-399.313080
17.288000,0.510130,1.320190,7.054690,284.629270,-323.805970,60755.273440,1.000000,3.355590,-399.315460
17.290000,0.815190,1.242000,6.593260,284.645660,-323.806180,60175.199220,,3.360720,-399.317630
17.292000,0.944640,0.931820,6.090820,284.663820,-323.806370,60629.769530,,3.363280,-399.318630
17.294000,0.786990,0.497310,5.906250,284.683140,-323.806520,60151.992190,,3.365840,-399.317870
17.294000,0.786990,0.497310,5.906250,284.683140,-323.806520,60151.992190,,3.365840,-399.317870
17.296000,0.516540,0.156370,4.163090,284.702480,-323.806980,60768.988280,1.000000,3.494020,-399.315950
17.298000,0.189700,0.037170,3.476070,284.720830,-323.807160,60684.609380,,3.518370,-399.313540
17.300000,-0.092290,0.153810,4.696290,284.737550,-323.806880,60678.281250,,3.474790,-399.311370
17.302000,-0.196110,0.546020,5.157710,284.752470,-323.806760,60589.691410,,3.482480,-399.310550
17.302000,-0.196110,0.546020,5.157710,284.752470,-323.806760,60589.691410,,3.482480,-399.310550
17.304000,0.002560,1.001040,5.393550,284.766420,-323.806490,60507.421880,1.000000,3.405580,-399.311740
17.306000,0.366580,1.340700,5.762700,284.780610,-323.806300,60803.789060,,3.370970,-399.314180
17.308000,0.706240,1.372740,5.096190,284.796200,-323.806370,60676.175780,,3.359440,-399.316620
17.310000,0.860050,1.148440,4.788570,284.813600,-323.806580,61101.210940,,3.378660,-399.317990
17.312000,0.717770,0.799800,4.122070,284.832240,-323.806700,60783.753910,1.000000,3.385070,-399.317540
17.314000,0.416560,0.499880,3.096680,284.851230,-323.806980,62205.468750,,3.464540,-399.315730
17.316000,0.114070,0.371700,3.158200,284.869540,-323.807070,61007.347660,,3.492740,-399.313540
17.318000,-0.097410,0.452450,4.357910,284.886630,-323.806980,60997.851560,,3.492740,-399.311860
17.320000,-0.073060,0.792110,5.373050,284.902040,-323.806730,60558.046880,1.000000,3.455570,-399.311740
17.322000,0.215330,1.180480,5.926760,284.916690,-323.806150,60554.886720,,3.355590,-399.313480
17.324000,0.583190,1.377870,6.470210,284.931920,-323.806030,60529.574220,,3.346620,-399.315890
17.326000,0.866460,1.188170,6.572750,284.949070,-323.806270,60501.097660,,3.362000,-399.317930
17.326000,0.866460,1.188170,6.572750,284.949070,-323.806270,60501.097660,,3.362000,-399.317930
17.328000,0.936950,0.813900,5.783200,284.967770,-323.806400,60654.023440,1.000000,3.349180,-399.318570
17.330000,0.737000,0.338380,5.044920,284.987490,-323.806580,60284.890630,,3.376100,-399.317500
17.332000,0.457580,0.038450,4.060550,285.006900,-323.807040,60408.281250,,3.517090,-399.315460
17.334000,0.126890,-0.058960,3.793950,285.025150,-323.807130,60178.363280,,3.491460,-399.312990
17.334000,0.126890,-0.058960,3.793950,285.025150,-323.807130,60178.363280,,3.491460,-399.312990
17.336000,-0.137150,0.105100,4.675780,285.041560,-323.806880,60748.949220,1.000000,3.478640,-399.310970
17.338000,-0.180730,0.528080,5.321780,285.056210,-323.806700,60524.300780,,3.461980,-399.310550
17.340000,0.071780,0.972840,5.608890,285.070130,-323.806430,60610.785160,,3.383790,-399.312100
17.342000,0.448610,1.243290,5.619140,285.084590,-323.806340,60569.648440,,3.355590,-399.314640
17.344000,0.757510,1.194580,5.793460,285.100680,-323.806460,60524.300780,1.000000,3.353030,-399.316960
17.346000,0.865170,0.957460,4.696290,285.118320,-323.806610,60829.105470,,3.369690,-399.318020
17.348000,0.667790,0.613950,3.752930,285.137050,-323.806760,60759.496090,,3.386350,-399.317230
17.350000,0.358890,0.378110,3.332520,285.155790,-323.807040,61143.402340,,3.476070,-399.315250
17.352000,0.065370,0.323000,3.804200,285.173710,-323.807070,60765.820310,1.000000,3.481200,-399.313020
17.354000,-0.123050,0.493470,4.624510,285.190190,-323.806980,61026.332030,,3.477360,-399.311520
17.356000,-0.042300,0.892090,6.111330,285.205140,-323.806640,60982.035160,,3.436340,-399.311830
17.358000,0.279420,1.283020,6.193360,285.219640,-323.806120,60915.589840,,3.333800,-399.313810
17.358000,0.279420,1.283020,6.193360,285.219640,-323.806120,60915.589840,,3.333800,-399.313810
17.360000,0.649840,1.415040,6.336910,285.235140,-323.806090,60695.160160,1.000000,3.347900,-399.316280
17.362000,0.906190,1.179200,6.849610,285.252560,-323.806340,60825.941410,,3.350460,-399.318120
17.364000,0.920290,0.784420,5.885740,285.271510,-323.806490,60883.949220,,3.335080,-399.318480
17.366000,0.685730,0.328130,4.798830,285.291170,-323.806700,60750.003910,,3.397890,-399.317140
17.368000,0.392210,0.075620,4.286130,285.310390,-323.807190,60984.144530,1.000000,3.517090,-399.314910
17.370000,0.070500,0.020510,3.834960,285.328340,-323.807070,60252.191410,,3.469670,-399.312470
17.372000,-0.174320,0.243530,4.368160,285.344450,-323.806880,60464.183590,,3.472230,-399.310700
17.374000,-0.146120,0.662660,5.526860,285.358980,-323.806670,60416.722660,,3.438900,-399.310700
17.376000,0.142270,1.080510,5.578130,285.372960,-323.806430,60512.699220,1.000000,3.370970,-399.312560
17.378000,0.528080,1.283020,5.567870,285.387730,-323.806340,60525.351560,,3.342770,-399.315190
17.380000,0.806210,1.179200,5.608890,285.404210,-323.806490,60649.804690,,3.356870,-399.317320
17.382000,0.848510,0.877990,4.809080,285.422210,-323.806670,60664.570310,,3.364560,-399.317990
17.384000,0.603700,0.529360,3.650390,285.441100,-323.806880,60718.363280,1.000000,3.404300,-399.316860
17.384000,0.603700,0.529360,3.650390,285.441100,-323.806880,60718.363280,1.000000,3.404300,-399.316860
17.386000,0.294800,0.315310,3.322270,285.459810,-323.807070,60791.136720,,3.479920,-399.314790
17.388000,0.021790,0.279420,4.132320,285.477540,-323.807040,60645.589840,,3.476070,-399.312620
17.390000,-0.129460,0.481930,4.983400,285.493770,-323.806920,60920.859380,,3.481200,-399.311460
17.392000,0.008970,0.884400,6.131840,285.508610,-323.806520,60603.402340,1.000000,3.403020,-399.312160
17.394000,0.357600,1.249690,6.470210,285.523160,-323.806060,62052.542970,,3.333800,-399.314360
17.396000,0.710080,1.299680,6.183110,285.539000,-323.806150,60916.644530,,3.353030,-399.316770
17.398000,0.930540,1.042050,6.244630,285.556730,-323.806370,60872.347660,,3.347900,-399.318390
17.398000,0.930540,1.042050,6.244630,285.556730,-323.806370,60872.347660,,3.347900,-399.318390
17.400000,0.877990,0.644710,5.916500,285.575780,-323.806490,60925.078130,1.000000,3.338930,-399.318300
17.402000,0.624210,0.229430,4.532230,285.595340,-323.806790,60728.910160,,3.431210,-399.316710
17.404000,0.320430,0.038450,3.834960,285.614170,-323.807190,60845.980470,,3.520940,-399.314450
17.406000,0.014100,0.041020,4.409180,285.631650,-323.807040,60635.039060,,3.463260,-399.312070
17.408000,-0.194820,0.338380,4.880860,285.647280,-323.806820,60795.355470,1.000000,3.481200,-399.310610
17.410000,-0.094850,0.775450,5.229490,285.661500,-323.806610,60253.242190,,3.419680,-399.311040
17.412000,0.224300,1.188170,5.834470,285.675480,-323.806370,60448.363280,,3.374820,-399.313140
17.414000,0.593440,1.320190,5.690920,285.690610,-323.806340,59418.984380,,3.338930,-399.315730
17.416000,0.834410,1.163820,5.075680,285.707490,-323.806520,60587.582030,1.000000,3.368410,-399.317660
17.418000,0.810060,0.833130,4.788570,285.725860,-323.806670,60701.488280,,3.368410,-399.317960
17.420000,0.534480,0.492190,3.629880,285.744900,-323.806920,60849.144530,,3.429930,-399.316560
17.422000,0.224300,0.301210,3.024900,285.763580,-323.807100,60755.273440,,3.491460,-399.314360
17.424000,-0.029480,0.315310,4.604000,285.781160,-323.807040,60736.292970,1.000000,3.486330,-399.312350
17.424000,-0.029480,0.315310,4.604000,285.781160,-323.807040,60736.292970,1.000000,3.486330,-399.312350
17.426000,-0.125610,0.592160,5.321780,285.797060,-323.806880,60845.980470,,3.485050,-399.311520
17.428000,0.075620,1.018980,5.947270,285.811650,-323.806370,60512.699220,,3.385070,-399.312680
17.430000,0.442200,1.354800,6.706050,285.826260,-323.806030,60939.843750,,3.351750,-399.314970
17.432000,0.772890,1.334290,6.429200,285.842440,-323.806180,60570.707030,1.000000,3.359440,-399.317260
17.434000,0.947200,1.033080,5.998540,285.860440,-323.806400,61010.511720,,3.356870,-399.318570
17.436000,0.834410,0.606260,5.783200,285.879670,-323.806490,60709.925780,,3.356870,-399.318150
17.438000,0.567810,0.229430,4.275880,285.899170,-323.806880,61118.089840,,3.464540,-399.316350
17.438000,0.567810,0.229430,4.275880,285.899170,-323.806880,61118.089840,,3.464540,-399.316350
17.440000,0.247380,0.058960,3.588870,285.917850,-323.807190,60772.152340,1.000000,3.526060,-399.313960
17.442000,-0.051270,0.116640,4.614260,285.934940,-323.806950,60724.691410,,3.467100,-399.311680
17.444000,-0.205080,0.455020,5.034670,285.950290,-323.806760,61627.503910,,3.485050,-399.310550
17.446000,-0.047420,0.881840,5.475590,285.964420,-323.806520,60608.671880,,3.423520,-399.311430
17.448000,0.305050,1.238160,5.978030,285.978610,-323.806340,60789.023440,1.000000,3.376100,-399.313750
17.450000,0.663940,1.289430,5.690920,285.994110,-323.806340,60319.691410,,3.358150,-399.316310
17.452000,0.863890,1.095890,4.839840,286.011290,-323.806520,60546.445310,,3.378660,-399.317960
17.454000,0.775450,0.760070,4.614260,286.029850,-323.806670,60327.070310,,3.385070,-399.317840
17.456000,0.475520,0.430660,3.506840,286.048860,-323.806920,60724.691410,1.000000,3.454280,-399.316160
17.458000,0.160220,0.278140,3.332520,286.067290,-323.807040,60550.664060,,3.495300,-399.313930
17.460000,-0.079470,0.331970,4.911620,286.084530,-323.806980,60603.402340,,3.497860,-399.312010
17.462000,-0.112790,0.647280,5.854980,286.100160,-323.806760,60387.191410,,3.470950,-399.311550
17.462000,-0.112790,0.647280,5.854980,286.100160,-323.806760,60387.191410,,3.470950,-399.311550
17.464000,0.143550,1.048460,6.244630,286.114780,-323.806240,60429.375000,1.000000,3.370970,-399.313050
17.466000,0.520390,1.293270,6.706050,286.129820,-323.806000,60859.691410,,3.355590,-399.315460
17.468000,0.829280,1.157410,6.357420,286.146670,-323.806210,60564.378910,,3.364560,-399.317660
17.470000,0.949770,0.810060,6.213870,286.165160,-323.806400,61096.992190,,3.358150,-399.318660
17.470000,0.949770,0.810060,6.213870,286.165160,-323.806400,61096.992190,,3.358150,-399.318660
17.472000,0.786990,0.360170,5.475590,286.184690,-323.806520,60852.308590,1.000000,3.368410,-399.317840
17.474000,0.510130,0.048710,4.040040,286.204100,-323.806980,62220.238280,,3.502990,-399.315890
17.476000,0.178160,-0.073060,3.342770,286.222440,-323.807130,61044.257810,,3.509400,-399.313420
17.478000,-0.107670,0.047420,4.347660,286.239070,-323.806880,60927.187500,,3.477360,-399.311250
17.480000,-0.205080,0.444760,5.229490,286.253910,-323.806730,60751.054690,1.000000,3.474790,-399.310490
17.482000,0.010250,0.902340,5.485840,286.267760,-323.806460,60666.679690,,3.400450,-399.311740
17.484000,0.380680,1.208680,5.557620,286.282010,-323.806340,60774.257810,,3.362000,-399.314210
17.486000,0.719060,1.207400,5.752440,286.297790,-323.806400,60559.105470,,3.359440,-399.316680
17.488000,0.871580,0.984380,4.788570,286.315250,-323.806580,60871.292970,1.000000,3.373540,-399.318020
17.490000,0.719060,0.639590,3.875980,286.333860,-323.806730,60301.761720,,3.381230,-399.317540
17.492000,0.411440,0.367860,3.537600,286.352720,-323.807010,60555.941410,,3.465820,-399.315670
17.494000,0.103820,0.280700,3.947750,286.370790,-323.807070,60450.468750,,3.490170,-399.313420
17.494000,0.103820,0.280700,3.947750,286.370790,-323.807070,60450.468750,,3.490170,-399.313420
17.496000,-0.108950,0.408870,4.727050,286.387510,-323.807010,60635.039060,1.000000,3.486330,-399.311710
17.498000,-0.076900,0.797240,5.988280,286.402560,-323.806730,60418.832030,,3.449160,-399.311650
17.500000,0.216610,1.233030,6.675290,286.416840,-323.806180,60619.218750,,3.349180,-399.313420
17.500000,0.216610,1.233030,6.675290,286.416840,-323.806180,60619.218750,,3.349180,-399.313420
17.502000,0.593440,1.434270,6.490720,286.431920,-323.806060,60573.867190,,3.345340,-399.315890
17.504000,0.872860,1.259950,6.931640,286.448910,-323.806300,60462.070310,1.000000,3.353030,-399.317930
17.506000,0.936950,0.908750,6.029300,286.467500,-323.806430,60764.769530,,3.338930,-399.318540
17.508000,0.731870,0.435790,5.075680,286.487060,-323.806610,60799.574220,,3.376100,-399.317440
17.510000,0.449890,0.125610,4.142580,286.506470,-323.807100,61184.535160,,3.509400,-399.315340
17.512000,0.119200,0.002560,3.763180,286.524840,-323.807100,60712.035160,1.000000,3.479920,-399.312900
17.514000,-0.146120,0.148680,4.296390,286.541470,-323.806880,61078.011720,,3.470950,-399.310910
17.516000,-0.180730,0.528080,5.239750,286.556400,-323.806670,60905.039060,,3.450440,-399.310550
17.518000,0.078190,0.938230,5.475590,286.570590,-323.806460,61053.753910,,3.381230,-399.312160
17.520000,0.462710,1.171510,5.434570,286.585330,-323.806340,60757.386720,1.000000,3.350460,-399.314730
17.522000,0.770320,1.109990,5.731930,286.601620,-323.806490,60796.406250,,3.347900,-399.317050
17.524000,0.870300,0.848510,4.593750,286.619450,-323.806640,60844.925780,,3.360720,-399.318080
17.526000,0.662660,0.501160,3.783690,286.638210,-323.806820,60722.578130,,3.387630,-399.317200
17.526000,0.662660,0.501160,3.783690,286.638210,-323.806820,60722.578130,,3.387630,-399.317200
17.528000,0.351200,0.275570,3.865720,286.656980,-323.807070,60837.542970,1.000000,3.476070,-399.315190
17.530000,0.058960,0.219180,4.091310,286.674840,-323.807070,60187.851560,,3.472230,-399.312960
17.532000,-0.130740,0.403750,4.839840,286.691220,-323.806980,60456.800780,,3.481200,-399.311490
17.534000,-0.038450,0.812620,6.213870,286.706090,-323.806610,60385.078130,,3.418400,-399.311860
17.536000,0.292240,1.200990,6.624020,286.720490,-323.806120,60484.222660,1.000000,3.328670,-399.313870
17.538000,0.658810,1.313780,6.603520,286.735990,-323.806120,60491.605470,,3.349180,-399.316350
17.540000,0.916440,1.084350,6.716310,286.753420,-323.806370,60659.300780,,3.341490,-399.318210
17.542000,0.922850,0.715210,6.203610,286.772250,-323.806490,60709.925780,,3.331240,-399.318480
17.544000,0.679320,0.285830,4.952640,286.791780,-323.806760,60574.925780,1.000000,3.401730,-399.317080
17.546000,0.379390,0.064090,3.927250,286.810760,-323.807190,60753.167970,,3.515810,-399.314820
17.548000,0.055110,0.034610,3.999020,286.828460,-323.807100,60815.394530,,3.461980,-399.312350
17.550000,-0.187130,0.296080,4.624510,286.844330,-323.806880,60998.910160,,3.470950,-399.310610
17.552000,-0.146120,0.728030,5.147460,286.858670,-323.806670,60578.089840,1.000000,3.426090,-399.310670
17.552000,-0.146120,0.728030,5.147460,286.858670,-323.806670,60578.089840,1.000000,3.426090,-399.310670
17.554000,0.151250,1.154850,5.414060,286.872560,-323.806430,61818.402340,,3.373540,-399.312620
17.556000,0.538330,1.339420,5.455080,286.887390,-323.806340,60890.273440,,3.335080,-399.315250
17.558000,0.813900,1.218930,5.188480,286.903990,-323.806520,60985.195310,,3.354310,-399.317410
17.560000,0.847230,0.902340,4.798830,286.922210,-323.806670,60897.656250,1.000000,3.358150,-399.318050
17.562000,0.594730,0.544740,3.640140,286.941190,-323.806880,60826.996090,,3.404300,-399.316860
17.564000,0.280700,0.320430,3.353030,286.960020,-323.807130,60824.886720,,3.474790,-399.314730
17.566000,0.008970,0.296080,4.552730,286.977810,-323.807130,60575.976560,,3.477360,-399.312590
17.566000,0.008970,0.296080,4.552730,286.977810,-323.807130,60575.976560,,3.477360,-399.312590
17.568000,-0.137150,0.525510,5.373050,286.993990,-323.806950,60658.246090,1.000000,3.478640,-399.311460
17.570000,0.014100,0.936950,6.090820,287.008760,-323.806520,60242.699220,,3.392760,-399.312260
17.572000,0.371700,1.284300,6.911130,287.023350,-323.806090,60382.972660,,3.338930,-399.314480
17.574000,0.724180,1.302250,6.757320,287.039340,-323.806210,59236.527340,,3.347900,-399.316890
17.576000,0.943360,1.008730,6.213870,287.057250,-323.806430,60362.933590,1.000000,3.345340,-399.318480
17.578000,0.879270,0.574220,6.285640,287.076480,-323.806490,60630.824220,,3.337650,-399.318390
17.580000,0.620360,0.143550,4.911620,287.096190,-323.806820,60767.933590,,3.431210,-399.316710
17.582000,0.307620,-0.071780,3.414550,287.115260,-323.807190,60737.347660,,3.515810,-399.314360
17.584000,-0.002560,-0.069210,4.511720,287.132810,-323.807040,60445.195310,1.000000,3.458130,-399.311980
17.586000,-0.206360,0.231990,4.901370,287.148350,-323.806820,60784.808590,,3.472230,-399.310520
17.588000,-0.092290,0.679320,5.116700,287.162540,-323.806610,60606.566410,,3.422240,-399.311070
17.590000,0.235840,1.077940,5.824220,287.176570,-323.806400,60979.925780,,3.373540,-399.313230
17.590000,0.235840,1.077940,5.824220,287.176570,-323.806400,60979.925780,,3.373540,-399.313230
17.592000,0.608830,1.192020,5.731930,287.191710,-323.806430,60616.054690,1.000000,3.345340,-399.315860
17.594000,0.848510,1.048460,4.911620,287.208530,-323.806580,61075.902340,,3.369690,-399.317750
17.596000,0.816470,0.762630,4.562990,287.226720,-323.806700,61045.316410,,3.368410,-399.317990
17.598000,0.531920,0.456300,3.599120,287.245480,-323.806880,61055.859380,,3.433780,-399.316530
17.598000,0.531920,0.456300,3.599120,287.245480,-323.806880,61055.859380,,3.433780,-399.316530
17.600000,0.211490,0.297360,3.209470,287.263850,-323.807070,60753.167970,1.000000,3.483760,-399.314300
17.602000,-0.047420,0.340940,4.727050,287.281070,-323.807040,60683.558590,,3.490170,-399.312260
17.604000,-0.133300,0.647280,5.701170,287.296720,-323.806850,60799.574220,,3.470950,-399.311460
17.606000,0.075620,1.067690,6.162600,287.311250,-323.806370,60517.968750,,3.386350,-399.312650
17.608000,0.451170,1.367610,6.706050,287.326050,-323.806030,60733.128910,1.000000,3.350460,-399.315030
17.610000,0.780580,1.290710,6.747070,287.342560,-323.806210,60193.128910,,3.359440,-399.317350
17.612000,0.952330,0.960020,6.080570,287.360840,-323.806430,60562.265630,,3.355590,-399.318630
17.614000,0.833130,0.508850,5.865230,287.380310,-323.806490,60196.296880,,3.354310,-399.318150
17.616000,0.562680,0.146120,4.614260,287.399900,-323.806950,60455.746090,1.000000,3.474790,-399.316310
17.618000,0.237120,-0.015380,3.783690,287.418640,-323.807190,60638.207030,,3.514530,-399.313900
17.620000,-0.065370,0.047420,4.573240,287.435730,-323.806950,60764.769530,,3.468380,-399.311610
17.622000,-0.214050,0.406310,5.321780,287.450900,-323.806760,60577.031250,,3.474790,-399.310490
17.624000,-0.042300,0.863890,5.485840,287.464940,-323.806490,60493.714840,1.000000,3.417110,-399.311430
17.626000,0.315310,1.209960,5.649900,287.479030,-323.806340,60762.656250,,3.360720,-399.313810
17.628000,0.674190,1.262510,5.731930,287.494510,-323.806370,60615.003910,,3.355590,-399.316350
17.630000,0.869020,1.063840,4.819340,287.511690,-323.806550,61319.535160,,3.364560,-399.317990
17.630000,0.869020,1.063840,4.819340,287.511690,-323.806550,61319.535160,,3.364560,-399.317990
17.632000,0.772890,0.716490,4.101560,287.530210,-323.806730,60750.003910,1.000000,3.378660,-399.317810
17.634000,0.469120,0.408870,3.342770,287.549160,-323.806980,62112.656250,,3.453000,-399.316100
17.636000,0.152530,0.267880,3.291500,287.567540,-323.807100,60948.281250,,3.488890,-399.313810
17.638000,-0.089720,0.335820,4.798830,287.584660,-323.807040,60927.187500,,3.494020,-399.311920
17.640000,-0.112790,0.666500,5.916500,287.600130,-323.806760,60483.167970,1.000000,3.456850,-399.311490
17.642000,0.148680,1.076660,6.336910,287.614650,-323.806240,60625.550780,,3.363280,-399.313050
17.644000,0.525510,1.309940,6.449710,287.629730,-323.806060,60737.347660,,3.340210,-399.315460
17.646000,0.833130,1.170230,6.736820,287.646610,-323.806270,60622.386720,,3.358150,-399.317690
17.648000,0.949770,0.840820,6.183110,287.665040,-323.806430,60734.183590,1.000000,3.341490,-399.318630
17.650000,0.780580,0.387080,5.188480,287.684540,-323.806580,60390.355470,,3.364560,-399.317810
17.652000,0.501160,0.078190,4.429690,287.703920,-323.807040,60606.566410,,3.496580,-399.315800
17.654000,0.167910,-0.043580,3.814450,287.722320,-323.807160,60295.429690,,3.495300,-399.313350
17.654000,0.167910,-0.043580,3.814450,287.722320,-323.807160,60295.429690,,3.495300,-399.313350
17.656000,-0.116640,0.067930,4.296390,287.739010,-323.806920,60538.007810,1.000000,3.470950,-399.311190
17.658000,-0.207640,0.451170,5.229490,287.753970,-323.806730,60566.488280,,3.464540,-399.310460
17.660000,0.016660,0.885680,5.598630,287.768040,-323.806490,60629.769530,,3.390200,-399.311800
17.662000,0.396060,1.166380,5.373050,287.782500,-323.806340,60551.722660,,3.351750,-399.314300
17.664000,0.725460,1.156130,5.465330,287.798460,-323.806460,60381.917970,1.000000,3.347900,-399.316710
17.666000,0.867740,0.919010,4.798830,287.816010,-323.806610,60850.199220,,3.359440,-399.318020
17.668000,0.707520,0.574220,3.711910,287.834690,-323.806790,60691.992190,,3.379940,-399.317470
17.670000,0.401180,0.316590,3.373540,287.853520,-323.807040,60895.550780,,3.463260,-399.315610
17.672000,0.097410,0.228150,3.916990,287.871610,-323.807100,60736.292970,1.000000,3.479920,-399.313350
17.672000,0.097410,0.228150,3.916990,287.871610,-323.807100,60736.292970,1.000000,3.479920,-399.313350
17.674000,-0.112790,0.366580,4.593750,287.888280,-323.807040,60953.558590,,3.479920,-399.311680
17.676000,-0.074340,0.753660,5.844730,287.903320,-323.806700,60887.113280,,3.435060,-399.311680
17.678000,0.226870,1.144590,6.603520,287.917790,-323.806180,60838.593750,,3.338930,-399.313510
17.680000,0.601140,1.308650,6.480470,287.933140,-323.806120,60762.656250,1.000000,3.347900,-399.315980
17.682000,0.877990,1.104860,6.818850,287.950320,-323.806370,60779.535160,,3.345340,-399.317960
17.684000,0.935670,0.744690,5.885740,287.968990,-323.806490,61029.496090,,3.329960,-399.318540
17.686000,0.725460,0.306340,5.034670,287.988490,-323.806670,60607.621090,,3.382510,-399.317410
17.688000,0.438350,0.051270,4.101560,288.007660,-323.807160,60886.062500,1.000000,3.506840,-399.315280
17.690000,0.106380,-0.017940,4.152830,288.025630,-323.807130,59105.746090,,3.473510,-399.312810
17.692000,-0.160220,0.199950,4.737300,288.041690,-323.806880,60580.199220,,3.468380,-399.310820
17.694000,-0.184570,0.635740,5.270510,288.056120,-323.806700,60420.941410,,3.442750,-399.310490
17.694000,-0.184570,0.635740,5.270510,288.056120,-323.806700,60420.941410,,3.442750,-399.310490
17.696000,0.084590,1.083070,5.742190,288.069920,-323.806490,60490.550780,1.000000,3.377380,-399.312190
17.698000,0.472960,1.313780,5.721680,288.084500,-323.806370,60603.402340,,3.346620,-399.314790
17.700000,0.780580,1.239440,5.424320,288.100740,-323.806520,60760.550780,,3.346620,-399.317140
17.702000,0.870300,0.966430,4.932130,288.118650,-323.806670,60693.046880,,3.362000,-399.318120
17.704000,0.652400,0.598570,3.578610,288.137570,-323.806850,60535.902340,1.000000,3.387630,-399.317170
17.706000,0.338380,0.337100,3.219730,288.156560,-323.807070,61001.015630,,3.468380,-399.315120
17.708000,0.047420,0.261470,4.245120,288.174620,-323.807100,60644.535160,,3.477360,-399.312900
17.710000,-0.137150,0.443480,4.901370,288.191190,-323.806980,60872.347660,,3.476070,-399.311460
17.712000,-0.037170,0.845950,5.896000,288.206210,-323.806610,60606.566410,1.000000,3.408140,-399.311890
17.714000,0.298650,1.227910,6.172850,288.220790,-323.806150,60584.417970,,3.342770,-399.313960
17.716000,0.666500,1.313780,6.572750,288.236540,-323.806180,60826.996090,,3.345340,-399.316470
17.718000,0.922850,1.060000,6.326660,288.254210,-323.806430,60885.003910,,3.345340,-399.318300
17.718000,0.922850,1.060000,6.326660,288.254210,-323.806430,60885.003910,,3.345340,-399.318300
17.720000,0.922850,0.651120,6.152340,288.273220,-323.806490,60944.070310,1.000000,3.332520,-399.318540
17.722000,0.678040,0.220460,4.952640,288.292880,-323.806760,60915.589840,,3.414550,-399.317140
17.724000,0.372990,-0.003850,3.845210,288.312010,-323.807190,60986.250000,,3.511960,-399.314850
17.726000,0.046140,-0.037170,4.286130,288.329710,-323.807040,60684.609380,,3.464540,-399.312350
17.728000,-0.197390,0.223020,4.870610,288.345550,-323.806850,60841.761720,1.000000,3.472230,-399.310640
17.730000,-0.146120,0.652400,5.003910,288.359860,-323.806640,60323.910160,,3.426090,-399.310760
17.732000,0.165340,1.071530,5.701170,288.373810,-323.806430,60482.113280,,3.381230,-399.312710
17.734000,0.547300,1.230470,5.967770,288.388730,-323.806370,59293.476560,,3.332520,-399.315370
17.736000,0.822880,1.113830,5.096190,288.405300,-323.806550,60476.839840,1.000000,3.363280,-399.317500
17.736000,0.822880,1.113830,5.096190,288.405300,-323.806550,60476.839840,1.000000,3.363280,-399.317500
17.738000,0.842100,0.834410,4.850100,288.423340,-323.806670,60726.800780,,3.360720,-399.318080
17.740000,0.584470,0.508850,3.916990,288.442140,-323.806880,60800.625000,,3.414550,-399.316830
17.742000,0.266600,0.312740,3.178710,288.460720,-323.807070,60710.980470,,3.481200,-399.314670
17.744000,-0.002560,0.320430,4.501460,288.478210,-323.807100,60679.339840,1.000000,3.487610,-399.312560
17.746000,-0.140990,0.587040,5.383300,288.494110,-323.806880,60864.964840,,3.477360,-399.311460
17.748000,0.016660,1.010010,5.916500,288.508760,-323.806460,60601.292970,,3.397890,-399.312320
17.750000,0.376830,1.336850,6.521480,288.523410,-323.806060,60933.519530,,3.346620,-399.314540
17.750000,0.376830,1.336850,6.521480,288.523410,-323.806060,60933.519530,,3.346620,-399.314540
17.752000,0.722900,1.318910,6.613770,288.539520,-323.806210,60540.121090,1.000000,3.355590,-399.316960
17.754000,0.934390,1.034360,5.978030,288.557460,-323.806400,61011.566410,,3.353030,-399.318510
17.756000,0.866460,0.602420,5.701170,288.576660,-323.806490,60857.582030,,3.344060,-399.318360
17.758000,0.610110,0.198670,4.757810,288.596310,-323.806850,61104.378910,,3.447880,-399.316710
17.760000,0.297360,0.002560,3.732420,288.615200,-323.807190,60900.824220,1.000000,3.510680,-399.314360
17.762000,-0.012820,0.015380,4.347660,288.632600,-323.806980,60666.679690,,3.470950,-399.312010
17.764000,-0.207640,0.326840,5.188480,288.648070,-323.806790,60682.503910,,3.470950,-399.310610
17.766000,-0.085880,0.765200,5.239750,288.662290,-323.806550,60539.062500,,3.428650,-399.311190
17.768000,0.249940,1.125370,5.752440,288.676450,-323.806340,60762.656250,1.000000,3.373540,-399.313390
17.770000,0.621640,1.200990,5.916500,288.691830,-323.806370,60367.152340,,3.349180,-399.316010
17.772000,0.851070,1.031800,5.014160,288.708890,-323.806520,60596.015630,,3.373540,-399.317810
17.774000,0.801090,0.693420,4.419430,288.727390,-323.806670,60731.019530,,3.368410,-399.317990
17.776000,0.517820,0.367860,3.752930,288.746400,-323.806950,60646.640630,1.000000,3.446590,-399.316470
17.778000,0.199950,0.196110,3.373540,288.764980,-323.807100,60643.484380,,3.488890,-399.314240
17.780000,-0.055110,0.237120,4.624510,288.782320,-323.807040,60684.609380,,3.500430,-399.312230
17.782000,-0.133300,0.542180,5.690920,288.797970,-323.806820,60521.136720,,3.469670,-399.311490
17.782000,-0.133300,0.542180,5.690920,288.797970,-323.806820,60521.136720,,3.469670,-399.311490
17.784000,0.085880,0.976680,6.152340,288.812470,-323.806340,60369.257810,1.000000,3.383790,-399.312740
17.786000,0.458860,1.263790,6.429200,288.827240,-323.806060,60709.925780,,3.349180,-399.315090
17.788000,0.785710,1.186890,6.511230,288.843720,-323.806240,60515.859380,,3.363280,-399.317410
17.790000,0.953610,0.892090,6.193360,288.861850,-323.806400,61971.332030,,3.351750,-399.318660
17.790000,0.953610,0.892090,6.193360,288.861850,-323.806400,61971.332030,,3.351750,-399.318660
17.792000,0.828000,0.458860,5.250000,288.881130,-323.806520,60685.664060,1.000000,3.354310,-399.318120
17.794000,0.554990,0.114070,4.337400,288.900510,-323.806950,60881.835940,,3.482480,-399.316280
17.796000,0.224300,-0.025630,3.752930,288.919040,-323.807160,60982.035160,,3.502990,-399.313810
17.798000,-0.079470,0.056400,4.316890,288.935880,-323.806920,60887.113280,,3.476070,-399.311490
17.800000,-0.219180,0.429380,5.178220,288.950930,-323.806760,60869.179690,1.000000,3.469670,-399.310460
17.802000,-0.037170,0.890810,5.526860,288.964900,-323.806490,60609.730470,,3.414550,-399.311460
17.804000,0.324280,1.233030,5.506350,288.979060,-323.806370,60801.679690,,3.360720,-399.313840
17.806000,0.683170,1.270200,5.701170,288.994660,-323.806430,60608.671880,,3.362000,-399.316440
17.808000,0.871580,1.053590,5.096190,289.011960,-323.806580,60850.199220,1.000000,3.362000,-399.317990
17.810000,0.757510,0.678040,3.906740,289.030460,-323.806730,60273.281250,,3.377380,-399.317750
17.812000,0.452450,0.335820,3.517090,289.049160,-323.806980,60594.964840,,3.456850,-399.316010
17.814000,0.138430,0.146120,3.988770,289.066930,-323.807100,60410.394530,,3.486330,-399.313750
17.814000,0.138430,0.146120,3.988770,289.066930,-323.807100,60410.394530,,3.486330,-399.313750
17.816000,-0.094850,0.155090,4.634770,289.082890,-323.807040,60542.230470,1.000000,3.490170,-399.311890
17.818000,-0.111510,0.401180,5.731930,289.096590,-323.806760,60494.769530,,3.454280,-399.311550
17.820000,0.160220,0.690860,6.634280,289.108580,-323.806240,60531.679690,,3.364560,-399.313110
17.822000,0.537050,0.790830,6.480470,289.120090,-323.806120,60522.191410,,3.354310,-399.315580
17.822000,0.537050,0.790830,6.480470,289.120090,-323.806120,60522.191410,,3.354310,-399.315580
17.824000,0.836980,0.537050,6.521480,289.132140,-323.806340,60417.777340,1.000000,3.362000,-399.317720
17.826000,0.943360,0.111510,6.254880,289.144350,-323.806490,60722.578130,,3.341490,-399.318630
17.828000,0.762630,-0.439640,5.044920,289.156040,-323.806610,60794.300780,,3.377380,-399.317720
17.830000,0.478090,-0.835690,3.978520,289.165890,-323.807040,60958.832030,,3.496580,-399.315670
17.832000,0.147400,-0.958740,3.527340,289.172940,-323.807130,60736.292970,1.000000,3.492740,-399.313200
17.834000,-0.120480,-0.763920,3.517090,289.176730,-323.806880,61146.566410,,3.474790,-399.311160
17.836000,-0.185850,-0.362730,4.060550,289.177640,-323.806730,60998.910160,,3.470950,-399.310580
17.838000,0.028200,0.020510,4.491210,289.176940,-323.806520,61027.386720,,3.415830,-399.311920
17.840000,0.340940,0.196110,4.060550,289.176270,-323.806460,60686.722660,1.000000,3.386350,-399.314120
17.842000,0.557560,0.173030,3.927250,289.176330,-323.806550,60853.363280,,3.385070,-399.316040
17.844000,0.589600,0.088440,3.886230,289.176820,-323.806670,61124.414060,,3.378660,-399.316800
17.846000,0.412720,0.042300,2.583980,289.177400,-323.806790,60596.015630,,3.392760,-399.316160
17.846000,0.412720,0.042300,2.583980,289.177400,-323.806790,60596.015630,,3.392760,-399.316160
17.848000,0.194820,0.030760,2.522460,289.177950,-323.806950,60669.843750,1.000000,3.437620,-399.314790
17.850000,0.038450,0.049990,3.353030,289.178160,-323.806950,60096.097660,,3.455570,-399.313510
17.852000,-0.033330,0.138430,3.096680,289.177800,-323.806880,60685.664060,,3.458130,-399.312870
17.854000,0.024350,0.279420,3.322270,289.177060,-323.806670,60556.996090,,3.447880,-399.313350
17.854000,0.024350,0.279420,3.322270,289.177060,-323.806670,60556.996090,,3.447880,-399.313350
17.856000,0.183290,0.399900,3.629880,289.176330,-323.806520,60841.761720,1.000000,3.418400,-399.314640
17.858000,0.307620,0.408870,3.137700,289.176270,-323.806550,60646.640630,,3.423520,-399.315890
17.860000,0.352480,0.329410,3.271000,289.176940,-323.806700,61060.078130,,3.388920,-399.316620
17.862000,0.307620,0.255070,3.660640,289.177890,-323.806730,60716.257810,,3.379940,-399.316590
17.864000,0.206360,0.151250,2.983890,289.178990,-323.806760,60947.226560,1.000000,3.387630,-399.315980
17.866000,0.123050,0.070500,2.563480,289.179990,-323.806880,60935.625000,,3.420960,-399.315220
17.868000,0.058960,0.060240,2.676270,289.180480,-323.806790,60887.113280,,3.423520,-399.314640
17.870000,0.038450,0.185850,2.450680,289.180110,-323.806700,60599.183590,,3.431210,-399.314480
17.872000,0.062810,0.299930,2.245610,289.179530,-323.806640,60885.003910,0.000000,3.441470,-399.314790
